dimension_id,dimension_name,option_id,display_text,bt_score
1,Emotional Depth,1453,"Beautician and the Beast, The (1997)",-0.201444
1,Emotional Depth,71282,"Food, Inc. (2008)",-0.44337
1,Emotional Depth,1976,Friday the 13th Part 3: 3D (1982),-0.475179
1,Emotional Depth,3062,"Longest Day, The (1962)",-0.224286
1,Emotional Depth,73929,Legion (2010),-0.177832
1,Emotional Depth,354,Cobb (1994),0.347182
1,Emotional Depth,801,Harriet the Spy (1996),-0.319421
1,Emotional Depth,286897,Spider-Man: Across the Spider-Verse (2023),-0.144567
1,Emotional Depth,8014,"Spring, Summer, Fall, Winter... and Spring (Bom yeoreum gaeul gyeoul geurigo bom) (2003)",0.739709
1,Emotional Depth,1429,First Strike (Police Story 4: First Strike) (Ging chaat goo si 4: Ji gaan daan yam mo) (1996),-0.454873
1,Emotional Depth,169906,The Night Of (2016),0.487893
1,Emotional Depth,1019,"20,000 Leagues Under the Sea (1954)",-0.060502
1,Emotional Depth,5,Father of the Bride Part II (1995),-0.116595
1,Emotional Depth,60487,"It's the Great Pumpkin, Charlie Brown (1966)",-0.337332
1,Emotional Depth,192803,Bohemian Rhapsody (2018),0.2522
1,Emotional Depth,971,Cat on a Hot Tin Roof (1958),0.864612
1,Emotional Depth,244178,The Northman,0.31123
1,Emotional Depth,1378,Young Guns (1988),-0.341198
1,Emotional Depth,104283,"Wind Rises, The (Kaze tachinu) (2013)",0.997639
1,Emotional Depth,57532,Meet the Spartans (2008),-0.500321
1,Emotional Depth,2026,Disturbing Behavior (1998),-0.325793
1,Emotional Depth,1015,Homeward Bound: The Incredible Journey (1993),-0.094994
1,Emotional Depth,3877,Supergirl (1984),-0.448258
1,Emotional Depth,7137,"Cooler, The (2003)",0.164764
1,Emotional Depth,2261,One Crazy Summer (1986),-0.457888
1,Emotional Depth,32460,Knockin' on Heaven's Door (1997),0.525451
1,Emotional Depth,8908,Ladder 49 (2004),0.348258
1,Emotional Depth,3145,Cradle Will Rock (1999),0.19593
1,Emotional Depth,2686,"Red Violin, The (Violon rouge, Le) (1998)",0.603239
1,Emotional Depth,2739,"Color Purple, The (1985)",1.0
1,Emotional Depth,8873,"Motorcycle Diaries, The (Diarios de motocicleta) (2004)",0.67661
1,Emotional Depth,93272,Dr. Seuss' The Lorax (2012),-0.213458
1,Emotional Depth,2116,"Lord of the Rings, The (1978)",0.024592
1,Emotional Depth,57274,[REC] (2007),-0.386366
1,Emotional Depth,2787,Cat's Eye (1985),-0.383025
1,Emotional Depth,468,"Englishman Who Went Up a Hill But Came Down a Mountain, The (1995)",-0.269261
1,Emotional Depth,5876,"Quiet American, The (2002)",0.422708
1,Emotional Depth,1391,Mars Attacks! (1996),-0.46405
1,Emotional Depth,1949,"Man for All Seasons, A (1966)",0.727114
1,Emotional Depth,8860,Cellular (2004),-0.378794
1,Emotional Depth,8253,Lupin III: The Castle Of Cagliostro (Rupan sansei: Kariosutoro no shiro) (1979),-0.101417
1,Emotional Depth,37384,Waiting... (2005),-0.419045
1,Emotional Depth,253,Interview with the Vampire: The Vampire Chronicles (1994),0.626268
1,Emotional Depth,213,Burnt by the Sun (Utomlyonnye solntsem) (1994),0.850804
1,Emotional Depth,3022,"General, The (1926)",-0.44617
1,Emotional Depth,58293,"10,000 BC (2008)",-0.402689
1,Emotional Depth,3439,Teenage Mutant Ninja Turtles II: The Secret of the Ooze (1991),-0.457255
1,Emotional Depth,8827,"Bill Cosby, Himself (1983)",-0.459086
1,Emotional Depth,8169,*batteries not included (1987),-0.201289
1,Emotional Depth,2,Jumanji (1995),-0.38785
1,Emotional Depth,1059,William Shakespeare's Romeo + Juliet (1996),0.584524
1,Emotional Depth,7381,"Whole Ten Yards, The (2004)",-0.454626
1,Emotional Depth,5941,Drumline (2002),-0.033266
1,Emotional Depth,2334,"Siege, The (1998)",-0.389192
1,Emotional Depth,3204,"Boys from Brazil, The (1978)",-0.096971
1,Emotional Depth,2546,"Deep End of the Ocean, The (1999)",0.852818
1,Emotional Depth,433,Clean Slate (1994),-0.287597
1,Emotional Depth,1372,Star Trek VI: The Undiscovered Country (1991),-0.160578
1,Emotional Depth,1680,Sliding Doors (1998),0.145647
1,Emotional Depth,1132,Manon of the Spring (Manon des sources) (1986),0.667944
1,Emotional Depth,3100,"River Runs Through It, A (1992)",0.837093
1,Emotional Depth,725,"Great White Hype, The (1996)",-0.284707
1,Emotional Depth,66934,Dr. Horrible's Sing-Along Blog (2008),0.476556
1,Emotional Depth,100498,"Good Day to Die Hard, A (2013)",-0.330517
1,Emotional Depth,3812,Everything You Always Wanted to Know About Sex * But Were Afraid to Ask (1972),-0.454212
1,Emotional Depth,2504,200 Cigarettes (1999),0.079963
1,Emotional Depth,2212,"Man Who Knew Too Much, The (1934)",-0.160551
1,Emotional Depth,80590,Wall Street: Money Never Sleeps (2010),0.426417
1,Emotional Depth,2771,Brokedown Palace (1999),0.306481
1,Emotional Depth,2376,"View to a Kill, A (1985)",-0.456751
1,Emotional Depth,1005,D3: The Mighty Ducks (1996),-0.280906
1,Emotional Depth,111759,Edge of Tomorrow (2014),-0.318046
1,Emotional Depth,161922,The Edge of Seventeen (2016),0.458969
1,Emotional Depth,3754,"Adventures of Rocky and Bullwinkle, The (2000)",-0.457667
1,Emotional Depth,86142,13 Assassins (Jûsan-nin no shikaku) (2010),-0.062407
1,Emotional Depth,114847,Autómata (Automata) (2014),-0.278893
1,Emotional Depth,973,Meet John Doe (1941),0.444141
1,Emotional Depth,6958,"Haunted Mansion, The (2003)",-0.384747
1,Emotional Depth,2381,Police Academy 4: Citizens on Patrol (1987),-0.468429
1,Emotional Depth,232,Eat Drink Man Woman (Yin shi nan nu) (1994),0.754848
1,Emotional Depth,328,Tales from the Crypt Presents: Demon Knight (1995),-0.444676
1,Emotional Depth,1913,Picnic at Hanging Rock (1975),0.196446
1,Emotional Depth,202429,Once Upon a Time in Hollywood (2019),0.262881
1,Emotional Depth,6534,Hulk (2003),0.033202
1,Emotional Depth,2639,Mommie Dearest (1981),0.95387
1,Emotional Depth,72294,"Christmas Carol, A (2009)",0.213067
1,Emotional Depth,7842,Dune (2000),0.119734
1,Emotional Depth,47640,Beerfest (2006),-0.432437
1,Emotional Depth,1998,Exorcist II: The Heretic (1977),-0.052141
1,Emotional Depth,4681,"War of the Roses, The (1989)",0.052717
1,Emotional Depth,2375,"Money Pit, The (1986)",-0.450714
1,Emotional Depth,32587,Sin City (2005),-0.39413
1,Emotional Depth,5833,Dog Soldiers (2002),-0.434806
1,Emotional Depth,51091,Black Snake Moan (2006),0.559452
1,Emotional Depth,26242,Duel (1971),-0.44526
1,Emotional Depth,192379,First Man (2018),0.459539
1,Emotional Depth,4254,Crocodile Dundee in Los Angeles (2001),-0.370287
1,Emotional Depth,6299,"Winged Migration (Peuple migrateur, Le) (2001)",-0.48815
1,Emotional Depth,371,"Paper, The (1994)",0.183044
1,Emotional Depth,258,"Kid in King Arthur's Court, A (1995)",-0.269281
2,Action Intensity,1453,"Beautician and the Beast, The (1997)",-0.26109
2,Action Intensity,71282,"Food, Inc. (2008)",-0.272151
2,Action Intensity,1976,Friday the 13th Part 3: 3D (1982),0.380773
2,Action Intensity,3062,"Longest Day, The (1962)",0.626032
2,Action Intensity,73929,Legion (2010),0.542901
2,Action Intensity,354,Cobb (1994),-0.261063
2,Action Intensity,801,Harriet the Spy (1996),-0.259237
2,Action Intensity,286897,Spider-Man: Across the Spider-Verse (2023),0.809703
2,Action Intensity,8014,"Spring, Summer, Fall, Winter... and Spring (Bom yeoreum gaeul gyeoul geurigo bom) (2003)",-0.275286
2,Action Intensity,1429,First Strike (Police Story 4: First Strike) (Ging chaat goo si 4: Ji gaan daan yam mo) (1996),0.896726
2,Action Intensity,169906,The Night Of (2016),-0.233972
2,Action Intensity,1019,"20,000 Leagues Under the Sea (1954)",0.023713
2,Action Intensity,5,Father of the Bride Part II (1995),-0.260949
2,Action Intensity,60487,"It's the Great Pumpkin, Charlie Brown (1966)",-0.261272
2,Action Intensity,192803,Bohemian Rhapsody (2018),-0.250563
2,Action Intensity,971,Cat on a Hot Tin Roof (1958),-0.25824
2,Action Intensity,244178,The Northman,0.297183
2,Action Intensity,1378,Young Guns (1988),0.647934
2,Action Intensity,104283,"Wind Rises, The (Kaze tachinu) (2013)",-0.260642
2,Action Intensity,57532,Meet the Spartans (2008),0.010475
2,Action Intensity,2026,Disturbing Behavior (1998),-0.107867
2,Action Intensity,1015,Homeward Bound: The Incredible Journey (1993),-0.186699
2,Action Intensity,3877,Supergirl (1984),0.479809
2,Action Intensity,7137,"Cooler, The (2003)",-0.265469
2,Action Intensity,2261,One Crazy Summer (1986),-0.078273
2,Action Intensity,32460,Knockin' on Heaven's Door (1997),-0.216674
2,Action Intensity,8908,Ladder 49 (2004),0.208208
2,Action Intensity,3145,Cradle Will Rock (1999),-0.264147
2,Action Intensity,2686,"Red Violin, The (Violon rouge, Le) (1998)",-0.270307
2,Action Intensity,2739,"Color Purple, The (1985)",-0.265438
2,Action Intensity,8873,"Motorcycle Diaries, The (Diarios de motocicleta) (2004)",-0.228457
2,Action Intensity,93272,Dr. Seuss' The Lorax (2012),-0.244039
2,Action Intensity,2116,"Lord of the Rings, The (1978)",0.084136
2,Action Intensity,57274,[REC] (2007),0.084516
2,Action Intensity,2787,Cat's Eye (1985),-0.204942
2,Action Intensity,468,"Englishman Who Went Up a Hill But Came Down a Mountain, The (1995)",-0.26453
2,Action Intensity,5876,"Quiet American, The (2002)",-0.229269
2,Action Intensity,1391,Mars Attacks! (1996),0.600992
2,Action Intensity,1949,"Man for All Seasons, A (1966)",-0.270103
2,Action Intensity,8860,Cellular (2004),0.201001
2,Action Intensity,8253,Lupin III: The Castle Of Cagliostro (Rupan sansei: Kariosutoro no shiro) (1979),0.407431
2,Action Intensity,37384,Waiting... (2005),-0.266413
2,Action Intensity,253,Interview with the Vampire: The Vampire Chronicles (1994),-0.252947
2,Action Intensity,213,Burnt by the Sun (Utomlyonnye solntsem) (1994),-0.253801
2,Action Intensity,3022,"General, The (1926)",0.29532
2,Action Intensity,58293,"10,000 BC (2008)",0.438649
2,Action Intensity,3439,Teenage Mutant Ninja Turtles II: The Secret of the Ooze (1991),0.49577
2,Action Intensity,8827,"Bill Cosby, Himself (1983)",-0.26427
2,Action Intensity,8169,*batteries not included (1987),-0.253484
2,Action Intensity,2,Jumanji (1995),0.356682
2,Action Intensity,1059,William Shakespeare's Romeo + Juliet (1996),-0.160075
2,Action Intensity,7381,"Whole Ten Yards, The (2004)",0.257384
2,Action Intensity,5941,Drumline (2002),-0.178323
2,Action Intensity,2334,"Siege, The (1998)",0.476747
2,Action Intensity,3204,"Boys from Brazil, The (1978)",0.143071
2,Action Intensity,2546,"Deep End of the Ocean, The (1999)",-0.262147
2,Action Intensity,433,Clean Slate (1994),-0.181683
2,Action Intensity,1372,Star Trek VI: The Undiscovered Country (1991),0.015585
2,Action Intensity,1680,Sliding Doors (1998),-0.264019
2,Action Intensity,1132,Manon of the Spring (Manon des sources) (1986),-0.258474
2,Action Intensity,3100,"River Runs Through It, A (1992)",-0.266481
2,Action Intensity,725,"Great White Hype, The (1996)",-0.125779
2,Action Intensity,66934,Dr. Horrible's Sing-Along Blog (2008),-0.202306
2,Action Intensity,100498,"Good Day to Die Hard, A (2013)",1.0
2,Action Intensity,3812,Everything You Always Wanted to Know About Sex * But Were Afraid to Ask (1972),-0.260619
2,Action Intensity,2504,200 Cigarettes (1999),-0.255506
2,Action Intensity,2212,"Man Who Knew Too Much, The (1934)",-0.017673
2,Action Intensity,80590,Wall Street: Money Never Sleeps (2010),-0.255735
2,Action Intensity,2771,Brokedown Palace (1999),-0.25805
2,Action Intensity,2376,"View to a Kill, A (1985)",0.621478
2,Action Intensity,1005,D3: The Mighty Ducks (1996),-0.113549
2,Action Intensity,111759,Edge of Tomorrow (2014),0.774253
2,Action Intensity,161922,The Edge of Seventeen (2016),-0.261903
2,Action Intensity,3754,"Adventures of Rocky and Bullwinkle, The (2000)",0.059771
2,Action Intensity,86142,13 Assassins (Jûsan-nin no shikaku) (2010),0.603111
2,Action Intensity,114847,Autómata (Automata) (2014),-0.077832
2,Action Intensity,973,Meet John Doe (1941),-0.261321
2,Action Intensity,6958,"Haunted Mansion, The (2003)",-0.095725
2,Action Intensity,2381,Police Academy 4: Citizens on Patrol (1987),0.09992
2,Action Intensity,232,Eat Drink Man Woman (Yin shi nan nu) (1994),-0.266838
2,Action Intensity,328,Tales from the Crypt Presents: Demon Knight (1995),0.173154
2,Action Intensity,1913,Picnic at Hanging Rock (1975),-0.264005
2,Action Intensity,202429,Once Upon a Time in Hollywood (2019),-0.241805
2,Action Intensity,6534,Hulk (2003),0.254051
2,Action Intensity,2639,Mommie Dearest (1981),-0.261585
2,Action Intensity,72294,"Christmas Carol, A (2009)",-0.260717
2,Action Intensity,7842,Dune (2000),0.009157
2,Action Intensity,47640,Beerfest (2006),-0.171447
2,Action Intensity,1998,Exorcist II: The Heretic (1977),-0.207541
2,Action Intensity,4681,"War of the Roses, The (1989)",-0.184016
2,Action Intensity,2375,"Money Pit, The (1986)",-0.213189
2,Action Intensity,32587,Sin City (2005),0.734331
2,Action Intensity,5833,Dog Soldiers (2002),0.837345
2,Action Intensity,51091,Black Snake Moan (2006),-0.24782
2,Action Intensity,26242,Duel (1971),0.350149
2,Action Intensity,192379,First Man (2018),-0.172026
2,Action Intensity,4254,Crocodile Dundee in Los Angeles (2001),-0.186789
2,Action Intensity,6299,"Winged Migration (Peuple migrateur, Le) (2001)",-0.269862
2,Action Intensity,371,"Paper, The (1994)",-0.261588
2,Action Intensity,258,"Kid in King Arthur's Court, A (1995)",-0.089439
3,Humor Intensity,1453,"Beautician and the Beast, The (1997)",0.471308
3,Humor Intensity,71282,"Food, Inc. (2008)",-0.293228
3,Humor Intensity,1976,Friday the 13th Part 3: 3D (1982),-0.287209
3,Humor Intensity,3062,"Longest Day, The (1962)",-0.286905
3,Humor Intensity,73929,Legion (2010),-0.287618
3,Humor Intensity,354,Cobb (1994),-0.292203
3,Humor Intensity,801,Harriet the Spy (1996),0.253602
3,Humor Intensity,286897,Spider-Man: Across the Spider-Verse (2023),0.092954
3,Humor Intensity,8014,"Spring, Summer, Fall, Winter... and Spring (Bom yeoreum gaeul gyeoul geurigo bom) (2003)",-0.288384
3,Humor Intensity,1429,First Strike (Police Story 4: First Strike) (Ging chaat goo si 4: Ji gaan daan yam mo) (1996),0.220244
3,Humor Intensity,169906,The Night Of (2016),-0.287766
3,Humor Intensity,1019,"20,000 Leagues Under the Sea (1954)",-0.287245
3,Humor Intensity,5,Father of the Bride Part II (1995),0.590475
3,Humor Intensity,60487,"It's the Great Pumpkin, Charlie Brown (1966)",0.37563
3,Humor Intensity,192803,Bohemian Rhapsody (2018),-0.282916
3,Humor Intensity,971,Cat on a Hot Tin Roof (1958),-0.287369
3,Humor Intensity,244178,The Northman,-0.293363
3,Humor Intensity,1378,Young Guns (1988),0.050179
3,Humor Intensity,104283,"Wind Rises, The (Kaze tachinu) (2013)",-0.287299
3,Humor Intensity,57532,Meet the Spartans (2008),1.0
3,Humor Intensity,2026,Disturbing Behavior (1998),-0.286826
3,Humor Intensity,1015,Homeward Bound: The Incredible Journey (1993),-0.116448
3,Humor Intensity,3877,Supergirl (1984),-0.155012
3,Humor Intensity,7137,"Cooler, The (2003)",0.033376
3,Humor Intensity,2261,One Crazy Summer (1986),0.863658
3,Humor Intensity,32460,Knockin' on Heaven's Door (1997),0.171177
3,Humor Intensity,8908,Ladder 49 (2004),-0.287743
3,Humor Intensity,3145,Cradle Will Rock (1999),-0.288464
3,Humor Intensity,2686,"Red Violin, The (Violon rouge, Le) (1998)",-0.287299
3,Humor Intensity,2739,"Color Purple, The (1985)",-0.289686
3,Humor Intensity,8873,"Motorcycle Diaries, The (Diarios de motocicleta) (2004)",-0.286906
3,Humor Intensity,93272,Dr. Seuss' The Lorax (2012),0.210033
3,Humor Intensity,2116,"Lord of the Rings, The (1978)",-0.281319
3,Humor Intensity,57274,[REC] (2007),-0.29005
3,Humor Intensity,2787,Cat's Eye (1985),-0.286917
3,Humor Intensity,468,"Englishman Who Went Up a Hill But Came Down a Mountain, The (1995)",0.115672
3,Humor Intensity,5876,"Quiet American, The (2002)",-0.28927
3,Humor Intensity,1391,Mars Attacks! (1996),0.571632
3,Humor Intensity,1949,"Man for All Seasons, A (1966)",-0.291316
3,Humor Intensity,8860,Cellular (2004),-0.286563
3,Humor Intensity,8253,Lupin III: The Castle Of Cagliostro (Rupan sansei: Kariosutoro no shiro) (1979),0.218468
3,Humor Intensity,37384,Waiting... (2005),0.635599
3,Humor Intensity,253,Interview with the Vampire: The Vampire Chronicles (1994),-0.288472
3,Humor Intensity,213,Burnt by the Sun (Utomlyonnye solntsem) (1994),-0.287439
3,Humor Intensity,3022,"General, The (1926)",0.576439
3,Humor Intensity,58293,"10,000 BC (2008)",-0.287301
3,Humor Intensity,3439,Teenage Mutant Ninja Turtles II: The Secret of the Ooze (1991),0.046116
3,Humor Intensity,8827,"Bill Cosby, Himself (1983)",0.749731
3,Humor Intensity,8169,*batteries not included (1987),0.301992
3,Humor Intensity,2,Jumanji (1995),0.257196
3,Humor Intensity,1059,William Shakespeare's Romeo + Juliet (1996),-0.285917
3,Humor Intensity,7381,"Whole Ten Yards, The (2004)",0.680556
3,Humor Intensity,5941,Drumline (2002),0.193137
3,Humor Intensity,2334,"Siege, The (1998)",-0.291129
3,Humor Intensity,3204,"Boys from Brazil, The (1978)",-0.287842
3,Humor Intensity,2546,"Deep End of the Ocean, The (1999)",-0.288972
3,Humor Intensity,433,Clean Slate (1994),0.429499
3,Humor Intensity,1372,Star Trek VI: The Undiscovered Country (1991),-0.279326
3,Humor Intensity,1680,Sliding Doors (1998),-0.277522
3,Humor Intensity,1132,Manon of the Spring (Manon des sources) (1986),-0.287158
3,Humor Intensity,3100,"River Runs Through It, A (1992)",-0.288786
3,Humor Intensity,725,"Great White Hype, The (1996)",0.619744
3,Humor Intensity,66934,Dr. Horrible's Sing-Along Blog (2008),0.524303
3,Humor Intensity,100498,"Good Day to Die Hard, A (2013)",-0.214805
3,Humor Intensity,3812,Everything You Always Wanted to Know About Sex * But Were Afraid to Ask (1972),0.768132
3,Humor Intensity,2504,200 Cigarettes (1999),0.274683
3,Humor Intensity,2212,"Man Who Knew Too Much, The (1934)",-0.288734
3,Humor Intensity,80590,Wall Street: Money Never Sleeps (2010),-0.285473
3,Humor Intensity,2771,Brokedown Palace (1999),-0.287814
3,Humor Intensity,2376,"View to a Kill, A (1985)",-0.14634
3,Humor Intensity,1005,D3: The Mighty Ducks (1996),0.374693
3,Humor Intensity,111759,Edge of Tomorrow (2014),-0.254665
3,Humor Intensity,161922,The Edge of Seventeen (2016),0.362912
3,Humor Intensity,3754,"Adventures of Rocky and Bullwinkle, The (2000)",0.509892
3,Humor Intensity,86142,13 Assassins (Jûsan-nin no shikaku) (2010),-0.287044
3,Humor Intensity,114847,Autómata (Automata) (2014),-0.28946
3,Humor Intensity,973,Meet John Doe (1941),-0.049911
3,Humor Intensity,6958,"Haunted Mansion, The (2003)",0.112721
3,Humor Intensity,2381,Police Academy 4: Citizens on Patrol (1987),0.863697
3,Humor Intensity,232,Eat Drink Man Woman (Yin shi nan nu) (1994),-0.00789
3,Humor Intensity,328,Tales from the Crypt Presents: Demon Knight (1995),-0.28807
3,Humor Intensity,1913,Picnic at Hanging Rock (1975),-0.288193
3,Humor Intensity,202429,Once Upon a Time in Hollywood (2019),-0.030157
3,Humor Intensity,6534,Hulk (2003),-0.278571
3,Humor Intensity,2639,Mommie Dearest (1981),-0.290054
3,Humor Intensity,72294,"Christmas Carol, A (2009)",-0.030568
3,Humor Intensity,7842,Dune (2000),-0.293286
3,Humor Intensity,47640,Beerfest (2006),0.863784
3,Humor Intensity,1998,Exorcist II: The Heretic (1977),-0.291577
3,Humor Intensity,4681,"War of the Roses, The (1989)",0.408846
3,Humor Intensity,2375,"Money Pit, The (1986)",0.697896
3,Humor Intensity,32587,Sin City (2005),-0.286775
3,Humor Intensity,5833,Dog Soldiers (2002),-0.275492
3,Humor Intensity,51091,Black Snake Moan (2006),-0.273096
3,Humor Intensity,26242,Duel (1971),-0.287017
3,Humor Intensity,192379,First Man (2018),-0.290029
3,Humor Intensity,4254,Crocodile Dundee in Los Angeles (2001),0.359352
3,Humor Intensity,6299,"Winged Migration (Peuple migrateur, Le) (2001)",-0.28796
3,Humor Intensity,371,"Paper, The (1994)",-0.107372
3,Humor Intensity,258,"Kid in King Arthur's Court, A (1995)",0.196212
4,Historical Authenticity,1453,"Beautician and the Beast, The (1997)",-0.140516
4,Historical Authenticity,71282,"Food, Inc. (2008)",-0.140095
4,Historical Authenticity,1976,Friday the 13th Part 3: 3D (1982),-0.141156
4,Historical Authenticity,3062,"Longest Day, The (1962)",0.758861
4,Historical Authenticity,73929,Legion (2010),-0.138385
4,Historical Authenticity,354,Cobb (1994),0.330781
4,Historical Authenticity,801,Harriet the Spy (1996),-0.140727
4,Historical Authenticity,286897,Spider-Man: Across the Spider-Verse (2023),-0.144471
4,Historical Authenticity,8014,"Spring, Summer, Fall, Winter... and Spring (Bom yeoreum gaeul gyeoul geurigo bom) (2003)",-0.1374
4,Historical Authenticity,1429,First Strike (Police Story 4: First Strike) (Ging chaat goo si 4: Ji gaan daan yam mo) (1996),-0.138356
4,Historical Authenticity,169906,The Night Of (2016),-0.136879
4,Historical Authenticity,1019,"20,000 Leagues Under the Sea (1954)",0.170895
4,Historical Authenticity,5,Father of the Bride Part II (1995),-0.140517
4,Historical Authenticity,60487,"It's the Great Pumpkin, Charlie Brown (1966)",-0.139131
4,Historical Authenticity,192803,Bohemian Rhapsody (2018),0.255151
4,Historical Authenticity,971,Cat on a Hot Tin Roof (1958),0.041919
4,Historical Authenticity,244178,The Northman,0.914933
4,Historical Authenticity,1378,Young Guns (1988),-0.002992
4,Historical Authenticity,104283,"Wind Rises, The (Kaze tachinu) (2013)",0.503046
4,Historical Authenticity,57532,Meet the Spartans (2008),-0.149481
4,Historical Authenticity,2026,Disturbing Behavior (1998),-0.142052
4,Historical Authenticity,1015,Homeward Bound: The Incredible Journey (1993),-0.140329
4,Historical Authenticity,3877,Supergirl (1984),-0.140332
4,Historical Authenticity,7137,"Cooler, The (2003)",-0.140861
4,Historical Authenticity,2261,One Crazy Summer (1986),-0.141564
4,Historical Authenticity,32460,Knockin' on Heaven's Door (1997),-0.139997
4,Historical Authenticity,8908,Ladder 49 (2004),-0.138179
4,Historical Authenticity,3145,Cradle Will Rock (1999),0.439146
4,Historical Authenticity,2686,"Red Violin, The (Violon rouge, Le) (1998)",0.500275
4,Historical Authenticity,2739,"Color Purple, The (1985)",0.314837
4,Historical Authenticity,8873,"Motorcycle Diaries, The (Diarios de motocicleta) (2004)",0.546208
4,Historical Authenticity,93272,Dr. Seuss' The Lorax (2012),-0.138929
4,Historical Authenticity,2116,"Lord of the Rings, The (1978)",-0.138446
4,Historical Authenticity,57274,[REC] (2007),-0.143139
4,Historical Authenticity,2787,Cat's Eye (1985),-0.140345
4,Historical Authenticity,468,"Englishman Who Went Up a Hill But Came Down a Mountain, The (1995)",-0.128427
4,Historical Authenticity,5876,"Quiet American, The (2002)",0.640941
4,Historical Authenticity,1391,Mars Attacks! (1996),-0.143125
4,Historical Authenticity,1949,"Man for All Seasons, A (1966)",1.0
4,Historical Authenticity,8860,Cellular (2004),-0.140574
4,Historical Authenticity,8253,Lupin III: The Castle Of Cagliostro (Rupan sansei: Kariosutoro no shiro) (1979),-0.134364
4,Historical Authenticity,37384,Waiting... (2005),-0.142797
4,Historical Authenticity,253,Interview with the Vampire: The Vampire Chronicles (1994),0.064082
4,Historical Authenticity,213,Burnt by the Sun (Utomlyonnye solntsem) (1994),0.863925
4,Historical Authenticity,3022,"General, The (1926)",0.050015
4,Historical Authenticity,58293,"10,000 BC (2008)",-0.083501
4,Historical Authenticity,3439,Teenage Mutant Ninja Turtles II: The Secret of the Ooze (1991),-0.141199
4,Historical Authenticity,8827,"Bill Cosby, Himself (1983)",-0.140267
4,Historical Authenticity,8169,*batteries not included (1987),-0.139936
4,Historical Authenticity,2,Jumanji (1995),-0.139299
4,Historical Authenticity,1059,William Shakespeare's Romeo + Juliet (1996),-0.134989
4,Historical Authenticity,7381,"Whole Ten Yards, The (2004)",-0.142225
4,Historical Authenticity,5941,Drumline (2002),-0.139828
4,Historical Authenticity,2334,"Siege, The (1998)",-0.140401
4,Historical Authenticity,3204,"Boys from Brazil, The (1978)",0.061837
4,Historical Authenticity,2546,"Deep End of the Ocean, The (1999)",-0.138899
4,Historical Authenticity,433,Clean Slate (1994),-0.140943
4,Historical Authenticity,1372,Star Trek VI: The Undiscovered Country (1991),-0.14106
4,Historical Authenticity,1680,Sliding Doors (1998),-0.140634
4,Historical Authenticity,1132,Manon of the Spring (Manon des sources) (1986),0.367273
4,Historical Authenticity,3100,"River Runs Through It, A (1992)",0.348789
4,Historical Authenticity,725,"Great White Hype, The (1996)",-0.138004
4,Historical Authenticity,66934,Dr. Horrible's Sing-Along Blog (2008),-0.141064
4,Historical Authenticity,100498,"Good Day to Die Hard, A (2013)",-0.14179
4,Historical Authenticity,3812,Everything You Always Wanted to Know About Sex * But Were Afraid to Ask (1972),-0.141059
4,Historical Authenticity,2504,200 Cigarettes (1999),-0.086513
4,Historical Authenticity,2212,"Man Who Knew Too Much, The (1934)",-0.120704
4,Historical Authenticity,80590,Wall Street: Money Never Sleeps (2010),-0.133557
4,Historical Authenticity,2771,Brokedown Palace (1999),-0.140577
4,Historical Authenticity,2376,"View to a Kill, A (1985)",-0.136475
4,Historical Authenticity,1005,D3: The Mighty Ducks (1996),-0.140085
4,Historical Authenticity,111759,Edge of Tomorrow (2014),-0.139018
4,Historical Authenticity,161922,The Edge of Seventeen (2016),-0.140789
4,Historical Authenticity,3754,"Adventures of Rocky and Bullwinkle, The (2000)",-0.141569
4,Historical Authenticity,86142,13 Assassins (Jûsan-nin no shikaku) (2010),0.653557
4,Historical Authenticity,114847,Autómata (Automata) (2014),-0.134927
4,Historical Authenticity,973,Meet John Doe (1941),-0.005178
4,Historical Authenticity,6958,"Haunted Mansion, The (2003)",-0.139627
4,Historical Authenticity,2381,Police Academy 4: Citizens on Patrol (1987),-0.141442
4,Historical Authenticity,232,Eat Drink Man Woman (Yin shi nan nu) (1994),-0.139406
4,Historical Authenticity,328,Tales from the Crypt Presents: Demon Knight (1995),-0.138886
4,Historical Authenticity,1913,Picnic at Hanging Rock (1975),0.278379
4,Historical Authenticity,202429,Once Upon a Time in Hollywood (2019),0.118718
4,Historical Authenticity,6534,Hulk (2003),-0.147004
4,Historical Authenticity,2639,Mommie Dearest (1981),0.02913
4,Historical Authenticity,72294,"Christmas Carol, A (2009)",0.02795
4,Historical Authenticity,7842,Dune (2000),-0.132736
4,Historical Authenticity,47640,Beerfest (2006),-0.142713
4,Historical Authenticity,1998,Exorcist II: The Heretic (1977),-0.137419
4,Historical Authenticity,4681,"War of the Roses, The (1989)",-0.135916
4,Historical Authenticity,2375,"Money Pit, The (1986)",-0.140412
4,Historical Authenticity,32587,Sin City (2005),-0.140648
4,Historical Authenticity,5833,Dog Soldiers (2002),-0.139271
4,Historical Authenticity,51091,Black Snake Moan (2006),-0.139404
4,Historical Authenticity,26242,Duel (1971),-0.139987
4,Historical Authenticity,192379,First Man (2018),0.694369
4,Historical Authenticity,4254,Crocodile Dundee in Los Angeles (2001),-0.137736
4,Historical Authenticity,6299,"Winged Migration (Peuple migrateur, Le) (2001)",-0.139927
4,Historical Authenticity,371,"Paper, The (1994)",-0.134262
4,Historical Authenticity,258,"Kid in King Arthur's Court, A (1995)",-0.040169
5,Moral Complexity,1453,"Beautician and the Beast, The (1997)",-0.224505
5,Moral Complexity,71282,"Food, Inc. (2008)",-0.223998
5,Moral Complexity,1976,Friday the 13th Part 3: 3D (1982),-0.243873
5,Moral Complexity,3062,"Longest Day, The (1962)",-0.233132
5,Moral Complexity,73929,Legion (2010),-0.066682
5,Moral Complexity,354,Cobb (1994),0.31425
5,Moral Complexity,801,Harriet the Spy (1996),-0.228289
5,Moral Complexity,286897,Spider-Man: Across the Spider-Verse (2023),-0.208349
5,Moral Complexity,8014,"Spring, Summer, Fall, Winter... and Spring (Bom yeoreum gaeul gyeoul geurigo bom) (2003)",0.076496
5,Moral Complexity,1429,First Strike (Police Story 4: First Strike) (Ging chaat goo si 4: Ji gaan daan yam mo) (1996),-0.23812
5,Moral Complexity,169906,The Night Of (2016),0.750429
5,Moral Complexity,1019,"20,000 Leagues Under the Sea (1954)",0.160102
5,Moral Complexity,5,Father of the Bride Part II (1995),-0.250041
5,Moral Complexity,60487,"It's the Great Pumpkin, Charlie Brown (1966)",-0.25424
5,Moral Complexity,192803,Bohemian Rhapsody (2018),-0.163379
5,Moral Complexity,971,Cat on a Hot Tin Roof (1958),0.57292
5,Moral Complexity,244178,The Northman,0.464791
5,Moral Complexity,1378,Young Guns (1988),-0.123676
5,Moral Complexity,104283,"Wind Rises, The (Kaze tachinu) (2013)",0.696871
5,Moral Complexity,57532,Meet the Spartans (2008),-0.246379
5,Moral Complexity,2026,Disturbing Behavior (1998),0.27146
5,Moral Complexity,1015,Homeward Bound: The Incredible Journey (1993),-0.248807
5,Moral Complexity,3877,Supergirl (1984),-0.242372
5,Moral Complexity,7137,"Cooler, The (2003)",0.294074
5,Moral Complexity,2261,One Crazy Summer (1986),-0.253266
5,Moral Complexity,32460,Knockin' on Heaven's Door (1997),0.040901
5,Moral Complexity,8908,Ladder 49 (2004),-0.235107
5,Moral Complexity,3145,Cradle Will Rock (1999),0.3793
5,Moral Complexity,2686,"Red Violin, The (Violon rouge, Le) (1998)",0.305234
5,Moral Complexity,2739,"Color Purple, The (1985)",-0.079543
5,Moral Complexity,8873,"Motorcycle Diaries, The (Diarios de motocicleta) (2004)",-0.081578
5,Moral Complexity,93272,Dr. Seuss' The Lorax (2012),-0.240308
5,Moral Complexity,2116,"Lord of the Rings, The (1978)",-0.226334
5,Moral Complexity,57274,[REC] (2007),-0.22905
5,Moral Complexity,2787,Cat's Eye (1985),-0.13003
5,Moral Complexity,468,"Englishman Who Went Up a Hill But Came Down a Mountain, The (1995)",-0.241501
5,Moral Complexity,5876,"Quiet American, The (2002)",1.0
5,Moral Complexity,1391,Mars Attacks! (1996),-0.238814
5,Moral Complexity,1949,"Man for All Seasons, A (1966)",-0.121911
5,Moral Complexity,8860,Cellular (2004),-0.23805
5,Moral Complexity,8253,Lupin III: The Castle Of Cagliostro (Rupan sansei: Kariosutoro no shiro) (1979),-0.030167
5,Moral Complexity,37384,Waiting... (2005),-0.245065
5,Moral Complexity,253,Interview with the Vampire: The Vampire Chronicles (1994),0.843854
5,Moral Complexity,213,Burnt by the Sun (Utomlyonnye solntsem) (1994),0.877103
5,Moral Complexity,3022,"General, The (1926)",-0.241037
5,Moral Complexity,58293,"10,000 BC (2008)",-0.243352
5,Moral Complexity,3439,Teenage Mutant Ninja Turtles II: The Secret of the Ooze (1991),-0.244953
5,Moral Complexity,8827,"Bill Cosby, Himself (1983)",-0.249329
5,Moral Complexity,8169,*batteries not included (1987),-0.239881
5,Moral Complexity,2,Jumanji (1995),-0.240012
5,Moral Complexity,1059,William Shakespeare's Romeo + Juliet (1996),-0.175953
5,Moral Complexity,7381,"Whole Ten Yards, The (2004)",-0.188547
5,Moral Complexity,5941,Drumline (2002),-0.240187
5,Moral Complexity,2334,"Siege, The (1998)",0.063939
5,Moral Complexity,3204,"Boys from Brazil, The (1978)",0.12505
5,Moral Complexity,2546,"Deep End of the Ocean, The (1999)",0.196948
5,Moral Complexity,433,Clean Slate (1994),-0.155956
5,Moral Complexity,1372,Star Trek VI: The Undiscovered Country (1991),0.092489
5,Moral Complexity,1680,Sliding Doors (1998),-0.226405
5,Moral Complexity,1132,Manon of the Spring (Manon des sources) (1986),0.416625
5,Moral Complexity,3100,"River Runs Through It, A (1992)",-0.126668
5,Moral Complexity,725,"Great White Hype, The (1996)",0.121166
5,Moral Complexity,66934,Dr. Horrible's Sing-Along Blog (2008),0.902312
5,Moral Complexity,100498,"Good Day to Die Hard, A (2013)",-0.237437
5,Moral Complexity,3812,Everything You Always Wanted to Know About Sex * But Were Afraid to Ask (1972),-0.211174
5,Moral Complexity,2504,200 Cigarettes (1999),-0.103475
5,Moral Complexity,2212,"Man Who Knew Too Much, The (1934)",-0.205
5,Moral Complexity,80590,Wall Street: Money Never Sleeps (2010),0.70906
5,Moral Complexity,2771,Brokedown Palace (1999),-0.024095
5,Moral Complexity,2376,"View to a Kill, A (1985)",-0.243053
5,Moral Complexity,1005,D3: The Mighty Ducks (1996),-0.246219
5,Moral Complexity,111759,Edge of Tomorrow (2014),-0.220345
5,Moral Complexity,161922,The Edge of Seventeen (2016),-0.219555
5,Moral Complexity,3754,"Adventures of Rocky and Bullwinkle, The (2000)",-0.244346
5,Moral Complexity,86142,13 Assassins (Jûsan-nin no shikaku) (2010),0.204647
5,Moral Complexity,114847,Autómata (Automata) (2014),0.668403
5,Moral Complexity,973,Meet John Doe (1941),0.060985
5,Moral Complexity,6958,"Haunted Mansion, The (2003)",-0.243168
5,Moral Complexity,2381,Police Academy 4: Citizens on Patrol (1987),-0.244049
5,Moral Complexity,232,Eat Drink Man Woman (Yin shi nan nu) (1994),-0.218255
5,Moral Complexity,328,Tales from the Crypt Presents: Demon Knight (1995),-0.238405
5,Moral Complexity,1913,Picnic at Hanging Rock (1975),-0.016722
5,Moral Complexity,202429,Once Upon a Time in Hollywood (2019),0.533293
5,Moral Complexity,6534,Hulk (2003),-0.133235
5,Moral Complexity,2639,Mommie Dearest (1981),0.138373
5,Moral Complexity,72294,"Christmas Carol, A (2009)",-0.235558
5,Moral Complexity,7842,Dune (2000),0.223728
5,Moral Complexity,47640,Beerfest (2006),-0.236594
5,Moral Complexity,1998,Exorcist II: The Heretic (1977),0.276947
5,Moral Complexity,4681,"War of the Roses, The (1989)",0.26698
5,Moral Complexity,2375,"Money Pit, The (1986)",-0.238058
5,Moral Complexity,32587,Sin City (2005),0.513353
5,Moral Complexity,5833,Dog Soldiers (2002),-0.233724
5,Moral Complexity,51091,Black Snake Moan (2006),0.586708
5,Moral Complexity,26242,Duel (1971),-0.235647
5,Moral Complexity,192379,First Man (2018),-0.228696
5,Moral Complexity,4254,Crocodile Dundee in Los Angeles (2001),-0.245028
5,Moral Complexity,6299,"Winged Migration (Peuple migrateur, Le) (2001)",-0.24896
5,Moral Complexity,371,"Paper, The (1994)",0.408488
5,Moral Complexity,258,"Kid in King Arthur's Court, A (1995)",-0.247634
6,Suspense/Atmosphere,1453,"Beautician and the Beast, The (1997)",-0.384325
6,Suspense/Atmosphere,71282,"Food, Inc. (2008)",-0.320299
6,Suspense/Atmosphere,1976,Friday the 13th Part 3: 3D (1982),0.385445
6,Suspense/Atmosphere,3062,"Longest Day, The (1962)",0.140746
6,Suspense/Atmosphere,73929,Legion (2010),0.719967
6,Suspense/Atmosphere,354,Cobb (1994),-0.308047
6,Suspense/Atmosphere,801,Harriet the Spy (1996),-0.33134
6,Suspense/Atmosphere,286897,Spider-Man: Across the Spider-Verse (2023),-0.065536
6,Suspense/Atmosphere,8014,"Spring, Summer, Fall, Winter... and Spring (Bom yeoreum gaeul gyeoul geurigo bom) (2003)",-0.231352
6,Suspense/Atmosphere,1429,First Strike (Police Story 4: First Strike) (Ging chaat goo si 4: Ji gaan daan yam mo) (1996),-0.000894
6,Suspense/Atmosphere,169906,The Night Of (2016),0.657679
6,Suspense/Atmosphere,1019,"20,000 Leagues Under the Sea (1954)",0.145886
6,Suspense/Atmosphere,5,Father of the Bride Part II (1995),-0.344753
6,Suspense/Atmosphere,60487,"It's the Great Pumpkin, Charlie Brown (1966)",-0.349736
6,Suspense/Atmosphere,192803,Bohemian Rhapsody (2018),-0.295329
6,Suspense/Atmosphere,971,Cat on a Hot Tin Roof (1958),0.207022
6,Suspense/Atmosphere,244178,The Northman,0.778391
6,Suspense/Atmosphere,1378,Young Guns (1988),-0.128765
6,Suspense/Atmosphere,104283,"Wind Rises, The (Kaze tachinu) (2013)",-0.231883
6,Suspense/Atmosphere,57532,Meet the Spartans (2008),-0.339514
6,Suspense/Atmosphere,2026,Disturbing Behavior (1998),0.469731
6,Suspense/Atmosphere,1015,Homeward Bound: The Incredible Journey (1993),-0.291611
6,Suspense/Atmosphere,3877,Supergirl (1984),-0.241228
6,Suspense/Atmosphere,7137,"Cooler, The (2003)",-0.305759
6,Suspense/Atmosphere,2261,One Crazy Summer (1986),-0.361324
6,Suspense/Atmosphere,32460,Knockin' on Heaven's Door (1997),-0.298828
6,Suspense/Atmosphere,8908,Ladder 49 (2004),0.308238
6,Suspense/Atmosphere,3145,Cradle Will Rock (1999),-0.256808
6,Suspense/Atmosphere,2686,"Red Violin, The (Violon rouge, Le) (1998)",-0.106803
6,Suspense/Atmosphere,2739,"Color Purple, The (1985)",-0.268554
6,Suspense/Atmosphere,8873,"Motorcycle Diaries, The (Diarios de motocicleta) (2004)",-0.278878
6,Suspense/Atmosphere,93272,Dr. Seuss' The Lorax (2012),-0.317387
6,Suspense/Atmosphere,2116,"Lord of the Rings, The (1978)",0.073658
6,Suspense/Atmosphere,57274,[REC] (2007),1.0
6,Suspense/Atmosphere,2787,Cat's Eye (1985),0.748959
6,Suspense/Atmosphere,468,"Englishman Who Went Up a Hill But Came Down a Mountain, The (1995)",-0.337082
6,Suspense/Atmosphere,5876,"Quiet American, The (2002)",0.441711
6,Suspense/Atmosphere,1391,Mars Attacks! (1996),-0.219028
6,Suspense/Atmosphere,1949,"Man for All Seasons, A (1966)",-0.163546
6,Suspense/Atmosphere,8860,Cellular (2004),0.522267
6,Suspense/Atmosphere,8253,Lupin III: The Castle Of Cagliostro (Rupan sansei: Kariosutoro no shiro) (1979),-0.02928
6,Suspense/Atmosphere,37384,Waiting... (2005),-0.361086
6,Suspense/Atmosphere,253,Interview with the Vampire: The Vampire Chronicles (1994),0.570437
6,Suspense/Atmosphere,213,Burnt by the Sun (Utomlyonnye solntsem) (1994),0.36656
6,Suspense/Atmosphere,3022,"General, The (1926)",-0.296828
6,Suspense/Atmosphere,58293,"10,000 BC (2008)",0.089456
6,Suspense/Atmosphere,3439,Teenage Mutant Ninja Turtles II: The Secret of the Ooze (1991),-0.250945
6,Suspense/Atmosphere,8827,"Bill Cosby, Himself (1983)",-0.348549
6,Suspense/Atmosphere,8169,*batteries not included (1987),-0.324032
6,Suspense/Atmosphere,2,Jumanji (1995),-0.149116
6,Suspense/Atmosphere,1059,William Shakespeare's Romeo + Juliet (1996),-0.198956
6,Suspense/Atmosphere,7381,"Whole Ten Yards, The (2004)",-0.251247
6,Suspense/Atmosphere,5941,Drumline (2002),-0.329619
6,Suspense/Atmosphere,2334,"Siege, The (1998)",0.319509
6,Suspense/Atmosphere,3204,"Boys from Brazil, The (1978)",0.642265
6,Suspense/Atmosphere,2546,"Deep End of the Ocean, The (1999)",0.017212
6,Suspense/Atmosphere,433,Clean Slate (1994),0.083133
6,Suspense/Atmosphere,1372,Star Trek VI: The Undiscovered Country (1991),0.20753
6,Suspense/Atmosphere,1680,Sliding Doors (1998),-0.286475
6,Suspense/Atmosphere,1132,Manon of the Spring (Manon des sources) (1986),0.045318
6,Suspense/Atmosphere,3100,"River Runs Through It, A (1992)",-0.293349
6,Suspense/Atmosphere,725,"Great White Hype, The (1996)",-0.336615
6,Suspense/Atmosphere,66934,Dr. Horrible's Sing-Along Blog (2008),-0.274371
6,Suspense/Atmosphere,100498,"Good Day to Die Hard, A (2013)",0.200198
6,Suspense/Atmosphere,3812,Everything You Always Wanted to Know About Sex * But Were Afraid to Ask (1972),-0.341233
6,Suspense/Atmosphere,2504,200 Cigarettes (1999),-0.300863
6,Suspense/Atmosphere,2212,"Man Who Knew Too Much, The (1934)",0.778821
6,Suspense/Atmosphere,80590,Wall Street: Money Never Sleeps (2010),-0.121531
6,Suspense/Atmosphere,2771,Brokedown Palace (1999),-0.041276
6,Suspense/Atmosphere,2376,"View to a Kill, A (1985)",0.145921
6,Suspense/Atmosphere,1005,D3: The Mighty Ducks (1996),-0.33919
6,Suspense/Atmosphere,111759,Edge of Tomorrow (2014),0.368536
6,Suspense/Atmosphere,161922,The Edge of Seventeen (2016),-0.322101
6,Suspense/Atmosphere,3754,"Adventures of Rocky and Bullwinkle, The (2000)",-0.304742
6,Suspense/Atmosphere,86142,13 Assassins (Jûsan-nin no shikaku) (2010),0.495408
6,Suspense/Atmosphere,114847,Autómata (Automata) (2014),0.546181
6,Suspense/Atmosphere,973,Meet John Doe (1941),-0.303789
6,Suspense/Atmosphere,6958,"Haunted Mansion, The (2003)",0.249635
6,Suspense/Atmosphere,2381,Police Academy 4: Citizens on Patrol (1987),-0.331386
6,Suspense/Atmosphere,232,Eat Drink Man Woman (Yin shi nan nu) (1994),-0.310992
6,Suspense/Atmosphere,328,Tales from the Crypt Presents: Demon Knight (1995),0.790662
6,Suspense/Atmosphere,1913,Picnic at Hanging Rock (1975),0.88579
6,Suspense/Atmosphere,202429,Once Upon a Time in Hollywood (2019),-0.213181
6,Suspense/Atmosphere,6534,Hulk (2003),-0.022857
6,Suspense/Atmosphere,2639,Mommie Dearest (1981),-0.195918
6,Suspense/Atmosphere,72294,"Christmas Carol, A (2009)",-0.266829
6,Suspense/Atmosphere,7842,Dune (2000),0.290839
6,Suspense/Atmosphere,47640,Beerfest (2006),-0.336068
6,Suspense/Atmosphere,1998,Exorcist II: The Heretic (1977),0.504362
6,Suspense/Atmosphere,4681,"War of the Roses, The (1989)",-0.271964
6,Suspense/Atmosphere,2375,"Money Pit, The (1986)",-0.338946
6,Suspense/Atmosphere,32587,Sin City (2005),0.51683
6,Suspense/Atmosphere,5833,Dog Soldiers (2002),0.561012
6,Suspense/Atmosphere,51091,Black Snake Moan (2006),-0.094232
6,Suspense/Atmosphere,26242,Duel (1971),0.923457
6,Suspense/Atmosphere,192379,First Man (2018),-0.014276
6,Suspense/Atmosphere,4254,Crocodile Dundee in Los Angeles (2001),-0.319832
6,Suspense/Atmosphere,6299,"Winged Migration (Peuple migrateur, Le) (2001)",-0.295493
6,Suspense/Atmosphere,371,"Paper, The (1994)",-0.2824
6,Suspense/Atmosphere,258,"Kid in King Arthur's Court, A (1995)",-0.320592
7,Family Focus,1453,"Beautician and the Beast, The (1997)",0.172874
7,Family Focus,71282,"Food, Inc. (2008)",-0.166485
7,Family Focus,1976,Friday the 13th Part 3: 3D (1982),-0.172333
7,Family Focus,3062,"Longest Day, The (1962)",-0.161828
7,Family Focus,73929,Legion (2010),-0.166922
7,Family Focus,354,Cobb (1994),-0.156265
7,Family Focus,801,Harriet the Spy (1996),-0.130606
7,Family Focus,286897,Spider-Man: Across the Spider-Verse (2023),-0.158367
7,Family Focus,8014,"Spring, Summer, Fall, Winter... and Spring (Bom yeoreum gaeul gyeoul geurigo bom) (2003)",-0.157565
7,Family Focus,1429,First Strike (Police Story 4: First Strike) (Ging chaat goo si 4: Ji gaan daan yam mo) (1996),-0.164346
7,Family Focus,169906,The Night Of (2016),-0.160834
7,Family Focus,1019,"20,000 Leagues Under the Sea (1954)",-0.162923
7,Family Focus,5,Father of the Bride Part II (1995),0.691209
7,Family Focus,60487,"It's the Great Pumpkin, Charlie Brown (1966)",-0.057128
7,Family Focus,192803,Bohemian Rhapsody (2018),-0.158102
7,Family Focus,971,Cat on a Hot Tin Roof (1958),0.950706
7,Family Focus,244178,The Northman,-0.115868
7,Family Focus,1378,Young Guns (1988),-0.164387
7,Family Focus,104283,"Wind Rises, The (Kaze tachinu) (2013)",-0.152394
7,Family Focus,57532,Meet the Spartans (2008),-0.166917
7,Family Focus,2026,Disturbing Behavior (1998),-0.166531
7,Family Focus,1015,Homeward Bound: The Incredible Journey (1993),0.504193
7,Family Focus,3877,Supergirl (1984),-0.147494
7,Family Focus,7137,"Cooler, The (2003)",-0.152113
7,Family Focus,2261,One Crazy Summer (1986),-0.159523
7,Family Focus,32460,Knockin' on Heaven's Door (1997),-0.157712
7,Family Focus,8908,Ladder 49 (2004),0.199444
7,Family Focus,3145,Cradle Will Rock (1999),-0.15755
7,Family Focus,2686,"Red Violin, The (Violon rouge, Le) (1998)",-0.063698
7,Family Focus,2739,"Color Purple, The (1985)",0.383057
7,Family Focus,8873,"Motorcycle Diaries, The (Diarios de motocicleta) (2004)",-0.158411
7,Family Focus,93272,Dr. Seuss' The Lorax (2012),-0.155434
7,Family Focus,2116,"Lord of the Rings, The (1978)",-0.162583
7,Family Focus,57274,[REC] (2007),-0.166395
7,Family Focus,2787,Cat's Eye (1985),-0.16289
7,Family Focus,468,"Englishman Who Went Up a Hill But Came Down a Mountain, The (1995)",-0.161945
7,Family Focus,5876,"Quiet American, The (2002)",-0.158015
7,Family Focus,1391,Mars Attacks! (1996),-0.171764
7,Family Focus,1949,"Man for All Seasons, A (1966)",-0.147927
7,Family Focus,8860,Cellular (2004),-0.164808
7,Family Focus,8253,Lupin III: The Castle Of Cagliostro (Rupan sansei: Kariosutoro no shiro) (1979),-0.16337
7,Family Focus,37384,Waiting... (2005),-0.161399
7,Family Focus,253,Interview with the Vampire: The Vampire Chronicles (1994),-0.160247
7,Family Focus,213,Burnt by the Sun (Utomlyonnye solntsem) (1994),0.432571
7,Family Focus,3022,"General, The (1926)",-0.159634
7,Family Focus,58293,"10,000 BC (2008)",-0.155832
7,Family Focus,3439,Teenage Mutant Ninja Turtles II: The Secret of the Ooze (1991),-0.070482
7,Family Focus,8827,"Bill Cosby, Himself (1983)",0.365273
7,Family Focus,8169,*batteries not included (1987),-0.13332
7,Family Focus,2,Jumanji (1995),0.242013
7,Family Focus,1059,William Shakespeare's Romeo + Juliet (1996),0.320048
7,Family Focus,7381,"Whole Ten Yards, The (2004)",-0.164241
7,Family Focus,5941,Drumline (2002),-0.155312
7,Family Focus,2334,"Siege, The (1998)",-0.167421
7,Family Focus,3204,"Boys from Brazil, The (1978)",-0.161028
7,Family Focus,2546,"Deep End of the Ocean, The (1999)",0.825248
7,Family Focus,433,Clean Slate (1994),-0.165933
7,Family Focus,1372,Star Trek VI: The Undiscovered Country (1991),-0.16619
7,Family Focus,1680,Sliding Doors (1998),-0.162005
7,Family Focus,1132,Manon of the Spring (Manon des sources) (1986),0.610345
7,Family Focus,3100,"River Runs Through It, A (1992)",0.80945
7,Family Focus,725,"Great White Hype, The (1996)",-0.166462
7,Family Focus,66934,Dr. Horrible's Sing-Along Blog (2008),-0.158735
7,Family Focus,100498,"Good Day to Die Hard, A (2013)",0.610875
7,Family Focus,3812,Everything You Always Wanted to Know About Sex * But Were Afraid to Ask (1972),-0.167341
7,Family Focus,2504,200 Cigarettes (1999),-0.156601
7,Family Focus,2212,"Man Who Knew Too Much, The (1934)",0.46662
7,Family Focus,80590,Wall Street: Money Never Sleeps (2010),0.423196
7,Family Focus,2771,Brokedown Palace (1999),-0.16269
7,Family Focus,2376,"View to a Kill, A (1985)",-0.170325
7,Family Focus,1005,D3: The Mighty Ducks (1996),-0.096481
7,Family Focus,111759,Edge of Tomorrow (2014),-0.165547
7,Family Focus,161922,The Edge of Seventeen (2016),0.309714
7,Family Focus,3754,"Adventures of Rocky and Bullwinkle, The (2000)",-0.164467
7,Family Focus,86142,13 Assassins (Jûsan-nin no shikaku) (2010),-0.16043
7,Family Focus,114847,Autómata (Automata) (2014),-0.169384
7,Family Focus,973,Meet John Doe (1941),-0.159093
7,Family Focus,6958,"Haunted Mansion, The (2003)",0.413323
7,Family Focus,2381,Police Academy 4: Citizens on Patrol (1987),-0.161103
7,Family Focus,232,Eat Drink Man Woman (Yin shi nan nu) (1994),1.0
7,Family Focus,328,Tales from the Crypt Presents: Demon Knight (1995),-0.179434
7,Family Focus,1913,Picnic at Hanging Rock (1975),-0.160892
7,Family Focus,202429,Once Upon a Time in Hollywood (2019),-0.160188
7,Family Focus,6534,Hulk (2003),-0.167283
7,Family Focus,2639,Mommie Dearest (1981),0.68891
7,Family Focus,72294,"Christmas Carol, A (2009)",0.295281
7,Family Focus,7842,Dune (2000),0.348427
7,Family Focus,47640,Beerfest (2006),0.360898
7,Family Focus,1998,Exorcist II: The Heretic (1977),-0.164396
7,Family Focus,4681,"War of the Roses, The (1989)",-0.127028
7,Family Focus,2375,"Money Pit, The (1986)",-0.102494
7,Family Focus,32587,Sin City (2005),-0.169664
7,Family Focus,5833,Dog Soldiers (2002),-0.160656
7,Family Focus,51091,Black Snake Moan (2006),-0.137139
7,Family Focus,26242,Duel (1971),-0.176236
7,Family Focus,192379,First Man (2018),0.051909
7,Family Focus,4254,Crocodile Dundee in Los Angeles (2001),0.099042
7,Family Focus,6299,"Winged Migration (Peuple migrateur, Le) (2001)",-0.168916
7,Family Focus,371,"Paper, The (1994)",-0.162314
7,Family Focus,258,"Kid in King Arthur's Court, A (1995)",-0.144849
8,Sci-Fi/Fantasy Worldbuilding,1453,"Beautician and the Beast, The (1997)",-0.133973
8,Sci-Fi/Fantasy Worldbuilding,71282,"Food, Inc. (2008)",-0.136595
8,Sci-Fi/Fantasy Worldbuilding,1976,Friday the 13th Part 3: 3D (1982),-0.133149
8,Sci-Fi/Fantasy Worldbuilding,3062,"Longest Day, The (1962)",-0.137792
8,Sci-Fi/Fantasy Worldbuilding,73929,Legion (2010),0.325927
8,Sci-Fi/Fantasy Worldbuilding,354,Cobb (1994),-0.138839
8,Sci-Fi/Fantasy Worldbuilding,801,Harriet the Spy (1996),-0.137811
8,Sci-Fi/Fantasy Worldbuilding,286897,Spider-Man: Across the Spider-Verse (2023),0.827376
8,Sci-Fi/Fantasy Worldbuilding,8014,"Spring, Summer, Fall, Winter... and Spring (Bom yeoreum gaeul gyeoul geurigo bom) (2003)",-0.134719
8,Sci-Fi/Fantasy Worldbuilding,1429,First Strike (Police Story 4: First Strike) (Ging chaat goo si 4: Ji gaan daan yam mo) (1996),-0.131385
8,Sci-Fi/Fantasy Worldbuilding,169906,The Night Of (2016),-0.135344
8,Sci-Fi/Fantasy Worldbuilding,1019,"20,000 Leagues Under the Sea (1954)",0.429489
8,Sci-Fi/Fantasy Worldbuilding,5,Father of the Bride Part II (1995),-0.137405
8,Sci-Fi/Fantasy Worldbuilding,60487,"It's the Great Pumpkin, Charlie Brown (1966)",-0.135751
8,Sci-Fi/Fantasy Worldbuilding,192803,Bohemian Rhapsody (2018),-0.135107
8,Sci-Fi/Fantasy Worldbuilding,971,Cat on a Hot Tin Roof (1958),-0.136697
8,Sci-Fi/Fantasy Worldbuilding,244178,The Northman,-0.094456
8,Sci-Fi/Fantasy Worldbuilding,1378,Young Guns (1988),-0.135543
8,Sci-Fi/Fantasy Worldbuilding,104283,"Wind Rises, The (Kaze tachinu) (2013)",-0.13211
8,Sci-Fi/Fantasy Worldbuilding,57532,Meet the Spartans (2008),-0.133535
8,Sci-Fi/Fantasy Worldbuilding,2026,Disturbing Behavior (1998),0.183737
8,Sci-Fi/Fantasy Worldbuilding,1015,Homeward Bound: The Incredible Journey (1993),-0.13384
8,Sci-Fi/Fantasy Worldbuilding,3877,Supergirl (1984),0.321772
8,Sci-Fi/Fantasy Worldbuilding,7137,"Cooler, The (2003)",-0.135448
8,Sci-Fi/Fantasy Worldbuilding,2261,One Crazy Summer (1986),-0.135899
8,Sci-Fi/Fantasy Worldbuilding,32460,Knockin' on Heaven's Door (1997),-0.136777
8,Sci-Fi/Fantasy Worldbuilding,8908,Ladder 49 (2004),-0.138332
8,Sci-Fi/Fantasy Worldbuilding,3145,Cradle Will Rock (1999),-0.13618
8,Sci-Fi/Fantasy Worldbuilding,2686,"Red Violin, The (Violon rouge, Le) (1998)",-0.133832
8,Sci-Fi/Fantasy Worldbuilding,2739,"Color Purple, The (1985)",-0.136316
8,Sci-Fi/Fantasy Worldbuilding,8873,"Motorcycle Diaries, The (Diarios de motocicleta) (2004)",-0.136285
8,Sci-Fi/Fantasy Worldbuilding,93272,Dr. Seuss' The Lorax (2012),0.611341
8,Sci-Fi/Fantasy Worldbuilding,2116,"Lord of the Rings, The (1978)",0.88732
8,Sci-Fi/Fantasy Worldbuilding,57274,[REC] (2007),-0.12028
8,Sci-Fi/Fantasy Worldbuilding,2787,Cat's Eye (1985),-0.018194
8,Sci-Fi/Fantasy Worldbuilding,468,"Englishman Who Went Up a Hill But Came Down a Mountain, The (1995)",-0.135324
8,Sci-Fi/Fantasy Worldbuilding,5876,"Quiet American, The (2002)",-0.132133
8,Sci-Fi/Fantasy Worldbuilding,1391,Mars Attacks! (1996),0.168349
8,Sci-Fi/Fantasy Worldbuilding,1949,"Man for All Seasons, A (1966)",-0.139362
8,Sci-Fi/Fantasy Worldbuilding,8860,Cellular (2004),-0.132084
8,Sci-Fi/Fantasy Worldbuilding,8253,Lupin III: The Castle Of Cagliostro (Rupan sansei: Kariosutoro no shiro) (1979),-0.07938
8,Sci-Fi/Fantasy Worldbuilding,37384,Waiting... (2005),-0.138003
8,Sci-Fi/Fantasy Worldbuilding,253,Interview with the Vampire: The Vampire Chronicles (1994),0.259952
8,Sci-Fi/Fantasy Worldbuilding,213,Burnt by the Sun (Utomlyonnye solntsem) (1994),-0.133972
8,Sci-Fi/Fantasy Worldbuilding,3022,"General, The (1926)",-0.135566
8,Sci-Fi/Fantasy Worldbuilding,58293,"10,000 BC (2008)",0.401665
8,Sci-Fi/Fantasy Worldbuilding,3439,Teenage Mutant Ninja Turtles II: The Secret of the Ooze (1991),0.123146
8,Sci-Fi/Fantasy Worldbuilding,8827,"Bill Cosby, Himself (1983)",-0.139898
8,Sci-Fi/Fantasy Worldbuilding,8169,*batteries not included (1987),0.336892
8,Sci-Fi/Fantasy Worldbuilding,2,Jumanji (1995),0.622411
8,Sci-Fi/Fantasy Worldbuilding,1059,William Shakespeare's Romeo + Juliet (1996),-0.133719
8,Sci-Fi/Fantasy Worldbuilding,7381,"Whole Ten Yards, The (2004)",-0.136682
8,Sci-Fi/Fantasy Worldbuilding,5941,Drumline (2002),-0.138026
8,Sci-Fi/Fantasy Worldbuilding,2334,"Siege, The (1998)",-0.136815
8,Sci-Fi/Fantasy Worldbuilding,3204,"Boys from Brazil, The (1978)",0.112199
8,Sci-Fi/Fantasy Worldbuilding,2546,"Deep End of the Ocean, The (1999)",-0.137849
8,Sci-Fi/Fantasy Worldbuilding,433,Clean Slate (1994),-0.134264
8,Sci-Fi/Fantasy Worldbuilding,1372,Star Trek VI: The Undiscovered Country (1991),0.656416
8,Sci-Fi/Fantasy Worldbuilding,1680,Sliding Doors (1998),-0.028539
8,Sci-Fi/Fantasy Worldbuilding,1132,Manon of the Spring (Manon des sources) (1986),-0.135671
8,Sci-Fi/Fantasy Worldbuilding,3100,"River Runs Through It, A (1992)",-0.139362
8,Sci-Fi/Fantasy Worldbuilding,725,"Great White Hype, The (1996)",-0.13721
8,Sci-Fi/Fantasy Worldbuilding,66934,Dr. Horrible's Sing-Along Blog (2008),0.201279
8,Sci-Fi/Fantasy Worldbuilding,100498,"Good Day to Die Hard, A (2013)",-0.133919
8,Sci-Fi/Fantasy Worldbuilding,3812,Everything You Always Wanted to Know About Sex * But Were Afraid to Ask (1972),-0.137353
8,Sci-Fi/Fantasy Worldbuilding,2504,200 Cigarettes (1999),-0.136292
8,Sci-Fi/Fantasy Worldbuilding,2212,"Man Who Knew Too Much, The (1934)",-0.134745
8,Sci-Fi/Fantasy Worldbuilding,80590,Wall Street: Money Never Sleeps (2010),-0.136108
8,Sci-Fi/Fantasy Worldbuilding,2771,Brokedown Palace (1999),-0.135911
8,Sci-Fi/Fantasy Worldbuilding,2376,"View to a Kill, A (1985)",-0.127879
8,Sci-Fi/Fantasy Worldbuilding,1005,D3: The Mighty Ducks (1996),-0.139097
8,Sci-Fi/Fantasy Worldbuilding,111759,Edge of Tomorrow (2014),0.632888
8,Sci-Fi/Fantasy Worldbuilding,161922,The Edge of Seventeen (2016),-0.13618
8,Sci-Fi/Fantasy Worldbuilding,3754,"Adventures of Rocky and Bullwinkle, The (2000)",0.07108
8,Sci-Fi/Fantasy Worldbuilding,86142,13 Assassins (Jûsan-nin no shikaku) (2010),-0.131567
8,Sci-Fi/Fantasy Worldbuilding,114847,Autómata (Automata) (2014),0.604556
8,Sci-Fi/Fantasy Worldbuilding,973,Meet John Doe (1941),-0.136608
8,Sci-Fi/Fantasy Worldbuilding,6958,"Haunted Mansion, The (2003)",0.116873
8,Sci-Fi/Fantasy Worldbuilding,2381,Police Academy 4: Citizens on Patrol (1987),-0.137536
8,Sci-Fi/Fantasy Worldbuilding,232,Eat Drink Man Woman (Yin shi nan nu) (1994),-0.137127
8,Sci-Fi/Fantasy Worldbuilding,328,Tales from the Crypt Presents: Demon Knight (1995),0.078396
8,Sci-Fi/Fantasy Worldbuilding,1913,Picnic at Hanging Rock (1975),-0.069803
8,Sci-Fi/Fantasy Worldbuilding,202429,Once Upon a Time in Hollywood (2019),-0.13848
8,Sci-Fi/Fantasy Worldbuilding,6534,Hulk (2003),0.302353
8,Sci-Fi/Fantasy Worldbuilding,2639,Mommie Dearest (1981),-0.137344
8,Sci-Fi/Fantasy Worldbuilding,72294,"Christmas Carol, A (2009)",0.039311
8,Sci-Fi/Fantasy Worldbuilding,7842,Dune (2000),1.0
8,Sci-Fi/Fantasy Worldbuilding,47640,Beerfest (2006),-0.134049
8,Sci-Fi/Fantasy Worldbuilding,1998,Exorcist II: The Heretic (1977),-0.117622
8,Sci-Fi/Fantasy Worldbuilding,4681,"War of the Roses, The (1989)",-0.136665
8,Sci-Fi/Fantasy Worldbuilding,2375,"Money Pit, The (1986)",-0.134895
8,Sci-Fi/Fantasy Worldbuilding,32587,Sin City (2005),-0.128347
8,Sci-Fi/Fantasy Worldbuilding,5833,Dog Soldiers (2002),0.108694
8,Sci-Fi/Fantasy Worldbuilding,51091,Black Snake Moan (2006),-0.13499
8,Sci-Fi/Fantasy Worldbuilding,26242,Duel (1971),-0.13618
8,Sci-Fi/Fantasy Worldbuilding,192379,First Man (2018),-0.135585
8,Sci-Fi/Fantasy Worldbuilding,4254,Crocodile Dundee in Los Angeles (2001),-0.136916
8,Sci-Fi/Fantasy Worldbuilding,6299,"Winged Migration (Peuple migrateur, Le) (2001)",-0.133405
8,Sci-Fi/Fantasy Worldbuilding,371,"Paper, The (1994)",-0.138584
8,Sci-Fi/Fantasy Worldbuilding,258,"Kid in King Arthur's Court, A (1995)",0.195218
9,Political Intrigue,1453,"Beautician and the Beast, The (1997)",0.152932
9,Political Intrigue,71282,"Food, Inc. (2008)",-0.091938
9,Political Intrigue,1976,Friday the 13th Part 3: 3D (1982),-0.129759
9,Political Intrigue,3062,"Longest Day, The (1962)",-0.08829
9,Political Intrigue,73929,Legion (2010),-0.120938
9,Political Intrigue,354,Cobb (1994),-0.124433
9,Political Intrigue,801,Harriet the Spy (1996),-0.14181
9,Political Intrigue,286897,Spider-Man: Across the Spider-Verse (2023),-0.114128
9,Political Intrigue,8014,"Spring, Summer, Fall, Winter... and Spring (Bom yeoreum gaeul gyeoul geurigo bom) (2003)",-0.134685
9,Political Intrigue,1429,First Strike (Police Story 4: First Strike) (Ging chaat goo si 4: Ji gaan daan yam mo) (1996),0.356312
9,Political Intrigue,169906,The Night Of (2016),-0.035541
9,Political Intrigue,1019,"20,000 Leagues Under the Sea (1954)",-0.094341
9,Political Intrigue,5,Father of the Bride Part II (1995),-0.130235
9,Political Intrigue,60487,"It's the Great Pumpkin, Charlie Brown (1966)",-0.13596
9,Political Intrigue,192803,Bohemian Rhapsody (2018),-0.12412
9,Political Intrigue,971,Cat on a Hot Tin Roof (1958),-0.041763
9,Political Intrigue,244178,The Northman,0.059538
9,Political Intrigue,1378,Young Guns (1988),-0.053
9,Political Intrigue,104283,"Wind Rises, The (Kaze tachinu) (2013)",-0.060063
9,Political Intrigue,57532,Meet the Spartans (2008),-0.127991
9,Political Intrigue,2026,Disturbing Behavior (1998),0.183612
9,Political Intrigue,1015,Homeward Bound: The Incredible Journey (1993),-0.138807
9,Political Intrigue,3877,Supergirl (1984),-0.12221
9,Political Intrigue,7137,"Cooler, The (2003)",-0.134925
9,Political Intrigue,2261,One Crazy Summer (1986),-0.138006
9,Political Intrigue,32460,Knockin' on Heaven's Door (1997),-0.127886
9,Political Intrigue,8908,Ladder 49 (2004),-0.122698
9,Political Intrigue,3145,Cradle Will Rock (1999),0.27061
9,Political Intrigue,2686,"Red Violin, The (Violon rouge, Le) (1998)",-0.130957
9,Political Intrigue,2739,"Color Purple, The (1985)",-0.125595
9,Political Intrigue,8873,"Motorcycle Diaries, The (Diarios de motocicleta) (2004)",-0.09048
9,Political Intrigue,93272,Dr. Seuss' The Lorax (2012),-0.132601
9,Political Intrigue,2116,"Lord of the Rings, The (1978)",-0.0338
9,Political Intrigue,57274,[REC] (2007),-0.120193
9,Political Intrigue,2787,Cat's Eye (1985),-0.125796
9,Political Intrigue,468,"Englishman Who Went Up a Hill But Came Down a Mountain, The (1995)",-0.130678
9,Political Intrigue,5876,"Quiet American, The (2002)",0.497183
9,Political Intrigue,1391,Mars Attacks! (1996),0.008662
9,Political Intrigue,1949,"Man for All Seasons, A (1966)",0.489133
9,Political Intrigue,8860,Cellular (2004),-0.118838
9,Political Intrigue,8253,Lupin III: The Castle Of Cagliostro (Rupan sansei: Kariosutoro no shiro) (1979),0.045426
9,Political Intrigue,37384,Waiting... (2005),-0.129567
9,Political Intrigue,253,Interview with the Vampire: The Vampire Chronicles (1994),-0.121078
9,Political Intrigue,213,Burnt by the Sun (Utomlyonnye solntsem) (1994),0.771811
9,Political Intrigue,3022,"General, The (1926)",-0.124913
9,Political Intrigue,58293,"10,000 BC (2008)",-0.106932
9,Political Intrigue,3439,Teenage Mutant Ninja Turtles II: The Secret of the Ooze (1991),-0.125361
9,Political Intrigue,8827,"Bill Cosby, Himself (1983)",-0.133904
9,Political Intrigue,8169,*batteries not included (1987),-0.135409
9,Political Intrigue,2,Jumanji (1995),-0.126304
9,Political Intrigue,1059,William Shakespeare's Romeo + Juliet (1996),-0.073012
9,Political Intrigue,7381,"Whole Ten Yards, The (2004)",-0.106808
9,Political Intrigue,5941,Drumline (2002),-0.132378
9,Political Intrigue,2334,"Siege, The (1998)",0.692387
9,Political Intrigue,3204,"Boys from Brazil, The (1978)",0.868156
9,Political Intrigue,2546,"Deep End of the Ocean, The (1999)",-0.120261
9,Political Intrigue,433,Clean Slate (1994),-0.11699
9,Political Intrigue,1372,Star Trek VI: The Undiscovered Country (1991),1.0
9,Political Intrigue,1680,Sliding Doors (1998),-0.132264
9,Political Intrigue,1132,Manon of the Spring (Manon des sources) (1986),0.068597
9,Political Intrigue,3100,"River Runs Through It, A (1992)",-0.130499
9,Political Intrigue,725,"Great White Hype, The (1996)",0.006656
9,Political Intrigue,66934,Dr. Horrible's Sing-Along Blog (2008),-0.081391
9,Political Intrigue,100498,"Good Day to Die Hard, A (2013)",-0.045313
9,Political Intrigue,3812,Everything You Always Wanted to Know About Sex * But Were Afraid to Ask (1972),-0.128867
9,Political Intrigue,2504,200 Cigarettes (1999),-0.124062
9,Political Intrigue,2212,"Man Who Knew Too Much, The (1934)",0.614394
9,Political Intrigue,80590,Wall Street: Money Never Sleeps (2010),0.306066
9,Political Intrigue,2771,Brokedown Palace (1999),-0.106671
9,Political Intrigue,2376,"View to a Kill, A (1985)",0.095545
9,Political Intrigue,1005,D3: The Mighty Ducks (1996),-0.13181
9,Political Intrigue,111759,Edge of Tomorrow (2014),-0.108283
9,Political Intrigue,161922,The Edge of Seventeen (2016),-0.134309
9,Political Intrigue,3754,"Adventures of Rocky and Bullwinkle, The (2000)",0.043113
9,Political Intrigue,86142,13 Assassins (Jûsan-nin no shikaku) (2010),0.274714
9,Political Intrigue,114847,Autómata (Automata) (2014),0.493019
9,Political Intrigue,973,Meet John Doe (1941),0.483466
9,Political Intrigue,6958,"Haunted Mansion, The (2003)",-0.12279
9,Political Intrigue,2381,Police Academy 4: Citizens on Patrol (1987),-0.132569
9,Political Intrigue,232,Eat Drink Man Woman (Yin shi nan nu) (1994),-0.133092
9,Political Intrigue,328,Tales from the Crypt Presents: Demon Knight (1995),-0.12238
9,Political Intrigue,1913,Picnic at Hanging Rock (1975),-0.12276
9,Political Intrigue,202429,Once Upon a Time in Hollywood (2019),-0.102144
9,Political Intrigue,6534,Hulk (2003),-0.058143
9,Political Intrigue,2639,Mommie Dearest (1981),-0.119509
9,Political Intrigue,72294,"Christmas Carol, A (2009)",-0.134537
9,Political Intrigue,7842,Dune (2000),0.789062
9,Political Intrigue,47640,Beerfest (2006),-0.129174
9,Political Intrigue,1998,Exorcist II: The Heretic (1977),-0.120114
9,Political Intrigue,4681,"War of the Roses, The (1989)",-0.092436
9,Political Intrigue,2375,"Money Pit, The (1986)",-0.128881
9,Political Intrigue,32587,Sin City (2005),0.161411
9,Political Intrigue,5833,Dog Soldiers (2002),-0.125383
9,Political Intrigue,51091,Black Snake Moan (2006),-0.126743
9,Political Intrigue,26242,Duel (1971),-0.124576
9,Political Intrigue,192379,First Man (2018),-0.118569
9,Political Intrigue,4254,Crocodile Dundee in Los Angeles (2001),-0.12848
9,Political Intrigue,6299,"Winged Migration (Peuple migrateur, Le) (2001)",-0.138253
9,Political Intrigue,371,"Paper, The (1994)",-0.111885
9,Political Intrigue,258,"Kid in King Arthur's Court, A (1995)",-0.120535
10,Satirical Edge,1453,"Beautician and the Beast, The (1997)",0.307875
10,Satirical Edge,71282,"Food, Inc. (2008)",-0.10093
10,Satirical Edge,1976,Friday the 13th Part 3: 3D (1982),-0.112457
10,Satirical Edge,3062,"Longest Day, The (1962)",-0.117915
10,Satirical Edge,73929,Legion (2010),-0.110457
10,Satirical Edge,354,Cobb (1994),-0.121772
10,Satirical Edge,801,Harriet the Spy (1996),-0.109312
10,Satirical Edge,286897,Spider-Man: Across the Spider-Verse (2023),-0.028627
10,Satirical Edge,8014,"Spring, Summer, Fall, Winter... and Spring (Bom yeoreum gaeul gyeoul geurigo bom) (2003)",-0.120348
10,Satirical Edge,1429,First Strike (Police Story 4: First Strike) (Ging chaat goo si 4: Ji gaan daan yam mo) (1996),-0.109724
10,Satirical Edge,169906,The Night Of (2016),-0.102423
10,Satirical Edge,1019,"20,000 Leagues Under the Sea (1954)",-0.116094
10,Satirical Edge,5,Father of the Bride Part II (1995),-0.083631
10,Satirical Edge,60487,"It's the Great Pumpkin, Charlie Brown (1966)",-0.119584
10,Satirical Edge,192803,Bohemian Rhapsody (2018),-0.115085
10,Satirical Edge,971,Cat on a Hot Tin Roof (1958),-0.108585
10,Satirical Edge,244178,The Northman,-0.115026
10,Satirical Edge,1378,Young Guns (1988),-0.105064
10,Satirical Edge,104283,"Wind Rises, The (Kaze tachinu) (2013)",-0.083596
10,Satirical Edge,57532,Meet the Spartans (2008),0.890139
10,Satirical Edge,2026,Disturbing Behavior (1998),-0.006264
10,Satirical Edge,1015,Homeward Bound: The Incredible Journey (1993),-0.125863
10,Satirical Edge,3877,Supergirl (1984),-0.119493
10,Satirical Edge,7137,"Cooler, The (2003)",-0.041078
10,Satirical Edge,2261,One Crazy Summer (1986),-0.099005
10,Satirical Edge,32460,Knockin' on Heaven's Door (1997),-0.098757
10,Satirical Edge,8908,Ladder 49 (2004),-0.127065
10,Satirical Edge,3145,Cradle Will Rock (1999),-0.099548
10,Satirical Edge,2686,"Red Violin, The (Violon rouge, Le) (1998)",-0.116078
10,Satirical Edge,2739,"Color Purple, The (1985)",-0.126161
10,Satirical Edge,8873,"Motorcycle Diaries, The (Diarios de motocicleta) (2004)",-0.114953
10,Satirical Edge,93272,Dr. Seuss' The Lorax (2012),0.366772
10,Satirical Edge,2116,"Lord of the Rings, The (1978)",-0.121941
10,Satirical Edge,57274,[REC] (2007),-0.10828
10,Satirical Edge,2787,Cat's Eye (1985),-0.112136
10,Satirical Edge,468,"Englishman Who Went Up a Hill But Came Down a Mountain, The (1995)",0.10025
10,Satirical Edge,5876,"Quiet American, The (2002)",0.144979
10,Satirical Edge,1391,Mars Attacks! (1996),1.0
10,Satirical Edge,1949,"Man for All Seasons, A (1966)",-0.117095
10,Satirical Edge,8860,Cellular (2004),-0.119754
10,Satirical Edge,8253,Lupin III: The Castle Of Cagliostro (Rupan sansei: Kariosutoro no shiro) (1979),-0.088059
10,Satirical Edge,37384,Waiting... (2005),0.302016
10,Satirical Edge,253,Interview with the Vampire: The Vampire Chronicles (1994),-0.112042
10,Satirical Edge,213,Burnt by the Sun (Utomlyonnye solntsem) (1994),-0.107601
10,Satirical Edge,3022,"General, The (1926)",-0.101117
10,Satirical Edge,58293,"10,000 BC (2008)",-0.11813
10,Satirical Edge,3439,Teenage Mutant Ninja Turtles II: The Secret of the Ooze (1991),-0.128782
10,Satirical Edge,8827,"Bill Cosby, Himself (1983)",-0.070367
10,Satirical Edge,8169,*batteries not included (1987),-0.108356
10,Satirical Edge,2,Jumanji (1995),-0.10779
10,Satirical Edge,1059,William Shakespeare's Romeo + Juliet (1996),-0.104746
10,Satirical Edge,7381,"Whole Ten Yards, The (2004)",0.37015
10,Satirical Edge,5941,Drumline (2002),-0.110515
10,Satirical Edge,2334,"Siege, The (1998)",-0.108167
10,Satirical Edge,3204,"Boys from Brazil, The (1978)",-0.092233
10,Satirical Edge,2546,"Deep End of the Ocean, The (1999)",-0.119704
10,Satirical Edge,433,Clean Slate (1994),-0.089608
10,Satirical Edge,1372,Star Trek VI: The Undiscovered Country (1991),-0.078494
10,Satirical Edge,1680,Sliding Doors (1998),-0.11809
10,Satirical Edge,1132,Manon of the Spring (Manon des sources) (1986),-0.122522
10,Satirical Edge,3100,"River Runs Through It, A (1992)",-0.12962
10,Satirical Edge,725,"Great White Hype, The (1996)",0.99981
10,Satirical Edge,66934,Dr. Horrible's Sing-Along Blog (2008),0.712448
10,Satirical Edge,100498,"Good Day to Die Hard, A (2013)",-0.115348
10,Satirical Edge,3812,Everything You Always Wanted to Know About Sex * But Were Afraid to Ask (1972),0.82243
10,Satirical Edge,2504,200 Cigarettes (1999),-0.075907
10,Satirical Edge,2212,"Man Who Knew Too Much, The (1934)",-0.11384
10,Satirical Edge,80590,Wall Street: Money Never Sleeps (2010),0.061301
10,Satirical Edge,2771,Brokedown Palace (1999),-0.116723
10,Satirical Edge,2376,"View to a Kill, A (1985)",-0.115564
10,Satirical Edge,1005,D3: The Mighty Ducks (1996),-0.11828
10,Satirical Edge,111759,Edge of Tomorrow (2014),-0.115232
10,Satirical Edge,161922,The Edge of Seventeen (2016),-0.107076
10,Satirical Edge,3754,"Adventures of Rocky and Bullwinkle, The (2000)",0.52773
10,Satirical Edge,86142,13 Assassins (Jûsan-nin no shikaku) (2010),-0.113328
10,Satirical Edge,114847,Autómata (Automata) (2014),-0.043614
10,Satirical Edge,973,Meet John Doe (1941),0.447167
10,Satirical Edge,6958,"Haunted Mansion, The (2003)",-0.112304
10,Satirical Edge,2381,Police Academy 4: Citizens on Patrol (1987),-0.106581
10,Satirical Edge,232,Eat Drink Man Woman (Yin shi nan nu) (1994),-0.118188
10,Satirical Edge,328,Tales from the Crypt Presents: Demon Knight (1995),-0.076843
10,Satirical Edge,1913,Picnic at Hanging Rock (1975),-0.106884
10,Satirical Edge,202429,Once Upon a Time in Hollywood (2019),0.412431
10,Satirical Edge,6534,Hulk (2003),-0.111369
10,Satirical Edge,2639,Mommie Dearest (1981),-0.112463
10,Satirical Edge,72294,"Christmas Carol, A (2009)",-0.11848
10,Satirical Edge,7842,Dune (2000),-0.108972
10,Satirical Edge,47640,Beerfest (2006),0.185459
10,Satirical Edge,1998,Exorcist II: The Heretic (1977),-0.114964
10,Satirical Edge,4681,"War of the Roses, The (1989)",0.624004
10,Satirical Edge,2375,"Money Pit, The (1986)",-0.04511
10,Satirical Edge,32587,Sin City (2005),-0.100677
10,Satirical Edge,5833,Dog Soldiers (2002),-0.111931
10,Satirical Edge,51091,Black Snake Moan (2006),-0.105629
10,Satirical Edge,26242,Duel (1971),-0.113587
10,Satirical Edge,192379,First Man (2018),-0.114504
10,Satirical Edge,4254,Crocodile Dundee in Los Angeles (2001),0.245949
10,Satirical Edge,6299,"Winged Migration (Peuple migrateur, Le) (2001)",-0.110815
10,Satirical Edge,371,"Paper, The (1994)",-0.040807
10,Satirical Edge,258,"Kid in King Arthur's Court, A (1995)",-0.105845
11,Survival/Stress Scenarios,1453,"Beautician and the Beast, The (1997)",-0.230844
11,Survival/Stress Scenarios,71282,"Food, Inc. (2008)",-0.229418
11,Survival/Stress Scenarios,1976,Friday the 13th Part 3: 3D (1982),0.768399
11,Survival/Stress Scenarios,3062,"Longest Day, The (1962)",0.679369
11,Survival/Stress Scenarios,73929,Legion (2010),0.916895
11,Survival/Stress Scenarios,354,Cobb (1994),-0.231902
11,Survival/Stress Scenarios,801,Harriet the Spy (1996),-0.235814
11,Survival/Stress Scenarios,286897,Spider-Man: Across the Spider-Verse (2023),0.002678
11,Survival/Stress Scenarios,8014,"Spring, Summer, Fall, Winter... and Spring (Bom yeoreum gaeul gyeoul geurigo bom) (2003)",-0.23074
11,Survival/Stress Scenarios,1429,First Strike (Police Story 4: First Strike) (Ging chaat goo si 4: Ji gaan daan yam mo) (1996),0.314752
11,Survival/Stress Scenarios,169906,The Night Of (2016),-0.091426
11,Survival/Stress Scenarios,1019,"20,000 Leagues Under the Sea (1954)",-0.123275
11,Survival/Stress Scenarios,5,Father of the Bride Part II (1995),-0.238737
11,Survival/Stress Scenarios,60487,"It's the Great Pumpkin, Charlie Brown (1966)",-0.234872
11,Survival/Stress Scenarios,192803,Bohemian Rhapsody (2018),-0.23381
11,Survival/Stress Scenarios,971,Cat on a Hot Tin Roof (1958),-0.231734
11,Survival/Stress Scenarios,244178,The Northman,0.563377
11,Survival/Stress Scenarios,1378,Young Guns (1988),0.256568
11,Survival/Stress Scenarios,104283,"Wind Rises, The (Kaze tachinu) (2013)",-0.223466
11,Survival/Stress Scenarios,57532,Meet the Spartans (2008),-0.230627
11,Survival/Stress Scenarios,2026,Disturbing Behavior (1998),0.013232
11,Survival/Stress Scenarios,1015,Homeward Bound: The Incredible Journey (1993),-0.020512
11,Survival/Stress Scenarios,3877,Supergirl (1984),0.083058
11,Survival/Stress Scenarios,7137,"Cooler, The (2003)",-0.229217
11,Survival/Stress Scenarios,2261,One Crazy Summer (1986),-0.231835
11,Survival/Stress Scenarios,32460,Knockin' on Heaven's Door (1997),-0.217841
11,Survival/Stress Scenarios,8908,Ladder 49 (2004),0.828552
11,Survival/Stress Scenarios,3145,Cradle Will Rock (1999),-0.231672
11,Survival/Stress Scenarios,2686,"Red Violin, The (Violon rouge, Le) (1998)",-0.233621
11,Survival/Stress Scenarios,2739,"Color Purple, The (1985)",-0.23179
11,Survival/Stress Scenarios,8873,"Motorcycle Diaries, The (Diarios de motocicleta) (2004)",-0.227693
11,Survival/Stress Scenarios,93272,Dr. Seuss' The Lorax (2012),-0.232278
11,Survival/Stress Scenarios,2116,"Lord of the Rings, The (1978)",0.133344
11,Survival/Stress Scenarios,57274,[REC] (2007),1.0
11,Survival/Stress Scenarios,2787,Cat's Eye (1985),0.183515
11,Survival/Stress Scenarios,468,"Englishman Who Went Up a Hill But Came Down a Mountain, The (1995)",-0.23885
11,Survival/Stress Scenarios,5876,"Quiet American, The (2002)",-0.053005
11,Survival/Stress Scenarios,1391,Mars Attacks! (1996),0.295287
11,Survival/Stress Scenarios,1949,"Man for All Seasons, A (1966)",-0.232486
11,Survival/Stress Scenarios,8860,Cellular (2004),0.572964
11,Survival/Stress Scenarios,8253,Lupin III: The Castle Of Cagliostro (Rupan sansei: Kariosutoro no shiro) (1979),-0.206894
11,Survival/Stress Scenarios,37384,Waiting... (2005),-0.235142
11,Survival/Stress Scenarios,253,Interview with the Vampire: The Vampire Chronicles (1994),-0.196937
11,Survival/Stress Scenarios,213,Burnt by the Sun (Utomlyonnye solntsem) (1994),0.028621
11,Survival/Stress Scenarios,3022,"General, The (1926)",-0.216297
11,Survival/Stress Scenarios,58293,"10,000 BC (2008)",0.618475
11,Survival/Stress Scenarios,3439,Teenage Mutant Ninja Turtles II: The Secret of the Ooze (1991),-0.175168
11,Survival/Stress Scenarios,8827,"Bill Cosby, Himself (1983)",-0.23311
11,Survival/Stress Scenarios,8169,*batteries not included (1987),-0.232884
11,Survival/Stress Scenarios,2,Jumanji (1995),0.459477
11,Survival/Stress Scenarios,1059,William Shakespeare's Romeo + Juliet (1996),-0.22734
11,Survival/Stress Scenarios,7381,"Whole Ten Yards, The (2004)",-0.129372
11,Survival/Stress Scenarios,5941,Drumline (2002),-0.232181
11,Survival/Stress Scenarios,2334,"Siege, The (1998)",0.374094
11,Survival/Stress Scenarios,3204,"Boys from Brazil, The (1978)",0.296697
11,Survival/Stress Scenarios,2546,"Deep End of the Ocean, The (1999)",-0.228527
11,Survival/Stress Scenarios,433,Clean Slate (1994),-0.227586
11,Survival/Stress Scenarios,1372,Star Trek VI: The Undiscovered Country (1991),-0.126961
11,Survival/Stress Scenarios,1680,Sliding Doors (1998),-0.230039
11,Survival/Stress Scenarios,1132,Manon of the Spring (Manon des sources) (1986),-0.224769
11,Survival/Stress Scenarios,3100,"River Runs Through It, A (1992)",-0.232195
11,Survival/Stress Scenarios,725,"Great White Hype, The (1996)",-0.224715
11,Survival/Stress Scenarios,66934,Dr. Horrible's Sing-Along Blog (2008),-0.231556
11,Survival/Stress Scenarios,100498,"Good Day to Die Hard, A (2013)",0.55272
11,Survival/Stress Scenarios,3812,Everything You Always Wanted to Know About Sex * But Were Afraid to Ask (1972),-0.230818
11,Survival/Stress Scenarios,2504,200 Cigarettes (1999),-0.232612
11,Survival/Stress Scenarios,2212,"Man Who Knew Too Much, The (1934)",0.201078
11,Survival/Stress Scenarios,80590,Wall Street: Money Never Sleeps (2010),-0.233891
11,Survival/Stress Scenarios,2771,Brokedown Palace (1999),-0.083315
11,Survival/Stress Scenarios,2376,"View to a Kill, A (1985)",0.313993
11,Survival/Stress Scenarios,1005,D3: The Mighty Ducks (1996),-0.235112
11,Survival/Stress Scenarios,111759,Edge of Tomorrow (2014),0.861395
11,Survival/Stress Scenarios,161922,The Edge of Seventeen (2016),-0.232495
11,Survival/Stress Scenarios,3754,"Adventures of Rocky and Bullwinkle, The (2000)",-0.219358
11,Survival/Stress Scenarios,86142,13 Assassins (Jûsan-nin no shikaku) (2010),0.599853
11,Survival/Stress Scenarios,114847,Autómata (Automata) (2014),0.006426
11,Survival/Stress Scenarios,973,Meet John Doe (1941),-0.230754
11,Survival/Stress Scenarios,6958,"Haunted Mansion, The (2003)",-0.064798
11,Survival/Stress Scenarios,2381,Police Academy 4: Citizens on Patrol (1987),-0.230119
11,Survival/Stress Scenarios,232,Eat Drink Man Woman (Yin shi nan nu) (1994),-0.2344
11,Survival/Stress Scenarios,328,Tales from the Crypt Presents: Demon Knight (1995),0.558102
11,Survival/Stress Scenarios,1913,Picnic at Hanging Rock (1975),-0.220416
11,Survival/Stress Scenarios,202429,Once Upon a Time in Hollywood (2019),-0.228023
11,Survival/Stress Scenarios,6534,Hulk (2003),-0.039708
11,Survival/Stress Scenarios,2639,Mommie Dearest (1981),-0.231543
11,Survival/Stress Scenarios,72294,"Christmas Carol, A (2009)",-0.235171
11,Survival/Stress Scenarios,7842,Dune (2000),0.446905
11,Survival/Stress Scenarios,47640,Beerfest (2006),-0.229201
11,Survival/Stress Scenarios,1998,Exorcist II: The Heretic (1977),0.090588
11,Survival/Stress Scenarios,4681,"War of the Roses, The (1989)",-0.230173
11,Survival/Stress Scenarios,2375,"Money Pit, The (1986)",-0.233868
11,Survival/Stress Scenarios,32587,Sin City (2005),0.155003
11,Survival/Stress Scenarios,5833,Dog Soldiers (2002),0.998912
11,Survival/Stress Scenarios,51091,Black Snake Moan (2006),-0.22592
11,Survival/Stress Scenarios,26242,Duel (1971),0.591859
11,Survival/Stress Scenarios,192379,First Man (2018),0.206685
11,Survival/Stress Scenarios,4254,Crocodile Dundee in Los Angeles (2001),-0.231428
11,Survival/Stress Scenarios,6299,"Winged Migration (Peuple migrateur, Le) (2001)",-0.217778
11,Survival/Stress Scenarios,371,"Paper, The (1994)",-0.231745
11,Survival/Stress Scenarios,258,"Kid in King Arthur's Court, A (1995)",-0.231087
12,Visual Spectacle,1453,"Beautician and the Beast, The (1997)",-0.312775
12,Visual Spectacle,71282,"Food, Inc. (2008)",-0.39994
12,Visual Spectacle,1976,Friday the 13th Part 3: 3D (1982),0.247268
12,Visual Spectacle,3062,"Longest Day, The (1962)",0.294649
12,Visual Spectacle,73929,Legion (2010),0.446369
12,Visual Spectacle,354,Cobb (1994),-0.343475
12,Visual Spectacle,801,Harriet the Spy (1996),-0.316376
12,Visual Spectacle,286897,Spider-Man: Across the Spider-Verse (2023),0.990144
12,Visual Spectacle,8014,"Spring, Summer, Fall, Winter... and Spring (Bom yeoreum gaeul gyeoul geurigo bom) (2003)",-0.327506
12,Visual Spectacle,1429,First Strike (Police Story 4: First Strike) (Ging chaat goo si 4: Ji gaan daan yam mo) (1996),0.172422
12,Visual Spectacle,169906,The Night Of (2016),-0.329297
12,Visual Spectacle,1019,"20,000 Leagues Under the Sea (1954)",0.431051
12,Visual Spectacle,5,Father of the Bride Part II (1995),-0.322405
12,Visual Spectacle,60487,"It's the Great Pumpkin, Charlie Brown (1966)",-0.205093
12,Visual Spectacle,192803,Bohemian Rhapsody (2018),0.00615
12,Visual Spectacle,971,Cat on a Hot Tin Roof (1958),-0.339315
12,Visual Spectacle,244178,The Northman,0.568473
12,Visual Spectacle,1378,Young Guns (1988),0.031865
12,Visual Spectacle,104283,"Wind Rises, The (Kaze tachinu) (2013)",0.332911
12,Visual Spectacle,57532,Meet the Spartans (2008),-0.084903
12,Visual Spectacle,2026,Disturbing Behavior (1998),-0.254387
12,Visual Spectacle,1015,Homeward Bound: The Incredible Journey (1993),-0.114013
12,Visual Spectacle,3877,Supergirl (1984),0.437002
12,Visual Spectacle,7137,"Cooler, The (2003)",-0.338876
12,Visual Spectacle,2261,One Crazy Summer (1986),-0.294813
12,Visual Spectacle,32460,Knockin' on Heaven's Door (1997),-0.332356
12,Visual Spectacle,8908,Ladder 49 (2004),-0.163511
12,Visual Spectacle,3145,Cradle Will Rock (1999),-0.31956
12,Visual Spectacle,2686,"Red Violin, The (Violon rouge, Le) (1998)",-0.158164
12,Visual Spectacle,2739,"Color Purple, The (1985)",-0.318149
12,Visual Spectacle,8873,"Motorcycle Diaries, The (Diarios de motocicleta) (2004)",-0.316588
12,Visual Spectacle,93272,Dr. Seuss' The Lorax (2012),0.796244
12,Visual Spectacle,2116,"Lord of the Rings, The (1978)",0.707039
12,Visual Spectacle,57274,[REC] (2007),-0.206601
12,Visual Spectacle,2787,Cat's Eye (1985),-0.044153
12,Visual Spectacle,468,"Englishman Who Went Up a Hill But Came Down a Mountain, The (1995)",-0.338846
12,Visual Spectacle,5876,"Quiet American, The (2002)",-0.344857
12,Visual Spectacle,1391,Mars Attacks! (1996),0.848824
12,Visual Spectacle,1949,"Man for All Seasons, A (1966)",-0.365362
12,Visual Spectacle,8860,Cellular (2004),-0.162843
12,Visual Spectacle,8253,Lupin III: The Castle Of Cagliostro (Rupan sansei: Kariosutoro no shiro) (1979),0.827738
12,Visual Spectacle,37384,Waiting... (2005),-0.333336
12,Visual Spectacle,253,Interview with the Vampire: The Vampire Chronicles (1994),0.035486
12,Visual Spectacle,213,Burnt by the Sun (Utomlyonnye solntsem) (1994),-0.311668
12,Visual Spectacle,3022,"General, The (1926)",0.166283
12,Visual Spectacle,58293,"10,000 BC (2008)",1.0
12,Visual Spectacle,3439,Teenage Mutant Ninja Turtles II: The Secret of the Ooze (1991),0.383058
12,Visual Spectacle,8827,"Bill Cosby, Himself (1983)",-0.398532
12,Visual Spectacle,8169,*batteries not included (1987),0.251138
12,Visual Spectacle,2,Jumanji (1995),0.830879
12,Visual Spectacle,1059,William Shakespeare's Romeo + Juliet (1996),0.604034
12,Visual Spectacle,7381,"Whole Ten Yards, The (2004)",-0.143001
12,Visual Spectacle,5941,Drumline (2002),0.073053
12,Visual Spectacle,2334,"Siege, The (1998)",-0.160977
12,Visual Spectacle,3204,"Boys from Brazil, The (1978)",-0.29985
12,Visual Spectacle,2546,"Deep End of the Ocean, The (1999)",-0.346478
12,Visual Spectacle,433,Clean Slate (1994),-0.322421
12,Visual Spectacle,1372,Star Trek VI: The Undiscovered Country (1991),0.231186
12,Visual Spectacle,1680,Sliding Doors (1998),-0.326865
12,Visual Spectacle,1132,Manon of the Spring (Manon des sources) (1986),-0.301339
12,Visual Spectacle,3100,"River Runs Through It, A (1992)",-0.305565
12,Visual Spectacle,725,"Great White Hype, The (1996)",-0.325441
12,Visual Spectacle,66934,Dr. Horrible's Sing-Along Blog (2008),0.014834
12,Visual Spectacle,100498,"Good Day to Die Hard, A (2013)",0.443425
12,Visual Spectacle,3812,Everything You Always Wanted to Know About Sex * But Were Afraid to Ask (1972),-0.341574
12,Visual Spectacle,2504,200 Cigarettes (1999),-0.31546
12,Visual Spectacle,2212,"Man Who Knew Too Much, The (1934)",-0.331531
12,Visual Spectacle,80590,Wall Street: Money Never Sleeps (2010),-0.319054
12,Visual Spectacle,2771,Brokedown Palace (1999),-0.327096
12,Visual Spectacle,2376,"View to a Kill, A (1985)",0.190188
12,Visual Spectacle,1005,D3: The Mighty Ducks (1996),-0.302233
12,Visual Spectacle,111759,Edge of Tomorrow (2014),0.626958
12,Visual Spectacle,161922,The Edge of Seventeen (2016),-0.32749
12,Visual Spectacle,3754,"Adventures of Rocky and Bullwinkle, The (2000)",0.384063
12,Visual Spectacle,86142,13 Assassins (Jûsan-nin no shikaku) (2010),0.284516
12,Visual Spectacle,114847,Autómata (Automata) (2014),0.217518
12,Visual Spectacle,973,Meet John Doe (1941),-0.344366
12,Visual Spectacle,6958,"Haunted Mansion, The (2003)",0.482686
12,Visual Spectacle,2381,Police Academy 4: Citizens on Patrol (1987),-0.332275
12,Visual Spectacle,232,Eat Drink Man Woman (Yin shi nan nu) (1994),-0.307616
12,Visual Spectacle,328,Tales from the Crypt Presents: Demon Knight (1995),0.0395
12,Visual Spectacle,1913,Picnic at Hanging Rock (1975),-0.089937
12,Visual Spectacle,202429,Once Upon a Time in Hollywood (2019),-0.258732
12,Visual Spectacle,6534,Hulk (2003),0.600845
12,Visual Spectacle,2639,Mommie Dearest (1981),-0.345468
12,Visual Spectacle,72294,"Christmas Carol, A (2009)",0.778453
12,Visual Spectacle,7842,Dune (2000),0.538007
12,Visual Spectacle,47640,Beerfest (2006),-0.290697
12,Visual Spectacle,1998,Exorcist II: The Heretic (1977),-0.168783
12,Visual Spectacle,4681,"War of the Roses, The (1989)",-0.329223
12,Visual Spectacle,2375,"Money Pit, The (1986)",-0.298767
12,Visual Spectacle,32587,Sin City (2005),0.593052
12,Visual Spectacle,5833,Dog Soldiers (2002),0.257252
12,Visual Spectacle,51091,Black Snake Moan (2006),-0.337608
12,Visual Spectacle,26242,Duel (1971),-0.246736
12,Visual Spectacle,192379,First Man (2018),-0.065792
12,Visual Spectacle,4254,Crocodile Dundee in Los Angeles (2001),-0.291391
12,Visual Spectacle,6299,"Winged Migration (Peuple migrateur, Le) (2001)",0.64991
12,Visual Spectacle,371,"Paper, The (1994)",-0.34993
12,Visual Spectacle,258,"Kid in King Arthur's Court, A (1995)",0.136917
13,Coming-of-Age Focus,1453,"Beautician and the Beast, The (1997)",-0.200536
13,Coming-of-Age Focus,71282,"Food, Inc. (2008)",-0.242228
13,Coming-of-Age Focus,1976,Friday the 13th Part 3: 3D (1982),-0.262386
13,Coming-of-Age Focus,3062,"Longest Day, The (1962)",-0.244297
13,Coming-of-Age Focus,73929,Legion (2010),-0.237027
13,Coming-of-Age Focus,354,Cobb (1994),-0.111987
13,Coming-of-Age Focus,801,Harriet the Spy (1996),0.600709
13,Coming-of-Age Focus,286897,Spider-Man: Across the Spider-Verse (2023),0.550002
13,Coming-of-Age Focus,8014,"Spring, Summer, Fall, Winter... and Spring (Bom yeoreum gaeul gyeoul geurigo bom) (2003)",-0.071729
13,Coming-of-Age Focus,1429,First Strike (Police Story 4: First Strike) (Ging chaat goo si 4: Ji gaan daan yam mo) (1996),-0.258452
13,Coming-of-Age Focus,169906,The Night Of (2016),0.251999
13,Coming-of-Age Focus,1019,"20,000 Leagues Under the Sea (1954)",-0.221972
13,Coming-of-Age Focus,5,Father of the Bride Part II (1995),-0.090845
13,Coming-of-Age Focus,60487,"It's the Great Pumpkin, Charlie Brown (1966)",0.123471
13,Coming-of-Age Focus,192803,Bohemian Rhapsody (2018),-0.068903
13,Coming-of-Age Focus,971,Cat on a Hot Tin Roof (1958),-0.197291
13,Coming-of-Age Focus,244178,The Northman,-0.159875
13,Coming-of-Age Focus,1378,Young Guns (1988),0.122272
13,Coming-of-Age Focus,104283,"Wind Rises, The (Kaze tachinu) (2013)",0.488183
13,Coming-of-Age Focus,57532,Meet the Spartans (2008),-0.265649
13,Coming-of-Age Focus,2026,Disturbing Behavior (1998),0.073124
13,Coming-of-Age Focus,1015,Homeward Bound: The Incredible Journey (1993),-0.201262
13,Coming-of-Age Focus,3877,Supergirl (1984),-0.113334
13,Coming-of-Age Focus,7137,"Cooler, The (2003)",0.404313
13,Coming-of-Age Focus,2261,One Crazy Summer (1986),0.200151
13,Coming-of-Age Focus,32460,Knockin' on Heaven's Door (1997),-0.042556
13,Coming-of-Age Focus,8908,Ladder 49 (2004),-0.002568
13,Coming-of-Age Focus,3145,Cradle Will Rock (1999),-0.181638
13,Coming-of-Age Focus,2686,"Red Violin, The (Violon rouge, Le) (1998)",-0.177336
13,Coming-of-Age Focus,2739,"Color Purple, The (1985)",0.94095
13,Coming-of-Age Focus,8873,"Motorcycle Diaries, The (Diarios de motocicleta) (2004)",0.939899
13,Coming-of-Age Focus,93272,Dr. Seuss' The Lorax (2012),0.631374
13,Coming-of-Age Focus,2116,"Lord of the Rings, The (1978)",0.181665
13,Coming-of-Age Focus,57274,[REC] (2007),-0.228095
13,Coming-of-Age Focus,2787,Cat's Eye (1985),-0.233437
13,Coming-of-Age Focus,468,"Englishman Who Went Up a Hill But Came Down a Mountain, The (1995)",-0.210396
13,Coming-of-Age Focus,5876,"Quiet American, The (2002)",-0.204831
13,Coming-of-Age Focus,1391,Mars Attacks! (1996),-0.245186
13,Coming-of-Age Focus,1949,"Man for All Seasons, A (1966)",-0.217796
13,Coming-of-Age Focus,8860,Cellular (2004),-0.211678
13,Coming-of-Age Focus,8253,Lupin III: The Castle Of Cagliostro (Rupan sansei: Kariosutoro no shiro) (1979),-0.221904
13,Coming-of-Age Focus,37384,Waiting... (2005),-0.204129
13,Coming-of-Age Focus,253,Interview with the Vampire: The Vampire Chronicles (1994),-0.233688
13,Coming-of-Age Focus,213,Burnt by the Sun (Utomlyonnye solntsem) (1994),-0.188169
13,Coming-of-Age Focus,3022,"General, The (1926)",-0.246352
13,Coming-of-Age Focus,58293,"10,000 BC (2008)",-0.176471
13,Coming-of-Age Focus,3439,Teenage Mutant Ninja Turtles II: The Secret of the Ooze (1991),-0.223459
13,Coming-of-Age Focus,8827,"Bill Cosby, Himself (1983)",-0.229146
13,Coming-of-Age Focus,8169,*batteries not included (1987),-0.176873
13,Coming-of-Age Focus,2,Jumanji (1995),0.182746
13,Coming-of-Age Focus,1059,William Shakespeare's Romeo + Juliet (1996),0.228932
13,Coming-of-Age Focus,7381,"Whole Ten Yards, The (2004)",-0.245939
13,Coming-of-Age Focus,5941,Drumline (2002),0.732997
13,Coming-of-Age Focus,2334,"Siege, The (1998)",-0.238683
13,Coming-of-Age Focus,3204,"Boys from Brazil, The (1978)",-0.236277
13,Coming-of-Age Focus,2546,"Deep End of the Ocean, The (1999)",-0.117105
13,Coming-of-Age Focus,433,Clean Slate (1994),-0.186445
13,Coming-of-Age Focus,1372,Star Trek VI: The Undiscovered Country (1991),-0.2382
13,Coming-of-Age Focus,1680,Sliding Doors (1998),-0.006948
13,Coming-of-Age Focus,1132,Manon of the Spring (Manon des sources) (1986),0.428064
13,Coming-of-Age Focus,3100,"River Runs Through It, A (1992)",0.693099
13,Coming-of-Age Focus,725,"Great White Hype, The (1996)",-0.23434
13,Coming-of-Age Focus,66934,Dr. Horrible's Sing-Along Blog (2008),0.806744
13,Coming-of-Age Focus,100498,"Good Day to Die Hard, A (2013)",-0.120881
13,Coming-of-Age Focus,3812,Everything You Always Wanted to Know About Sex * But Were Afraid to Ask (1972),-0.236064
13,Coming-of-Age Focus,2504,200 Cigarettes (1999),0.381784
13,Coming-of-Age Focus,2212,"Man Who Knew Too Much, The (1934)",-0.253386
13,Coming-of-Age Focus,80590,Wall Street: Money Never Sleeps (2010),-0.009653
13,Coming-of-Age Focus,2771,Brokedown Palace (1999),0.481486
13,Coming-of-Age Focus,2376,"View to a Kill, A (1985)",-0.24895
13,Coming-of-Age Focus,1005,D3: The Mighty Ducks (1996),0.920461
13,Coming-of-Age Focus,111759,Edge of Tomorrow (2014),-0.188086
13,Coming-of-Age Focus,161922,The Edge of Seventeen (2016),0.788098
13,Coming-of-Age Focus,3754,"Adventures of Rocky and Bullwinkle, The (2000)",-0.239529
13,Coming-of-Age Focus,86142,13 Assassins (Jûsan-nin no shikaku) (2010),-0.238579
13,Coming-of-Age Focus,114847,Autómata (Automata) (2014),-0.236189
13,Coming-of-Age Focus,973,Meet John Doe (1941),0.356388
13,Coming-of-Age Focus,6958,"Haunted Mansion, The (2003)",-0.226236
13,Coming-of-Age Focus,2381,Police Academy 4: Citizens on Patrol (1987),-0.189241
13,Coming-of-Age Focus,232,Eat Drink Man Woman (Yin shi nan nu) (1994),-0.057809
13,Coming-of-Age Focus,328,Tales from the Crypt Presents: Demon Knight (1995),-0.276207
13,Coming-of-Age Focus,1913,Picnic at Hanging Rock (1975),-0.156102
13,Coming-of-Age Focus,202429,Once Upon a Time in Hollywood (2019),-0.120194
13,Coming-of-Age Focus,6534,Hulk (2003),-0.195846
13,Coming-of-Age Focus,2639,Mommie Dearest (1981),0.286901
13,Coming-of-Age Focus,72294,"Christmas Carol, A (2009)",0.021438
13,Coming-of-Age Focus,7842,Dune (2000),0.384616
13,Coming-of-Age Focus,47640,Beerfest (2006),-0.207512
13,Coming-of-Age Focus,1998,Exorcist II: The Heretic (1977),-0.2111
13,Coming-of-Age Focus,4681,"War of the Roses, The (1989)",-0.225752
13,Coming-of-Age Focus,2375,"Money Pit, The (1986)",-0.239417
13,Coming-of-Age Focus,32587,Sin City (2005),-0.23556
13,Coming-of-Age Focus,5833,Dog Soldiers (2002),-0.257304
13,Coming-of-Age Focus,51091,Black Snake Moan (2006),0.637478
13,Coming-of-Age Focus,26242,Duel (1971),-0.265211
13,Coming-of-Age Focus,192379,First Man (2018),-0.176595
13,Coming-of-Age Focus,4254,Crocodile Dundee in Los Angeles (2001),-0.238633
13,Coming-of-Age Focus,6299,"Winged Migration (Peuple migrateur, Le) (2001)",-0.275606
13,Coming-of-Age Focus,371,"Paper, The (1994)",-0.206287
13,Coming-of-Age Focus,258,"Kid in King Arthur's Court, A (1995)",1.0
14,Nostalgic Aesthetics,1453,"Beautician and the Beast, The (1997)",-0.175061
14,Nostalgic Aesthetics,71282,"Food, Inc. (2008)",-0.213792
14,Nostalgic Aesthetics,1976,Friday the 13th Part 3: 3D (1982),0.444962
14,Nostalgic Aesthetics,3062,"Longest Day, The (1962)",-0.110593
14,Nostalgic Aesthetics,73929,Legion (2010),-0.216904
14,Nostalgic Aesthetics,354,Cobb (1994),-0.03086
14,Nostalgic Aesthetics,801,Harriet the Spy (1996),-0.15976
14,Nostalgic Aesthetics,286897,Spider-Man: Across the Spider-Verse (2023),-0.081806
14,Nostalgic Aesthetics,8014,"Spring, Summer, Fall, Winter... and Spring (Bom yeoreum gaeul gyeoul geurigo bom) (2003)",-0.218542
14,Nostalgic Aesthetics,1429,First Strike (Police Story 4: First Strike) (Ging chaat goo si 4: Ji gaan daan yam mo) (1996),-0.202571
14,Nostalgic Aesthetics,169906,The Night Of (2016),-0.236041
14,Nostalgic Aesthetics,1019,"20,000 Leagues Under the Sea (1954)",0.49891
14,Nostalgic Aesthetics,5,Father of the Bride Part II (1995),-0.17083
14,Nostalgic Aesthetics,60487,"It's the Great Pumpkin, Charlie Brown (1966)",0.781993
14,Nostalgic Aesthetics,192803,Bohemian Rhapsody (2018),0.098642
14,Nostalgic Aesthetics,971,Cat on a Hot Tin Roof (1958),-0.027532
14,Nostalgic Aesthetics,244178,The Northman,-0.026897
14,Nostalgic Aesthetics,1378,Young Guns (1988),0.359157
14,Nostalgic Aesthetics,104283,"Wind Rises, The (Kaze tachinu) (2013)",-0.057032
14,Nostalgic Aesthetics,57532,Meet the Spartans (2008),-0.202525
14,Nostalgic Aesthetics,2026,Disturbing Behavior (1998),-0.226336
14,Nostalgic Aesthetics,1015,Homeward Bound: The Incredible Journey (1993),-0.2106
14,Nostalgic Aesthetics,3877,Supergirl (1984),0.006104
14,Nostalgic Aesthetics,7137,"Cooler, The (2003)",-0.227377
14,Nostalgic Aesthetics,2261,One Crazy Summer (1986),0.246929
14,Nostalgic Aesthetics,32460,Knockin' on Heaven's Door (1997),-0.183842
14,Nostalgic Aesthetics,8908,Ladder 49 (2004),-0.224075
14,Nostalgic Aesthetics,3145,Cradle Will Rock (1999),0.698162
14,Nostalgic Aesthetics,2686,"Red Violin, The (Violon rouge, Le) (1998)",0.141503
14,Nostalgic Aesthetics,2739,"Color Purple, The (1985)",0.114083
14,Nostalgic Aesthetics,8873,"Motorcycle Diaries, The (Diarios de motocicleta) (2004)",-0.175512
14,Nostalgic Aesthetics,93272,Dr. Seuss' The Lorax (2012),0.024598
14,Nostalgic Aesthetics,2116,"Lord of the Rings, The (1978)",0.090851
14,Nostalgic Aesthetics,57274,[REC] (2007),-0.215809
14,Nostalgic Aesthetics,2787,Cat's Eye (1985),-0.14349
14,Nostalgic Aesthetics,468,"Englishman Who Went Up a Hill But Came Down a Mountain, The (1995)",-0.176453
14,Nostalgic Aesthetics,5876,"Quiet American, The (2002)",-0.09329
14,Nostalgic Aesthetics,1391,Mars Attacks! (1996),0.078441
14,Nostalgic Aesthetics,1949,"Man for All Seasons, A (1966)",-0.011344
14,Nostalgic Aesthetics,8860,Cellular (2004),-0.250691
14,Nostalgic Aesthetics,8253,Lupin III: The Castle Of Cagliostro (Rupan sansei: Kariosutoro no shiro) (1979),0.148908
14,Nostalgic Aesthetics,37384,Waiting... (2005),-0.206741
14,Nostalgic Aesthetics,253,Interview with the Vampire: The Vampire Chronicles (1994),-0.09446
14,Nostalgic Aesthetics,213,Burnt by the Sun (Utomlyonnye solntsem) (1994),-0.010761
14,Nostalgic Aesthetics,3022,"General, The (1926)",0.831978
14,Nostalgic Aesthetics,58293,"10,000 BC (2008)",-0.190822
14,Nostalgic Aesthetics,3439,Teenage Mutant Ninja Turtles II: The Secret of the Ooze (1991),0.281534
14,Nostalgic Aesthetics,8827,"Bill Cosby, Himself (1983)",0.020342
14,Nostalgic Aesthetics,8169,*batteries not included (1987),0.067092
14,Nostalgic Aesthetics,2,Jumanji (1995),0.100145
14,Nostalgic Aesthetics,1059,William Shakespeare's Romeo + Juliet (1996),-0.11983
14,Nostalgic Aesthetics,7381,"Whole Ten Yards, The (2004)",-0.198218
14,Nostalgic Aesthetics,5941,Drumline (2002),-0.132324
14,Nostalgic Aesthetics,2334,"Siege, The (1998)",-0.238667
14,Nostalgic Aesthetics,3204,"Boys from Brazil, The (1978)",-0.193732
14,Nostalgic Aesthetics,2546,"Deep End of the Ocean, The (1999)",-0.212596
14,Nostalgic Aesthetics,433,Clean Slate (1994),-0.219953
14,Nostalgic Aesthetics,1372,Star Trek VI: The Undiscovered Country (1991),-0.124674
14,Nostalgic Aesthetics,1680,Sliding Doors (1998),-0.219749
14,Nostalgic Aesthetics,1132,Manon of the Spring (Manon des sources) (1986),-0.050142
14,Nostalgic Aesthetics,3100,"River Runs Through It, A (1992)",0.250942
14,Nostalgic Aesthetics,725,"Great White Hype, The (1996)",-0.203605
14,Nostalgic Aesthetics,66934,Dr. Horrible's Sing-Along Blog (2008),0.068195
14,Nostalgic Aesthetics,100498,"Good Day to Die Hard, A (2013)",-0.220376
14,Nostalgic Aesthetics,3812,Everything You Always Wanted to Know About Sex * But Were Afraid to Ask (1972),0.461648
14,Nostalgic Aesthetics,2504,200 Cigarettes (1999),0.5583
14,Nostalgic Aesthetics,2212,"Man Who Knew Too Much, The (1934)",0.103169
14,Nostalgic Aesthetics,80590,Wall Street: Money Never Sleeps (2010),-0.228438
14,Nostalgic Aesthetics,2771,Brokedown Palace (1999),-0.228842
14,Nostalgic Aesthetics,2376,"View to a Kill, A (1985)",-0.054753
14,Nostalgic Aesthetics,1005,D3: The Mighty Ducks (1996),0.016952
14,Nostalgic Aesthetics,111759,Edge of Tomorrow (2014),-0.239833
14,Nostalgic Aesthetics,161922,The Edge of Seventeen (2016),-0.226933
14,Nostalgic Aesthetics,3754,"Adventures of Rocky and Bullwinkle, The (2000)",0.555181
14,Nostalgic Aesthetics,86142,13 Assassins (Jûsan-nin no shikaku) (2010),-0.04702
14,Nostalgic Aesthetics,114847,Autómata (Automata) (2014),-0.254298
14,Nostalgic Aesthetics,973,Meet John Doe (1941),0.44603
14,Nostalgic Aesthetics,6958,"Haunted Mansion, The (2003)",-0.049362
14,Nostalgic Aesthetics,2381,Police Academy 4: Citizens on Patrol (1987),0.361656
14,Nostalgic Aesthetics,232,Eat Drink Man Woman (Yin shi nan nu) (1994),-0.198385
14,Nostalgic Aesthetics,328,Tales from the Crypt Presents: Demon Knight (1995),-0.199034
14,Nostalgic Aesthetics,1913,Picnic at Hanging Rock (1975),0.57407
14,Nostalgic Aesthetics,202429,Once Upon a Time in Hollywood (2019),1.0
14,Nostalgic Aesthetics,6534,Hulk (2003),-0.215179
14,Nostalgic Aesthetics,2639,Mommie Dearest (1981),0.171691
14,Nostalgic Aesthetics,72294,"Christmas Carol, A (2009)",0.278363
14,Nostalgic Aesthetics,7842,Dune (2000),-0.254114
14,Nostalgic Aesthetics,47640,Beerfest (2006),-0.107402
14,Nostalgic Aesthetics,1998,Exorcist II: The Heretic (1977),-0.185836
14,Nostalgic Aesthetics,4681,"War of the Roses, The (1989)",-0.20874
14,Nostalgic Aesthetics,2375,"Money Pit, The (1986)",0.01086
14,Nostalgic Aesthetics,32587,Sin City (2005),0.446181
14,Nostalgic Aesthetics,5833,Dog Soldiers (2002),-0.212677
14,Nostalgic Aesthetics,51091,Black Snake Moan (2006),-0.020975
14,Nostalgic Aesthetics,26242,Duel (1971),-0.197567
14,Nostalgic Aesthetics,192379,First Man (2018),-0.202992
14,Nostalgic Aesthetics,4254,Crocodile Dundee in Los Angeles (2001),-0.070013
14,Nostalgic Aesthetics,6299,"Winged Migration (Peuple migrateur, Le) (2001)",-0.201832
14,Nostalgic Aesthetics,371,"Paper, The (1994)",-0.200267
14,Nostalgic Aesthetics,258,"Kid in King Arthur's Court, A (1995)",0.373133
15,Ensemble Cast Dynamics,1453,"Beautician and the Beast, The (1997)",0.02567
15,Ensemble Cast Dynamics,71282,"Food, Inc. (2008)",-0.496901
15,Ensemble Cast Dynamics,1976,Friday the 13th Part 3: 3D (1982),-0.633961
15,Ensemble Cast Dynamics,3062,"Longest Day, The (1962)",0.461504
15,Ensemble Cast Dynamics,73929,Legion (2010),0.434372
15,Ensemble Cast Dynamics,354,Cobb (1994),-0.382588
15,Ensemble Cast Dynamics,801,Harriet the Spy (1996),-0.220811
15,Ensemble Cast Dynamics,286897,Spider-Man: Across the Spider-Verse (2023),0.780735
15,Ensemble Cast Dynamics,8014,"Spring, Summer, Fall, Winter... and Spring (Bom yeoreum gaeul gyeoul geurigo bom) (2003)",-0.530135
15,Ensemble Cast Dynamics,1429,First Strike (Police Story 4: First Strike) (Ging chaat goo si 4: Ji gaan daan yam mo) (1996),-0.556026
15,Ensemble Cast Dynamics,169906,The Night Of (2016),-0.045117
15,Ensemble Cast Dynamics,1019,"20,000 Leagues Under the Sea (1954)",0.028681
15,Ensemble Cast Dynamics,5,Father of the Bride Part II (1995),0.178298
15,Ensemble Cast Dynamics,60487,"It's the Great Pumpkin, Charlie Brown (1966)",0.229946
15,Ensemble Cast Dynamics,192803,Bohemian Rhapsody (2018),0.335848
15,Ensemble Cast Dynamics,971,Cat on a Hot Tin Roof (1958),1.0
15,Ensemble Cast Dynamics,244178,The Northman,-0.447859
15,Ensemble Cast Dynamics,1378,Young Guns (1988),0.531076
15,Ensemble Cast Dynamics,104283,"Wind Rises, The (Kaze tachinu) (2013)",-0.452194
15,Ensemble Cast Dynamics,57532,Meet the Spartans (2008),-0.329457
15,Ensemble Cast Dynamics,2026,Disturbing Behavior (1998),-0.376861
15,Ensemble Cast Dynamics,1015,Homeward Bound: The Incredible Journey (1993),0.403825
15,Ensemble Cast Dynamics,3877,Supergirl (1984),-0.481525
15,Ensemble Cast Dynamics,7137,"Cooler, The (2003)",-0.127514
15,Ensemble Cast Dynamics,2261,One Crazy Summer (1986),0.355033
15,Ensemble Cast Dynamics,32460,Knockin' on Heaven's Door (1997),-0.060997
15,Ensemble Cast Dynamics,8908,Ladder 49 (2004),0.203187
15,Ensemble Cast Dynamics,3145,Cradle Will Rock (1999),0.604292
15,Ensemble Cast Dynamics,2686,"Red Violin, The (Violon rouge, Le) (1998)",-0.441983
15,Ensemble Cast Dynamics,2739,"Color Purple, The (1985)",0.850178
15,Ensemble Cast Dynamics,8873,"Motorcycle Diaries, The (Diarios de motocicleta) (2004)",-0.066108
15,Ensemble Cast Dynamics,93272,Dr. Seuss' The Lorax (2012),-0.118904
15,Ensemble Cast Dynamics,2116,"Lord of the Rings, The (1978)",0.444686
15,Ensemble Cast Dynamics,57274,[REC] (2007),-0.2005
15,Ensemble Cast Dynamics,2787,Cat's Eye (1985),-0.606477
15,Ensemble Cast Dynamics,468,"Englishman Who Went Up a Hill But Came Down a Mountain, The (1995)",0.540552
15,Ensemble Cast Dynamics,5876,"Quiet American, The (2002)",0.053092
15,Ensemble Cast Dynamics,1391,Mars Attacks! (1996),0.245228
15,Ensemble Cast Dynamics,1949,"Man for All Seasons, A (1966)",-0.504941
15,Ensemble Cast Dynamics,8860,Cellular (2004),-0.493941
15,Ensemble Cast Dynamics,8253,Lupin III: The Castle Of Cagliostro (Rupan sansei: Kariosutoro no shiro) (1979),-0.076593
15,Ensemble Cast Dynamics,37384,Waiting... (2005),0.713407
15,Ensemble Cast Dynamics,253,Interview with the Vampire: The Vampire Chronicles (1994),-0.295624
15,Ensemble Cast Dynamics,213,Burnt by the Sun (Utomlyonnye solntsem) (1994),0.079914
15,Ensemble Cast Dynamics,3022,"General, The (1926)",-0.499053
15,Ensemble Cast Dynamics,58293,"10,000 BC (2008)",-0.390507
15,Ensemble Cast Dynamics,3439,Teenage Mutant Ninja Turtles II: The Secret of the Ooze (1991),0.147574
15,Ensemble Cast Dynamics,8827,"Bill Cosby, Himself (1983)",-0.730617
15,Ensemble Cast Dynamics,8169,*batteries not included (1987),0.766368
15,Ensemble Cast Dynamics,2,Jumanji (1995),0.489431
15,Ensemble Cast Dynamics,1059,William Shakespeare's Romeo + Juliet (1996),-0.217635
15,Ensemble Cast Dynamics,7381,"Whole Ten Yards, The (2004)",-0.076188
15,Ensemble Cast Dynamics,5941,Drumline (2002),0.715203
15,Ensemble Cast Dynamics,2334,"Siege, The (1998)",-0.330571
15,Ensemble Cast Dynamics,3204,"Boys from Brazil, The (1978)",-0.397724
15,Ensemble Cast Dynamics,2546,"Deep End of the Ocean, The (1999)",0.135915
15,Ensemble Cast Dynamics,433,Clean Slate (1994),-0.387861
15,Ensemble Cast Dynamics,1372,Star Trek VI: The Undiscovered Country (1991),0.778902
15,Ensemble Cast Dynamics,1680,Sliding Doors (1998),-0.438797
15,Ensemble Cast Dynamics,1132,Manon of the Spring (Manon des sources) (1986),-0.345063
15,Ensemble Cast Dynamics,3100,"River Runs Through It, A (1992)",0.375826
15,Ensemble Cast Dynamics,725,"Great White Hype, The (1996)",0.07094
15,Ensemble Cast Dynamics,66934,Dr. Horrible's Sing-Along Blog (2008),0.432837
15,Ensemble Cast Dynamics,100498,"Good Day to Die Hard, A (2013)",-0.150038
15,Ensemble Cast Dynamics,3812,Everything You Always Wanted to Know About Sex * But Were Afraid to Ask (1972),-0.447085
15,Ensemble Cast Dynamics,2504,200 Cigarettes (1999),0.817591
15,Ensemble Cast Dynamics,2212,"Man Who Knew Too Much, The (1934)",0.070653
15,Ensemble Cast Dynamics,80590,Wall Street: Money Never Sleeps (2010),0.223577
15,Ensemble Cast Dynamics,2771,Brokedown Palace (1999),0.014416
15,Ensemble Cast Dynamics,2376,"View to a Kill, A (1985)",-0.510656
15,Ensemble Cast Dynamics,1005,D3: The Mighty Ducks (1996),0.663839
15,Ensemble Cast Dynamics,111759,Edge of Tomorrow (2014),-0.197876
15,Ensemble Cast Dynamics,161922,The Edge of Seventeen (2016),0.132887
15,Ensemble Cast Dynamics,3754,"Adventures of Rocky and Bullwinkle, The (2000)",0.330272
15,Ensemble Cast Dynamics,86142,13 Assassins (Jûsan-nin no shikaku) (2010),0.439361
15,Ensemble Cast Dynamics,114847,Autómata (Automata) (2014),-0.4596
15,Ensemble Cast Dynamics,973,Meet John Doe (1941),0.188161
15,Ensemble Cast Dynamics,6958,"Haunted Mansion, The (2003)",-0.178816
15,Ensemble Cast Dynamics,2381,Police Academy 4: Citizens on Patrol (1987),0.542665
15,Ensemble Cast Dynamics,232,Eat Drink Man Woman (Yin shi nan nu) (1994),0.88112
15,Ensemble Cast Dynamics,328,Tales from the Crypt Presents: Demon Knight (1995),-0.497419
15,Ensemble Cast Dynamics,1913,Picnic at Hanging Rock (1975),-0.081693
15,Ensemble Cast Dynamics,202429,Once Upon a Time in Hollywood (2019),0.320431
15,Ensemble Cast Dynamics,6534,Hulk (2003),-0.422398
15,Ensemble Cast Dynamics,2639,Mommie Dearest (1981),-0.424064
15,Ensemble Cast Dynamics,72294,"Christmas Carol, A (2009)",-0.416064
15,Ensemble Cast Dynamics,7842,Dune (2000),-0.011434
15,Ensemble Cast Dynamics,47640,Beerfest (2006),-0.02346
15,Ensemble Cast Dynamics,1998,Exorcist II: The Heretic (1977),-0.472237
15,Ensemble Cast Dynamics,4681,"War of the Roses, The (1989)",-0.122212
15,Ensemble Cast Dynamics,2375,"Money Pit, The (1986)",-0.333398
15,Ensemble Cast Dynamics,32587,Sin City (2005),0.589454
15,Ensemble Cast Dynamics,5833,Dog Soldiers (2002),0.66923
15,Ensemble Cast Dynamics,51091,Black Snake Moan (2006),-0.349007
15,Ensemble Cast Dynamics,26242,Duel (1971),-0.58715
15,Ensemble Cast Dynamics,192379,First Man (2018),-0.460756
15,Ensemble Cast Dynamics,4254,Crocodile Dundee in Los Angeles (2001),-0.288434
15,Ensemble Cast Dynamics,6299,"Winged Migration (Peuple migrateur, Le) (2001)",-0.637292
15,Ensemble Cast Dynamics,371,"Paper, The (1994)",0.809822
15,Ensemble Cast Dynamics,258,"Kid in King Arthur's Court, A (1995)",-0.273877
16,Social Justice Themes,1453,"Beautician and the Beast, The (1997)",-0.124667
16,Social Justice Themes,71282,"Food, Inc. (2008)",0.560799
16,Social Justice Themes,1976,Friday the 13th Part 3: 3D (1982),-0.1306
16,Social Justice Themes,3062,"Longest Day, The (1962)",-0.118128
16,Social Justice Themes,73929,Legion (2010),-0.120054
16,Social Justice Themes,354,Cobb (1994),-0.125855
16,Social Justice Themes,801,Harriet the Spy (1996),-0.126107
16,Social Justice Themes,286897,Spider-Man: Across the Spider-Verse (2023),-0.099514
16,Social Justice Themes,8014,"Spring, Summer, Fall, Winter... and Spring (Bom yeoreum gaeul gyeoul geurigo bom) (2003)",-0.115007
16,Social Justice Themes,1429,First Strike (Police Story 4: First Strike) (Ging chaat goo si 4: Ji gaan daan yam mo) (1996),-0.133945
16,Social Justice Themes,169906,The Night Of (2016),0.8108
16,Social Justice Themes,1019,"20,000 Leagues Under the Sea (1954)",-0.125855
16,Social Justice Themes,5,Father of the Bride Part II (1995),-0.12023
16,Social Justice Themes,60487,"It's the Great Pumpkin, Charlie Brown (1966)",-0.127404
16,Social Justice Themes,192803,Bohemian Rhapsody (2018),-0.120739
16,Social Justice Themes,971,Cat on a Hot Tin Roof (1958),-0.121055
16,Social Justice Themes,244178,The Northman,-0.126304
16,Social Justice Themes,1378,Young Guns (1988),-0.127489
16,Social Justice Themes,104283,"Wind Rises, The (Kaze tachinu) (2013)",0.109104
16,Social Justice Themes,57532,Meet the Spartans (2008),-0.136598
16,Social Justice Themes,2026,Disturbing Behavior (1998),0.287027
16,Social Justice Themes,1015,Homeward Bound: The Incredible Journey (1993),-0.125677
16,Social Justice Themes,3877,Supergirl (1984),-0.126887
16,Social Justice Themes,7137,"Cooler, The (2003)",-0.114296
16,Social Justice Themes,2261,One Crazy Summer (1986),-0.129335
16,Social Justice Themes,32460,Knockin' on Heaven's Door (1997),-0.105295
16,Social Justice Themes,8908,Ladder 49 (2004),-0.107948
16,Social Justice Themes,3145,Cradle Will Rock (1999),0.534765
16,Social Justice Themes,2686,"Red Violin, The (Violon rouge, Le) (1998)",-0.121446
16,Social Justice Themes,2739,"Color Purple, The (1985)",0.785815
16,Social Justice Themes,8873,"Motorcycle Diaries, The (Diarios de motocicleta) (2004)",1.0
16,Social Justice Themes,93272,Dr. Seuss' The Lorax (2012),0.500647
16,Social Justice Themes,2116,"Lord of the Rings, The (1978)",-0.123839
16,Social Justice Themes,57274,[REC] (2007),-0.11715
16,Social Justice Themes,2787,Cat's Eye (1985),-0.121745
16,Social Justice Themes,468,"Englishman Who Went Up a Hill But Came Down a Mountain, The (1995)",-0.051242
16,Social Justice Themes,5876,"Quiet American, The (2002)",0.665827
16,Social Justice Themes,1391,Mars Attacks! (1996),-0.125592
16,Social Justice Themes,1949,"Man for All Seasons, A (1966)",0.037501
16,Social Justice Themes,8860,Cellular (2004),-0.119027
16,Social Justice Themes,8253,Lupin III: The Castle Of Cagliostro (Rupan sansei: Kariosutoro no shiro) (1979),-0.122883
16,Social Justice Themes,37384,Waiting... (2005),-0.125696
16,Social Justice Themes,253,Interview with the Vampire: The Vampire Chronicles (1994),-0.122851
16,Social Justice Themes,213,Burnt by the Sun (Utomlyonnye solntsem) (1994),0.710448
16,Social Justice Themes,3022,"General, The (1926)",-0.129895
16,Social Justice Themes,58293,"10,000 BC (2008)",-0.125656
16,Social Justice Themes,3439,Teenage Mutant Ninja Turtles II: The Secret of the Ooze (1991),-0.128066
16,Social Justice Themes,8827,"Bill Cosby, Himself (1983)",-0.120808
16,Social Justice Themes,8169,*batteries not included (1987),-0.00624
16,Social Justice Themes,2,Jumanji (1995),-0.12953
16,Social Justice Themes,1059,William Shakespeare's Romeo + Juliet (1996),-0.111845
16,Social Justice Themes,7381,"Whole Ten Yards, The (2004)",-0.124797
16,Social Justice Themes,5941,Drumline (2002),-0.029792
16,Social Justice Themes,2334,"Siege, The (1998)",0.378094
16,Social Justice Themes,3204,"Boys from Brazil, The (1978)",0.262059
16,Social Justice Themes,2546,"Deep End of the Ocean, The (1999)",-0.114924
16,Social Justice Themes,433,Clean Slate (1994),-0.123588
16,Social Justice Themes,1372,Star Trek VI: The Undiscovered Country (1991),0.10153
16,Social Justice Themes,1680,Sliding Doors (1998),-0.120457
16,Social Justice Themes,1132,Manon of the Spring (Manon des sources) (1986),0.113078
16,Social Justice Themes,3100,"River Runs Through It, A (1992)",-0.11497
16,Social Justice Themes,725,"Great White Hype, The (1996)",0.586856
16,Social Justice Themes,66934,Dr. Horrible's Sing-Along Blog (2008),-0.078109
16,Social Justice Themes,100498,"Good Day to Die Hard, A (2013)",-0.119666
16,Social Justice Themes,3812,Everything You Always Wanted to Know About Sex * But Were Afraid to Ask (1972),-0.124498
16,Social Justice Themes,2504,200 Cigarettes (1999),-0.118251
16,Social Justice Themes,2212,"Man Who Knew Too Much, The (1934)",-0.121461
16,Social Justice Themes,80590,Wall Street: Money Never Sleeps (2010),0.341383
16,Social Justice Themes,2771,Brokedown Palace (1999),0.321713
16,Social Justice Themes,2376,"View to a Kill, A (1985)",-0.122205
16,Social Justice Themes,1005,D3: The Mighty Ducks (1996),-0.129884
16,Social Justice Themes,111759,Edge of Tomorrow (2014),-0.123633
16,Social Justice Themes,161922,The Edge of Seventeen (2016),-0.098614
16,Social Justice Themes,3754,"Adventures of Rocky and Bullwinkle, The (2000)",-0.126782
16,Social Justice Themes,86142,13 Assassins (Jûsan-nin no shikaku) (2010),-0.098311
16,Social Justice Themes,114847,Autómata (Automata) (2014),-0.035591
16,Social Justice Themes,973,Meet John Doe (1941),0.526471
16,Social Justice Themes,6958,"Haunted Mansion, The (2003)",-0.130894
16,Social Justice Themes,2381,Police Academy 4: Citizens on Patrol (1987),-0.12078
16,Social Justice Themes,232,Eat Drink Man Woman (Yin shi nan nu) (1994),-0.11944
16,Social Justice Themes,328,Tales from the Crypt Presents: Demon Knight (1995),-0.127796
16,Social Justice Themes,1913,Picnic at Hanging Rock (1975),-0.126729
16,Social Justice Themes,202429,Once Upon a Time in Hollywood (2019),-0.122415
16,Social Justice Themes,6534,Hulk (2003),-0.123459
16,Social Justice Themes,2639,Mommie Dearest (1981),-0.113675
16,Social Justice Themes,72294,"Christmas Carol, A (2009)",-0.085084
16,Social Justice Themes,7842,Dune (2000),0.140877
16,Social Justice Themes,47640,Beerfest (2006),-0.12323
16,Social Justice Themes,1998,Exorcist II: The Heretic (1977),-0.121734
16,Social Justice Themes,4681,"War of the Roses, The (1989)",-0.119605
16,Social Justice Themes,2375,"Money Pit, The (1986)",-0.128374
16,Social Justice Themes,32587,Sin City (2005),-0.103896
16,Social Justice Themes,5833,Dog Soldiers (2002),-0.125934
16,Social Justice Themes,51091,Black Snake Moan (2006),0.366893
16,Social Justice Themes,26242,Duel (1971),-0.127276
16,Social Justice Themes,192379,First Man (2018),-0.114728
16,Social Justice Themes,4254,Crocodile Dundee in Los Angeles (2001),-0.13221
16,Social Justice Themes,6299,"Winged Migration (Peuple migrateur, Le) (2001)",-0.122503
16,Social Justice Themes,371,"Paper, The (1994)",-0.092822
16,Social Justice Themes,258,"Kid in King Arthur's Court, A (1995)",-0.121071
17,Cultural Authenticity,1453,"Beautician and the Beast, The (1997)",-0.118594
17,Cultural Authenticity,71282,"Food, Inc. (2008)",-0.317181
17,Cultural Authenticity,1976,Friday the 13th Part 3: 3D (1982),-0.32078
17,Cultural Authenticity,3062,"Longest Day, The (1962)",0.269983
17,Cultural Authenticity,73929,Legion (2010),-0.342884
17,Cultural Authenticity,354,Cobb (1994),-0.093015
17,Cultural Authenticity,801,Harriet the Spy (1996),-0.342278
17,Cultural Authenticity,286897,Spider-Man: Across the Spider-Verse (2023),-0.03629
17,Cultural Authenticity,8014,"Spring, Summer, Fall, Winter... and Spring (Bom yeoreum gaeul gyeoul geurigo bom) (2003)",0.753848
17,Cultural Authenticity,1429,First Strike (Police Story 4: First Strike) (Ging chaat goo si 4: Ji gaan daan yam mo) (1996),0.483346
17,Cultural Authenticity,169906,The Night Of (2016),0.643195
17,Cultural Authenticity,1019,"20,000 Leagues Under the Sea (1954)",0.261513
17,Cultural Authenticity,5,Father of the Bride Part II (1995),-0.329661
17,Cultural Authenticity,60487,"It's the Great Pumpkin, Charlie Brown (1966)",-0.218672
17,Cultural Authenticity,192803,Bohemian Rhapsody (2018),0.183921
17,Cultural Authenticity,971,Cat on a Hot Tin Roof (1958),0.132045
17,Cultural Authenticity,244178,The Northman,0.577888
17,Cultural Authenticity,1378,Young Guns (1988),0.066132
17,Cultural Authenticity,104283,"Wind Rises, The (Kaze tachinu) (2013)",0.901686
17,Cultural Authenticity,57532,Meet the Spartans (2008),-0.334241
17,Cultural Authenticity,2026,Disturbing Behavior (1998),-0.322589
17,Cultural Authenticity,1015,Homeward Bound: The Incredible Journey (1993),-0.334046
17,Cultural Authenticity,3877,Supergirl (1984),-0.332869
17,Cultural Authenticity,7137,"Cooler, The (2003)",-0.336376
17,Cultural Authenticity,2261,One Crazy Summer (1986),-0.324469
17,Cultural Authenticity,32460,Knockin' on Heaven's Door (1997),0.461246
17,Cultural Authenticity,8908,Ladder 49 (2004),-0.312581
17,Cultural Authenticity,3145,Cradle Will Rock (1999),0.310404
17,Cultural Authenticity,2686,"Red Violin, The (Violon rouge, Le) (1998)",0.854903
17,Cultural Authenticity,2739,"Color Purple, The (1985)",0.547568
17,Cultural Authenticity,8873,"Motorcycle Diaries, The (Diarios de motocicleta) (2004)",1.0
17,Cultural Authenticity,93272,Dr. Seuss' The Lorax (2012),-0.337511
17,Cultural Authenticity,2116,"Lord of the Rings, The (1978)",-0.234208
17,Cultural Authenticity,57274,[REC] (2007),-0.052223
17,Cultural Authenticity,2787,Cat's Eye (1985),-0.311441
17,Cultural Authenticity,468,"Englishman Who Went Up a Hill But Came Down a Mountain, The (1995)",0.555392
17,Cultural Authenticity,5876,"Quiet American, The (2002)",0.977979
17,Cultural Authenticity,1391,Mars Attacks! (1996),-0.321696
17,Cultural Authenticity,1949,"Man for All Seasons, A (1966)",0.689829
17,Cultural Authenticity,8860,Cellular (2004),-0.335916
17,Cultural Authenticity,8253,Lupin III: The Castle Of Cagliostro (Rupan sansei: Kariosutoro no shiro) (1979),0.295395
17,Cultural Authenticity,37384,Waiting... (2005),-0.335455
17,Cultural Authenticity,253,Interview with the Vampire: The Vampire Chronicles (1994),-0.254486
17,Cultural Authenticity,213,Burnt by the Sun (Utomlyonnye solntsem) (1994),0.763675
17,Cultural Authenticity,3022,"General, The (1926)",-0.020919
17,Cultural Authenticity,58293,"10,000 BC (2008)",-0.302917
17,Cultural Authenticity,3439,Teenage Mutant Ninja Turtles II: The Secret of the Ooze (1991),-0.325641
17,Cultural Authenticity,8827,"Bill Cosby, Himself (1983)",-0.264926
17,Cultural Authenticity,8169,*batteries not included (1987),-0.32349
17,Cultural Authenticity,2,Jumanji (1995),-0.322002
17,Cultural Authenticity,1059,William Shakespeare's Romeo + Juliet (1996),-0.094696
17,Cultural Authenticity,7381,"Whole Ten Yards, The (2004)",-0.315363
17,Cultural Authenticity,5941,Drumline (2002),0.346003
17,Cultural Authenticity,2334,"Siege, The (1998)",-0.325498
17,Cultural Authenticity,3204,"Boys from Brazil, The (1978)",0.627108
17,Cultural Authenticity,2546,"Deep End of the Ocean, The (1999)",-0.319421
17,Cultural Authenticity,433,Clean Slate (1994),-0.324237
17,Cultural Authenticity,1372,Star Trek VI: The Undiscovered Country (1991),-0.029528
17,Cultural Authenticity,1680,Sliding Doors (1998),-0.309653
17,Cultural Authenticity,1132,Manon of the Spring (Manon des sources) (1986),0.789301
17,Cultural Authenticity,3100,"River Runs Through It, A (1992)",0.132256
17,Cultural Authenticity,725,"Great White Hype, The (1996)",0.150491
17,Cultural Authenticity,66934,Dr. Horrible's Sing-Along Blog (2008),-0.322076
17,Cultural Authenticity,100498,"Good Day to Die Hard, A (2013)",-0.251463
17,Cultural Authenticity,3812,Everything You Always Wanted to Know About Sex * But Were Afraid to Ask (1972),-0.321517
17,Cultural Authenticity,2504,200 Cigarettes (1999),-0.249299
17,Cultural Authenticity,2212,"Man Who Knew Too Much, The (1934)",0.162812
17,Cultural Authenticity,80590,Wall Street: Money Never Sleeps (2010),-0.267336
17,Cultural Authenticity,2771,Brokedown Palace (1999),0.43182
17,Cultural Authenticity,2376,"View to a Kill, A (1985)",-0.250212
17,Cultural Authenticity,1005,D3: The Mighty Ducks (1996),-0.326039
17,Cultural Authenticity,111759,Edge of Tomorrow (2014),-0.319194
17,Cultural Authenticity,161922,The Edge of Seventeen (2016),-0.32616
17,Cultural Authenticity,3754,"Adventures of Rocky and Bullwinkle, The (2000)",-0.309282
17,Cultural Authenticity,86142,13 Assassins (Jûsan-nin no shikaku) (2010),0.733633
17,Cultural Authenticity,114847,Autómata (Automata) (2014),-0.192922
17,Cultural Authenticity,973,Meet John Doe (1941),-0.251056
17,Cultural Authenticity,6958,"Haunted Mansion, The (2003)",-0.314865
17,Cultural Authenticity,2381,Police Academy 4: Citizens on Patrol (1987),-0.342711
17,Cultural Authenticity,232,Eat Drink Man Woman (Yin shi nan nu) (1994),0.978173
17,Cultural Authenticity,328,Tales from the Crypt Presents: Demon Knight (1995),-0.320557
17,Cultural Authenticity,1913,Picnic at Hanging Rock (1975),0.654682
17,Cultural Authenticity,202429,Once Upon a Time in Hollywood (2019),0.409209
17,Cultural Authenticity,6534,Hulk (2003),-0.323194
17,Cultural Authenticity,2639,Mommie Dearest (1981),-0.273566
17,Cultural Authenticity,72294,"Christmas Carol, A (2009)",-0.07708
17,Cultural Authenticity,7842,Dune (2000),0.503446
17,Cultural Authenticity,47640,Beerfest (2006),0.13272
17,Cultural Authenticity,1998,Exorcist II: The Heretic (1977),-0.293932
17,Cultural Authenticity,4681,"War of the Roses, The (1989)",-0.324626
17,Cultural Authenticity,2375,"Money Pit, The (1986)",-0.326515
17,Cultural Authenticity,32587,Sin City (2005),-0.297277
17,Cultural Authenticity,5833,Dog Soldiers (2002),-0.057316
17,Cultural Authenticity,51091,Black Snake Moan (2006),0.408463
17,Cultural Authenticity,26242,Duel (1971),-0.331669
17,Cultural Authenticity,192379,First Man (2018),-0.193899
17,Cultural Authenticity,4254,Crocodile Dundee in Los Angeles (2001),0.237587
17,Cultural Authenticity,6299,"Winged Migration (Peuple migrateur, Le) (2001)",-0.330237
17,Cultural Authenticity,371,"Paper, The (1994)",-0.290846
17,Cultural Authenticity,258,"Kid in King Arthur's Court, A (1995)",-0.065051
18,Psychological Depth,1453,"Beautician and the Beast, The (1997)",-0.331896
18,Psychological Depth,71282,"Food, Inc. (2008)",-0.302524
18,Psychological Depth,1976,Friday the 13th Part 3: 3D (1982),-0.301156
18,Psychological Depth,3062,"Longest Day, The (1962)",-0.266749
18,Psychological Depth,73929,Legion (2010),-0.229893
18,Psychological Depth,354,Cobb (1994),0.295732
18,Psychological Depth,801,Harriet the Spy (1996),-0.277744
18,Psychological Depth,286897,Spider-Man: Across the Spider-Verse (2023),-0.10095
18,Psychological Depth,8014,"Spring, Summer, Fall, Winter... and Spring (Bom yeoreum gaeul gyeoul geurigo bom) (2003)",0.377856
18,Psychological Depth,1429,First Strike (Police Story 4: First Strike) (Ging chaat goo si 4: Ji gaan daan yam mo) (1996),-0.321316
18,Psychological Depth,169906,The Night Of (2016),0.798911
18,Psychological Depth,1019,"20,000 Leagues Under the Sea (1954)",-0.052586
18,Psychological Depth,5,Father of the Bride Part II (1995),-0.26215
18,Psychological Depth,60487,"It's the Great Pumpkin, Charlie Brown (1966)",-0.349313
18,Psychological Depth,192803,Bohemian Rhapsody (2018),0.073301
18,Psychological Depth,971,Cat on a Hot Tin Roof (1958),0.963181
18,Psychological Depth,244178,The Northman,0.36713
18,Psychological Depth,1378,Young Guns (1988),-0.320938
18,Psychological Depth,104283,"Wind Rises, The (Kaze tachinu) (2013)",0.601578
18,Psychological Depth,57532,Meet the Spartans (2008),-0.370965
18,Psychological Depth,2026,Disturbing Behavior (1998),0.062725
18,Psychological Depth,1015,Homeward Bound: The Incredible Journey (1993),-0.334333
18,Psychological Depth,3877,Supergirl (1984),-0.332033
18,Psychological Depth,7137,"Cooler, The (2003)",0.116006
18,Psychological Depth,2261,One Crazy Summer (1986),-0.338872
18,Psychological Depth,32460,Knockin' on Heaven's Door (1997),0.348922
18,Psychological Depth,8908,Ladder 49 (2004),0.25511
18,Psychological Depth,3145,Cradle Will Rock (1999),-0.213023
18,Psychological Depth,2686,"Red Violin, The (Violon rouge, Le) (1998)",0.1883
18,Psychological Depth,2739,"Color Purple, The (1985)",0.97386
18,Psychological Depth,8873,"Motorcycle Diaries, The (Diarios de motocicleta) (2004)",0.442246
18,Psychological Depth,93272,Dr. Seuss' The Lorax (2012),-0.317351
18,Psychological Depth,2116,"Lord of the Rings, The (1978)",-0.210912
18,Psychological Depth,57274,[REC] (2007),-0.12505
18,Psychological Depth,2787,Cat's Eye (1985),-0.21763
18,Psychological Depth,468,"Englishman Who Went Up a Hill But Came Down a Mountain, The (1995)",-0.331452
18,Psychological Depth,5876,"Quiet American, The (2002)",0.530092
18,Psychological Depth,1391,Mars Attacks! (1996),-0.336688
18,Psychological Depth,1949,"Man for All Seasons, A (1966)",0.493375
18,Psychological Depth,8860,Cellular (2004),-0.28537
18,Psychological Depth,8253,Lupin III: The Castle Of Cagliostro (Rupan sansei: Kariosutoro no shiro) (1979),-0.303067
18,Psychological Depth,37384,Waiting... (2005),-0.341891
18,Psychological Depth,253,Interview with the Vampire: The Vampire Chronicles (1994),0.836918
18,Psychological Depth,213,Burnt by the Sun (Utomlyonnye solntsem) (1994),1.0
18,Psychological Depth,3022,"General, The (1926)",-0.322209
18,Psychological Depth,58293,"10,000 BC (2008)",-0.332706
18,Psychological Depth,3439,Teenage Mutant Ninja Turtles II: The Secret of the Ooze (1991),-0.340086
18,Psychological Depth,8827,"Bill Cosby, Himself (1983)",-0.311605
18,Psychological Depth,8169,*batteries not included (1987),-0.332571
18,Psychological Depth,2,Jumanji (1995),-0.331706
18,Psychological Depth,1059,William Shakespeare's Romeo + Juliet (1996),-0.006786
18,Psychological Depth,7381,"Whole Ten Yards, The (2004)",-0.352164
18,Psychological Depth,5941,Drumline (2002),-0.314979
18,Psychological Depth,2334,"Siege, The (1998)",-0.298788
18,Psychological Depth,3204,"Boys from Brazil, The (1978)",0.142107
18,Psychological Depth,2546,"Deep End of the Ocean, The (1999)",0.892997
18,Psychological Depth,433,Clean Slate (1994),0.121168
18,Psychological Depth,1372,Star Trek VI: The Undiscovered Country (1991),-0.24851
18,Psychological Depth,1680,Sliding Doors (1998),0.037447
18,Psychological Depth,1132,Manon of the Spring (Manon des sources) (1986),0.451846
18,Psychological Depth,3100,"River Runs Through It, A (1992)",0.39759
18,Psychological Depth,725,"Great White Hype, The (1996)",-0.274081
18,Psychological Depth,66934,Dr. Horrible's Sing-Along Blog (2008),0.463941
18,Psychological Depth,100498,"Good Day to Die Hard, A (2013)",-0.090407
18,Psychological Depth,3812,Everything You Always Wanted to Know About Sex * But Were Afraid to Ask (1972),-0.314431
18,Psychological Depth,2504,200 Cigarettes (1999),0.019145
18,Psychological Depth,2212,"Man Who Knew Too Much, The (1934)",0.0145
18,Psychological Depth,80590,Wall Street: Money Never Sleeps (2010),0.22652
18,Psychological Depth,2771,Brokedown Palace (1999),0.184708
18,Psychological Depth,2376,"View to a Kill, A (1985)",-0.337829
18,Psychological Depth,1005,D3: The Mighty Ducks (1996),-0.34733
18,Psychological Depth,111759,Edge of Tomorrow (2014),-0.185488
18,Psychological Depth,161922,The Edge of Seventeen (2016),0.24289
18,Psychological Depth,3754,"Adventures of Rocky and Bullwinkle, The (2000)",-0.339726
18,Psychological Depth,86142,13 Assassins (Jûsan-nin no shikaku) (2010),-0.088249
18,Psychological Depth,114847,Autómata (Automata) (2014),-0.175927
18,Psychological Depth,973,Meet John Doe (1941),0.104727
18,Psychological Depth,6958,"Haunted Mansion, The (2003)",-0.303188
18,Psychological Depth,2381,Police Academy 4: Citizens on Patrol (1987),-0.349773
18,Psychological Depth,232,Eat Drink Man Woman (Yin shi nan nu) (1994),0.051664
18,Psychological Depth,328,Tales from the Crypt Presents: Demon Knight (1995),-0.314541
18,Psychological Depth,1913,Picnic at Hanging Rock (1975),0.581675
18,Psychological Depth,202429,Once Upon a Time in Hollywood (2019),0.067327
18,Psychological Depth,6534,Hulk (2003),0.34134
18,Psychological Depth,2639,Mommie Dearest (1981),0.961255
18,Psychological Depth,72294,"Christmas Carol, A (2009)",-0.056379
18,Psychological Depth,7842,Dune (2000),0.11878
18,Psychological Depth,47640,Beerfest (2006),-0.354199
18,Psychological Depth,1998,Exorcist II: The Heretic (1977),0.69954
18,Psychological Depth,4681,"War of the Roses, The (1989)",-0.094047
18,Psychological Depth,2375,"Money Pit, The (1986)",-0.3369
18,Psychological Depth,32587,Sin City (2005),-0.187275
18,Psychological Depth,5833,Dog Soldiers (2002),-0.308684
18,Psychological Depth,51091,Black Snake Moan (2006),0.685592
18,Psychological Depth,26242,Duel (1971),-0.292095
18,Psychological Depth,192379,First Man (2018),0.604467
18,Psychological Depth,4254,Crocodile Dundee in Los Angeles (2001),-0.335057
18,Psychological Depth,6299,"Winged Migration (Peuple migrateur, Le) (2001)",-0.320974
18,Psychological Depth,371,"Paper, The (1994)",-0.04408
18,Psychological Depth,258,"Kid in King Arthur's Court, A (1995)",-0.317852
19,Adventure Scope,1453,"Beautician and the Beast, The (1997)",-0.159329
19,Adventure Scope,71282,"Food, Inc. (2008)",-0.232156
19,Adventure Scope,1976,Friday the 13th Part 3: 3D (1982),-0.241057
19,Adventure Scope,3062,"Longest Day, The (1962)",0.34379
19,Adventure Scope,73929,Legion (2010),-0.193511
19,Adventure Scope,354,Cobb (1994),-0.240795
19,Adventure Scope,801,Harriet the Spy (1996),-0.23196
19,Adventure Scope,286897,Spider-Man: Across the Spider-Verse (2023),0.892573
19,Adventure Scope,8014,"Spring, Summer, Fall, Winter... and Spring (Bom yeoreum gaeul gyeoul geurigo bom) (2003)",-0.246466
19,Adventure Scope,1429,First Strike (Police Story 4: First Strike) (Ging chaat goo si 4: Ji gaan daan yam mo) (1996),0.501102
19,Adventure Scope,169906,The Night Of (2016),-0.225547
19,Adventure Scope,1019,"20,000 Leagues Under the Sea (1954)",0.730742
19,Adventure Scope,5,Father of the Bride Part II (1995),-0.262247
19,Adventure Scope,60487,"It's the Great Pumpkin, Charlie Brown (1966)",-0.23556
19,Adventure Scope,192803,Bohemian Rhapsody (2018),-0.237912
19,Adventure Scope,971,Cat on a Hot Tin Roof (1958),-0.263849
19,Adventure Scope,244178,The Northman,0.468749
19,Adventure Scope,1378,Young Guns (1988),0.639216
19,Adventure Scope,104283,"Wind Rises, The (Kaze tachinu) (2013)",-0.230976
19,Adventure Scope,57532,Meet the Spartans (2008),-0.219897
19,Adventure Scope,2026,Disturbing Behavior (1998),-0.218923
19,Adventure Scope,1015,Homeward Bound: The Incredible Journey (1993),0.389827
19,Adventure Scope,3877,Supergirl (1984),0.48495
19,Adventure Scope,7137,"Cooler, The (2003)",-0.240496
19,Adventure Scope,2261,One Crazy Summer (1986),0.021123
19,Adventure Scope,32460,Knockin' on Heaven's Door (1997),0.27643
19,Adventure Scope,8908,Ladder 49 (2004),-0.235754
19,Adventure Scope,3145,Cradle Will Rock (1999),-0.238298
19,Adventure Scope,2686,"Red Violin, The (Violon rouge, Le) (1998)",0.235894
19,Adventure Scope,2739,"Color Purple, The (1985)",-0.243471
19,Adventure Scope,8873,"Motorcycle Diaries, The (Diarios de motocicleta) (2004)",0.666494
19,Adventure Scope,93272,Dr. Seuss' The Lorax (2012),0.316742
19,Adventure Scope,2116,"Lord of the Rings, The (1978)",0.788048
19,Adventure Scope,57274,[REC] (2007),-0.233211
19,Adventure Scope,2787,Cat's Eye (1985),-0.220614
19,Adventure Scope,468,"Englishman Who Went Up a Hill But Came Down a Mountain, The (1995)",-0.242795
19,Adventure Scope,5876,"Quiet American, The (2002)",-0.225248
19,Adventure Scope,1391,Mars Attacks! (1996),0.276501
19,Adventure Scope,1949,"Man for All Seasons, A (1966)",-0.253767
19,Adventure Scope,8860,Cellular (2004),-0.214358
19,Adventure Scope,8253,Lupin III: The Castle Of Cagliostro (Rupan sansei: Kariosutoro no shiro) (1979),0.678422
19,Adventure Scope,37384,Waiting... (2005),-0.271633
19,Adventure Scope,253,Interview with the Vampire: The Vampire Chronicles (1994),-0.059078
19,Adventure Scope,213,Burnt by the Sun (Utomlyonnye solntsem) (1994),-0.230592
19,Adventure Scope,3022,"General, The (1926)",0.132048
19,Adventure Scope,58293,"10,000 BC (2008)",1.0
19,Adventure Scope,3439,Teenage Mutant Ninja Turtles II: The Secret of the Ooze (1991),0.00472
19,Adventure Scope,8827,"Bill Cosby, Himself (1983)",-0.281259
19,Adventure Scope,8169,*batteries not included (1987),-0.223834
19,Adventure Scope,2,Jumanji (1995),0.825757
19,Adventure Scope,1059,William Shakespeare's Romeo + Juliet (1996),-0.236324
19,Adventure Scope,7381,"Whole Ten Yards, The (2004)",-0.233654
19,Adventure Scope,5941,Drumline (2002),-0.223967
19,Adventure Scope,2334,"Siege, The (1998)",-0.228403
19,Adventure Scope,3204,"Boys from Brazil, The (1978)",0.031196
19,Adventure Scope,2546,"Deep End of the Ocean, The (1999)",-0.247075
19,Adventure Scope,433,Clean Slate (1994),-0.231718
19,Adventure Scope,1372,Star Trek VI: The Undiscovered Country (1991),0.591038
19,Adventure Scope,1680,Sliding Doors (1998),-0.242669
19,Adventure Scope,1132,Manon of the Spring (Manon des sources) (1986),-0.234179
19,Adventure Scope,3100,"River Runs Through It, A (1992)",-0.231777
19,Adventure Scope,725,"Great White Hype, The (1996)",-0.236716
19,Adventure Scope,66934,Dr. Horrible's Sing-Along Blog (2008),-0.234224
19,Adventure Scope,100498,"Good Day to Die Hard, A (2013)",0.210519
19,Adventure Scope,3812,Everything You Always Wanted to Know About Sex * But Were Afraid to Ask (1972),-0.247363
19,Adventure Scope,2504,200 Cigarettes (1999),-0.23465
19,Adventure Scope,2212,"Man Who Knew Too Much, The (1934)",0.157039
19,Adventure Scope,80590,Wall Street: Money Never Sleeps (2010),-0.240213
19,Adventure Scope,2771,Brokedown Palace (1999),-0.092167
19,Adventure Scope,2376,"View to a Kill, A (1985)",0.256116
19,Adventure Scope,1005,D3: The Mighty Ducks (1996),-0.235363
19,Adventure Scope,111759,Edge of Tomorrow (2014),0.348214
19,Adventure Scope,161922,The Edge of Seventeen (2016),-0.238845
19,Adventure Scope,3754,"Adventures of Rocky and Bullwinkle, The (2000)",0.508858
19,Adventure Scope,86142,13 Assassins (Jûsan-nin no shikaku) (2010),0.095407
19,Adventure Scope,114847,Autómata (Automata) (2014),-0.081178
19,Adventure Scope,973,Meet John Doe (1941),-0.230439
19,Adventure Scope,6958,"Haunted Mansion, The (2003)",-0.033226
19,Adventure Scope,2381,Police Academy 4: Citizens on Patrol (1987),-0.234111
19,Adventure Scope,232,Eat Drink Man Woman (Yin shi nan nu) (1994),-0.250655
19,Adventure Scope,328,Tales from the Crypt Presents: Demon Knight (1995),-0.185427
19,Adventure Scope,1913,Picnic at Hanging Rock (1975),-0.224447
19,Adventure Scope,202429,Once Upon a Time in Hollywood (2019),-0.236965
19,Adventure Scope,6534,Hulk (2003),0.221754
19,Adventure Scope,2639,Mommie Dearest (1981),-0.252599
19,Adventure Scope,72294,"Christmas Carol, A (2009)",-0.230955
19,Adventure Scope,7842,Dune (2000),0.616827
19,Adventure Scope,47640,Beerfest (2006),0.13951
19,Adventure Scope,1998,Exorcist II: The Heretic (1977),-0.246473
19,Adventure Scope,4681,"War of the Roses, The (1989)",-0.250795
19,Adventure Scope,2375,"Money Pit, The (1986)",-0.231621
19,Adventure Scope,32587,Sin City (2005),-0.192022
19,Adventure Scope,5833,Dog Soldiers (2002),0.078747
19,Adventure Scope,51091,Black Snake Moan (2006),-0.239829
19,Adventure Scope,26242,Duel (1971),-0.234161
19,Adventure Scope,192379,First Man (2018),0.338757
19,Adventure Scope,4254,Crocodile Dundee in Los Angeles (2001),0.060782
19,Adventure Scope,6299,"Winged Migration (Peuple migrateur, Le) (2001)",0.589295
19,Adventure Scope,371,"Paper, The (1994)",-0.245476
19,Adventure Scope,258,"Kid in King Arthur's Court, A (1995)",0.407095
20,Musical Integration,1453,"Beautician and the Beast, The (1997)",-0.073154
20,Musical Integration,71282,"Food, Inc. (2008)",-0.099676
20,Musical Integration,1976,Friday the 13th Part 3: 3D (1982),-0.074496
20,Musical Integration,3062,"Longest Day, The (1962)",-0.075978
20,Musical Integration,73929,Legion (2010),-0.077837
20,Musical Integration,354,Cobb (1994),-0.081646
20,Musical Integration,801,Harriet the Spy (1996),-0.073986
20,Musical Integration,286897,Spider-Man: Across the Spider-Verse (2023),0.535363
20,Musical Integration,8014,"Spring, Summer, Fall, Winter... and Spring (Bom yeoreum gaeul gyeoul geurigo bom) (2003)",-0.081446
20,Musical Integration,1429,First Strike (Police Story 4: First Strike) (Ging chaat goo si 4: Ji gaan daan yam mo) (1996),-0.077622
20,Musical Integration,169906,The Night Of (2016),-0.078821
20,Musical Integration,1019,"20,000 Leagues Under the Sea (1954)",-0.077081
20,Musical Integration,5,Father of the Bride Part II (1995),-0.068789
20,Musical Integration,60487,"It's the Great Pumpkin, Charlie Brown (1966)",0.549056
20,Musical Integration,192803,Bohemian Rhapsody (2018),0.650655
20,Musical Integration,971,Cat on a Hot Tin Roof (1958),-0.077493
20,Musical Integration,244178,The Northman,-0.097496
20,Musical Integration,1378,Young Guns (1988),-0.072283
20,Musical Integration,104283,"Wind Rises, The (Kaze tachinu) (2013)",-0.057791
20,Musical Integration,57532,Meet the Spartans (2008),-0.079409
20,Musical Integration,2026,Disturbing Behavior (1998),-0.070344
20,Musical Integration,1015,Homeward Bound: The Incredible Journey (1993),-0.072525
20,Musical Integration,3877,Supergirl (1984),-0.055339
20,Musical Integration,7137,"Cooler, The (2003)",-0.071707
20,Musical Integration,2261,One Crazy Summer (1986),-0.065529
20,Musical Integration,32460,Knockin' on Heaven's Door (1997),0.37474
20,Musical Integration,8908,Ladder 49 (2004),-0.088255
20,Musical Integration,3145,Cradle Will Rock (1999),0.642718
20,Musical Integration,2686,"Red Violin, The (Violon rouge, Le) (1998)",0.495054
20,Musical Integration,2739,"Color Purple, The (1985)",0.438649
20,Musical Integration,8873,"Motorcycle Diaries, The (Diarios de motocicleta) (2004)",-0.085387
20,Musical Integration,93272,Dr. Seuss' The Lorax (2012),0.536519
20,Musical Integration,2116,"Lord of the Rings, The (1978)",-0.059977
20,Musical Integration,57274,[REC] (2007),-0.078419
20,Musical Integration,2787,Cat's Eye (1985),-0.078973
20,Musical Integration,468,"Englishman Who Went Up a Hill But Came Down a Mountain, The (1995)",-0.076704
20,Musical Integration,5876,"Quiet American, The (2002)",-0.095342
20,Musical Integration,1391,Mars Attacks! (1996),-0.082492
20,Musical Integration,1949,"Man for All Seasons, A (1966)",-0.078705
20,Musical Integration,8860,Cellular (2004),-0.082167
20,Musical Integration,8253,Lupin III: The Castle Of Cagliostro (Rupan sansei: Kariosutoro no shiro) (1979),-0.047269
20,Musical Integration,37384,Waiting... (2005),-0.078083
20,Musical Integration,253,Interview with the Vampire: The Vampire Chronicles (1994),-0.091166
20,Musical Integration,213,Burnt by the Sun (Utomlyonnye solntsem) (1994),-0.086453
20,Musical Integration,3022,"General, The (1926)",-0.074011
20,Musical Integration,58293,"10,000 BC (2008)",-0.077755
20,Musical Integration,3439,Teenage Mutant Ninja Turtles II: The Secret of the Ooze (1991),-0.066195
20,Musical Integration,8827,"Bill Cosby, Himself (1983)",-0.075501
20,Musical Integration,8169,*batteries not included (1987),-0.072625
20,Musical Integration,2,Jumanji (1995),-0.039286
20,Musical Integration,1059,William Shakespeare's Romeo + Juliet (1996),0.019895
20,Musical Integration,7381,"Whole Ten Yards, The (2004)",-0.076463
20,Musical Integration,5941,Drumline (2002),0.701305
20,Musical Integration,2334,"Siege, The (1998)",-0.078934
20,Musical Integration,3204,"Boys from Brazil, The (1978)",-0.075664
20,Musical Integration,2546,"Deep End of the Ocean, The (1999)",-0.087186
20,Musical Integration,433,Clean Slate (1994),-0.078246
20,Musical Integration,1372,Star Trek VI: The Undiscovered Country (1991),-0.078637
20,Musical Integration,1680,Sliding Doors (1998),-0.072873
20,Musical Integration,1132,Manon of the Spring (Manon des sources) (1986),-0.079527
20,Musical Integration,3100,"River Runs Through It, A (1992)",-0.076466
20,Musical Integration,725,"Great White Hype, The (1996)",-0.071665
20,Musical Integration,66934,Dr. Horrible's Sing-Along Blog (2008),1.0
20,Musical Integration,100498,"Good Day to Die Hard, A (2013)",-0.076334
20,Musical Integration,3812,Everything You Always Wanted to Know About Sex * But Were Afraid to Ask (1972),-0.076229
20,Musical Integration,2504,200 Cigarettes (1999),-0.074449
20,Musical Integration,2212,"Man Who Knew Too Much, The (1934)",-0.078341
20,Musical Integration,80590,Wall Street: Money Never Sleeps (2010),-0.08908
20,Musical Integration,2771,Brokedown Palace (1999),-0.077625
20,Musical Integration,2376,"View to a Kill, A (1985)",-0.064201
20,Musical Integration,1005,D3: The Mighty Ducks (1996),-0.061591
20,Musical Integration,111759,Edge of Tomorrow (2014),-0.084203
20,Musical Integration,161922,The Edge of Seventeen (2016),-0.077239
20,Musical Integration,3754,"Adventures of Rocky and Bullwinkle, The (2000)",0.193169
20,Musical Integration,86142,13 Assassins (Jûsan-nin no shikaku) (2010),-0.073672
20,Musical Integration,114847,Autómata (Automata) (2014),-0.076983
20,Musical Integration,973,Meet John Doe (1941),-0.077738
20,Musical Integration,6958,"Haunted Mansion, The (2003)",-0.077841
20,Musical Integration,2381,Police Academy 4: Citizens on Patrol (1987),-0.073646
20,Musical Integration,232,Eat Drink Man Woman (Yin shi nan nu) (1994),-0.074215
20,Musical Integration,328,Tales from the Crypt Presents: Demon Knight (1995),-0.081379
20,Musical Integration,1913,Picnic at Hanging Rock (1975),-0.075629
20,Musical Integration,202429,Once Upon a Time in Hollywood (2019),-0.064608
20,Musical Integration,6534,Hulk (2003),-0.0743
20,Musical Integration,2639,Mommie Dearest (1981),-0.074292
20,Musical Integration,72294,"Christmas Carol, A (2009)",-0.048613
20,Musical Integration,7842,Dune (2000),-0.082047
20,Musical Integration,47640,Beerfest (2006),-0.072723
20,Musical Integration,1998,Exorcist II: The Heretic (1977),-0.080662
20,Musical Integration,4681,"War of the Roses, The (1989)",-0.075202
20,Musical Integration,2375,"Money Pit, The (1986)",-0.077092
20,Musical Integration,32587,Sin City (2005),-0.082028
20,Musical Integration,5833,Dog Soldiers (2002),-0.078045
20,Musical Integration,51091,Black Snake Moan (2006),0.394789
20,Musical Integration,26242,Duel (1971),-0.069795
20,Musical Integration,192379,First Man (2018),-0.076861
20,Musical Integration,4254,Crocodile Dundee in Los Angeles (2001),-0.073562
20,Musical Integration,6299,"Winged Migration (Peuple migrateur, Le) (2001)",-0.086649
20,Musical Integration,371,"Paper, The (1994)",-0.076933
20,Musical Integration,258,"Kid in King Arthur's Court, A (1995)",-0.017234
21,Time-Loop Mechanics,1453,"Beautician and the Beast, The (1997)",-0.022966
21,Time-Loop Mechanics,71282,"Food, Inc. (2008)",-0.030953
21,Time-Loop Mechanics,1976,Friday the 13th Part 3: 3D (1982),-0.020206
21,Time-Loop Mechanics,3062,"Longest Day, The (1962)",-0.021472
21,Time-Loop Mechanics,73929,Legion (2010),-0.021222
21,Time-Loop Mechanics,354,Cobb (1994),-0.025835
21,Time-Loop Mechanics,801,Harriet the Spy (1996),-0.025728
21,Time-Loop Mechanics,286897,Spider-Man: Across the Spider-Verse (2023),-0.024943
21,Time-Loop Mechanics,8014,"Spring, Summer, Fall, Winter... and Spring (Bom yeoreum gaeul gyeoul geurigo bom) (2003)",0.487344
21,Time-Loop Mechanics,1429,First Strike (Police Story 4: First Strike) (Ging chaat goo si 4: Ji gaan daan yam mo) (1996),-0.023493
21,Time-Loop Mechanics,169906,The Night Of (2016),-0.02626
21,Time-Loop Mechanics,1019,"20,000 Leagues Under the Sea (1954)",-0.019484
21,Time-Loop Mechanics,5,Father of the Bride Part II (1995),-0.025383
21,Time-Loop Mechanics,60487,"It's the Great Pumpkin, Charlie Brown (1966)",-0.030764
21,Time-Loop Mechanics,192803,Bohemian Rhapsody (2018),-0.026258
21,Time-Loop Mechanics,971,Cat on a Hot Tin Roof (1958),-0.026588
21,Time-Loop Mechanics,244178,The Northman,-0.02161
21,Time-Loop Mechanics,1378,Young Guns (1988),-0.026582
21,Time-Loop Mechanics,104283,"Wind Rises, The (Kaze tachinu) (2013)",-0.02503
21,Time-Loop Mechanics,57532,Meet the Spartans (2008),-0.025541
21,Time-Loop Mechanics,2026,Disturbing Behavior (1998),-0.01804
21,Time-Loop Mechanics,1015,Homeward Bound: The Incredible Journey (1993),-0.029351
21,Time-Loop Mechanics,3877,Supergirl (1984),-0.024458
21,Time-Loop Mechanics,7137,"Cooler, The (2003)",-0.032039
21,Time-Loop Mechanics,2261,One Crazy Summer (1986),-0.025454
21,Time-Loop Mechanics,32460,Knockin' on Heaven's Door (1997),-0.020034
21,Time-Loop Mechanics,8908,Ladder 49 (2004),-0.025878
21,Time-Loop Mechanics,3145,Cradle Will Rock (1999),-0.025912
21,Time-Loop Mechanics,2686,"Red Violin, The (Violon rouge, Le) (1998)",-0.021813
21,Time-Loop Mechanics,2739,"Color Purple, The (1985)",-0.026906
21,Time-Loop Mechanics,8873,"Motorcycle Diaries, The (Diarios de motocicleta) (2004)",-0.029775
21,Time-Loop Mechanics,93272,Dr. Seuss' The Lorax (2012),-0.025891
21,Time-Loop Mechanics,2116,"Lord of the Rings, The (1978)",-0.022605
21,Time-Loop Mechanics,57274,[REC] (2007),0.074923
21,Time-Loop Mechanics,2787,Cat's Eye (1985),-0.0205
21,Time-Loop Mechanics,468,"Englishman Who Went Up a Hill But Came Down a Mountain, The (1995)",-0.035418
21,Time-Loop Mechanics,5876,"Quiet American, The (2002)",-0.026551
21,Time-Loop Mechanics,1391,Mars Attacks! (1996),-0.025588
21,Time-Loop Mechanics,1949,"Man for All Seasons, A (1966)",-0.028663
21,Time-Loop Mechanics,8860,Cellular (2004),0.162001
21,Time-Loop Mechanics,8253,Lupin III: The Castle Of Cagliostro (Rupan sansei: Kariosutoro no shiro) (1979),-0.021667
21,Time-Loop Mechanics,37384,Waiting... (2005),-0.026154
21,Time-Loop Mechanics,253,Interview with the Vampire: The Vampire Chronicles (1994),-0.026007
21,Time-Loop Mechanics,213,Burnt by the Sun (Utomlyonnye solntsem) (1994),-0.02454
21,Time-Loop Mechanics,3022,"General, The (1926)",-0.01779
21,Time-Loop Mechanics,58293,"10,000 BC (2008)",-0.026491
21,Time-Loop Mechanics,3439,Teenage Mutant Ninja Turtles II: The Secret of the Ooze (1991),-0.025478
21,Time-Loop Mechanics,8827,"Bill Cosby, Himself (1983)",-0.034941
21,Time-Loop Mechanics,8169,*batteries not included (1987),-0.029145
21,Time-Loop Mechanics,2,Jumanji (1995),0.0553
21,Time-Loop Mechanics,1059,William Shakespeare's Romeo + Juliet (1996),-0.025575
21,Time-Loop Mechanics,7381,"Whole Ten Yards, The (2004)",-0.029687
21,Time-Loop Mechanics,5941,Drumline (2002),-0.026804
21,Time-Loop Mechanics,2334,"Siege, The (1998)",-0.026658
21,Time-Loop Mechanics,3204,"Boys from Brazil, The (1978)",-0.025246
21,Time-Loop Mechanics,2546,"Deep End of the Ocean, The (1999)",-0.041618
21,Time-Loop Mechanics,433,Clean Slate (1994),-0.021227
21,Time-Loop Mechanics,1372,Star Trek VI: The Undiscovered Country (1991),-0.00901
21,Time-Loop Mechanics,1680,Sliding Doors (1998),0.445365
21,Time-Loop Mechanics,1132,Manon of the Spring (Manon des sources) (1986),-0.025733
21,Time-Loop Mechanics,3100,"River Runs Through It, A (1992)",-0.043761
21,Time-Loop Mechanics,725,"Great White Hype, The (1996)",-0.019759
21,Time-Loop Mechanics,66934,Dr. Horrible's Sing-Along Blog (2008),-0.019811
21,Time-Loop Mechanics,100498,"Good Day to Die Hard, A (2013)",-0.021558
21,Time-Loop Mechanics,3812,Everything You Always Wanted to Know About Sex * But Were Afraid to Ask (1972),-0.024849
21,Time-Loop Mechanics,2504,200 Cigarettes (1999),-0.025322
21,Time-Loop Mechanics,2212,"Man Who Knew Too Much, The (1934)",-0.024275
21,Time-Loop Mechanics,80590,Wall Street: Money Never Sleeps (2010),-0.026556
21,Time-Loop Mechanics,2771,Brokedown Palace (1999),-0.029767
21,Time-Loop Mechanics,2376,"View to a Kill, A (1985)",-0.029966
21,Time-Loop Mechanics,1005,D3: The Mighty Ducks (1996),-0.025636
21,Time-Loop Mechanics,111759,Edge of Tomorrow (2014),1.0
21,Time-Loop Mechanics,161922,The Edge of Seventeen (2016),-0.02467
21,Time-Loop Mechanics,3754,"Adventures of Rocky and Bullwinkle, The (2000)",-0.022462
21,Time-Loop Mechanics,86142,13 Assassins (Jûsan-nin no shikaku) (2010),-0.025611
21,Time-Loop Mechanics,114847,Autómata (Automata) (2014),-0.02183
21,Time-Loop Mechanics,973,Meet John Doe (1941),-0.027217
21,Time-Loop Mechanics,6958,"Haunted Mansion, The (2003)",-0.0253
21,Time-Loop Mechanics,2381,Police Academy 4: Citizens on Patrol (1987),-0.024173
21,Time-Loop Mechanics,232,Eat Drink Man Woman (Yin shi nan nu) (1994),-0.025907
21,Time-Loop Mechanics,328,Tales from the Crypt Presents: Demon Knight (1995),-0.02563
21,Time-Loop Mechanics,1913,Picnic at Hanging Rock (1975),-0.025396
21,Time-Loop Mechanics,202429,Once Upon a Time in Hollywood (2019),-0.01855
21,Time-Loop Mechanics,6534,Hulk (2003),-0.025531
21,Time-Loop Mechanics,2639,Mommie Dearest (1981),-0.034264
21,Time-Loop Mechanics,72294,"Christmas Carol, A (2009)",0.123707
21,Time-Loop Mechanics,7842,Dune (2000),-0.029543
21,Time-Loop Mechanics,47640,Beerfest (2006),-0.025208
21,Time-Loop Mechanics,1998,Exorcist II: The Heretic (1977),-0.024837
21,Time-Loop Mechanics,4681,"War of the Roses, The (1989)",-0.026552
21,Time-Loop Mechanics,2375,"Money Pit, The (1986)",-0.021794
21,Time-Loop Mechanics,32587,Sin City (2005),-0.025199
21,Time-Loop Mechanics,5833,Dog Soldiers (2002),-0.025783
21,Time-Loop Mechanics,51091,Black Snake Moan (2006),-0.029112
21,Time-Loop Mechanics,26242,Duel (1971),-0.031537
21,Time-Loop Mechanics,192379,First Man (2018),-0.025883
21,Time-Loop Mechanics,4254,Crocodile Dundee in Los Angeles (2001),-0.028386
21,Time-Loop Mechanics,6299,"Winged Migration (Peuple migrateur, Le) (2001)",-0.026836
21,Time-Loop Mechanics,371,"Paper, The (1994)",-0.024998
21,Time-Loop Mechanics,258,"Kid in King Arthur's Court, A (1995)",0.01379
22,Romantic Subplots,1453,"Beautician and the Beast, The (1997)",0.768309
22,Romantic Subplots,71282,"Food, Inc. (2008)",-0.215646
22,Romantic Subplots,1976,Friday the 13th Part 3: 3D (1982),-0.202801
22,Romantic Subplots,3062,"Longest Day, The (1962)",-0.205904
22,Romantic Subplots,73929,Legion (2010),-0.203973
22,Romantic Subplots,354,Cobb (1994),0.051166
22,Romantic Subplots,801,Harriet the Spy (1996),-0.207161
22,Romantic Subplots,286897,Spider-Man: Across the Spider-Verse (2023),-0.191181
22,Romantic Subplots,8014,"Spring, Summer, Fall, Winter... and Spring (Bom yeoreum gaeul gyeoul geurigo bom) (2003)",0.163466
22,Romantic Subplots,1429,First Strike (Police Story 4: First Strike) (Ging chaat goo si 4: Ji gaan daan yam mo) (1996),-0.210524
22,Romantic Subplots,169906,The Night Of (2016),-0.199181
22,Romantic Subplots,1019,"20,000 Leagues Under the Sea (1954)",-0.200346
22,Romantic Subplots,5,Father of the Bride Part II (1995),-0.090616
22,Romantic Subplots,60487,"It's the Great Pumpkin, Charlie Brown (1966)",-0.198399
22,Romantic Subplots,192803,Bohemian Rhapsody (2018),-0.029176
22,Romantic Subplots,971,Cat on a Hot Tin Roof (1958),0.658149
22,Romantic Subplots,244178,The Northman,-0.193719
22,Romantic Subplots,1378,Young Guns (1988),-0.196632
22,Romantic Subplots,104283,"Wind Rises, The (Kaze tachinu) (2013)",0.465018
22,Romantic Subplots,57532,Meet the Spartans (2008),-0.200104
22,Romantic Subplots,2026,Disturbing Behavior (1998),-0.197282
22,Romantic Subplots,1015,Homeward Bound: The Incredible Journey (1993),-0.193713
22,Romantic Subplots,3877,Supergirl (1984),-0.198227
22,Romantic Subplots,7137,"Cooler, The (2003)",1.0
22,Romantic Subplots,2261,One Crazy Summer (1986),-0.19267
22,Romantic Subplots,32460,Knockin' on Heaven's Door (1997),-0.192052
22,Romantic Subplots,8908,Ladder 49 (2004),-0.08445
22,Romantic Subplots,3145,Cradle Will Rock (1999),-0.188205
22,Romantic Subplots,2686,"Red Violin, The (Violon rouge, Le) (1998)",0.561449
22,Romantic Subplots,2739,"Color Purple, The (1985)",0.296441
22,Romantic Subplots,8873,"Motorcycle Diaries, The (Diarios de motocicleta) (2004)",-0.208688
22,Romantic Subplots,93272,Dr. Seuss' The Lorax (2012),0.510652
22,Romantic Subplots,2116,"Lord of the Rings, The (1978)",-0.199544
22,Romantic Subplots,57274,[REC] (2007),-0.203582
22,Romantic Subplots,2787,Cat's Eye (1985),-0.200952
22,Romantic Subplots,468,"Englishman Who Went Up a Hill But Came Down a Mountain, The (1995)",0.582662
22,Romantic Subplots,5876,"Quiet American, The (2002)",0.752967
22,Romantic Subplots,1391,Mars Attacks! (1996),-0.21425
22,Romantic Subplots,1949,"Man for All Seasons, A (1966)",-0.198348
22,Romantic Subplots,8860,Cellular (2004),-0.211732
22,Romantic Subplots,8253,Lupin III: The Castle Of Cagliostro (Rupan sansei: Kariosutoro no shiro) (1979),-0.164234
22,Romantic Subplots,37384,Waiting... (2005),0.095721
22,Romantic Subplots,253,Interview with the Vampire: The Vampire Chronicles (1994),0.249726
22,Romantic Subplots,213,Burnt by the Sun (Utomlyonnye solntsem) (1994),-0.130096
22,Romantic Subplots,3022,"General, The (1926)",0.207326
22,Romantic Subplots,58293,"10,000 BC (2008)",0.307319
22,Romantic Subplots,3439,Teenage Mutant Ninja Turtles II: The Secret of the Ooze (1991),-0.202235
22,Romantic Subplots,8827,"Bill Cosby, Himself (1983)",-0.205026
22,Romantic Subplots,8169,*batteries not included (1987),0.186161
22,Romantic Subplots,2,Jumanji (1995),-0.209711
22,Romantic Subplots,1059,William Shakespeare's Romeo + Juliet (1996),0.651146
22,Romantic Subplots,7381,"Whole Ten Yards, The (2004)",-0.19108
22,Romantic Subplots,5941,Drumline (2002),0.245617
22,Romantic Subplots,2334,"Siege, The (1998)",-0.21003
22,Romantic Subplots,3204,"Boys from Brazil, The (1978)",-0.20788
22,Romantic Subplots,2546,"Deep End of the Ocean, The (1999)",-0.181291
22,Romantic Subplots,433,Clean Slate (1994),-0.19763
22,Romantic Subplots,1372,Star Trek VI: The Undiscovered Country (1991),-0.198075
22,Romantic Subplots,1680,Sliding Doors (1998),0.970626
22,Romantic Subplots,1132,Manon of the Spring (Manon des sources) (1986),-0.15078
22,Romantic Subplots,3100,"River Runs Through It, A (1992)",-0.194632
22,Romantic Subplots,725,"Great White Hype, The (1996)",-0.202226
22,Romantic Subplots,66934,Dr. Horrible's Sing-Along Blog (2008),0.758978
22,Romantic Subplots,100498,"Good Day to Die Hard, A (2013)",-0.182858
22,Romantic Subplots,3812,Everything You Always Wanted to Know About Sex * But Were Afraid to Ask (1972),-0.066355
22,Romantic Subplots,2504,200 Cigarettes (1999),0.761529
22,Romantic Subplots,2212,"Man Who Knew Too Much, The (1934)",-0.202159
22,Romantic Subplots,80590,Wall Street: Money Never Sleeps (2010),0.090471
22,Romantic Subplots,2771,Brokedown Palace (1999),-0.198791
22,Romantic Subplots,2376,"View to a Kill, A (1985)",-0.103783
22,Romantic Subplots,1005,D3: The Mighty Ducks (1996),-0.193333
22,Romantic Subplots,111759,Edge of Tomorrow (2014),-0.048613
22,Romantic Subplots,161922,The Edge of Seventeen (2016),0.437367
22,Romantic Subplots,3754,"Adventures of Rocky and Bullwinkle, The (2000)",-0.19639
22,Romantic Subplots,86142,13 Assassins (Jûsan-nin no shikaku) (2010),-0.202784
22,Romantic Subplots,114847,Autómata (Automata) (2014),-0.21547
22,Romantic Subplots,973,Meet John Doe (1941),-0.140371
22,Romantic Subplots,6958,"Haunted Mansion, The (2003)",-0.194256
22,Romantic Subplots,2381,Police Academy 4: Citizens on Patrol (1987),-0.197037
22,Romantic Subplots,232,Eat Drink Man Woman (Yin shi nan nu) (1994),0.834781
22,Romantic Subplots,328,Tales from the Crypt Presents: Demon Knight (1995),-0.203024
22,Romantic Subplots,1913,Picnic at Hanging Rock (1975),-0.182254
22,Romantic Subplots,202429,Once Upon a Time in Hollywood (2019),-0.189294
22,Romantic Subplots,6534,Hulk (2003),-0.121705
22,Romantic Subplots,2639,Mommie Dearest (1981),-0.191729
22,Romantic Subplots,72294,"Christmas Carol, A (2009)",-0.1768
22,Romantic Subplots,7842,Dune (2000),-0.195923
22,Romantic Subplots,47640,Beerfest (2006),-0.200749
22,Romantic Subplots,1998,Exorcist II: The Heretic (1977),-0.205853
22,Romantic Subplots,4681,"War of the Roses, The (1989)",0.623423
22,Romantic Subplots,2375,"Money Pit, The (1986)",-0.064765
22,Romantic Subplots,32587,Sin City (2005),-0.190788
22,Romantic Subplots,5833,Dog Soldiers (2002),-0.202426
22,Romantic Subplots,51091,Black Snake Moan (2006),0.394272
22,Romantic Subplots,26242,Duel (1971),-0.208949
22,Romantic Subplots,192379,First Man (2018),-0.108099
22,Romantic Subplots,4254,Crocodile Dundee in Los Angeles (2001),0.407756
22,Romantic Subplots,6299,"Winged Migration (Peuple migrateur, Le) (2001)",-0.202064
22,Romantic Subplots,371,"Paper, The (1994)",-0.168894
22,Romantic Subplots,258,"Kid in King Arthur's Court, A (1995)",-0.003
23,Underdog Arcs,1453,"Beautician and the Beast, The (1997)",-0.206833
23,Underdog Arcs,71282,"Food, Inc. (2008)",0.053526
23,Underdog Arcs,1976,Friday the 13th Part 3: 3D (1982),-0.218297
23,Underdog Arcs,3062,"Longest Day, The (1962)",-0.178296
23,Underdog Arcs,73929,Legion (2010),0.434592
23,Underdog Arcs,354,Cobb (1994),-0.189644
23,Underdog Arcs,801,Harriet the Spy (1996),-0.181943
23,Underdog Arcs,286897,Spider-Man: Across the Spider-Verse (2023),0.070998
23,Underdog Arcs,8014,"Spring, Summer, Fall, Winter... and Spring (Bom yeoreum gaeul gyeoul geurigo bom) (2003)",-0.238519
23,Underdog Arcs,1429,First Strike (Police Story 4: First Strike) (Ging chaat goo si 4: Ji gaan daan yam mo) (1996),-0.194467
23,Underdog Arcs,169906,The Night Of (2016),0.167938
23,Underdog Arcs,1019,"20,000 Leagues Under the Sea (1954)",-0.150888
23,Underdog Arcs,5,Father of the Bride Part II (1995),-0.265429
23,Underdog Arcs,60487,"It's the Great Pumpkin, Charlie Brown (1966)",-0.212137
23,Underdog Arcs,192803,Bohemian Rhapsody (2018),0.3505
23,Underdog Arcs,971,Cat on a Hot Tin Roof (1958),-0.238683
23,Underdog Arcs,244178,The Northman,0.070301
23,Underdog Arcs,1378,Young Guns (1988),0.871217
23,Underdog Arcs,104283,"Wind Rises, The (Kaze tachinu) (2013)",-0.227486
23,Underdog Arcs,57532,Meet the Spartans (2008),-0.194119
23,Underdog Arcs,2026,Disturbing Behavior (1998),0.58866
23,Underdog Arcs,1015,Homeward Bound: The Incredible Journey (1993),-0.189017
23,Underdog Arcs,3877,Supergirl (1984),-0.202258
23,Underdog Arcs,7137,"Cooler, The (2003)",-0.18073
23,Underdog Arcs,2261,One Crazy Summer (1986),-0.169873
23,Underdog Arcs,32460,Knockin' on Heaven's Door (1997),-0.20038
23,Underdog Arcs,8908,Ladder 49 (2004),-0.188633
23,Underdog Arcs,3145,Cradle Will Rock (1999),0.225194
23,Underdog Arcs,2686,"Red Violin, The (Violon rouge, Le) (1998)",-0.237106
23,Underdog Arcs,2739,"Color Purple, The (1985)",0.768295
23,Underdog Arcs,8873,"Motorcycle Diaries, The (Diarios de motocicleta) (2004)",0.820254
23,Underdog Arcs,93272,Dr. Seuss' The Lorax (2012),0.068326
23,Underdog Arcs,2116,"Lord of the Rings, The (1978)",0.558597
23,Underdog Arcs,57274,[REC] (2007),-0.140901
23,Underdog Arcs,2787,Cat's Eye (1985),-0.223793
23,Underdog Arcs,468,"Englishman Who Went Up a Hill But Came Down a Mountain, The (1995)",0.336762
23,Underdog Arcs,5876,"Quiet American, The (2002)",-0.207954
23,Underdog Arcs,1391,Mars Attacks! (1996),0.137817
23,Underdog Arcs,1949,"Man for All Seasons, A (1966)",0.306589
23,Underdog Arcs,8860,Cellular (2004),-0.129225
23,Underdog Arcs,8253,Lupin III: The Castle Of Cagliostro (Rupan sansei: Kariosutoro no shiro) (1979),-0.166172
23,Underdog Arcs,37384,Waiting... (2005),-0.233336
23,Underdog Arcs,253,Interview with the Vampire: The Vampire Chronicles (1994),-0.236794
23,Underdog Arcs,213,Burnt by the Sun (Utomlyonnye solntsem) (1994),0.153851
23,Underdog Arcs,3022,"General, The (1926)",-0.106545
23,Underdog Arcs,58293,"10,000 BC (2008)",0.455837
23,Underdog Arcs,3439,Teenage Mutant Ninja Turtles II: The Secret of the Ooze (1991),-0.064791
23,Underdog Arcs,8827,"Bill Cosby, Himself (1983)",-0.229156
23,Underdog Arcs,8169,*batteries not included (1987),0.036878
23,Underdog Arcs,2,Jumanji (1995),-0.082193
23,Underdog Arcs,1059,William Shakespeare's Romeo + Juliet (1996),-0.179941
23,Underdog Arcs,7381,"Whole Ten Yards, The (2004)",-0.195054
23,Underdog Arcs,5941,Drumline (2002),0.404032
23,Underdog Arcs,2334,"Siege, The (1998)",-0.226331
23,Underdog Arcs,3204,"Boys from Brazil, The (1978)",-0.010347
23,Underdog Arcs,2546,"Deep End of the Ocean, The (1999)",-0.205938
23,Underdog Arcs,433,Clean Slate (1994),-0.217555
23,Underdog Arcs,1372,Star Trek VI: The Undiscovered Country (1991),-0.21696
23,Underdog Arcs,1680,Sliding Doors (1998),-0.213103
23,Underdog Arcs,1132,Manon of the Spring (Manon des sources) (1986),0.249046
23,Underdog Arcs,3100,"River Runs Through It, A (1992)",-0.233224
23,Underdog Arcs,725,"Great White Hype, The (1996)",0.138319
23,Underdog Arcs,66934,Dr. Horrible's Sing-Along Blog (2008),0.681486
23,Underdog Arcs,100498,"Good Day to Die Hard, A (2013)",-0.113919
23,Underdog Arcs,3812,Everything You Always Wanted to Know About Sex * But Were Afraid to Ask (1972),-0.231814
23,Underdog Arcs,2504,200 Cigarettes (1999),-0.232548
23,Underdog Arcs,2212,"Man Who Knew Too Much, The (1934)",-0.180236
23,Underdog Arcs,80590,Wall Street: Money Never Sleeps (2010),-0.218927
23,Underdog Arcs,2771,Brokedown Palace (1999),0.564589
23,Underdog Arcs,2376,"View to a Kill, A (1985)",-0.221184
23,Underdog Arcs,1005,D3: The Mighty Ducks (1996),0.660959
23,Underdog Arcs,111759,Edge of Tomorrow (2014),-0.013429
23,Underdog Arcs,161922,The Edge of Seventeen (2016),-0.200282
23,Underdog Arcs,3754,"Adventures of Rocky and Bullwinkle, The (2000)",0.142581
23,Underdog Arcs,86142,13 Assassins (Jûsan-nin no shikaku) (2010),0.781389
23,Underdog Arcs,114847,Autómata (Automata) (2014),-0.025058
23,Underdog Arcs,973,Meet John Doe (1941),0.821566
23,Underdog Arcs,6958,"Haunted Mansion, The (2003)",-0.163795
23,Underdog Arcs,2381,Police Academy 4: Citizens on Patrol (1987),-0.079816
23,Underdog Arcs,232,Eat Drink Man Woman (Yin shi nan nu) (1994),-0.25559
23,Underdog Arcs,328,Tales from the Crypt Presents: Demon Knight (1995),-0.109812
23,Underdog Arcs,1913,Picnic at Hanging Rock (1975),-0.242043
23,Underdog Arcs,202429,Once Upon a Time in Hollywood (2019),-0.185099
23,Underdog Arcs,6534,Hulk (2003),-0.116918
23,Underdog Arcs,2639,Mommie Dearest (1981),-0.186821
23,Underdog Arcs,72294,"Christmas Carol, A (2009)",-0.221774
23,Underdog Arcs,7842,Dune (2000),1.0
23,Underdog Arcs,47640,Beerfest (2006),0.153835
23,Underdog Arcs,1998,Exorcist II: The Heretic (1977),-0.225775
23,Underdog Arcs,4681,"War of the Roses, The (1989)",-0.233775
23,Underdog Arcs,2375,"Money Pit, The (1986)",-0.153785
23,Underdog Arcs,32587,Sin City (2005),-0.118205
23,Underdog Arcs,5833,Dog Soldiers (2002),0.38871
23,Underdog Arcs,51091,Black Snake Moan (2006),-0.172375
23,Underdog Arcs,26242,Duel (1971),-0.202289
23,Underdog Arcs,192379,First Man (2018),-0.124233
23,Underdog Arcs,4254,Crocodile Dundee in Los Angeles (2001),-0.239075
23,Underdog Arcs,6299,"Winged Migration (Peuple migrateur, Le) (2001)",-0.233263
23,Underdog Arcs,371,"Paper, The (1994)",-0.099746
23,Underdog Arcs,258,"Kid in King Arthur's Court, A (1995)",-0.077007
24,War/Military Focus,1453,"Beautician and the Beast, The (1997)",-0.142678
24,War/Military Focus,71282,"Food, Inc. (2008)",-0.140904
24,War/Military Focus,1976,Friday the 13th Part 3: 3D (1982),-0.140929
24,War/Military Focus,3062,"Longest Day, The (1962)",0.949836
24,War/Military Focus,73929,Legion (2010),0.011818
24,War/Military Focus,354,Cobb (1994),-0.140692
24,War/Military Focus,801,Harriet the Spy (1996),-0.143034
24,War/Military Focus,286897,Spider-Man: Across the Spider-Verse (2023),-0.137834
24,War/Military Focus,8014,"Spring, Summer, Fall, Winter... and Spring (Bom yeoreum gaeul gyeoul geurigo bom) (2003)",-0.13999
24,War/Military Focus,1429,First Strike (Police Story 4: First Strike) (Ging chaat goo si 4: Ji gaan daan yam mo) (1996),0.306691
24,War/Military Focus,169906,The Night Of (2016),-0.141163
24,War/Military Focus,1019,"20,000 Leagues Under the Sea (1954)",0.198696
24,War/Military Focus,5,Father of the Bride Part II (1995),-0.147724
24,War/Military Focus,60487,"It's the Great Pumpkin, Charlie Brown (1966)",-0.150515
24,War/Military Focus,192803,Bohemian Rhapsody (2018),-0.144968
24,War/Military Focus,971,Cat on a Hot Tin Roof (1958),-0.148007
24,War/Military Focus,244178,The Northman,0.600341
24,War/Military Focus,1378,Young Guns (1988),0.129681
24,War/Military Focus,104283,"Wind Rises, The (Kaze tachinu) (2013)",0.291613
24,War/Military Focus,57532,Meet the Spartans (2008),0.035085
24,War/Military Focus,2026,Disturbing Behavior (1998),-0.139553
24,War/Military Focus,1015,Homeward Bound: The Incredible Journey (1993),-0.141415
24,War/Military Focus,3877,Supergirl (1984),-0.096063
24,War/Military Focus,7137,"Cooler, The (2003)",-0.147523
24,War/Military Focus,2261,One Crazy Summer (1986),-0.144207
24,War/Military Focus,32460,Knockin' on Heaven's Door (1997),-0.143204
24,War/Military Focus,8908,Ladder 49 (2004),-0.141759
24,War/Military Focus,3145,Cradle Will Rock (1999),-0.141122
24,War/Military Focus,2686,"Red Violin, The (Violon rouge, Le) (1998)",-0.145423
24,War/Military Focus,2739,"Color Purple, The (1985)",-0.151028
24,War/Military Focus,8873,"Motorcycle Diaries, The (Diarios de motocicleta) (2004)",-0.135452
24,War/Military Focus,93272,Dr. Seuss' The Lorax (2012),-0.14352
24,War/Military Focus,2116,"Lord of the Rings, The (1978)",0.016963
24,War/Military Focus,57274,[REC] (2007),-0.137864
24,War/Military Focus,2787,Cat's Eye (1985),-0.144116
24,War/Military Focus,468,"Englishman Who Went Up a Hill But Came Down a Mountain, The (1995)",-0.142369
24,War/Military Focus,5876,"Quiet American, The (2002)",0.730671
24,War/Military Focus,1391,Mars Attacks! (1996),0.431412
24,War/Military Focus,1949,"Man for All Seasons, A (1966)",-0.141172
24,War/Military Focus,8860,Cellular (2004),-0.136319
24,War/Military Focus,8253,Lupin III: The Castle Of Cagliostro (Rupan sansei: Kariosutoro no shiro) (1979),-0.144208
24,War/Military Focus,37384,Waiting... (2005),-0.149027
24,War/Military Focus,253,Interview with the Vampire: The Vampire Chronicles (1994),-0.142285
24,War/Military Focus,213,Burnt by the Sun (Utomlyonnye solntsem) (1994),0.403612
24,War/Military Focus,3022,"General, The (1926)",0.53241
24,War/Military Focus,58293,"10,000 BC (2008)",0.370071
24,War/Military Focus,3439,Teenage Mutant Ninja Turtles II: The Secret of the Ooze (1991),-0.137981
24,War/Military Focus,8827,"Bill Cosby, Himself (1983)",-0.142877
24,War/Military Focus,8169,*batteries not included (1987),-0.145442
24,War/Military Focus,2,Jumanji (1995),-0.142962
24,War/Military Focus,1059,William Shakespeare's Romeo + Juliet (1996),-0.142165
24,War/Military Focus,7381,"Whole Ten Yards, The (2004)",-0.138052
24,War/Military Focus,5941,Drumline (2002),-0.141041
24,War/Military Focus,2334,"Siege, The (1998)",0.716303
24,War/Military Focus,3204,"Boys from Brazil, The (1978)",0.5368
24,War/Military Focus,2546,"Deep End of the Ocean, The (1999)",-0.142379
24,War/Military Focus,433,Clean Slate (1994),-0.144724
24,War/Military Focus,1372,Star Trek VI: The Undiscovered Country (1991),0.644035
24,War/Military Focus,1680,Sliding Doors (1998),-0.14206
24,War/Military Focus,1132,Manon of the Spring (Manon des sources) (1986),-0.138
24,War/Military Focus,3100,"River Runs Through It, A (1992)",-0.142543
24,War/Military Focus,725,"Great White Hype, The (1996)",-0.141307
24,War/Military Focus,66934,Dr. Horrible's Sing-Along Blog (2008),-0.143336
24,War/Military Focus,100498,"Good Day to Die Hard, A (2013)",0.034057
24,War/Military Focus,3812,Everything You Always Wanted to Know About Sex * But Were Afraid to Ask (1972),-0.14111
24,War/Military Focus,2504,200 Cigarettes (1999),-0.143313
24,War/Military Focus,2212,"Man Who Knew Too Much, The (1934)",-0.091473
24,War/Military Focus,80590,Wall Street: Money Never Sleeps (2010),-0.140952
24,War/Military Focus,2771,Brokedown Palace (1999),-0.142156
24,War/Military Focus,2376,"View to a Kill, A (1985)",0.303502
24,War/Military Focus,1005,D3: The Mighty Ducks (1996),-0.140613
24,War/Military Focus,111759,Edge of Tomorrow (2014),1.0
24,War/Military Focus,161922,The Edge of Seventeen (2016),-0.145054
24,War/Military Focus,3754,"Adventures of Rocky and Bullwinkle, The (2000)",-0.119874
24,War/Military Focus,86142,13 Assassins (Jûsan-nin no shikaku) (2010),0.822891
24,War/Military Focus,114847,Autómata (Automata) (2014),-0.141882
24,War/Military Focus,973,Meet John Doe (1941),-0.142707
24,War/Military Focus,6958,"Haunted Mansion, The (2003)",-0.140605
24,War/Military Focus,2381,Police Academy 4: Citizens on Patrol (1987),-0.139202
24,War/Military Focus,232,Eat Drink Man Woman (Yin shi nan nu) (1994),-0.148981
24,War/Military Focus,328,Tales from the Crypt Presents: Demon Knight (1995),-0.14152
24,War/Military Focus,1913,Picnic at Hanging Rock (1975),-0.148694
24,War/Military Focus,202429,Once Upon a Time in Hollywood (2019),-0.142369
24,War/Military Focus,6534,Hulk (2003),0.196718
24,War/Military Focus,2639,Mommie Dearest (1981),-0.14521
24,War/Military Focus,72294,"Christmas Carol, A (2009)",-0.151991
24,War/Military Focus,7842,Dune (2000),0.668897
24,War/Military Focus,47640,Beerfest (2006),-0.148788
24,War/Military Focus,1998,Exorcist II: The Heretic (1977),-0.143365
24,War/Military Focus,4681,"War of the Roses, The (1989)",-0.111283
24,War/Military Focus,2375,"Money Pit, The (1986)",-0.14337
24,War/Military Focus,32587,Sin City (2005),-0.130644
24,War/Military Focus,5833,Dog Soldiers (2002),0.750922
24,War/Military Focus,51091,Black Snake Moan (2006),-0.141374
24,War/Military Focus,26242,Duel (1971),-0.142414
24,War/Military Focus,192379,First Man (2018),-0.136025
24,War/Military Focus,4254,Crocodile Dundee in Los Angeles (2001),-0.140521
24,War/Military Focus,6299,"Winged Migration (Peuple migrateur, Le) (2001)",-0.143006
24,War/Military Focus,371,"Paper, The (1994)",-0.145774
24,War/Military Focus,258,"Kid in King Arthur's Court, A (1995)",-0.137823
25,Family-Friendly Content,1453,"Beautician and the Beast, The (1997)",0.550997
25,Family-Friendly Content,71282,"Food, Inc. (2008)",-0.249297
25,Family-Friendly Content,1976,Friday the 13th Part 3: 3D (1982),-0.366987
25,Family-Friendly Content,3062,"Longest Day, The (1962)",-0.258471
25,Family-Friendly Content,73929,Legion (2010),-0.323799
25,Family-Friendly Content,354,Cobb (1994),-0.232234
25,Family-Friendly Content,801,Harriet the Spy (1996),0.595337
25,Family-Friendly Content,286897,Spider-Man: Across the Spider-Verse (2023),0.569667
25,Family-Friendly Content,8014,"Spring, Summer, Fall, Winter... and Spring (Bom yeoreum gaeul gyeoul geurigo bom) (2003)",-0.194663
25,Family-Friendly Content,1429,First Strike (Police Story 4: First Strike) (Ging chaat goo si 4: Ji gaan daan yam mo) (1996),0.048304
25,Family-Friendly Content,169906,The Night Of (2016),-0.32914
25,Family-Friendly Content,1019,"20,000 Leagues Under the Sea (1954)",0.043814
25,Family-Friendly Content,5,Father of the Bride Part II (1995),0.557016
25,Family-Friendly Content,60487,"It's the Great Pumpkin, Charlie Brown (1966)",1.0
25,Family-Friendly Content,192803,Bohemian Rhapsody (2018),-0.142938
25,Family-Friendly Content,971,Cat on a Hot Tin Roof (1958),-0.322083
25,Family-Friendly Content,244178,The Northman,-0.29456
25,Family-Friendly Content,1378,Young Guns (1988),-0.201543
25,Family-Friendly Content,104283,"Wind Rises, The (Kaze tachinu) (2013)",-0.006192
25,Family-Friendly Content,57532,Meet the Spartans (2008),-0.071627
25,Family-Friendly Content,2026,Disturbing Behavior (1998),-0.36212
25,Family-Friendly Content,1015,Homeward Bound: The Incredible Journey (1993),0.895573
25,Family-Friendly Content,3877,Supergirl (1984),0.288052
25,Family-Friendly Content,7137,"Cooler, The (2003)",-0.217398
25,Family-Friendly Content,2261,One Crazy Summer (1986),0.280448
25,Family-Friendly Content,32460,Knockin' on Heaven's Door (1997),-0.207613
25,Family-Friendly Content,8908,Ladder 49 (2004),-0.162134
25,Family-Friendly Content,3145,Cradle Will Rock (1999),-0.219454
25,Family-Friendly Content,2686,"Red Violin, The (Violon rouge, Le) (1998)",-0.208547
25,Family-Friendly Content,2739,"Color Purple, The (1985)",-0.25067
25,Family-Friendly Content,8873,"Motorcycle Diaries, The (Diarios de motocicleta) (2004)",-0.208987
25,Family-Friendly Content,93272,Dr. Seuss' The Lorax (2012),0.731588
25,Family-Friendly Content,2116,"Lord of the Rings, The (1978)",0.542575
25,Family-Friendly Content,57274,[REC] (2007),-0.355762
25,Family-Friendly Content,2787,Cat's Eye (1985),-0.359442
25,Family-Friendly Content,468,"Englishman Who Went Up a Hill But Came Down a Mountain, The (1995)",0.272541
25,Family-Friendly Content,5876,"Quiet American, The (2002)",-0.300483
25,Family-Friendly Content,1391,Mars Attacks! (1996),-0.180886
25,Family-Friendly Content,1949,"Man for All Seasons, A (1966)",-0.213935
25,Family-Friendly Content,8860,Cellular (2004),-0.285181
25,Family-Friendly Content,8253,Lupin III: The Castle Of Cagliostro (Rupan sansei: Kariosutoro no shiro) (1979),0.413347
25,Family-Friendly Content,37384,Waiting... (2005),0.077643
25,Family-Friendly Content,253,Interview with the Vampire: The Vampire Chronicles (1994),-0.346507
25,Family-Friendly Content,213,Burnt by the Sun (Utomlyonnye solntsem) (1994),-0.277061
25,Family-Friendly Content,3022,"General, The (1926)",0.314316
25,Family-Friendly Content,58293,"10,000 BC (2008)",0.222145
25,Family-Friendly Content,3439,Teenage Mutant Ninja Turtles II: The Secret of the Ooze (1991),0.630359
25,Family-Friendly Content,8827,"Bill Cosby, Himself (1983)",0.573522
25,Family-Friendly Content,8169,*batteries not included (1987),0.723032
25,Family-Friendly Content,2,Jumanji (1995),0.928917
25,Family-Friendly Content,1059,William Shakespeare's Romeo + Juliet (1996),-0.235748
25,Family-Friendly Content,7381,"Whole Ten Yards, The (2004)",-0.221392
25,Family-Friendly Content,5941,Drumline (2002),0.338791
25,Family-Friendly Content,2334,"Siege, The (1998)",-0.297863
25,Family-Friendly Content,3204,"Boys from Brazil, The (1978)",-0.305993
25,Family-Friendly Content,2546,"Deep End of the Ocean, The (1999)",-0.215559
25,Family-Friendly Content,433,Clean Slate (1994),-0.1415
25,Family-Friendly Content,1372,Star Trek VI: The Undiscovered Country (1991),-0.17765
25,Family-Friendly Content,1680,Sliding Doors (1998),-0.179438
25,Family-Friendly Content,1132,Manon of the Spring (Manon des sources) (1986),-0.273896
25,Family-Friendly Content,3100,"River Runs Through It, A (1992)",0.178763
25,Family-Friendly Content,725,"Great White Hype, The (1996)",-0.193511
25,Family-Friendly Content,66934,Dr. Horrible's Sing-Along Blog (2008),0.077232
25,Family-Friendly Content,100498,"Good Day to Die Hard, A (2013)",0.130609
25,Family-Friendly Content,3812,Everything You Always Wanted to Know About Sex * But Were Afraid to Ask (1972),-0.577964
25,Family-Friendly Content,2504,200 Cigarettes (1999),-0.169594
25,Family-Friendly Content,2212,"Man Who Knew Too Much, The (1934)",-0.238743
25,Family-Friendly Content,80590,Wall Street: Money Never Sleeps (2010),-0.237827
25,Family-Friendly Content,2771,Brokedown Palace (1999),-0.295969
25,Family-Friendly Content,2376,"View to a Kill, A (1985)",-0.203628
25,Family-Friendly Content,1005,D3: The Mighty Ducks (1996),0.792302
25,Family-Friendly Content,111759,Edge of Tomorrow (2014),-0.215236
25,Family-Friendly Content,161922,The Edge of Seventeen (2016),0.072559
25,Family-Friendly Content,3754,"Adventures of Rocky and Bullwinkle, The (2000)",0.812735
25,Family-Friendly Content,86142,13 Assassins (Jûsan-nin no shikaku) (2010),-0.296627
25,Family-Friendly Content,114847,Autómata (Automata) (2014),-0.248633
25,Family-Friendly Content,973,Meet John Doe (1941),-0.169316
25,Family-Friendly Content,6958,"Haunted Mansion, The (2003)",0.243751
25,Family-Friendly Content,2381,Police Academy 4: Citizens on Patrol (1987),0.415654
25,Family-Friendly Content,232,Eat Drink Man Woman (Yin shi nan nu) (1994),0.186903
25,Family-Friendly Content,328,Tales from the Crypt Presents: Demon Knight (1995),-0.37222
25,Family-Friendly Content,1913,Picnic at Hanging Rock (1975),-0.252014
25,Family-Friendly Content,202429,Once Upon a Time in Hollywood (2019),-0.241175
25,Family-Friendly Content,6534,Hulk (2003),-0.006958
25,Family-Friendly Content,2639,Mommie Dearest (1981),-0.361844
25,Family-Friendly Content,72294,"Christmas Carol, A (2009)",0.925065
25,Family-Friendly Content,7842,Dune (2000),-0.243693
25,Family-Friendly Content,47640,Beerfest (2006),-0.263708
25,Family-Friendly Content,1998,Exorcist II: The Heretic (1977),-0.372694
25,Family-Friendly Content,4681,"War of the Roses, The (1989)",-0.263698
25,Family-Friendly Content,2375,"Money Pit, The (1986)",0.433
25,Family-Friendly Content,32587,Sin City (2005),-0.400181
25,Family-Friendly Content,5833,Dog Soldiers (2002),-0.330265
25,Family-Friendly Content,51091,Black Snake Moan (2006),-0.319203
25,Family-Friendly Content,26242,Duel (1971),-0.239865
25,Family-Friendly Content,192379,First Man (2018),-0.221101
25,Family-Friendly Content,4254,Crocodile Dundee in Los Angeles (2001),0.335556
25,Family-Friendly Content,6299,"Winged Migration (Peuple migrateur, Le) (2001)",0.159375
25,Family-Friendly Content,371,"Paper, The (1994)",-0.211116
25,Family-Friendly Content,258,"Kid in King Arthur's Court, A (1995)",0.784049
