qualtrics_id,condition,domain,t,fit,test_acc,test_ll
R_5EfMjMbx1z8Kvhl,inference_categories,dailydilemmas,3,random_projection,0.6666666666666666,-0.6929446076993505
R_5EfMjMbx1z8Kvhl,inference_categories,dailydilemmas,3,projection_only,0.6666666666666666,-0.6468510586199181
R_5EfMjMbx1z8Kvhl,inference_categories,dailydilemmas,3,projection_alpha,0.6666666666666666,-0.6841338752995941
R_5EfMjMbx1z8Kvhl,inference_categories,dailydilemmas,4,random_projection,0.5,-0.6930717229626151
R_5EfMjMbx1z8Kvhl,inference_categories,dailydilemmas,4,projection_only,0.5,-0.6893281214617246
R_5EfMjMbx1z8Kvhl,inference_categories,dailydilemmas,4,projection_alpha,0.5,-0.6924144847175338
R_5EfMjMbx1z8Kvhl,inference_categories,dailydilemmas,5,random_projection,0.4,-0.6931494772535746
R_5EfMjMbx1z8Kvhl,inference_categories,dailydilemmas,5,projection_only,0.2,-0.744258308465849
R_5EfMjMbx1z8Kvhl,inference_categories,dailydilemmas,5,projection_alpha,0.2,-0.7028745917384118
R_5EfMjMbx1z8Kvhl,inference_categories,dailydilemmas,6,random_projection,0.5,-0.6930986771395174
R_5EfMjMbx1z8Kvhl,inference_categories,dailydilemmas,6,projection_only,0.16666666666666666,-0.7357529212507427
R_5EfMjMbx1z8Kvhl,inference_categories,dailydilemmas,6,projection_alpha,0.16666666666666666,-0.7013603515244035
R_5EfMjMbx1z8Kvhl,inference_categories,dailydilemmas,7,random_projection,0.2857142857142857,-0.6932206816919918
R_5EfMjMbx1z8Kvhl,inference_categories,dailydilemmas,7,projection_only,0.2857142857142857,-0.7219317665102162
R_5EfMjMbx1z8Kvhl,inference_categories,dailydilemmas,7,projection_alpha,0.2857142857142857,-0.6988179770192354
R_5EfMjMbx1z8Kvhl,inference_categories,dailydilemmas,8,random_projection,0.375,-0.6933335260927588
R_5EfMjMbx1z8Kvhl,inference_categories,dailydilemmas,8,projection_only,0.5,-0.717242270543391
R_5EfMjMbx1z8Kvhl,inference_categories,dailydilemmas,8,projection_alpha,0.5,-0.6980355564679801
R_5EfMjMbx1z8Kvhl,inference_categories,dailydilemmas,9,random_projection,0.1111111111111111,-0.6934821703105922
R_5EfMjMbx1z8Kvhl,inference_categories,dailydilemmas,9,projection_only,0.6666666666666666,-0.6972725174592069
R_5EfMjMbx1z8Kvhl,inference_categories,dailydilemmas,9,projection_alpha,0.5555555555555556,-0.694071673001353
R_5EfMjMbx1z8Kvhl,inference_categories,dailydilemmas,10,random_projection,0.2,-0.6934162199724898
R_5EfMjMbx1z8Kvhl,inference_categories,dailydilemmas,10,projection_only,0.5,-0.7159312914184118
R_5EfMjMbx1z8Kvhl,inference_categories,dailydilemmas,10,projection_alpha,0.5,-0.6980722675553314
R_5EfMjMbx1z8Kvhl,inference_categories,dailydilemmas,11,random_projection,0.36363636363636365,-0.6932583517735177
R_5EfMjMbx1z8Kvhl,inference_categories,dailydilemmas,11,projection_only,0.36363636363636365,-0.7193274830444375
R_5EfMjMbx1z8Kvhl,inference_categories,dailydilemmas,11,projection_alpha,0.36363636363636365,-0.699149466165034
R_5EfMjMbx1z8Kvhl,inference_categories,dailydilemmas,12,random_projection,0.3333333333333333,-0.6933305364254013
R_5EfMjMbx1z8Kvhl,inference_categories,dailydilemmas,12,projection_only,0.4166666666666667,-0.7193267810661608
R_5EfMjMbx1z8Kvhl,inference_categories,dailydilemmas,12,projection_alpha,0.4166666666666667,-0.6989402369417662
R_5EfMjMbx1z8Kvhl,inference_categories,dailydilemmas,13,random_projection,0.3076923076923077,-0.6932589382670448
R_5EfMjMbx1z8Kvhl,inference_categories,dailydilemmas,13,projection_only,0.46153846153846156,-0.7092959433915661
R_5EfMjMbx1z8Kvhl,inference_categories,dailydilemmas,13,projection_alpha,0.46153846153846156,-0.6969535008279691
R_5EfMjMbx1z8Kvhl,inference_categories,dailydilemmas,14,random_projection,0.5714285714285714,-0.6932013837870297
R_5EfMjMbx1z8Kvhl,inference_categories,dailydilemmas,14,projection_only,0.35714285714285715,-0.7181649369873707
R_5EfMjMbx1z8Kvhl,inference_categories,dailydilemmas,14,projection_alpha,0.35714285714285715,-0.6991450672368978
R_5EfMjMbx1z8Kvhl,inference_categories,dailydilemmas,15,random_projection,0.6,-0.6931229586343899
R_5EfMjMbx1z8Kvhl,inference_categories,dailydilemmas,15,projection_only,0.4,-0.7147218973082072
R_5EfMjMbx1z8Kvhl,inference_categories,dailydilemmas,15,projection_alpha,0.4,-0.6984061666662197
R_5EfMjMbx1z8Kvhl,inference_categories,dailydilemmas,16,random_projection,0.5625,-0.6931684068516455
R_5EfMjMbx1z8Kvhl,inference_categories,dailydilemmas,16,projection_only,0.5,-0.7123622420085636
R_5EfMjMbx1z8Kvhl,inference_categories,dailydilemmas,16,projection_alpha,0.4375,-0.6977510150092279
R_5EfMjMbx1z8Kvhl,inference_categories,dailydilemmas,17,random_projection,0.47058823529411764,-0.6932669143043038
R_5EfMjMbx1z8Kvhl,inference_categories,dailydilemmas,17,projection_only,0.5882352941176471,-0.7024333396140234
R_5EfMjMbx1z8Kvhl,inference_categories,dailydilemmas,17,projection_alpha,0.5882352941176471,-0.6955493757647434
R_5EfMjMbx1z8Kvhl,inference_categories,dailydilemmas,18,random_projection,0.4444444444444444,-0.693309972787564
R_5EfMjMbx1z8Kvhl,inference_categories,dailydilemmas,18,projection_only,0.6111111111111112,-0.6901736950031261
R_5EfMjMbx1z8Kvhl,inference_categories,dailydilemmas,18,projection_alpha,0.6111111111111112,-0.6923403605843772
R_5EfMjMbx1z8Kvhl,inference_categories,dailydilemmas,19,random_projection,0.5263157894736842,-0.6932710860213341
R_5EfMjMbx1z8Kvhl,inference_categories,dailydilemmas,19,projection_only,0.631578947368421,-0.6819320812346963
R_5EfMjMbx1z8Kvhl,inference_categories,dailydilemmas,19,projection_alpha,0.6842105263157895,-0.6898578078502086
R_5EfMjMbx1z8Kvhl,inference_categories,dailydilemmas,20,random_projection,0.6,-0.6932275962267427
R_5EfMjMbx1z8Kvhl,inference_categories,dailydilemmas,20,projection_only,0.65,-0.6721571701967839
R_5EfMjMbx1z8Kvhl,inference_categories,dailydilemmas,20,projection_alpha,0.7,-0.6871097853388128
R_56aT1YjmRtKACUH,inference_categories,dailydilemmas,3,random_projection,0.3333333333333333,-0.6931829003096731
R_56aT1YjmRtKACUH,inference_categories,dailydilemmas,3,projection_only,0.0,-0.7219121753023644
R_56aT1YjmRtKACUH,inference_categories,dailydilemmas,3,projection_alpha,0.0,-0.6991112644707237
R_56aT1YjmRtKACUH,inference_categories,dailydilemmas,4,random_projection,0.5,-0.6931697755870021
R_56aT1YjmRtKACUH,inference_categories,dailydilemmas,4,projection_only,0.5,-0.6569313813237434
R_56aT1YjmRtKACUH,inference_categories,dailydilemmas,4,projection_alpha,0.5,-0.685754732026358
R_56aT1YjmRtKACUH,inference_categories,dailydilemmas,5,random_projection,0.6,-0.6930289588666512
R_56aT1YjmRtKACUH,inference_categories,dailydilemmas,5,projection_only,0.6,-0.6085952193465418
R_56aT1YjmRtKACUH,inference_categories,dailydilemmas,5,projection_alpha,0.6,-0.6736047767924369
R_56aT1YjmRtKACUH,inference_categories,dailydilemmas,6,random_projection,0.3333333333333333,-0.6931006151484514
R_56aT1YjmRtKACUH,inference_categories,dailydilemmas,6,projection_only,0.5,-0.6469631753174861
R_56aT1YjmRtKACUH,inference_categories,dailydilemmas,6,projection_alpha,0.5,-0.6828484124698134
R_56aT1YjmRtKACUH,inference_categories,dailydilemmas,7,random_projection,0.42857142857142855,-0.6932815049799853
R_56aT1YjmRtKACUH,inference_categories,dailydilemmas,7,projection_only,0.5714285714285714,-0.6930882034045374
R_56aT1YjmRtKACUH,inference_categories,dailydilemmas,7,projection_alpha,0.5714285714285714,-0.6929336129875618
R_56aT1YjmRtKACUH,inference_categories,dailydilemmas,8,random_projection,0.5,-0.6932964752354438
R_56aT1YjmRtKACUH,inference_categories,dailydilemmas,8,projection_only,0.5,-0.6934876271992447
R_56aT1YjmRtKACUH,inference_categories,dailydilemmas,8,projection_alpha,0.5,-0.6940826307852552
R_56aT1YjmRtKACUH,inference_categories,dailydilemmas,9,random_projection,0.4444444444444444,-0.6932596872932114
R_56aT1YjmRtKACUH,inference_categories,dailydilemmas,9,projection_only,0.5555555555555556,-0.6889745755449456
R_56aT1YjmRtKACUH,inference_categories,dailydilemmas,9,projection_alpha,0.5555555555555556,-0.692762922715819
R_56aT1YjmRtKACUH,inference_categories,dailydilemmas,10,random_projection,0.5,-0.693196927467179
R_56aT1YjmRtKACUH,inference_categories,dailydilemmas,10,projection_only,0.6,-0.6802741981702706
R_56aT1YjmRtKACUH,inference_categories,dailydilemmas,10,projection_alpha,0.6,-0.6907429945378333
R_56aT1YjmRtKACUH,inference_categories,dailydilemmas,11,random_projection,0.6363636363636364,-0.69318379429612
R_56aT1YjmRtKACUH,inference_categories,dailydilemmas,11,projection_only,0.6363636363636364,-0.6886359381591313
R_56aT1YjmRtKACUH,inference_categories,dailydilemmas,11,projection_alpha,0.5454545454545454,-0.6928939139821769
R_56aT1YjmRtKACUH,inference_categories,dailydilemmas,12,random_projection,0.5833333333333334,-0.6931686891858946
R_56aT1YjmRtKACUH,inference_categories,dailydilemmas,12,projection_only,0.5833333333333334,-0.6938126565149906
R_56aT1YjmRtKACUH,inference_categories,dailydilemmas,12,projection_alpha,0.4166666666666667,-0.6946738594825058
R_56aT1YjmRtKACUH,inference_categories,dailydilemmas,13,random_projection,0.5384615384615384,-0.6932226424349855
R_56aT1YjmRtKACUH,inference_categories,dailydilemmas,13,projection_only,0.5384615384615384,-0.7018821897788226
R_56aT1YjmRtKACUH,inference_categories,dailydilemmas,13,projection_alpha,0.38461538461538464,-0.6971363503187964
R_56aT1YjmRtKACUH,inference_categories,dailydilemmas,14,random_projection,0.5,-0.6933682784045996
R_56aT1YjmRtKACUH,inference_categories,dailydilemmas,14,projection_only,0.42857142857142855,-0.6999368757179807
R_56aT1YjmRtKACUH,inference_categories,dailydilemmas,14,projection_alpha,0.5,-0.6966245279692933
R_56aT1YjmRtKACUH,inference_categories,dailydilemmas,15,random_projection,0.5333333333333333,-0.6933481465173086
R_56aT1YjmRtKACUH,inference_categories,dailydilemmas,15,projection_only,0.5333333333333333,-0.7001189749296625
R_56aT1YjmRtKACUH,inference_categories,dailydilemmas,15,projection_alpha,0.5333333333333333,-0.6960632140645515
R_56aT1YjmRtKACUH,inference_categories,dailydilemmas,16,random_projection,0.625,-0.6932538376705041
R_56aT1YjmRtKACUH,inference_categories,dailydilemmas,16,projection_only,0.5625,-0.6944942753422159
R_56aT1YjmRtKACUH,inference_categories,dailydilemmas,16,projection_alpha,0.5,-0.6952583786240725
R_56aT1YjmRtKACUH,inference_categories,dailydilemmas,17,random_projection,0.47058823529411764,-0.6932584032201454
R_56aT1YjmRtKACUH,inference_categories,dailydilemmas,17,projection_only,0.47058823529411764,-0.6983045732139386
R_56aT1YjmRtKACUH,inference_categories,dailydilemmas,17,projection_alpha,0.4117647058823529,-0.6966845311871737
R_56aT1YjmRtKACUH,inference_categories,dailydilemmas,18,random_projection,0.5,-0.693292529849891
R_56aT1YjmRtKACUH,inference_categories,dailydilemmas,18,projection_only,0.4444444444444444,-0.7037408068448252
R_56aT1YjmRtKACUH,inference_categories,dailydilemmas,18,projection_alpha,0.4444444444444444,-0.6974100825700058
R_56aT1YjmRtKACUH,inference_categories,dailydilemmas,19,random_projection,0.47368421052631576,-0.6932960540263439
R_56aT1YjmRtKACUH,inference_categories,dailydilemmas,19,projection_only,0.5263157894736842,-0.6999605947750592
R_56aT1YjmRtKACUH,inference_categories,dailydilemmas,19,projection_alpha,0.47368421052631576,-0.6963229926576635
R_56aT1YjmRtKACUH,inference_categories,dailydilemmas,20,random_projection,0.55,-0.6932699823451962
R_56aT1YjmRtKACUH,inference_categories,dailydilemmas,20,projection_only,0.5,-0.704195423102664
R_56aT1YjmRtKACUH,inference_categories,dailydilemmas,20,projection_alpha,0.45,-0.6974050193170773
R_3HS2lsaEfcZSuXu,inference_categories,dailydilemmas,3,random_projection,0.0,-0.6933560649482565
R_3HS2lsaEfcZSuXu,inference_categories,dailydilemmas,3,projection_only,0.0,-0.7022959428030635
R_3HS2lsaEfcZSuXu,inference_categories,dailydilemmas,3,projection_alpha,0.0,-0.6946864663288217
R_3HS2lsaEfcZSuXu,inference_categories,dailydilemmas,4,random_projection,0.25,-0.6932655615519412
R_3HS2lsaEfcZSuXu,inference_categories,dailydilemmas,4,projection_only,0.5,-0.6868244155488717
R_3HS2lsaEfcZSuXu,inference_categories,dailydilemmas,4,projection_alpha,0.5,-0.6919788245219884
R_3HS2lsaEfcZSuXu,inference_categories,dailydilemmas,5,random_projection,0.6,-0.6931633175138604
R_3HS2lsaEfcZSuXu,inference_categories,dailydilemmas,5,projection_only,0.8,-0.6530999997913802
R_3HS2lsaEfcZSuXu,inference_categories,dailydilemmas,5,projection_alpha,0.8,-0.6854463737043128
R_3HS2lsaEfcZSuXu,inference_categories,dailydilemmas,6,random_projection,0.0,-0.6934023881802416
R_3HS2lsaEfcZSuXu,inference_categories,dailydilemmas,6,projection_only,0.5,-0.7094995427027375
R_3HS2lsaEfcZSuXu,inference_categories,dailydilemmas,6,projection_alpha,0.5,-0.6960805890499714
R_3HS2lsaEfcZSuXu,inference_categories,dailydilemmas,7,random_projection,0.0,-0.6934071002687664
R_3HS2lsaEfcZSuXu,inference_categories,dailydilemmas,7,projection_only,0.14285714285714285,-0.715078573329472
R_3HS2lsaEfcZSuXu,inference_categories,dailydilemmas,7,projection_alpha,0.14285714285714285,-0.6972813497901862
R_3HS2lsaEfcZSuXu,inference_categories,dailydilemmas,8,random_projection,0.375,-0.693341448640656
R_3HS2lsaEfcZSuXu,inference_categories,dailydilemmas,8,projection_only,0.125,-0.7178360247565481
R_3HS2lsaEfcZSuXu,inference_categories,dailydilemmas,8,projection_alpha,0.125,-0.6978633218096589
R_3HS2lsaEfcZSuXu,inference_categories,dailydilemmas,9,random_projection,0.5555555555555556,-0.6932011892526675
R_3HS2lsaEfcZSuXu,inference_categories,dailydilemmas,9,projection_only,0.1111111111111111,-0.7153909406864659
R_3HS2lsaEfcZSuXu,inference_categories,dailydilemmas,9,projection_alpha,0.1111111111111111,-0.6974552454775648
R_3HS2lsaEfcZSuXu,inference_categories,dailydilemmas,10,random_projection,0.6,-0.69321904603129
R_3HS2lsaEfcZSuXu,inference_categories,dailydilemmas,10,projection_only,0.5,-0.7110223512447988
R_3HS2lsaEfcZSuXu,inference_categories,dailydilemmas,10,projection_alpha,0.5,-0.6967580058687651
R_3HS2lsaEfcZSuXu,inference_categories,dailydilemmas,11,random_projection,0.6363636363636364,-0.6931449011739582
R_3HS2lsaEfcZSuXu,inference_categories,dailydilemmas,11,projection_only,0.45454545454545453,-0.7062770663700128
R_3HS2lsaEfcZSuXu,inference_categories,dailydilemmas,11,projection_alpha,0.45454545454545453,-0.6958538769917519
R_3HS2lsaEfcZSuXu,inference_categories,dailydilemmas,12,random_projection,0.5,-0.6931658620406683
R_3HS2lsaEfcZSuXu,inference_categories,dailydilemmas,12,projection_only,0.5,-0.7030240894493694
R_3HS2lsaEfcZSuXu,inference_categories,dailydilemmas,12,projection_alpha,0.5,-0.695143483064122
R_3HS2lsaEfcZSuXu,inference_categories,dailydilemmas,13,random_projection,0.5384615384615384,-0.6931221006235185
R_3HS2lsaEfcZSuXu,inference_categories,dailydilemmas,13,projection_only,0.5384615384615384,-0.6996049825764558
R_3HS2lsaEfcZSuXu,inference_categories,dailydilemmas,13,projection_alpha,0.5384615384615384,-0.6943808313083639
R_3HS2lsaEfcZSuXu,inference_categories,dailydilemmas,14,random_projection,0.7142857142857143,-0.6929896986751903
R_3HS2lsaEfcZSuXu,inference_categories,dailydilemmas,14,projection_only,0.5714285714285714,-0.6901891826988203
R_3HS2lsaEfcZSuXu,inference_categories,dailydilemmas,14,projection_alpha,0.5714285714285714,-0.6922644917475045
R_3HS2lsaEfcZSuXu,inference_categories,dailydilemmas,15,random_projection,0.7333333333333333,-0.6930967414410998
R_3HS2lsaEfcZSuXu,inference_categories,dailydilemmas,15,projection_only,0.5333333333333333,-0.6985371785465749
R_3HS2lsaEfcZSuXu,inference_categories,dailydilemmas,15,projection_alpha,0.5333333333333333,-0.6938308016223613
R_3HS2lsaEfcZSuXu,inference_categories,dailydilemmas,16,random_projection,0.6875,-0.6930582566516703
R_3HS2lsaEfcZSuXu,inference_categories,dailydilemmas,16,projection_only,0.5625,-0.6909919134986237
R_3HS2lsaEfcZSuXu,inference_categories,dailydilemmas,16,projection_alpha,0.5625,-0.6921248464470617
R_3HS2lsaEfcZSuXu,inference_categories,dailydilemmas,17,random_projection,0.7058823529411765,-0.6930508295633399
R_3HS2lsaEfcZSuXu,inference_categories,dailydilemmas,17,projection_only,0.5882352941176471,-0.6784707338978984
R_3HS2lsaEfcZSuXu,inference_categories,dailydilemmas,17,projection_alpha,0.5882352941176471,-0.6889812669803083
R_3HS2lsaEfcZSuXu,inference_categories,dailydilemmas,18,random_projection,0.6666666666666666,-0.6931085281592922
R_3HS2lsaEfcZSuXu,inference_categories,dailydilemmas,18,projection_only,0.6111111111111112,-0.6767419700329076
R_3HS2lsaEfcZSuXu,inference_categories,dailydilemmas,18,projection_alpha,0.6111111111111112,-0.6885822299635257
R_3HS2lsaEfcZSuXu,inference_categories,dailydilemmas,19,random_projection,0.5789473684210527,-0.6931567221119577
R_3HS2lsaEfcZSuXu,inference_categories,dailydilemmas,19,projection_only,0.5789473684210527,-0.6786489656513162
R_3HS2lsaEfcZSuXu,inference_categories,dailydilemmas,19,projection_alpha,0.5789473684210527,-0.6889826021668726
R_3HS2lsaEfcZSuXu,inference_categories,dailydilemmas,20,random_projection,0.5,-0.6932673519236199
R_3HS2lsaEfcZSuXu,inference_categories,dailydilemmas,20,projection_only,0.6,-0.6671793460637421
R_3HS2lsaEfcZSuXu,inference_categories,dailydilemmas,20,projection_alpha,0.6,-0.6859495288173517
R_6HoVfVJSFl7IrlL,inference_categories,dailydilemmas,3,random_projection,0.6666666666666666,-0.693168687336231
R_6HoVfVJSFl7IrlL,inference_categories,dailydilemmas,3,projection_only,1.0,-0.6907098583419042
R_6HoVfVJSFl7IrlL,inference_categories,dailydilemmas,3,projection_alpha,1.0,-0.6927366136088136
R_6HoVfVJSFl7IrlL,inference_categories,dailydilemmas,4,random_projection,0.0,-0.6933505159445872
R_6HoVfVJSFl7IrlL,inference_categories,dailydilemmas,4,projection_only,0.5,-0.6986883548377204
R_6HoVfVJSFl7IrlL,inference_categories,dailydilemmas,4,projection_alpha,0.5,-0.6940768916893716
R_6HoVfVJSFl7IrlL,inference_categories,dailydilemmas,5,random_projection,0.4,-0.6932854663206182
R_6HoVfVJSFl7IrlL,inference_categories,dailydilemmas,5,projection_only,0.8,-0.6877475781067882
R_6HoVfVJSFl7IrlL,inference_categories,dailydilemmas,5,projection_alpha,0.8,-0.692156554928661
R_6HoVfVJSFl7IrlL,inference_categories,dailydilemmas,6,random_projection,0.16666666666666666,-0.6932745389592996
R_6HoVfVJSFl7IrlL,inference_categories,dailydilemmas,6,projection_only,0.8333333333333334,-0.6699794488987226
R_6HoVfVJSFl7IrlL,inference_categories,dailydilemmas,6,projection_alpha,0.8333333333333334,-0.6887438328896985
R_6HoVfVJSFl7IrlL,inference_categories,dailydilemmas,7,random_projection,0.0,-0.6933918260915346
R_6HoVfVJSFl7IrlL,inference_categories,dailydilemmas,7,projection_only,0.8571428571428571,-0.6597870229297212
R_6HoVfVJSFl7IrlL,inference_categories,dailydilemmas,7,projection_alpha,0.8571428571428571,-0.6867576043777941
R_6HoVfVJSFl7IrlL,inference_categories,dailydilemmas,8,random_projection,0.25,-0.6933357409614985
R_6HoVfVJSFl7IrlL,inference_categories,dailydilemmas,8,projection_only,0.875,-0.6550610842822321
R_6HoVfVJSFl7IrlL,inference_categories,dailydilemmas,8,projection_alpha,0.875,-0.6856528769456554
R_6HoVfVJSFl7IrlL,inference_categories,dailydilemmas,9,random_projection,0.3333333333333333,-0.6932521415145154
R_6HoVfVJSFl7IrlL,inference_categories,dailydilemmas,9,projection_only,0.7777777777777778,-0.6698689755840174
R_6HoVfVJSFl7IrlL,inference_categories,dailydilemmas,9,projection_alpha,0.7777777777777778,-0.6884651472058146
R_6HoVfVJSFl7IrlL,inference_categories,dailydilemmas,10,random_projection,0.4,-0.6932849569110849
R_6HoVfVJSFl7IrlL,inference_categories,dailydilemmas,10,projection_only,0.8,-0.6631428682470221
R_6HoVfVJSFl7IrlL,inference_categories,dailydilemmas,10,projection_alpha,0.8,-0.6870725854390903
R_6HoVfVJSFl7IrlL,inference_categories,dailydilemmas,11,random_projection,0.36363636363636365,-0.6931513926212222
R_6HoVfVJSFl7IrlL,inference_categories,dailydilemmas,11,projection_only,0.8181818181818182,-0.6185281074293072
R_6HoVfVJSFl7IrlL,inference_categories,dailydilemmas,11,projection_alpha,0.8181818181818182,-0.6747776728683152
R_6HoVfVJSFl7IrlL,inference_categories,dailydilemmas,12,random_projection,0.3333333333333333,-0.6932769961613325
R_6HoVfVJSFl7IrlL,inference_categories,dailydilemmas,12,projection_only,0.75,-0.6740084860495116
R_6HoVfVJSFl7IrlL,inference_categories,dailydilemmas,12,projection_alpha,0.75,-0.6873070662169293
R_6HoVfVJSFl7IrlL,inference_categories,dailydilemmas,13,random_projection,0.3076923076923077,-0.6933171590907309
R_6HoVfVJSFl7IrlL,inference_categories,dailydilemmas,13,projection_only,0.6153846153846154,-0.6768959325950394
R_6HoVfVJSFl7IrlL,inference_categories,dailydilemmas,13,projection_alpha,0.6153846153846154,-0.6884575184045383
R_6HoVfVJSFl7IrlL,inference_categories,dailydilemmas,14,random_projection,0.5,-0.6932571012380951
R_6HoVfVJSFl7IrlL,inference_categories,dailydilemmas,14,projection_only,0.6428571428571429,-0.6613960197420086
R_6HoVfVJSFl7IrlL,inference_categories,dailydilemmas,14,projection_alpha,0.7142857142857143,-0.6839189613065134
R_6HoVfVJSFl7IrlL,inference_categories,dailydilemmas,15,random_projection,0.4666666666666667,-0.6931253533300638
R_6HoVfVJSFl7IrlL,inference_categories,dailydilemmas,15,projection_only,0.6666666666666666,-0.6372820307896812
R_6HoVfVJSFl7IrlL,inference_categories,dailydilemmas,15,projection_alpha,0.7333333333333333,-0.6761154642133766
R_6HoVfVJSFl7IrlL,inference_categories,dailydilemmas,16,random_projection,0.625,-0.6929649733586094
R_6HoVfVJSFl7IrlL,inference_categories,dailydilemmas,16,projection_only,0.6875,-0.6344370928283996
R_6HoVfVJSFl7IrlL,inference_categories,dailydilemmas,16,projection_alpha,0.75,-0.6753549254556179
R_6HoVfVJSFl7IrlL,inference_categories,dailydilemmas,17,random_projection,0.5882352941176471,-0.693021793266672
R_6HoVfVJSFl7IrlL,inference_categories,dailydilemmas,17,projection_only,0.6470588235294118,-0.6638046557437902
R_6HoVfVJSFl7IrlL,inference_categories,dailydilemmas,17,projection_alpha,0.7058823529411765,-0.6831699902934252
R_6HoVfVJSFl7IrlL,inference_categories,dailydilemmas,18,random_projection,0.6111111111111112,-0.6929333928015464
R_6HoVfVJSFl7IrlL,inference_categories,dailydilemmas,18,projection_only,0.6666666666666666,-0.6566247320913982
R_6HoVfVJSFl7IrlL,inference_categories,dailydilemmas,18,projection_alpha,0.6666666666666666,-0.68109578174289
R_6HoVfVJSFl7IrlL,inference_categories,dailydilemmas,19,random_projection,0.5789473684210527,-0.6929804105277381
R_6HoVfVJSFl7IrlL,inference_categories,dailydilemmas,19,projection_only,0.6842105263157895,-0.6561211369665413
R_6HoVfVJSFl7IrlL,inference_categories,dailydilemmas,19,projection_alpha,0.6842105263157895,-0.6808669310922131
R_6HoVfVJSFl7IrlL,inference_categories,dailydilemmas,20,random_projection,0.6,-0.6929397889268331
R_6HoVfVJSFl7IrlL,inference_categories,dailydilemmas,20,projection_only,0.7,-0.6548294190218285
R_6HoVfVJSFl7IrlL,inference_categories,dailydilemmas,20,projection_alpha,0.7,-0.6804771657461413
R_5Q5TZ5csoblHSvA,inference_categories,dailydilemmas,3,random_projection,0.6666666666666666,-0.6931450329487844
R_5Q5TZ5csoblHSvA,inference_categories,dailydilemmas,3,projection_only,0.3333333333333333,-0.704420238417666
R_5Q5TZ5csoblHSvA,inference_categories,dailydilemmas,3,projection_alpha,0.6666666666666666,-0.6910922520550367
R_5Q5TZ5csoblHSvA,inference_categories,dailydilemmas,4,random_projection,0.5,-0.6930716894781103
R_5Q5TZ5csoblHSvA,inference_categories,dailydilemmas,4,projection_only,0.0,-0.7189602574791859
R_5Q5TZ5csoblHSvA,inference_categories,dailydilemmas,4,projection_alpha,0.75,-0.676649806157289
R_5Q5TZ5csoblHSvA,inference_categories,dailydilemmas,5,random_projection,0.6,-0.6931024486931358
R_5Q5TZ5csoblHSvA,inference_categories,dailydilemmas,5,projection_only,0.2,-0.718446496531483
R_5Q5TZ5csoblHSvA,inference_categories,dailydilemmas,5,projection_alpha,0.6,-0.6909597049480342
R_5Q5TZ5csoblHSvA,inference_categories,dailydilemmas,6,random_projection,0.6666666666666666,-0.6931724581496709
R_5Q5TZ5csoblHSvA,inference_categories,dailydilemmas,6,projection_only,0.6666666666666666,-0.7037116011791902
R_5Q5TZ5csoblHSvA,inference_categories,dailydilemmas,6,projection_alpha,0.5,-0.6968391232063977
R_5Q5TZ5csoblHSvA,inference_categories,dailydilemmas,7,random_projection,0.5714285714285714,-0.6931362816937009
R_5Q5TZ5csoblHSvA,inference_categories,dailydilemmas,7,projection_only,0.7142857142857143,-0.6953752284273979
R_5Q5TZ5csoblHSvA,inference_categories,dailydilemmas,7,projection_alpha,0.5714285714285714,-0.6917637827420415
R_5Q5TZ5csoblHSvA,inference_categories,dailydilemmas,8,random_projection,0.625,-0.6931347672870694
R_5Q5TZ5csoblHSvA,inference_categories,dailydilemmas,8,projection_only,0.75,-0.6749747760511114
R_5Q5TZ5csoblHSvA,inference_categories,dailydilemmas,8,projection_alpha,0.5,-0.6909563633895516
R_5Q5TZ5csoblHSvA,inference_categories,dailydilemmas,9,random_projection,0.6666666666666666,-0.6929324504782668
R_5Q5TZ5csoblHSvA,inference_categories,dailydilemmas,9,projection_only,0.7777777777777778,-0.6581081299806297
R_5Q5TZ5csoblHSvA,inference_categories,dailydilemmas,9,projection_alpha,0.3333333333333333,-0.688366166933601
R_5Q5TZ5csoblHSvA,inference_categories,dailydilemmas,10,random_projection,0.9,-0.6926545251134125
R_5Q5TZ5csoblHSvA,inference_categories,dailydilemmas,10,projection_only,0.8,-0.6269522787641476
R_5Q5TZ5csoblHSvA,inference_categories,dailydilemmas,10,projection_alpha,0.9,-0.6768673763248508
R_5Q5TZ5csoblHSvA,inference_categories,dailydilemmas,11,random_projection,0.8181818181818182,-0.6928323634153545
R_5Q5TZ5csoblHSvA,inference_categories,dailydilemmas,11,projection_only,0.7272727272727273,-0.6845725962265989
R_5Q5TZ5csoblHSvA,inference_categories,dailydilemmas,11,projection_alpha,0.45454545454545453,-0.6890937552667986
R_5Q5TZ5csoblHSvA,inference_categories,dailydilemmas,12,random_projection,0.6666666666666666,-0.6929157546286676
R_5Q5TZ5csoblHSvA,inference_categories,dailydilemmas,12,projection_only,0.6666666666666666,-0.6949542827763557
R_5Q5TZ5csoblHSvA,inference_categories,dailydilemmas,12,projection_alpha,0.3333333333333333,-0.6915686083771918
R_5Q5TZ5csoblHSvA,inference_categories,dailydilemmas,13,random_projection,0.5384615384615384,-0.693186355004201
R_5Q5TZ5csoblHSvA,inference_categories,dailydilemmas,13,projection_only,0.6153846153846154,-0.7126203352222873
R_5Q5TZ5csoblHSvA,inference_categories,dailydilemmas,13,projection_alpha,0.3076923076923077,-0.6954921144036381
R_5Q5TZ5csoblHSvA,inference_categories,dailydilemmas,14,random_projection,0.5714285714285714,-0.6931531571533397
R_5Q5TZ5csoblHSvA,inference_categories,dailydilemmas,14,projection_only,0.6428571428571429,-0.7050444725092774
R_5Q5TZ5csoblHSvA,inference_categories,dailydilemmas,14,projection_alpha,0.2857142857142857,-0.6948450193899152
R_5Q5TZ5csoblHSvA,inference_categories,dailydilemmas,15,random_projection,0.4666666666666667,-0.6931804408849149
R_5Q5TZ5csoblHSvA,inference_categories,dailydilemmas,15,projection_only,0.6666666666666666,-0.6984069740057728
R_5Q5TZ5csoblHSvA,inference_categories,dailydilemmas,15,projection_alpha,0.3333333333333333,-0.6933117543943854
R_5Q5TZ5csoblHSvA,inference_categories,dailydilemmas,16,random_projection,0.5,-0.6931433069629271
R_5Q5TZ5csoblHSvA,inference_categories,dailydilemmas,16,projection_only,0.625,-0.7169196127924499
R_5Q5TZ5csoblHSvA,inference_categories,dailydilemmas,16,projection_alpha,0.25,-0.6993229012331659
R_5Q5TZ5csoblHSvA,inference_categories,dailydilemmas,17,random_projection,0.47058823529411764,-0.6931558034737344
R_5Q5TZ5csoblHSvA,inference_categories,dailydilemmas,17,projection_only,0.5882352941176471,-0.7167670406599195
R_5Q5TZ5csoblHSvA,inference_categories,dailydilemmas,17,projection_alpha,0.23529411764705882,-0.6983337507156336
R_5Q5TZ5csoblHSvA,inference_categories,dailydilemmas,18,random_projection,0.5,-0.6931924538467166
R_5Q5TZ5csoblHSvA,inference_categories,dailydilemmas,18,projection_only,0.6111111111111112,-0.7129741559915194
R_5Q5TZ5csoblHSvA,inference_categories,dailydilemmas,18,projection_alpha,0.2777777777777778,-0.6973674965938375
R_5Q5TZ5csoblHSvA,inference_categories,dailydilemmas,19,random_projection,0.5263157894736842,-0.6932174739354748
R_5Q5TZ5csoblHSvA,inference_categories,dailydilemmas,19,projection_only,0.631578947368421,-0.6979212182136274
R_5Q5TZ5csoblHSvA,inference_categories,dailydilemmas,19,projection_alpha,0.631578947368421,-0.6929857070717789
R_5Q5TZ5csoblHSvA,inference_categories,dailydilemmas,20,random_projection,0.45,-0.6933170840669375
R_5Q5TZ5csoblHSvA,inference_categories,dailydilemmas,20,projection_only,0.6,-0.698890283647597
R_5Q5TZ5csoblHSvA,inference_categories,dailydilemmas,20,projection_alpha,0.65,-0.6920224854771646
R_18H831wJaDlPwgg,inference_categories,dailydilemmas,3,random_projection,0.6666666666666666,-0.693135709224263
R_18H831wJaDlPwgg,inference_categories,dailydilemmas,3,projection_only,0.3333333333333333,-0.6858582424104158
R_18H831wJaDlPwgg,inference_categories,dailydilemmas,3,projection_alpha,0.3333333333333333,-0.691877445997306
R_18H831wJaDlPwgg,inference_categories,dailydilemmas,4,random_projection,0.75,-0.6929467362428958
R_18H831wJaDlPwgg,inference_categories,dailydilemmas,4,projection_only,0.75,-0.6471176870473301
R_18H831wJaDlPwgg,inference_categories,dailydilemmas,4,projection_alpha,0.75,-0.6845687076168248
R_18H831wJaDlPwgg,inference_categories,dailydilemmas,5,random_projection,0.8,-0.6927143565819212
R_18H831wJaDlPwgg,inference_categories,dailydilemmas,5,projection_only,0.8,-0.586929164329884
R_18H831wJaDlPwgg,inference_categories,dailydilemmas,5,projection_alpha,0.6,-0.6799305338703989
R_18H831wJaDlPwgg,inference_categories,dailydilemmas,6,random_projection,0.8333333333333334,-0.6926556722013634
R_18H831wJaDlPwgg,inference_categories,dailydilemmas,6,projection_only,0.8333333333333334,-0.5817608159337933
R_18H831wJaDlPwgg,inference_categories,dailydilemmas,6,projection_alpha,0.6666666666666666,-0.6751908533008492
R_18H831wJaDlPwgg,inference_categories,dailydilemmas,7,random_projection,0.8571428571428571,-0.6925389255452415
R_18H831wJaDlPwgg,inference_categories,dailydilemmas,7,projection_only,0.8571428571428571,-0.5790063482779421
R_18H831wJaDlPwgg,inference_categories,dailydilemmas,7,projection_alpha,0.5714285714285714,-0.6761946635472145
R_18H831wJaDlPwgg,inference_categories,dailydilemmas,8,random_projection,0.75,-0.6928155436731798
R_18H831wJaDlPwgg,inference_categories,dailydilemmas,8,projection_only,0.875,-0.5693645613282763
R_18H831wJaDlPwgg,inference_categories,dailydilemmas,8,projection_alpha,0.625,-0.672760501978974
R_18H831wJaDlPwgg,inference_categories,dailydilemmas,9,random_projection,0.7777777777777778,-0.6923951330351256
R_18H831wJaDlPwgg,inference_categories,dailydilemmas,9,projection_only,0.8888888888888888,-0.5552138452706177
R_18H831wJaDlPwgg,inference_categories,dailydilemmas,9,projection_alpha,0.8888888888888888,-0.642299916917128
R_18H831wJaDlPwgg,inference_categories,dailydilemmas,10,random_projection,0.8,-0.6922020908331739
R_18H831wJaDlPwgg,inference_categories,dailydilemmas,10,projection_only,0.9,-0.5260904813011102
R_18H831wJaDlPwgg,inference_categories,dailydilemmas,10,projection_alpha,0.9,-0.63261278778316
R_18H831wJaDlPwgg,inference_categories,dailydilemmas,11,random_projection,0.8181818181818182,-0.6921845442365767
R_18H831wJaDlPwgg,inference_categories,dailydilemmas,11,projection_only,0.9090909090909091,-0.5302746190112735
R_18H831wJaDlPwgg,inference_categories,dailydilemmas,11,projection_alpha,0.9090909090909091,-0.6314007505992956
R_18H831wJaDlPwgg,inference_categories,dailydilemmas,12,random_projection,0.75,-0.6922654670442708
R_18H831wJaDlPwgg,inference_categories,dailydilemmas,12,projection_only,0.8333333333333334,-0.6030685538688324
R_18H831wJaDlPwgg,inference_categories,dailydilemmas,12,projection_alpha,0.8333333333333334,-0.6560290033470648
R_18H831wJaDlPwgg,inference_categories,dailydilemmas,13,random_projection,0.8461538461538461,-0.6917908937845448
R_18H831wJaDlPwgg,inference_categories,dailydilemmas,13,projection_only,0.8461538461538461,-0.5612731855413698
R_18H831wJaDlPwgg,inference_categories,dailydilemmas,13,projection_alpha,0.8461538461538461,-0.6359555802363773
R_18H831wJaDlPwgg,inference_categories,dailydilemmas,14,random_projection,0.8571428571428571,-0.6916724953596853
R_18H831wJaDlPwgg,inference_categories,dailydilemmas,14,projection_only,0.7857142857142857,-0.5798403849112895
R_18H831wJaDlPwgg,inference_categories,dailydilemmas,14,projection_alpha,0.7142857142857143,-0.6379196410582064
R_18H831wJaDlPwgg,inference_categories,dailydilemmas,15,random_projection,0.8666666666666667,-0.6912472093029735
R_18H831wJaDlPwgg,inference_categories,dailydilemmas,15,projection_only,0.8,-0.5602870634245904
R_18H831wJaDlPwgg,inference_categories,dailydilemmas,15,projection_alpha,0.8,-0.6315991423143799
R_18H831wJaDlPwgg,inference_categories,dailydilemmas,16,random_projection,0.875,-0.6912101569200313
R_18H831wJaDlPwgg,inference_categories,dailydilemmas,16,projection_only,0.8125,-0.5608097066620716
R_18H831wJaDlPwgg,inference_categories,dailydilemmas,16,projection_alpha,0.8125,-0.6187545321033706
R_18H831wJaDlPwgg,inference_categories,dailydilemmas,17,random_projection,0.8823529411764706,-0.6910058277829525
R_18H831wJaDlPwgg,inference_categories,dailydilemmas,17,projection_only,0.8235294117647058,-0.5436422213043455
R_18H831wJaDlPwgg,inference_categories,dailydilemmas,17,projection_alpha,0.8235294117647058,-0.6100914177451209
R_18H831wJaDlPwgg,inference_categories,dailydilemmas,18,random_projection,0.8888888888888888,-0.6908815176259666
R_18H831wJaDlPwgg,inference_categories,dailydilemmas,18,projection_only,0.8333333333333334,-0.5478158619100135
R_18H831wJaDlPwgg,inference_categories,dailydilemmas,18,projection_alpha,0.8333333333333334,-0.6123863840343211
R_18H831wJaDlPwgg,inference_categories,dailydilemmas,19,random_projection,0.8947368421052632,-0.6909782676492058
R_18H831wJaDlPwgg,inference_categories,dailydilemmas,19,projection_only,0.8421052631578947,-0.5538334661262244
R_18H831wJaDlPwgg,inference_categories,dailydilemmas,19,projection_alpha,0.8421052631578947,-0.6149171307335609
R_18H831wJaDlPwgg,inference_categories,dailydilemmas,20,random_projection,0.85,-0.6912755519335742
R_18H831wJaDlPwgg,inference_categories,dailydilemmas,20,projection_only,0.85,-0.5554164528365682
R_18H831wJaDlPwgg,inference_categories,dailydilemmas,20,projection_alpha,0.85,-0.6166880189422252
R_12mMAseFwoOpgqC,inference_categories,dailydilemmas,4,random_projection,0.25,-0.693161711410732
R_12mMAseFwoOpgqC,inference_categories,dailydilemmas,4,projection_only,0.5,-0.6695385280661259
R_12mMAseFwoOpgqC,inference_categories,dailydilemmas,4,projection_alpha,0.5,-0.6787199002924591
R_12mMAseFwoOpgqC,inference_categories,dailydilemmas,5,random_projection,0.6,-0.6930450506577313
R_12mMAseFwoOpgqC,inference_categories,dailydilemmas,5,projection_only,0.6,-0.6262169522982599
R_12mMAseFwoOpgqC,inference_categories,dailydilemmas,5,projection_alpha,0.6,-0.671408114054011
R_12mMAseFwoOpgqC,inference_categories,dailydilemmas,6,random_projection,0.8333333333333334,-0.692912443289841
R_12mMAseFwoOpgqC,inference_categories,dailydilemmas,6,projection_only,0.5,-0.6535074220823468
R_12mMAseFwoOpgqC,inference_categories,dailydilemmas,6,projection_alpha,0.5,-0.6815492077308324
R_12mMAseFwoOpgqC,inference_categories,dailydilemmas,7,random_projection,0.8571428571428571,-0.6929377363522705
R_12mMAseFwoOpgqC,inference_categories,dailydilemmas,7,projection_only,0.5714285714285714,-0.6336569595836775
R_12mMAseFwoOpgqC,inference_categories,dailydilemmas,7,projection_alpha,0.5714285714285714,-0.6768304155356948
R_12mMAseFwoOpgqC,inference_categories,dailydilemmas,8,random_projection,0.625,-0.6929642607753974
R_12mMAseFwoOpgqC,inference_categories,dailydilemmas,8,projection_only,0.625,-0.5829402691019638
R_12mMAseFwoOpgqC,inference_categories,dailydilemmas,8,projection_alpha,0.625,-0.6605000896379838
R_12mMAseFwoOpgqC,inference_categories,dailydilemmas,9,random_projection,0.7777777777777778,-0.6927291176741864
R_12mMAseFwoOpgqC,inference_categories,dailydilemmas,9,projection_only,0.5555555555555556,-0.5986072393511899
R_12mMAseFwoOpgqC,inference_categories,dailydilemmas,9,projection_alpha,0.5555555555555556,-0.6529429361710613
R_12mMAseFwoOpgqC,inference_categories,dailydilemmas,10,random_projection,0.8,-0.6926835485995282
R_12mMAseFwoOpgqC,inference_categories,dailydilemmas,10,projection_only,0.6,-0.6053956111226977
R_12mMAseFwoOpgqC,inference_categories,dailydilemmas,10,projection_alpha,0.5,-0.6578255586974525
R_12mMAseFwoOpgqC,inference_categories,dailydilemmas,11,random_projection,0.7272727272727273,-0.6927529762781354
R_12mMAseFwoOpgqC,inference_categories,dailydilemmas,11,projection_only,0.5454545454545454,-0.6166428699433304
R_12mMAseFwoOpgqC,inference_categories,dailydilemmas,11,projection_alpha,0.5454545454545454,-0.6592973085704649
R_12mMAseFwoOpgqC,inference_categories,dailydilemmas,12,random_projection,0.75,-0.6927641514444373
R_12mMAseFwoOpgqC,inference_categories,dailydilemmas,12,projection_only,0.5833333333333334,-0.6000399354193432
R_12mMAseFwoOpgqC,inference_categories,dailydilemmas,12,projection_alpha,0.5833333333333334,-0.6547326435702662
R_12mMAseFwoOpgqC,inference_categories,dailydilemmas,13,random_projection,0.6153846153846154,-0.6929550324310918
R_12mMAseFwoOpgqC,inference_categories,dailydilemmas,13,projection_only,0.5384615384615384,-0.6597273605509617
R_12mMAseFwoOpgqC,inference_categories,dailydilemmas,13,projection_alpha,0.6153846153846154,-0.6526513079152162
R_12mMAseFwoOpgqC,inference_categories,dailydilemmas,14,random_projection,0.7142857142857143,-0.6927916800006015
R_12mMAseFwoOpgqC,inference_categories,dailydilemmas,14,projection_only,0.5714285714285714,-0.6334751675647536
R_12mMAseFwoOpgqC,inference_categories,dailydilemmas,14,projection_alpha,0.5714285714285714,-0.639939291772753
R_12mMAseFwoOpgqC,inference_categories,dailydilemmas,15,random_projection,0.6666666666666666,-0.6928665359505958
R_12mMAseFwoOpgqC,inference_categories,dailydilemmas,15,projection_only,0.4666666666666667,-0.6424079220027635
R_12mMAseFwoOpgqC,inference_categories,dailydilemmas,15,projection_alpha,0.5333333333333333,-0.6443672825489386
R_12mMAseFwoOpgqC,inference_categories,dailydilemmas,16,random_projection,0.6875,-0.6928370131480357
R_12mMAseFwoOpgqC,inference_categories,dailydilemmas,16,projection_only,0.5,-0.6365254036326183
R_12mMAseFwoOpgqC,inference_categories,dailydilemmas,16,projection_alpha,0.5625,-0.6433368193238953
R_12mMAseFwoOpgqC,inference_categories,dailydilemmas,17,random_projection,0.6470588235294118,-0.692925700141969
R_12mMAseFwoOpgqC,inference_categories,dailydilemmas,17,projection_only,0.5294117647058824,-0.6305679479815537
R_12mMAseFwoOpgqC,inference_categories,dailydilemmas,17,projection_alpha,0.5882352941176471,-0.6408469228709389
R_12mMAseFwoOpgqC,inference_categories,dailydilemmas,18,random_projection,0.5,-0.6929538610649719
R_12mMAseFwoOpgqC,inference_categories,dailydilemmas,18,projection_only,0.5,-0.6466429336781219
R_12mMAseFwoOpgqC,inference_categories,dailydilemmas,18,projection_alpha,0.6111111111111112,-0.650085976976081
R_12mMAseFwoOpgqC,inference_categories,dailydilemmas,19,random_projection,0.5263157894736842,-0.6930064212852914
R_12mMAseFwoOpgqC,inference_categories,dailydilemmas,19,projection_only,0.5263157894736842,-0.6459705073332664
R_12mMAseFwoOpgqC,inference_categories,dailydilemmas,19,projection_alpha,0.631578947368421,-0.649662188276011
R_12mMAseFwoOpgqC,inference_categories,dailydilemmas,20,random_projection,0.5,-0.6930826341100988
R_12mMAseFwoOpgqC,inference_categories,dailydilemmas,20,projection_only,0.5,-0.6531047346379266
R_12mMAseFwoOpgqC,inference_categories,dailydilemmas,20,projection_alpha,0.6,-0.6540598000627437
R_7ojvA7NDI10RoKR,inference_categories,dailydilemmas,5,random_projection,0.4,-0.693052151276771
R_7ojvA7NDI10RoKR,inference_categories,dailydilemmas,5,projection_only,0.6,-0.6362958401888765
R_7ojvA7NDI10RoKR,inference_categories,dailydilemmas,5,projection_alpha,0.6,-0.6714964883942727
R_7ojvA7NDI10RoKR,inference_categories,dailydilemmas,6,random_projection,0.6666666666666666,-0.6930700474989946
R_7ojvA7NDI10RoKR,inference_categories,dailydilemmas,6,projection_only,0.6666666666666666,-0.5990592228448811
R_7ojvA7NDI10RoKR,inference_categories,dailydilemmas,6,projection_alpha,0.8333333333333334,-0.6615160538107295
R_7ojvA7NDI10RoKR,inference_categories,dailydilemmas,7,random_projection,0.7142857142857143,-0.6929409414491096
R_7ojvA7NDI10RoKR,inference_categories,dailydilemmas,7,projection_only,0.7142857142857143,-0.5619716040281919
R_7ojvA7NDI10RoKR,inference_categories,dailydilemmas,7,projection_alpha,0.8571428571428571,-0.6518016301412942
R_7ojvA7NDI10RoKR,inference_categories,dailydilemmas,8,random_projection,0.75,-0.6929024690616704
R_7ojvA7NDI10RoKR,inference_categories,dailydilemmas,8,projection_only,0.75,-0.5256574642739991
R_7ojvA7NDI10RoKR,inference_categories,dailydilemmas,8,projection_alpha,0.875,-0.6392485756306585
R_7ojvA7NDI10RoKR,inference_categories,dailydilemmas,9,random_projection,0.6666666666666666,-0.6929402638129685
R_7ojvA7NDI10RoKR,inference_categories,dailydilemmas,9,projection_only,0.7777777777777778,-0.5263449299768008
R_7ojvA7NDI10RoKR,inference_categories,dailydilemmas,9,projection_alpha,0.8888888888888888,-0.640226860751644
R_7ojvA7NDI10RoKR,inference_categories,dailydilemmas,10,random_projection,0.5,-0.6931293594106854
R_7ojvA7NDI10RoKR,inference_categories,dailydilemmas,10,projection_only,0.8,-0.6150777341463082
R_7ojvA7NDI10RoKR,inference_categories,dailydilemmas,10,projection_alpha,0.8,-0.676538817184908
R_7ojvA7NDI10RoKR,inference_categories,dailydilemmas,11,random_projection,0.6363636363636364,-0.6930063732506058
R_7ojvA7NDI10RoKR,inference_categories,dailydilemmas,11,projection_only,0.8181818181818182,-0.5958504725980519
R_7ojvA7NDI10RoKR,inference_categories,dailydilemmas,11,projection_alpha,0.9090909090909091,-0.6690438694084635
R_7ojvA7NDI10RoKR,inference_categories,dailydilemmas,12,random_projection,0.5,-0.6930990289058481
R_7ojvA7NDI10RoKR,inference_categories,dailydilemmas,12,projection_only,0.8333333333333334,-0.5925611975181821
R_7ojvA7NDI10RoKR,inference_categories,dailydilemmas,12,projection_alpha,0.8333333333333334,-0.6670504638906919
R_7ojvA7NDI10RoKR,inference_categories,dailydilemmas,13,random_projection,0.46153846153846156,-0.6932775062055966
R_7ojvA7NDI10RoKR,inference_categories,dailydilemmas,13,projection_only,0.8461538461538461,-0.5973644969321651
R_7ojvA7NDI10RoKR,inference_categories,dailydilemmas,13,projection_alpha,0.8461538461538461,-0.6690147750566573
R_7ojvA7NDI10RoKR,inference_categories,dailydilemmas,14,random_projection,0.5714285714285714,-0.6930875789223175
R_7ojvA7NDI10RoKR,inference_categories,dailydilemmas,14,projection_only,0.8571428571428571,-0.5945414527965108
R_7ojvA7NDI10RoKR,inference_categories,dailydilemmas,14,projection_alpha,0.9285714285714286,-0.6533930332674093
R_7ojvA7NDI10RoKR,inference_categories,dailydilemmas,15,random_projection,0.5333333333333333,-0.6930910994594075
R_7ojvA7NDI10RoKR,inference_categories,dailydilemmas,15,projection_only,0.8666666666666667,-0.5845151779123469
R_7ojvA7NDI10RoKR,inference_categories,dailydilemmas,15,projection_alpha,0.9333333333333333,-0.6496953496317759
R_7ojvA7NDI10RoKR,inference_categories,dailydilemmas,16,random_projection,0.5625,-0.6931192416541245
R_7ojvA7NDI10RoKR,inference_categories,dailydilemmas,16,projection_only,0.8125,-0.5925005820872769
R_7ojvA7NDI10RoKR,inference_categories,dailydilemmas,16,projection_alpha,0.875,-0.6447208870140636
R_7ojvA7NDI10RoKR,inference_categories,dailydilemmas,17,random_projection,0.5294117647058824,-0.6931227042326353
R_7ojvA7NDI10RoKR,inference_categories,dailydilemmas,17,projection_only,0.8235294117647058,-0.5787816719907015
R_7ojvA7NDI10RoKR,inference_categories,dailydilemmas,17,projection_alpha,0.8823529411764706,-0.6399001211149132
R_7ojvA7NDI10RoKR,inference_categories,dailydilemmas,18,random_projection,0.6111111111111112,-0.6931969381626151
R_7ojvA7NDI10RoKR,inference_categories,dailydilemmas,18,projection_only,0.8888888888888888,-0.5725986489239661
R_7ojvA7NDI10RoKR,inference_categories,dailydilemmas,18,projection_alpha,0.8888888888888888,-0.6371207018028859
R_7ojvA7NDI10RoKR,inference_categories,dailydilemmas,19,random_projection,0.47368421052631576,-0.6932205186315269
R_7ojvA7NDI10RoKR,inference_categories,dailydilemmas,19,projection_only,0.8421052631578947,-0.5689803255843063
R_7ojvA7NDI10RoKR,inference_categories,dailydilemmas,19,projection_alpha,0.8947368421052632,-0.6359521120966853
R_7ojvA7NDI10RoKR,inference_categories,dailydilemmas,20,random_projection,0.4,-0.693226123473841
R_7ojvA7NDI10RoKR,inference_categories,dailydilemmas,20,projection_only,0.8,-0.5895493334168493
R_7ojvA7NDI10RoKR,inference_categories,dailydilemmas,20,projection_alpha,0.85,-0.6446313028654089
R_5gbXjT8uFYXCo7E,inference_categories,dailydilemmas,3,random_projection,1.0,-0.6930211868578459
R_5gbXjT8uFYXCo7E,inference_categories,dailydilemmas,3,projection_only,0.6666666666666666,-0.6971137498547875
R_5gbXjT8uFYXCo7E,inference_categories,dailydilemmas,3,projection_alpha,0.6666666666666666,-0.693838983248167
R_5gbXjT8uFYXCo7E,inference_categories,dailydilemmas,4,random_projection,1.0,-0.6928470273494491
R_5gbXjT8uFYXCo7E,inference_categories,dailydilemmas,4,projection_only,0.75,-0.6722530090283505
R_5gbXjT8uFYXCo7E,inference_categories,dailydilemmas,4,projection_alpha,0.75,-0.689384508147288
R_5gbXjT8uFYXCo7E,inference_categories,dailydilemmas,5,random_projection,0.8,-0.6929267226970104
R_5gbXjT8uFYXCo7E,inference_categories,dailydilemmas,5,projection_only,0.6,-0.7023391592573553
R_5gbXjT8uFYXCo7E,inference_categories,dailydilemmas,5,projection_alpha,0.6,-0.694703773870953
R_5gbXjT8uFYXCo7E,inference_categories,dailydilemmas,6,random_projection,0.5,-0.6930369693225327
R_5gbXjT8uFYXCo7E,inference_categories,dailydilemmas,6,projection_only,0.6666666666666666,-0.6901117689911374
R_5gbXjT8uFYXCo7E,inference_categories,dailydilemmas,6,projection_alpha,0.6666666666666666,-0.6925104665264916
R_5gbXjT8uFYXCo7E,inference_categories,dailydilemmas,7,random_projection,0.5714285714285714,-0.6929523640914051
R_5gbXjT8uFYXCo7E,inference_categories,dailydilemmas,7,projection_only,0.7142857142857143,-0.6806877454131817
R_5gbXjT8uFYXCo7E,inference_categories,dailydilemmas,7,projection_alpha,0.7142857142857143,-0.6906728893914468
R_5gbXjT8uFYXCo7E,inference_categories,dailydilemmas,8,random_projection,0.625,-0.6928786528537478
R_5gbXjT8uFYXCo7E,inference_categories,dailydilemmas,8,projection_only,0.75,-0.6546794885129573
R_5gbXjT8uFYXCo7E,inference_categories,dailydilemmas,8,projection_alpha,0.75,-0.6852260133112453
R_5gbXjT8uFYXCo7E,inference_categories,dailydilemmas,9,random_projection,0.5555555555555556,-0.6929904899745664
R_5gbXjT8uFYXCo7E,inference_categories,dailydilemmas,9,projection_only,0.7777777777777778,-0.6269169242994375
R_5gbXjT8uFYXCo7E,inference_categories,dailydilemmas,9,projection_alpha,0.7777777777777778,-0.6788418555594066
R_5gbXjT8uFYXCo7E,inference_categories,dailydilemmas,10,random_projection,0.7,-0.6928989773137589
R_5gbXjT8uFYXCo7E,inference_categories,dailydilemmas,10,projection_only,0.7,-0.6378597745820469
R_5gbXjT8uFYXCo7E,inference_categories,dailydilemmas,10,projection_alpha,0.7,-0.6812902946535281
R_5gbXjT8uFYXCo7E,inference_categories,dailydilemmas,11,random_projection,0.5454545454545454,-0.6928839374432583
R_5gbXjT8uFYXCo7E,inference_categories,dailydilemmas,11,projection_only,0.6363636363636364,-0.685040286409805
R_5gbXjT8uFYXCo7E,inference_categories,dailydilemmas,11,projection_alpha,0.6363636363636364,-0.6907349286179785
R_5gbXjT8uFYXCo7E,inference_categories,dailydilemmas,12,random_projection,0.6666666666666666,-0.6927650096664079
R_5gbXjT8uFYXCo7E,inference_categories,dailydilemmas,12,projection_only,0.5833333333333334,-0.6945545752058085
R_5gbXjT8uFYXCo7E,inference_categories,dailydilemmas,12,projection_alpha,0.5833333333333334,-0.6928963299997809
R_5gbXjT8uFYXCo7E,inference_categories,dailydilemmas,13,random_projection,0.8461538461538461,-0.6926788604406092
R_5gbXjT8uFYXCo7E,inference_categories,dailydilemmas,13,projection_only,0.6153846153846154,-0.6800405247400186
R_5gbXjT8uFYXCo7E,inference_categories,dailydilemmas,13,projection_alpha,0.6153846153846154,-0.6895346439625147
R_5gbXjT8uFYXCo7E,inference_categories,dailydilemmas,14,random_projection,0.7857142857142857,-0.6926431554305779
R_5gbXjT8uFYXCo7E,inference_categories,dailydilemmas,14,projection_only,0.5714285714285714,-0.6812225697463
R_5gbXjT8uFYXCo7E,inference_categories,dailydilemmas,14,projection_alpha,0.5714285714285714,-0.6899328574201287
R_5gbXjT8uFYXCo7E,inference_categories,dailydilemmas,15,random_projection,0.8666666666666667,-0.6925363588656249
R_5gbXjT8uFYXCo7E,inference_categories,dailydilemmas,15,projection_only,0.5333333333333333,-0.693865697770948
R_5gbXjT8uFYXCo7E,inference_categories,dailydilemmas,15,projection_alpha,0.5333333333333333,-0.6926367726626562
R_5gbXjT8uFYXCo7E,inference_categories,dailydilemmas,16,random_projection,0.8125,-0.692586562091901
R_5gbXjT8uFYXCo7E,inference_categories,dailydilemmas,16,projection_only,0.5625,-0.7115081064488313
R_5gbXjT8uFYXCo7E,inference_categories,dailydilemmas,16,projection_alpha,0.5625,-0.6968109166989347
R_5gbXjT8uFYXCo7E,inference_categories,dailydilemmas,17,random_projection,0.8235294117647058,-0.6925853343036059
R_5gbXjT8uFYXCo7E,inference_categories,dailydilemmas,17,projection_only,0.35294117647058826,-0.7169298924445872
R_5gbXjT8uFYXCo7E,inference_categories,dailydilemmas,17,projection_alpha,0.35294117647058826,-0.6982713217207887
R_5gbXjT8uFYXCo7E,inference_categories,dailydilemmas,18,random_projection,0.7222222222222222,-0.6926502998386266
R_5gbXjT8uFYXCo7E,inference_categories,dailydilemmas,18,projection_only,0.5,-0.7138920737752571
R_5gbXjT8uFYXCo7E,inference_categories,dailydilemmas,18,projection_alpha,0.5555555555555556,-0.6975076660081405
R_5gbXjT8uFYXCo7E,inference_categories,dailydilemmas,19,random_projection,0.7894736842105263,-0.6925402206521077
R_5gbXjT8uFYXCo7E,inference_categories,dailydilemmas,19,projection_only,0.5789473684210527,-0.7056080631017441
R_5gbXjT8uFYXCo7E,inference_categories,dailydilemmas,19,projection_alpha,0.5789473684210527,-0.6953315114628562
R_5gbXjT8uFYXCo7E,inference_categories,dailydilemmas,20,random_projection,0.85,-0.6924305828355986
R_5gbXjT8uFYXCo7E,inference_categories,dailydilemmas,20,projection_only,0.55,-0.7027948338653585
R_5gbXjT8uFYXCo7E,inference_categories,dailydilemmas,20,projection_alpha,0.55,-0.6942992726044883
R_7f9o7q4AZOoP4ot,inference_categories,dailydilemmas,3,random_projection,0.3333333333333333,-0.6931522872507357
R_7f9o7q4AZOoP4ot,inference_categories,dailydilemmas,3,projection_only,0.3333333333333333,-0.7056210126489838
R_7f9o7q4AZOoP4ot,inference_categories,dailydilemmas,3,projection_alpha,0.3333333333333333,-0.6952479012966313
R_7f9o7q4AZOoP4ot,inference_categories,dailydilemmas,4,random_projection,0.25,-0.6931723117346138
R_7f9o7q4AZOoP4ot,inference_categories,dailydilemmas,4,projection_only,0.25,-0.7043636164591975
R_7f9o7q4AZOoP4ot,inference_categories,dailydilemmas,4,projection_alpha,0.25,-0.6950728525293892
R_7f9o7q4AZOoP4ot,inference_categories,dailydilemmas,5,random_projection,0.2,-0.6932294355437021
R_7f9o7q4AZOoP4ot,inference_categories,dailydilemmas,5,projection_only,0.0,-0.70738597379646
R_7f9o7q4AZOoP4ot,inference_categories,dailydilemmas,5,projection_alpha,0.0,-0.6955967153705972
R_7f9o7q4AZOoP4ot,inference_categories,dailydilemmas,6,random_projection,0.3333333333333333,-0.6931909388911337
R_7f9o7q4AZOoP4ot,inference_categories,dailydilemmas,6,projection_only,0.3333333333333333,-0.7010823594757811
R_7f9o7q4AZOoP4ot,inference_categories,dailydilemmas,6,projection_alpha,0.3333333333333333,-0.6945136454803577
R_7f9o7q4AZOoP4ot,inference_categories,dailydilemmas,7,random_projection,0.14285714285714285,-0.6933829701400956
R_7f9o7q4AZOoP4ot,inference_categories,dailydilemmas,7,projection_only,0.42857142857142855,-0.7059857470229274
R_7f9o7q4AZOoP4ot,inference_categories,dailydilemmas,7,projection_alpha,0.42857142857142855,-0.6954810291433784
R_7f9o7q4AZOoP4ot,inference_categories,dailydilemmas,8,random_projection,0.125,-0.6933647267000298
R_7f9o7q4AZOoP4ot,inference_categories,dailydilemmas,8,projection_only,0.25,-0.716604189279283
R_7f9o7q4AZOoP4ot,inference_categories,dailydilemmas,8,projection_alpha,0.25,-0.6973862194885065
R_7f9o7q4AZOoP4ot,inference_categories,dailydilemmas,9,random_projection,0.1111111111111111,-0.6934332831769956
R_7f9o7q4AZOoP4ot,inference_categories,dailydilemmas,9,projection_only,0.5555555555555556,-0.7014722055930515
R_7f9o7q4AZOoP4ot,inference_categories,dailydilemmas,9,projection_alpha,0.5555555555555556,-0.694833063511334
R_7f9o7q4AZOoP4ot,inference_categories,dailydilemmas,10,random_projection,0.2,-0.6933840597547019
R_7f9o7q4AZOoP4ot,inference_categories,dailydilemmas,10,projection_only,0.4,-0.7155997280102293
R_7f9o7q4AZOoP4ot,inference_categories,dailydilemmas,10,projection_alpha,0.4,-0.6981359295855591
R_7f9o7q4AZOoP4ot,inference_categories,dailydilemmas,11,random_projection,0.2727272727272727,-0.6933180432346044
R_7f9o7q4AZOoP4ot,inference_categories,dailydilemmas,11,projection_only,0.5454545454545454,-0.704952530272283
R_7f9o7q4AZOoP4ot,inference_categories,dailydilemmas,11,projection_alpha,0.5454545454545454,-0.6957146909872937
R_7f9o7q4AZOoP4ot,inference_categories,dailydilemmas,12,random_projection,0.25,-0.693305464456552
R_7f9o7q4AZOoP4ot,inference_categories,dailydilemmas,12,projection_only,0.5833333333333334,-0.6911901349761521
R_7f9o7q4AZOoP4ot,inference_categories,dailydilemmas,12,projection_alpha,0.6666666666666666,-0.6924094050851464
R_7f9o7q4AZOoP4ot,inference_categories,dailydilemmas,13,random_projection,0.15384615384615385,-0.693376520086458
R_7f9o7q4AZOoP4ot,inference_categories,dailydilemmas,13,projection_only,0.6153846153846154,-0.6832671941544517
R_7f9o7q4AZOoP4ot,inference_categories,dailydilemmas,13,projection_alpha,0.6153846153846154,-0.6907667611702029
R_7f9o7q4AZOoP4ot,inference_categories,dailydilemmas,14,random_projection,0.35714285714285715,-0.6932995487139724
R_7f9o7q4AZOoP4ot,inference_categories,dailydilemmas,14,projection_only,0.6428571428571429,-0.6827535447002159
R_7f9o7q4AZOoP4ot,inference_categories,dailydilemmas,14,projection_alpha,0.6428571428571429,-0.6907152566792648
R_7f9o7q4AZOoP4ot,inference_categories,dailydilemmas,15,random_projection,0.5333333333333333,-0.6931187459503769
R_7f9o7q4AZOoP4ot,inference_categories,dailydilemmas,15,projection_only,0.6,-0.6846131949334548
R_7f9o7q4AZOoP4ot,inference_categories,dailydilemmas,15,projection_alpha,0.6666666666666666,-0.6909313635606689
R_7f9o7q4AZOoP4ot,inference_categories,dailydilemmas,16,random_projection,0.5,-0.6929943788123186
R_7f9o7q4AZOoP4ot,inference_categories,dailydilemmas,16,projection_only,0.625,-0.6638087193606688
R_7f9o7q4AZOoP4ot,inference_categories,dailydilemmas,16,projection_alpha,0.6875,-0.6851554316381101
R_7f9o7q4AZOoP4ot,inference_categories,dailydilemmas,17,random_projection,0.5294117647058824,-0.6930768624342875
R_7f9o7q4AZOoP4ot,inference_categories,dailydilemmas,17,projection_only,0.5882352941176471,-0.6889811014885774
R_7f9o7q4AZOoP4ot,inference_categories,dailydilemmas,17,projection_alpha,0.6470588235294118,-0.6915224846920287
R_7f9o7q4AZOoP4ot,inference_categories,dailydilemmas,18,random_projection,0.5555555555555556,-0.6929979490558483
R_7f9o7q4AZOoP4ot,inference_categories,dailydilemmas,18,projection_only,0.5555555555555556,-0.696621013705414
R_7f9o7q4AZOoP4ot,inference_categories,dailydilemmas,18,projection_alpha,0.5555555555555556,-0.6935359325598386
R_7f9o7q4AZOoP4ot,inference_categories,dailydilemmas,19,random_projection,0.5263157894736842,-0.693100872904815
R_7f9o7q4AZOoP4ot,inference_categories,dailydilemmas,19,projection_only,0.5263157894736842,-0.7061807062973772
R_7f9o7q4AZOoP4ot,inference_categories,dailydilemmas,19,projection_alpha,0.5263157894736842,-0.695835255973986
R_7f9o7q4AZOoP4ot,inference_categories,dailydilemmas,20,random_projection,0.4,-0.6932938618166007
R_7f9o7q4AZOoP4ot,inference_categories,dailydilemmas,20,projection_only,0.5,-0.7104149817468903
R_7f9o7q4AZOoP4ot,inference_categories,dailydilemmas,20,projection_alpha,0.55,-0.6968072816335631
R_1WHYlcDjJDcnUfD,inference_categories,dailydilemmas,4,random_projection,0.25,-0.6932070052285434
R_1WHYlcDjJDcnUfD,inference_categories,dailydilemmas,4,projection_only,0.25,-0.7107612472566418
R_1WHYlcDjJDcnUfD,inference_categories,dailydilemmas,4,projection_alpha,0.5,-0.6962621008726795
R_1WHYlcDjJDcnUfD,inference_categories,dailydilemmas,5,random_projection,0.0,-0.6933023168401147
R_1WHYlcDjJDcnUfD,inference_categories,dailydilemmas,5,projection_only,0.6,-0.7114624867065765
R_1WHYlcDjJDcnUfD,inference_categories,dailydilemmas,5,projection_alpha,0.4,-0.7185765781458571
R_1WHYlcDjJDcnUfD,inference_categories,dailydilemmas,6,random_projection,0.3333333333333333,-0.6932276968329596
R_1WHYlcDjJDcnUfD,inference_categories,dailydilemmas,6,projection_only,0.3333333333333333,-0.7160775605436713
R_1WHYlcDjJDcnUfD,inference_categories,dailydilemmas,6,projection_alpha,0.3333333333333333,-0.7179098600590006
R_1WHYlcDjJDcnUfD,inference_categories,dailydilemmas,7,random_projection,0.42857142857142855,-0.693204186760675
R_1WHYlcDjJDcnUfD,inference_categories,dailydilemmas,7,projection_only,0.14285714285714285,-0.7262548243871689
R_1WHYlcDjJDcnUfD,inference_categories,dailydilemmas,7,projection_alpha,0.42857142857142855,-0.7035652604341592
R_1WHYlcDjJDcnUfD,inference_categories,dailydilemmas,8,random_projection,0.5,-0.693177030817088
R_1WHYlcDjJDcnUfD,inference_categories,dailydilemmas,8,projection_only,0.625,-0.7178242521080725
R_1WHYlcDjJDcnUfD,inference_categories,dailydilemmas,8,projection_alpha,0.5,-0.7010821724499676
R_1WHYlcDjJDcnUfD,inference_categories,dailydilemmas,9,random_projection,0.4444444444444444,-0.6931214486924772
R_1WHYlcDjJDcnUfD,inference_categories,dailydilemmas,9,projection_only,0.5555555555555556,-0.7150451638683283
R_1WHYlcDjJDcnUfD,inference_categories,dailydilemmas,9,projection_alpha,0.6666666666666666,-0.6961709368658853
R_1WHYlcDjJDcnUfD,inference_categories,dailydilemmas,10,random_projection,0.5,-0.6931100350024063
R_1WHYlcDjJDcnUfD,inference_categories,dailydilemmas,10,projection_only,0.4,-0.7152344952843733
R_1WHYlcDjJDcnUfD,inference_categories,dailydilemmas,10,projection_alpha,0.7,-0.6951304781571108
R_1WHYlcDjJDcnUfD,inference_categories,dailydilemmas,11,random_projection,0.7272727272727273,-0.6930107761457523
R_1WHYlcDjJDcnUfD,inference_categories,dailydilemmas,11,projection_only,0.18181818181818182,-0.7210951492724915
R_1WHYlcDjJDcnUfD,inference_categories,dailydilemmas,11,projection_alpha,0.5454545454545454,-0.6982963737992528
R_1WHYlcDjJDcnUfD,inference_categories,dailydilemmas,12,random_projection,0.5833333333333334,-0.6930272379184309
R_1WHYlcDjJDcnUfD,inference_categories,dailydilemmas,12,projection_only,0.08333333333333333,-0.7204063354041909
R_1WHYlcDjJDcnUfD,inference_categories,dailydilemmas,12,projection_alpha,0.5,-0.7011671193951479
R_1WHYlcDjJDcnUfD,inference_categories,dailydilemmas,13,random_projection,0.6153846153846154,-0.6929535229194722
R_1WHYlcDjJDcnUfD,inference_categories,dailydilemmas,13,projection_only,0.0,-0.7193545706619635
R_1WHYlcDjJDcnUfD,inference_categories,dailydilemmas,13,projection_alpha,0.5384615384615384,-0.6998433152436209
R_1WHYlcDjJDcnUfD,inference_categories,dailydilemmas,14,random_projection,0.6428571428571429,-0.6927964968111197
R_1WHYlcDjJDcnUfD,inference_categories,dailydilemmas,14,projection_only,0.21428571428571427,-0.7172165990808267
R_1WHYlcDjJDcnUfD,inference_categories,dailydilemmas,14,projection_alpha,0.5,-0.7022250583097603
R_1WHYlcDjJDcnUfD,inference_categories,dailydilemmas,15,random_projection,0.7333333333333333,-0.6928894905960246
R_1WHYlcDjJDcnUfD,inference_categories,dailydilemmas,15,projection_only,0.06666666666666667,-0.7188444103707423
R_1WHYlcDjJDcnUfD,inference_categories,dailydilemmas,15,projection_alpha,0.5333333333333333,-0.7020385799616353
R_1WHYlcDjJDcnUfD,inference_categories,dailydilemmas,16,random_projection,0.6875,-0.6927364382776423
R_1WHYlcDjJDcnUfD,inference_categories,dailydilemmas,16,projection_only,0.1875,-0.7176515989188847
R_1WHYlcDjJDcnUfD,inference_categories,dailydilemmas,16,projection_alpha,0.5625,-0.6933084381965056
R_1WHYlcDjJDcnUfD,inference_categories,dailydilemmas,17,random_projection,0.7647058823529411,-0.6927413372515792
R_1WHYlcDjJDcnUfD,inference_categories,dailydilemmas,17,projection_only,0.35294117647058826,-0.7141958378335329
R_1WHYlcDjJDcnUfD,inference_categories,dailydilemmas,17,projection_alpha,0.5882352941176471,-0.6903394758610075
R_1WHYlcDjJDcnUfD,inference_categories,dailydilemmas,18,random_projection,0.7777777777777778,-0.692746903647971
R_1WHYlcDjJDcnUfD,inference_categories,dailydilemmas,18,projection_only,0.16666666666666666,-0.7161527836803925
R_1WHYlcDjJDcnUfD,inference_categories,dailydilemmas,18,projection_alpha,0.5555555555555556,-0.694729333689258
R_1WHYlcDjJDcnUfD,inference_categories,dailydilemmas,19,random_projection,0.7894736842105263,-0.6927546877010026
R_1WHYlcDjJDcnUfD,inference_categories,dailydilemmas,19,projection_only,0.10526315789473684,-0.7172067930736609
R_1WHYlcDjJDcnUfD,inference_categories,dailydilemmas,19,projection_alpha,0.5263157894736842,-0.6983129557558645
R_1WHYlcDjJDcnUfD,inference_categories,dailydilemmas,20,random_projection,0.7,-0.6928333815561004
R_1WHYlcDjJDcnUfD,inference_categories,dailydilemmas,20,projection_only,0.25,-0.7153244986385321
R_1WHYlcDjJDcnUfD,inference_categories,dailydilemmas,20,projection_alpha,0.55,-0.6946549466701207
R_6Q0gBjey6IdfZpf,inference_categories,dailydilemmas,3,random_projection,0.3333333333333333,-0.6932428651097782
R_6Q0gBjey6IdfZpf,inference_categories,dailydilemmas,3,projection_only,0.6666666666666666,-0.7144325846717177
R_6Q0gBjey6IdfZpf,inference_categories,dailydilemmas,3,projection_alpha,0.6666666666666666,-0.6971949800358673
R_6Q0gBjey6IdfZpf,inference_categories,dailydilemmas,4,random_projection,0.5,-0.6932454007227651
R_6Q0gBjey6IdfZpf,inference_categories,dailydilemmas,4,projection_only,0.25,-0.7264227155535778
R_6Q0gBjey6IdfZpf,inference_categories,dailydilemmas,4,projection_alpha,0.5,-0.6990383705203511
R_6Q0gBjey6IdfZpf,inference_categories,dailydilemmas,5,random_projection,0.6,-0.693221678226671
R_6Q0gBjey6IdfZpf,inference_categories,dailydilemmas,5,projection_only,0.6,-0.7029441195370209
R_6Q0gBjey6IdfZpf,inference_categories,dailydilemmas,5,projection_alpha,0.8,-0.6849699367446185
R_6Q0gBjey6IdfZpf,inference_categories,dailydilemmas,6,random_projection,0.5,-0.6932044144917433
R_6Q0gBjey6IdfZpf,inference_categories,dailydilemmas,6,projection_only,0.8333333333333334,-0.6588883991464184
R_6Q0gBjey6IdfZpf,inference_categories,dailydilemmas,6,projection_alpha,0.8333333333333334,-0.6746300051309277
R_6Q0gBjey6IdfZpf,inference_categories,dailydilemmas,7,random_projection,0.2857142857142857,-0.6934064975656646
R_6Q0gBjey6IdfZpf,inference_categories,dailydilemmas,7,projection_only,0.8571428571428571,-0.655524513266766
R_6Q0gBjey6IdfZpf,inference_categories,dailydilemmas,7,projection_alpha,0.7142857142857143,-0.6883412572860702
R_6Q0gBjey6IdfZpf,inference_categories,dailydilemmas,8,random_projection,0.5,-0.6932846600325555
R_6Q0gBjey6IdfZpf,inference_categories,dailydilemmas,8,projection_only,0.75,-0.6792955129051439
R_6Q0gBjey6IdfZpf,inference_categories,dailydilemmas,8,projection_alpha,0.625,-0.6936651000570855
R_6Q0gBjey6IdfZpf,inference_categories,dailydilemmas,9,random_projection,0.5555555555555556,-0.6932418461846035
R_6Q0gBjey6IdfZpf,inference_categories,dailydilemmas,9,projection_only,0.7777777777777778,-0.6712289675807892
R_6Q0gBjey6IdfZpf,inference_categories,dailydilemmas,9,projection_alpha,0.6666666666666666,-0.6922070378502083
R_6Q0gBjey6IdfZpf,inference_categories,dailydilemmas,10,random_projection,0.6,-0.6932084861773721
R_6Q0gBjey6IdfZpf,inference_categories,dailydilemmas,10,projection_only,0.7,-0.6817445811453093
R_6Q0gBjey6IdfZpf,inference_categories,dailydilemmas,10,projection_alpha,0.6,-0.6936996130230723
R_6Q0gBjey6IdfZpf,inference_categories,dailydilemmas,11,random_projection,0.36363636363636365,-0.6932517174466323
R_6Q0gBjey6IdfZpf,inference_categories,dailydilemmas,11,projection_only,0.7272727272727273,-0.6808321714651087
R_6Q0gBjey6IdfZpf,inference_categories,dailydilemmas,11,projection_alpha,0.6363636363636364,-0.6920868311737283
R_6Q0gBjey6IdfZpf,inference_categories,dailydilemmas,12,random_projection,0.5,-0.6931114142599295
R_6Q0gBjey6IdfZpf,inference_categories,dailydilemmas,12,projection_only,0.75,-0.6775916404146435
R_6Q0gBjey6IdfZpf,inference_categories,dailydilemmas,12,projection_alpha,0.5,-0.6820419791577894
R_6Q0gBjey6IdfZpf,inference_categories,dailydilemmas,13,random_projection,0.46153846153846156,-0.6930582460381151
R_6Q0gBjey6IdfZpf,inference_categories,dailydilemmas,13,projection_only,0.7692307692307693,-0.6595586614658655
R_6Q0gBjey6IdfZpf,inference_categories,dailydilemmas,13,projection_alpha,0.5384615384615384,-0.6818551482873848
R_6Q0gBjey6IdfZpf,inference_categories,dailydilemmas,14,random_projection,0.5,-0.6930659296427912
R_6Q0gBjey6IdfZpf,inference_categories,dailydilemmas,14,projection_only,0.7142857142857143,-0.6760770141138897
R_6Q0gBjey6IdfZpf,inference_categories,dailydilemmas,14,projection_alpha,0.42857142857142855,-0.6843969910446875
R_6Q0gBjey6IdfZpf,inference_categories,dailydilemmas,15,random_projection,0.6,-0.6929005808289143
R_6Q0gBjey6IdfZpf,inference_categories,dailydilemmas,15,projection_only,0.6666666666666666,-0.6632412631267111
R_6Q0gBjey6IdfZpf,inference_categories,dailydilemmas,15,projection_alpha,0.6666666666666666,-0.6703456432049877
R_6Q0gBjey6IdfZpf,inference_categories,dailydilemmas,16,random_projection,0.625,-0.692882672686008
R_6Q0gBjey6IdfZpf,inference_categories,dailydilemmas,16,projection_only,0.75,-0.62977093448294
R_6Q0gBjey6IdfZpf,inference_categories,dailydilemmas,16,projection_alpha,0.6875,-0.6553653604175825
R_6Q0gBjey6IdfZpf,inference_categories,dailydilemmas,17,random_projection,0.6470588235294118,-0.6928320495210695
R_6Q0gBjey6IdfZpf,inference_categories,dailydilemmas,17,projection_only,0.7647058823529411,-0.6261474322835174
R_6Q0gBjey6IdfZpf,inference_categories,dailydilemmas,17,projection_alpha,0.7058823529411765,-0.6545666299267433
R_6Q0gBjey6IdfZpf,inference_categories,dailydilemmas,18,random_projection,0.5555555555555556,-0.6929079843909802
R_6Q0gBjey6IdfZpf,inference_categories,dailydilemmas,18,projection_only,0.7222222222222222,-0.6285642868159363
R_6Q0gBjey6IdfZpf,inference_categories,dailydilemmas,18,projection_alpha,0.6666666666666666,-0.658975903233083
R_6Q0gBjey6IdfZpf,inference_categories,dailydilemmas,19,random_projection,0.631578947368421,-0.692804676602523
R_6Q0gBjey6IdfZpf,inference_categories,dailydilemmas,19,projection_only,0.7368421052631579,-0.624903185623647
R_6Q0gBjey6IdfZpf,inference_categories,dailydilemmas,19,projection_alpha,0.6842105263157895,-0.658548001150397
R_6Q0gBjey6IdfZpf,inference_categories,dailydilemmas,20,random_projection,0.65,-0.6927845891669684
R_6Q0gBjey6IdfZpf,inference_categories,dailydilemmas,20,projection_only,0.75,-0.6172289600440177
R_6Q0gBjey6IdfZpf,inference_categories,dailydilemmas,20,projection_alpha,0.75,-0.6576351716135759
R_1wzohnjOPhN82Wd,inference_categories,dailydilemmas,3,random_projection,0.6666666666666666,-0.6930847680849576
R_1wzohnjOPhN82Wd,inference_categories,dailydilemmas,3,projection_only,0.6666666666666666,-0.6945617446255067
R_1wzohnjOPhN82Wd,inference_categories,dailydilemmas,3,projection_alpha,0.6666666666666666,-0.693343858330156
R_1wzohnjOPhN82Wd,inference_categories,dailydilemmas,4,random_projection,0.5,-0.6932090215919694
R_1wzohnjOPhN82Wd,inference_categories,dailydilemmas,4,projection_only,0.25,-0.7093468095915172
R_1wzohnjOPhN82Wd,inference_categories,dailydilemmas,4,projection_alpha,0.25,-0.6959471484993329
R_1wzohnjOPhN82Wd,inference_categories,dailydilemmas,5,random_projection,0.6,-0.6930435304178707
R_1wzohnjOPhN82Wd,inference_categories,dailydilemmas,5,projection_only,0.6,-0.6847834635596425
R_1wzohnjOPhN82Wd,inference_categories,dailydilemmas,5,projection_alpha,0.6,-0.6915209291809769
R_1wzohnjOPhN82Wd,inference_categories,dailydilemmas,6,random_projection,0.6666666666666666,-0.6930042633987794
R_1wzohnjOPhN82Wd,inference_categories,dailydilemmas,6,projection_only,0.6666666666666666,-0.6575715701872951
R_1wzohnjOPhN82Wd,inference_categories,dailydilemmas,6,projection_alpha,0.6666666666666666,-0.6858493768622654
R_1wzohnjOPhN82Wd,inference_categories,dailydilemmas,7,random_projection,0.7142857142857143,-0.692892973007741
R_1wzohnjOPhN82Wd,inference_categories,dailydilemmas,7,projection_only,0.7142857142857143,-0.644477184980104
R_1wzohnjOPhN82Wd,inference_categories,dailydilemmas,7,projection_alpha,0.7142857142857143,-0.6831359503649869
R_1wzohnjOPhN82Wd,inference_categories,dailydilemmas,8,random_projection,0.75,-0.6925916261200413
R_1wzohnjOPhN82Wd,inference_categories,dailydilemmas,8,projection_only,0.75,-0.6152257888282407
R_1wzohnjOPhN82Wd,inference_categories,dailydilemmas,8,projection_alpha,0.75,-0.6761585729989488
R_1wzohnjOPhN82Wd,inference_categories,dailydilemmas,9,random_projection,0.7777777777777778,-0.6924487094304888
R_1wzohnjOPhN82Wd,inference_categories,dailydilemmas,9,projection_only,0.7777777777777778,-0.6064189649354746
R_1wzohnjOPhN82Wd,inference_categories,dailydilemmas,9,projection_alpha,0.7777777777777778,-0.6740266890608395
R_1wzohnjOPhN82Wd,inference_categories,dailydilemmas,10,random_projection,0.9,-0.6923477217643202
R_1wzohnjOPhN82Wd,inference_categories,dailydilemmas,10,projection_only,0.8,-0.5934955872060513
R_1wzohnjOPhN82Wd,inference_categories,dailydilemmas,10,projection_alpha,0.8,-0.6709799166411935
R_1wzohnjOPhN82Wd,inference_categories,dailydilemmas,11,random_projection,0.9090909090909091,-0.6923200840907201
R_1wzohnjOPhN82Wd,inference_categories,dailydilemmas,11,projection_only,0.8181818181818182,-0.5807047055074316
R_1wzohnjOPhN82Wd,inference_categories,dailydilemmas,11,projection_alpha,0.8181818181818182,-0.6676676275255913
R_1wzohnjOPhN82Wd,inference_categories,dailydilemmas,12,random_projection,0.9166666666666666,-0.692151781838732
R_1wzohnjOPhN82Wd,inference_categories,dailydilemmas,12,projection_only,0.8333333333333334,-0.5750397161239048
R_1wzohnjOPhN82Wd,inference_categories,dailydilemmas,12,projection_alpha,0.8333333333333334,-0.6661875910483049
R_1wzohnjOPhN82Wd,inference_categories,dailydilemmas,13,random_projection,0.9230769230769231,-0.692060451357674
R_1wzohnjOPhN82Wd,inference_categories,dailydilemmas,13,projection_only,0.7692307692307693,-0.5967341412551469
R_1wzohnjOPhN82Wd,inference_categories,dailydilemmas,13,projection_alpha,0.7692307692307693,-0.6710311510587087
R_1wzohnjOPhN82Wd,inference_categories,dailydilemmas,14,random_projection,0.9285714285714286,-0.6918940738651519
R_1wzohnjOPhN82Wd,inference_categories,dailydilemmas,14,projection_only,0.7857142857142857,-0.581553709181667
R_1wzohnjOPhN82Wd,inference_categories,dailydilemmas,14,projection_alpha,0.7857142857142857,-0.666445151712584
R_1wzohnjOPhN82Wd,inference_categories,dailydilemmas,15,random_projection,0.8666666666666667,-0.6922208320911568
R_1wzohnjOPhN82Wd,inference_categories,dailydilemmas,15,projection_only,0.7333333333333333,-0.6221075069690686
R_1wzohnjOPhN82Wd,inference_categories,dailydilemmas,15,projection_alpha,0.7333333333333333,-0.6755399145478329
R_1wzohnjOPhN82Wd,inference_categories,dailydilemmas,16,random_projection,0.8125,-0.6924281560732679
R_1wzohnjOPhN82Wd,inference_categories,dailydilemmas,16,projection_only,0.6875,-0.6527948163198142
R_1wzohnjOPhN82Wd,inference_categories,dailydilemmas,16,projection_alpha,0.6875,-0.6826058970822093
R_1wzohnjOPhN82Wd,inference_categories,dailydilemmas,17,random_projection,0.8235294117647058,-0.6924579788559098
R_1wzohnjOPhN82Wd,inference_categories,dailydilemmas,17,projection_only,0.6470588235294118,-0.6632314598195069
R_1wzohnjOPhN82Wd,inference_categories,dailydilemmas,17,projection_alpha,0.6470588235294118,-0.6855177998534446
R_1wzohnjOPhN82Wd,inference_categories,dailydilemmas,18,random_projection,0.8333333333333334,-0.6923366494346991
R_1wzohnjOPhN82Wd,inference_categories,dailydilemmas,18,projection_only,0.7222222222222222,-0.6455618563890109
R_1wzohnjOPhN82Wd,inference_categories,dailydilemmas,18,projection_alpha,0.7222222222222222,-0.680283213287773
R_1wzohnjOPhN82Wd,inference_categories,dailydilemmas,19,random_projection,0.8421052631578947,-0.6923065873026041
R_1wzohnjOPhN82Wd,inference_categories,dailydilemmas,19,projection_only,0.6842105263157895,-0.6380265610258921
R_1wzohnjOPhN82Wd,inference_categories,dailydilemmas,19,projection_alpha,0.6842105263157895,-0.6781099583158581
R_1wzohnjOPhN82Wd,inference_categories,dailydilemmas,20,random_projection,0.75,-0.6923694569605543
R_1wzohnjOPhN82Wd,inference_categories,dailydilemmas,20,projection_only,0.65,-0.6413231908286944
R_1wzohnjOPhN82Wd,inference_categories,dailydilemmas,20,projection_alpha,0.65,-0.6791661169449787
R_70kbQcqJL4Tkq6B,inference_categories,dailydilemmas,3,random_projection,0.3333333333333333,-0.6931555455903299
R_70kbQcqJL4Tkq6B,inference_categories,dailydilemmas,3,projection_only,0.0,-0.7101061013468261
R_70kbQcqJL4Tkq6B,inference_categories,dailydilemmas,3,projection_alpha,0.3333333333333333,-0.7058692308793311
R_70kbQcqJL4Tkq6B,inference_categories,dailydilemmas,4,random_projection,0.75,-0.6929925785442708
R_70kbQcqJL4Tkq6B,inference_categories,dailydilemmas,4,projection_only,0.0,-0.7227148523402256
R_70kbQcqJL4Tkq6B,inference_categories,dailydilemmas,4,projection_alpha,0.5,-0.7008558872018172
R_70kbQcqJL4Tkq6B,inference_categories,dailydilemmas,5,random_projection,0.8,-0.6928613943535843
R_70kbQcqJL4Tkq6B,inference_categories,dailydilemmas,5,projection_only,0.0,-0.72299051783155
R_70kbQcqJL4Tkq6B,inference_categories,dailydilemmas,5,projection_alpha,0.6,-0.6940666183279381
R_70kbQcqJL4Tkq6B,inference_categories,dailydilemmas,6,random_projection,0.8333333333333334,-0.6926875534439686
R_70kbQcqJL4Tkq6B,inference_categories,dailydilemmas,6,projection_only,0.5,-0.7172896234671672
R_70kbQcqJL4Tkq6B,inference_categories,dailydilemmas,6,projection_alpha,0.6666666666666666,-0.682642146496048
R_70kbQcqJL4Tkq6B,inference_categories,dailydilemmas,7,random_projection,0.7142857142857143,-0.6930898235817242
R_70kbQcqJL4Tkq6B,inference_categories,dailydilemmas,7,projection_only,0.5714285714285714,-0.7075982583188952
R_70kbQcqJL4Tkq6B,inference_categories,dailydilemmas,7,projection_alpha,0.7142857142857143,-0.6811512574691669
R_70kbQcqJL4Tkq6B,inference_categories,dailydilemmas,8,random_projection,0.5,-0.69320684629417
R_70kbQcqJL4Tkq6B,inference_categories,dailydilemmas,8,projection_only,0.5,-0.7054022388989121
R_70kbQcqJL4Tkq6B,inference_categories,dailydilemmas,8,projection_alpha,0.75,-0.682426359926265
R_70kbQcqJL4Tkq6B,inference_categories,dailydilemmas,9,random_projection,0.3333333333333333,-0.693287174839647
R_70kbQcqJL4Tkq6B,inference_categories,dailydilemmas,9,projection_only,0.5555555555555556,-0.7032564889092958
R_70kbQcqJL4Tkq6B,inference_categories,dailydilemmas,9,projection_alpha,0.6666666666666666,-0.6822888041999899
R_70kbQcqJL4Tkq6B,inference_categories,dailydilemmas,10,random_projection,0.4,-0.693211000554236
R_70kbQcqJL4Tkq6B,inference_categories,dailydilemmas,10,projection_only,0.7,-0.6921831205316085
R_70kbQcqJL4Tkq6B,inference_categories,dailydilemmas,10,projection_alpha,0.7,-0.6781494283653718
R_70kbQcqJL4Tkq6B,inference_categories,dailydilemmas,11,random_projection,0.45454545454545453,-0.6931484676968424
R_70kbQcqJL4Tkq6B,inference_categories,dailydilemmas,11,projection_only,0.7272727272727273,-0.68715274418241
R_70kbQcqJL4Tkq6B,inference_categories,dailydilemmas,11,projection_alpha,0.7272727272727273,-0.6773002980786841
R_70kbQcqJL4Tkq6B,inference_categories,dailydilemmas,12,random_projection,0.4166666666666667,-0.6931854593860893
R_70kbQcqJL4Tkq6B,inference_categories,dailydilemmas,12,projection_only,0.75,-0.6840472903015038
R_70kbQcqJL4Tkq6B,inference_categories,dailydilemmas,12,projection_alpha,0.6666666666666666,-0.6782728875882508
R_70kbQcqJL4Tkq6B,inference_categories,dailydilemmas,13,random_projection,0.6923076923076923,-0.6929785389222171
R_70kbQcqJL4Tkq6B,inference_categories,dailydilemmas,13,projection_only,0.7692307692307693,-0.6700021080297505
R_70kbQcqJL4Tkq6B,inference_categories,dailydilemmas,13,projection_alpha,0.6923076923076923,-0.6792862103946823
R_70kbQcqJL4Tkq6B,inference_categories,dailydilemmas,14,random_projection,0.6428571428571429,-0.6929525544603398
R_70kbQcqJL4Tkq6B,inference_categories,dailydilemmas,14,projection_only,0.7857142857142857,-0.6589405039009693
R_70kbQcqJL4Tkq6B,inference_categories,dailydilemmas,14,projection_alpha,0.7142857142857143,-0.675794046160869
R_70kbQcqJL4Tkq6B,inference_categories,dailydilemmas,15,random_projection,0.6666666666666666,-0.692957527463821
R_70kbQcqJL4Tkq6B,inference_categories,dailydilemmas,15,projection_only,0.7333333333333333,-0.6676488409920913
R_70kbQcqJL4Tkq6B,inference_categories,dailydilemmas,15,projection_alpha,0.7333333333333333,-0.6801861585217485
R_70kbQcqJL4Tkq6B,inference_categories,dailydilemmas,16,random_projection,0.6875,-0.6929509112984942
R_70kbQcqJL4Tkq6B,inference_categories,dailydilemmas,16,projection_only,0.6875,-0.6849562129504023
R_70kbQcqJL4Tkq6B,inference_categories,dailydilemmas,16,projection_alpha,0.625,-0.6860459591241183
R_70kbQcqJL4Tkq6B,inference_categories,dailydilemmas,17,random_projection,0.7058823529411765,-0.6928883707503857
R_70kbQcqJL4Tkq6B,inference_categories,dailydilemmas,17,projection_only,0.7058823529411765,-0.6849594155861201
R_70kbQcqJL4Tkq6B,inference_categories,dailydilemmas,17,projection_alpha,0.6470588235294118,-0.6849299395602849
R_70kbQcqJL4Tkq6B,inference_categories,dailydilemmas,18,random_projection,0.6666666666666666,-0.692831074939036
R_70kbQcqJL4Tkq6B,inference_categories,dailydilemmas,18,projection_only,0.7222222222222222,-0.6812930817904692
R_70kbQcqJL4Tkq6B,inference_categories,dailydilemmas,18,projection_alpha,0.7777777777777778,-0.681070453309469
R_70kbQcqJL4Tkq6B,inference_categories,dailydilemmas,19,random_projection,0.7894736842105263,-0.6928166249064939
R_70kbQcqJL4Tkq6B,inference_categories,dailydilemmas,19,projection_only,0.7368421052631579,-0.6778694509434561
R_70kbQcqJL4Tkq6B,inference_categories,dailydilemmas,19,projection_alpha,0.7894736842105263,-0.6804871018035651
R_70kbQcqJL4Tkq6B,inference_categories,dailydilemmas,20,random_projection,0.75,-0.6927442253041608
R_70kbQcqJL4Tkq6B,inference_categories,dailydilemmas,20,projection_only,0.75,-0.6548700938866311
R_70kbQcqJL4Tkq6B,inference_categories,dailydilemmas,20,projection_alpha,0.75,-0.671512068137474
R_6rftRMhNP0o6boD,inference_categories,dailydilemmas,3,random_projection,0.0,-0.6933142764028677
R_6rftRMhNP0o6boD,inference_categories,dailydilemmas,3,projection_only,0.3333333333333333,-0.704768559477161
R_6rftRMhNP0o6boD,inference_categories,dailydilemmas,3,projection_alpha,0.3333333333333333,-0.6951443306192232
R_6rftRMhNP0o6boD,inference_categories,dailydilemmas,4,random_projection,0.25,-0.6931961789147238
R_6rftRMhNP0o6boD,inference_categories,dailydilemmas,4,projection_only,0.5,-0.6935060158490806
R_6rftRMhNP0o6boD,inference_categories,dailydilemmas,4,projection_alpha,0.5,-0.6931568281253669
R_6rftRMhNP0o6boD,inference_categories,dailydilemmas,5,random_projection,0.4,-0.6931726511613373
R_6rftRMhNP0o6boD,inference_categories,dailydilemmas,5,projection_only,0.4,-0.6991334887597745
R_6rftRMhNP0o6boD,inference_categories,dailydilemmas,5,projection_alpha,0.4,-0.6941673349723495
R_6rftRMhNP0o6boD,inference_categories,dailydilemmas,6,random_projection,0.6666666666666666,-0.6929876092581541
R_6rftRMhNP0o6boD,inference_categories,dailydilemmas,6,projection_only,0.5,-0.681499981089091
R_6rftRMhNP0o6boD,inference_categories,dailydilemmas,6,projection_alpha,0.5,-0.6908861589652595
R_6rftRMhNP0o6boD,inference_categories,dailydilemmas,7,random_projection,0.7142857142857143,-0.6928538318848962
R_6rftRMhNP0o6boD,inference_categories,dailydilemmas,7,projection_only,0.7142857142857143,-0.6434014040669833
R_6rftRMhNP0o6boD,inference_categories,dailydilemmas,7,projection_alpha,0.7142857142857143,-0.6829519250436024
R_6rftRMhNP0o6boD,inference_categories,dailydilemmas,8,random_projection,0.75,-0.6927679435407839
R_6rftRMhNP0o6boD,inference_categories,dailydilemmas,8,projection_only,0.625,-0.6514007643973179
R_6rftRMhNP0o6boD,inference_categories,dailydilemmas,8,projection_alpha,0.625,-0.684593091801817
R_6rftRMhNP0o6boD,inference_categories,dailydilemmas,9,random_projection,0.7777777777777778,-0.6926696921857095
R_6rftRMhNP0o6boD,inference_categories,dailydilemmas,9,projection_only,0.6666666666666666,-0.6407961560812052
R_6rftRMhNP0o6boD,inference_categories,dailydilemmas,9,projection_alpha,0.6666666666666666,-0.6822498710790507
R_6rftRMhNP0o6boD,inference_categories,dailydilemmas,10,random_projection,0.7,-0.6927335011377951
R_6rftRMhNP0o6boD,inference_categories,dailydilemmas,10,projection_only,0.6,-0.6474706865317271
R_6rftRMhNP0o6boD,inference_categories,dailydilemmas,10,projection_alpha,0.6,-0.6836323463283622
R_6rftRMhNP0o6boD,inference_categories,dailydilemmas,11,random_projection,0.9090909090909091,-0.6926358218950601
R_6rftRMhNP0o6boD,inference_categories,dailydilemmas,11,projection_only,0.6363636363636364,-0.6402280649547304
R_6rftRMhNP0o6boD,inference_categories,dailydilemmas,11,projection_alpha,0.6363636363636364,-0.6820191886867127
R_6rftRMhNP0o6boD,inference_categories,dailydilemmas,12,random_projection,0.9166666666666666,-0.6926394259152445
R_6rftRMhNP0o6boD,inference_categories,dailydilemmas,12,projection_only,0.6666666666666666,-0.6396005838767121
R_6rftRMhNP0o6boD,inference_categories,dailydilemmas,12,projection_alpha,0.6666666666666666,-0.6817597449533425
R_6rftRMhNP0o6boD,inference_categories,dailydilemmas,13,random_projection,0.8461538461538461,-0.6927379705867731
R_6rftRMhNP0o6boD,inference_categories,dailydilemmas,13,projection_only,0.6923076923076923,-0.685136452231868
R_6rftRMhNP0o6boD,inference_categories,dailydilemmas,13,projection_alpha,0.6923076923076923,-0.6905560619174058
R_6rftRMhNP0o6boD,inference_categories,dailydilemmas,14,random_projection,0.7142857142857143,-0.6928157517766415
R_6rftRMhNP0o6boD,inference_categories,dailydilemmas,14,projection_only,0.6428571428571429,-0.6860720554602359
R_6rftRMhNP0o6boD,inference_categories,dailydilemmas,14,projection_alpha,0.6428571428571429,-0.6909415156932776
R_6rftRMhNP0o6boD,inference_categories,dailydilemmas,15,random_projection,0.7333333333333333,-0.6925867679503427
R_6rftRMhNP0o6boD,inference_categories,dailydilemmas,15,projection_only,0.6666666666666666,-0.654182039835807
R_6rftRMhNP0o6boD,inference_categories,dailydilemmas,15,projection_alpha,0.6666666666666666,-0.6818756724194238
R_6rftRMhNP0o6boD,inference_categories,dailydilemmas,16,random_projection,0.6875,-0.6926878052421985
R_6rftRMhNP0o6boD,inference_categories,dailydilemmas,16,projection_only,0.75,-0.6542743657868455
R_6rftRMhNP0o6boD,inference_categories,dailydilemmas,16,projection_alpha,0.75,-0.6824853979633894
R_6rftRMhNP0o6boD,inference_categories,dailydilemmas,17,random_projection,0.6470588235294118,-0.6927970503662412
R_6rftRMhNP0o6boD,inference_categories,dailydilemmas,17,projection_only,0.7058823529411765,-0.6753922662185636
R_6rftRMhNP0o6boD,inference_categories,dailydilemmas,17,projection_alpha,0.7058823529411765,-0.6879238324364242
R_6rftRMhNP0o6boD,inference_categories,dailydilemmas,18,random_projection,0.6666666666666666,-0.6929205748752496
R_6rftRMhNP0o6boD,inference_categories,dailydilemmas,18,projection_only,0.7222222222222222,-0.6898607445263844
R_6rftRMhNP0o6boD,inference_categories,dailydilemmas,18,projection_alpha,0.6666666666666666,-0.6920767460326441
R_6rftRMhNP0o6boD,inference_categories,dailydilemmas,19,random_projection,0.5789473684210527,-0.6929398875326035
R_6rftRMhNP0o6boD,inference_categories,dailydilemmas,19,projection_only,0.6842105263157895,-0.6814979739934897
R_6rftRMhNP0o6boD,inference_categories,dailydilemmas,19,projection_alpha,0.5789473684210527,-0.6888374407151975
R_6rftRMhNP0o6boD,inference_categories,dailydilemmas,20,random_projection,0.55,-0.6930082647701212
R_6rftRMhNP0o6boD,inference_categories,dailydilemmas,20,projection_only,0.7,-0.6811462169096755
R_6rftRMhNP0o6boD,inference_categories,dailydilemmas,20,projection_alpha,0.65,-0.6885709573778225
R_6jv2PrGBJcO4of6,inference_categories,dailydilemmas,3,random_projection,0.3333333333333333,-0.6932324723531123
R_6jv2PrGBJcO4of6,inference_categories,dailydilemmas,3,projection_only,0.6666666666666666,-0.6878517137150685
R_6jv2PrGBJcO4of6,inference_categories,dailydilemmas,3,projection_alpha,0.6666666666666666,-0.693993228408598
R_6jv2PrGBJcO4of6,inference_categories,dailydilemmas,4,random_projection,0.75,-0.6930738168044985
R_6jv2PrGBJcO4of6,inference_categories,dailydilemmas,4,projection_only,0.75,-0.6851141944899445
R_6jv2PrGBJcO4of6,inference_categories,dailydilemmas,4,projection_alpha,0.75,-0.6859516855228469
R_6jv2PrGBJcO4of6,inference_categories,dailydilemmas,5,random_projection,0.8,-0.6928385210802689
R_6jv2PrGBJcO4of6,inference_categories,dailydilemmas,5,projection_only,0.8,-0.6189745223675187
R_6jv2PrGBJcO4of6,inference_categories,dailydilemmas,5,projection_alpha,0.8,-0.6553124030825836
R_6jv2PrGBJcO4of6,inference_categories,dailydilemmas,6,random_projection,0.8333333333333334,-0.6924808143604908
R_6jv2PrGBJcO4of6,inference_categories,dailydilemmas,6,projection_only,0.6666666666666666,-0.6551775162320738
R_6jv2PrGBJcO4of6,inference_categories,dailydilemmas,6,projection_alpha,0.6666666666666666,-0.6616614712325445
R_6jv2PrGBJcO4of6,inference_categories,dailydilemmas,7,random_projection,0.8571428571428571,-0.6925235072637909
R_6jv2PrGBJcO4of6,inference_categories,dailydilemmas,7,projection_only,0.7142857142857143,-0.6475290630353258
R_6jv2PrGBJcO4of6,inference_categories,dailydilemmas,7,projection_alpha,0.8571428571428571,-0.6616216933434146
R_6jv2PrGBJcO4of6,inference_categories,dailydilemmas,8,random_projection,1.0,-0.6923649656277595
R_6jv2PrGBJcO4of6,inference_categories,dailydilemmas,8,projection_only,0.75,-0.6405458556965506
R_6jv2PrGBJcO4of6,inference_categories,dailydilemmas,8,projection_alpha,0.875,-0.660312105205105
R_6jv2PrGBJcO4of6,inference_categories,dailydilemmas,9,random_projection,1.0,-0.6923018478914428
R_6jv2PrGBJcO4of6,inference_categories,dailydilemmas,9,projection_only,0.8888888888888888,-0.6102315863933091
R_6jv2PrGBJcO4of6,inference_categories,dailydilemmas,9,projection_alpha,0.8888888888888888,-0.6510421354278415
R_6jv2PrGBJcO4of6,inference_categories,dailydilemmas,10,random_projection,1.0,-0.6922523632804027
R_6jv2PrGBJcO4of6,inference_categories,dailydilemmas,10,projection_only,0.8,-0.594155194520218
R_6jv2PrGBJcO4of6,inference_categories,dailydilemmas,10,projection_alpha,0.9,-0.6466154044518224
R_6jv2PrGBJcO4of6,inference_categories,dailydilemmas,11,random_projection,0.9090909090909091,-0.6922863018822142
R_6jv2PrGBJcO4of6,inference_categories,dailydilemmas,11,projection_only,0.9090909090909091,-0.5645744811647213
R_6jv2PrGBJcO4of6,inference_categories,dailydilemmas,11,projection_alpha,0.9090909090909091,-0.6363317261441487
R_6jv2PrGBJcO4of6,inference_categories,dailydilemmas,12,random_projection,1.0,-0.6921960973764824
R_6jv2PrGBJcO4of6,inference_categories,dailydilemmas,12,projection_only,0.9166666666666666,-0.5432728006517199
R_6jv2PrGBJcO4of6,inference_categories,dailydilemmas,12,projection_alpha,0.9166666666666666,-0.6289702468659821
R_6jv2PrGBJcO4of6,inference_categories,dailydilemmas,13,random_projection,0.9230769230769231,-0.6922689539400563
R_6jv2PrGBJcO4of6,inference_categories,dailydilemmas,13,projection_only,0.7692307692307693,-0.5896370302520677
R_6jv2PrGBJcO4of6,inference_categories,dailydilemmas,13,projection_alpha,0.8461538461538461,-0.6420865610441517
R_6jv2PrGBJcO4of6,inference_categories,dailydilemmas,14,random_projection,0.9285714285714286,-0.6921739916500894
R_6jv2PrGBJcO4of6,inference_categories,dailydilemmas,14,projection_only,0.7142857142857143,-0.6007766420280597
R_6jv2PrGBJcO4of6,inference_categories,dailydilemmas,14,projection_alpha,0.7857142857142857,-0.6479549037050327
R_6jv2PrGBJcO4of6,inference_categories,dailydilemmas,15,random_projection,0.8,-0.6923545232400116
R_6jv2PrGBJcO4of6,inference_categories,dailydilemmas,15,projection_only,0.7333333333333333,-0.59916578640248
R_6jv2PrGBJcO4of6,inference_categories,dailydilemmas,15,projection_alpha,0.8,-0.6450124976296643
R_6jv2PrGBJcO4of6,inference_categories,dailydilemmas,16,random_projection,0.625,-0.6925097310904126
R_6jv2PrGBJcO4of6,inference_categories,dailydilemmas,16,projection_only,0.75,-0.5923070520497763
R_6jv2PrGBJcO4of6,inference_categories,dailydilemmas,16,projection_alpha,0.8125,-0.6441064391782538
R_6jv2PrGBJcO4of6,inference_categories,dailydilemmas,17,random_projection,0.7647058823529411,-0.6921517143147625
R_6jv2PrGBJcO4of6,inference_categories,dailydilemmas,17,projection_only,0.7647058823529411,-0.582712683883167
R_6jv2PrGBJcO4of6,inference_categories,dailydilemmas,17,projection_alpha,0.8235294117647058,-0.6493734151403041
R_6jv2PrGBJcO4of6,inference_categories,dailydilemmas,18,random_projection,0.8333333333333334,-0.6921908067947484
R_6jv2PrGBJcO4of6,inference_categories,dailydilemmas,18,projection_only,0.8333333333333334,-0.5884192885349933
R_6jv2PrGBJcO4of6,inference_categories,dailydilemmas,18,projection_alpha,0.8333333333333334,-0.650855894940465
R_6jv2PrGBJcO4of6,inference_categories,dailydilemmas,19,random_projection,0.8421052631578947,-0.6921987492751773
R_6jv2PrGBJcO4of6,inference_categories,dailydilemmas,19,projection_only,0.6842105263157895,-0.5998675392826232
R_6jv2PrGBJcO4of6,inference_categories,dailydilemmas,19,projection_alpha,0.7894736842105263,-0.6552397282735819
R_6jv2PrGBJcO4of6,inference_categories,dailydilemmas,20,random_projection,0.8,-0.6923543666584245
R_6jv2PrGBJcO4of6,inference_categories,dailydilemmas,20,projection_only,0.65,-0.6380198260980726
R_6jv2PrGBJcO4of6,inference_categories,dailydilemmas,20,projection_alpha,0.7,-0.6646737532968348
R_1dHqTtKKq3yQvmX,inference_categories,dailydilemmas,3,random_projection,0.3333333333333333,-0.6932171276032048
R_1dHqTtKKq3yQvmX,inference_categories,dailydilemmas,3,projection_only,0.6666666666666666,-0.6776372471515049
R_1dHqTtKKq3yQvmX,inference_categories,dailydilemmas,3,projection_alpha,0.6666666666666666,-0.690471287351227
R_1dHqTtKKq3yQvmX,inference_categories,dailydilemmas,4,random_projection,0.25,-0.693274335948649
R_1dHqTtKKq3yQvmX,inference_categories,dailydilemmas,4,projection_only,0.75,-0.6716277156359645
R_1dHqTtKKq3yQvmX,inference_categories,dailydilemmas,4,projection_alpha,0.75,-0.6808255473926541
R_1dHqTtKKq3yQvmX,inference_categories,dailydilemmas,5,random_projection,0.6,-0.6931398310914499
R_1dHqTtKKq3yQvmX,inference_categories,dailydilemmas,5,projection_only,0.8,-0.6464260034577342
R_1dHqTtKKq3yQvmX,inference_categories,dailydilemmas,5,projection_alpha,0.8,-0.6730696297289097
R_1dHqTtKKq3yQvmX,inference_categories,dailydilemmas,6,random_projection,0.5,-0.6932041896683296
R_1dHqTtKKq3yQvmX,inference_categories,dailydilemmas,6,projection_only,0.8333333333333334,-0.6765483970078482
R_1dHqTtKKq3yQvmX,inference_categories,dailydilemmas,6,projection_alpha,0.6666666666666666,-0.6796180057509226
R_1dHqTtKKq3yQvmX,inference_categories,dailydilemmas,7,random_projection,0.5714285714285714,-0.6930040928822324
R_1dHqTtKKq3yQvmX,inference_categories,dailydilemmas,7,projection_only,0.7142857142857143,-0.655082682049888
R_1dHqTtKKq3yQvmX,inference_categories,dailydilemmas,7,projection_alpha,0.7142857142857143,-0.6728378896036542
R_1dHqTtKKq3yQvmX,inference_categories,dailydilemmas,8,random_projection,0.75,-0.6930116979764187
R_1dHqTtKKq3yQvmX,inference_categories,dailydilemmas,8,projection_only,0.75,-0.6534585092504068
R_1dHqTtKKq3yQvmX,inference_categories,dailydilemmas,8,projection_alpha,0.75,-0.6737361495013091
R_1dHqTtKKq3yQvmX,inference_categories,dailydilemmas,9,random_projection,0.6666666666666666,-0.6927371178845257
R_1dHqTtKKq3yQvmX,inference_categories,dailydilemmas,9,projection_only,0.7777777777777778,-0.616950550846349
R_1dHqTtKKq3yQvmX,inference_categories,dailydilemmas,9,projection_alpha,0.7777777777777778,-0.661633310368561
R_1dHqTtKKq3yQvmX,inference_categories,dailydilemmas,10,random_projection,0.8,-0.692612898477894
R_1dHqTtKKq3yQvmX,inference_categories,dailydilemmas,10,projection_only,0.8,-0.5742823593879041
R_1dHqTtKKq3yQvmX,inference_categories,dailydilemmas,10,projection_alpha,0.8,-0.6382682874169303
R_1dHqTtKKq3yQvmX,inference_categories,dailydilemmas,11,random_projection,0.8181818181818182,-0.692362377948232
R_1dHqTtKKq3yQvmX,inference_categories,dailydilemmas,11,projection_only,0.8181818181818182,-0.5464899533916739
R_1dHqTtKKq3yQvmX,inference_categories,dailydilemmas,11,projection_alpha,0.8181818181818182,-0.6294515130181817
R_1dHqTtKKq3yQvmX,inference_categories,dailydilemmas,12,random_projection,0.75,-0.6923710549629157
R_1dHqTtKKq3yQvmX,inference_categories,dailydilemmas,12,projection_only,0.8333333333333334,-0.5234566432309748
R_1dHqTtKKq3yQvmX,inference_categories,dailydilemmas,12,projection_alpha,0.8333333333333334,-0.6206623417462276
R_1dHqTtKKq3yQvmX,inference_categories,dailydilemmas,13,random_projection,0.8461538461538461,-0.6922489762652871
R_1dHqTtKKq3yQvmX,inference_categories,dailydilemmas,13,projection_only,0.7692307692307693,-0.5554551681547918
R_1dHqTtKKq3yQvmX,inference_categories,dailydilemmas,13,projection_alpha,0.7692307692307693,-0.6351306188567807
R_1dHqTtKKq3yQvmX,inference_categories,dailydilemmas,14,random_projection,0.7857142857142857,-0.6923339433141438
R_1dHqTtKKq3yQvmX,inference_categories,dailydilemmas,14,projection_only,0.7857142857142857,-0.5514899127113302
R_1dHqTtKKq3yQvmX,inference_categories,dailydilemmas,14,projection_alpha,0.7857142857142857,-0.6337267364689209
R_1dHqTtKKq3yQvmX,inference_categories,dailydilemmas,15,random_projection,0.7333333333333333,-0.6924385498734179
R_1dHqTtKKq3yQvmX,inference_categories,dailydilemmas,15,projection_only,0.7333333333333333,-0.5624637310021917
R_1dHqTtKKq3yQvmX,inference_categories,dailydilemmas,15,projection_alpha,0.8,-0.6369041661460764
R_1dHqTtKKq3yQvmX,inference_categories,dailydilemmas,16,random_projection,0.6875,-0.6925239051803289
R_1dHqTtKKq3yQvmX,inference_categories,dailydilemmas,16,projection_only,0.6875,-0.5749130314157946
R_1dHqTtKKq3yQvmX,inference_categories,dailydilemmas,16,projection_alpha,0.75,-0.6417875486368478
R_1dHqTtKKq3yQvmX,inference_categories,dailydilemmas,17,random_projection,0.6470588235294118,-0.6927495666851156
R_1dHqTtKKq3yQvmX,inference_categories,dailydilemmas,17,projection_only,0.6470588235294118,-0.6376882167790386
R_1dHqTtKKq3yQvmX,inference_categories,dailydilemmas,17,projection_alpha,0.7058823529411765,-0.6616224678329382
R_1dHqTtKKq3yQvmX,inference_categories,dailydilemmas,18,random_projection,0.6666666666666666,-0.6926521010989123
R_1dHqTtKKq3yQvmX,inference_categories,dailydilemmas,18,projection_only,0.6666666666666666,-0.6181031427333926
R_1dHqTtKKq3yQvmX,inference_categories,dailydilemmas,18,projection_alpha,0.7222222222222222,-0.6539077097849129
R_1dHqTtKKq3yQvmX,inference_categories,dailydilemmas,19,random_projection,0.6842105263157895,-0.6924285865231864
R_1dHqTtKKq3yQvmX,inference_categories,dailydilemmas,19,projection_only,0.6842105263157895,-0.588325686881699
R_1dHqTtKKq3yQvmX,inference_categories,dailydilemmas,19,projection_alpha,0.7368421052631579,-0.6380909526900396
R_1dHqTtKKq3yQvmX,inference_categories,dailydilemmas,20,random_projection,0.7,-0.692311724449019
R_1dHqTtKKq3yQvmX,inference_categories,dailydilemmas,20,projection_only,0.7,-0.5785965866611247
R_1dHqTtKKq3yQvmX,inference_categories,dailydilemmas,20,projection_alpha,0.75,-0.6331741110924913
R_1P81VK8fH860C4V,inference_categories,dailydilemmas,3,random_projection,0.3333333333333333,-0.6931346482504064
R_1P81VK8fH860C4V,inference_categories,dailydilemmas,3,projection_only,0.6666666666666666,-0.6725093793962297
R_1P81VK8fH860C4V,inference_categories,dailydilemmas,3,projection_alpha,0.6666666666666666,-0.683021658634118
R_1P81VK8fH860C4V,inference_categories,dailydilemmas,4,random_projection,0.25,-0.6931532431330893
R_1P81VK8fH860C4V,inference_categories,dailydilemmas,4,projection_only,0.75,-0.6568905554431888
R_1P81VK8fH860C4V,inference_categories,dailydilemmas,4,projection_alpha,0.75,-0.6791462740594675
R_1P81VK8fH860C4V,inference_categories,dailydilemmas,5,random_projection,0.8,-0.6930214706573408
R_1P81VK8fH860C4V,inference_categories,dailydilemmas,5,projection_only,0.8,-0.6181813526202214
R_1P81VK8fH860C4V,inference_categories,dailydilemmas,5,projection_alpha,0.8,-0.6694727671003736
R_1P81VK8fH860C4V,inference_categories,dailydilemmas,6,random_projection,0.8333333333333334,-0.6930340194801249
R_1P81VK8fH860C4V,inference_categories,dailydilemmas,6,projection_only,1.0,-0.6171736799580437
R_1P81VK8fH860C4V,inference_categories,dailydilemmas,6,projection_alpha,1.0,-0.6700420657742682
R_1P81VK8fH860C4V,inference_categories,dailydilemmas,7,random_projection,0.8571428571428571,-0.692707077241594
R_1P81VK8fH860C4V,inference_categories,dailydilemmas,7,projection_only,1.0,-0.5664407591779358
R_1P81VK8fH860C4V,inference_categories,dailydilemmas,7,projection_alpha,1.0,-0.6542750185952061
R_1P81VK8fH860C4V,inference_categories,dailydilemmas,8,random_projection,0.75,-0.6928397877660684
R_1P81VK8fH860C4V,inference_categories,dailydilemmas,8,projection_only,1.0,-0.5466651076620714
R_1P81VK8fH860C4V,inference_categories,dailydilemmas,8,projection_alpha,1.0,-0.6497995003292182
R_1P81VK8fH860C4V,inference_categories,dailydilemmas,9,random_projection,0.6666666666666666,-0.693063810535656
R_1P81VK8fH860C4V,inference_categories,dailydilemmas,9,projection_only,1.0,-0.5317661154317243
R_1P81VK8fH860C4V,inference_categories,dailydilemmas,9,projection_alpha,1.0,-0.6464089039476953
R_1P81VK8fH860C4V,inference_categories,dailydilemmas,10,random_projection,0.6,-0.6931566405606007
R_1P81VK8fH860C4V,inference_categories,dailydilemmas,10,projection_only,0.9,-0.5950088364783375
R_1P81VK8fH860C4V,inference_categories,dailydilemmas,10,projection_alpha,0.9,-0.6617878626870835
R_1P81VK8fH860C4V,inference_categories,dailydilemmas,11,random_projection,0.5454545454545454,-0.6930167295789009
R_1P81VK8fH860C4V,inference_categories,dailydilemmas,11,projection_only,0.9090909090909091,-0.557832849855789
R_1P81VK8fH860C4V,inference_categories,dailydilemmas,11,projection_alpha,0.9090909090909091,-0.650046326076406
R_1P81VK8fH860C4V,inference_categories,dailydilemmas,12,random_projection,0.5833333333333334,-0.6928647092813797
R_1P81VK8fH860C4V,inference_categories,dailydilemmas,12,projection_only,0.9166666666666666,-0.5534869806316802
R_1P81VK8fH860C4V,inference_categories,dailydilemmas,12,projection_alpha,0.9166666666666666,-0.6497630353952338
R_1P81VK8fH860C4V,inference_categories,dailydilemmas,13,random_projection,0.6923076923076923,-0.6927233545266838
R_1P81VK8fH860C4V,inference_categories,dailydilemmas,13,projection_only,0.9230769230769231,-0.5394498008088648
R_1P81VK8fH860C4V,inference_categories,dailydilemmas,13,projection_alpha,0.9230769230769231,-0.6453891724878449
R_1P81VK8fH860C4V,inference_categories,dailydilemmas,14,random_projection,0.7142857142857143,-0.6926952935094334
R_1P81VK8fH860C4V,inference_categories,dailydilemmas,14,projection_only,0.9285714285714286,-0.5315052967204495
R_1P81VK8fH860C4V,inference_categories,dailydilemmas,14,projection_alpha,0.9285714285714286,-0.642407889524213
R_1P81VK8fH860C4V,inference_categories,dailydilemmas,15,random_projection,0.6,-0.6927911637492613
R_1P81VK8fH860C4V,inference_categories,dailydilemmas,15,projection_only,0.8666666666666667,-0.5452504267537321
R_1P81VK8fH860C4V,inference_categories,dailydilemmas,15,projection_alpha,0.8666666666666667,-0.6463873753326652
R_1P81VK8fH860C4V,inference_categories,dailydilemmas,16,random_projection,0.6875,-0.6927799135213665
R_1P81VK8fH860C4V,inference_categories,dailydilemmas,16,projection_only,0.875,-0.5275622126897799
R_1P81VK8fH860C4V,inference_categories,dailydilemmas,16,projection_alpha,0.875,-0.6402046652707463
R_1P81VK8fH860C4V,inference_categories,dailydilemmas,17,random_projection,0.6470588235294118,-0.6928251889572636
R_1P81VK8fH860C4V,inference_categories,dailydilemmas,17,projection_only,0.8235294117647058,-0.538020051959795
R_1P81VK8fH860C4V,inference_categories,dailydilemmas,17,projection_alpha,0.8235294117647058,-0.6442234105308183
R_1P81VK8fH860C4V,inference_categories,dailydilemmas,18,random_projection,0.6666666666666666,-0.6926353740624768
R_1P81VK8fH860C4V,inference_categories,dailydilemmas,18,projection_only,0.8333333333333334,-0.5265131103810586
R_1P81VK8fH860C4V,inference_categories,dailydilemmas,18,projection_alpha,0.8333333333333334,-0.6402734382918889
R_1P81VK8fH860C4V,inference_categories,dailydilemmas,19,random_projection,0.631578947368421,-0.6926234492780495
R_1P81VK8fH860C4V,inference_categories,dailydilemmas,19,projection_only,0.8421052631578947,-0.5437985690052073
R_1P81VK8fH860C4V,inference_categories,dailydilemmas,19,projection_alpha,0.7894736842105263,-0.6471144057968732
R_1P81VK8fH860C4V,inference_categories,dailydilemmas,20,random_projection,0.6,-0.6926647269411175
R_1P81VK8fH860C4V,inference_categories,dailydilemmas,20,projection_only,0.8,-0.5400683255347335
R_1P81VK8fH860C4V,inference_categories,dailydilemmas,20,projection_alpha,0.8,-0.6452727473674154
R_7go085j249AymBb,inference_categories,dailydilemmas,4,random_projection,0.25,-0.6931724609814991
R_7go085j249AymBb,inference_categories,dailydilemmas,4,projection_only,0.0,-0.7006082499149915
R_7go085j249AymBb,inference_categories,dailydilemmas,4,projection_alpha,0.0,-0.6944123763829821
R_7go085j249AymBb,inference_categories,dailydilemmas,5,random_projection,0.6,-0.6929590558313528
R_7go085j249AymBb,inference_categories,dailydilemmas,5,projection_only,0.6,-0.6903440993813996
R_7go085j249AymBb,inference_categories,dailydilemmas,5,projection_alpha,0.6,-0.6925927448468994
R_7go085j249AymBb,inference_categories,dailydilemmas,6,random_projection,0.5,-0.6930739902339796
R_7go085j249AymBb,inference_categories,dailydilemmas,6,projection_only,0.6666666666666666,-0.6640519780301603
R_7go085j249AymBb,inference_categories,dailydilemmas,6,projection_alpha,0.6666666666666666,-0.6875898920741931
R_7go085j249AymBb,inference_categories,dailydilemmas,7,random_projection,0.2857142857142857,-0.6933358141789494
R_7go085j249AymBb,inference_categories,dailydilemmas,7,projection_only,0.7142857142857143,-0.6357412131536039
R_7go085j249AymBb,inference_categories,dailydilemmas,7,projection_alpha,0.7142857142857143,-0.6815024825529447
R_7go085j249AymBb,inference_categories,dailydilemmas,8,random_projection,0.25,-0.693240135737028
R_7go085j249AymBb,inference_categories,dailydilemmas,8,projection_only,0.75,-0.5913989062210745
R_7go085j249AymBb,inference_categories,dailydilemmas,8,projection_alpha,0.75,-0.6701651252108536
R_7go085j249AymBb,inference_categories,dailydilemmas,9,random_projection,0.1111111111111111,-0.6933631698525574
R_7go085j249AymBb,inference_categories,dailydilemmas,9,projection_only,0.6666666666666666,-0.6154075987487789
R_7go085j249AymBb,inference_categories,dailydilemmas,9,projection_alpha,0.6666666666666666,-0.6754626179293896
R_7go085j249AymBb,inference_categories,dailydilemmas,10,random_projection,0.1,-0.6934418414035788
R_7go085j249AymBb,inference_categories,dailydilemmas,10,projection_only,0.6,-0.6825821035489194
R_7go085j249AymBb,inference_categories,dailydilemmas,10,projection_alpha,0.6,-0.6895863358053042
R_7go085j249AymBb,inference_categories,dailydilemmas,11,random_projection,0.18181818181818182,-0.6933750072706494
R_7go085j249AymBb,inference_categories,dailydilemmas,11,projection_only,0.6363636363636364,-0.6650897137086786
R_7go085j249AymBb,inference_categories,dailydilemmas,11,projection_alpha,0.6363636363636364,-0.6852294199308179
R_7go085j249AymBb,inference_categories,dailydilemmas,12,random_projection,0.3333333333333333,-0.6932537035913046
R_7go085j249AymBb,inference_categories,dailydilemmas,12,projection_only,0.6666666666666666,-0.6353051710032381
R_7go085j249AymBb,inference_categories,dailydilemmas,12,projection_alpha,0.6666666666666666,-0.6766628082477383
R_7go085j249AymBb,inference_categories,dailydilemmas,13,random_projection,0.3076923076923077,-0.6933457439064953
R_7go085j249AymBb,inference_categories,dailydilemmas,13,projection_only,0.6923076923076923,-0.6274402404158929
R_7go085j249AymBb,inference_categories,dailydilemmas,13,projection_alpha,0.6923076923076923,-0.6744495524169773
R_7go085j249AymBb,inference_categories,dailydilemmas,14,random_projection,0.2857142857142857,-0.6934511648552206
R_7go085j249AymBb,inference_categories,dailydilemmas,14,projection_only,0.6428571428571429,-0.6390765156880385
R_7go085j249AymBb,inference_categories,dailydilemmas,14,projection_alpha,0.6428571428571429,-0.6770548229011907
R_7go085j249AymBb,inference_categories,dailydilemmas,15,random_projection,0.3333333333333333,-0.6933608175081611
R_7go085j249AymBb,inference_categories,dailydilemmas,15,projection_only,0.6666666666666666,-0.6353587055885244
R_7go085j249AymBb,inference_categories,dailydilemmas,15,projection_alpha,0.6666666666666666,-0.6760848306642979
R_7go085j249AymBb,inference_categories,dailydilemmas,16,random_projection,0.4375,-0.6933301965737977
R_7go085j249AymBb,inference_categories,dailydilemmas,16,projection_only,0.6875,-0.6208075844811087
R_7go085j249AymBb,inference_categories,dailydilemmas,16,projection_alpha,0.6875,-0.6713424959658627
R_7go085j249AymBb,inference_categories,dailydilemmas,17,random_projection,0.29411764705882354,-0.6933442258950814
R_7go085j249AymBb,inference_categories,dailydilemmas,17,projection_only,0.6470588235294118,-0.6472295922620226
R_7go085j249AymBb,inference_categories,dailydilemmas,17,projection_alpha,0.6470588235294118,-0.6784740036025543
R_7go085j249AymBb,inference_categories,dailydilemmas,18,random_projection,0.3888888888888889,-0.6932049910224323
R_7go085j249AymBb,inference_categories,dailydilemmas,18,projection_only,0.6666666666666666,-0.6280342166183485
R_7go085j249AymBb,inference_categories,dailydilemmas,18,projection_alpha,0.6666666666666666,-0.6718406681420248
R_7go085j249AymBb,inference_categories,dailydilemmas,19,random_projection,0.5263157894736842,-0.6930697195604792
R_7go085j249AymBb,inference_categories,dailydilemmas,19,projection_only,0.6842105263157895,-0.6172893832348789
R_7go085j249AymBb,inference_categories,dailydilemmas,19,projection_alpha,0.6842105263157895,-0.6683551564931421
R_7go085j249AymBb,inference_categories,dailydilemmas,20,random_projection,0.55,-0.6930223627811241
R_7go085j249AymBb,inference_categories,dailydilemmas,20,projection_only,0.65,-0.6225845938769606
R_7go085j249AymBb,inference_categories,dailydilemmas,20,projection_alpha,0.65,-0.6698212951049451
R_6xzSCFMWRhzZIRg,inference_categories,dailydilemmas,3,random_projection,0.0,-0.6932997378464236
R_6xzSCFMWRhzZIRg,inference_categories,dailydilemmas,3,projection_only,0.3333333333333333,-0.701032004542775
R_6xzSCFMWRhzZIRg,inference_categories,dailydilemmas,3,projection_alpha,0.3333333333333333,-0.6945053188252183
R_6xzSCFMWRhzZIRg,inference_categories,dailydilemmas,4,random_projection,0.0,-0.6933450157808931
R_6xzSCFMWRhzZIRg,inference_categories,dailydilemmas,4,projection_only,0.5,-0.6895897390920401
R_6xzSCFMWRhzZIRg,inference_categories,dailydilemmas,4,projection_alpha,0.0,-0.7066767154821441
R_6xzSCFMWRhzZIRg,inference_categories,dailydilemmas,5,random_projection,0.0,-0.6934017624528114
R_6xzSCFMWRhzZIRg,inference_categories,dailydilemmas,5,projection_only,0.8,-0.6825677766362963
R_6xzSCFMWRhzZIRg,inference_categories,dailydilemmas,5,projection_alpha,0.0,-0.7057683654338088
R_6xzSCFMWRhzZIRg,inference_categories,dailydilemmas,6,random_projection,0.0,-0.6934759476506076
R_6xzSCFMWRhzZIRg,inference_categories,dailydilemmas,6,projection_only,0.16666666666666666,-0.7218862635424838
R_6xzSCFMWRhzZIRg,inference_categories,dailydilemmas,6,projection_alpha,0.16666666666666666,-0.701761695128821
R_6xzSCFMWRhzZIRg,inference_categories,dailydilemmas,7,random_projection,0.14285714285714285,-0.6933768918457589
R_6xzSCFMWRhzZIRg,inference_categories,dailydilemmas,7,projection_only,0.5714285714285714,-0.7145026680855795
R_6xzSCFMWRhzZIRg,inference_categories,dailydilemmas,7,projection_alpha,0.2857142857142857,-0.7001614642536333
R_6xzSCFMWRhzZIRg,inference_categories,dailydilemmas,8,random_projection,0.25,-0.6934237472822655
R_6xzSCFMWRhzZIRg,inference_categories,dailydilemmas,8,projection_only,0.125,-0.7352442220309501
R_6xzSCFMWRhzZIRg,inference_categories,dailydilemmas,8,projection_alpha,0.25,-0.6931853217937998
R_6xzSCFMWRhzZIRg,inference_categories,dailydilemmas,9,random_projection,0.2222222222222222,-0.6934124435515518
R_6xzSCFMWRhzZIRg,inference_categories,dailydilemmas,9,projection_only,0.3333333333333333,-0.709983928489112
R_6xzSCFMWRhzZIRg,inference_categories,dailydilemmas,9,projection_alpha,0.3333333333333333,-0.6855926003511427
R_6xzSCFMWRhzZIRg,inference_categories,dailydilemmas,10,random_projection,0.4,-0.6933388631508095
R_6xzSCFMWRhzZIRg,inference_categories,dailydilemmas,10,projection_only,0.4,-0.7036373926689785
R_6xzSCFMWRhzZIRg,inference_categories,dailydilemmas,10,projection_alpha,0.4,-0.6839431672116968
R_6xzSCFMWRhzZIRg,inference_categories,dailydilemmas,11,random_projection,0.2727272727272727,-0.6933760866262101
R_6xzSCFMWRhzZIRg,inference_categories,dailydilemmas,11,projection_only,0.5454545454545454,-0.6956186145549877
R_6xzSCFMWRhzZIRg,inference_categories,dailydilemmas,11,projection_alpha,0.45454545454545453,-0.6824381893924852
R_6xzSCFMWRhzZIRg,inference_categories,dailydilemmas,12,random_projection,0.5833333333333334,-0.6933484278794021
R_6xzSCFMWRhzZIRg,inference_categories,dailydilemmas,12,projection_only,0.5,-0.6841746347715336
R_6xzSCFMWRhzZIRg,inference_categories,dailydilemmas,12,projection_alpha,0.5,-0.6787758251459394
R_6xzSCFMWRhzZIRg,inference_categories,dailydilemmas,13,random_projection,0.5384615384615384,-0.6933031302624344
R_6xzSCFMWRhzZIRg,inference_categories,dailydilemmas,13,projection_only,0.46153846153846156,-0.6933449322465941
R_6xzSCFMWRhzZIRg,inference_categories,dailydilemmas,13,projection_alpha,0.46153846153846156,-0.6821855116884996
R_6xzSCFMWRhzZIRg,inference_categories,dailydilemmas,14,random_projection,0.6428571428571429,-0.693248850945175
R_6xzSCFMWRhzZIRg,inference_categories,dailydilemmas,14,projection_only,0.5,-0.6834551203258925
R_6xzSCFMWRhzZIRg,inference_categories,dailydilemmas,14,projection_alpha,0.5,-0.6791178905659427
R_6xzSCFMWRhzZIRg,inference_categories,dailydilemmas,15,random_projection,0.5333333333333333,-0.6932569550143322
R_6xzSCFMWRhzZIRg,inference_categories,dailydilemmas,15,projection_only,0.5333333333333333,-0.6789864429599237
R_6xzSCFMWRhzZIRg,inference_categories,dailydilemmas,15,projection_alpha,0.5333333333333333,-0.6785750411352998
R_6xzSCFMWRhzZIRg,inference_categories,dailydilemmas,16,random_projection,0.4375,-0.6931894125174161
R_6xzSCFMWRhzZIRg,inference_categories,dailydilemmas,16,projection_only,0.5625,-0.6662496828720825
R_6xzSCFMWRhzZIRg,inference_categories,dailydilemmas,16,projection_alpha,0.5625,-0.6743129099890086
R_6xzSCFMWRhzZIRg,inference_categories,dailydilemmas,17,random_projection,0.4117647058823529,-0.6932477763597926
R_6xzSCFMWRhzZIRg,inference_categories,dailydilemmas,17,projection_only,0.5294117647058824,-0.6725129955725672
R_6xzSCFMWRhzZIRg,inference_categories,dailydilemmas,17,projection_alpha,0.5294117647058824,-0.6764194663462546
R_6xzSCFMWRhzZIRg,inference_categories,dailydilemmas,18,random_projection,0.4444444444444444,-0.6932142567006816
R_6xzSCFMWRhzZIRg,inference_categories,dailydilemmas,18,projection_only,0.5555555555555556,-0.6700617723763513
R_6xzSCFMWRhzZIRg,inference_categories,dailydilemmas,18,projection_alpha,0.5555555555555556,-0.6764068421198237
R_6xzSCFMWRhzZIRg,inference_categories,dailydilemmas,19,random_projection,0.42105263157894735,-0.6932912321074185
R_6xzSCFMWRhzZIRg,inference_categories,dailydilemmas,19,projection_only,0.5789473684210527,-0.6638348079839528
R_6xzSCFMWRhzZIRg,inference_categories,dailydilemmas,19,projection_alpha,0.5789473684210527,-0.674856717081163
R_6xzSCFMWRhzZIRg,inference_categories,dailydilemmas,20,random_projection,0.45,-0.6931159752573539
R_6xzSCFMWRhzZIRg,inference_categories,dailydilemmas,20,projection_only,0.6,-0.6506610792855747
R_6xzSCFMWRhzZIRg,inference_categories,dailydilemmas,20,projection_alpha,0.6,-0.6690289821505423
R_5EychZPB1u00qZH,inference_categories,dailydilemmas,3,random_projection,0.0,-0.6932506809237671
R_5EychZPB1u00qZH,inference_categories,dailydilemmas,3,projection_only,0.6666666666666666,-0.6636012711949927
R_5EychZPB1u00qZH,inference_categories,dailydilemmas,3,projection_alpha,0.6666666666666666,-0.6500366009486916
R_5EychZPB1u00qZH,inference_categories,dailydilemmas,4,random_projection,0.5,-0.6930298245194659
R_5EychZPB1u00qZH,inference_categories,dailydilemmas,4,projection_only,0.75,-0.6238216497555714
R_5EychZPB1u00qZH,inference_categories,dailydilemmas,4,projection_alpha,0.75,-0.6369604866996353
R_5EychZPB1u00qZH,inference_categories,dailydilemmas,5,random_projection,0.6,-0.6929516937133219
R_5EychZPB1u00qZH,inference_categories,dailydilemmas,5,projection_only,0.8,-0.6172333022161863
R_5EychZPB1u00qZH,inference_categories,dailydilemmas,5,projection_alpha,0.8,-0.6413918124366708
R_5EychZPB1u00qZH,inference_categories,dailydilemmas,6,random_projection,0.6666666666666666,-0.6928303638652739
R_5EychZPB1u00qZH,inference_categories,dailydilemmas,6,projection_only,0.8333333333333334,-0.5940004995138582
R_5EychZPB1u00qZH,inference_categories,dailydilemmas,6,projection_alpha,0.8333333333333334,-0.6340743250421695
R_5EychZPB1u00qZH,inference_categories,dailydilemmas,7,random_projection,0.7142857142857143,-0.6925201398343733
R_5EychZPB1u00qZH,inference_categories,dailydilemmas,7,projection_only,0.8571428571428571,-0.5773511769090768
R_5EychZPB1u00qZH,inference_categories,dailydilemmas,7,projection_alpha,0.8571428571428571,-0.6292817212780505
R_5EychZPB1u00qZH,inference_categories,dailydilemmas,8,random_projection,0.875,-0.6926917865006194
R_5EychZPB1u00qZH,inference_categories,dailydilemmas,8,projection_only,0.75,-0.6298530849746721
R_5EychZPB1u00qZH,inference_categories,dailydilemmas,8,projection_alpha,0.75,-0.6514242800772359
R_5EychZPB1u00qZH,inference_categories,dailydilemmas,9,random_projection,0.7777777777777778,-0.6927202548164385
R_5EychZPB1u00qZH,inference_categories,dailydilemmas,9,projection_only,0.7777777777777778,-0.6014231553213266
R_5EychZPB1u00qZH,inference_categories,dailydilemmas,9,projection_alpha,0.7777777777777778,-0.6427077508513164
R_5EychZPB1u00qZH,inference_categories,dailydilemmas,10,random_projection,0.7,-0.6929783900482358
R_5EychZPB1u00qZH,inference_categories,dailydilemmas,10,projection_only,0.7,-0.6294704514487574
R_5EychZPB1u00qZH,inference_categories,dailydilemmas,10,projection_alpha,0.7,-0.6550812133568468
R_5EychZPB1u00qZH,inference_categories,dailydilemmas,11,random_projection,0.7272727272727273,-0.692929629570036
R_5EychZPB1u00qZH,inference_categories,dailydilemmas,11,projection_only,0.7272727272727273,-0.6276010847419535
R_5EychZPB1u00qZH,inference_categories,dailydilemmas,11,projection_alpha,0.7272727272727273,-0.6551105063768093
R_5EychZPB1u00qZH,inference_categories,dailydilemmas,12,random_projection,0.6666666666666666,-0.6930734429308338
R_5EychZPB1u00qZH,inference_categories,dailydilemmas,12,projection_only,0.75,-0.6117082717369416
R_5EychZPB1u00qZH,inference_categories,dailydilemmas,12,projection_alpha,0.75,-0.6482096832809637
R_5EychZPB1u00qZH,inference_categories,dailydilemmas,13,random_projection,0.6153846153846154,-0.6926444049761986
R_5EychZPB1u00qZH,inference_categories,dailydilemmas,13,projection_only,0.7692307692307693,-0.588125735806893
R_5EychZPB1u00qZH,inference_categories,dailydilemmas,13,projection_alpha,0.7692307692307693,-0.6392264602858434
R_5EychZPB1u00qZH,inference_categories,dailydilemmas,14,random_projection,0.5,-0.6927552591675046
R_5EychZPB1u00qZH,inference_categories,dailydilemmas,14,projection_only,0.7857142857142857,-0.5954148387656709
R_5EychZPB1u00qZH,inference_categories,dailydilemmas,14,projection_alpha,0.7142857142857143,-0.6438144179574398
R_5EychZPB1u00qZH,inference_categories,dailydilemmas,15,random_projection,0.5333333333333333,-0.6928044774143952
R_5EychZPB1u00qZH,inference_categories,dailydilemmas,15,projection_only,0.7333333333333333,-0.6111850578283947
R_5EychZPB1u00qZH,inference_categories,dailydilemmas,15,projection_alpha,0.6666666666666666,-0.6505304726924415
R_5EychZPB1u00qZH,inference_categories,dailydilemmas,16,random_projection,0.625,-0.6926806316349979
R_5EychZPB1u00qZH,inference_categories,dailydilemmas,16,projection_only,0.75,-0.5856331667867382
R_5EychZPB1u00qZH,inference_categories,dailydilemmas,16,projection_alpha,0.6875,-0.6407227431454746
R_5EychZPB1u00qZH,inference_categories,dailydilemmas,17,random_projection,0.7647058823529411,-0.6926152276560763
R_5EychZPB1u00qZH,inference_categories,dailydilemmas,17,projection_only,0.7647058823529411,-0.5959092100469386
R_5EychZPB1u00qZH,inference_categories,dailydilemmas,17,projection_alpha,0.6470588235294118,-0.6460411060902639
R_5EychZPB1u00qZH,inference_categories,dailydilemmas,18,random_projection,0.6666666666666666,-0.6925372723662784
R_5EychZPB1u00qZH,inference_categories,dailydilemmas,18,projection_only,0.7777777777777778,-0.5840570707071567
R_5EychZPB1u00qZH,inference_categories,dailydilemmas,18,projection_alpha,0.6666666666666666,-0.6418483287262432
R_5EychZPB1u00qZH,inference_categories,dailydilemmas,19,random_projection,0.631578947368421,-0.6926256778035339
R_5EychZPB1u00qZH,inference_categories,dailydilemmas,19,projection_only,0.7894736842105263,-0.5783330331940387
R_5EychZPB1u00qZH,inference_categories,dailydilemmas,19,projection_alpha,0.6842105263157895,-0.6396622637855072
R_5EychZPB1u00qZH,inference_categories,dailydilemmas,20,random_projection,0.65,-0.6925296415369873
R_5EychZPB1u00qZH,inference_categories,dailydilemmas,20,projection_only,0.8,-0.5734703935111329
R_5EychZPB1u00qZH,inference_categories,dailydilemmas,20,projection_alpha,0.7,-0.6380719579642202
R_59glCvaBnt5WTU6,inference_categories,dailydilemmas,3,random_projection,0.3333333333333333,-0.6931758432895316
R_59glCvaBnt5WTU6,inference_categories,dailydilemmas,3,projection_only,0.0,-0.6980515633125592
R_59glCvaBnt5WTU6,inference_categories,dailydilemmas,3,projection_alpha,0.0,-0.693970004480549
R_59glCvaBnt5WTU6,inference_categories,dailydilemmas,4,random_projection,0.5,-0.6931724129723341
R_59glCvaBnt5WTU6,inference_categories,dailydilemmas,4,projection_only,0.0,-0.7020159388603706
R_59glCvaBnt5WTU6,inference_categories,dailydilemmas,4,projection_alpha,0.0,-0.6946367061515717
R_59glCvaBnt5WTU6,inference_categories,dailydilemmas,5,random_projection,0.8,-0.693155955542825
R_59glCvaBnt5WTU6,inference_categories,dailydilemmas,5,projection_only,0.2,-0.710922849756505
R_59glCvaBnt5WTU6,inference_categories,dailydilemmas,5,projection_alpha,0.2,-0.6962092520560692
R_59glCvaBnt5WTU6,inference_categories,dailydilemmas,6,random_projection,0.8333333333333334,-0.6931124996230068
R_59glCvaBnt5WTU6,inference_categories,dailydilemmas,6,projection_only,0.5,-0.7003830787687142
R_59glCvaBnt5WTU6,inference_categories,dailydilemmas,6,projection_alpha,0.5,-0.6943728104125424
R_59glCvaBnt5WTU6,inference_categories,dailydilemmas,7,random_projection,0.42857142857142855,-0.6931488883488525
R_59glCvaBnt5WTU6,inference_categories,dailydilemmas,7,projection_only,0.2857142857142857,-0.7039440186963014
R_59glCvaBnt5WTU6,inference_categories,dailydilemmas,7,projection_alpha,0.2857142857142857,-0.6950992256048778
R_59glCvaBnt5WTU6,inference_categories,dailydilemmas,8,random_projection,0.375,-0.6932318766558461
R_59glCvaBnt5WTU6,inference_categories,dailydilemmas,8,projection_only,0.375,-0.6996392991034115
R_59glCvaBnt5WTU6,inference_categories,dailydilemmas,8,projection_alpha,0.375,-0.694349323471511
R_59glCvaBnt5WTU6,inference_categories,dailydilemmas,9,random_projection,0.3333333333333333,-0.6932559258927014
R_59glCvaBnt5WTU6,inference_categories,dailydilemmas,9,projection_only,0.4444444444444444,-0.6983313296448215
R_59glCvaBnt5WTU6,inference_categories,dailydilemmas,9,projection_alpha,0.4444444444444444,-0.6941110818084896
R_59glCvaBnt5WTU6,inference_categories,dailydilemmas,10,random_projection,0.3,-0.6931603621179744
R_59glCvaBnt5WTU6,inference_categories,dailydilemmas,10,projection_only,0.4,-0.7031009803420752
R_59glCvaBnt5WTU6,inference_categories,dailydilemmas,10,projection_alpha,0.4,-0.6949080413611057
R_59glCvaBnt5WTU6,inference_categories,dailydilemmas,11,random_projection,0.7272727272727273,-0.6931476442182949
R_59glCvaBnt5WTU6,inference_categories,dailydilemmas,11,projection_only,0.5454545454545454,-0.6986988883550936
R_59glCvaBnt5WTU6,inference_categories,dailydilemmas,11,projection_alpha,0.5454545454545454,-0.6940496289837805
R_59glCvaBnt5WTU6,inference_categories,dailydilemmas,12,random_projection,0.6666666666666666,-0.6929654709968975
R_59glCvaBnt5WTU6,inference_categories,dailydilemmas,12,projection_only,0.6666666666666666,-0.6915281494455071
R_59glCvaBnt5WTU6,inference_categories,dailydilemmas,12,projection_alpha,0.6666666666666666,-0.692568812003187
R_59glCvaBnt5WTU6,inference_categories,dailydilemmas,13,random_projection,0.6923076923076923,-0.6929786274065666
R_59glCvaBnt5WTU6,inference_categories,dailydilemmas,13,projection_only,0.6923076923076923,-0.6736355381669056
R_59glCvaBnt5WTU6,inference_categories,dailydilemmas,13,projection_alpha,0.6923076923076923,-0.6886973897716445
R_59glCvaBnt5WTU6,inference_categories,dailydilemmas,14,random_projection,0.6428571428571429,-0.6930726163296839
R_59glCvaBnt5WTU6,inference_categories,dailydilemmas,14,projection_only,0.6428571428571429,-0.6814810316528773
R_59glCvaBnt5WTU6,inference_categories,dailydilemmas,14,projection_alpha,0.6428571428571429,-0.6904282384732304
R_59glCvaBnt5WTU6,inference_categories,dailydilemmas,15,random_projection,0.5333333333333333,-0.69314993808668
R_59glCvaBnt5WTU6,inference_categories,dailydilemmas,15,projection_only,0.6666666666666666,-0.6813209614208061
R_59glCvaBnt5WTU6,inference_categories,dailydilemmas,15,projection_alpha,0.6666666666666666,-0.6903308159386569
R_59glCvaBnt5WTU6,inference_categories,dailydilemmas,16,random_projection,0.5,-0.693175546611639
R_59glCvaBnt5WTU6,inference_categories,dailydilemmas,16,projection_only,0.6875,-0.6550852454250065
R_59glCvaBnt5WTU6,inference_categories,dailydilemmas,16,projection_alpha,0.6875,-0.6834458612357766
R_59glCvaBnt5WTU6,inference_categories,dailydilemmas,17,random_projection,0.47058823529411764,-0.6931468239813607
R_59glCvaBnt5WTU6,inference_categories,dailydilemmas,17,projection_only,0.6470588235294118,-0.6575371706556843
R_59glCvaBnt5WTU6,inference_categories,dailydilemmas,17,projection_alpha,0.7058823529411765,-0.6840161998438465
R_59glCvaBnt5WTU6,inference_categories,dailydilemmas,18,random_projection,0.5,-0.692964617015893
R_59glCvaBnt5WTU6,inference_categories,dailydilemmas,18,projection_only,0.7222222222222222,-0.635728514698577
R_59glCvaBnt5WTU6,inference_categories,dailydilemmas,18,projection_alpha,0.7222222222222222,-0.6773598713397412
R_59glCvaBnt5WTU6,inference_categories,dailydilemmas,19,random_projection,0.47368421052631576,-0.6929750112944898
R_59glCvaBnt5WTU6,inference_categories,dailydilemmas,19,projection_only,0.7368421052631579,-0.6327540745186649
R_59glCvaBnt5WTU6,inference_categories,dailydilemmas,19,projection_alpha,0.7368421052631579,-0.6764908058906175
R_59glCvaBnt5WTU6,inference_categories,dailydilemmas,20,random_projection,0.5,-0.692983841851247
R_59glCvaBnt5WTU6,inference_categories,dailydilemmas,20,projection_only,0.75,-0.6304233105702105
R_59glCvaBnt5WTU6,inference_categories,dailydilemmas,20,projection_alpha,0.75,-0.6760146775544644
R_1nBL27EvLs0Bkk4,inference_categories,dailydilemmas,3,random_projection,0.0,-0.6932439103226944
R_1nBL27EvLs0Bkk4,inference_categories,dailydilemmas,3,projection_only,0.3333333333333333,-0.7095430804000075
R_1nBL27EvLs0Bkk4,inference_categories,dailydilemmas,3,projection_alpha,0.6666666666666666,-0.6785488363875002
R_1nBL27EvLs0Bkk4,inference_categories,dailydilemmas,4,random_projection,0.75,-0.693089710444742
R_1nBL27EvLs0Bkk4,inference_categories,dailydilemmas,4,projection_only,0.25,-0.7176967520466098
R_1nBL27EvLs0Bkk4,inference_categories,dailydilemmas,4,projection_alpha,0.5,-0.6933949818533819
R_1nBL27EvLs0Bkk4,inference_categories,dailydilemmas,5,random_projection,0.4,-0.6931405887187301
R_1nBL27EvLs0Bkk4,inference_categories,dailydilemmas,5,projection_only,0.4,-0.7122319092116145
R_1nBL27EvLs0Bkk4,inference_categories,dailydilemmas,5,projection_alpha,0.4,-0.6948209148366971
R_1nBL27EvLs0Bkk4,inference_categories,dailydilemmas,6,random_projection,0.16666666666666666,-0.6932975559961325
R_1nBL27EvLs0Bkk4,inference_categories,dailydilemmas,6,projection_only,0.16666666666666666,-0.7167909828004979
R_1nBL27EvLs0Bkk4,inference_categories,dailydilemmas,6,projection_alpha,0.3333333333333333,-0.6953722469055328
R_1nBL27EvLs0Bkk4,inference_categories,dailydilemmas,7,random_projection,0.42857142857142855,-0.6931582130892925
R_1nBL27EvLs0Bkk4,inference_categories,dailydilemmas,7,projection_only,0.14285714285714285,-0.7143350653368208
R_1nBL27EvLs0Bkk4,inference_categories,dailydilemmas,7,projection_alpha,0.5714285714285714,-0.6946958101817806
R_1nBL27EvLs0Bkk4,inference_categories,dailydilemmas,8,random_projection,0.625,-0.6927443649512945
R_1nBL27EvLs0Bkk4,inference_categories,dailydilemmas,8,projection_only,0.25,-0.71994237290914
R_1nBL27EvLs0Bkk4,inference_categories,dailydilemmas,8,projection_alpha,0.5,-0.6921985441640233
R_1nBL27EvLs0Bkk4,inference_categories,dailydilemmas,9,random_projection,0.6666666666666666,-0.6927520359616701
R_1nBL27EvLs0Bkk4,inference_categories,dailydilemmas,9,projection_only,0.5555555555555556,-0.7017650615152183
R_1nBL27EvLs0Bkk4,inference_categories,dailydilemmas,9,projection_alpha,0.5555555555555556,-0.6810706882483009
R_1nBL27EvLs0Bkk4,inference_categories,dailydilemmas,10,random_projection,0.7,-0.6928644970179905
R_1nBL27EvLs0Bkk4,inference_categories,dailydilemmas,10,projection_only,0.5,-0.6787302665181044
R_1nBL27EvLs0Bkk4,inference_categories,dailydilemmas,10,projection_alpha,0.6,-0.6735474967774059
R_1nBL27EvLs0Bkk4,inference_categories,dailydilemmas,11,random_projection,0.7272727272727273,-0.6927287408092432
R_1nBL27EvLs0Bkk4,inference_categories,dailydilemmas,11,projection_only,0.5454545454545454,-0.7072419417334549
R_1nBL27EvLs0Bkk4,inference_categories,dailydilemmas,11,projection_alpha,0.5454545454545454,-0.684766495951315
R_1nBL27EvLs0Bkk4,inference_categories,dailydilemmas,12,random_projection,0.5833333333333334,-0.6930080062535384
R_1nBL27EvLs0Bkk4,inference_categories,dailydilemmas,12,projection_only,0.5833333333333334,-0.6902658467517572
R_1nBL27EvLs0Bkk4,inference_categories,dailydilemmas,12,projection_alpha,0.5833333333333334,-0.6788642331487355
R_1nBL27EvLs0Bkk4,inference_categories,dailydilemmas,13,random_projection,0.38461538461538464,-0.6931672098026682
R_1nBL27EvLs0Bkk4,inference_categories,dailydilemmas,13,projection_only,0.6153846153846154,-0.6879301644241024
R_1nBL27EvLs0Bkk4,inference_categories,dailydilemmas,13,projection_alpha,0.5384615384615384,-0.6777649693076296
R_1nBL27EvLs0Bkk4,inference_categories,dailydilemmas,14,random_projection,0.5,-0.6932802846039203
R_1nBL27EvLs0Bkk4,inference_categories,dailydilemmas,14,projection_only,0.5714285714285714,-0.6848822901384681
R_1nBL27EvLs0Bkk4,inference_categories,dailydilemmas,14,projection_alpha,0.6428571428571429,-0.6794757078459186
R_1nBL27EvLs0Bkk4,inference_categories,dailydilemmas,15,random_projection,0.4666666666666667,-0.6932881232752642
R_1nBL27EvLs0Bkk4,inference_categories,dailydilemmas,15,projection_only,0.5333333333333333,-0.6861201138733493
R_1nBL27EvLs0Bkk4,inference_categories,dailydilemmas,15,projection_alpha,0.5333333333333333,-0.6835730284507822
R_1nBL27EvLs0Bkk4,inference_categories,dailydilemmas,16,random_projection,0.5625,-0.6932288627574418
R_1nBL27EvLs0Bkk4,inference_categories,dailydilemmas,16,projection_only,0.5625,-0.6695622578062741
R_1nBL27EvLs0Bkk4,inference_categories,dailydilemmas,16,projection_alpha,0.5625,-0.6783645661365878
R_1nBL27EvLs0Bkk4,inference_categories,dailydilemmas,17,random_projection,0.47058823529411764,-0.6933209524501045
R_1nBL27EvLs0Bkk4,inference_categories,dailydilemmas,17,projection_only,0.5882352941176471,-0.669667335516219
R_1nBL27EvLs0Bkk4,inference_categories,dailydilemmas,17,projection_alpha,0.5294117647058824,-0.679382669495771
R_1nBL27EvLs0Bkk4,inference_categories,dailydilemmas,18,random_projection,0.5555555555555556,-0.6932738982914093
R_1nBL27EvLs0Bkk4,inference_categories,dailydilemmas,18,projection_only,0.6111111111111112,-0.6653145955965712
R_1nBL27EvLs0Bkk4,inference_categories,dailydilemmas,18,projection_alpha,0.6111111111111112,-0.6787956296787143
R_1nBL27EvLs0Bkk4,inference_categories,dailydilemmas,19,random_projection,0.47368421052631576,-0.6932969487445506
R_1nBL27EvLs0Bkk4,inference_categories,dailydilemmas,19,projection_only,0.631578947368421,-0.6638828490359825
R_1nBL27EvLs0Bkk4,inference_categories,dailydilemmas,19,projection_alpha,0.5263157894736842,-0.6795123628058711
R_1nBL27EvLs0Bkk4,inference_categories,dailydilemmas,20,random_projection,0.55,-0.6932018758032674
R_1nBL27EvLs0Bkk4,inference_categories,dailydilemmas,20,projection_only,0.65,-0.6520042816354634
R_1nBL27EvLs0Bkk4,inference_categories,dailydilemmas,20,projection_alpha,0.55,-0.6755738473216241
R_6FsUQnzEYAQwtwa,inference_categories,dailydilemmas,3,random_projection,0.3333333333333333,-0.6931259462426121
R_6FsUQnzEYAQwtwa,inference_categories,dailydilemmas,3,projection_only,0.6666666666666666,-0.670680888269799
R_6FsUQnzEYAQwtwa,inference_categories,dailydilemmas,3,projection_alpha,0.6666666666666666,-0.6891607571906286
R_6FsUQnzEYAQwtwa,inference_categories,dailydilemmas,4,random_projection,0.25,-0.6932042163108081
R_6FsUQnzEYAQwtwa,inference_categories,dailydilemmas,4,projection_only,0.75,-0.6470700848796571
R_6FsUQnzEYAQwtwa,inference_categories,dailydilemmas,4,projection_alpha,0.75,-0.6846592366181425
R_6FsUQnzEYAQwtwa,inference_categories,dailydilemmas,5,random_projection,0.4,-0.6931940971692067
R_6FsUQnzEYAQwtwa,inference_categories,dailydilemmas,5,projection_only,0.8,-0.6330754421196748
R_6FsUQnzEYAQwtwa,inference_categories,dailydilemmas,5,projection_alpha,0.8,-0.6818645052451389
R_6FsUQnzEYAQwtwa,inference_categories,dailydilemmas,6,random_projection,0.6666666666666666,-0.693097509872809
R_6FsUQnzEYAQwtwa,inference_categories,dailydilemmas,6,projection_only,0.8333333333333334,-0.6370763764405577
R_6FsUQnzEYAQwtwa,inference_categories,dailydilemmas,6,projection_alpha,0.8333333333333334,-0.6824973092635499
R_6FsUQnzEYAQwtwa,inference_categories,dailydilemmas,7,random_projection,0.7142857142857143,-0.692913879702232
R_6FsUQnzEYAQwtwa,inference_categories,dailydilemmas,7,projection_only,0.8571428571428571,-0.6421339591582574
R_6FsUQnzEYAQwtwa,inference_categories,dailydilemmas,7,projection_alpha,0.8571428571428571,-0.683535651022083
R_6FsUQnzEYAQwtwa,inference_categories,dailydilemmas,8,random_projection,0.75,-0.6928192180480857
R_6FsUQnzEYAQwtwa,inference_categories,dailydilemmas,8,projection_only,0.75,-0.6528546340169454
R_6FsUQnzEYAQwtwa,inference_categories,dailydilemmas,8,projection_alpha,0.75,-0.6856701020801073
R_6FsUQnzEYAQwtwa,inference_categories,dailydilemmas,9,random_projection,0.7777777777777778,-0.6927659105837429
R_6FsUQnzEYAQwtwa,inference_categories,dailydilemmas,9,projection_only,0.6666666666666666,-0.6639278997547083
R_6FsUQnzEYAQwtwa,inference_categories,dailydilemmas,9,projection_alpha,0.6666666666666666,-0.6877113692302851
R_6FsUQnzEYAQwtwa,inference_categories,dailydilemmas,10,random_projection,0.7,-0.6928770841667521
R_6FsUQnzEYAQwtwa,inference_categories,dailydilemmas,10,projection_only,0.6,-0.6675456828207028
R_6FsUQnzEYAQwtwa,inference_categories,dailydilemmas,10,projection_alpha,0.6,-0.6884126963142846
R_6FsUQnzEYAQwtwa,inference_categories,dailydilemmas,11,random_projection,0.6363636363636364,-0.6930317040030355
R_6FsUQnzEYAQwtwa,inference_categories,dailydilemmas,11,projection_only,0.6363636363636364,-0.6795276521750879
R_6FsUQnzEYAQwtwa,inference_categories,dailydilemmas,11,projection_alpha,0.5454545454545454,-0.6907811218377813
R_6FsUQnzEYAQwtwa,inference_categories,dailydilemmas,12,random_projection,0.6666666666666666,-0.6929563748917058
R_6FsUQnzEYAQwtwa,inference_categories,dailydilemmas,12,projection_only,0.5,-0.6981968690716248
R_6FsUQnzEYAQwtwa,inference_categories,dailydilemmas,12,projection_alpha,0.5,-0.6940865958207226
R_6FsUQnzEYAQwtwa,inference_categories,dailydilemmas,13,random_projection,0.6923076923076923,-0.6930369265807321
R_6FsUQnzEYAQwtwa,inference_categories,dailydilemmas,13,projection_only,0.5384615384615384,-0.6860135633430393
R_6FsUQnzEYAQwtwa,inference_categories,dailydilemmas,13,projection_alpha,0.5384615384615384,-0.6916253459073803
R_6FsUQnzEYAQwtwa,inference_categories,dailydilemmas,14,random_projection,0.6428571428571429,-0.6930160474900253
R_6FsUQnzEYAQwtwa,inference_categories,dailydilemmas,14,projection_only,0.5,-0.694324339241552
R_6FsUQnzEYAQwtwa,inference_categories,dailydilemmas,14,projection_alpha,0.5,-0.6931698021137539
R_6FsUQnzEYAQwtwa,inference_categories,dailydilemmas,15,random_projection,0.6666666666666666,-0.6928861836815915
R_6FsUQnzEYAQwtwa,inference_categories,dailydilemmas,15,projection_only,0.4666666666666667,-0.6954823133402149
R_6FsUQnzEYAQwtwa,inference_categories,dailydilemmas,15,projection_alpha,0.4666666666666667,-0.693569426646227
R_6FsUQnzEYAQwtwa,inference_categories,dailydilemmas,16,random_projection,0.8125,-0.6928748628481471
R_6FsUQnzEYAQwtwa,inference_categories,dailydilemmas,16,projection_only,0.5,-0.6864752261333256
R_6FsUQnzEYAQwtwa,inference_categories,dailydilemmas,16,projection_alpha,0.5,-0.6916548057775653
R_6FsUQnzEYAQwtwa,inference_categories,dailydilemmas,17,random_projection,0.6470588235294118,-0.6929467362045816
R_6FsUQnzEYAQwtwa,inference_categories,dailydilemmas,17,projection_only,0.47058823529411764,-0.689667743195188
R_6FsUQnzEYAQwtwa,inference_categories,dailydilemmas,17,projection_alpha,0.47058823529411764,-0.692138711112632
R_6FsUQnzEYAQwtwa,inference_categories,dailydilemmas,18,random_projection,0.6666666666666666,-0.6929133811539954
R_6FsUQnzEYAQwtwa,inference_categories,dailydilemmas,18,projection_only,0.5,-0.6836874857356282
R_6FsUQnzEYAQwtwa,inference_categories,dailydilemmas,18,projection_alpha,0.5,-0.6907290991415476
R_6FsUQnzEYAQwtwa,inference_categories,dailydilemmas,19,random_projection,0.6842105263157895,-0.6928935641056126
R_6FsUQnzEYAQwtwa,inference_categories,dailydilemmas,19,projection_only,0.5789473684210527,-0.6720007593799147
R_6FsUQnzEYAQwtwa,inference_categories,dailydilemmas,19,projection_alpha,0.5789473684210527,-0.6878080054832042
R_6FsUQnzEYAQwtwa,inference_categories,dailydilemmas,20,random_projection,0.65,-0.693024702897875
R_6FsUQnzEYAQwtwa,inference_categories,dailydilemmas,20,projection_only,0.6,-0.6734942224310997
R_6FsUQnzEYAQwtwa,inference_categories,dailydilemmas,20,projection_alpha,0.6,-0.6881798262357156
R_5pX1jjp1Yu1RSN7,inference_categories,dailydilemmas,8,random_projection,0.625,-0.6930826862029096
R_5pX1jjp1Yu1RSN7,inference_categories,dailydilemmas,8,projection_only,0.75,-0.6000850608553565
R_5pX1jjp1Yu1RSN7,inference_categories,dailydilemmas,8,projection_alpha,0.75,-0.6433561308907835
R_5pX1jjp1Yu1RSN7,inference_categories,dailydilemmas,9,random_projection,0.4444444444444444,-0.6933006622858979
R_5pX1jjp1Yu1RSN7,inference_categories,dailydilemmas,9,projection_only,0.7777777777777778,-0.6002927071293066
R_5pX1jjp1Yu1RSN7,inference_categories,dailydilemmas,9,projection_alpha,0.7777777777777778,-0.6430794999861372
R_5pX1jjp1Yu1RSN7,inference_categories,dailydilemmas,10,random_projection,0.5,-0.6931908973614777
R_5pX1jjp1Yu1RSN7,inference_categories,dailydilemmas,10,projection_only,0.7,-0.6102293632059388
R_5pX1jjp1Yu1RSN7,inference_categories,dailydilemmas,10,projection_alpha,0.7,-0.6516366891902863
R_5pX1jjp1Yu1RSN7,inference_categories,dailydilemmas,11,random_projection,0.6363636363636364,-0.6931271825126684
R_5pX1jjp1Yu1RSN7,inference_categories,dailydilemmas,11,projection_only,0.7272727272727273,-0.6470027403261157
R_5pX1jjp1Yu1RSN7,inference_categories,dailydilemmas,11,projection_alpha,0.7272727272727273,-0.6600593009556918
R_5pX1jjp1Yu1RSN7,inference_categories,dailydilemmas,12,random_projection,0.6666666666666666,-0.6930776711668866
R_5pX1jjp1Yu1RSN7,inference_categories,dailydilemmas,12,projection_only,0.75,-0.6371225697944819
R_5pX1jjp1Yu1RSN7,inference_categories,dailydilemmas,12,projection_alpha,0.75,-0.6568890653721832
R_5pX1jjp1Yu1RSN7,inference_categories,dailydilemmas,13,random_projection,0.6153846153846154,-0.693110483801668
R_5pX1jjp1Yu1RSN7,inference_categories,dailydilemmas,13,projection_only,0.7692307692307693,-0.6106286764190261
R_5pX1jjp1Yu1RSN7,inference_categories,dailydilemmas,13,projection_alpha,0.7692307692307693,-0.6497604905422645
R_5pX1jjp1Yu1RSN7,inference_categories,dailydilemmas,14,random_projection,0.6428571428571429,-0.6930110077549424
R_5pX1jjp1Yu1RSN7,inference_categories,dailydilemmas,14,projection_only,0.7857142857142857,-0.6006317193117786
R_5pX1jjp1Yu1RSN7,inference_categories,dailydilemmas,14,projection_alpha,0.7857142857142857,-0.6470288163283063
R_5pX1jjp1Yu1RSN7,inference_categories,dailydilemmas,15,random_projection,0.6666666666666666,-0.6928880461902693
R_5pX1jjp1Yu1RSN7,inference_categories,dailydilemmas,15,projection_only,0.8,-0.5626906021338861
R_5pX1jjp1Yu1RSN7,inference_categories,dailydilemmas,15,projection_alpha,0.8,-0.6304636973166288
R_5pX1jjp1Yu1RSN7,inference_categories,dailydilemmas,16,random_projection,0.75,-0.6928360227821744
R_5pX1jjp1Yu1RSN7,inference_categories,dailydilemmas,16,projection_only,0.75,-0.582671304299457
R_5pX1jjp1Yu1RSN7,inference_categories,dailydilemmas,16,projection_alpha,0.75,-0.638914411231529
R_5pX1jjp1Yu1RSN7,inference_categories,dailydilemmas,17,random_projection,0.6470588235294118,-0.6929192775461632
R_5pX1jjp1Yu1RSN7,inference_categories,dailydilemmas,17,projection_only,0.7647058823529411,-0.5712111983441703
R_5pX1jjp1Yu1RSN7,inference_categories,dailydilemmas,17,projection_alpha,0.7647058823529411,-0.6307249342687588
R_5pX1jjp1Yu1RSN7,inference_categories,dailydilemmas,18,random_projection,0.6666666666666666,-0.692867628994071
R_5pX1jjp1Yu1RSN7,inference_categories,dailydilemmas,18,projection_only,0.7222222222222222,-0.5895240999282154
R_5pX1jjp1Yu1RSN7,inference_categories,dailydilemmas,18,projection_alpha,0.7222222222222222,-0.6422013742528779
R_5pX1jjp1Yu1RSN7,inference_categories,dailydilemmas,19,random_projection,0.7368421052631579,-0.6927586761933757
R_5pX1jjp1Yu1RSN7,inference_categories,dailydilemmas,19,projection_only,0.6842105263157895,-0.607468651248983
R_5pX1jjp1Yu1RSN7,inference_categories,dailydilemmas,19,projection_alpha,0.6842105263157895,-0.6504960356411309
R_5pX1jjp1Yu1RSN7,inference_categories,dailydilemmas,20,random_projection,0.7,-0.6928024539846328
R_5pX1jjp1Yu1RSN7,inference_categories,dailydilemmas,20,projection_only,0.65,-0.6194779248869688
R_5pX1jjp1Yu1RSN7,inference_categories,dailydilemmas,20,projection_alpha,0.65,-0.6567291516531193
R_5DY1mtPtJpWz8WC,inference_categories,dailydilemmas,3,random_projection,0.6666666666666666,-0.6930786980627254
R_5DY1mtPtJpWz8WC,inference_categories,dailydilemmas,3,projection_only,0.6666666666666666,-0.636361150129633
R_5DY1mtPtJpWz8WC,inference_categories,dailydilemmas,3,projection_alpha,0.6666666666666666,-0.6823877645389773
R_5DY1mtPtJpWz8WC,inference_categories,dailydilemmas,4,random_projection,0.75,-0.69302956075562
R_5DY1mtPtJpWz8WC,inference_categories,dailydilemmas,4,projection_only,0.75,-0.6440267006819859
R_5DY1mtPtJpWz8WC,inference_categories,dailydilemmas,4,projection_alpha,0.75,-0.6493344438657462
R_5DY1mtPtJpWz8WC,inference_categories,dailydilemmas,5,random_projection,0.8,-0.6928642785383972
R_5DY1mtPtJpWz8WC,inference_categories,dailydilemmas,5,projection_only,0.8,-0.6393358408387714
R_5DY1mtPtJpWz8WC,inference_categories,dailydilemmas,5,projection_alpha,0.8,-0.6534080025438055
R_5DY1mtPtJpWz8WC,inference_categories,dailydilemmas,6,random_projection,0.6666666666666666,-0.692876333991303
R_5DY1mtPtJpWz8WC,inference_categories,dailydilemmas,6,projection_only,0.8333333333333334,-0.5914672202602328
R_5DY1mtPtJpWz8WC,inference_categories,dailydilemmas,6,projection_alpha,0.8333333333333334,-0.6395972630628625
R_5DY1mtPtJpWz8WC,inference_categories,dailydilemmas,7,random_projection,0.8571428571428571,-0.6926065110964422
R_5DY1mtPtJpWz8WC,inference_categories,dailydilemmas,7,projection_only,0.8571428571428571,-0.5495972985236577
R_5DY1mtPtJpWz8WC,inference_categories,dailydilemmas,7,projection_alpha,0.8571428571428571,-0.622009215982927
R_5DY1mtPtJpWz8WC,inference_categories,dailydilemmas,8,random_projection,0.875,-0.6925306808136613
R_5DY1mtPtJpWz8WC,inference_categories,dailydilemmas,8,projection_only,0.875,-0.5659018656544343
R_5DY1mtPtJpWz8WC,inference_categories,dailydilemmas,8,projection_alpha,0.75,-0.6308557560068386
R_5DY1mtPtJpWz8WC,inference_categories,dailydilemmas,9,random_projection,0.8888888888888888,-0.6923473971222593
R_5DY1mtPtJpWz8WC,inference_categories,dailydilemmas,9,projection_only,0.8888888888888888,-0.5283228872702292
R_5DY1mtPtJpWz8WC,inference_categories,dailydilemmas,9,projection_alpha,0.7777777777777778,-0.6158421537249552
R_5DY1mtPtJpWz8WC,inference_categories,dailydilemmas,10,random_projection,0.8,-0.6926738162660511
R_5DY1mtPtJpWz8WC,inference_categories,dailydilemmas,10,projection_only,0.9,-0.5432301124730506
R_5DY1mtPtJpWz8WC,inference_categories,dailydilemmas,10,projection_alpha,0.9,-0.6222081330403689
R_5DY1mtPtJpWz8WC,inference_categories,dailydilemmas,11,random_projection,0.7272727272727273,-0.6926457351078146
R_5DY1mtPtJpWz8WC,inference_categories,dailydilemmas,11,projection_only,0.9090909090909091,-0.5148028416950551
R_5DY1mtPtJpWz8WC,inference_categories,dailydilemmas,11,projection_alpha,0.9090909090909091,-0.6074284228692189
R_5DY1mtPtJpWz8WC,inference_categories,dailydilemmas,12,random_projection,0.75,-0.6926618452081881
R_5DY1mtPtJpWz8WC,inference_categories,dailydilemmas,12,projection_only,0.9166666666666666,-0.5034877081135517
R_5DY1mtPtJpWz8WC,inference_categories,dailydilemmas,12,projection_alpha,0.9166666666666666,-0.6045586356370877
R_5DY1mtPtJpWz8WC,inference_categories,dailydilemmas,13,random_projection,0.9230769230769231,-0.6926401635397794
R_5DY1mtPtJpWz8WC,inference_categories,dailydilemmas,13,projection_only,0.9230769230769231,-0.5232938705614192
R_5DY1mtPtJpWz8WC,inference_categories,dailydilemmas,13,projection_alpha,0.9230769230769231,-0.6112636971909179
R_5DY1mtPtJpWz8WC,inference_categories,dailydilemmas,14,random_projection,0.9285714285714286,-0.6926382542777434
R_5DY1mtPtJpWz8WC,inference_categories,dailydilemmas,14,projection_only,0.9285714285714286,-0.5028657940640653
R_5DY1mtPtJpWz8WC,inference_categories,dailydilemmas,14,projection_alpha,0.9285714285714286,-0.5940864351471247
R_5DY1mtPtJpWz8WC,inference_categories,dailydilemmas,15,random_projection,0.9333333333333333,-0.692663244883423
R_5DY1mtPtJpWz8WC,inference_categories,dailydilemmas,15,projection_only,0.8666666666666667,-0.5250882344447391
R_5DY1mtPtJpWz8WC,inference_categories,dailydilemmas,15,projection_alpha,0.8666666666666667,-0.6043674123631043
R_5DY1mtPtJpWz8WC,inference_categories,dailydilemmas,16,random_projection,0.9375,-0.6925931326753241
R_5DY1mtPtJpWz8WC,inference_categories,dailydilemmas,16,projection_only,0.875,-0.516295255420093
R_5DY1mtPtJpWz8WC,inference_categories,dailydilemmas,16,projection_alpha,0.875,-0.6012352380119168
R_5DY1mtPtJpWz8WC,inference_categories,dailydilemmas,17,random_projection,0.9411764705882353,-0.6925798733839805
R_5DY1mtPtJpWz8WC,inference_categories,dailydilemmas,17,projection_only,0.8823529411764706,-0.5131777916399946
R_5DY1mtPtJpWz8WC,inference_categories,dailydilemmas,17,projection_alpha,0.9411764705882353,-0.6160752392956523
R_5DY1mtPtJpWz8WC,inference_categories,dailydilemmas,18,random_projection,0.9444444444444444,-0.6923627025212845
R_5DY1mtPtJpWz8WC,inference_categories,dailydilemmas,18,projection_only,0.8888888888888888,-0.5063764703195768
R_5DY1mtPtJpWz8WC,inference_categories,dailydilemmas,18,projection_alpha,0.8888888888888888,-0.6149564167912666
R_5DY1mtPtJpWz8WC,inference_categories,dailydilemmas,19,random_projection,0.9473684210526315,-0.6922048957143284
R_5DY1mtPtJpWz8WC,inference_categories,dailydilemmas,19,projection_only,0.8947368421052632,-0.4906731127681936
R_5DY1mtPtJpWz8WC,inference_categories,dailydilemmas,19,projection_alpha,0.8947368421052632,-0.608342598512878
R_5DY1mtPtJpWz8WC,inference_categories,dailydilemmas,20,random_projection,0.95,-0.692191360229245
R_5DY1mtPtJpWz8WC,inference_categories,dailydilemmas,20,projection_only,0.9,-0.4996649416423349
R_5DY1mtPtJpWz8WC,inference_categories,dailydilemmas,20,projection_alpha,0.85,-0.6129816099505341
R_1PN3SGDWOMibPAh,inference_categories,dailydilemmas,3,random_projection,0.0,-0.6932854578587323
R_1PN3SGDWOMibPAh,inference_categories,dailydilemmas,3,projection_only,0.6666666666666666,-0.6635457997127054
R_1PN3SGDWOMibPAh,inference_categories,dailydilemmas,3,projection_alpha,0.6666666666666666,-0.6875684724977277
R_1PN3SGDWOMibPAh,inference_categories,dailydilemmas,4,random_projection,0.25,-0.693104501462333
R_1PN3SGDWOMibPAh,inference_categories,dailydilemmas,4,projection_only,0.75,-0.6376600144670157
R_1PN3SGDWOMibPAh,inference_categories,dailydilemmas,4,projection_alpha,0.75,-0.6822536104362461
R_1PN3SGDWOMibPAh,inference_categories,dailydilemmas,5,random_projection,0.4,-0.6930723351102909
R_1PN3SGDWOMibPAh,inference_categories,dailydilemmas,5,projection_only,0.8,-0.6288708535545332
R_1PN3SGDWOMibPAh,inference_categories,dailydilemmas,5,projection_alpha,0.8,-0.680345380834698
R_1PN3SGDWOMibPAh,inference_categories,dailydilemmas,6,random_projection,0.3333333333333333,-0.6931185150439919
R_1PN3SGDWOMibPAh,inference_categories,dailydilemmas,6,projection_only,0.8333333333333334,-0.6259206044238659
R_1PN3SGDWOMibPAh,inference_categories,dailydilemmas,6,projection_alpha,0.8333333333333334,-0.6795656015975818
R_1PN3SGDWOMibPAh,inference_categories,dailydilemmas,7,random_projection,0.5714285714285714,-0.6930994477768879
R_1PN3SGDWOMibPAh,inference_categories,dailydilemmas,7,projection_only,0.8571428571428571,-0.61792715283484
R_1PN3SGDWOMibPAh,inference_categories,dailydilemmas,7,projection_alpha,0.5714285714285714,-0.6914383983972677
R_1PN3SGDWOMibPAh,inference_categories,dailydilemmas,8,random_projection,0.625,-0.6929612180705579
R_1PN3SGDWOMibPAh,inference_categories,dailydilemmas,8,projection_only,0.875,-0.5920416307102869
R_1PN3SGDWOMibPAh,inference_categories,dailydilemmas,8,projection_alpha,1.0,-0.6866887919694483
R_1PN3SGDWOMibPAh,inference_categories,dailydilemmas,9,random_projection,0.4444444444444444,-0.693137409045916
R_1PN3SGDWOMibPAh,inference_categories,dailydilemmas,9,projection_only,0.8888888888888888,-0.5904838693568243
R_1PN3SGDWOMibPAh,inference_categories,dailydilemmas,9,projection_alpha,0.7777777777777778,-0.6861912305741283
R_1PN3SGDWOMibPAh,inference_categories,dailydilemmas,10,random_projection,0.5,-0.6931610413302025
R_1PN3SGDWOMibPAh,inference_categories,dailydilemmas,10,projection_only,0.8,-0.6048304262846653
R_1PN3SGDWOMibPAh,inference_categories,dailydilemmas,10,projection_alpha,0.8,-0.6874652550167805
R_1PN3SGDWOMibPAh,inference_categories,dailydilemmas,11,random_projection,0.5454545454545454,-0.69310366790504
R_1PN3SGDWOMibPAh,inference_categories,dailydilemmas,11,projection_only,0.8181818181818182,-0.5854221397647331
R_1PN3SGDWOMibPAh,inference_categories,dailydilemmas,11,projection_alpha,0.9090909090909091,-0.6833377674786449
R_1PN3SGDWOMibPAh,inference_categories,dailydilemmas,12,random_projection,0.5,-0.6931179508359095
R_1PN3SGDWOMibPAh,inference_categories,dailydilemmas,12,projection_only,0.8333333333333334,-0.5767840407776316
R_1PN3SGDWOMibPAh,inference_categories,dailydilemmas,12,projection_alpha,0.8333333333333334,-0.6807251947526002
R_1PN3SGDWOMibPAh,inference_categories,dailydilemmas,13,random_projection,0.46153846153846156,-0.693137396211582
R_1PN3SGDWOMibPAh,inference_categories,dailydilemmas,13,projection_only,0.8461538461538461,-0.5764062958709146
R_1PN3SGDWOMibPAh,inference_categories,dailydilemmas,13,projection_alpha,0.8461538461538461,-0.6797525387856431
R_1PN3SGDWOMibPAh,inference_categories,dailydilemmas,14,random_projection,0.5714285714285714,-0.6930072524537252
R_1PN3SGDWOMibPAh,inference_categories,dailydilemmas,14,projection_only,0.8571428571428571,-0.5686369137013749
R_1PN3SGDWOMibPAh,inference_categories,dailydilemmas,14,projection_alpha,0.8571428571428571,-0.67736835950351
R_1PN3SGDWOMibPAh,inference_categories,dailydilemmas,15,random_projection,0.6,-0.6929846693687894
R_1PN3SGDWOMibPAh,inference_categories,dailydilemmas,15,projection_only,0.8,-0.5770089098233553
R_1PN3SGDWOMibPAh,inference_categories,dailydilemmas,15,projection_alpha,0.8,-0.678561680568077
R_1PN3SGDWOMibPAh,inference_categories,dailydilemmas,16,random_projection,0.625,-0.6929922985751675
R_1PN3SGDWOMibPAh,inference_categories,dailydilemmas,16,projection_only,0.75,-0.6362765499818712
R_1PN3SGDWOMibPAh,inference_categories,dailydilemmas,16,projection_alpha,0.8125,-0.6867679058094661
R_1PN3SGDWOMibPAh,inference_categories,dailydilemmas,17,random_projection,0.5294117647058824,-0.6930315322429133
R_1PN3SGDWOMibPAh,inference_categories,dailydilemmas,17,projection_only,0.8235294117647058,-0.6297778992582663
R_1PN3SGDWOMibPAh,inference_categories,dailydilemmas,17,projection_alpha,0.8235294117647058,-0.6847579754849829
R_1PN3SGDWOMibPAh,inference_categories,dailydilemmas,18,random_projection,0.5555555555555556,-0.6930282552871779
R_1PN3SGDWOMibPAh,inference_categories,dailydilemmas,18,projection_only,0.7777777777777778,-0.6383982748761863
R_1PN3SGDWOMibPAh,inference_categories,dailydilemmas,18,projection_alpha,0.8333333333333334,-0.6857168233626122
R_1PN3SGDWOMibPAh,inference_categories,dailydilemmas,19,random_projection,0.5789473684210527,-0.6929901215917716
R_1PN3SGDWOMibPAh,inference_categories,dailydilemmas,19,projection_only,0.7894736842105263,-0.6304458363558204
R_1PN3SGDWOMibPAh,inference_categories,dailydilemmas,19,projection_alpha,0.8421052631578947,-0.684383352245272
R_1PN3SGDWOMibPAh,inference_categories,dailydilemmas,20,random_projection,0.65,-0.6928805501622246
R_1PN3SGDWOMibPAh,inference_categories,dailydilemmas,20,projection_only,0.8,-0.615582089592777
R_1PN3SGDWOMibPAh,inference_categories,dailydilemmas,20,projection_alpha,0.8,-0.6804771658680452
R_3SrBXsc2uYrsSZz,inference_categories,dailydilemmas,3,random_projection,0.6666666666666666,-0.6929777769373823
R_3SrBXsc2uYrsSZz,inference_categories,dailydilemmas,3,projection_only,0.6666666666666666,-0.6254455748548633
R_3SrBXsc2uYrsSZz,inference_categories,dailydilemmas,3,projection_alpha,0.3333333333333333,-0.6974000247219602
R_3SrBXsc2uYrsSZz,inference_categories,dailydilemmas,4,random_projection,0.5,-0.6930344398608177
R_3SrBXsc2uYrsSZz,inference_categories,dailydilemmas,4,projection_only,1.0,-0.5972329964435391
R_3SrBXsc2uYrsSZz,inference_categories,dailydilemmas,4,projection_alpha,0.5,-0.6972312485559836
R_3SrBXsc2uYrsSZz,inference_categories,dailydilemmas,5,random_projection,0.6,-0.6932056129472695
R_3SrBXsc2uYrsSZz,inference_categories,dailydilemmas,5,projection_only,1.0,-0.6122572236059924
R_3SrBXsc2uYrsSZz,inference_categories,dailydilemmas,5,projection_alpha,0.2,-0.7099402519794463
R_3SrBXsc2uYrsSZz,inference_categories,dailydilemmas,6,random_projection,0.5,-0.6931797654685462
R_3SrBXsc2uYrsSZz,inference_categories,dailydilemmas,6,projection_only,1.0,-0.6081332100878502
R_3SrBXsc2uYrsSZz,inference_categories,dailydilemmas,6,projection_alpha,0.3333333333333333,-0.7039150330056593
R_3SrBXsc2uYrsSZz,inference_categories,dailydilemmas,7,random_projection,0.42857142857142855,-0.6932231483746454
R_3SrBXsc2uYrsSZz,inference_categories,dailydilemmas,7,projection_only,1.0,-0.5863461131235864
R_3SrBXsc2uYrsSZz,inference_categories,dailydilemmas,7,projection_alpha,0.2857142857142857,-0.699495811440206
R_3SrBXsc2uYrsSZz,inference_categories,dailydilemmas,8,random_projection,0.5,-0.6931838660269185
R_3SrBXsc2uYrsSZz,inference_categories,dailydilemmas,8,projection_only,1.0,-0.5549086769243345
R_3SrBXsc2uYrsSZz,inference_categories,dailydilemmas,8,projection_alpha,0.75,-0.6926967205012685
R_3SrBXsc2uYrsSZz,inference_categories,dailydilemmas,9,random_projection,0.5555555555555556,-0.6930971860564004
R_3SrBXsc2uYrsSZz,inference_categories,dailydilemmas,9,projection_only,1.0,-0.5170304105696758
R_3SrBXsc2uYrsSZz,inference_categories,dailydilemmas,9,projection_alpha,0.7777777777777778,-0.681392932394585
R_3SrBXsc2uYrsSZz,inference_categories,dailydilemmas,10,random_projection,0.5,-0.6931090537707986
R_3SrBXsc2uYrsSZz,inference_categories,dailydilemmas,10,projection_only,1.0,-0.5013369239281584
R_3SrBXsc2uYrsSZz,inference_categories,dailydilemmas,10,projection_alpha,0.9,-0.6754148772934334
R_3SrBXsc2uYrsSZz,inference_categories,dailydilemmas,11,random_projection,0.6363636363636364,-0.6930848998609176
R_3SrBXsc2uYrsSZz,inference_categories,dailydilemmas,11,projection_only,1.0,-0.5145516136163816
R_3SrBXsc2uYrsSZz,inference_categories,dailydilemmas,11,projection_alpha,0.9090909090909091,-0.6744748821224591
R_3SrBXsc2uYrsSZz,inference_categories,dailydilemmas,12,random_projection,0.6666666666666666,-0.6931175773606327
R_3SrBXsc2uYrsSZz,inference_categories,dailydilemmas,12,projection_only,0.9166666666666666,-0.5739487627919501
R_3SrBXsc2uYrsSZz,inference_categories,dailydilemmas,12,projection_alpha,0.75,-0.6827523825307747
R_3SrBXsc2uYrsSZz,inference_categories,dailydilemmas,13,random_projection,0.46153846153846156,-0.693172817948223
R_3SrBXsc2uYrsSZz,inference_categories,dailydilemmas,13,projection_only,0.9230769230769231,-0.5777429978172586
R_3SrBXsc2uYrsSZz,inference_categories,dailydilemmas,13,projection_alpha,0.7692307692307693,-0.6817364271436392
R_3SrBXsc2uYrsSZz,inference_categories,dailydilemmas,14,random_projection,0.35714285714285715,-0.6931965822785927
R_3SrBXsc2uYrsSZz,inference_categories,dailydilemmas,14,projection_only,0.8571428571428571,-0.5982230249234582
R_3SrBXsc2uYrsSZz,inference_categories,dailydilemmas,14,projection_alpha,0.7142857142857143,-0.6844545401976055
R_3SrBXsc2uYrsSZz,inference_categories,dailydilemmas,15,random_projection,0.26666666666666666,-0.6932687433387488
R_3SrBXsc2uYrsSZz,inference_categories,dailydilemmas,15,projection_only,0.8,-0.6116892162301225
R_3SrBXsc2uYrsSZz,inference_categories,dailydilemmas,15,projection_alpha,0.7333333333333333,-0.6846587232183794
R_3SrBXsc2uYrsSZz,inference_categories,dailydilemmas,16,random_projection,0.3125,-0.6932498608152291
R_3SrBXsc2uYrsSZz,inference_categories,dailydilemmas,16,projection_only,0.8125,-0.5877946924704811
R_3SrBXsc2uYrsSZz,inference_categories,dailydilemmas,16,projection_alpha,0.75,-0.6753099275759831
R_3SrBXsc2uYrsSZz,inference_categories,dailydilemmas,17,random_projection,0.35294117647058826,-0.6932059203338488
R_3SrBXsc2uYrsSZz,inference_categories,dailydilemmas,17,projection_only,0.8235294117647058,-0.5695530673030831
R_3SrBXsc2uYrsSZz,inference_categories,dailydilemmas,17,projection_alpha,0.7647058823529411,-0.6698198678914244
R_3SrBXsc2uYrsSZz,inference_categories,dailydilemmas,18,random_projection,0.16666666666666666,-0.6932571358124024
R_3SrBXsc2uYrsSZz,inference_categories,dailydilemmas,18,projection_only,0.7777777777777778,-0.616149312350527
R_3SrBXsc2uYrsSZz,inference_categories,dailydilemmas,18,projection_alpha,0.7222222222222222,-0.6793585496224774
R_3SrBXsc2uYrsSZz,inference_categories,dailydilemmas,19,random_projection,0.2631578947368421,-0.6932454540715947
R_3SrBXsc2uYrsSZz,inference_categories,dailydilemmas,19,projection_only,0.7368421052631579,-0.6401771654557041
R_3SrBXsc2uYrsSZz,inference_categories,dailydilemmas,19,projection_alpha,0.6842105263157895,-0.684814685544964
R_3SrBXsc2uYrsSZz,inference_categories,dailydilemmas,20,random_projection,0.3,-0.693196116720308
R_3SrBXsc2uYrsSZz,inference_categories,dailydilemmas,20,projection_only,0.75,-0.6397634864881492
R_3SrBXsc2uYrsSZz,inference_categories,dailydilemmas,20,projection_alpha,0.7,-0.6844709468371246
R_7rNeEq8TvAxjqdL,inference_categories,dailydilemmas,3,random_projection,0.6666666666666666,-0.6930108298513628
R_7rNeEq8TvAxjqdL,inference_categories,dailydilemmas,3,projection_only,0.6666666666666666,-0.6166435571184098
R_7rNeEq8TvAxjqdL,inference_categories,dailydilemmas,3,projection_alpha,0.6666666666666666,-0.6601873970453086
R_7rNeEq8TvAxjqdL,inference_categories,dailydilemmas,4,random_projection,0.75,-0.6930463391829049
R_7rNeEq8TvAxjqdL,inference_categories,dailydilemmas,4,projection_only,0.75,-0.5798651950977822
R_7rNeEq8TvAxjqdL,inference_categories,dailydilemmas,4,projection_alpha,0.75,-0.6599165268280407
R_7rNeEq8TvAxjqdL,inference_categories,dailydilemmas,5,random_projection,0.4,-0.693121120094238
R_7rNeEq8TvAxjqdL,inference_categories,dailydilemmas,5,projection_only,0.8,-0.5747599958361144
R_7rNeEq8TvAxjqdL,inference_categories,dailydilemmas,5,projection_alpha,0.8,-0.6539353955023344
R_7rNeEq8TvAxjqdL,inference_categories,dailydilemmas,6,random_projection,0.3333333333333333,-0.6931801747618539
R_7rNeEq8TvAxjqdL,inference_categories,dailydilemmas,6,projection_only,0.8333333333333334,-0.5438079233379078
R_7rNeEq8TvAxjqdL,inference_categories,dailydilemmas,6,projection_alpha,0.8333333333333334,-0.6477079960779449
R_7rNeEq8TvAxjqdL,inference_categories,dailydilemmas,7,random_projection,0.42857142857142855,-0.6934245846381081
R_7rNeEq8TvAxjqdL,inference_categories,dailydilemmas,7,projection_only,0.8571428571428571,-0.5726984899321105
R_7rNeEq8TvAxjqdL,inference_categories,dailydilemmas,7,projection_alpha,0.8571428571428571,-0.6842574804127394
R_7rNeEq8TvAxjqdL,inference_categories,dailydilemmas,8,random_projection,0.375,-0.6933900721216845
R_7rNeEq8TvAxjqdL,inference_categories,dailydilemmas,8,projection_only,0.75,-0.6024734127477912
R_7rNeEq8TvAxjqdL,inference_categories,dailydilemmas,8,projection_alpha,0.75,-0.6897156527917061
R_7rNeEq8TvAxjqdL,inference_categories,dailydilemmas,9,random_projection,0.2222222222222222,-0.6934272380201907
R_7rNeEq8TvAxjqdL,inference_categories,dailydilemmas,9,projection_only,0.7777777777777778,-0.6124179372119616
R_7rNeEq8TvAxjqdL,inference_categories,dailydilemmas,9,projection_alpha,0.7777777777777778,-0.688637404855677
R_7rNeEq8TvAxjqdL,inference_categories,dailydilemmas,10,random_projection,0.3,-0.6934589488692895
R_7rNeEq8TvAxjqdL,inference_categories,dailydilemmas,10,projection_only,0.6,-0.6206790860649898
R_7rNeEq8TvAxjqdL,inference_categories,dailydilemmas,10,projection_alpha,0.8,-0.6890880112203447
R_7rNeEq8TvAxjqdL,inference_categories,dailydilemmas,11,random_projection,0.45454545454545453,-0.6933620211275021
R_7rNeEq8TvAxjqdL,inference_categories,dailydilemmas,11,projection_only,0.6363636363636364,-0.6416726643304999
R_7rNeEq8TvAxjqdL,inference_categories,dailydilemmas,11,projection_alpha,0.5454545454545454,-0.6891508051935418
R_7rNeEq8TvAxjqdL,inference_categories,dailydilemmas,12,random_projection,0.25,-0.6933600515572261
R_7rNeEq8TvAxjqdL,inference_categories,dailydilemmas,12,projection_only,0.5833333333333334,-0.649121871854341
R_7rNeEq8TvAxjqdL,inference_categories,dailydilemmas,12,projection_alpha,0.5833333333333334,-0.6897872770737815
R_7rNeEq8TvAxjqdL,inference_categories,dailydilemmas,13,random_projection,0.5384615384615384,-0.693304804188837
R_7rNeEq8TvAxjqdL,inference_categories,dailydilemmas,13,projection_only,0.6153846153846154,-0.6317652654439609
R_7rNeEq8TvAxjqdL,inference_categories,dailydilemmas,13,projection_alpha,0.8461538461538461,-0.686148104342124
R_7rNeEq8TvAxjqdL,inference_categories,dailydilemmas,14,random_projection,0.35714285714285715,-0.6933596066666229
R_7rNeEq8TvAxjqdL,inference_categories,dailydilemmas,14,projection_only,0.6428571428571429,-0.6240165948122248
R_7rNeEq8TvAxjqdL,inference_categories,dailydilemmas,14,projection_alpha,0.8571428571428571,-0.6848101443558299
R_7rNeEq8TvAxjqdL,inference_categories,dailydilemmas,15,random_projection,0.4666666666666667,-0.6932469966638097
R_7rNeEq8TvAxjqdL,inference_categories,dailydilemmas,15,projection_only,0.6666666666666666,-0.6220774622745002
R_7rNeEq8TvAxjqdL,inference_categories,dailydilemmas,15,projection_alpha,0.8666666666666667,-0.683331100361696
R_7rNeEq8TvAxjqdL,inference_categories,dailydilemmas,16,random_projection,0.375,-0.6933123083389927
R_7rNeEq8TvAxjqdL,inference_categories,dailydilemmas,16,projection_only,0.6875,-0.6111658704542887
R_7rNeEq8TvAxjqdL,inference_categories,dailydilemmas,16,projection_alpha,0.8125,-0.6806779530418146
R_7rNeEq8TvAxjqdL,inference_categories,dailydilemmas,17,random_projection,0.4117647058823529,-0.6932043085552809
R_7rNeEq8TvAxjqdL,inference_categories,dailydilemmas,17,projection_only,0.7058823529411765,-0.58828657321368
R_7rNeEq8TvAxjqdL,inference_categories,dailydilemmas,17,projection_alpha,0.7647058823529411,-0.6765127894382271
R_7rNeEq8TvAxjqdL,inference_categories,dailydilemmas,18,random_projection,0.5,-0.6932581109553717
R_7rNeEq8TvAxjqdL,inference_categories,dailydilemmas,18,projection_only,0.6666666666666666,-0.5956681080114898
R_7rNeEq8TvAxjqdL,inference_categories,dailydilemmas,18,projection_alpha,0.6666666666666666,-0.6802395636697502
R_7rNeEq8TvAxjqdL,inference_categories,dailydilemmas,19,random_projection,0.5263157894736842,-0.6931142111074807
R_7rNeEq8TvAxjqdL,inference_categories,dailydilemmas,19,projection_only,0.7894736842105263,-0.5969856504322084
R_7rNeEq8TvAxjqdL,inference_categories,dailydilemmas,19,projection_alpha,0.631578947368421,-0.6814389767406718
R_7rNeEq8TvAxjqdL,inference_categories,dailydilemmas,20,random_projection,0.7,-0.6929988985236146
R_7rNeEq8TvAxjqdL,inference_categories,dailydilemmas,20,projection_only,0.75,-0.5959849482818029
R_7rNeEq8TvAxjqdL,inference_categories,dailydilemmas,20,projection_alpha,0.65,-0.6805312337870663
R_7QAkOtO6FETwKSv,inference_categories,dailydilemmas,3,random_projection,0.0,-0.6931910170686931
R_7QAkOtO6FETwKSv,inference_categories,dailydilemmas,3,projection_only,0.0,-0.7146346821609343
R_7QAkOtO6FETwKSv,inference_categories,dailydilemmas,3,projection_alpha,0.3333333333333333,-0.7116653169919794
R_7QAkOtO6FETwKSv,inference_categories,dailydilemmas,4,random_projection,0.0,-0.6934537443036844
R_7QAkOtO6FETwKSv,inference_categories,dailydilemmas,4,projection_only,0.0,-0.7183296220690716
R_7QAkOtO6FETwKSv,inference_categories,dailydilemmas,4,projection_alpha,0.5,-0.6757828810057942
R_7QAkOtO6FETwKSv,inference_categories,dailydilemmas,5,random_projection,0.2,-0.6933400364182667
R_7QAkOtO6FETwKSv,inference_categories,dailydilemmas,5,projection_only,0.6,-0.6949592949511614
R_7QAkOtO6FETwKSv,inference_categories,dailydilemmas,5,projection_alpha,0.6,-0.6686378436690431
R_7QAkOtO6FETwKSv,inference_categories,dailydilemmas,6,random_projection,0.3333333333333333,-0.6932259535112847
R_7QAkOtO6FETwKSv,inference_categories,dailydilemmas,6,projection_only,0.6666666666666666,-0.6815182704229997
R_7QAkOtO6FETwKSv,inference_categories,dailydilemmas,6,projection_alpha,0.6666666666666666,-0.663303828379383
R_7QAkOtO6FETwKSv,inference_categories,dailydilemmas,7,random_projection,0.5714285714285714,-0.6930268056082067
R_7QAkOtO6FETwKSv,inference_categories,dailydilemmas,7,projection_only,0.7142857142857143,-0.6690290741852917
R_7QAkOtO6FETwKSv,inference_categories,dailydilemmas,7,projection_alpha,0.7142857142857143,-0.6741219881860311
R_7QAkOtO6FETwKSv,inference_categories,dailydilemmas,8,random_projection,0.5,-0.6929820290555674
R_7QAkOtO6FETwKSv,inference_categories,dailydilemmas,8,projection_only,0.75,-0.643858659117701
R_7QAkOtO6FETwKSv,inference_categories,dailydilemmas,8,projection_alpha,0.75,-0.6654872318843235
R_7QAkOtO6FETwKSv,inference_categories,dailydilemmas,9,random_projection,0.5555555555555556,-0.6929848311701818
R_7QAkOtO6FETwKSv,inference_categories,dailydilemmas,9,projection_only,0.7777777777777778,-0.6249551665623045
R_7QAkOtO6FETwKSv,inference_categories,dailydilemmas,9,projection_alpha,0.7777777777777778,-0.6614930724285779
R_7QAkOtO6FETwKSv,inference_categories,dailydilemmas,10,random_projection,0.5,-0.6930273280719735
R_7QAkOtO6FETwKSv,inference_categories,dailydilemmas,10,projection_only,0.7,-0.6358265165068545
R_7QAkOtO6FETwKSv,inference_categories,dailydilemmas,10,projection_alpha,0.8,-0.6649621615754595
R_7QAkOtO6FETwKSv,inference_categories,dailydilemmas,11,random_projection,0.6363636363636364,-0.6929560802652414
R_7QAkOtO6FETwKSv,inference_categories,dailydilemmas,11,projection_only,0.6363636363636364,-0.6920103264586963
R_7QAkOtO6FETwKSv,inference_categories,dailydilemmas,11,projection_alpha,0.8181818181818182,-0.6830170577127311
R_7QAkOtO6FETwKSv,inference_categories,dailydilemmas,12,random_projection,0.5833333333333334,-0.6930558199922313
R_7QAkOtO6FETwKSv,inference_categories,dailydilemmas,12,projection_only,0.5833333333333334,-0.7143168458754124
R_7QAkOtO6FETwKSv,inference_categories,dailydilemmas,12,projection_alpha,0.6666666666666666,-0.6923737921748024
R_7QAkOtO6FETwKSv,inference_categories,dailydilemmas,13,random_projection,0.6923076923076923,-0.693043365194127
R_7QAkOtO6FETwKSv,inference_categories,dailydilemmas,13,projection_only,0.15384615384615385,-0.725203454840915
R_7QAkOtO6FETwKSv,inference_categories,dailydilemmas,13,projection_alpha,0.6153846153846154,-0.6943605807362865
R_7QAkOtO6FETwKSv,inference_categories,dailydilemmas,14,random_projection,0.6428571428571429,-0.6931265945098565
R_7QAkOtO6FETwKSv,inference_categories,dailydilemmas,14,projection_only,0.5714285714285714,-0.7195517129580127
R_7QAkOtO6FETwKSv,inference_categories,dailydilemmas,14,projection_alpha,0.6428571428571429,-0.6920546043961646
R_7QAkOtO6FETwKSv,inference_categories,dailydilemmas,15,random_projection,0.6,-0.6931672133109148
R_7QAkOtO6FETwKSv,inference_categories,dailydilemmas,15,projection_only,0.2,-0.7171159360364462
R_7QAkOtO6FETwKSv,inference_categories,dailydilemmas,15,projection_alpha,0.6,-0.6933964887744685
R_7QAkOtO6FETwKSv,inference_categories,dailydilemmas,16,random_projection,0.5,-0.69317723901639
R_7QAkOtO6FETwKSv,inference_categories,dailydilemmas,16,projection_only,0.625,-0.7120630818949887
R_7QAkOtO6FETwKSv,inference_categories,dailydilemmas,16,projection_alpha,0.625,-0.6901175042815046
R_7QAkOtO6FETwKSv,inference_categories,dailydilemmas,17,random_projection,0.47058823529411764,-0.6932051473480875
R_7QAkOtO6FETwKSv,inference_categories,dailydilemmas,17,projection_only,0.5294117647058824,-0.717920335148467
R_7QAkOtO6FETwKSv,inference_categories,dailydilemmas,17,projection_alpha,0.5882352941176471,-0.6960524770024614
R_7QAkOtO6FETwKSv,inference_categories,dailydilemmas,18,random_projection,0.5555555555555556,-0.69317384999375
R_7QAkOtO6FETwKSv,inference_categories,dailydilemmas,18,projection_only,0.6111111111111112,-0.711931479178004
R_7QAkOtO6FETwKSv,inference_categories,dailydilemmas,18,projection_alpha,0.6111111111111112,-0.692390321501986
R_7QAkOtO6FETwKSv,inference_categories,dailydilemmas,19,random_projection,0.47368421052631576,-0.6931681428327684
R_7QAkOtO6FETwKSv,inference_categories,dailydilemmas,19,projection_only,0.631578947368421,-0.7060146183868115
R_7QAkOtO6FETwKSv,inference_categories,dailydilemmas,19,projection_alpha,0.631578947368421,-0.6908219141824502
R_7QAkOtO6FETwKSv,inference_categories,dailydilemmas,20,random_projection,0.5,-0.6931711258830011
R_7QAkOtO6FETwKSv,inference_categories,dailydilemmas,20,projection_only,0.55,-0.7068611808951882
R_7QAkOtO6FETwKSv,inference_categories,dailydilemmas,20,projection_alpha,0.6,-0.6911675975882735
R_6gCrJV80LvD23XK,choice_only,dailydilemmas,3,random_projection,0.0,-0.6931684715930663
R_6gCrJV80LvD23XK,choice_only,dailydilemmas,3,projection_only,0.3333333333333333,-0.6993577462686628
R_6gCrJV80LvD23XK,choice_only,dailydilemmas,3,projection_alpha,0.3333333333333333,-0.6942370994708705
R_6gCrJV80LvD23XK,choice_only,dailydilemmas,4,random_projection,0.5,-0.6931003797673239
R_6gCrJV80LvD23XK,choice_only,dailydilemmas,4,projection_only,0.5,-0.6978358700789475
R_6gCrJV80LvD23XK,choice_only,dailydilemmas,4,projection_alpha,0.5,-0.6938975903541739
R_6gCrJV80LvD23XK,choice_only,dailydilemmas,5,random_projection,0.4,-0.693162003856154
R_6gCrJV80LvD23XK,choice_only,dailydilemmas,5,projection_only,0.6,-0.6953977992367191
R_6gCrJV80LvD23XK,choice_only,dailydilemmas,5,projection_alpha,0.6,-0.6934366653450246
R_6gCrJV80LvD23XK,choice_only,dailydilemmas,6,random_projection,0.3333333333333333,-0.6932633357008995
R_6gCrJV80LvD23XK,choice_only,dailydilemmas,6,projection_only,0.8333333333333334,-0.6889777702843635
R_6gCrJV80LvD23XK,choice_only,dailydilemmas,6,projection_alpha,0.8333333333333334,-0.6922865282830167
R_6gCrJV80LvD23XK,choice_only,dailydilemmas,7,random_projection,0.0,-0.6933653042621051
R_6gCrJV80LvD23XK,choice_only,dailydilemmas,7,projection_only,0.5714285714285714,-0.7050758163267888
R_6gCrJV80LvD23XK,choice_only,dailydilemmas,7,projection_alpha,0.5714285714285714,-0.6951738121923297
R_6gCrJV80LvD23XK,choice_only,dailydilemmas,8,random_projection,0.375,-0.6933231294383708
R_6gCrJV80LvD23XK,choice_only,dailydilemmas,8,projection_only,0.5,-0.6940121796968861
R_6gCrJV80LvD23XK,choice_only,dailydilemmas,8,projection_alpha,0.5,-0.6931802396481912
R_6gCrJV80LvD23XK,choice_only,dailydilemmas,9,random_projection,0.3333333333333333,-0.6932474886621403
R_6gCrJV80LvD23XK,choice_only,dailydilemmas,9,projection_only,0.5555555555555556,-0.6997653924278294
R_6gCrJV80LvD23XK,choice_only,dailydilemmas,9,projection_alpha,0.5555555555555556,-0.6942362874414977
R_6gCrJV80LvD23XK,choice_only,dailydilemmas,10,random_projection,0.6,-0.6931879493879004
R_6gCrJV80LvD23XK,choice_only,dailydilemmas,10,projection_only,0.6,-0.6967454489569451
R_6gCrJV80LvD23XK,choice_only,dailydilemmas,10,projection_alpha,0.6,-0.6937021557292989
R_6gCrJV80LvD23XK,choice_only,dailydilemmas,11,random_projection,0.5454545454545454,-0.6931435262618199
R_6gCrJV80LvD23XK,choice_only,dailydilemmas,11,projection_only,0.36363636363636365,-0.7109176684140817
R_6gCrJV80LvD23XK,choice_only,dailydilemmas,11,projection_alpha,0.36363636363636365,-0.6962895109941144
R_6gCrJV80LvD23XK,choice_only,dailydilemmas,12,random_projection,0.5833333333333334,-0.6930504405697052
R_6gCrJV80LvD23XK,choice_only,dailydilemmas,12,projection_only,0.3333333333333333,-0.7125725564983142
R_6gCrJV80LvD23XK,choice_only,dailydilemmas,12,projection_alpha,0.3333333333333333,-0.6966085172475883
R_6gCrJV80LvD23XK,choice_only,dailydilemmas,13,random_projection,0.6153846153846154,-0.693040244997034
R_6gCrJV80LvD23XK,choice_only,dailydilemmas,13,projection_only,0.23076923076923078,-0.7155980232591308
R_6gCrJV80LvD23XK,choice_only,dailydilemmas,13,projection_alpha,0.23076923076923078,-0.697179688766822
R_6gCrJV80LvD23XK,choice_only,dailydilemmas,14,random_projection,0.5,-0.6931642109935118
R_6gCrJV80LvD23XK,choice_only,dailydilemmas,14,projection_only,0.5,-0.7107608338403548
R_6gCrJV80LvD23XK,choice_only,dailydilemmas,14,projection_alpha,0.5,-0.6961773487853685
R_6gCrJV80LvD23XK,choice_only,dailydilemmas,15,random_projection,0.6,-0.6931132100348664
R_6gCrJV80LvD23XK,choice_only,dailydilemmas,15,projection_only,0.5333333333333333,-0.6918418296512385
R_6gCrJV80LvD23XK,choice_only,dailydilemmas,15,projection_alpha,0.5333333333333333,-0.6916487373857186
R_6gCrJV80LvD23XK,choice_only,dailydilemmas,16,random_projection,0.625,-0.6930826374043397
R_6gCrJV80LvD23XK,choice_only,dailydilemmas,16,projection_only,0.625,-0.6833054092481307
R_6gCrJV80LvD23XK,choice_only,dailydilemmas,16,projection_alpha,0.625,-0.689222339705143
R_6gCrJV80LvD23XK,choice_only,dailydilemmas,17,random_projection,0.6470588235294118,-0.6930213627357846
R_6gCrJV80LvD23XK,choice_only,dailydilemmas,17,projection_only,0.6470588235294118,-0.6670499207221008
R_6gCrJV80LvD23XK,choice_only,dailydilemmas,17,projection_alpha,0.6470588235294118,-0.6843719028717965
R_6gCrJV80LvD23XK,choice_only,dailydilemmas,18,random_projection,0.6111111111111112,-0.6930865910485879
R_6gCrJV80LvD23XK,choice_only,dailydilemmas,18,projection_only,0.5555555555555556,-0.6693159531423588
R_6gCrJV80LvD23XK,choice_only,dailydilemmas,18,projection_alpha,0.6111111111111112,-0.684823542997282
R_6gCrJV80LvD23XK,choice_only,dailydilemmas,19,random_projection,0.5263157894736842,-0.693152258350796
R_6gCrJV80LvD23XK,choice_only,dailydilemmas,19,projection_only,0.631578947368421,-0.661901003946511
R_6gCrJV80LvD23XK,choice_only,dailydilemmas,19,projection_alpha,0.631578947368421,-0.6824885001374684
R_6gCrJV80LvD23XK,choice_only,dailydilemmas,20,random_projection,0.55,-0.6930561366836533
R_6gCrJV80LvD23XK,choice_only,dailydilemmas,20,projection_only,0.6,-0.6472995085448001
R_6gCrJV80LvD23XK,choice_only,dailydilemmas,20,projection_alpha,0.65,-0.6776098444657548
R_7SrhV7HvgsG1fvA,choice_only,dailydilemmas,8,random_projection,0.375,-0.6932553518256244
R_7SrhV7HvgsG1fvA,choice_only,dailydilemmas,8,projection_only,0.625,-0.6344539284018221
R_7SrhV7HvgsG1fvA,choice_only,dailydilemmas,8,projection_alpha,0.625,-0.6783388535995718
R_7SrhV7HvgsG1fvA,choice_only,dailydilemmas,9,random_projection,0.0,-0.6935264426855259
R_7SrhV7HvgsG1fvA,choice_only,dailydilemmas,9,projection_only,0.5555555555555556,-0.7229943269232557
R_7SrhV7HvgsG1fvA,choice_only,dailydilemmas,9,projection_alpha,0.5555555555555556,-0.699059987381713
R_7SrhV7HvgsG1fvA,choice_only,dailydilemmas,10,random_projection,0.2,-0.6934699514486523
R_7SrhV7HvgsG1fvA,choice_only,dailydilemmas,10,projection_only,0.6,-0.7106892023180081
R_7SrhV7HvgsG1fvA,choice_only,dailydilemmas,10,projection_alpha,0.6,-0.6962859447371159
R_7SrhV7HvgsG1fvA,choice_only,dailydilemmas,11,random_projection,0.0,-0.6934685083323869
R_7SrhV7HvgsG1fvA,choice_only,dailydilemmas,11,projection_only,0.5454545454545454,-0.7158806873414005
R_7SrhV7HvgsG1fvA,choice_only,dailydilemmas,11,projection_alpha,0.5454545454545454,-0.6977101488925557
R_7SrhV7HvgsG1fvA,choice_only,dailydilemmas,12,random_projection,0.08333333333333333,-0.6934744497381669
R_7SrhV7HvgsG1fvA,choice_only,dailydilemmas,12,projection_only,0.5833333333333334,-0.7109531982319828
R_7SrhV7HvgsG1fvA,choice_only,dailydilemmas,12,projection_alpha,0.5833333333333334,-0.6966031096043602
R_7SrhV7HvgsG1fvA,choice_only,dailydilemmas,13,random_projection,0.0,-0.6935381177381772
R_7SrhV7HvgsG1fvA,choice_only,dailydilemmas,13,projection_only,0.6153846153846154,-0.7023743353806182
R_7SrhV7HvgsG1fvA,choice_only,dailydilemmas,13,projection_alpha,0.6153846153846154,-0.6946254281860313
R_7SrhV7HvgsG1fvA,choice_only,dailydilemmas,14,random_projection,0.14285714285714285,-0.6934896862562139
R_7SrhV7HvgsG1fvA,choice_only,dailydilemmas,14,projection_only,0.5714285714285714,-0.717107353073326
R_7SrhV7HvgsG1fvA,choice_only,dailydilemmas,14,projection_alpha,0.5714285714285714,-0.6979922448869484
R_7SrhV7HvgsG1fvA,choice_only,dailydilemmas,15,random_projection,0.13333333333333333,-0.6935512094963067
R_7SrhV7HvgsG1fvA,choice_only,dailydilemmas,15,projection_only,0.5333333333333333,-0.715518888951208
R_7SrhV7HvgsG1fvA,choice_only,dailydilemmas,15,projection_alpha,0.5333333333333333,-0.6977470242943187
R_7SrhV7HvgsG1fvA,choice_only,dailydilemmas,16,random_projection,0.125,-0.6935407148225061
R_7SrhV7HvgsG1fvA,choice_only,dailydilemmas,16,projection_only,0.625,-0.7013526656444715
R_7SrhV7HvgsG1fvA,choice_only,dailydilemmas,16,projection_alpha,0.625,-0.693850552667018
R_7SrhV7HvgsG1fvA,choice_only,dailydilemmas,17,random_projection,0.29411764705882354,-0.6934510936046744
R_7SrhV7HvgsG1fvA,choice_only,dailydilemmas,17,projection_only,0.6470588235294118,-0.6859581687759096
R_7SrhV7HvgsG1fvA,choice_only,dailydilemmas,17,projection_alpha,0.6470588235294118,-0.6891009452327204
R_7SrhV7HvgsG1fvA,choice_only,dailydilemmas,18,random_projection,0.2777777777777778,-0.69350102285977
R_7SrhV7HvgsG1fvA,choice_only,dailydilemmas,18,projection_only,0.6666666666666666,-0.6822079222579265
R_7SrhV7HvgsG1fvA,choice_only,dailydilemmas,18,projection_alpha,0.6666666666666666,-0.6875559534553077
R_7SrhV7HvgsG1fvA,choice_only,dailydilemmas,19,random_projection,0.2631578947368421,-0.693462668795162
R_7SrhV7HvgsG1fvA,choice_only,dailydilemmas,19,projection_only,0.5789473684210527,-0.694561534233203
R_7SrhV7HvgsG1fvA,choice_only,dailydilemmas,19,projection_alpha,0.5789473684210527,-0.6912000884670932
R_7SrhV7HvgsG1fvA,choice_only,dailydilemmas,20,random_projection,0.2,-0.6934883379612732
R_7SrhV7HvgsG1fvA,choice_only,dailydilemmas,20,projection_only,0.55,-0.6949693856505593
R_7SrhV7HvgsG1fvA,choice_only,dailydilemmas,20,projection_alpha,0.55,-0.6913476584573985
R_5aLcKnMSH0hrVLH,choice_only,dailydilemmas,3,random_projection,1.0,-0.6930314323516376
R_5aLcKnMSH0hrVLH,choice_only,dailydilemmas,3,projection_only,0.6666666666666666,-0.6884003336894035
R_5aLcKnMSH0hrVLH,choice_only,dailydilemmas,3,projection_alpha,0.6666666666666666,-0.6929423292826065
R_5aLcKnMSH0hrVLH,choice_only,dailydilemmas,4,random_projection,1.0,-0.6928855049579392
R_5aLcKnMSH0hrVLH,choice_only,dailydilemmas,4,projection_only,0.5,-0.6759338365806022
R_5aLcKnMSH0hrVLH,choice_only,dailydilemmas,4,projection_alpha,0.5,-0.6902275104355567
R_5aLcKnMSH0hrVLH,choice_only,dailydilemmas,5,random_projection,1.0,-0.6925310124880271
R_5aLcKnMSH0hrVLH,choice_only,dailydilemmas,5,projection_only,0.6,-0.6401964327616616
R_5aLcKnMSH0hrVLH,choice_only,dailydilemmas,5,projection_alpha,0.6,-0.6817905039717214
R_5aLcKnMSH0hrVLH,choice_only,dailydilemmas,6,random_projection,1.0,-0.6923021882377126
R_5aLcKnMSH0hrVLH,choice_only,dailydilemmas,6,projection_only,0.6666666666666666,-0.6123207783569776
R_5aLcKnMSH0hrVLH,choice_only,dailydilemmas,6,projection_alpha,0.6666666666666666,-0.6750633387888761
R_5aLcKnMSH0hrVLH,choice_only,dailydilemmas,7,random_projection,1.0,-0.6920210996042749
R_5aLcKnMSH0hrVLH,choice_only,dailydilemmas,7,projection_only,0.7142857142857143,-0.5971923220338883
R_5aLcKnMSH0hrVLH,choice_only,dailydilemmas,7,projection_alpha,0.7142857142857143,-0.6713532165101607
R_5aLcKnMSH0hrVLH,choice_only,dailydilemmas,8,random_projection,1.0,-0.6919668892350374
R_5aLcKnMSH0hrVLH,choice_only,dailydilemmas,8,projection_only,0.75,-0.5552058296684397
R_5aLcKnMSH0hrVLH,choice_only,dailydilemmas,8,projection_alpha,0.75,-0.6578818257580911
R_5aLcKnMSH0hrVLH,choice_only,dailydilemmas,9,random_projection,1.0,-0.6920244318378265
R_5aLcKnMSH0hrVLH,choice_only,dailydilemmas,9,projection_only,0.7777777777777778,-0.5419961634768835
R_5aLcKnMSH0hrVLH,choice_only,dailydilemmas,9,projection_alpha,0.7777777777777778,-0.6540226569213822
R_5aLcKnMSH0hrVLH,choice_only,dailydilemmas,10,random_projection,1.0,-0.6919869468112393
R_5aLcKnMSH0hrVLH,choice_only,dailydilemmas,10,projection_only,0.7,-0.5723613806116001
R_5aLcKnMSH0hrVLH,choice_only,dailydilemmas,10,projection_alpha,0.7,-0.6623215516574
R_5aLcKnMSH0hrVLH,choice_only,dailydilemmas,11,random_projection,1.0,-0.6920424995177384
R_5aLcKnMSH0hrVLH,choice_only,dailydilemmas,11,projection_only,0.7272727272727273,-0.5655877026708331
R_5aLcKnMSH0hrVLH,choice_only,dailydilemmas,11,projection_alpha,0.7272727272727273,-0.6595124706184193
R_5aLcKnMSH0hrVLH,choice_only,dailydilemmas,12,random_projection,1.0,-0.6918414696642888
R_5aLcKnMSH0hrVLH,choice_only,dailydilemmas,12,projection_only,0.75,-0.5589347987270085
R_5aLcKnMSH0hrVLH,choice_only,dailydilemmas,12,projection_alpha,0.75,-0.6573664370868414
R_5aLcKnMSH0hrVLH,choice_only,dailydilemmas,13,random_projection,0.9230769230769231,-0.6920220239397794
R_5aLcKnMSH0hrVLH,choice_only,dailydilemmas,13,projection_only,0.6923076923076923,-0.5964824028982956
R_5aLcKnMSH0hrVLH,choice_only,dailydilemmas,13,projection_alpha,0.6923076923076923,-0.6671331599977409
R_5aLcKnMSH0hrVLH,choice_only,dailydilemmas,14,random_projection,0.9285714285714286,-0.692031499690842
R_5aLcKnMSH0hrVLH,choice_only,dailydilemmas,14,projection_only,0.6428571428571429,-0.6115288372317845
R_5aLcKnMSH0hrVLH,choice_only,dailydilemmas,14,projection_alpha,0.6428571428571429,-0.6709069228220612
R_5aLcKnMSH0hrVLH,choice_only,dailydilemmas,15,random_projection,0.9333333333333333,-0.6920360634492221
R_5aLcKnMSH0hrVLH,choice_only,dailydilemmas,15,projection_only,0.6666666666666666,-0.6127765573098896
R_5aLcKnMSH0hrVLH,choice_only,dailydilemmas,15,projection_alpha,0.6666666666666666,-0.6714318913238352
R_5aLcKnMSH0hrVLH,choice_only,dailydilemmas,16,random_projection,0.8125,-0.692386024283755
R_5aLcKnMSH0hrVLH,choice_only,dailydilemmas,16,projection_only,0.625,-0.632331881037405
R_5aLcKnMSH0hrVLH,choice_only,dailydilemmas,16,projection_alpha,0.625,-0.6764197120845843
R_5aLcKnMSH0hrVLH,choice_only,dailydilemmas,17,random_projection,0.7647058823529411,-0.6925885381057674
R_5aLcKnMSH0hrVLH,choice_only,dailydilemmas,17,projection_only,0.6470588235294118,-0.6557459947555251
R_5aLcKnMSH0hrVLH,choice_only,dailydilemmas,17,projection_alpha,0.5882352941176471,-0.6831229407068287
R_5aLcKnMSH0hrVLH,choice_only,dailydilemmas,18,random_projection,0.7777777777777778,-0.6925750609356425
R_5aLcKnMSH0hrVLH,choice_only,dailydilemmas,18,projection_only,0.6666666666666666,-0.6426950310121657
R_5aLcKnMSH0hrVLH,choice_only,dailydilemmas,18,projection_alpha,0.6666666666666666,-0.6791754878754248
R_5aLcKnMSH0hrVLH,choice_only,dailydilemmas,19,random_projection,0.7894736842105263,-0.6925899628589725
R_5aLcKnMSH0hrVLH,choice_only,dailydilemmas,19,projection_only,0.631578947368421,-0.6477386911478674
R_5aLcKnMSH0hrVLH,choice_only,dailydilemmas,19,projection_alpha,0.631578947368421,-0.6808479378667374
R_5aLcKnMSH0hrVLH,choice_only,dailydilemmas,20,random_projection,0.7,-0.6926474723014333
R_5aLcKnMSH0hrVLH,choice_only,dailydilemmas,20,projection_only,0.65,-0.6422529428914058
R_5aLcKnMSH0hrVLH,choice_only,dailydilemmas,20,projection_alpha,0.6,-0.678911654398555
R_6E6esO9YjIptSgZ,choice_only,dailydilemmas,3,random_projection,0.0,-0.6933429276012372
R_6E6esO9YjIptSgZ,choice_only,dailydilemmas,3,projection_only,0.3333333333333333,-0.6986575546048445
R_6E6esO9YjIptSgZ,choice_only,dailydilemmas,3,projection_alpha,0.3333333333333333,-0.6940887112375337
R_6E6esO9YjIptSgZ,choice_only,dailydilemmas,4,random_projection,0.25,-0.6932511927506473
R_6E6esO9YjIptSgZ,choice_only,dailydilemmas,4,projection_only,0.0,-0.7046171780134354
R_6E6esO9YjIptSgZ,choice_only,dailydilemmas,4,projection_alpha,0.0,-0.6951406747367286
R_6E6esO9YjIptSgZ,choice_only,dailydilemmas,5,random_projection,0.6,-0.6931063764200303
R_6E6esO9YjIptSgZ,choice_only,dailydilemmas,5,projection_only,0.0,-0.7168245864588012
R_6E6esO9YjIptSgZ,choice_only,dailydilemmas,5,projection_alpha,0.0,-0.6971864341905795
R_6E6esO9YjIptSgZ,choice_only,dailydilemmas,6,random_projection,0.5,-0.6930839526963424
R_6E6esO9YjIptSgZ,choice_only,dailydilemmas,6,projection_only,0.0,-0.7147977581976958
R_6E6esO9YjIptSgZ,choice_only,dailydilemmas,6,projection_alpha,0.0,-0.6968443776259385
R_6E6esO9YjIptSgZ,choice_only,dailydilemmas,7,random_projection,0.5714285714285714,-0.6931079564148842
R_6E6esO9YjIptSgZ,choice_only,dailydilemmas,7,projection_only,0.0,-0.7138669395215151
R_6E6esO9YjIptSgZ,choice_only,dailydilemmas,7,projection_alpha,0.0,-0.6966871581275448
R_6E6esO9YjIptSgZ,choice_only,dailydilemmas,8,random_projection,0.5,-0.6930514195563894
R_6E6esO9YjIptSgZ,choice_only,dailydilemmas,8,projection_only,0.25,-0.704227688011223
R_6E6esO9YjIptSgZ,choice_only,dailydilemmas,8,projection_alpha,0.25,-0.6950079341432587
R_6E6esO9YjIptSgZ,choice_only,dailydilemmas,9,random_projection,0.4444444444444444,-0.6930845717352978
R_6E6esO9YjIptSgZ,choice_only,dailydilemmas,9,projection_only,0.5555555555555556,-0.686192454072031
R_6E6esO9YjIptSgZ,choice_only,dailydilemmas,9,projection_alpha,0.5555555555555556,-0.6914929157335821
R_6E6esO9YjIptSgZ,choice_only,dailydilemmas,10,random_projection,0.5,-0.6930927067107653
R_6E6esO9YjIptSgZ,choice_only,dailydilemmas,10,projection_only,0.6,-0.6771089394536469
R_6E6esO9YjIptSgZ,choice_only,dailydilemmas,10,projection_alpha,0.6,-0.6896011046095125
R_6E6esO9YjIptSgZ,choice_only,dailydilemmas,11,random_projection,0.45454545454545453,-0.6931756765941461
R_6E6esO9YjIptSgZ,choice_only,dailydilemmas,11,projection_only,0.7272727272727273,-0.6802334604918621
R_6E6esO9YjIptSgZ,choice_only,dailydilemmas,11,projection_alpha,0.7272727272727273,-0.6897636583661207
R_6E6esO9YjIptSgZ,choice_only,dailydilemmas,12,random_projection,0.4166666666666667,-0.6930650483372913
R_6E6esO9YjIptSgZ,choice_only,dailydilemmas,12,projection_only,0.6666666666666666,-0.6759734975378716
R_6E6esO9YjIptSgZ,choice_only,dailydilemmas,12,projection_alpha,0.6666666666666666,-0.6888576497506403
R_6E6esO9YjIptSgZ,choice_only,dailydilemmas,13,random_projection,0.5384615384615384,-0.693056915206954
R_6E6esO9YjIptSgZ,choice_only,dailydilemmas,13,projection_only,0.7692307692307693,-0.6628164719103855
R_6E6esO9YjIptSgZ,choice_only,dailydilemmas,13,projection_alpha,0.7692307692307693,-0.6858359793341441
R_6E6esO9YjIptSgZ,choice_only,dailydilemmas,14,random_projection,0.5,-0.693161292741354
R_6E6esO9YjIptSgZ,choice_only,dailydilemmas,14,projection_only,0.7857142857142857,-0.6426864596352927
R_6E6esO9YjIptSgZ,choice_only,dailydilemmas,14,projection_alpha,0.7857142857142857,-0.6806666232557442
R_6E6esO9YjIptSgZ,choice_only,dailydilemmas,15,random_projection,0.4666666666666667,-0.6932096104623979
R_6E6esO9YjIptSgZ,choice_only,dailydilemmas,15,projection_only,0.7333333333333333,-0.6525353652557053
R_6E6esO9YjIptSgZ,choice_only,dailydilemmas,15,projection_alpha,0.7333333333333333,-0.6829867775492352
R_6E6esO9YjIptSgZ,choice_only,dailydilemmas,16,random_projection,0.4375,-0.6932897798954695
R_6E6esO9YjIptSgZ,choice_only,dailydilemmas,16,projection_only,0.75,-0.6431383273747155
R_6E6esO9YjIptSgZ,choice_only,dailydilemmas,16,projection_alpha,0.75,-0.6806395614012688
R_6E6esO9YjIptSgZ,choice_only,dailydilemmas,17,random_projection,0.47058823529411764,-0.6932770642716872
R_6E6esO9YjIptSgZ,choice_only,dailydilemmas,17,projection_only,0.7058823529411765,-0.6476369469759156
R_6E6esO9YjIptSgZ,choice_only,dailydilemmas,17,projection_alpha,0.7058823529411765,-0.681787687755981
R_6E6esO9YjIptSgZ,choice_only,dailydilemmas,18,random_projection,0.3333333333333333,-0.6933744429555662
R_6E6esO9YjIptSgZ,choice_only,dailydilemmas,18,projection_only,0.6111111111111112,-0.6646787519012727
R_6E6esO9YjIptSgZ,choice_only,dailydilemmas,18,projection_alpha,0.6111111111111112,-0.685754542798231
R_6E6esO9YjIptSgZ,choice_only,dailydilemmas,19,random_projection,0.42105263157894735,-0.6933457625038378
R_6E6esO9YjIptSgZ,choice_only,dailydilemmas,19,projection_only,0.6842105263157895,-0.6636341458341695
R_6E6esO9YjIptSgZ,choice_only,dailydilemmas,19,projection_alpha,0.6842105263157895,-0.6852130802833186
R_6E6esO9YjIptSgZ,choice_only,dailydilemmas,20,random_projection,0.5,-0.6933871388246383
R_6E6esO9YjIptSgZ,choice_only,dailydilemmas,20,projection_only,0.6,-0.6662813081341945
R_6E6esO9YjIptSgZ,choice_only,dailydilemmas,20,projection_alpha,0.65,-0.6859590972574471
R_1MCxQvFXsgFj9AZ,choice_only,dailydilemmas,4,random_projection,0.5,-0.6931271308968836
R_1MCxQvFXsgFj9AZ,choice_only,dailydilemmas,4,projection_only,0.5,-0.6794564955823128
R_1MCxQvFXsgFj9AZ,choice_only,dailydilemmas,4,projection_alpha,0.5,-0.6907182304968571
R_1MCxQvFXsgFj9AZ,choice_only,dailydilemmas,5,random_projection,0.4,-0.6934089262459272
R_1MCxQvFXsgFj9AZ,choice_only,dailydilemmas,5,projection_only,1.0,-0.6425292691974847
R_1MCxQvFXsgFj9AZ,choice_only,dailydilemmas,5,projection_alpha,1.0,-0.6835214590926716
R_1MCxQvFXsgFj9AZ,choice_only,dailydilemmas,6,random_projection,0.5,-0.6932505858253707
R_1MCxQvFXsgFj9AZ,choice_only,dailydilemmas,6,projection_only,1.0,-0.6248928565448587
R_1MCxQvFXsgFj9AZ,choice_only,dailydilemmas,6,projection_alpha,1.0,-0.6798644375577273
R_1MCxQvFXsgFj9AZ,choice_only,dailydilemmas,7,random_projection,0.2857142857142857,-0.6933494953856268
R_1MCxQvFXsgFj9AZ,choice_only,dailydilemmas,7,projection_only,1.0,-0.6325941523212426
R_1MCxQvFXsgFj9AZ,choice_only,dailydilemmas,7,projection_alpha,1.0,-0.6813506524579085
R_1MCxQvFXsgFj9AZ,choice_only,dailydilemmas,8,random_projection,0.5,-0.6931998669184034
R_1MCxQvFXsgFj9AZ,choice_only,dailydilemmas,8,projection_only,1.0,-0.6065801680609582
R_1MCxQvFXsgFj9AZ,choice_only,dailydilemmas,8,projection_alpha,1.0,-0.6754786239341588
R_1MCxQvFXsgFj9AZ,choice_only,dailydilemmas,9,random_projection,0.5555555555555556,-0.6931533444304168
R_1MCxQvFXsgFj9AZ,choice_only,dailydilemmas,9,projection_only,0.7777777777777778,-0.6718693085508822
R_1MCxQvFXsgFj9AZ,choice_only,dailydilemmas,9,projection_alpha,0.7777777777777778,-0.6878318981028264
R_1MCxQvFXsgFj9AZ,choice_only,dailydilemmas,10,random_projection,0.4,-0.6932582665388463
R_1MCxQvFXsgFj9AZ,choice_only,dailydilemmas,10,projection_only,0.7,-0.6837157867082085
R_1MCxQvFXsgFj9AZ,choice_only,dailydilemmas,10,projection_alpha,0.7,-0.690317178449025
R_1MCxQvFXsgFj9AZ,choice_only,dailydilemmas,11,random_projection,0.2727272727272727,-0.6934416647767943
R_1MCxQvFXsgFj9AZ,choice_only,dailydilemmas,11,projection_only,0.7272727272727273,-0.6756226920383669
R_1MCxQvFXsgFj9AZ,choice_only,dailydilemmas,11,projection_alpha,0.7272727272727273,-0.6885318225064122
R_1MCxQvFXsgFj9AZ,choice_only,dailydilemmas,12,random_projection,0.3333333333333333,-0.6934036648012373
R_1MCxQvFXsgFj9AZ,choice_only,dailydilemmas,12,projection_only,0.6666666666666666,-0.6719067938760093
R_1MCxQvFXsgFj9AZ,choice_only,dailydilemmas,12,projection_alpha,0.75,-0.687695979748406
R_1MCxQvFXsgFj9AZ,choice_only,dailydilemmas,13,random_projection,0.3076923076923077,-0.6933903418471749
R_1MCxQvFXsgFj9AZ,choice_only,dailydilemmas,13,projection_only,0.6923076923076923,-0.7004030983611986
R_1MCxQvFXsgFj9AZ,choice_only,dailydilemmas,13,projection_alpha,0.6923076923076923,-0.6938140894230416
R_1MCxQvFXsgFj9AZ,choice_only,dailydilemmas,14,random_projection,0.42857142857142855,-0.6933435359530592
R_1MCxQvFXsgFj9AZ,choice_only,dailydilemmas,14,projection_only,0.5714285714285714,-0.7026167113187085
R_1MCxQvFXsgFj9AZ,choice_only,dailydilemmas,14,projection_alpha,0.6428571428571429,-0.6943556902373235
R_1MCxQvFXsgFj9AZ,choice_only,dailydilemmas,15,random_projection,0.5333333333333333,-0.6932774450254676
R_1MCxQvFXsgFj9AZ,choice_only,dailydilemmas,15,projection_only,0.6,-0.70158839775988
R_1MCxQvFXsgFj9AZ,choice_only,dailydilemmas,15,projection_alpha,0.6,-0.6941502557882374
R_1MCxQvFXsgFj9AZ,choice_only,dailydilemmas,16,random_projection,0.375,-0.6933819569863513
R_1MCxQvFXsgFj9AZ,choice_only,dailydilemmas,16,projection_only,0.5625,-0.7032651214673393
R_1MCxQvFXsgFj9AZ,choice_only,dailydilemmas,16,projection_alpha,0.5625,-0.6946041769610615
R_1MCxQvFXsgFj9AZ,choice_only,dailydilemmas,17,random_projection,0.29411764705882354,-0.6934866685930389
R_1MCxQvFXsgFj9AZ,choice_only,dailydilemmas,17,projection_only,0.47058823529411764,-0.7045375578401682
R_1MCxQvFXsgFj9AZ,choice_only,dailydilemmas,17,projection_alpha,0.5294117647058824,-0.6951116821687197
R_1MCxQvFXsgFj9AZ,choice_only,dailydilemmas,18,random_projection,0.2777777777777778,-0.6934778853485664
R_1MCxQvFXsgFj9AZ,choice_only,dailydilemmas,18,projection_only,0.5,-0.7035953816919347
R_1MCxQvFXsgFj9AZ,choice_only,dailydilemmas,18,projection_alpha,0.5,-0.6949348414608885
R_1MCxQvFXsgFj9AZ,choice_only,dailydilemmas,19,random_projection,0.2631578947368421,-0.6934458849658918
R_1MCxQvFXsgFj9AZ,choice_only,dailydilemmas,19,projection_only,0.5789473684210527,-0.6987519406101029
R_1MCxQvFXsgFj9AZ,choice_only,dailydilemmas,19,projection_alpha,0.5789473684210527,-0.6937509575163983
R_1MCxQvFXsgFj9AZ,choice_only,dailydilemmas,20,random_projection,0.35,-0.6933920759756049
R_1MCxQvFXsgFj9AZ,choice_only,dailydilemmas,20,projection_only,0.55,-0.696722682816365
R_1MCxQvFXsgFj9AZ,choice_only,dailydilemmas,20,projection_alpha,0.6,-0.693382088767951
R_3JfmC4gRU1JpbNv,choice_only,dailydilemmas,3,random_projection,0.6666666666666666,-0.6932373496310147
R_3JfmC4gRU1JpbNv,choice_only,dailydilemmas,3,projection_only,0.3333333333333333,-0.712855832505564
R_3JfmC4gRU1JpbNv,choice_only,dailydilemmas,3,projection_alpha,0.3333333333333333,-0.696852280606687
R_3JfmC4gRU1JpbNv,choice_only,dailydilemmas,4,random_projection,0.25,-0.6932874357381364
R_3JfmC4gRU1JpbNv,choice_only,dailydilemmas,4,projection_only,0.5,-0.714031017121493
R_3JfmC4gRU1JpbNv,choice_only,dailydilemmas,4,projection_alpha,0.5,-0.6971638836452501
R_3JfmC4gRU1JpbNv,choice_only,dailydilemmas,5,random_projection,0.6,-0.6932232612438913
R_3JfmC4gRU1JpbNv,choice_only,dailydilemmas,5,projection_only,0.2,-0.733143675260697
R_3JfmC4gRU1JpbNv,choice_only,dailydilemmas,5,projection_alpha,0.2,-0.700805717781272
R_3JfmC4gRU1JpbNv,choice_only,dailydilemmas,6,random_projection,0.6666666666666666,-0.6930226771840206
R_3JfmC4gRU1JpbNv,choice_only,dailydilemmas,6,projection_only,0.6666666666666666,-0.7105559126516275
R_3JfmC4gRU1JpbNv,choice_only,dailydilemmas,6,projection_alpha,0.6666666666666666,-0.6962513135366688
R_3JfmC4gRU1JpbNv,choice_only,dailydilemmas,7,random_projection,0.8571428571428571,-0.6927480279252768
R_3JfmC4gRU1JpbNv,choice_only,dailydilemmas,7,projection_only,0.7142857142857143,-0.6813530406360108
R_3JfmC4gRU1JpbNv,choice_only,dailydilemmas,7,projection_alpha,0.7142857142857143,-0.6895891487179358
R_3JfmC4gRU1JpbNv,choice_only,dailydilemmas,8,random_projection,0.75,-0.6925144099591907
R_3JfmC4gRU1JpbNv,choice_only,dailydilemmas,8,projection_only,0.75,-0.6506651430948522
R_3JfmC4gRU1JpbNv,choice_only,dailydilemmas,8,projection_alpha,0.75,-0.6812733675474929
R_3JfmC4gRU1JpbNv,choice_only,dailydilemmas,9,random_projection,0.7777777777777778,-0.6927104554696013
R_3JfmC4gRU1JpbNv,choice_only,dailydilemmas,9,projection_only,0.6666666666666666,-0.6782868433559166
R_3JfmC4gRU1JpbNv,choice_only,dailydilemmas,9,projection_alpha,0.6666666666666666,-0.6888435886250243
R_3JfmC4gRU1JpbNv,choice_only,dailydilemmas,10,random_projection,0.7,-0.6928252080303599
R_3JfmC4gRU1JpbNv,choice_only,dailydilemmas,10,projection_only,0.7,-0.6585283089278164
R_3JfmC4gRU1JpbNv,choice_only,dailydilemmas,10,projection_alpha,0.7,-0.6829080915542719
R_3JfmC4gRU1JpbNv,choice_only,dailydilemmas,11,random_projection,0.7272727272727273,-0.692845194727388
R_3JfmC4gRU1JpbNv,choice_only,dailydilemmas,11,projection_only,0.7272727272727273,-0.6477702337576595
R_3JfmC4gRU1JpbNv,choice_only,dailydilemmas,11,projection_alpha,0.7272727272727273,-0.6796365000160227
R_3JfmC4gRU1JpbNv,choice_only,dailydilemmas,12,random_projection,0.8333333333333334,-0.6923906241871182
R_3JfmC4gRU1JpbNv,choice_only,dailydilemmas,12,projection_only,0.75,-0.6041379411623726
R_3JfmC4gRU1JpbNv,choice_only,dailydilemmas,12,projection_alpha,0.75,-0.6635106855789955
R_3JfmC4gRU1JpbNv,choice_only,dailydilemmas,13,random_projection,0.7692307692307693,-0.6923891706793265
R_3JfmC4gRU1JpbNv,choice_only,dailydilemmas,13,projection_only,0.7692307692307693,-0.5938376629450409
R_3JfmC4gRU1JpbNv,choice_only,dailydilemmas,13,projection_alpha,0.7692307692307693,-0.6595955518234357
R_3JfmC4gRU1JpbNv,choice_only,dailydilemmas,14,random_projection,0.6428571428571429,-0.6926991518545563
R_3JfmC4gRU1JpbNv,choice_only,dailydilemmas,14,projection_only,0.7142857142857143,-0.6190815470298058
R_3JfmC4gRU1JpbNv,choice_only,dailydilemmas,14,projection_alpha,0.7142857142857143,-0.6678087447629784
R_3JfmC4gRU1JpbNv,choice_only,dailydilemmas,15,random_projection,0.6666666666666666,-0.6927623664208403
R_3JfmC4gRU1JpbNv,choice_only,dailydilemmas,15,projection_only,0.7333333333333333,-0.6048729300093059
R_3JfmC4gRU1JpbNv,choice_only,dailydilemmas,15,projection_alpha,0.7333333333333333,-0.6624275174731419
R_3JfmC4gRU1JpbNv,choice_only,dailydilemmas,16,random_projection,0.5,-0.6928120830927791
R_3JfmC4gRU1JpbNv,choice_only,dailydilemmas,16,projection_only,0.75,-0.6098956104484645
R_3JfmC4gRU1JpbNv,choice_only,dailydilemmas,16,projection_alpha,0.75,-0.6642068186171896
R_3JfmC4gRU1JpbNv,choice_only,dailydilemmas,17,random_projection,0.5882352941176471,-0.6928023462286969
R_3JfmC4gRU1JpbNv,choice_only,dailydilemmas,17,projection_only,0.7058823529411765,-0.6336752787057441
R_3JfmC4gRU1JpbNv,choice_only,dailydilemmas,17,projection_alpha,0.7058823529411765,-0.6721194959691004
R_3JfmC4gRU1JpbNv,choice_only,dailydilemmas,18,random_projection,0.6666666666666666,-0.6927408561782714
R_3JfmC4gRU1JpbNv,choice_only,dailydilemmas,18,projection_only,0.7222222222222222,-0.6267929443367057
R_3JfmC4gRU1JpbNv,choice_only,dailydilemmas,18,projection_alpha,0.7222222222222222,-0.6699449493155079
R_3JfmC4gRU1JpbNv,choice_only,dailydilemmas,19,random_projection,0.5263157894736842,-0.6929486006369353
R_3JfmC4gRU1JpbNv,choice_only,dailydilemmas,19,projection_only,0.631578947368421,-0.65073138624775
R_3JfmC4gRU1JpbNv,choice_only,dailydilemmas,19,projection_alpha,0.6842105263157895,-0.6788144164493677
R_3JfmC4gRU1JpbNv,choice_only,dailydilemmas,20,random_projection,0.55,-0.6929405956716465
R_3JfmC4gRU1JpbNv,choice_only,dailydilemmas,20,projection_only,0.7,-0.6469645489638998
R_3JfmC4gRU1JpbNv,choice_only,dailydilemmas,20,projection_alpha,0.7,-0.6786519466664239
R_7QGHM1iZnW1jfRx,choice_only,dailydilemmas,3,random_projection,1.0,-0.6929253963021437
R_7QGHM1iZnW1jfRx,choice_only,dailydilemmas,3,projection_only,0.6666666666666666,-0.7198929713643087
R_7QGHM1iZnW1jfRx,choice_only,dailydilemmas,3,projection_alpha,0.6666666666666666,-0.6983708211047656
R_7QGHM1iZnW1jfRx,choice_only,dailydilemmas,4,random_projection,0.75,-0.6929680655121767
R_7QGHM1iZnW1jfRx,choice_only,dailydilemmas,4,projection_only,0.5,-0.7237259013869007
R_7QGHM1iZnW1jfRx,choice_only,dailydilemmas,4,projection_alpha,0.5,-0.6990828034907657
R_7QGHM1iZnW1jfRx,choice_only,dailydilemmas,5,random_projection,0.4,-0.6931277528138378
R_7QGHM1iZnW1jfRx,choice_only,dailydilemmas,5,projection_only,0.8,-0.670510985230969
R_7QGHM1iZnW1jfRx,choice_only,dailydilemmas,5,projection_alpha,0.8,-0.688227176559243
R_7QGHM1iZnW1jfRx,choice_only,dailydilemmas,6,random_projection,0.3333333333333333,-0.6933802891056621
R_7QGHM1iZnW1jfRx,choice_only,dailydilemmas,6,projection_only,0.6666666666666666,-0.7064258566008036
R_7QGHM1iZnW1jfRx,choice_only,dailydilemmas,6,projection_alpha,0.6666666666666666,-0.6965440726484499
R_7QGHM1iZnW1jfRx,choice_only,dailydilemmas,7,random_projection,0.5714285714285714,-0.6928288401013425
R_7QGHM1iZnW1jfRx,choice_only,dailydilemmas,7,projection_only,0.7142857142857143,-0.6801635591411762
R_7QGHM1iZnW1jfRx,choice_only,dailydilemmas,7,projection_alpha,0.7142857142857143,-0.6904655120910528
R_7QGHM1iZnW1jfRx,choice_only,dailydilemmas,8,random_projection,0.625,-0.6926347306228171
R_7QGHM1iZnW1jfRx,choice_only,dailydilemmas,8,projection_only,0.75,-0.6599655208957493
R_7QGHM1iZnW1jfRx,choice_only,dailydilemmas,8,projection_alpha,0.75,-0.6852402781913155
R_7QGHM1iZnW1jfRx,choice_only,dailydilemmas,9,random_projection,0.5555555555555556,-0.692707298853372
R_7QGHM1iZnW1jfRx,choice_only,dailydilemmas,9,projection_only,0.6666666666666666,-0.6800040264877651
R_7QGHM1iZnW1jfRx,choice_only,dailydilemmas,9,projection_alpha,0.6666666666666666,-0.6908166408146247
R_7QGHM1iZnW1jfRx,choice_only,dailydilemmas,10,random_projection,0.6,-0.6930225924372145
R_7QGHM1iZnW1jfRx,choice_only,dailydilemmas,10,projection_only,0.5,-0.708356138612724
R_7QGHM1iZnW1jfRx,choice_only,dailydilemmas,10,projection_alpha,0.5,-0.6978515141636311
R_7QGHM1iZnW1jfRx,choice_only,dailydilemmas,11,random_projection,0.5454545454545454,-0.6929833825840922
R_7QGHM1iZnW1jfRx,choice_only,dailydilemmas,11,projection_only,0.6363636363636364,-0.6977127266319049
R_7QGHM1iZnW1jfRx,choice_only,dailydilemmas,11,projection_alpha,0.6363636363636364,-0.694437468836653
R_7QGHM1iZnW1jfRx,choice_only,dailydilemmas,12,random_projection,0.6666666666666666,-0.6928045995595832
R_7QGHM1iZnW1jfRx,choice_only,dailydilemmas,12,projection_only,0.6666666666666666,-0.6842831978946657
R_7QGHM1iZnW1jfRx,choice_only,dailydilemmas,12,projection_alpha,0.6666666666666666,-0.6914677482219203
R_7QGHM1iZnW1jfRx,choice_only,dailydilemmas,13,random_projection,0.5384615384615384,-0.6928626664913359
R_7QGHM1iZnW1jfRx,choice_only,dailydilemmas,13,projection_only,0.6923076923076923,-0.6759405689782232
R_7QGHM1iZnW1jfRx,choice_only,dailydilemmas,13,projection_alpha,0.6923076923076923,-0.6890514127782232
R_7QGHM1iZnW1jfRx,choice_only,dailydilemmas,14,random_projection,0.5714285714285714,-0.692795478096715
R_7QGHM1iZnW1jfRx,choice_only,dailydilemmas,14,projection_only,0.7142857142857143,-0.6746910950042946
R_7QGHM1iZnW1jfRx,choice_only,dailydilemmas,14,projection_alpha,0.7142857142857143,-0.6884866459197492
R_7QGHM1iZnW1jfRx,choice_only,dailydilemmas,15,random_projection,0.6,-0.6927942550809459
R_7QGHM1iZnW1jfRx,choice_only,dailydilemmas,15,projection_only,0.6666666666666666,-0.6785332123514315
R_7QGHM1iZnW1jfRx,choice_only,dailydilemmas,15,projection_alpha,0.6666666666666666,-0.690517696961486
R_7QGHM1iZnW1jfRx,choice_only,dailydilemmas,16,random_projection,0.5625,-0.6928498923149294
R_7QGHM1iZnW1jfRx,choice_only,dailydilemmas,16,projection_only,0.5,-0.6938841688965437
R_7QGHM1iZnW1jfRx,choice_only,dailydilemmas,16,projection_alpha,0.625,-0.6949452287068727
R_7QGHM1iZnW1jfRx,choice_only,dailydilemmas,17,random_projection,0.5882352941176471,-0.6929189523104592
R_7QGHM1iZnW1jfRx,choice_only,dailydilemmas,17,projection_only,0.47058823529411764,-0.7031381784782859
R_7QGHM1iZnW1jfRx,choice_only,dailydilemmas,17,projection_alpha,0.5294117647058824,-0.6968166074542653
R_7QGHM1iZnW1jfRx,choice_only,dailydilemmas,18,random_projection,0.5555555555555556,-0.6928995412825865
R_7QGHM1iZnW1jfRx,choice_only,dailydilemmas,18,projection_only,0.5,-0.6964387846761902
R_7QGHM1iZnW1jfRx,choice_only,dailydilemmas,18,projection_alpha,0.6111111111111112,-0.6952121178891066
R_7QGHM1iZnW1jfRx,choice_only,dailydilemmas,19,random_projection,0.631578947368421,-0.6928880577025442
R_7QGHM1iZnW1jfRx,choice_only,dailydilemmas,19,projection_only,0.5263157894736842,-0.7040864133071985
R_7QGHM1iZnW1jfRx,choice_only,dailydilemmas,19,projection_alpha,0.42105263157894735,-0.6972996868201882
R_7QGHM1iZnW1jfRx,choice_only,dailydilemmas,20,random_projection,0.6,-0.6928448532327944
R_7QGHM1iZnW1jfRx,choice_only,dailydilemmas,20,projection_only,0.5,-0.7048997389106788
R_7QGHM1iZnW1jfRx,choice_only,dailydilemmas,20,projection_alpha,0.4,-0.6972477754188949
R_6rBDZvDRiktj92h,choice_only,dailydilemmas,3,random_projection,0.6666666666666666,-0.6931273653886016
R_6rBDZvDRiktj92h,choice_only,dailydilemmas,3,projection_only,0.3333333333333333,-0.7180078457216187
R_6rBDZvDRiktj92h,choice_only,dailydilemmas,3,projection_alpha,0.3333333333333333,-0.6974387882785263
R_6rBDZvDRiktj92h,choice_only,dailydilemmas,4,random_projection,0.5,-0.693268459019375
R_6rBDZvDRiktj92h,choice_only,dailydilemmas,4,projection_only,0.75,-0.6925034304566582
R_6rBDZvDRiktj92h,choice_only,dailydilemmas,4,projection_alpha,0.75,-0.6932049275881429
R_6rBDZvDRiktj92h,choice_only,dailydilemmas,5,random_projection,0.6,-0.6932366694764649
R_6rBDZvDRiktj92h,choice_only,dailydilemmas,5,projection_only,0.4,-0.704464995278779
R_6rBDZvDRiktj92h,choice_only,dailydilemmas,5,projection_alpha,0.2,-0.6956910233093361
R_6rBDZvDRiktj92h,choice_only,dailydilemmas,6,random_projection,0.3333333333333333,-0.6932715334663714
R_6rBDZvDRiktj92h,choice_only,dailydilemmas,6,projection_only,0.16666666666666666,-0.7045063970480995
R_6rBDZvDRiktj92h,choice_only,dailydilemmas,6,projection_alpha,0.16666666666666666,-0.6956175836811208
R_6rBDZvDRiktj92h,choice_only,dailydilemmas,7,random_projection,0.5714285714285714,-0.6931738666374425
R_6rBDZvDRiktj92h,choice_only,dailydilemmas,7,projection_only,0.42857142857142855,-0.7139183545327946
R_6rBDZvDRiktj92h,choice_only,dailydilemmas,7,projection_alpha,0.42857142857142855,-0.6973522770103504
R_6rBDZvDRiktj92h,choice_only,dailydilemmas,8,random_projection,0.625,-0.6931610107236369
R_6rBDZvDRiktj92h,choice_only,dailydilemmas,8,projection_only,0.375,-0.7174980592836075
R_6rBDZvDRiktj92h,choice_only,dailydilemmas,8,projection_alpha,0.375,-0.6977363441390816
R_6rBDZvDRiktj92h,choice_only,dailydilemmas,9,random_projection,0.5555555555555556,-0.693097163419172
R_6rBDZvDRiktj92h,choice_only,dailydilemmas,9,projection_only,0.5555555555555556,-0.7105021254897641
R_6rBDZvDRiktj92h,choice_only,dailydilemmas,9,projection_alpha,0.5555555555555556,-0.6963765316643763
R_6rBDZvDRiktj92h,choice_only,dailydilemmas,10,random_projection,0.8,-0.6929739978821502
R_6rBDZvDRiktj92h,choice_only,dailydilemmas,10,projection_only,0.7,-0.6964064944897792
R_6rBDZvDRiktj92h,choice_only,dailydilemmas,10,projection_alpha,0.7,-0.6932869735599978
R_6rBDZvDRiktj92h,choice_only,dailydilemmas,11,random_projection,0.7272727272727273,-0.6928608890773889
R_6rBDZvDRiktj92h,choice_only,dailydilemmas,11,projection_only,0.7272727272727273,-0.6751038415235429
R_6rBDZvDRiktj92h,choice_only,dailydilemmas,11,projection_alpha,0.8181818181818182,-0.6881318041525998
R_6rBDZvDRiktj92h,choice_only,dailydilemmas,12,random_projection,0.5833333333333334,-0.6929188627939421
R_6rBDZvDRiktj92h,choice_only,dailydilemmas,12,projection_only,0.6666666666666666,-0.688485449405364
R_6rBDZvDRiktj92h,choice_only,dailydilemmas,12,projection_alpha,0.75,-0.691282001509534
R_6rBDZvDRiktj92h,choice_only,dailydilemmas,13,random_projection,0.5384615384615384,-0.6929386644358373
R_6rBDZvDRiktj92h,choice_only,dailydilemmas,13,projection_only,0.6923076923076923,-0.7023664082010719
R_6rBDZvDRiktj92h,choice_only,dailydilemmas,13,projection_alpha,0.6923076923076923,-0.6943196917407215
R_6rBDZvDRiktj92h,choice_only,dailydilemmas,14,random_projection,0.5,-0.6930846467684518
R_6rBDZvDRiktj92h,choice_only,dailydilemmas,14,projection_only,0.5714285714285714,-0.7023501422137729
R_6rBDZvDRiktj92h,choice_only,dailydilemmas,14,projection_alpha,0.6428571428571429,-0.6940962125293689
R_6rBDZvDRiktj92h,choice_only,dailydilemmas,15,random_projection,0.4666666666666667,-0.6931830797963489
R_6rBDZvDRiktj92h,choice_only,dailydilemmas,15,projection_only,0.5333333333333333,-0.7057969040581132
R_6rBDZvDRiktj92h,choice_only,dailydilemmas,15,projection_alpha,0.6,-0.6951125308728685
R_6rBDZvDRiktj92h,choice_only,dailydilemmas,16,random_projection,0.5625,-0.6930878624411752
R_6rBDZvDRiktj92h,choice_only,dailydilemmas,16,projection_only,0.5625,-0.6973492577429108
R_6rBDZvDRiktj92h,choice_only,dailydilemmas,16,projection_alpha,0.6875,-0.692955893285818
R_6rBDZvDRiktj92h,choice_only,dailydilemmas,17,random_projection,0.5294117647058824,-0.6930521779561167
R_6rBDZvDRiktj92h,choice_only,dailydilemmas,17,projection_only,0.6470588235294118,-0.6925484421706778
R_6rBDZvDRiktj92h,choice_only,dailydilemmas,17,projection_alpha,0.6470588235294118,-0.6916350494307717
R_6rBDZvDRiktj92h,choice_only,dailydilemmas,18,random_projection,0.5555555555555556,-0.6930615292029357
R_6rBDZvDRiktj92h,choice_only,dailydilemmas,18,projection_only,0.6666666666666666,-0.6912655405290309
R_6rBDZvDRiktj92h,choice_only,dailydilemmas,18,projection_alpha,0.6666666666666666,-0.6916443235274913
R_6rBDZvDRiktj92h,choice_only,dailydilemmas,19,random_projection,0.631578947368421,-0.693062292855443
R_6rBDZvDRiktj92h,choice_only,dailydilemmas,19,projection_only,0.6842105263157895,-0.688025944648854
R_6rBDZvDRiktj92h,choice_only,dailydilemmas,19,projection_alpha,0.6842105263157895,-0.6910687730159195
R_6rBDZvDRiktj92h,choice_only,dailydilemmas,20,random_projection,0.6,-0.6930422636538208
R_6rBDZvDRiktj92h,choice_only,dailydilemmas,20,projection_only,0.7,-0.6781944077088141
R_6rBDZvDRiktj92h,choice_only,dailydilemmas,20,projection_alpha,0.7,-0.6882626911477471
R_7DZXdu8GHiSZQbw,choice_only,dailydilemmas,9,random_projection,0.6666666666666666,-0.6931440849816677
R_7DZXdu8GHiSZQbw,choice_only,dailydilemmas,9,projection_only,0.6666666666666666,-0.6373359921631359
R_7DZXdu8GHiSZQbw,choice_only,dailydilemmas,9,projection_alpha,0.6666666666666666,-0.6814443248412874
R_7DZXdu8GHiSZQbw,choice_only,dailydilemmas,10,random_projection,0.7,-0.6931111226662723
R_7DZXdu8GHiSZQbw,choice_only,dailydilemmas,10,projection_only,0.6,-0.6369277418972603
R_7DZXdu8GHiSZQbw,choice_only,dailydilemmas,10,projection_alpha,0.7,-0.6815566739736473
R_7DZXdu8GHiSZQbw,choice_only,dailydilemmas,11,random_projection,0.6363636363636364,-0.6931171817976604
R_7DZXdu8GHiSZQbw,choice_only,dailydilemmas,11,projection_only,0.7272727272727273,-0.6185379804345388
R_7DZXdu8GHiSZQbw,choice_only,dailydilemmas,11,projection_alpha,0.7272727272727273,-0.6772070711725282
R_7DZXdu8GHiSZQbw,choice_only,dailydilemmas,12,random_projection,0.75,-0.6930634310455831
R_7DZXdu8GHiSZQbw,choice_only,dailydilemmas,12,projection_only,0.6666666666666666,-0.6326979003292831
R_7DZXdu8GHiSZQbw,choice_only,dailydilemmas,12,projection_alpha,0.5833333333333334,-0.680362269291479
R_7DZXdu8GHiSZQbw,choice_only,dailydilemmas,13,random_projection,0.6923076923076923,-0.6930108129274729
R_7DZXdu8GHiSZQbw,choice_only,dailydilemmas,13,projection_only,0.6153846153846154,-0.6242626245279811
R_7DZXdu8GHiSZQbw,choice_only,dailydilemmas,13,projection_alpha,0.6923076923076923,-0.6783532444320832
R_7DZXdu8GHiSZQbw,choice_only,dailydilemmas,14,random_projection,0.7857142857142857,-0.692933114937764
R_7DZXdu8GHiSZQbw,choice_only,dailydilemmas,14,projection_only,0.7142857142857143,-0.5859263770083064
R_7DZXdu8GHiSZQbw,choice_only,dailydilemmas,14,projection_alpha,0.7142857142857143,-0.6652139442546705
R_7DZXdu8GHiSZQbw,choice_only,dailydilemmas,15,random_projection,0.8,-0.6927599951655733
R_7DZXdu8GHiSZQbw,choice_only,dailydilemmas,15,projection_only,0.7333333333333333,-0.5670338754650043
R_7DZXdu8GHiSZQbw,choice_only,dailydilemmas,15,projection_alpha,0.7333333333333333,-0.6588677301790943
R_7DZXdu8GHiSZQbw,choice_only,dailydilemmas,16,random_projection,0.6875,-0.692837115695224
R_7DZXdu8GHiSZQbw,choice_only,dailydilemmas,16,projection_only,0.75,-0.5471671399068868
R_7DZXdu8GHiSZQbw,choice_only,dailydilemmas,16,projection_alpha,0.75,-0.6515805404246581
R_7DZXdu8GHiSZQbw,choice_only,dailydilemmas,17,random_projection,0.6470588235294118,-0.6929715171184618
R_7DZXdu8GHiSZQbw,choice_only,dailydilemmas,17,projection_only,0.7058823529411765,-0.5861549666355577
R_7DZXdu8GHiSZQbw,choice_only,dailydilemmas,17,projection_alpha,0.7058823529411765,-0.6616512198892095
R_7DZXdu8GHiSZQbw,choice_only,dailydilemmas,18,random_projection,0.7222222222222222,-0.692977167142161
R_7DZXdu8GHiSZQbw,choice_only,dailydilemmas,18,projection_only,0.6666666666666666,-0.5968205218897682
R_7DZXdu8GHiSZQbw,choice_only,dailydilemmas,18,projection_alpha,0.6666666666666666,-0.6647065973935389
R_7DZXdu8GHiSZQbw,choice_only,dailydilemmas,19,random_projection,0.6842105263157895,-0.6928646737664648
R_7DZXdu8GHiSZQbw,choice_only,dailydilemmas,19,projection_only,0.6842105263157895,-0.5744376073365336
R_7DZXdu8GHiSZQbw,choice_only,dailydilemmas,19,projection_alpha,0.6842105263157895,-0.6559561983176175
R_7DZXdu8GHiSZQbw,choice_only,dailydilemmas,20,random_projection,0.65,-0.692931588500132
R_7DZXdu8GHiSZQbw,choice_only,dailydilemmas,20,projection_only,0.7,-0.5692790123007253
R_7DZXdu8GHiSZQbw,choice_only,dailydilemmas,20,projection_alpha,0.7,-0.6539038542699466
R_3wNdGb7QZmozWdV,inference_affirm,dailydilemmas,6,random_projection,0.3333333333333333,-0.6933868323453308
R_3wNdGb7QZmozWdV,inference_affirm,dailydilemmas,6,projection_only,0.6666666666666666,-0.6780954396027351
R_3wNdGb7QZmozWdV,inference_affirm,dailydilemmas,6,projection_alpha,0.6666666666666666,-0.6884234987933279
R_3wNdGb7QZmozWdV,inference_affirm,dailydilemmas,7,random_projection,0.14285714285714285,-0.6934157570661431
R_3wNdGb7QZmozWdV,inference_affirm,dailydilemmas,7,projection_only,0.5714285714285714,-0.7079215898453545
R_3wNdGb7QZmozWdV,inference_affirm,dailydilemmas,7,projection_alpha,0.5714285714285714,-0.6956610328280777
R_3wNdGb7QZmozWdV,inference_affirm,dailydilemmas,8,random_projection,0.5,-0.6933089121402698
R_3wNdGb7QZmozWdV,inference_affirm,dailydilemmas,8,projection_only,0.375,-0.7271513131596401
R_3wNdGb7QZmozWdV,inference_affirm,dailydilemmas,8,projection_alpha,0.375,-0.7004729495174336
R_3wNdGb7QZmozWdV,inference_affirm,dailydilemmas,9,random_projection,0.4444444444444444,-0.6933294400999067
R_3wNdGb7QZmozWdV,inference_affirm,dailydilemmas,9,projection_only,0.5555555555555556,-0.7179251193514291
R_3wNdGb7QZmozWdV,inference_affirm,dailydilemmas,9,projection_alpha,0.5555555555555556,-0.6982762341624478
R_3wNdGb7QZmozWdV,inference_affirm,dailydilemmas,10,random_projection,0.3,-0.6934470312099423
R_3wNdGb7QZmozWdV,inference_affirm,dailydilemmas,10,projection_only,0.3,-0.7282977939942459
R_3wNdGb7QZmozWdV,inference_affirm,dailydilemmas,10,projection_alpha,0.3,-0.7011747327816109
R_3wNdGb7QZmozWdV,inference_affirm,dailydilemmas,11,random_projection,0.5454545454545454,-0.6933118601677261
R_3wNdGb7QZmozWdV,inference_affirm,dailydilemmas,11,projection_only,0.0,-0.7315650483360951
R_3wNdGb7QZmozWdV,inference_affirm,dailydilemmas,11,projection_alpha,0.0,-0.7017473002751866
R_3wNdGb7QZmozWdV,inference_affirm,dailydilemmas,12,random_projection,0.5833333333333334,-0.6932230293969498
R_3wNdGb7QZmozWdV,inference_affirm,dailydilemmas,12,projection_only,0.3333333333333333,-0.7231063750702158
R_3wNdGb7QZmozWdV,inference_affirm,dailydilemmas,12,projection_alpha,0.4166666666666667,-0.6998815097106013
R_3wNdGb7QZmozWdV,inference_affirm,dailydilemmas,13,random_projection,0.5384615384615384,-0.6931905146640072
R_3wNdGb7QZmozWdV,inference_affirm,dailydilemmas,13,projection_only,0.5384615384615384,-0.7169926177984981
R_3wNdGb7QZmozWdV,inference_affirm,dailydilemmas,13,projection_alpha,0.5384615384615384,-0.6984192443333638
R_3wNdGb7QZmozWdV,inference_affirm,dailydilemmas,14,random_projection,0.7142857142857143,-0.6931785495014448
R_3wNdGb7QZmozWdV,inference_affirm,dailydilemmas,14,projection_only,0.5714285714285714,-0.701705396365049
R_3wNdGb7QZmozWdV,inference_affirm,dailydilemmas,14,projection_alpha,0.5714285714285714,-0.6943431568013995
R_3wNdGb7QZmozWdV,inference_affirm,dailydilemmas,15,random_projection,0.6,-0.6930995719709536
R_3wNdGb7QZmozWdV,inference_affirm,dailydilemmas,15,projection_only,0.5333333333333333,-0.7058070591327255
R_3wNdGb7QZmozWdV,inference_affirm,dailydilemmas,15,projection_alpha,0.5333333333333333,-0.6957061069621173
R_3wNdGb7QZmozWdV,inference_affirm,dailydilemmas,16,random_projection,0.3125,-0.6933748372649944
R_3wNdGb7QZmozWdV,inference_affirm,dailydilemmas,16,projection_only,0.5,-0.7107107115219686
R_3wNdGb7QZmozWdV,inference_affirm,dailydilemmas,16,projection_alpha,0.5,-0.6971599294119202
R_3wNdGb7QZmozWdV,inference_affirm,dailydilemmas,17,random_projection,0.4117647058823529,-0.693370487154684
R_3wNdGb7QZmozWdV,inference_affirm,dailydilemmas,17,projection_only,0.5294117647058824,-0.7008988020381749
R_3wNdGb7QZmozWdV,inference_affirm,dailydilemmas,17,projection_alpha,0.5294117647058824,-0.6940727358530285
R_3wNdGb7QZmozWdV,inference_affirm,dailydilemmas,18,random_projection,0.3888888888888889,-0.6933731445599183
R_3wNdGb7QZmozWdV,inference_affirm,dailydilemmas,18,projection_only,0.5555555555555556,-0.6922936358290935
R_3wNdGb7QZmozWdV,inference_affirm,dailydilemmas,18,projection_alpha,0.5555555555555556,-0.6914056440369603
R_3wNdGb7QZmozWdV,inference_affirm,dailydilemmas,19,random_projection,0.3157894736842105,-0.6934402450623252
R_3wNdGb7QZmozWdV,inference_affirm,dailydilemmas,19,projection_only,0.5263157894736842,-0.7049156490118976
R_3wNdGb7QZmozWdV,inference_affirm,dailydilemmas,19,projection_alpha,0.5263157894736842,-0.695564477217717
R_3wNdGb7QZmozWdV,inference_affirm,dailydilemmas,20,random_projection,0.35,-0.6934214608785835
R_3wNdGb7QZmozWdV,inference_affirm,dailydilemmas,20,projection_only,0.55,-0.7018983268429985
R_3wNdGb7QZmozWdV,inference_affirm,dailydilemmas,20,projection_alpha,0.55,-0.6945985118759503
R_54BDOExpKqNLP7U,choice_only,dailydilemmas,3,random_projection,0.6666666666666666,-0.6931046218848217
R_54BDOExpKqNLP7U,choice_only,dailydilemmas,3,projection_only,0.6666666666666666,-0.6628374299841
R_54BDOExpKqNLP7U,choice_only,dailydilemmas,3,projection_alpha,0.6666666666666666,-0.6876899990673313
R_54BDOExpKqNLP7U,choice_only,dailydilemmas,4,random_projection,0.75,-0.692981950478795
R_54BDOExpKqNLP7U,choice_only,dailydilemmas,4,projection_only,0.5,-0.679584468442278
R_54BDOExpKqNLP7U,choice_only,dailydilemmas,4,projection_alpha,0.5,-0.6907397439866878
R_54BDOExpKqNLP7U,choice_only,dailydilemmas,5,random_projection,0.8,-0.6930215716226303
R_54BDOExpKqNLP7U,choice_only,dailydilemmas,5,projection_only,0.6,-0.6613446799642053
R_54BDOExpKqNLP7U,choice_only,dailydilemmas,5,projection_alpha,0.6,-0.6872723907527728
R_54BDOExpKqNLP7U,choice_only,dailydilemmas,6,random_projection,0.8333333333333334,-0.6930165195622816
R_54BDOExpKqNLP7U,choice_only,dailydilemmas,6,projection_only,0.6666666666666666,-0.6302958719376518
R_54BDOExpKqNLP7U,choice_only,dailydilemmas,6,projection_alpha,0.6666666666666666,-0.6807757035057332
R_54BDOExpKqNLP7U,choice_only,dailydilemmas,7,random_projection,0.8571428571428571,-0.6929285755171568
R_54BDOExpKqNLP7U,choice_only,dailydilemmas,7,projection_only,0.7142857142857143,-0.5922095549848316
R_54BDOExpKqNLP7U,choice_only,dailydilemmas,7,projection_alpha,0.7142857142857143,-0.6715497770557031
R_54BDOExpKqNLP7U,choice_only,dailydilemmas,8,random_projection,0.875,-0.6929207697014765
R_54BDOExpKqNLP7U,choice_only,dailydilemmas,8,projection_only,0.75,-0.6003234429967055
R_54BDOExpKqNLP7U,choice_only,dailydilemmas,8,projection_alpha,0.75,-0.6733503203208856
R_54BDOExpKqNLP7U,choice_only,dailydilemmas,9,random_projection,0.8888888888888888,-0.6926971699945119
R_54BDOExpKqNLP7U,choice_only,dailydilemmas,9,projection_only,0.7777777777777778,-0.5453624058198004
R_54BDOExpKqNLP7U,choice_only,dailydilemmas,9,projection_alpha,0.7777777777777778,-0.6550977650208152
R_54BDOExpKqNLP7U,choice_only,dailydilemmas,10,random_projection,0.9,-0.6928625396617633
R_54BDOExpKqNLP7U,choice_only,dailydilemmas,10,projection_only,0.8,-0.5446709503852988
R_54BDOExpKqNLP7U,choice_only,dailydilemmas,10,projection_alpha,0.8,-0.6543455500933848
R_54BDOExpKqNLP7U,choice_only,dailydilemmas,11,random_projection,0.8181818181818182,-0.6929733298117126
R_54BDOExpKqNLP7U,choice_only,dailydilemmas,11,projection_only,0.8181818181818182,-0.533892621076662
R_54BDOExpKqNLP7U,choice_only,dailydilemmas,11,projection_alpha,0.8181818181818182,-0.6506859354298605
R_54BDOExpKqNLP7U,choice_only,dailydilemmas,12,random_projection,0.5833333333333334,-0.6930696934178182
R_54BDOExpKqNLP7U,choice_only,dailydilemmas,12,projection_only,0.8333333333333334,-0.5265094986456776
R_54BDOExpKqNLP7U,choice_only,dailydilemmas,12,projection_alpha,0.8333333333333334,-0.64766471819179
R_54BDOExpKqNLP7U,choice_only,dailydilemmas,13,random_projection,0.6923076923076923,-0.6929930764239433
R_54BDOExpKqNLP7U,choice_only,dailydilemmas,13,projection_only,0.8461538461538461,-0.5320982869139383
R_54BDOExpKqNLP7U,choice_only,dailydilemmas,13,projection_alpha,0.8461538461538461,-0.6491205673495747
R_54BDOExpKqNLP7U,choice_only,dailydilemmas,14,random_projection,0.7142857142857143,-0.6928062261439931
R_54BDOExpKqNLP7U,choice_only,dailydilemmas,14,projection_only,0.8571428571428571,-0.5125996133008743
R_54BDOExpKqNLP7U,choice_only,dailydilemmas,14,projection_alpha,0.8571428571428571,-0.6420063998230259
R_54BDOExpKqNLP7U,choice_only,dailydilemmas,15,random_projection,0.7333333333333333,-0.6927860369051012
R_54BDOExpKqNLP7U,choice_only,dailydilemmas,15,projection_only,0.8,-0.5596520262048933
R_54BDOExpKqNLP7U,choice_only,dailydilemmas,15,projection_alpha,0.8,-0.6540205749345201
R_54BDOExpKqNLP7U,choice_only,dailydilemmas,16,random_projection,0.6875,-0.6928374929667507
R_54BDOExpKqNLP7U,choice_only,dailydilemmas,16,projection_only,0.8125,-0.5652626890950052
R_54BDOExpKqNLP7U,choice_only,dailydilemmas,16,projection_alpha,0.8125,-0.6555698380272218
R_54BDOExpKqNLP7U,choice_only,dailydilemmas,17,random_projection,0.7647058823529411,-0.6926498950525621
R_54BDOExpKqNLP7U,choice_only,dailydilemmas,17,projection_only,0.8235294117647058,-0.5382060357153984
R_54BDOExpKqNLP7U,choice_only,dailydilemmas,17,projection_alpha,0.8235294117647058,-0.6435154382223138
R_54BDOExpKqNLP7U,choice_only,dailydilemmas,18,random_projection,0.7777777777777778,-0.6925228986685706
R_54BDOExpKqNLP7U,choice_only,dailydilemmas,18,projection_only,0.8333333333333334,-0.5220983262648032
R_54BDOExpKqNLP7U,choice_only,dailydilemmas,18,projection_alpha,0.8333333333333334,-0.6366325015769041
R_54BDOExpKqNLP7U,choice_only,dailydilemmas,19,random_projection,0.7368421052631579,-0.6924042325331345
R_54BDOExpKqNLP7U,choice_only,dailydilemmas,19,projection_only,0.8421052631578947,-0.522638841716711
R_54BDOExpKqNLP7U,choice_only,dailydilemmas,19,projection_alpha,0.8421052631578947,-0.6367324258297824
R_54BDOExpKqNLP7U,choice_only,dailydilemmas,20,random_projection,0.75,-0.6923205590793021
R_54BDOExpKqNLP7U,choice_only,dailydilemmas,20,projection_only,0.8,-0.5349512320426808
R_54BDOExpKqNLP7U,choice_only,dailydilemmas,20,projection_alpha,0.8,-0.6408917280407719
R_7FP7x1oOPEhKFnt,choice_only,dailydilemmas,6,random_projection,0.16666666666666666,-0.6932759144460755
R_7FP7x1oOPEhKFnt,choice_only,dailydilemmas,6,projection_only,0.5,-0.6671519111420725
R_7FP7x1oOPEhKFnt,choice_only,dailydilemmas,6,projection_alpha,0.5,-0.6884951171146833
R_7FP7x1oOPEhKFnt,choice_only,dailydilemmas,7,random_projection,0.42857142857142855,-0.6931781138359964
R_7FP7x1oOPEhKFnt,choice_only,dailydilemmas,7,projection_only,0.5714285714285714,-0.6546834453323118
R_7FP7x1oOPEhKFnt,choice_only,dailydilemmas,7,projection_alpha,0.5714285714285714,-0.6859241482954915
R_7FP7x1oOPEhKFnt,choice_only,dailydilemmas,8,random_projection,0.625,-0.693150532139368
R_7FP7x1oOPEhKFnt,choice_only,dailydilemmas,8,projection_only,0.625,-0.6049331295410951
R_7FP7x1oOPEhKFnt,choice_only,dailydilemmas,8,projection_alpha,0.625,-0.6727310085796538
R_7FP7x1oOPEhKFnt,choice_only,dailydilemmas,9,random_projection,0.3333333333333333,-0.6931606938711083
R_7FP7x1oOPEhKFnt,choice_only,dailydilemmas,9,projection_only,0.6666666666666666,-0.6014715722037841
R_7FP7x1oOPEhKFnt,choice_only,dailydilemmas,9,projection_alpha,0.6666666666666666,-0.6719573089070987
R_7FP7x1oOPEhKFnt,choice_only,dailydilemmas,10,random_projection,0.4,-0.6932804247890288
R_7FP7x1oOPEhKFnt,choice_only,dailydilemmas,10,projection_only,0.7,-0.6137435344918197
R_7FP7x1oOPEhKFnt,choice_only,dailydilemmas,10,projection_alpha,0.7,-0.6742575333589105
R_7FP7x1oOPEhKFnt,choice_only,dailydilemmas,11,random_projection,0.36363636363636365,-0.6934083474616961
R_7FP7x1oOPEhKFnt,choice_only,dailydilemmas,11,projection_only,0.7272727272727273,-0.6067936466503402
R_7FP7x1oOPEhKFnt,choice_only,dailydilemmas,11,projection_alpha,0.7272727272727273,-0.6721277715820324
R_7FP7x1oOPEhKFnt,choice_only,dailydilemmas,12,random_projection,0.25,-0.6934218619751804
R_7FP7x1oOPEhKFnt,choice_only,dailydilemmas,12,projection_only,0.75,-0.6119312310824075
R_7FP7x1oOPEhKFnt,choice_only,dailydilemmas,12,projection_alpha,0.75,-0.6733461588004896
R_7FP7x1oOPEhKFnt,choice_only,dailydilemmas,13,random_projection,0.38461538461538464,-0.6934134738619637
R_7FP7x1oOPEhKFnt,choice_only,dailydilemmas,13,projection_only,0.7692307692307693,-0.6026930001137109
R_7FP7x1oOPEhKFnt,choice_only,dailydilemmas,13,projection_alpha,0.7692307692307693,-0.6708985474839794
R_7FP7x1oOPEhKFnt,choice_only,dailydilemmas,14,random_projection,0.21428571428571427,-0.6934058434055448
R_7FP7x1oOPEhKFnt,choice_only,dailydilemmas,14,projection_only,0.7142857142857143,-0.6498811835686841
R_7FP7x1oOPEhKFnt,choice_only,dailydilemmas,14,projection_alpha,0.7142857142857143,-0.6818704442059752
R_7FP7x1oOPEhKFnt,choice_only,dailydilemmas,15,random_projection,0.3333333333333333,-0.6933870376159166
R_7FP7x1oOPEhKFnt,choice_only,dailydilemmas,15,projection_only,0.7333333333333333,-0.6493637564261394
R_7FP7x1oOPEhKFnt,choice_only,dailydilemmas,15,projection_alpha,0.7333333333333333,-0.6815299778867226
R_7FP7x1oOPEhKFnt,choice_only,dailydilemmas,16,random_projection,0.3125,-0.6933936687557968
R_7FP7x1oOPEhKFnt,choice_only,dailydilemmas,16,projection_only,0.75,-0.6450081501881066
R_7FP7x1oOPEhKFnt,choice_only,dailydilemmas,16,projection_alpha,0.75,-0.6799513326863169
R_7FP7x1oOPEhKFnt,choice_only,dailydilemmas,17,random_projection,0.17647058823529413,-0.693445128513542
R_7FP7x1oOPEhKFnt,choice_only,dailydilemmas,17,projection_only,0.7058823529411765,-0.648606191776078
R_7FP7x1oOPEhKFnt,choice_only,dailydilemmas,17,projection_alpha,0.7058823529411765,-0.6808948762857555
R_7FP7x1oOPEhKFnt,choice_only,dailydilemmas,18,random_projection,0.16666666666666666,-0.6934462241688419
R_7FP7x1oOPEhKFnt,choice_only,dailydilemmas,18,projection_only,0.7222222222222222,-0.6496171767646381
R_7FP7x1oOPEhKFnt,choice_only,dailydilemmas,18,projection_alpha,0.7222222222222222,-0.6809654599390789
R_7FP7x1oOPEhKFnt,choice_only,dailydilemmas,19,random_projection,0.21052631578947367,-0.6934292698312314
R_7FP7x1oOPEhKFnt,choice_only,dailydilemmas,19,projection_only,0.7368421052631579,-0.6404880443450642
R_7FP7x1oOPEhKFnt,choice_only,dailydilemmas,19,projection_alpha,0.7368421052631579,-0.6784294106906114
R_7FP7x1oOPEhKFnt,choice_only,dailydilemmas,20,random_projection,0.25,-0.6934220104352291
R_7FP7x1oOPEhKFnt,choice_only,dailydilemmas,20,projection_only,0.8,-0.6358745215113115
R_7FP7x1oOPEhKFnt,choice_only,dailydilemmas,20,projection_alpha,0.8,-0.6767719815820163
R_3RlcXTweCHzrYtz,choice_only,dailydilemmas,3,random_projection,1.0,-0.6930330374002166
R_3RlcXTweCHzrYtz,choice_only,dailydilemmas,3,projection_only,0.3333333333333333,-0.6979322419198395
R_3RlcXTweCHzrYtz,choice_only,dailydilemmas,3,projection_alpha,0.3333333333333333,-0.6941323298138665
R_3RlcXTweCHzrYtz,choice_only,dailydilemmas,4,random_projection,0.0,-0.6934791694242465
R_3RlcXTweCHzrYtz,choice_only,dailydilemmas,4,projection_only,0.25,-0.7131653209675354
R_3RlcXTweCHzrYtz,choice_only,dailydilemmas,4,projection_alpha,0.25,-0.6968447872081323
R_3RlcXTweCHzrYtz,choice_only,dailydilemmas,5,random_projection,0.0,-0.693645777547548
R_3RlcXTweCHzrYtz,choice_only,dailydilemmas,5,projection_only,0.4,-0.719256212962281
R_3RlcXTweCHzrYtz,choice_only,dailydilemmas,5,projection_alpha,0.2,-0.6977096188799978
R_3RlcXTweCHzrYtz,choice_only,dailydilemmas,6,random_projection,0.0,-0.6936134936610258
R_3RlcXTweCHzrYtz,choice_only,dailydilemmas,6,projection_only,0.16666666666666666,-0.7199213327398358
R_3RlcXTweCHzrYtz,choice_only,dailydilemmas,6,projection_alpha,0.16666666666666666,-0.6980975017409693
R_3RlcXTweCHzrYtz,choice_only,dailydilemmas,7,random_projection,0.14285714285714285,-0.6935463911677573
R_3RlcXTweCHzrYtz,choice_only,dailydilemmas,7,projection_only,0.2857142857142857,-0.7067071677271477
R_3RlcXTweCHzrYtz,choice_only,dailydilemmas,7,projection_alpha,0.2857142857142857,-0.6957999681743691
R_3RlcXTweCHzrYtz,choice_only,dailydilemmas,8,random_projection,0.0,-0.6935394893614011
R_3RlcXTweCHzrYtz,choice_only,dailydilemmas,8,projection_only,0.625,-0.697651745375244
R_3RlcXTweCHzrYtz,choice_only,dailydilemmas,8,projection_alpha,0.625,-0.6941040190474269
R_3RlcXTweCHzrYtz,choice_only,dailydilemmas,9,random_projection,0.1111111111111111,-0.6934892290037799
R_3RlcXTweCHzrYtz,choice_only,dailydilemmas,9,projection_only,0.6666666666666666,-0.6780126217753522
R_3RlcXTweCHzrYtz,choice_only,dailydilemmas,9,projection_alpha,0.6666666666666666,-0.6900311228366729
R_3RlcXTweCHzrYtz,choice_only,dailydilemmas,10,random_projection,0.1,-0.6934896367905798
R_3RlcXTweCHzrYtz,choice_only,dailydilemmas,10,projection_only,0.6,-0.6818185551729099
R_3RlcXTweCHzrYtz,choice_only,dailydilemmas,10,projection_alpha,0.6,-0.6906317886458038
R_3RlcXTweCHzrYtz,choice_only,dailydilemmas,11,random_projection,0.18181818181818182,-0.6934694587686969
R_3RlcXTweCHzrYtz,choice_only,dailydilemmas,11,projection_only,0.6363636363636364,-0.6715733664919161
R_3RlcXTweCHzrYtz,choice_only,dailydilemmas,11,projection_alpha,0.6363636363636364,-0.6880998159524657
R_3RlcXTweCHzrYtz,choice_only,dailydilemmas,12,random_projection,0.0,-0.6934947239652133
R_3RlcXTweCHzrYtz,choice_only,dailydilemmas,12,projection_only,0.5833333333333334,-0.6740424983332648
R_3RlcXTweCHzrYtz,choice_only,dailydilemmas,12,projection_alpha,0.6666666666666666,-0.6887058571545642
R_3RlcXTweCHzrYtz,choice_only,dailydilemmas,13,random_projection,0.15384615384615385,-0.6934401146106617
R_3RlcXTweCHzrYtz,choice_only,dailydilemmas,13,projection_only,0.6923076923076923,-0.6525451296142077
R_3RlcXTweCHzrYtz,choice_only,dailydilemmas,13,projection_alpha,0.6923076923076923,-0.6830164924082898
R_3RlcXTweCHzrYtz,choice_only,dailydilemmas,14,random_projection,0.2857142857142857,-0.693394076992291
R_3RlcXTweCHzrYtz,choice_only,dailydilemmas,14,projection_only,0.7142857142857143,-0.6520269044649423
R_3RlcXTweCHzrYtz,choice_only,dailydilemmas,14,projection_alpha,0.7142857142857143,-0.682860113281082
R_3RlcXTweCHzrYtz,choice_only,dailydilemmas,15,random_projection,0.3333333333333333,-0.6933482846897235
R_3RlcXTweCHzrYtz,choice_only,dailydilemmas,15,projection_only,0.6666666666666666,-0.6589445499329406
R_3RlcXTweCHzrYtz,choice_only,dailydilemmas,15,projection_alpha,0.6666666666666666,-0.6843846319143335
R_3RlcXTweCHzrYtz,choice_only,dailydilemmas,16,random_projection,0.375,-0.6933229083512027
R_3RlcXTweCHzrYtz,choice_only,dailydilemmas,16,projection_only,0.6875,-0.6454853306033469
R_3RlcXTweCHzrYtz,choice_only,dailydilemmas,16,projection_alpha,0.6875,-0.680504477930163
R_3RlcXTweCHzrYtz,choice_only,dailydilemmas,17,random_projection,0.29411764705882354,-0.6933193685233475
R_3RlcXTweCHzrYtz,choice_only,dailydilemmas,17,projection_only,0.6470588235294118,-0.6598390084129138
R_3RlcXTweCHzrYtz,choice_only,dailydilemmas,17,projection_alpha,0.6470588235294118,-0.6842806418747259
R_3RlcXTweCHzrYtz,choice_only,dailydilemmas,18,random_projection,0.4444444444444444,-0.6932449029900616
R_3RlcXTweCHzrYtz,choice_only,dailydilemmas,18,projection_only,0.6666666666666666,-0.6291979034171896
R_3RlcXTweCHzrYtz,choice_only,dailydilemmas,18,projection_alpha,0.6666666666666666,-0.67346956536483
R_3RlcXTweCHzrYtz,choice_only,dailydilemmas,19,random_projection,0.47368421052631576,-0.6931982693474318
R_3RlcXTweCHzrYtz,choice_only,dailydilemmas,19,projection_only,0.6842105263157895,-0.6309086552526725
R_3RlcXTweCHzrYtz,choice_only,dailydilemmas,19,projection_alpha,0.6842105263157895,-0.6736122963237371
R_3RlcXTweCHzrYtz,choice_only,dailydilemmas,20,random_projection,0.4,-0.6932375680110328
R_3RlcXTweCHzrYtz,choice_only,dailydilemmas,20,projection_only,0.65,-0.6500072453411426
R_3RlcXTweCHzrYtz,choice_only,dailydilemmas,20,projection_alpha,0.65,-0.6793646356953694
R_64MjAxTXtmHjKMx,choice_only,dailydilemmas,3,random_projection,0.6666666666666666,-0.6931096173698809
R_64MjAxTXtmHjKMx,choice_only,dailydilemmas,3,projection_only,0.6666666666666666,-0.6739592393890884
R_64MjAxTXtmHjKMx,choice_only,dailydilemmas,3,projection_alpha,0.6666666666666666,-0.6898008510543142
R_64MjAxTXtmHjKMx,choice_only,dailydilemmas,4,random_projection,0.25,-0.6932543301746916
R_64MjAxTXtmHjKMx,choice_only,dailydilemmas,4,projection_only,0.5,-0.6831300364812913
R_64MjAxTXtmHjKMx,choice_only,dailydilemmas,4,projection_alpha,0.5,-0.6914222111469626
R_64MjAxTXtmHjKMx,choice_only,dailydilemmas,5,random_projection,0.2,-0.6932755353608908
R_64MjAxTXtmHjKMx,choice_only,dailydilemmas,5,projection_only,0.6,-0.6666754014673888
R_64MjAxTXtmHjKMx,choice_only,dailydilemmas,5,projection_alpha,0.6,-0.6884174428784726
R_64MjAxTXtmHjKMx,choice_only,dailydilemmas,6,random_projection,0.16666666666666666,-0.6933151419777274
R_64MjAxTXtmHjKMx,choice_only,dailydilemmas,6,projection_only,0.8333333333333334,-0.6344965551065452
R_64MjAxTXtmHjKMx,choice_only,dailydilemmas,6,projection_alpha,0.8333333333333334,-0.6819576167810767
R_64MjAxTXtmHjKMx,choice_only,dailydilemmas,7,random_projection,0.2857142857142857,-0.6932854276374749
R_64MjAxTXtmHjKMx,choice_only,dailydilemmas,7,projection_only,1.0,-0.6073441428900935
R_64MjAxTXtmHjKMx,choice_only,dailydilemmas,7,projection_alpha,1.0,-0.6761380168664478
R_64MjAxTXtmHjKMx,choice_only,dailydilemmas,8,random_projection,0.5,-0.6932392318755742
R_64MjAxTXtmHjKMx,choice_only,dailydilemmas,8,projection_only,0.875,-0.6178900346619265
R_64MjAxTXtmHjKMx,choice_only,dailydilemmas,8,projection_alpha,0.875,-0.6780881403807197
R_64MjAxTXtmHjKMx,choice_only,dailydilemmas,9,random_projection,0.4444444444444444,-0.6932372866497928
R_64MjAxTXtmHjKMx,choice_only,dailydilemmas,9,projection_only,0.8888888888888888,-0.5781930761044133
R_64MjAxTXtmHjKMx,choice_only,dailydilemmas,9,projection_alpha,0.8888888888888888,-0.667735200967321
R_64MjAxTXtmHjKMx,choice_only,dailydilemmas,10,random_projection,0.6,-0.6930929627799389
R_64MjAxTXtmHjKMx,choice_only,dailydilemmas,10,projection_only,0.9,-0.5550230770067209
R_64MjAxTXtmHjKMx,choice_only,dailydilemmas,10,projection_alpha,0.9,-0.6611516500964736
R_64MjAxTXtmHjKMx,choice_only,dailydilemmas,11,random_projection,0.45454545454545453,-0.6932207084782537
R_64MjAxTXtmHjKMx,choice_only,dailydilemmas,11,projection_only,0.9090909090909091,-0.55239423267202
R_64MjAxTXtmHjKMx,choice_only,dailydilemmas,11,projection_alpha,0.9090909090909091,-0.6600141683877606
R_64MjAxTXtmHjKMx,choice_only,dailydilemmas,12,random_projection,0.5,-0.6931521185808488
R_64MjAxTXtmHjKMx,choice_only,dailydilemmas,12,projection_only,0.9166666666666666,-0.5639097246740826
R_64MjAxTXtmHjKMx,choice_only,dailydilemmas,12,projection_alpha,0.8333333333333334,-0.6628353767667413
R_64MjAxTXtmHjKMx,choice_only,dailydilemmas,13,random_projection,0.5384615384615384,-0.6933760878205694
R_64MjAxTXtmHjKMx,choice_only,dailydilemmas,13,projection_only,0.9230769230769231,-0.5560939649294873
R_64MjAxTXtmHjKMx,choice_only,dailydilemmas,13,projection_alpha,0.9230769230769231,-0.6607040849476052
R_64MjAxTXtmHjKMx,choice_only,dailydilemmas,14,random_projection,0.42857142857142855,-0.6934742808933958
R_64MjAxTXtmHjKMx,choice_only,dailydilemmas,14,projection_only,0.7857142857142857,-0.5731005944659555
R_64MjAxTXtmHjKMx,choice_only,dailydilemmas,14,projection_alpha,0.7857142857142857,-0.6644423388676192
R_64MjAxTXtmHjKMx,choice_only,dailydilemmas,15,random_projection,0.4,-0.6935499332385289
R_64MjAxTXtmHjKMx,choice_only,dailydilemmas,15,projection_only,0.8666666666666667,-0.5807251798657102
R_64MjAxTXtmHjKMx,choice_only,dailydilemmas,15,projection_alpha,0.8,-0.6662888889121771
R_64MjAxTXtmHjKMx,choice_only,dailydilemmas,16,random_projection,0.4375,-0.6934081011560833
R_64MjAxTXtmHjKMx,choice_only,dailydilemmas,16,projection_only,0.75,-0.5706818795904041
R_64MjAxTXtmHjKMx,choice_only,dailydilemmas,16,projection_alpha,0.75,-0.66334323310365
R_64MjAxTXtmHjKMx,choice_only,dailydilemmas,17,random_projection,0.4117647058823529,-0.6934806636229843
R_64MjAxTXtmHjKMx,choice_only,dailydilemmas,17,projection_only,0.7058823529411765,-0.594941008459006
R_64MjAxTXtmHjKMx,choice_only,dailydilemmas,17,projection_alpha,0.7058823529411765,-0.6688510130070898
R_64MjAxTXtmHjKMx,choice_only,dailydilemmas,18,random_projection,0.3333333333333333,-0.6935485263360154
R_64MjAxTXtmHjKMx,choice_only,dailydilemmas,18,projection_only,0.6666666666666666,-0.6418163755950851
R_64MjAxTXtmHjKMx,choice_only,dailydilemmas,18,projection_alpha,0.6666666666666666,-0.6789456305535351
R_64MjAxTXtmHjKMx,choice_only,dailydilemmas,19,random_projection,0.3157894736842105,-0.6935529686090677
R_64MjAxTXtmHjKMx,choice_only,dailydilemmas,19,projection_only,0.631578947368421,-0.6476902342713571
R_64MjAxTXtmHjKMx,choice_only,dailydilemmas,19,projection_alpha,0.631578947368421,-0.6804595913684416
R_64MjAxTXtmHjKMx,choice_only,dailydilemmas,20,random_projection,0.35,-0.693510951839832
R_64MjAxTXtmHjKMx,choice_only,dailydilemmas,20,projection_only,0.65,-0.6319379758973168
R_64MjAxTXtmHjKMx,choice_only,dailydilemmas,20,projection_alpha,0.65,-0.6755619439765741
R_5B7Sbr53fSq1D3z,inference_affirm,dailydilemmas,3,random_projection,0.0,-0.6932393997033532
R_5B7Sbr53fSq1D3z,inference_affirm,dailydilemmas,3,projection_only,0.0,-0.6989897717124506
R_5B7Sbr53fSq1D3z,inference_affirm,dailydilemmas,3,projection_alpha,0.0,-0.6941265708643621
R_5B7Sbr53fSq1D3z,inference_affirm,dailydilemmas,4,random_projection,0.0,-0.6932119247946423
R_5B7Sbr53fSq1D3z,inference_affirm,dailydilemmas,4,projection_only,0.25,-0.6950011488429909
R_5B7Sbr53fSq1D3z,inference_affirm,dailydilemmas,4,projection_alpha,0.25,-0.6934269074559822
R_5B7Sbr53fSq1D3z,inference_affirm,dailydilemmas,5,random_projection,0.0,-0.6933243803815093
R_5B7Sbr53fSq1D3z,inference_affirm,dailydilemmas,5,projection_only,0.6,-0.692614272302308
R_5B7Sbr53fSq1D3z,inference_affirm,dailydilemmas,5,projection_alpha,0.6,-0.6930223847045653
R_5B7Sbr53fSq1D3z,inference_affirm,dailydilemmas,6,random_projection,0.0,-0.6933420161795453
R_5B7Sbr53fSq1D3z,inference_affirm,dailydilemmas,6,projection_only,0.16666666666666666,-0.7016477459806322
R_5B7Sbr53fSq1D3z,inference_affirm,dailydilemmas,6,projection_alpha,0.16666666666666666,-0.6945987691343039
R_5B7Sbr53fSq1D3z,inference_affirm,dailydilemmas,7,random_projection,0.2857142857142857,-0.6933538756762135
R_5B7Sbr53fSq1D3z,inference_affirm,dailydilemmas,7,projection_only,0.5714285714285714,-0.7006407176017923
R_5B7Sbr53fSq1D3z,inference_affirm,dailydilemmas,7,projection_alpha,0.5714285714285714,-0.6944355400788698
R_5B7Sbr53fSq1D3z,inference_affirm,dailydilemmas,8,random_projection,0.125,-0.6933616879816682
R_5B7Sbr53fSq1D3z,inference_affirm,dailydilemmas,8,projection_only,0.625,-0.6802151266480143
R_5B7Sbr53fSq1D3z,inference_affirm,dailydilemmas,8,projection_alpha,0.625,-0.6905511966495321
R_5B7Sbr53fSq1D3z,inference_affirm,dailydilemmas,9,random_projection,0.1111111111111111,-0.6933706923027403
R_5B7Sbr53fSq1D3z,inference_affirm,dailydilemmas,9,projection_only,0.5555555555555556,-0.6878344588012772
R_5B7Sbr53fSq1D3z,inference_affirm,dailydilemmas,9,projection_alpha,0.5555555555555556,-0.6921941928673568
R_5B7Sbr53fSq1D3z,inference_affirm,dailydilemmas,10,random_projection,0.5,-0.6932125749209558
R_5B7Sbr53fSq1D3z,inference_affirm,dailydilemmas,10,projection_only,0.6,-0.6677793626336668
R_5B7Sbr53fSq1D3z,inference_affirm,dailydilemmas,10,projection_alpha,0.6,-0.6878870618896921
R_5B7Sbr53fSq1D3z,inference_affirm,dailydilemmas,11,random_projection,0.45454545454545453,-0.6931832290569293
R_5B7Sbr53fSq1D3z,inference_affirm,dailydilemmas,11,projection_only,0.5454545454545454,-0.6814457797041954
R_5B7Sbr53fSq1D3z,inference_affirm,dailydilemmas,11,projection_alpha,0.5454545454545454,-0.690891503725883
R_5B7Sbr53fSq1D3z,inference_affirm,dailydilemmas,12,random_projection,0.5833333333333334,-0.6931030351494925
R_5B7Sbr53fSq1D3z,inference_affirm,dailydilemmas,12,projection_only,0.5,-0.6869085888043079
R_5B7Sbr53fSq1D3z,inference_affirm,dailydilemmas,12,projection_alpha,0.5,-0.6918907338655429
R_5B7Sbr53fSq1D3z,inference_affirm,dailydilemmas,13,random_projection,0.5384615384615384,-0.6931197331091663
R_5B7Sbr53fSq1D3z,inference_affirm,dailydilemmas,13,projection_only,0.5384615384615384,-0.6818386897515987
R_5B7Sbr53fSq1D3z,inference_affirm,dailydilemmas,13,projection_alpha,0.5384615384615384,-0.6907743351983033
R_5B7Sbr53fSq1D3z,inference_affirm,dailydilemmas,14,random_projection,0.5714285714285714,-0.6930984621443365
R_5B7Sbr53fSq1D3z,inference_affirm,dailydilemmas,14,projection_only,0.5,-0.688716195904024
R_5B7Sbr53fSq1D3z,inference_affirm,dailydilemmas,14,projection_alpha,0.5,-0.6922408833517374
R_5B7Sbr53fSq1D3z,inference_affirm,dailydilemmas,15,random_projection,0.5333333333333333,-0.6931498095827165
R_5B7Sbr53fSq1D3z,inference_affirm,dailydilemmas,15,projection_only,0.5333333333333333,-0.6844131702770736
R_5B7Sbr53fSq1D3z,inference_affirm,dailydilemmas,15,projection_alpha,0.5333333333333333,-0.6912040301622576
R_5B7Sbr53fSq1D3z,inference_affirm,dailydilemmas,16,random_projection,0.5625,-0.6930694997433371
R_5B7Sbr53fSq1D3z,inference_affirm,dailydilemmas,16,projection_only,0.5,-0.6867600232226483
R_5B7Sbr53fSq1D3z,inference_affirm,dailydilemmas,16,projection_alpha,0.5,-0.6917764552005575
R_5B7Sbr53fSq1D3z,inference_affirm,dailydilemmas,17,random_projection,0.5882352941176471,-0.693081542770983
R_5B7Sbr53fSq1D3z,inference_affirm,dailydilemmas,17,projection_only,0.5294117647058824,-0.6717081054739877
R_5B7Sbr53fSq1D3z,inference_affirm,dailydilemmas,17,projection_alpha,0.5294117647058824,-0.6881157538247897
R_5B7Sbr53fSq1D3z,inference_affirm,dailydilemmas,18,random_projection,0.6111111111111112,-0.6930982794959102
R_5B7Sbr53fSq1D3z,inference_affirm,dailydilemmas,18,projection_only,0.5555555555555556,-0.6501328865905684
R_5B7Sbr53fSq1D3z,inference_affirm,dailydilemmas,18,projection_alpha,0.6111111111111112,-0.6817566191769138
R_5B7Sbr53fSq1D3z,inference_affirm,dailydilemmas,19,random_projection,0.631578947368421,-0.6931270171224629
R_5B7Sbr53fSq1D3z,inference_affirm,dailydilemmas,19,projection_only,0.631578947368421,-0.6510487169533071
R_5B7Sbr53fSq1D3z,inference_affirm,dailydilemmas,19,projection_alpha,0.631578947368421,-0.6818297529635037
R_5B7Sbr53fSq1D3z,inference_affirm,dailydilemmas,20,random_projection,0.5,-0.6931549765263696
R_5B7Sbr53fSq1D3z,inference_affirm,dailydilemmas,20,projection_only,0.55,-0.6538570765697702
R_5B7Sbr53fSq1D3z,inference_affirm,dailydilemmas,20,projection_alpha,0.6,-0.6824887722058657
R_7fTeTaHgGhgcqkN,inference_affirm,dailydilemmas,3,random_projection,0.6666666666666666,-0.6931275446236872
R_7fTeTaHgGhgcqkN,inference_affirm,dailydilemmas,3,projection_only,0.0,-0.7019087607492106
R_7fTeTaHgGhgcqkN,inference_affirm,dailydilemmas,3,projection_alpha,0.0,-0.6946662981052795
R_7fTeTaHgGhgcqkN,inference_affirm,dailydilemmas,4,random_projection,1.0,-0.6929583538144217
R_7fTeTaHgGhgcqkN,inference_affirm,dailydilemmas,4,projection_only,0.75,-0.6708716680137725
R_7fTeTaHgGhgcqkN,inference_affirm,dailydilemmas,4,projection_alpha,0.75,-0.6891700253486339
R_7fTeTaHgGhgcqkN,inference_affirm,dailydilemmas,5,random_projection,0.6,-0.6931051960770993
R_7fTeTaHgGhgcqkN,inference_affirm,dailydilemmas,5,projection_only,0.4,-0.696933327434736
R_7fTeTaHgGhgcqkN,inference_affirm,dailydilemmas,5,projection_alpha,0.4,-0.6937907967932933
R_7fTeTaHgGhgcqkN,inference_affirm,dailydilemmas,6,random_projection,0.6666666666666666,-0.6930049374687304
R_7fTeTaHgGhgcqkN,inference_affirm,dailydilemmas,6,projection_only,0.6666666666666666,-0.6943553784530224
R_7fTeTaHgGhgcqkN,inference_affirm,dailydilemmas,6,projection_alpha,0.6666666666666666,-0.6933035130322497
R_7fTeTaHgGhgcqkN,inference_affirm,dailydilemmas,7,random_projection,0.7142857142857143,-0.6925056662024645
R_7fTeTaHgGhgcqkN,inference_affirm,dailydilemmas,7,projection_only,0.7142857142857143,-0.6708896820758393
R_7fTeTaHgGhgcqkN,inference_affirm,dailydilemmas,7,projection_alpha,0.7142857142857143,-0.6886232803152176
R_7fTeTaHgGhgcqkN,inference_affirm,dailydilemmas,8,random_projection,0.75,-0.6924279021029839
R_7fTeTaHgGhgcqkN,inference_affirm,dailydilemmas,8,projection_only,0.875,-0.6671084671119829
R_7fTeTaHgGhgcqkN,inference_affirm,dailydilemmas,8,projection_alpha,0.75,-0.6879403638860335
R_7fTeTaHgGhgcqkN,inference_affirm,dailydilemmas,9,random_projection,0.5555555555555556,-0.6925093109589879
R_7fTeTaHgGhgcqkN,inference_affirm,dailydilemmas,9,projection_only,0.8888888888888888,-0.6693593846768648
R_7fTeTaHgGhgcqkN,inference_affirm,dailydilemmas,9,projection_alpha,0.7777777777777778,-0.688369249649877
R_7fTeTaHgGhgcqkN,inference_affirm,dailydilemmas,10,random_projection,0.8,-0.6924559621496175
R_7fTeTaHgGhgcqkN,inference_affirm,dailydilemmas,10,projection_only,0.8,-0.6619366080601449
R_7fTeTaHgGhgcqkN,inference_affirm,dailydilemmas,10,projection_alpha,0.8,-0.6866984844252004
R_7fTeTaHgGhgcqkN,inference_affirm,dailydilemmas,11,random_projection,0.8181818181818182,-0.69252351700197
R_7fTeTaHgGhgcqkN,inference_affirm,dailydilemmas,11,projection_only,0.8181818181818182,-0.6780831362426614
R_7fTeTaHgGhgcqkN,inference_affirm,dailydilemmas,11,projection_alpha,0.8181818181818182,-0.6901141179555329
R_7fTeTaHgGhgcqkN,inference_affirm,dailydilemmas,12,random_projection,0.75,-0.6928293949025585
R_7fTeTaHgGhgcqkN,inference_affirm,dailydilemmas,12,projection_only,0.6666666666666666,-0.6975795249420086
R_7fTeTaHgGhgcqkN,inference_affirm,dailydilemmas,12,projection_alpha,0.6666666666666666,-0.6942678488201325
R_7fTeTaHgGhgcqkN,inference_affirm,dailydilemmas,13,random_projection,0.6923076923076923,-0.6927842995443592
R_7fTeTaHgGhgcqkN,inference_affirm,dailydilemmas,13,projection_only,0.6153846153846154,-0.6928479387966118
R_7fTeTaHgGhgcqkN,inference_affirm,dailydilemmas,13,projection_alpha,0.6153846153846154,-0.693524137596326
R_7fTeTaHgGhgcqkN,inference_affirm,dailydilemmas,14,random_projection,0.7142857142857143,-0.6925804639941051
R_7fTeTaHgGhgcqkN,inference_affirm,dailydilemmas,14,projection_only,0.6428571428571429,-0.6789384478785429
R_7fTeTaHgGhgcqkN,inference_affirm,dailydilemmas,14,projection_alpha,0.7142857142857143,-0.6906395850782115
R_7fTeTaHgGhgcqkN,inference_affirm,dailydilemmas,15,random_projection,0.8,-0.6924552557542444
R_7fTeTaHgGhgcqkN,inference_affirm,dailydilemmas,15,projection_only,0.8,-0.6712534867253415
R_7fTeTaHgGhgcqkN,inference_affirm,dailydilemmas,15,projection_alpha,0.8,-0.6889410762438346
R_7fTeTaHgGhgcqkN,inference_affirm,dailydilemmas,16,random_projection,0.6875,-0.6926220980312221
R_7fTeTaHgGhgcqkN,inference_affirm,dailydilemmas,16,projection_only,0.8125,-0.6681777828094617
R_7fTeTaHgGhgcqkN,inference_affirm,dailydilemmas,16,projection_alpha,0.8125,-0.6881734084483755
R_7fTeTaHgGhgcqkN,inference_affirm,dailydilemmas,17,random_projection,0.6470588235294118,-0.6927811656850229
R_7fTeTaHgGhgcqkN,inference_affirm,dailydilemmas,17,projection_only,0.8235294117647058,-0.6648318258864435
R_7fTeTaHgGhgcqkN,inference_affirm,dailydilemmas,17,projection_alpha,0.8235294117647058,-0.687302343530427
R_7fTeTaHgGhgcqkN,inference_affirm,dailydilemmas,18,random_projection,0.6111111111111112,-0.692858680635143
R_7fTeTaHgGhgcqkN,inference_affirm,dailydilemmas,18,projection_only,0.8333333333333334,-0.6468021027781902
R_7fTeTaHgGhgcqkN,inference_affirm,dailydilemmas,18,projection_alpha,0.8333333333333334,-0.6826602094747831
R_7fTeTaHgGhgcqkN,inference_affirm,dailydilemmas,19,random_projection,0.6842105263157895,-0.6928513020523726
R_7fTeTaHgGhgcqkN,inference_affirm,dailydilemmas,19,projection_only,0.8421052631578947,-0.627477354736177
R_7fTeTaHgGhgcqkN,inference_affirm,dailydilemmas,19,projection_alpha,0.8421052631578947,-0.6771182768737403
R_7fTeTaHgGhgcqkN,inference_affirm,dailydilemmas,20,random_projection,0.7,-0.6927929596091464
R_7fTeTaHgGhgcqkN,inference_affirm,dailydilemmas,20,projection_only,0.85,-0.6161467511961496
R_7fTeTaHgGhgcqkN,inference_affirm,dailydilemmas,20,projection_alpha,0.85,-0.6733155976718219
R_12tlw5u4cVbNiP1,inference_affirm,dailydilemmas,3,random_projection,0.6666666666666666,-0.6930433352403488
R_12tlw5u4cVbNiP1,inference_affirm,dailydilemmas,3,projection_only,0.6666666666666666,-0.6755323175177502
R_12tlw5u4cVbNiP1,inference_affirm,dailydilemmas,3,projection_alpha,0.6666666666666666,-0.6900379355579415
R_12tlw5u4cVbNiP1,inference_affirm,dailydilemmas,4,random_projection,0.5,-0.693145625853039
R_12tlw5u4cVbNiP1,inference_affirm,dailydilemmas,4,projection_only,0.25,-0.7126919068692771
R_12tlw5u4cVbNiP1,inference_affirm,dailydilemmas,4,projection_alpha,0.25,-0.6967531779475028
R_12tlw5u4cVbNiP1,inference_affirm,dailydilemmas,5,random_projection,0.8,-0.6930371903023222
R_12tlw5u4cVbNiP1,inference_affirm,dailydilemmas,5,projection_only,0.6,-0.6934449456566167
R_12tlw5u4cVbNiP1,inference_affirm,dailydilemmas,5,projection_alpha,0.6,-0.6932910982023865
R_12tlw5u4cVbNiP1,inference_affirm,dailydilemmas,6,random_projection,0.8333333333333334,-0.6930134855801903
R_12tlw5u4cVbNiP1,inference_affirm,dailydilemmas,6,projection_only,0.6666666666666666,-0.6886991690722587
R_12tlw5u4cVbNiP1,inference_affirm,dailydilemmas,6,projection_alpha,0.6666666666666666,-0.6923318000021985
R_12tlw5u4cVbNiP1,inference_affirm,dailydilemmas,7,random_projection,0.8571428571428571,-0.6929355902528502
R_12tlw5u4cVbNiP1,inference_affirm,dailydilemmas,7,projection_only,0.7142857142857143,-0.6609324666508309
R_12tlw5u4cVbNiP1,inference_affirm,dailydilemmas,7,projection_alpha,0.7142857142857143,-0.6863425797156493
R_12tlw5u4cVbNiP1,inference_affirm,dailydilemmas,8,random_projection,0.625,-0.6930884005960747
R_12tlw5u4cVbNiP1,inference_affirm,dailydilemmas,8,projection_only,0.75,-0.6594092972084554
R_12tlw5u4cVbNiP1,inference_affirm,dailydilemmas,8,projection_alpha,0.75,-0.686146375524586
R_12tlw5u4cVbNiP1,inference_affirm,dailydilemmas,9,random_projection,0.7777777777777778,-0.693011472368867
R_12tlw5u4cVbNiP1,inference_affirm,dailydilemmas,9,projection_only,0.7777777777777778,-0.6466125083041905
R_12tlw5u4cVbNiP1,inference_affirm,dailydilemmas,9,projection_alpha,0.7777777777777778,-0.6834387685783871
R_12tlw5u4cVbNiP1,inference_affirm,dailydilemmas,10,random_projection,0.6,-0.6930390843507658
R_12tlw5u4cVbNiP1,inference_affirm,dailydilemmas,10,projection_only,0.7,-0.663534266567875
R_12tlw5u4cVbNiP1,inference_affirm,dailydilemmas,10,projection_alpha,0.7,-0.6867996994224895
R_12tlw5u4cVbNiP1,inference_affirm,dailydilemmas,11,random_projection,0.6363636363636364,-0.6929537477246158
R_12tlw5u4cVbNiP1,inference_affirm,dailydilemmas,11,projection_only,0.6363636363636364,-0.678246199938592
R_12tlw5u4cVbNiP1,inference_affirm,dailydilemmas,11,projection_alpha,0.6363636363636364,-0.6899804131860686
R_12tlw5u4cVbNiP1,inference_affirm,dailydilemmas,12,random_projection,0.75,-0.6929483783227063
R_12tlw5u4cVbNiP1,inference_affirm,dailydilemmas,12,projection_only,0.6666666666666666,-0.6767016140120119
R_12tlw5u4cVbNiP1,inference_affirm,dailydilemmas,12,projection_alpha,0.6666666666666666,-0.6898961465021513
R_12tlw5u4cVbNiP1,inference_affirm,dailydilemmas,13,random_projection,0.6923076923076923,-0.6928718569476361
R_12tlw5u4cVbNiP1,inference_affirm,dailydilemmas,13,projection_only,0.6923076923076923,-0.6701268814438536
R_12tlw5u4cVbNiP1,inference_affirm,dailydilemmas,13,projection_alpha,0.6923076923076923,-0.6882288021221679
R_12tlw5u4cVbNiP1,inference_affirm,dailydilemmas,14,random_projection,0.7142857142857143,-0.6928059229460438
R_12tlw5u4cVbNiP1,inference_affirm,dailydilemmas,14,projection_only,0.7142857142857143,-0.6653251315855062
R_12tlw5u4cVbNiP1,inference_affirm,dailydilemmas,14,projection_alpha,0.7142857142857143,-0.6872001133822566
R_12tlw5u4cVbNiP1,inference_affirm,dailydilemmas,15,random_projection,0.7333333333333333,-0.6928032765840426
R_12tlw5u4cVbNiP1,inference_affirm,dailydilemmas,15,projection_only,0.7333333333333333,-0.6504272826302561
R_12tlw5u4cVbNiP1,inference_affirm,dailydilemmas,15,projection_alpha,0.6666666666666666,-0.6835226820890375
R_12tlw5u4cVbNiP1,inference_affirm,dailydilemmas,16,random_projection,0.6875,-0.692914365527397
R_12tlw5u4cVbNiP1,inference_affirm,dailydilemmas,16,projection_only,0.75,-0.6513531755193633
R_12tlw5u4cVbNiP1,inference_affirm,dailydilemmas,16,projection_alpha,0.6875,-0.683867278331824
R_12tlw5u4cVbNiP1,inference_affirm,dailydilemmas,17,random_projection,0.7058823529411765,-0.692801899658509
R_12tlw5u4cVbNiP1,inference_affirm,dailydilemmas,17,projection_only,0.7647058823529411,-0.6286618252785657
R_12tlw5u4cVbNiP1,inference_affirm,dailydilemmas,17,projection_alpha,0.7058823529411765,-0.6774529432051178
R_12tlw5u4cVbNiP1,inference_affirm,dailydilemmas,18,random_projection,0.7222222222222222,-0.69277180404602
R_12tlw5u4cVbNiP1,inference_affirm,dailydilemmas,18,projection_only,0.7777777777777778,-0.6291648230658218
R_12tlw5u4cVbNiP1,inference_affirm,dailydilemmas,18,projection_alpha,0.7777777777777778,-0.6781443864888512
R_12tlw5u4cVbNiP1,inference_affirm,dailydilemmas,19,random_projection,0.7368421052631579,-0.6926727294791534
R_12tlw5u4cVbNiP1,inference_affirm,dailydilemmas,19,projection_only,0.7894736842105263,-0.6106028139650007
R_12tlw5u4cVbNiP1,inference_affirm,dailydilemmas,19,projection_alpha,0.7368421052631579,-0.6722878168166655
R_12tlw5u4cVbNiP1,inference_affirm,dailydilemmas,20,random_projection,0.75,-0.6926502013479922
R_12tlw5u4cVbNiP1,inference_affirm,dailydilemmas,20,projection_only,0.8,-0.6099407553013163
R_12tlw5u4cVbNiP1,inference_affirm,dailydilemmas,20,projection_alpha,0.8,-0.6726270672049749
