persona_id,condition,fit_type,n_trials,test_acc,test_ll
2,choice_only,standard,1,0.26,-0.6944874440833552
2,choice_only,projected,1,0.28,-0.7474594995267034
2,choice_only,partial,1,0.28,-0.7474594995267034
2,choice_only,standard,2,0.28,-0.6945983587421379
2,choice_only,projected,2,0.38,-0.7240533397743366
2,choice_only,partial,2,0.38,-0.7240533397743366
2,choice_only,standard,3,0.34,-0.69439690349226
2,choice_only,projected,3,0.44,-0.745391999395224
2,choice_only,partial,3,0.44,-0.745391999395224
2,choice_only,standard,4,0.36,-0.6944005423233024
2,choice_only,projected,4,0.44,-0.7436004635769458
2,choice_only,partial,4,0.44,-0.7436004635769458
2,choice_only,standard,5,0.4,-0.6937707770813855
2,choice_only,projected,5,0.48,-0.7270601004183807
2,choice_only,partial,5,0.48,-0.7270601004183807
2,choice_only,standard,6,0.42,-0.6933344015373268
2,choice_only,projected,6,0.5,-0.7237165937704565
2,choice_only,partial,6,0.5,-0.7237165937704565
2,choice_only,standard,7,0.44,-0.6938452296880174
2,choice_only,projected,7,0.5,-0.7396796614441503
2,choice_only,partial,7,0.5,-0.7396796614441503
2,choice_only,standard,8,0.5,-0.693185939565517
2,choice_only,projected,8,0.46,-0.7400055419919405
2,choice_only,partial,8,0.46,-0.7400055419919405
2,choice_only,standard,9,0.46,-0.6940420876492105
2,choice_only,projected,9,0.48,-0.772938230365069
2,choice_only,partial,9,0.48,-0.772938230365069
2,choice_only,standard,10,0.44,-0.694965750143929
2,choice_only,projected,10,0.4,-0.7976348129078044
2,choice_only,partial,10,0.4,-0.7976348129078044
2,choice_only,standard,11,0.46,-0.6947258030578911
2,choice_only,projected,11,0.5,-0.7445792162763563
2,choice_only,partial,11,0.5,-0.7445792162763563
2,choice_only,standard,12,0.44,-0.6941548462313178
2,choice_only,projected,12,0.5,-0.7320655901574651
2,choice_only,partial,12,0.5,-0.7320655901574651
2,choice_only,standard,13,0.44,-0.6942921759534066
2,choice_only,projected,13,0.56,-0.7496221017442255
2,choice_only,partial,13,0.56,-0.7496221017442255
2,choice_only,standard,14,0.4,-0.6944800882520066
2,choice_only,projected,14,0.48,-0.7602449361531758
2,choice_only,partial,14,0.48,-0.7602449361531758
2,choice_only,standard,15,0.46,-0.6937895240953196
2,choice_only,projected,15,0.48,-0.7603220570999852
2,choice_only,partial,15,0.48,-0.7603220570999852
2,choice_only,standard,16,0.46,-0.6935457057400441
2,choice_only,projected,16,0.48,-0.7601518657634536
2,choice_only,partial,16,0.48,-0.7601518657634536
2,choice_only,standard,17,0.46,-0.6942474664868895
2,choice_only,projected,17,0.5,-0.7771663070687027
2,choice_only,partial,17,0.5,-0.7771663070687027
2,choice_only,standard,18,0.5,-0.6931114830189721
2,choice_only,projected,18,0.58,-0.7281131475278261
2,choice_only,partial,18,0.58,-0.7281131475278261
2,choice_only,standard,19,0.5,-0.6931537136737805
2,choice_only,projected,19,0.6,-0.7194065172204773
2,choice_only,partial,19,0.6,-0.7194065172204773
2,choice_only,standard,20,0.54,-0.6927585311045905
2,choice_only,projected,20,0.6,-0.7064088891419524
2,choice_only,partial,20,0.6,-0.7064088891419524
2,inference_affirm,standard,1,0.26,-0.6944874440833552
2,inference_affirm,projected,1,0.28,-0.7474594995267034
2,inference_affirm,partial,1,0.24,-0.7440793722600795
2,inference_affirm,standard,2,0.28,-0.6945983587421379
2,inference_affirm,projected,2,0.38,-0.7240533397743366
2,inference_affirm,partial,2,0.48,-0.7222031350938706
2,inference_affirm,standard,3,0.34,-0.69439690349226
2,inference_affirm,projected,3,0.44,-0.745391999395224
2,inference_affirm,partial,3,0.4,-0.7242110626738392
2,inference_affirm,standard,4,0.36,-0.6944005423233024
2,inference_affirm,projected,4,0.44,-0.7436004635769458
2,inference_affirm,partial,4,0.46,-0.7141293235657605
2,inference_affirm,standard,5,0.4,-0.6937707770813855
2,inference_affirm,projected,5,0.48,-0.7270601004183807
2,inference_affirm,partial,5,0.46,-0.7017178266677262
2,inference_affirm,standard,6,0.42,-0.6933344015373268
2,inference_affirm,projected,6,0.5,-0.7237165937704565
2,inference_affirm,partial,6,0.48,-0.6787946793994414
2,inference_affirm,standard,7,0.44,-0.6938452296880174
2,inference_affirm,projected,7,0.5,-0.7396796614441503
2,inference_affirm,partial,7,0.54,-0.6958615005705251
2,inference_affirm,standard,8,0.5,-0.693185939565517
2,inference_affirm,projected,8,0.46,-0.7400055419919405
2,inference_affirm,partial,8,0.54,-0.6942291046534848
2,inference_affirm,standard,9,0.46,-0.6940420876492105
2,inference_affirm,projected,9,0.48,-0.772938230365069
2,inference_affirm,partial,9,0.52,-0.7208269523330373
2,inference_affirm,standard,10,0.44,-0.694965750143929
2,inference_affirm,projected,10,0.4,-0.7976348129078044
2,inference_affirm,partial,10,0.5,-0.757824067730851
2,inference_affirm,standard,11,0.46,-0.6947258030578911
2,inference_affirm,projected,11,0.5,-0.7445792162763563
2,inference_affirm,partial,11,0.54,-0.712680581211091
2,inference_affirm,standard,12,0.44,-0.6941548462313178
2,inference_affirm,projected,12,0.5,-0.7320655901574651
2,inference_affirm,partial,12,0.56,-0.7043118415800338
2,inference_affirm,standard,13,0.44,-0.6942921759534066
2,inference_affirm,projected,13,0.56,-0.7496221017442255
2,inference_affirm,partial,13,0.56,-0.715579421473995
2,inference_affirm,standard,14,0.4,-0.6944800882520066
2,inference_affirm,projected,14,0.48,-0.7602449361531758
2,inference_affirm,partial,14,0.48,-0.72147094752723
2,inference_affirm,standard,15,0.46,-0.6937895240953196
2,inference_affirm,projected,15,0.48,-0.7603220570999852
2,inference_affirm,partial,15,0.48,-0.7150246375340997
2,inference_affirm,standard,16,0.46,-0.6935457057400441
2,inference_affirm,projected,16,0.48,-0.7601518657634536
2,inference_affirm,partial,16,0.48,-0.7110827678068152
2,inference_affirm,standard,17,0.46,-0.6942474664868895
2,inference_affirm,projected,17,0.5,-0.7771663070687027
2,inference_affirm,partial,17,0.54,-0.7171402043653385
2,inference_affirm,standard,18,0.5,-0.6931114830189721
2,inference_affirm,projected,18,0.58,-0.7281131475278261
2,inference_affirm,partial,18,0.62,-0.6657799950783252
2,inference_affirm,standard,19,0.5,-0.6931537136737805
2,inference_affirm,projected,19,0.6,-0.7194065172204773
2,inference_affirm,partial,19,0.62,-0.6670376672712832
2,inference_affirm,standard,20,0.54,-0.6927585311045905
2,inference_affirm,projected,20,0.6,-0.7064088891419524
2,inference_affirm,partial,20,0.6,-0.6520210733844118
2,inference_categories,standard,1,0.26,-0.6944874440833552
2,inference_categories,projected,1,0.28,-0.7474594995267034
2,inference_categories,partial,1,0.3,-0.7475688739468699
2,inference_categories,standard,2,0.28,-0.6945983587421379
2,inference_categories,projected,2,0.38,-0.7240533397743366
2,inference_categories,partial,2,0.38,-0.7345699649941628
2,inference_categories,standard,3,0.34,-0.69439690349226
2,inference_categories,projected,3,0.44,-0.745391999395224
2,inference_categories,partial,3,0.38,-0.7517573969523721
2,inference_categories,standard,4,0.36,-0.6944005423233024
2,inference_categories,projected,4,0.44,-0.7436004635769458
2,inference_categories,partial,4,0.42,-0.7535789286353469
2,inference_categories,standard,5,0.4,-0.6937707770813855
2,inference_categories,projected,5,0.48,-0.7270601004183807
2,inference_categories,partial,5,0.46,-0.7390570943352582
2,inference_categories,standard,6,0.42,-0.6933344015373268
2,inference_categories,projected,6,0.5,-0.7237165937704565
2,inference_categories,partial,6,0.44,-0.7403725068828674
2,inference_categories,standard,7,0.44,-0.6938452296880174
2,inference_categories,projected,7,0.5,-0.7396796614441503
2,inference_categories,partial,7,0.4,-0.761537793224987
2,inference_categories,standard,8,0.5,-0.693185939565517
2,inference_categories,projected,8,0.46,-0.7400055419919405
2,inference_categories,partial,8,0.42,-0.7590897847067801
2,inference_categories,standard,9,0.46,-0.6940420876492105
2,inference_categories,projected,9,0.48,-0.772938230365069
2,inference_categories,partial,9,0.42,-0.7830312945204314
2,inference_categories,standard,10,0.44,-0.694965750143929
2,inference_categories,projected,10,0.4,-0.7976348129078044
2,inference_categories,partial,10,0.38,-0.8114484003840511
2,inference_categories,standard,11,0.46,-0.6947258030578911
2,inference_categories,projected,11,0.5,-0.7445792162763563
2,inference_categories,partial,11,0.36,-0.7991157314428756
2,inference_categories,standard,12,0.44,-0.6941548462313178
2,inference_categories,projected,12,0.5,-0.7320655901574651
2,inference_categories,partial,12,0.44,-0.7751982990597572
2,inference_categories,standard,13,0.44,-0.6942921759534066
2,inference_categories,projected,13,0.56,-0.7496221017442255
2,inference_categories,partial,13,0.42,-0.7964855446918533
2,inference_categories,standard,14,0.4,-0.6944800882520066
2,inference_categories,projected,14,0.48,-0.7602449361531758
2,inference_categories,partial,14,0.44,-0.801431671240592
2,inference_categories,standard,15,0.46,-0.6937895240953196
2,inference_categories,projected,15,0.48,-0.7603220570999852
2,inference_categories,partial,15,0.42,-0.7944380691482981
2,inference_categories,standard,16,0.46,-0.6935457057400441
2,inference_categories,projected,16,0.48,-0.7601518657634536
2,inference_categories,partial,16,0.46,-0.7946559690130424
2,inference_categories,standard,17,0.46,-0.6942474664868895
2,inference_categories,projected,17,0.5,-0.7771663070687027
2,inference_categories,partial,17,0.42,-0.808729832155032
2,inference_categories,standard,18,0.5,-0.6931114830189721
2,inference_categories,projected,18,0.58,-0.7281131475278261
2,inference_categories,partial,18,0.52,-0.7546426144683772
2,inference_categories,standard,19,0.5,-0.6931537136737805
2,inference_categories,projected,19,0.6,-0.7194065172204773
2,inference_categories,partial,19,0.56,-0.741627806477267
2,inference_categories,standard,20,0.54,-0.6927585311045905
2,inference_categories,projected,20,0.6,-0.7064088891419524
2,inference_categories,partial,20,0.56,-0.7341180877952946
0,choice_only,standard,1,0.56,-0.692444576678113
0,choice_only,projected,1,0.58,-0.6706795487308743
0,choice_only,partial,1,0.58,-0.6706795487308743
0,choice_only,standard,2,0.64,-0.6917216024592835
0,choice_only,projected,2,0.62,-0.6671999568860568
0,choice_only,partial,2,0.62,-0.6671999568860568
0,choice_only,standard,3,0.6,-0.6908394762307253
0,choice_only,projected,3,0.68,-0.6462503710287851
0,choice_only,partial,3,0.68,-0.6462503710287851
0,choice_only,standard,4,0.58,-0.690564639157856
0,choice_only,projected,4,0.68,-0.642748831538042
0,choice_only,partial,4,0.68,-0.642748831538042
0,choice_only,standard,5,0.62,-0.6895426445472882
0,choice_only,projected,5,0.62,-0.6324656602441783
0,choice_only,partial,5,0.62,-0.6324656602441783
0,choice_only,standard,6,0.68,-0.6886720427341718
0,choice_only,projected,6,0.72,-0.5965052825888761
0,choice_only,partial,6,0.72,-0.5965052825888761
0,choice_only,standard,7,0.74,-0.6885802144915836
0,choice_only,projected,7,0.68,-0.6182547317154883
0,choice_only,partial,7,0.68,-0.6182547317154883
0,choice_only,standard,8,0.62,-0.6892375920313534
0,choice_only,projected,8,0.64,-0.6542250748990271
0,choice_only,partial,8,0.64,-0.6542250748990271
0,choice_only,standard,9,0.62,-0.6887530303611307
0,choice_only,projected,9,0.62,-0.6474912186392768
0,choice_only,partial,9,0.62,-0.6474912186392768
0,choice_only,standard,10,0.64,-0.6882037173544436
0,choice_only,projected,10,0.62,-0.628175318463386
0,choice_only,partial,10,0.62,-0.628175318463386
0,choice_only,standard,11,0.7,-0.687078562236577
0,choice_only,projected,11,0.66,-0.6292946323599928
0,choice_only,partial,11,0.66,-0.6292946323599928
0,choice_only,standard,12,0.7,-0.6856145559069983
0,choice_only,projected,12,0.66,-0.6161486725141265
0,choice_only,partial,12,0.66,-0.6161486725141265
0,choice_only,standard,13,0.74,-0.6851068560399421
0,choice_only,projected,13,0.64,-0.6200231491055653
0,choice_only,partial,13,0.64,-0.6200231491055653
0,choice_only,standard,14,0.74,-0.684105416285096
0,choice_only,projected,14,0.7,-0.5720451701526549
0,choice_only,partial,14,0.7,-0.5720451701526549
0,choice_only,standard,15,0.76,-0.6840356820160548
0,choice_only,projected,15,0.68,-0.5791437266648357
0,choice_only,partial,15,0.68,-0.5791437266648357
0,choice_only,standard,16,0.78,-0.6829917208281049
0,choice_only,projected,16,0.72,-0.5737096190258729
0,choice_only,partial,16,0.72,-0.5737096190258729
0,choice_only,standard,17,0.76,-0.6825645704123301
0,choice_only,projected,17,0.72,-0.5813769790922706
0,choice_only,partial,17,0.72,-0.5813769790922706
0,choice_only,standard,18,0.74,-0.683043728847566
0,choice_only,projected,18,0.7,-0.5908837431072503
0,choice_only,partial,18,0.7,-0.5908837431072503
0,choice_only,standard,19,0.76,-0.6824070368834352
0,choice_only,projected,19,0.66,-0.6039488774158202
0,choice_only,partial,19,0.66,-0.6039488774158202
0,choice_only,standard,20,0.74,-0.6812016848971031
0,choice_only,projected,20,0.74,-0.5516438635347677
0,choice_only,partial,20,0.74,-0.5516438635347677
0,inference_affirm,standard,1,0.56,-0.692444576678113
0,inference_affirm,projected,1,0.58,-0.6706795487308743
0,inference_affirm,partial,1,0.62,-0.6717618269305696
0,inference_affirm,standard,2,0.64,-0.6917216024592835
0,inference_affirm,projected,2,0.62,-0.6671999568860568
0,inference_affirm,partial,2,0.56,-0.6643488798942907
0,inference_affirm,standard,3,0.6,-0.6908394762307253
0,inference_affirm,projected,3,0.68,-0.6462503710287851
0,inference_affirm,partial,3,0.66,-0.6380893753703041
0,inference_affirm,standard,4,0.58,-0.690564639157856
0,inference_affirm,projected,4,0.68,-0.642748831538042
0,inference_affirm,partial,4,0.66,-0.6565587042515485
0,inference_affirm,standard,5,0.62,-0.6895426445472882
0,inference_affirm,projected,5,0.62,-0.6324656602441783
0,inference_affirm,partial,5,0.56,-0.6400685936032348
0,inference_affirm,standard,6,0.68,-0.6886720427341718
0,inference_affirm,projected,6,0.72,-0.5965052825888761
0,inference_affirm,partial,6,0.64,-0.6141392180005137
0,inference_affirm,standard,7,0.74,-0.6885802144915836
0,inference_affirm,projected,7,0.68,-0.6182547317154883
0,inference_affirm,partial,7,0.58,-0.658143797071575
0,inference_affirm,standard,8,0.62,-0.6892375920313534
0,inference_affirm,projected,8,0.64,-0.6542250748990271
0,inference_affirm,partial,8,0.6,-0.6913620892925221
0,inference_affirm,standard,9,0.62,-0.6887530303611307
0,inference_affirm,projected,9,0.62,-0.6474912186392768
0,inference_affirm,partial,9,0.6,-0.6976463657028306
0,inference_affirm,standard,10,0.64,-0.6882037173544436
0,inference_affirm,projected,10,0.62,-0.628175318463386
0,inference_affirm,partial,10,0.58,-0.6946003917297836
0,inference_affirm,standard,11,0.7,-0.687078562236577
0,inference_affirm,projected,11,0.66,-0.6292946323599928
0,inference_affirm,partial,11,0.58,-0.7015044037815039
0,inference_affirm,standard,12,0.7,-0.6856145559069983
0,inference_affirm,projected,12,0.66,-0.6161486725141265
0,inference_affirm,partial,12,0.58,-0.6760847328801519
0,inference_affirm,standard,13,0.74,-0.6851068560399421
0,inference_affirm,projected,13,0.64,-0.6200231491055653
0,inference_affirm,partial,13,0.6,-0.6855156248746891
0,inference_affirm,standard,14,0.74,-0.684105416285096
0,inference_affirm,projected,14,0.7,-0.5720451701526549
0,inference_affirm,partial,14,0.62,-0.662331269523984
0,inference_affirm,standard,15,0.76,-0.6840356820160548
0,inference_affirm,projected,15,0.68,-0.5791437266648357
0,inference_affirm,partial,15,0.6,-0.6616399547846947
0,inference_affirm,standard,16,0.78,-0.6829917208281049
0,inference_affirm,projected,16,0.72,-0.5737096190258729
0,inference_affirm,partial,16,0.62,-0.660296043629286
0,inference_affirm,standard,17,0.76,-0.6825645704123301
0,inference_affirm,projected,17,0.72,-0.5813769790922706
0,inference_affirm,partial,17,0.62,-0.6639655058490784
0,inference_affirm,standard,18,0.74,-0.683043728847566
0,inference_affirm,projected,18,0.7,-0.5908837431072503
0,inference_affirm,partial,18,0.64,-0.6727735039019972
0,inference_affirm,standard,19,0.76,-0.6824070368834352
0,inference_affirm,projected,19,0.66,-0.6039488774158202
0,inference_affirm,partial,19,0.62,-0.6784585201899476
0,inference_affirm,standard,20,0.74,-0.6812016848971031
0,inference_affirm,projected,20,0.74,-0.5516438635347677
0,inference_affirm,partial,20,0.62,-0.6323143820614823
0,inference_categories,standard,1,0.56,-0.692444576678113
0,inference_categories,projected,1,0.58,-0.6706795487308743
0,inference_categories,partial,1,0.58,-0.6707786015819563
0,inference_categories,standard,2,0.64,-0.6917216024592835
0,inference_categories,projected,2,0.62,-0.6671999568860568
0,inference_categories,partial,2,0.6,-0.6647089618716278
0,inference_categories,standard,3,0.6,-0.6908394762307253
0,inference_categories,projected,3,0.68,-0.6462503710287851
0,inference_categories,partial,3,0.64,-0.6428629594045951
0,inference_categories,standard,4,0.58,-0.690564639157856
0,inference_categories,projected,4,0.68,-0.642748831538042
0,inference_categories,partial,4,0.6,-0.6625542539464777
0,inference_categories,standard,5,0.62,-0.6895426445472882
0,inference_categories,projected,5,0.62,-0.6324656602441783
0,inference_categories,partial,5,0.56,-0.6460390953101515
0,inference_categories,standard,6,0.68,-0.6886720427341718
0,inference_categories,projected,6,0.72,-0.5965052825888761
0,inference_categories,partial,6,0.6,-0.6219528318816984
0,inference_categories,standard,7,0.74,-0.6885802144915836
0,inference_categories,projected,7,0.68,-0.6182547317154883
0,inference_categories,partial,7,0.52,-0.6612870704703565
0,inference_categories,standard,8,0.62,-0.6892375920313534
0,inference_categories,projected,8,0.64,-0.6542250748990271
0,inference_categories,partial,8,0.5,-0.687839206644192
0,inference_categories,standard,9,0.62,-0.6887530303611307
0,inference_categories,projected,9,0.62,-0.6474912186392768
0,inference_categories,partial,9,0.52,-0.6921989243319011
0,inference_categories,standard,10,0.64,-0.6882037173544436
0,inference_categories,projected,10,0.62,-0.628175318463386
0,inference_categories,partial,10,0.56,-0.6881863389345442
0,inference_categories,standard,11,0.7,-0.687078562236577
0,inference_categories,projected,11,0.66,-0.6292946323599928
0,inference_categories,partial,11,0.56,-0.69232291021951
0,inference_categories,standard,12,0.7,-0.6856145559069983
0,inference_categories,projected,12,0.66,-0.6161486725141265
0,inference_categories,partial,12,0.6,-0.6712252716699892
0,inference_categories,standard,13,0.74,-0.6851068560399421
0,inference_categories,projected,13,0.64,-0.6200231491055653
0,inference_categories,partial,13,0.6,-0.6721403474557048
0,inference_categories,standard,14,0.74,-0.684105416285096
0,inference_categories,projected,14,0.7,-0.5720451701526549
0,inference_categories,partial,14,0.62,-0.6352057070697614
0,inference_categories,standard,15,0.76,-0.6840356820160548
0,inference_categories,projected,15,0.68,-0.5791437266648357
0,inference_categories,partial,15,0.6,-0.6591315876737341
0,inference_categories,standard,16,0.78,-0.6829917208281049
0,inference_categories,projected,16,0.72,-0.5737096190258729
0,inference_categories,partial,16,0.62,-0.6553604644302982
0,inference_categories,standard,17,0.76,-0.6825645704123301
0,inference_categories,projected,17,0.72,-0.5813769790922706
0,inference_categories,partial,17,0.6,-0.6588955782922326
0,inference_categories,standard,18,0.74,-0.683043728847566
0,inference_categories,projected,18,0.7,-0.5908837431072503
0,inference_categories,partial,18,0.58,-0.6665126028149282
0,inference_categories,standard,19,0.76,-0.6824070368834352
0,inference_categories,projected,19,0.66,-0.6039488774158202
0,inference_categories,partial,19,0.6,-0.6748960663707362
0,inference_categories,standard,20,0.74,-0.6812016848971031
0,inference_categories,projected,20,0.74,-0.5516438635347677
0,inference_categories,partial,20,0.62,-0.6350215541495569
3,choice_only,standard,1,0.6,-0.6923725689707568
3,choice_only,projected,1,0.7,-0.6253646975015805
3,choice_only,partial,1,0.7,-0.6253646975015805
3,choice_only,standard,2,0.62,-0.6920009472289488
3,choice_only,projected,2,0.66,-0.6381504050681461
3,choice_only,partial,2,0.66,-0.6381504050681461
3,choice_only,standard,3,0.6,-0.691555518364288
3,choice_only,projected,3,0.7,-0.6302904544313456
3,choice_only,partial,3,0.7,-0.6302904544313456
3,choice_only,standard,4,0.66,-0.6911826525443174
3,choice_only,projected,4,0.7,-0.6357188304621476
3,choice_only,partial,4,0.7,-0.6357188304621476
3,choice_only,standard,5,0.66,-0.6899387946172133
3,choice_only,projected,5,0.8,-0.578358167822778
3,choice_only,partial,5,0.8,-0.578358167822778
3,choice_only,standard,6,0.66,-0.6896344385647295
3,choice_only,projected,6,0.74,-0.5539673179417286
3,choice_only,partial,6,0.74,-0.5539673179417286
3,choice_only,standard,7,0.68,-0.6888984335072261
3,choice_only,projected,7,0.74,-0.5580156091617251
3,choice_only,partial,7,0.74,-0.5580156091617251
3,choice_only,standard,8,0.68,-0.689275703796638
3,choice_only,projected,8,0.72,-0.5771750232719427
3,choice_only,partial,8,0.72,-0.5771750232719427
3,choice_only,standard,9,0.68,-0.6887927099982205
3,choice_only,projected,9,0.72,-0.5768508026052658
3,choice_only,partial,9,0.72,-0.5768508026052658
3,choice_only,standard,10,0.68,-0.6882309879414384
3,choice_only,projected,10,0.7,-0.5772807923258383
3,choice_only,partial,10,0.7,-0.5772807923258383
3,choice_only,standard,11,0.7,-0.6861349760050153
3,choice_only,projected,11,0.74,-0.5506087899779368
3,choice_only,partial,11,0.74,-0.5506087899779368
3,choice_only,standard,12,0.68,-0.6857303557500765
3,choice_only,projected,12,0.76,-0.5408794652102346
3,choice_only,partial,12,0.76,-0.5408794652102346
3,choice_only,standard,13,0.68,-0.685544419550439
3,choice_only,projected,13,0.74,-0.5495342830954507
3,choice_only,partial,13,0.74,-0.5495342830954507
3,choice_only,standard,14,0.68,-0.6854314291065288
3,choice_only,projected,14,0.68,-0.5613015900716676
3,choice_only,partial,14,0.68,-0.5613015900716676
3,choice_only,standard,15,0.72,-0.6847255446388982
3,choice_only,projected,15,0.72,-0.5514712295864228
3,choice_only,partial,15,0.72,-0.5514712295864228
3,choice_only,standard,16,0.76,-0.6840200071899012
3,choice_only,projected,16,0.74,-0.5485984963302232
3,choice_only,partial,16,0.74,-0.5485984963302232
3,choice_only,standard,17,0.74,-0.6832956930401786
3,choice_only,projected,17,0.74,-0.5106315702447882
3,choice_only,partial,17,0.74,-0.5106315702447882
3,choice_only,standard,18,0.78,-0.6824365281584461
3,choice_only,projected,18,0.72,-0.5110152590339326
3,choice_only,partial,18,0.72,-0.5110152590339326
3,choice_only,standard,19,0.74,-0.6817738550366663
3,choice_only,projected,19,0.78,-0.46807344933424305
3,choice_only,partial,19,0.78,-0.46807344933424305
3,choice_only,standard,20,0.78,-0.6808329791388452
3,choice_only,projected,20,0.8,-0.46262680534746786
3,choice_only,partial,20,0.8,-0.46262680534746786
3,inference_affirm,standard,1,0.6,-0.6923725689707568
3,inference_affirm,projected,1,0.7,-0.6253646975015805
3,inference_affirm,partial,1,0.62,-0.6299383289673606
3,inference_affirm,standard,2,0.62,-0.6920009472289488
3,inference_affirm,projected,2,0.66,-0.6381504050681461
3,inference_affirm,partial,2,0.58,-0.6453505051503551
3,inference_affirm,standard,3,0.6,-0.691555518364288
3,inference_affirm,projected,3,0.7,-0.6302904544313456
3,inference_affirm,partial,3,0.74,-0.6297077447147272
3,inference_affirm,standard,4,0.66,-0.6911826525443174
3,inference_affirm,projected,4,0.7,-0.6357188304621476
3,inference_affirm,partial,4,0.72,-0.6397413723853137
3,inference_affirm,standard,5,0.66,-0.6899387946172133
3,inference_affirm,projected,5,0.8,-0.578358167822778
3,inference_affirm,partial,5,0.72,-0.6115372140813318
3,inference_affirm,standard,6,0.66,-0.6896344385647295
3,inference_affirm,projected,6,0.74,-0.5539673179417286
3,inference_affirm,partial,6,0.68,-0.6044942613074781
3,inference_affirm,standard,7,0.68,-0.6888984335072261
3,inference_affirm,projected,7,0.74,-0.5580156091617251
3,inference_affirm,partial,7,0.7,-0.6055514595206355
3,inference_affirm,standard,8,0.68,-0.689275703796638
3,inference_affirm,projected,8,0.72,-0.5771750232719427
3,inference_affirm,partial,8,0.64,-0.6130608239646399
3,inference_affirm,standard,9,0.68,-0.6887927099982205
3,inference_affirm,projected,9,0.72,-0.5768508026052658
3,inference_affirm,partial,9,0.76,-0.5923884690785034
3,inference_affirm,standard,10,0.68,-0.6882309879414384
3,inference_affirm,projected,10,0.7,-0.5772807923258383
3,inference_affirm,partial,10,0.68,-0.5961532542476305
3,inference_affirm,standard,11,0.7,-0.6861349760050153
3,inference_affirm,projected,11,0.74,-0.5506087899779368
3,inference_affirm,partial,11,0.74,-0.5666725052022207
3,inference_affirm,standard,12,0.68,-0.6857303557500765
3,inference_affirm,projected,12,0.76,-0.5408794652102346
3,inference_affirm,partial,12,0.72,-0.5605503757766919
3,inference_affirm,standard,13,0.68,-0.685544419550439
3,inference_affirm,projected,13,0.74,-0.5495342830954507
3,inference_affirm,partial,13,0.74,-0.5587994970020944
3,inference_affirm,standard,14,0.68,-0.6854314291065288
3,inference_affirm,projected,14,0.68,-0.5613015900716676
3,inference_affirm,partial,14,0.7,-0.5719351778576673
3,inference_affirm,standard,15,0.72,-0.6847255446388982
3,inference_affirm,projected,15,0.72,-0.5514712295864228
3,inference_affirm,partial,15,0.7,-0.5652018899554434
3,inference_affirm,standard,16,0.76,-0.6840200071899012
3,inference_affirm,projected,16,0.74,-0.5485984963302232
3,inference_affirm,partial,16,0.68,-0.5614149696259354
3,inference_affirm,standard,17,0.74,-0.6832956930401786
3,inference_affirm,projected,17,0.74,-0.5106315702447882
3,inference_affirm,partial,17,0.66,-0.5618408554065853
3,inference_affirm,standard,18,0.78,-0.6824365281584461
3,inference_affirm,projected,18,0.72,-0.5110152590339326
3,inference_affirm,partial,18,0.62,-0.5646845049325784
3,inference_affirm,standard,19,0.74,-0.6817738550366663
3,inference_affirm,projected,19,0.78,-0.46807344933424305
3,inference_affirm,partial,19,0.68,-0.5424389734326813
3,inference_affirm,standard,20,0.78,-0.6808329791388452
3,inference_affirm,projected,20,0.8,-0.46262680534746786
3,inference_affirm,partial,20,0.74,-0.5139806205740293
3,inference_categories,standard,1,0.6,-0.6923725689707568
3,inference_categories,projected,1,0.7,-0.6253646975015805
3,inference_categories,partial,1,0.66,-0.6273336452403911
3,inference_categories,standard,2,0.62,-0.6920009472289488
3,inference_categories,projected,2,0.66,-0.6381504050681461
3,inference_categories,partial,2,0.58,-0.6463074329640749
3,inference_categories,standard,3,0.6,-0.691555518364288
3,inference_categories,projected,3,0.7,-0.6302904544313456
3,inference_categories,partial,3,0.7,-0.634400356767661
3,inference_categories,standard,4,0.66,-0.6911826525443174
3,inference_categories,projected,4,0.7,-0.6357188304621476
3,inference_categories,partial,4,0.68,-0.6439946516437185
3,inference_categories,standard,5,0.66,-0.6899387946172133
3,inference_categories,projected,5,0.8,-0.578358167822778
3,inference_categories,partial,5,0.74,-0.5934508269684291
3,inference_categories,standard,6,0.66,-0.6896344385647295
3,inference_categories,projected,6,0.74,-0.5539673179417286
3,inference_categories,partial,6,0.78,-0.5758760324291969
3,inference_categories,standard,7,0.68,-0.6888984335072261
3,inference_categories,projected,7,0.74,-0.5580156091617251
3,inference_categories,partial,7,0.76,-0.5766371349215099
3,inference_categories,standard,8,0.68,-0.689275703796638
3,inference_categories,projected,8,0.72,-0.5771750232719427
3,inference_categories,partial,8,0.82,-0.5858775462303702
3,inference_categories,standard,9,0.68,-0.6887927099982205
3,inference_categories,projected,9,0.72,-0.5768508026052658
3,inference_categories,partial,9,0.82,-0.5738873439070157
3,inference_categories,standard,10,0.68,-0.6882309879414384
3,inference_categories,projected,10,0.7,-0.5772807923258383
3,inference_categories,partial,10,0.82,-0.572616192609919
3,inference_categories,standard,11,0.7,-0.6861349760050153
3,inference_categories,projected,11,0.74,-0.5506087899779368
3,inference_categories,partial,11,0.84,-0.5418531217980637
3,inference_categories,standard,12,0.68,-0.6857303557500765
3,inference_categories,projected,12,0.76,-0.5408794652102346
3,inference_categories,partial,12,0.84,-0.5321586268181392
3,inference_categories,standard,13,0.68,-0.685544419550439
3,inference_categories,projected,13,0.74,-0.5495342830954507
3,inference_categories,partial,13,0.84,-0.5321513755008358
3,inference_categories,standard,14,0.68,-0.6854314291065288
3,inference_categories,projected,14,0.68,-0.5613015900716676
3,inference_categories,partial,14,0.84,-0.5400804956330355
3,inference_categories,standard,15,0.72,-0.6847255446388982
3,inference_categories,projected,15,0.72,-0.5514712295864228
3,inference_categories,partial,15,0.8,-0.534606392136794
3,inference_categories,standard,16,0.76,-0.6840200071899012
3,inference_categories,projected,16,0.74,-0.5485984963302232
3,inference_categories,partial,16,0.78,-0.5230619305977959
3,inference_categories,standard,17,0.74,-0.6832956930401786
3,inference_categories,projected,17,0.74,-0.5106315702447882
3,inference_categories,partial,17,0.74,-0.494182061345485
3,inference_categories,standard,18,0.78,-0.6824365281584461
3,inference_categories,projected,18,0.72,-0.5110152590339326
3,inference_categories,partial,18,0.76,-0.49843948089092577
3,inference_categories,standard,19,0.74,-0.6817738550366663
3,inference_categories,projected,19,0.78,-0.46807344933424305
3,inference_categories,partial,19,0.78,-0.48767559358453355
3,inference_categories,standard,20,0.78,-0.6808329791388452
3,inference_categories,projected,20,0.8,-0.46262680534746786
3,inference_categories,partial,20,0.74,-0.47109324098739486
1,choice_only,standard,1,0.34,-0.6934761957344954
1,choice_only,projected,1,0.52,-0.6719510637283064
1,choice_only,partial,1,0.52,-0.6719510637283064
1,choice_only,standard,2,0.54,-0.6927623770545276
1,choice_only,projected,2,0.58,-0.6663341992887817
1,choice_only,partial,2,0.58,-0.6663341992887817
1,choice_only,standard,3,0.58,-0.6920392883779298
1,choice_only,projected,3,0.62,-0.6451791591546185
1,choice_only,partial,3,0.62,-0.6451791591546185
1,choice_only,standard,4,0.58,-0.6919639719411728
1,choice_only,projected,4,0.58,-0.6720321464561537
1,choice_only,partial,4,0.58,-0.6720321464561537
1,choice_only,standard,5,0.58,-0.6914296281913238
1,choice_only,projected,5,0.6,-0.6773325604132358
1,choice_only,partial,5,0.6,-0.6773325604132358
1,choice_only,standard,6,0.68,-0.690843186581448
1,choice_only,projected,6,0.62,-0.6609537438555857
1,choice_only,partial,6,0.62,-0.6609537438555857
1,choice_only,standard,7,0.66,-0.6900166971580809
1,choice_only,projected,7,0.66,-0.6511280049400573
1,choice_only,partial,7,0.66,-0.6511280049400573
1,choice_only,standard,8,0.7,-0.6890019425499109
1,choice_only,projected,8,0.7,-0.5855820726683723
1,choice_only,partial,8,0.7,-0.5855820726683723
1,choice_only,standard,9,0.68,-0.6887377366406865
1,choice_only,projected,9,0.7,-0.5789690945838316
1,choice_only,partial,9,0.7,-0.5789690945838316
1,choice_only,standard,10,0.68,-0.6887632138298584
1,choice_only,projected,10,0.7,-0.5880901740708858
1,choice_only,partial,10,0.7,-0.5880901740708858
1,choice_only,standard,11,0.64,-0.6882827423988274
1,choice_only,projected,11,0.64,-0.569636893648585
1,choice_only,partial,11,0.64,-0.569636893648585
1,choice_only,standard,12,0.7,-0.6867709314274747
1,choice_only,projected,12,0.72,-0.5275419471147199
1,choice_only,partial,12,0.72,-0.5275419471147199
1,choice_only,standard,13,0.7,-0.6866111277674166
1,choice_only,projected,13,0.74,-0.5281319816555168
1,choice_only,partial,13,0.74,-0.5281319816555168
1,choice_only,standard,14,0.7,-0.6865829054838026
1,choice_only,projected,14,0.68,-0.5354275149077826
1,choice_only,partial,14,0.68,-0.5354275149077826
1,choice_only,standard,15,0.72,-0.6864120793500906
1,choice_only,projected,15,0.72,-0.5157230651043234
1,choice_only,partial,15,0.72,-0.5157230651043234
1,choice_only,standard,16,0.72,-0.6854470163353659
1,choice_only,projected,16,0.74,-0.5322302997678408
1,choice_only,partial,16,0.74,-0.5322302997678408
1,choice_only,standard,17,0.74,-0.6844120688699938
1,choice_only,projected,17,0.76,-0.5046261833122212
1,choice_only,partial,17,0.76,-0.5046261833122212
1,choice_only,standard,18,0.72,-0.6840652297338312
1,choice_only,projected,18,0.78,-0.4937901061767749
1,choice_only,partial,18,0.78,-0.4937901061767749
1,choice_only,standard,19,0.76,-0.6825855367018202
1,choice_only,projected,19,0.8,-0.4805528192089639
1,choice_only,partial,19,0.8,-0.4805528192089639
1,choice_only,standard,20,0.8,-0.6817321182377271
1,choice_only,projected,20,0.76,-0.48009954460580273
1,choice_only,partial,20,0.76,-0.48009954460580273
1,inference_affirm,standard,1,0.34,-0.6934761957344954
1,inference_affirm,projected,1,0.52,-0.6719510637283064
1,inference_affirm,partial,1,0.62,-0.6604220207281487
1,inference_affirm,standard,2,0.54,-0.6927623770545276
1,inference_affirm,projected,2,0.58,-0.6663341992887817
1,inference_affirm,partial,2,0.54,-0.6731156217363794
1,inference_affirm,standard,3,0.58,-0.6920392883779298
1,inference_affirm,projected,3,0.62,-0.6451791591546185
1,inference_affirm,partial,3,0.58,-0.6692066924908765
1,inference_affirm,standard,4,0.58,-0.6919639719411728
1,inference_affirm,projected,4,0.58,-0.6720321464561537
1,inference_affirm,partial,4,0.54,-0.7006991230508014
1,inference_affirm,standard,5,0.58,-0.6914296281913238
1,inference_affirm,projected,5,0.6,-0.6773325604132358
1,inference_affirm,partial,5,0.5,-0.7078893298584876
1,inference_affirm,standard,6,0.68,-0.690843186581448
1,inference_affirm,projected,6,0.62,-0.6609537438555857
1,inference_affirm,partial,6,0.5,-0.7017551872554633
1,inference_affirm,standard,7,0.66,-0.6900166971580809
1,inference_affirm,projected,7,0.66,-0.6511280049400573
1,inference_affirm,partial,7,0.58,-0.718111232647629
1,inference_affirm,standard,8,0.7,-0.6890019425499109
1,inference_affirm,projected,8,0.7,-0.5855820726683723
1,inference_affirm,partial,8,0.52,-0.7123423030506558
1,inference_affirm,standard,9,0.68,-0.6887377366406865
1,inference_affirm,projected,9,0.7,-0.5789690945838316
1,inference_affirm,partial,9,0.56,-0.7052674773488192
1,inference_affirm,standard,10,0.68,-0.6887632138298584
1,inference_affirm,projected,10,0.7,-0.5880901740708858
1,inference_affirm,partial,10,0.54,-0.7112459042341862
1,inference_affirm,standard,11,0.64,-0.6882827423988274
1,inference_affirm,projected,11,0.64,-0.569636893648585
1,inference_affirm,partial,11,0.62,-0.6826180833883408
1,inference_affirm,standard,12,0.7,-0.6867709314274747
1,inference_affirm,projected,12,0.72,-0.5275419471147199
1,inference_affirm,partial,12,0.64,-0.6452041128192253
1,inference_affirm,standard,13,0.7,-0.6866111277674166
1,inference_affirm,projected,13,0.74,-0.5281319816555168
1,inference_affirm,partial,13,0.64,-0.6621419550375368
1,inference_affirm,standard,14,0.7,-0.6865829054838026
1,inference_affirm,projected,14,0.68,-0.5354275149077826
1,inference_affirm,partial,14,0.64,-0.6386986439775668
1,inference_affirm,standard,15,0.72,-0.6864120793500906
1,inference_affirm,projected,15,0.72,-0.5157230651043234
1,inference_affirm,partial,15,0.6,-0.6236625165681952
1,inference_affirm,standard,16,0.72,-0.6854470163353659
1,inference_affirm,projected,16,0.74,-0.5322302997678408
1,inference_affirm,partial,16,0.6,-0.6419380087704118
1,inference_affirm,standard,17,0.74,-0.6844120688699938
1,inference_affirm,projected,17,0.76,-0.5046261833122212
1,inference_affirm,partial,17,0.6,-0.6217571921009667
1,inference_affirm,standard,18,0.72,-0.6840652297338312
1,inference_affirm,projected,18,0.78,-0.4937901061767749
1,inference_affirm,partial,18,0.58,-0.6249465221785645
1,inference_affirm,standard,19,0.76,-0.6825855367018202
1,inference_affirm,projected,19,0.8,-0.4805528192089639
1,inference_affirm,partial,19,0.64,-0.5904579015846828
1,inference_affirm,standard,20,0.8,-0.6817321182377271
1,inference_affirm,projected,20,0.76,-0.48009954460580273
1,inference_affirm,partial,20,0.66,-0.5903203374517302
1,inference_categories,standard,1,0.34,-0.6934761957344954
1,inference_categories,projected,1,0.52,-0.6719510637283064
1,inference_categories,partial,1,0.54,-0.6703443327879269
1,inference_categories,standard,2,0.54,-0.6927623770545276
1,inference_categories,projected,2,0.58,-0.6663341992887817
1,inference_categories,partial,2,0.56,-0.6633581344845005
1,inference_categories,standard,3,0.58,-0.6920392883779298
1,inference_categories,projected,3,0.62,-0.6451791591546185
1,inference_categories,partial,3,0.62,-0.6491284540195381
1,inference_categories,standard,4,0.58,-0.6919639719411728
1,inference_categories,projected,4,0.58,-0.6720321464561537
1,inference_categories,partial,4,0.62,-0.6464852205330252
1,inference_categories,standard,5,0.58,-0.6914296281913238
1,inference_categories,projected,5,0.6,-0.6773325604132358
1,inference_categories,partial,5,0.62,-0.6526798633321554
1,inference_categories,standard,6,0.68,-0.690843186581448
1,inference_categories,projected,6,0.62,-0.6609537438555857
1,inference_categories,partial,6,0.64,-0.6403862915685643
1,inference_categories,standard,7,0.66,-0.6900166971580809
1,inference_categories,projected,7,0.66,-0.6511280049400573
1,inference_categories,partial,7,0.6,-0.654153250474463
1,inference_categories,standard,8,0.7,-0.6890019425499109
1,inference_categories,projected,8,0.7,-0.5855820726683723
1,inference_categories,partial,8,0.66,-0.6026300269111057
1,inference_categories,standard,9,0.68,-0.6887377366406865
1,inference_categories,projected,9,0.7,-0.5789690945838316
1,inference_categories,partial,9,0.66,-0.5988879065859125
1,inference_categories,standard,10,0.68,-0.6887632138298584
1,inference_categories,projected,10,0.7,-0.5880901740708858
1,inference_categories,partial,10,0.66,-0.6063626105166265
1,inference_categories,standard,11,0.64,-0.6882827423988274
1,inference_categories,projected,11,0.64,-0.569636893648585
1,inference_categories,partial,11,0.66,-0.578084707585154
1,inference_categories,standard,12,0.7,-0.6867709314274747
1,inference_categories,projected,12,0.72,-0.5275419471147199
1,inference_categories,partial,12,0.72,-0.5421934107442912
1,inference_categories,standard,13,0.7,-0.6866111277674166
1,inference_categories,projected,13,0.74,-0.5281319816555168
1,inference_categories,partial,13,0.7,-0.5281758555819693
1,inference_categories,standard,14,0.7,-0.6865829054838026
1,inference_categories,projected,14,0.68,-0.5354275149077826
1,inference_categories,partial,14,0.66,-0.5327675771340846
1,inference_categories,standard,15,0.72,-0.6864120793500906
1,inference_categories,projected,15,0.72,-0.5157230651043234
1,inference_categories,partial,15,0.68,-0.5191195465498438
1,inference_categories,standard,16,0.72,-0.6854470163353659
1,inference_categories,projected,16,0.74,-0.5322302997678408
1,inference_categories,partial,16,0.68,-0.5497269187005825
1,inference_categories,standard,17,0.74,-0.6844120688699938
1,inference_categories,projected,17,0.76,-0.5046261833122212
1,inference_categories,partial,17,0.7,-0.5252664925509959
1,inference_categories,standard,18,0.72,-0.6840652297338312
1,inference_categories,projected,18,0.78,-0.4937901061767749
1,inference_categories,partial,18,0.7,-0.531071271460365
1,inference_categories,standard,19,0.76,-0.6825855367018202
1,inference_categories,projected,19,0.8,-0.4805528192089639
1,inference_categories,partial,19,0.7,-0.5108534285777044
1,inference_categories,standard,20,0.8,-0.6817321182377271
1,inference_categories,projected,20,0.76,-0.48009954460580273
1,inference_categories,partial,20,0.76,-0.49612524314356304
7,choice_only,standard,1,0.56,-0.6924713911464626
7,choice_only,projected,1,0.58,-0.6888352440176732
7,choice_only,partial,1,0.58,-0.6888352440176732
7,choice_only,standard,2,0.54,-0.6923438693616519
7,choice_only,projected,2,0.56,-0.7081534446847896
7,choice_only,partial,2,0.56,-0.7081534446847896
7,choice_only,standard,3,0.54,-0.691913225548817
7,choice_only,projected,3,0.56,-0.6826034786657723
7,choice_only,partial,3,0.56,-0.6826034786657723
7,choice_only,standard,4,0.62,-0.6902157001175848
7,choice_only,projected,4,0.7,-0.608273099453565
7,choice_only,partial,4,0.7,-0.608273099453565
7,choice_only,standard,5,0.68,-0.6891373182343878
7,choice_only,projected,5,0.76,-0.6099556631002975
7,choice_only,partial,5,0.76,-0.6099556631002975
7,choice_only,standard,6,0.74,-0.6875551385804551
7,choice_only,projected,6,0.76,-0.5624082953184143
7,choice_only,partial,6,0.76,-0.5624082953184143
7,choice_only,standard,7,0.74,-0.6862419153785599
7,choice_only,projected,7,0.76,-0.5242751360790132
7,choice_only,partial,7,0.76,-0.5242751360790132
7,choice_only,standard,8,0.76,-0.6857530812603295
7,choice_only,projected,8,0.7,-0.5126052217533916
7,choice_only,partial,8,0.7,-0.5126052217533916
7,choice_only,standard,9,0.78,-0.6851705775417416
7,choice_only,projected,9,0.72,-0.5327025372314137
7,choice_only,partial,9,0.72,-0.5327025372314137
7,choice_only,standard,10,0.8,-0.6852073561490721
7,choice_only,projected,10,0.72,-0.5272198533174834
7,choice_only,partial,10,0.72,-0.5272198533174834
7,choice_only,standard,11,0.76,-0.6844738778428895
7,choice_only,projected,11,0.74,-0.48535501336586895
7,choice_only,partial,11,0.74,-0.48535501336586895
7,choice_only,standard,12,0.74,-0.6834006667813618
7,choice_only,projected,12,0.86,-0.4552680595338574
7,choice_only,partial,12,0.86,-0.4552680595338574
7,choice_only,standard,13,0.78,-0.6820227603096666
7,choice_only,projected,13,0.86,-0.4412260976312997
7,choice_only,partial,13,0.86,-0.4412260976312997
7,choice_only,standard,14,0.78,-0.6807167522765056
7,choice_only,projected,14,0.84,-0.4252438741630599
7,choice_only,partial,14,0.84,-0.4252438741630599
7,choice_only,standard,15,0.76,-0.6800768583731304
7,choice_only,projected,15,0.78,-0.42717389606411965
7,choice_only,partial,15,0.78,-0.42717389606411965
7,choice_only,standard,16,0.78,-0.6788409461330152
7,choice_only,projected,16,0.8,-0.4220205736140437
7,choice_only,partial,16,0.8,-0.4220205736140437
7,choice_only,standard,17,0.78,-0.6773884594130706
7,choice_only,projected,17,0.84,-0.41935420306285587
7,choice_only,partial,17,0.84,-0.41935420306285587
7,choice_only,standard,18,0.82,-0.6773412733635341
7,choice_only,projected,18,0.8,-0.4335832471644832
7,choice_only,partial,18,0.8,-0.4335832471644832
7,choice_only,standard,19,0.8,-0.6757561159239575
7,choice_only,projected,19,0.82,-0.40734170845469886
7,choice_only,partial,19,0.82,-0.40734170845469886
7,choice_only,standard,20,0.82,-0.6750711610351733
7,choice_only,projected,20,0.82,-0.4166885059924194
7,choice_only,partial,20,0.82,-0.4166885059924194
7,inference_affirm,standard,1,0.56,-0.6924713911464626
7,inference_affirm,projected,1,0.58,-0.6888352440176732
7,inference_affirm,partial,1,0.54,-0.6799573324692527
7,inference_affirm,standard,2,0.54,-0.6923438693616519
7,inference_affirm,projected,2,0.56,-0.7081534446847896
7,inference_affirm,partial,2,0.48,-0.6957169773237547
7,inference_affirm,standard,3,0.54,-0.691913225548817
7,inference_affirm,projected,3,0.56,-0.6826034786657723
7,inference_affirm,partial,3,0.66,-0.647364492103486
7,inference_affirm,standard,4,0.62,-0.6902157001175848
7,inference_affirm,projected,4,0.7,-0.608273099453565
7,inference_affirm,partial,4,0.72,-0.5892704486880617
7,inference_affirm,standard,5,0.68,-0.6891373182343878
7,inference_affirm,projected,5,0.76,-0.6099556631002975
7,inference_affirm,partial,5,0.78,-0.5647697168467247
7,inference_affirm,standard,6,0.74,-0.6875551385804551
7,inference_affirm,projected,6,0.76,-0.5624082953184143
7,inference_affirm,partial,6,0.82,-0.5361396344120491
7,inference_affirm,standard,7,0.74,-0.6862419153785599
7,inference_affirm,projected,7,0.76,-0.5242751360790132
7,inference_affirm,partial,7,0.88,-0.49020121011367096
7,inference_affirm,standard,8,0.76,-0.6857530812603295
7,inference_affirm,projected,8,0.7,-0.5126052217533916
7,inference_affirm,partial,8,0.86,-0.4882003117094764
7,inference_affirm,standard,9,0.78,-0.6851705775417416
7,inference_affirm,projected,9,0.72,-0.5327025372314137
7,inference_affirm,partial,9,0.8,-0.4835630325929589
7,inference_affirm,standard,10,0.8,-0.6852073561490721
7,inference_affirm,projected,10,0.72,-0.5272198533174834
7,inference_affirm,partial,10,0.76,-0.5012077622328435
7,inference_affirm,standard,11,0.76,-0.6844738778428895
7,inference_affirm,projected,11,0.74,-0.48535501336586895
7,inference_affirm,partial,11,0.74,-0.5000462347466896
7,inference_affirm,standard,12,0.74,-0.6834006667813618
7,inference_affirm,projected,12,0.86,-0.4552680595338574
7,inference_affirm,partial,12,0.82,-0.4769077282523034
7,inference_affirm,standard,13,0.78,-0.6820227603096666
7,inference_affirm,projected,13,0.86,-0.4412260976312997
7,inference_affirm,partial,13,0.82,-0.4694050661675771
7,inference_affirm,standard,14,0.78,-0.6807167522765056
7,inference_affirm,projected,14,0.84,-0.4252438741630599
7,inference_affirm,partial,14,0.78,-0.45676316041609694
7,inference_affirm,standard,15,0.76,-0.6800768583731304
7,inference_affirm,projected,15,0.78,-0.42717389606411965
7,inference_affirm,partial,15,0.76,-0.4552838293812118
7,inference_affirm,standard,16,0.78,-0.6788409461330152
7,inference_affirm,projected,16,0.8,-0.4220205736140437
7,inference_affirm,partial,16,0.76,-0.4502204435481552
7,inference_affirm,standard,17,0.78,-0.6773884594130706
7,inference_affirm,projected,17,0.84,-0.41935420306285587
7,inference_affirm,partial,17,0.76,-0.4459539877543392
7,inference_affirm,standard,18,0.82,-0.6773412733635341
7,inference_affirm,projected,18,0.8,-0.4335832471644832
7,inference_affirm,partial,18,0.78,-0.4611148762431676
7,inference_affirm,standard,19,0.8,-0.6757561159239575
7,inference_affirm,projected,19,0.82,-0.40734170845469886
7,inference_affirm,partial,19,0.82,-0.42963788800375896
7,inference_affirm,standard,20,0.82,-0.6750711610351733
7,inference_affirm,projected,20,0.82,-0.4166885059924194
7,inference_affirm,partial,20,0.78,-0.44834534205869
7,inference_categories,standard,1,0.56,-0.6924713911464626
7,inference_categories,projected,1,0.58,-0.6888352440176732
7,inference_categories,partial,1,0.54,-0.6799573324692527
7,inference_categories,standard,2,0.54,-0.6923438693616519
7,inference_categories,projected,2,0.56,-0.7081534446847896
7,inference_categories,partial,2,0.48,-0.6957169773237547
7,inference_categories,standard,3,0.54,-0.691913225548817
7,inference_categories,projected,3,0.56,-0.6826034786657723
7,inference_categories,partial,3,0.64,-0.6411559646429668
7,inference_categories,standard,4,0.62,-0.6902157001175848
7,inference_categories,projected,4,0.7,-0.608273099453565
7,inference_categories,partial,4,0.76,-0.5815238129813454
7,inference_categories,standard,5,0.68,-0.6891373182343878
7,inference_categories,projected,5,0.76,-0.6099556631002975
7,inference_categories,partial,5,0.76,-0.5614522213151093
7,inference_categories,standard,6,0.74,-0.6875551385804551
7,inference_categories,projected,6,0.76,-0.5624082953184143
7,inference_categories,partial,6,0.82,-0.5477087412492619
7,inference_categories,standard,7,0.74,-0.6862419153785599
7,inference_categories,projected,7,0.76,-0.5242751360790132
7,inference_categories,partial,7,0.84,-0.4879224089167357
7,inference_categories,standard,8,0.76,-0.6857530812603295
7,inference_categories,projected,8,0.7,-0.5126052217533916
7,inference_categories,partial,8,0.86,-0.4842791550821361
7,inference_categories,standard,9,0.78,-0.6851705775417416
7,inference_categories,projected,9,0.72,-0.5327025372314137
7,inference_categories,partial,9,0.76,-0.4843694562349144
7,inference_categories,standard,10,0.8,-0.6852073561490721
7,inference_categories,projected,10,0.72,-0.5272198533174834
7,inference_categories,partial,10,0.72,-0.49693487409491666
7,inference_categories,standard,11,0.76,-0.6844738778428895
7,inference_categories,projected,11,0.74,-0.48535501336586895
7,inference_categories,partial,11,0.72,-0.4990143303575018
7,inference_categories,standard,12,0.74,-0.6834006667813618
7,inference_categories,projected,12,0.86,-0.4552680595338574
7,inference_categories,partial,12,0.8,-0.47438825890887215
7,inference_categories,standard,13,0.78,-0.6820227603096666
7,inference_categories,projected,13,0.86,-0.4412260976312997
7,inference_categories,partial,13,0.82,-0.47604300630960045
7,inference_categories,standard,14,0.78,-0.6807167522765056
7,inference_categories,projected,14,0.84,-0.4252438741630599
7,inference_categories,partial,14,0.82,-0.45708508305235585
7,inference_categories,standard,15,0.76,-0.6800768583731304
7,inference_categories,projected,15,0.78,-0.42717389606411965
7,inference_categories,partial,15,0.76,-0.4519341740227747
7,inference_categories,standard,16,0.78,-0.6788409461330152
7,inference_categories,projected,16,0.8,-0.4220205736140437
7,inference_categories,partial,16,0.76,-0.445721067882641
7,inference_categories,standard,17,0.78,-0.6773884594130706
7,inference_categories,projected,17,0.84,-0.41935420306285587
7,inference_categories,partial,17,0.78,-0.44225442291148803
7,inference_categories,standard,18,0.82,-0.6773412733635341
7,inference_categories,projected,18,0.8,-0.4335832471644832
7,inference_categories,partial,18,0.76,-0.4563373940536573
7,inference_categories,standard,19,0.8,-0.6757561159239575
7,inference_categories,projected,19,0.82,-0.40734170845469886
7,inference_categories,partial,19,0.82,-0.42681007773972707
7,inference_categories,standard,20,0.82,-0.6750711610351733
7,inference_categories,projected,20,0.82,-0.4166885059924194
7,inference_categories,partial,20,0.78,-0.44368029917367025
5,choice_only,standard,1,0.48,-0.6929845037555848
5,choice_only,projected,1,0.48,-0.7018082407184307
5,choice_only,partial,1,0.48,-0.7018082407184307
5,choice_only,standard,2,0.5,-0.6932295445459067
5,choice_only,projected,2,0.5,-0.7442124766415418
5,choice_only,partial,2,0.5,-0.7442124766415418
5,choice_only,standard,3,0.54,-0.693173779813788
5,choice_only,projected,3,0.5,-0.7241218433258056
5,choice_only,partial,3,0.5,-0.7241218433258056
5,choice_only,standard,4,0.5,-0.6926661900277209
5,choice_only,projected,4,0.62,-0.6704788583870787
5,choice_only,partial,4,0.62,-0.6704788583870787
5,choice_only,standard,5,0.58,-0.6924650899468168
5,choice_only,projected,5,0.56,-0.6842823952781297
5,choice_only,partial,5,0.56,-0.6842823952781297
5,choice_only,standard,6,0.48,-0.6926045893091495
5,choice_only,projected,6,0.54,-0.6926195359590733
5,choice_only,partial,6,0.54,-0.6926195359590733
5,choice_only,standard,7,0.54,-0.6923419548488663
5,choice_only,projected,7,0.56,-0.6793616553397273
5,choice_only,partial,7,0.56,-0.6793616553397273
5,choice_only,standard,8,0.56,-0.6926593249062301
5,choice_only,projected,8,0.58,-0.6891833610136273
5,choice_only,partial,8,0.58,-0.6891833610136273
5,choice_only,standard,9,0.56,-0.6926528155734276
5,choice_only,projected,9,0.52,-0.7072188646924686
5,choice_only,partial,9,0.52,-0.7072188646924686
5,choice_only,standard,10,0.52,-0.6923423270502752
5,choice_only,projected,10,0.52,-0.715823887060029
5,choice_only,partial,10,0.52,-0.715823887060029
5,choice_only,standard,11,0.56,-0.6915981696717912
5,choice_only,projected,11,0.62,-0.6749148627264087
5,choice_only,partial,11,0.62,-0.6749148627264087
5,choice_only,standard,12,0.58,-0.6926116980910227
5,choice_only,projected,12,0.5,-0.7526051325561616
5,choice_only,partial,12,0.5,-0.7526051325561616
5,choice_only,standard,13,0.52,-0.6931709998539152
5,choice_only,projected,13,0.46,-0.7857898486061277
5,choice_only,partial,13,0.46,-0.7857898486061277
5,choice_only,standard,14,0.52,-0.6929513398694489
5,choice_only,projected,14,0.46,-0.7844671538066091
5,choice_only,partial,14,0.46,-0.7844671538066091
5,choice_only,standard,15,0.5,-0.6924430971735078
5,choice_only,projected,15,0.46,-0.7912229142313941
5,choice_only,partial,15,0.46,-0.7912229142313941
5,choice_only,standard,16,0.54,-0.6916811028375518
5,choice_only,projected,16,0.46,-0.7725129081288116
5,choice_only,partial,16,0.46,-0.7725129081288116
5,choice_only,standard,17,0.54,-0.6921763093761649
5,choice_only,projected,17,0.5,-0.7736357857867227
5,choice_only,partial,17,0.5,-0.7736357857867227
5,choice_only,standard,18,0.6,-0.6911900006220563
5,choice_only,projected,18,0.48,-0.7674563373502921
5,choice_only,partial,18,0.48,-0.7674563373502921
5,choice_only,standard,19,0.58,-0.6913960766246718
5,choice_only,projected,19,0.5,-0.7512387521759214
5,choice_only,partial,19,0.5,-0.7512387521759214
5,choice_only,standard,20,0.62,-0.6908491249447625
5,choice_only,projected,20,0.54,-0.7517094758381541
5,choice_only,partial,20,0.54,-0.7517094758381541
5,inference_affirm,standard,1,0.48,-0.6929845037555848
5,inference_affirm,projected,1,0.48,-0.7018082407184307
5,inference_affirm,partial,1,0.56,-0.6800253800613599
5,inference_affirm,standard,2,0.5,-0.6932295445459067
5,inference_affirm,projected,2,0.5,-0.7442124766415418
5,inference_affirm,partial,2,0.5,-0.7025360910737664
5,inference_affirm,standard,3,0.54,-0.693173779813788
5,inference_affirm,projected,3,0.5,-0.7241218433258056
5,inference_affirm,partial,3,0.56,-0.7000873366999636
5,inference_affirm,standard,4,0.5,-0.6926661900277209
5,inference_affirm,projected,4,0.62,-0.6704788583870787
5,inference_affirm,partial,4,0.58,-0.6599252542166967
5,inference_affirm,standard,5,0.58,-0.6924650899468168
5,inference_affirm,projected,5,0.56,-0.6842823952781297
5,inference_affirm,partial,5,0.6,-0.6618285298338588
5,inference_affirm,standard,6,0.48,-0.6926045893091495
5,inference_affirm,projected,6,0.54,-0.6926195359590733
5,inference_affirm,partial,6,0.62,-0.6606561729811695
5,inference_affirm,standard,7,0.54,-0.6923419548488663
5,inference_affirm,projected,7,0.56,-0.6793616553397273
5,inference_affirm,partial,7,0.64,-0.6501540365887816
5,inference_affirm,standard,8,0.56,-0.6926593249062301
5,inference_affirm,projected,8,0.58,-0.6891833610136273
5,inference_affirm,partial,8,0.6,-0.6478948947589238
5,inference_affirm,standard,9,0.56,-0.6926528155734276
5,inference_affirm,projected,9,0.52,-0.7072188646924686
5,inference_affirm,partial,9,0.56,-0.6586572863195257
5,inference_affirm,standard,10,0.52,-0.6923423270502752
5,inference_affirm,projected,10,0.52,-0.715823887060029
5,inference_affirm,partial,10,0.54,-0.6743930065391059
5,inference_affirm,standard,11,0.56,-0.6915981696717912
5,inference_affirm,projected,11,0.62,-0.6749148627264087
5,inference_affirm,partial,11,0.62,-0.628685639536626
5,inference_affirm,standard,12,0.58,-0.6926116980910227
5,inference_affirm,projected,12,0.5,-0.7526051325561616
5,inference_affirm,partial,12,0.62,-0.6376151179787206
5,inference_affirm,standard,13,0.52,-0.6931709998539152
5,inference_affirm,projected,13,0.46,-0.7857898486061277
5,inference_affirm,partial,13,0.56,-0.664535012419688
5,inference_affirm,standard,14,0.52,-0.6929513398694489
5,inference_affirm,projected,14,0.46,-0.7844671538066091
5,inference_affirm,partial,14,0.52,-0.6619564408131842
5,inference_affirm,standard,15,0.5,-0.6924430971735078
5,inference_affirm,projected,15,0.46,-0.7912229142313941
5,inference_affirm,partial,15,0.56,-0.6542635128953992
5,inference_affirm,standard,16,0.54,-0.6916811028375518
5,inference_affirm,projected,16,0.46,-0.7725129081288116
5,inference_affirm,partial,16,0.56,-0.6542830380580267
5,inference_affirm,standard,17,0.54,-0.6921763093761649
5,inference_affirm,projected,17,0.5,-0.7736357857867227
5,inference_affirm,partial,17,0.56,-0.657237191421484
5,inference_affirm,standard,18,0.6,-0.6911900006220563
5,inference_affirm,projected,18,0.48,-0.7674563373502921
5,inference_affirm,partial,18,0.56,-0.6539182514130866
5,inference_affirm,standard,19,0.58,-0.6913960766246718
5,inference_affirm,projected,19,0.5,-0.7512387521759214
5,inference_affirm,partial,19,0.58,-0.6499165106966666
5,inference_affirm,standard,20,0.62,-0.6908491249447625
5,inference_affirm,projected,20,0.54,-0.7517094758381541
5,inference_affirm,partial,20,0.58,-0.6454353917603316
5,inference_categories,standard,1,0.48,-0.6929845037555848
5,inference_categories,projected,1,0.48,-0.7018082407184307
5,inference_categories,partial,1,0.56,-0.6767099064880563
5,inference_categories,standard,2,0.5,-0.6932295445459067
5,inference_categories,projected,2,0.5,-0.7442124766415418
5,inference_categories,partial,2,0.54,-0.7082041682653413
5,inference_categories,standard,3,0.54,-0.693173779813788
5,inference_categories,projected,3,0.5,-0.7241218433258056
5,inference_categories,partial,3,0.58,-0.6836693243887642
5,inference_categories,standard,4,0.5,-0.6926661900277209
5,inference_categories,projected,4,0.62,-0.6704788583870787
5,inference_categories,partial,4,0.62,-0.6393471475125045
5,inference_categories,standard,5,0.58,-0.6924650899468168
5,inference_categories,projected,5,0.56,-0.6842823952781297
5,inference_categories,partial,5,0.62,-0.6458474801943
5,inference_categories,standard,6,0.48,-0.6926045893091495
5,inference_categories,projected,6,0.54,-0.6926195359590733
5,inference_categories,partial,6,0.64,-0.6452742053309045
5,inference_categories,standard,7,0.54,-0.6923419548488663
5,inference_categories,projected,7,0.56,-0.6793616553397273
5,inference_categories,partial,7,0.68,-0.6359425603883638
5,inference_categories,standard,8,0.56,-0.6926593249062301
5,inference_categories,projected,8,0.58,-0.6891833610136273
5,inference_categories,partial,8,0.56,-0.648609225488574
5,inference_categories,standard,9,0.56,-0.6926528155734276
5,inference_categories,projected,9,0.52,-0.7072188646924686
5,inference_categories,partial,9,0.52,-0.6626236816868922
5,inference_categories,standard,10,0.52,-0.6923423270502752
5,inference_categories,projected,10,0.52,-0.715823887060029
5,inference_categories,partial,10,0.52,-0.671520642215211
5,inference_categories,standard,11,0.56,-0.6915981696717912
5,inference_categories,projected,11,0.62,-0.6749148627264087
5,inference_categories,partial,11,0.64,-0.6156924909452158
5,inference_categories,standard,12,0.58,-0.6926116980910227
5,inference_categories,projected,12,0.5,-0.7526051325561616
5,inference_categories,partial,12,0.58,-0.6444460935006704
5,inference_categories,standard,13,0.52,-0.6931709998539152
5,inference_categories,projected,13,0.46,-0.7857898486061277
5,inference_categories,partial,13,0.52,-0.6873997216591238
5,inference_categories,standard,14,0.52,-0.6929513398694489
5,inference_categories,projected,14,0.46,-0.7844671538066091
5,inference_categories,partial,14,0.5,-0.6836231124401075
5,inference_categories,standard,15,0.5,-0.6924430971735078
5,inference_categories,projected,15,0.46,-0.7912229142313941
5,inference_categories,partial,15,0.54,-0.6786733176892139
5,inference_categories,standard,16,0.54,-0.6916811028375518
5,inference_categories,projected,16,0.46,-0.7725129081288116
5,inference_categories,partial,16,0.52,-0.6751906174923703
5,inference_categories,standard,17,0.54,-0.6921763093761649
5,inference_categories,projected,17,0.5,-0.7736357857867227
5,inference_categories,partial,17,0.54,-0.6697226174554642
5,inference_categories,standard,18,0.6,-0.6911900006220563
5,inference_categories,projected,18,0.48,-0.7674563373502921
5,inference_categories,partial,18,0.54,-0.6700290499333407
5,inference_categories,standard,19,0.58,-0.6913960766246718
5,inference_categories,projected,19,0.5,-0.7512387521759214
5,inference_categories,partial,19,0.54,-0.6654694263067945
5,inference_categories,standard,20,0.62,-0.6908491249447625
5,inference_categories,projected,20,0.54,-0.7517094758381541
5,inference_categories,partial,20,0.54,-0.6626803888218065
6,choice_only,standard,1,0.64,-0.6923699477979832
6,choice_only,projected,1,0.56,-0.6775766053741593
6,choice_only,partial,1,0.56,-0.6775766053741593
6,choice_only,standard,2,0.64,-0.6917511219409426
6,choice_only,projected,2,0.72,-0.6475159217492527
6,choice_only,partial,2,0.72,-0.6475159217492527
6,choice_only,standard,3,0.68,-0.6900991847448982
6,choice_only,projected,3,0.62,-0.6254436466909903
6,choice_only,partial,3,0.62,-0.6254436466909903
6,choice_only,standard,4,0.7,-0.6888676685206597
6,choice_only,projected,4,0.68,-0.6083025299945658
6,choice_only,partial,4,0.68,-0.6083025299945658
6,choice_only,standard,5,0.68,-0.6886987247091793
6,choice_only,projected,5,0.68,-0.5984325032823842
6,choice_only,partial,5,0.68,-0.5984325032823842
6,choice_only,standard,6,0.7,-0.6882198353384308
6,choice_only,projected,6,0.72,-0.5795913692480815
6,choice_only,partial,6,0.72,-0.5795913692480815
6,choice_only,standard,7,0.66,-0.6880834399819988
6,choice_only,projected,7,0.72,-0.5894237166104838
6,choice_only,partial,7,0.72,-0.5894237166104838
6,choice_only,standard,8,0.66,-0.6880613356700499
6,choice_only,projected,8,0.7,-0.575240145781573
6,choice_only,partial,8,0.7,-0.575240145781573
6,choice_only,standard,9,0.68,-0.6876211656164923
6,choice_only,projected,9,0.7,-0.5820899356438294
6,choice_only,partial,9,0.7,-0.5820899356438294
6,choice_only,standard,10,0.72,-0.686829982743085
6,choice_only,projected,10,0.72,-0.5698048113766122
6,choice_only,partial,10,0.72,-0.5698048113766122
6,choice_only,standard,11,0.74,-0.6865288173785765
6,choice_only,projected,11,0.72,-0.5587804798299078
6,choice_only,partial,11,0.72,-0.5587804798299078
6,choice_only,standard,12,0.74,-0.6854318862053077
6,choice_only,projected,12,0.74,-0.5405765921809695
6,choice_only,partial,12,0.74,-0.5405765921809695
6,choice_only,standard,13,0.72,-0.6842756703970688
6,choice_only,projected,13,0.76,-0.5221438302033278
6,choice_only,partial,13,0.76,-0.5221438302033278
6,choice_only,standard,14,0.72,-0.68475072629975
6,choice_only,projected,14,0.74,-0.5408734853480768
6,choice_only,partial,14,0.74,-0.5408734853480768
6,choice_only,standard,15,0.76,-0.6840665486985863
6,choice_only,projected,15,0.76,-0.5149659663088164
6,choice_only,partial,15,0.76,-0.5149659663088164
6,choice_only,standard,16,0.74,-0.6840220614867549
6,choice_only,projected,16,0.74,-0.5116610712277129
6,choice_only,partial,16,0.74,-0.5116610712277129
6,choice_only,standard,17,0.74,-0.6841664927881972
6,choice_only,projected,17,0.74,-0.4906598047642371
6,choice_only,partial,17,0.74,-0.4906598047642371
6,choice_only,standard,18,0.72,-0.6833943309882501
6,choice_only,projected,18,0.72,-0.49688136839435165
6,choice_only,partial,18,0.72,-0.49688136839435165
6,choice_only,standard,19,0.78,-0.683294650519057
6,choice_only,projected,19,0.78,-0.48806061210552687
6,choice_only,partial,19,0.78,-0.48806061210552687
6,choice_only,standard,20,0.8,-0.6834268120584177
6,choice_only,projected,20,0.74,-0.4896902864516448
6,choice_only,partial,20,0.74,-0.4896902864516448
6,inference_affirm,standard,1,0.64,-0.6923699477979832
6,inference_affirm,projected,1,0.56,-0.6775766053741593
6,inference_affirm,partial,1,0.58,-0.6711866142062416
6,inference_affirm,standard,2,0.64,-0.6917511219409426
6,inference_affirm,projected,2,0.72,-0.6475159217492527
6,inference_affirm,partial,2,0.7,-0.6445635740047052
6,inference_affirm,standard,3,0.68,-0.6900991847448982
6,inference_affirm,projected,3,0.62,-0.6254436466909903
6,inference_affirm,partial,3,0.72,-0.6115237538684252
6,inference_affirm,standard,4,0.7,-0.6888676685206597
6,inference_affirm,projected,4,0.68,-0.6083025299945658
6,inference_affirm,partial,4,0.64,-0.6272123772567956
6,inference_affirm,standard,5,0.68,-0.6886987247091793
6,inference_affirm,projected,5,0.68,-0.5984325032823842
6,inference_affirm,partial,5,0.66,-0.6191447215135059
6,inference_affirm,standard,6,0.7,-0.6882198353384308
6,inference_affirm,projected,6,0.72,-0.5795913692480815
6,inference_affirm,partial,6,0.64,-0.6083038809301042
6,inference_affirm,standard,7,0.66,-0.6880834399819988
6,inference_affirm,projected,7,0.72,-0.5894237166104838
6,inference_affirm,partial,7,0.6,-0.6132519295079052
6,inference_affirm,standard,8,0.66,-0.6880613356700499
6,inference_affirm,projected,8,0.7,-0.575240145781573
6,inference_affirm,partial,8,0.66,-0.6047354630123297
6,inference_affirm,standard,9,0.68,-0.6876211656164923
6,inference_affirm,projected,9,0.7,-0.5820899356438294
6,inference_affirm,partial,9,0.66,-0.6096346145187752
6,inference_affirm,standard,10,0.72,-0.686829982743085
6,inference_affirm,projected,10,0.72,-0.5698048113766122
6,inference_affirm,partial,10,0.72,-0.5676774789755268
6,inference_affirm,standard,11,0.74,-0.6865288173785765
6,inference_affirm,projected,11,0.72,-0.5587804798299078
6,inference_affirm,partial,11,0.7,-0.5523984246496313
6,inference_affirm,standard,12,0.74,-0.6854318862053077
6,inference_affirm,projected,12,0.74,-0.5405765921809695
6,inference_affirm,partial,12,0.76,-0.5334969768056702
6,inference_affirm,standard,13,0.72,-0.6842756703970688
6,inference_affirm,projected,13,0.76,-0.5221438302033278
6,inference_affirm,partial,13,0.82,-0.5140709286159955
6,inference_affirm,standard,14,0.72,-0.68475072629975
6,inference_affirm,projected,14,0.74,-0.5408734853480768
6,inference_affirm,partial,14,0.8,-0.5188171808681438
6,inference_affirm,standard,15,0.76,-0.6840665486985863
6,inference_affirm,projected,15,0.76,-0.5149659663088164
6,inference_affirm,partial,15,0.8,-0.5061126878632085
6,inference_affirm,standard,16,0.74,-0.6840220614867549
6,inference_affirm,projected,16,0.74,-0.5116610712277129
6,inference_affirm,partial,16,0.82,-0.5092926946668821
6,inference_affirm,standard,17,0.74,-0.6841664927881972
6,inference_affirm,projected,17,0.74,-0.4906598047642371
6,inference_affirm,partial,17,0.8,-0.5148506251801271
6,inference_affirm,standard,18,0.72,-0.6833943309882501
6,inference_affirm,projected,18,0.72,-0.49688136839435165
6,inference_affirm,partial,18,0.74,-0.5195056870076546
6,inference_affirm,standard,19,0.78,-0.683294650519057
6,inference_affirm,projected,19,0.78,-0.48806061210552687
6,inference_affirm,partial,19,0.74,-0.5159448153684926
6,inference_affirm,standard,20,0.8,-0.6834268120584177
6,inference_affirm,projected,20,0.74,-0.4896902864516448
6,inference_affirm,partial,20,0.72,-0.5122178886554218
6,inference_categories,standard,1,0.64,-0.6923699477979832
6,inference_categories,projected,1,0.56,-0.6775766053741593
6,inference_categories,partial,1,0.54,-0.6842743975593861
6,inference_categories,standard,2,0.64,-0.6917511219409426
6,inference_categories,projected,2,0.72,-0.6475159217492527
6,inference_categories,partial,2,0.62,-0.653247626165762
6,inference_categories,standard,3,0.68,-0.6900991847448982
6,inference_categories,projected,3,0.62,-0.6254436466909903
6,inference_categories,partial,3,0.62,-0.6305389554208543
6,inference_categories,standard,4,0.7,-0.6888676685206597
6,inference_categories,projected,4,0.68,-0.6083025299945658
6,inference_categories,partial,4,0.64,-0.6369960449319171
6,inference_categories,standard,5,0.68,-0.6886987247091793
6,inference_categories,projected,5,0.68,-0.5984325032823842
6,inference_categories,partial,5,0.64,-0.6310010645160551
6,inference_categories,standard,6,0.7,-0.6882198353384308
6,inference_categories,projected,6,0.72,-0.5795913692480815
6,inference_categories,partial,6,0.68,-0.6149575486109817
6,inference_categories,standard,7,0.66,-0.6880834399819988
6,inference_categories,projected,7,0.72,-0.5894237166104838
6,inference_categories,partial,7,0.64,-0.6254360668453401
6,inference_categories,standard,8,0.66,-0.6880613356700499
6,inference_categories,projected,8,0.7,-0.575240145781573
6,inference_categories,partial,8,0.62,-0.6139732702207046
6,inference_categories,standard,9,0.68,-0.6876211656164923
6,inference_categories,projected,9,0.7,-0.5820899356438294
6,inference_categories,partial,9,0.62,-0.613904558884971
6,inference_categories,standard,10,0.72,-0.686829982743085
6,inference_categories,projected,10,0.72,-0.5698048113766122
6,inference_categories,partial,10,0.72,-0.5882257802827909
6,inference_categories,standard,11,0.74,-0.6865288173785765
6,inference_categories,projected,11,0.72,-0.5587804798299078
6,inference_categories,partial,11,0.7,-0.5738625949746685
6,inference_categories,standard,12,0.74,-0.6854318862053077
6,inference_categories,projected,12,0.74,-0.5405765921809695
6,inference_categories,partial,12,0.72,-0.5483700041020027
6,inference_categories,standard,13,0.72,-0.6842756703970688
6,inference_categories,projected,13,0.76,-0.5221438302033278
6,inference_categories,partial,13,0.74,-0.5289361653704087
6,inference_categories,standard,14,0.72,-0.68475072629975
6,inference_categories,projected,14,0.74,-0.5408734853480768
6,inference_categories,partial,14,0.72,-0.5268152885742075
6,inference_categories,standard,15,0.76,-0.6840665486985863
6,inference_categories,projected,15,0.76,-0.5149659663088164
6,inference_categories,partial,15,0.76,-0.5203812881539263
6,inference_categories,standard,16,0.74,-0.6840220614867549
6,inference_categories,projected,16,0.74,-0.5116610712277129
6,inference_categories,partial,16,0.76,-0.5225050327773502
6,inference_categories,standard,17,0.74,-0.6841664927881972
6,inference_categories,projected,17,0.74,-0.4906598047642371
6,inference_categories,partial,17,0.78,-0.525028211312583
6,inference_categories,standard,18,0.72,-0.6833943309882501
6,inference_categories,projected,18,0.72,-0.49688136839435165
6,inference_categories,partial,18,0.74,-0.5280577981193393
6,inference_categories,standard,19,0.78,-0.683294650519057
6,inference_categories,projected,19,0.78,-0.48806061210552687
6,inference_categories,partial,19,0.76,-0.5192859335517975
6,inference_categories,standard,20,0.8,-0.6834268120584177
6,inference_categories,projected,20,0.74,-0.4896902864516448
6,inference_categories,partial,20,0.7,-0.5219578054891896
4,choice_only,standard,1,0.66,-0.6920962493916356
4,choice_only,projected,1,0.58,-0.6786023572561578
4,choice_only,partial,1,0.58,-0.6786023572561578
4,choice_only,standard,2,0.82,-0.6904111600031819
4,choice_only,projected,2,0.66,-0.627910877276423
4,choice_only,partial,2,0.66,-0.627910877276423
4,choice_only,standard,3,0.7,-0.6911935209236817
4,choice_only,projected,3,0.72,-0.627126663131272
4,choice_only,partial,3,0.72,-0.627126663131272
4,choice_only,standard,4,0.68,-0.6905584404166397
4,choice_only,projected,4,0.66,-0.6276352435761785
4,choice_only,partial,4,0.66,-0.6276352435761785
4,choice_only,standard,5,0.78,-0.6890449431914734
4,choice_only,projected,5,0.68,-0.5814774358381762
4,choice_only,partial,5,0.68,-0.5814774358381762
4,choice_only,standard,6,0.7,-0.6898020718858665
4,choice_only,projected,6,0.64,-0.5745401106525077
4,choice_only,partial,6,0.64,-0.5745401106525077
4,choice_only,standard,7,0.72,-0.6888459180313709
4,choice_only,projected,7,0.66,-0.5534357507498524
4,choice_only,partial,7,0.66,-0.5534357507498524
4,choice_only,standard,8,0.66,-0.6892691744069755
4,choice_only,projected,8,0.74,-0.5514920813503253
4,choice_only,partial,8,0.74,-0.5514920813503253
4,choice_only,standard,9,0.68,-0.6885644742961442
4,choice_only,projected,9,0.7,-0.5572142721390955
4,choice_only,partial,9,0.7,-0.5572142721390955
4,choice_only,standard,10,0.62,-0.6895132612915823
4,choice_only,projected,10,0.7,-0.582126484431769
4,choice_only,partial,10,0.7,-0.582126484431769
4,choice_only,standard,11,0.66,-0.6891587359236546
4,choice_only,projected,11,0.74,-0.5542644846320982
4,choice_only,partial,11,0.74,-0.5542644846320982
4,choice_only,standard,12,0.68,-0.6891478760133775
4,choice_only,projected,12,0.74,-0.5689004509559105
4,choice_only,partial,12,0.74,-0.5689004509559105
4,choice_only,standard,13,0.7,-0.688399988077532
4,choice_only,projected,13,0.7,-0.5604366369097221
4,choice_only,partial,13,0.7,-0.5604366369097221
4,choice_only,standard,14,0.66,-0.688681716920842
4,choice_only,projected,14,0.7,-0.5332182566069357
4,choice_only,partial,14,0.7,-0.5332182566069357
4,choice_only,standard,15,0.64,-0.6891695305152461
4,choice_only,projected,15,0.72,-0.5333707613718013
4,choice_only,partial,15,0.72,-0.5333707613718013
4,choice_only,standard,16,0.62,-0.6883461221174718
4,choice_only,projected,16,0.7,-0.5152436146092106
4,choice_only,partial,16,0.7,-0.5152436146092106
4,choice_only,standard,17,0.66,-0.6874401105434219
4,choice_only,projected,17,0.72,-0.5143822844206601
4,choice_only,partial,17,0.72,-0.5143822844206601
4,choice_only,standard,18,0.64,-0.6869180847679952
4,choice_only,projected,18,0.72,-0.5027975328809052
4,choice_only,partial,18,0.72,-0.5027975328809052
4,choice_only,standard,19,0.72,-0.6854366490687247
4,choice_only,projected,19,0.74,-0.4970274780008429
4,choice_only,partial,19,0.74,-0.4970274780008429
4,choice_only,standard,20,0.74,-0.6853587895585841
4,choice_only,projected,20,0.74,-0.5065296843649036
4,choice_only,partial,20,0.74,-0.5065296843649036
4,inference_affirm,standard,1,0.66,-0.6920962493916356
4,inference_affirm,projected,1,0.58,-0.6786023572561578
4,inference_affirm,partial,1,0.58,-0.6760888887550333
4,inference_affirm,standard,2,0.82,-0.6904111600031819
4,inference_affirm,projected,2,0.66,-0.627910877276423
4,inference_affirm,partial,2,0.64,-0.6293208916168074
4,inference_affirm,standard,3,0.7,-0.6911935209236817
4,inference_affirm,projected,3,0.72,-0.627126663131272
4,inference_affirm,partial,3,0.68,-0.626221114019105
4,inference_affirm,standard,4,0.68,-0.6905584404166397
4,inference_affirm,projected,4,0.66,-0.6276352435761785
4,inference_affirm,partial,4,0.66,-0.6205383362083216
4,inference_affirm,standard,5,0.78,-0.6890449431914734
4,inference_affirm,projected,5,0.68,-0.5814774358381762
4,inference_affirm,partial,5,0.72,-0.598493743418623
4,inference_affirm,standard,6,0.7,-0.6898020718858665
4,inference_affirm,projected,6,0.64,-0.5745401106525077
4,inference_affirm,partial,6,0.72,-0.5976249006095797
4,inference_affirm,standard,7,0.72,-0.6888459180313709
4,inference_affirm,projected,7,0.66,-0.5534357507498524
4,inference_affirm,partial,7,0.7,-0.5960262069127468
4,inference_affirm,standard,8,0.66,-0.6892691744069755
4,inference_affirm,projected,8,0.74,-0.5514920813503253
4,inference_affirm,partial,8,0.64,-0.5924329363024589
4,inference_affirm,standard,9,0.68,-0.6885644742961442
4,inference_affirm,projected,9,0.7,-0.5572142721390955
4,inference_affirm,partial,9,0.62,-0.6159289408776152
4,inference_affirm,standard,10,0.62,-0.6895132612915823
4,inference_affirm,projected,10,0.7,-0.582126484431769
4,inference_affirm,partial,10,0.64,-0.6247042358899542
4,inference_affirm,standard,11,0.66,-0.6891587359236546
4,inference_affirm,projected,11,0.74,-0.5542644846320982
4,inference_affirm,partial,11,0.66,-0.5568618155953395
4,inference_affirm,standard,12,0.68,-0.6891478760133775
4,inference_affirm,projected,12,0.74,-0.5689004509559105
4,inference_affirm,partial,12,0.66,-0.5607585011424966
4,inference_affirm,standard,13,0.7,-0.688399988077532
4,inference_affirm,projected,13,0.7,-0.5604366369097221
4,inference_affirm,partial,13,0.66,-0.5576189418485504
4,inference_affirm,standard,14,0.66,-0.688681716920842
4,inference_affirm,projected,14,0.7,-0.5332182566069357
4,inference_affirm,partial,14,0.76,-0.5294432413104613
4,inference_affirm,standard,15,0.64,-0.6891695305152461
4,inference_affirm,projected,15,0.72,-0.5333707613718013
4,inference_affirm,partial,15,0.76,-0.5037541611035191
4,inference_affirm,standard,16,0.62,-0.6883461221174718
4,inference_affirm,projected,16,0.7,-0.5152436146092106
4,inference_affirm,partial,16,0.76,-0.4915105624624184
4,inference_affirm,standard,17,0.66,-0.6874401105434219
4,inference_affirm,projected,17,0.72,-0.5143822844206601
4,inference_affirm,partial,17,0.76,-0.4933367127004862
4,inference_affirm,standard,18,0.64,-0.6869180847679952
4,inference_affirm,projected,18,0.72,-0.5027975328809052
4,inference_affirm,partial,18,0.78,-0.4844353034749224
4,inference_affirm,standard,19,0.72,-0.6854366490687247
4,inference_affirm,projected,19,0.74,-0.4970274780008429
4,inference_affirm,partial,19,0.78,-0.48591139554075696
4,inference_affirm,standard,20,0.74,-0.6853587895585841
4,inference_affirm,projected,20,0.74,-0.5065296843649036
4,inference_affirm,partial,20,0.74,-0.5000479622734008
4,inference_categories,standard,1,0.66,-0.6920962493916356
4,inference_categories,projected,1,0.58,-0.6786023572561578
4,inference_categories,partial,1,0.54,-0.6789056825895184
4,inference_categories,standard,2,0.82,-0.6904111600031819
4,inference_categories,projected,2,0.66,-0.627910877276423
4,inference_categories,partial,2,0.62,-0.6331963498294367
4,inference_categories,standard,3,0.7,-0.6911935209236817
4,inference_categories,projected,3,0.72,-0.627126663131272
4,inference_categories,partial,3,0.68,-0.6329884623672882
4,inference_categories,standard,4,0.68,-0.6905584404166397
4,inference_categories,projected,4,0.66,-0.6276352435761785
4,inference_categories,partial,4,0.68,-0.6220989241394469
4,inference_categories,standard,5,0.78,-0.6890449431914734
4,inference_categories,projected,5,0.68,-0.5814774358381762
4,inference_categories,partial,5,0.7,-0.5841745379844681
4,inference_categories,standard,6,0.7,-0.6898020718858665
4,inference_categories,projected,6,0.64,-0.5745401106525077
4,inference_categories,partial,6,0.64,-0.5828586883345412
4,inference_categories,standard,7,0.72,-0.6888459180313709
4,inference_categories,projected,7,0.66,-0.5534357507498524
4,inference_categories,partial,7,0.7,-0.5659080091997639
4,inference_categories,standard,8,0.66,-0.6892691744069755
4,inference_categories,projected,8,0.74,-0.5514920813503253
4,inference_categories,partial,8,0.7,-0.566013604832747
4,inference_categories,standard,9,0.68,-0.6885644742961442
4,inference_categories,projected,9,0.7,-0.5572142721390955
4,inference_categories,partial,9,0.66,-0.5810979340122766
4,inference_categories,standard,10,0.62,-0.6895132612915823
4,inference_categories,projected,10,0.7,-0.582126484431769
4,inference_categories,partial,10,0.6,-0.6060727301502749
4,inference_categories,standard,11,0.66,-0.6891587359236546
4,inference_categories,projected,11,0.74,-0.5542644846320982
4,inference_categories,partial,11,0.68,-0.5465788213449074
4,inference_categories,standard,12,0.68,-0.6891478760133775
4,inference_categories,projected,12,0.74,-0.5689004509559105
4,inference_categories,partial,12,0.66,-0.5533074098136462
4,inference_categories,standard,13,0.7,-0.688399988077532
4,inference_categories,projected,13,0.7,-0.5604366369097221
4,inference_categories,partial,13,0.66,-0.5485860643552912
4,inference_categories,standard,14,0.66,-0.688681716920842
4,inference_categories,projected,14,0.7,-0.5332182566069357
4,inference_categories,partial,14,0.74,-0.5204675865655904
4,inference_categories,standard,15,0.64,-0.6891695305152461
4,inference_categories,projected,15,0.72,-0.5333707613718013
4,inference_categories,partial,15,0.72,-0.5211984751611756
4,inference_categories,standard,16,0.62,-0.6883461221174718
4,inference_categories,projected,16,0.7,-0.5152436146092106
4,inference_categories,partial,16,0.72,-0.5076612144327259
4,inference_categories,standard,17,0.66,-0.6874401105434219
4,inference_categories,projected,17,0.72,-0.5143822844206601
4,inference_categories,partial,17,0.68,-0.5115655066335041
4,inference_categories,standard,18,0.64,-0.6869180847679952
4,inference_categories,projected,18,0.72,-0.5027975328809052
4,inference_categories,partial,18,0.72,-0.4927024112198417
4,inference_categories,standard,19,0.72,-0.6854366490687247
4,inference_categories,projected,19,0.74,-0.4970274780008429
4,inference_categories,partial,19,0.72,-0.4888249657493066
4,inference_categories,standard,20,0.74,-0.6853587895585841
4,inference_categories,projected,20,0.74,-0.5065296843649036
4,inference_categories,partial,20,0.72,-0.4956708654741577
11,choice_only,standard,1,0.42,-0.6935285906510508
11,choice_only,projected,1,0.38,-0.7208489763563093
11,choice_only,partial,1,0.38,-0.7208489763563093
11,choice_only,standard,2,0.7,-0.6919622005338697
11,choice_only,projected,2,0.56,-0.6521684134559578
11,choice_only,partial,2,0.56,-0.6521684134559578
11,choice_only,standard,3,0.72,-0.6909638013156119
11,choice_only,projected,3,0.7,-0.6438092436092308
11,choice_only,partial,3,0.7,-0.6438092436092308
11,choice_only,standard,4,0.7,-0.6901898461014551
11,choice_only,projected,4,0.72,-0.6151777084951582
11,choice_only,partial,4,0.72,-0.6151777084951582
11,choice_only,standard,5,0.72,-0.690545130452007
11,choice_only,projected,5,0.66,-0.6447093108521916
11,choice_only,partial,5,0.66,-0.6447093108521916
11,choice_only,standard,6,0.68,-0.6905649597591795
11,choice_only,projected,6,0.66,-0.6698397767469146
11,choice_only,partial,6,0.66,-0.6698397767469146
11,choice_only,standard,7,0.8,-0.688469178210702
11,choice_only,projected,7,0.76,-0.6094317614112907
11,choice_only,partial,7,0.76,-0.6094317614112907
11,choice_only,standard,8,0.76,-0.687977529737406
11,choice_only,projected,8,0.72,-0.6199155820554112
11,choice_only,partial,8,0.72,-0.6199155820554112
11,choice_only,standard,9,0.76,-0.687925565523009
11,choice_only,projected,9,0.64,-0.6513312253931371
11,choice_only,partial,9,0.64,-0.6513312253931371
11,choice_only,standard,10,0.7,-0.6884234562201774
11,choice_only,projected,10,0.68,-0.6561227733952028
11,choice_only,partial,10,0.68,-0.6561227733952028
11,choice_only,standard,11,0.7,-0.6877577992345016
11,choice_only,projected,11,0.66,-0.5947397147092598
11,choice_only,partial,11,0.66,-0.5947397147092598
11,choice_only,standard,12,0.76,-0.6871021474728617
11,choice_only,projected,12,0.74,-0.5804410226118619
11,choice_only,partial,12,0.74,-0.5804410226118619
11,choice_only,standard,13,0.72,-0.6867025863333076
11,choice_only,projected,13,0.72,-0.5934560920975666
11,choice_only,partial,13,0.72,-0.5934560920975666
11,choice_only,standard,14,0.72,-0.6851621679295395
11,choice_only,projected,14,0.72,-0.5784580144964419
11,choice_only,partial,14,0.72,-0.5784580144964419
11,choice_only,standard,15,0.7,-0.6849194434207874
11,choice_only,projected,15,0.74,-0.5601293640645852
11,choice_only,partial,15,0.74,-0.5601293640645852
11,choice_only,standard,16,0.68,-0.6847206868664949
11,choice_only,projected,16,0.64,-0.5681914483669638
11,choice_only,partial,16,0.64,-0.5681914483669638
11,choice_only,standard,17,0.72,-0.6849274301068066
11,choice_only,projected,17,0.68,-0.5542996783847416
11,choice_only,partial,17,0.68,-0.5542996783847416
11,choice_only,standard,18,0.68,-0.6850601917813844
11,choice_only,projected,18,0.62,-0.5966477193563143
11,choice_only,partial,18,0.62,-0.5966477193563143
11,choice_only,standard,19,0.68,-0.6846970259358048
11,choice_only,projected,19,0.62,-0.5973373773764382
11,choice_only,partial,19,0.62,-0.5973373773764382
11,choice_only,standard,20,0.68,-0.6832691422960202
11,choice_only,projected,20,0.64,-0.583743370422073
11,choice_only,partial,20,0.64,-0.583743370422073
11,inference_affirm,standard,1,0.42,-0.6935285906510508
11,inference_affirm,projected,1,0.38,-0.7208489763563093
11,inference_affirm,partial,1,0.38,-0.726642484546782
11,inference_affirm,standard,2,0.7,-0.6919622005338697
11,inference_affirm,projected,2,0.56,-0.6521684134559578
11,inference_affirm,partial,2,0.62,-0.6336323571343946
11,inference_affirm,standard,3,0.72,-0.6909638013156119
11,inference_affirm,projected,3,0.7,-0.6438092436092308
11,inference_affirm,partial,3,0.7,-0.5916180642847085
11,inference_affirm,standard,4,0.7,-0.6901898461014551
11,inference_affirm,projected,4,0.72,-0.6151777084951582
11,inference_affirm,partial,4,0.8,-0.5696342438672412
11,inference_affirm,standard,5,0.72,-0.690545130452007
11,inference_affirm,projected,5,0.66,-0.6447093108521916
11,inference_affirm,partial,5,0.7,-0.5902241869017684
11,inference_affirm,standard,6,0.68,-0.6905649597591795
11,inference_affirm,projected,6,0.66,-0.6698397767469146
11,inference_affirm,partial,6,0.72,-0.6168022220032989
11,inference_affirm,standard,7,0.8,-0.688469178210702
11,inference_affirm,projected,7,0.76,-0.6094317614112907
11,inference_affirm,partial,7,0.7,-0.5849407445358272
11,inference_affirm,standard,8,0.76,-0.687977529737406
11,inference_affirm,projected,8,0.72,-0.6199155820554112
11,inference_affirm,partial,8,0.72,-0.5882611591466623
11,inference_affirm,standard,9,0.76,-0.687925565523009
11,inference_affirm,projected,9,0.64,-0.6513312253931371
11,inference_affirm,partial,9,0.58,-0.6335756387263417
11,inference_affirm,standard,10,0.7,-0.6884234562201774
11,inference_affirm,projected,10,0.68,-0.6561227733952028
11,inference_affirm,partial,10,0.64,-0.6422663217172936
11,inference_affirm,standard,11,0.7,-0.6877577992345016
11,inference_affirm,projected,11,0.66,-0.5947397147092598
11,inference_affirm,partial,11,0.66,-0.6085635133126034
11,inference_affirm,standard,12,0.76,-0.6871021474728617
11,inference_affirm,projected,12,0.74,-0.5804410226118619
11,inference_affirm,partial,12,0.74,-0.5849382196936517
11,inference_affirm,standard,13,0.72,-0.6867025863333076
11,inference_affirm,projected,13,0.72,-0.5934560920975666
11,inference_affirm,partial,13,0.72,-0.5965626264801975
11,inference_affirm,standard,14,0.72,-0.6851621679295395
11,inference_affirm,projected,14,0.72,-0.5784580144964419
11,inference_affirm,partial,14,0.72,-0.6030501339090135
11,inference_affirm,standard,15,0.7,-0.6849194434207874
11,inference_affirm,projected,15,0.74,-0.5601293640645852
11,inference_affirm,partial,15,0.68,-0.5826698586154477
11,inference_affirm,standard,16,0.68,-0.6847206868664949
11,inference_affirm,projected,16,0.64,-0.5681914483669638
11,inference_affirm,partial,16,0.72,-0.5420714439202485
11,inference_affirm,standard,17,0.72,-0.6849274301068066
11,inference_affirm,projected,17,0.68,-0.5542996783847416
11,inference_affirm,partial,17,0.72,-0.5356065014349718
11,inference_affirm,standard,18,0.68,-0.6850601917813844
11,inference_affirm,projected,18,0.62,-0.5966477193563143
11,inference_affirm,partial,18,0.72,-0.5613685127358721
11,inference_affirm,standard,19,0.68,-0.6846970259358048
11,inference_affirm,projected,19,0.62,-0.5973373773764382
11,inference_affirm,partial,19,0.72,-0.5651415227038451
11,inference_affirm,standard,20,0.68,-0.6832691422960202
11,inference_affirm,projected,20,0.64,-0.583743370422073
11,inference_affirm,partial,20,0.72,-0.5392904552482004
11,inference_categories,standard,1,0.42,-0.6935285906510508
11,inference_categories,projected,1,0.38,-0.7208489763563093
11,inference_categories,partial,1,0.46,-0.723736677918141
11,inference_categories,standard,2,0.7,-0.6919622005338697
11,inference_categories,projected,2,0.56,-0.6521684134559578
11,inference_categories,partial,2,0.6,-0.64690605916165
11,inference_categories,standard,3,0.72,-0.6909638013156119
11,inference_categories,projected,3,0.7,-0.6438092436092308
11,inference_categories,partial,3,0.7,-0.6044952928027718
11,inference_categories,standard,4,0.7,-0.6901898461014551
11,inference_categories,projected,4,0.72,-0.6151777084951582
11,inference_categories,partial,4,0.76,-0.5855871896874816
11,inference_categories,standard,5,0.72,-0.690545130452007
11,inference_categories,projected,5,0.66,-0.6447093108521916
11,inference_categories,partial,5,0.6,-0.6131132028689827
11,inference_categories,standard,6,0.68,-0.6905649597591795
11,inference_categories,projected,6,0.66,-0.6698397767469146
11,inference_categories,partial,6,0.68,-0.6326554914971954
11,inference_categories,standard,7,0.8,-0.688469178210702
11,inference_categories,projected,7,0.76,-0.6094317614112907
11,inference_categories,partial,7,0.72,-0.5864884431514672
11,inference_categories,standard,8,0.76,-0.687977529737406
11,inference_categories,projected,8,0.72,-0.6199155820554112
11,inference_categories,partial,8,0.76,-0.594248065653734
11,inference_categories,standard,9,0.76,-0.687925565523009
11,inference_categories,projected,9,0.64,-0.6513312253931371
11,inference_categories,partial,9,0.72,-0.6357269925114847
11,inference_categories,standard,10,0.7,-0.6884234562201774
11,inference_categories,projected,10,0.68,-0.6561227733952028
11,inference_categories,partial,10,0.68,-0.6426141470336604
11,inference_categories,standard,11,0.7,-0.6877577992345016
11,inference_categories,projected,11,0.66,-0.5947397147092598
11,inference_categories,partial,11,0.76,-0.597888614457172
11,inference_categories,standard,12,0.76,-0.6871021474728617
11,inference_categories,projected,12,0.74,-0.5804410226118619
11,inference_categories,partial,12,0.82,-0.5700946853844446
11,inference_categories,standard,13,0.72,-0.6867025863333076
11,inference_categories,projected,13,0.72,-0.5934560920975666
11,inference_categories,partial,13,0.78,-0.5722877041190801
11,inference_categories,standard,14,0.72,-0.6851621679295395
11,inference_categories,projected,14,0.72,-0.5784580144964419
11,inference_categories,partial,14,0.78,-0.581285512995455
11,inference_categories,standard,15,0.7,-0.6849194434207874
11,inference_categories,projected,15,0.74,-0.5601293640645852
11,inference_categories,partial,15,0.76,-0.5483745237049328
11,inference_categories,standard,16,0.68,-0.6847206868664949
11,inference_categories,projected,16,0.64,-0.5681914483669638
11,inference_categories,partial,16,0.76,-0.5384842847533912
11,inference_categories,standard,17,0.72,-0.6849274301068066
11,inference_categories,projected,17,0.68,-0.5542996783847416
11,inference_categories,partial,17,0.76,-0.5566557021266487
11,inference_categories,standard,18,0.68,-0.6850601917813844
11,inference_categories,projected,18,0.62,-0.5966477193563143
11,inference_categories,partial,18,0.72,-0.577558523275136
11,inference_categories,standard,19,0.68,-0.6846970259358048
11,inference_categories,projected,19,0.62,-0.5973373773764382
11,inference_categories,partial,19,0.74,-0.5786643022356253
11,inference_categories,standard,20,0.68,-0.6832691422960202
11,inference_categories,projected,20,0.64,-0.583743370422073
11,inference_categories,partial,20,0.72,-0.5610996989983584
10,choice_only,standard,1,0.36,-0.6941147452758625
10,choice_only,projected,1,0.4,-0.7328143618077501
10,choice_only,partial,1,0.4,-0.7328143618077501
10,choice_only,standard,2,0.42,-0.6935370318193078
10,choice_only,projected,2,0.46,-0.7466998424785669
10,choice_only,partial,2,0.46,-0.7466998424785669
10,choice_only,standard,3,0.46,-0.6926119261418464
10,choice_only,projected,3,0.48,-0.684277409309547
10,choice_only,partial,3,0.48,-0.684277409309547
10,choice_only,standard,4,0.54,-0.6911048200404007
10,choice_only,projected,4,0.56,-0.6587244593884104
10,choice_only,partial,4,0.56,-0.6587244593884104
10,choice_only,standard,5,0.56,-0.6914787552594519
10,choice_only,projected,5,0.5,-0.6825351812367322
10,choice_only,partial,5,0.5,-0.6825351812367322
10,choice_only,standard,6,0.56,-0.6912962488180403
10,choice_only,projected,6,0.56,-0.6936938787270226
10,choice_only,partial,6,0.56,-0.6936938787270226
10,choice_only,standard,7,0.54,-0.69104538509425
10,choice_only,projected,7,0.56,-0.6769066305664674
10,choice_only,partial,7,0.56,-0.6769066305664674
10,choice_only,standard,8,0.66,-0.6896999880002227
10,choice_only,projected,8,0.62,-0.6480038403106266
10,choice_only,partial,8,0.62,-0.6480038403106266
10,choice_only,standard,9,0.66,-0.6893839768446756
10,choice_only,projected,9,0.66,-0.6318624572011364
10,choice_only,partial,9,0.66,-0.6318624572011364
10,choice_only,standard,10,0.7,-0.688974353758722
10,choice_only,projected,10,0.64,-0.6171625262337831
10,choice_only,partial,10,0.64,-0.6171625262337831
10,choice_only,standard,11,0.74,-0.688621467948174
10,choice_only,projected,11,0.68,-0.6233897504638546
10,choice_only,partial,11,0.68,-0.6233897504638546
10,choice_only,standard,12,0.72,-0.6880295421143424
10,choice_only,projected,12,0.68,-0.6269134986310124
10,choice_only,partial,12,0.68,-0.6269134986310124
10,choice_only,standard,13,0.7,-0.6875956897052149
10,choice_only,projected,13,0.66,-0.6459412251053912
10,choice_only,partial,13,0.66,-0.6459412251053912
10,choice_only,standard,14,0.7,-0.6866856141342178
10,choice_only,projected,14,0.72,-0.6163784968534477
10,choice_only,partial,14,0.72,-0.6163784968534477
10,choice_only,standard,15,0.7,-0.6873499080247378
10,choice_only,projected,15,0.68,-0.6302035417922782
10,choice_only,partial,15,0.68,-0.6302035417922782
10,choice_only,standard,16,0.7,-0.6872910792020744
10,choice_only,projected,16,0.72,-0.6277408012781917
10,choice_only,partial,16,0.72,-0.6277408012781917
10,choice_only,standard,17,0.72,-0.6869629268778789
10,choice_only,projected,17,0.68,-0.6387271899070649
10,choice_only,partial,17,0.68,-0.6387271899070649
10,choice_only,standard,18,0.74,-0.6857298616872903
10,choice_only,projected,18,0.68,-0.6280457571292225
10,choice_only,partial,18,0.68,-0.6280457571292225
10,choice_only,standard,19,0.74,-0.6843563887377109
10,choice_only,projected,19,0.7,-0.6449618496675478
10,choice_only,partial,19,0.7,-0.6449618496675478
10,choice_only,standard,20,0.7,-0.6842542225692189
10,choice_only,projected,20,0.7,-0.6465679487861193
10,choice_only,partial,20,0.7,-0.6465679487861193
10,inference_affirm,standard,1,0.36,-0.6941147452758625
10,inference_affirm,projected,1,0.4,-0.7328143618077501
10,inference_affirm,partial,1,0.48,-0.7072496277933472
10,inference_affirm,standard,2,0.42,-0.6935370318193078
10,inference_affirm,projected,2,0.46,-0.7466998424785669
10,inference_affirm,partial,2,0.48,-0.6980701458092169
10,inference_affirm,standard,3,0.46,-0.6926119261418464
10,inference_affirm,projected,3,0.48,-0.684277409309547
10,inference_affirm,partial,3,0.5,-0.6612091161454547
10,inference_affirm,standard,4,0.54,-0.6911048200404007
10,inference_affirm,projected,4,0.56,-0.6587244593884104
10,inference_affirm,partial,4,0.58,-0.6321645012522074
10,inference_affirm,standard,5,0.56,-0.6914787552594519
10,inference_affirm,projected,5,0.5,-0.6825351812367322
10,inference_affirm,partial,5,0.54,-0.6480743480150011
10,inference_affirm,standard,6,0.56,-0.6912962488180403
10,inference_affirm,projected,6,0.56,-0.6936938787270226
10,inference_affirm,partial,6,0.58,-0.664129369456981
10,inference_affirm,standard,7,0.54,-0.69104538509425
10,inference_affirm,projected,7,0.56,-0.6769066305664674
10,inference_affirm,partial,7,0.62,-0.6553516829363053
10,inference_affirm,standard,8,0.66,-0.6896999880002227
10,inference_affirm,projected,8,0.62,-0.6480038403106266
10,inference_affirm,partial,8,0.64,-0.6349438145529248
10,inference_affirm,standard,9,0.66,-0.6893839768446756
10,inference_affirm,projected,9,0.66,-0.6318624572011364
10,inference_affirm,partial,9,0.68,-0.6165955035334139
10,inference_affirm,standard,10,0.7,-0.688974353758722
10,inference_affirm,projected,10,0.64,-0.6171625262337831
10,inference_affirm,partial,10,0.68,-0.6052083292639386
10,inference_affirm,standard,11,0.74,-0.688621467948174
10,inference_affirm,projected,11,0.68,-0.6233897504638546
10,inference_affirm,partial,11,0.66,-0.608311630301167
10,inference_affirm,standard,12,0.72,-0.6880295421143424
10,inference_affirm,projected,12,0.68,-0.6269134986310124
10,inference_affirm,partial,12,0.64,-0.6102985643652208
10,inference_affirm,standard,13,0.7,-0.6875956897052149
10,inference_affirm,projected,13,0.66,-0.6459412251053912
10,inference_affirm,partial,13,0.66,-0.6077145514950372
10,inference_affirm,standard,14,0.7,-0.6866856141342178
10,inference_affirm,projected,14,0.72,-0.6163784968534477
10,inference_affirm,partial,14,0.64,-0.5896891017242251
10,inference_affirm,standard,15,0.7,-0.6873499080247378
10,inference_affirm,projected,15,0.68,-0.6302035417922782
10,inference_affirm,partial,15,0.66,-0.594515517048957
10,inference_affirm,standard,16,0.7,-0.6872910792020744
10,inference_affirm,projected,16,0.72,-0.6277408012781917
10,inference_affirm,partial,16,0.62,-0.6178007123061273
10,inference_affirm,standard,17,0.72,-0.6869629268778789
10,inference_affirm,projected,17,0.68,-0.6387271899070649
10,inference_affirm,partial,17,0.68,-0.579408688216274
10,inference_affirm,standard,18,0.74,-0.6857298616872903
10,inference_affirm,projected,18,0.68,-0.6280457571292225
10,inference_affirm,partial,18,0.68,-0.577071006501584
10,inference_affirm,standard,19,0.74,-0.6843563887377109
10,inference_affirm,projected,19,0.7,-0.6449618496675478
10,inference_affirm,partial,19,0.64,-0.5820170243097412
10,inference_affirm,standard,20,0.7,-0.6842542225692189
10,inference_affirm,projected,20,0.7,-0.6465679487861193
10,inference_affirm,partial,20,0.66,-0.5823829638055154
10,inference_categories,standard,1,0.36,-0.6941147452758625
10,inference_categories,projected,1,0.4,-0.7328143618077501
10,inference_categories,partial,1,0.44,-0.7243999717144525
10,inference_categories,standard,2,0.42,-0.6935370318193078
10,inference_categories,projected,2,0.46,-0.7466998424785669
10,inference_categories,partial,2,0.44,-0.7355660335913808
10,inference_categories,standard,3,0.46,-0.6926119261418464
10,inference_categories,projected,3,0.48,-0.684277409309547
10,inference_categories,partial,3,0.5,-0.6763922301822991
10,inference_categories,standard,4,0.54,-0.6911048200404007
10,inference_categories,projected,4,0.56,-0.6587244593884104
10,inference_categories,partial,4,0.54,-0.6505665334654281
10,inference_categories,standard,5,0.56,-0.6914787552594519
10,inference_categories,projected,5,0.5,-0.6825351812367322
10,inference_categories,partial,5,0.54,-0.673056882106923
10,inference_categories,standard,6,0.56,-0.6912962488180403
10,inference_categories,projected,6,0.56,-0.6936938787270226
10,inference_categories,partial,6,0.62,-0.6790410370472941
10,inference_categories,standard,7,0.54,-0.69104538509425
10,inference_categories,projected,7,0.56,-0.6769066305664674
10,inference_categories,partial,7,0.66,-0.6692086907501512
10,inference_categories,standard,8,0.66,-0.6896999880002227
10,inference_categories,projected,8,0.62,-0.6480038403106266
10,inference_categories,partial,8,0.62,-0.6337677292972603
10,inference_categories,standard,9,0.66,-0.6893839768446756
10,inference_categories,projected,9,0.66,-0.6318624572011364
10,inference_categories,partial,9,0.62,-0.6243827216660427
10,inference_categories,standard,10,0.7,-0.688974353758722
10,inference_categories,projected,10,0.64,-0.6171625262337831
10,inference_categories,partial,10,0.64,-0.6110693265712431
10,inference_categories,standard,11,0.74,-0.688621467948174
10,inference_categories,projected,11,0.68,-0.6233897504638546
10,inference_categories,partial,11,0.66,-0.611444067564093
10,inference_categories,standard,12,0.72,-0.6880295421143424
10,inference_categories,projected,12,0.68,-0.6269134986310124
10,inference_categories,partial,12,0.68,-0.6158702588119737
10,inference_categories,standard,13,0.7,-0.6875956897052149
10,inference_categories,projected,13,0.66,-0.6459412251053912
10,inference_categories,partial,13,0.68,-0.6238029554662584
10,inference_categories,standard,14,0.7,-0.6866856141342178
10,inference_categories,projected,14,0.72,-0.6163784968534477
10,inference_categories,partial,14,0.72,-0.5969824410297113
10,inference_categories,standard,15,0.7,-0.6873499080247378
10,inference_categories,projected,15,0.68,-0.6302035417922782
10,inference_categories,partial,15,0.74,-0.59413892123022
10,inference_categories,standard,16,0.7,-0.6872910792020744
10,inference_categories,projected,16,0.72,-0.6277408012781917
10,inference_categories,partial,16,0.72,-0.6017155351204573
10,inference_categories,standard,17,0.72,-0.6869629268778789
10,inference_categories,projected,17,0.68,-0.6387271899070649
10,inference_categories,partial,17,0.74,-0.5950077807078881
10,inference_categories,standard,18,0.74,-0.6857298616872903
10,inference_categories,projected,18,0.68,-0.6280457571292225
10,inference_categories,partial,18,0.72,-0.5996284831494227
10,inference_categories,standard,19,0.74,-0.6843563887377109
10,inference_categories,projected,19,0.7,-0.6449618496675478
10,inference_categories,partial,19,0.66,-0.6221978947798616
10,inference_categories,standard,20,0.7,-0.6842542225692189
10,inference_categories,projected,20,0.7,-0.6465679487861193
10,inference_categories,partial,20,0.66,-0.6225953675024111
9,choice_only,standard,1,0.72,-0.6926161540123554
9,choice_only,projected,1,0.52,-0.6746279196545742
9,choice_only,partial,1,0.52,-0.6746279196545742
9,choice_only,standard,2,0.66,-0.6920457256423809
9,choice_only,projected,2,0.66,-0.669722223458543
9,choice_only,partial,2,0.66,-0.669722223458543
9,choice_only,standard,3,0.74,-0.6905540163567171
9,choice_only,projected,3,0.74,-0.619561605048053
9,choice_only,partial,3,0.74,-0.619561605048053
9,choice_only,standard,4,0.72,-0.6896459881439019
9,choice_only,projected,4,0.68,-0.6282830763291124
9,choice_only,partial,4,0.68,-0.6282830763291124
9,choice_only,standard,5,0.8,-0.6886622071753123
9,choice_only,projected,5,0.68,-0.5909609032926941
9,choice_only,partial,5,0.68,-0.5909609032926941
9,choice_only,standard,6,0.8,-0.6888954852431748
9,choice_only,projected,6,0.7,-0.5847636839746214
9,choice_only,partial,6,0.7,-0.5847636839746214
9,choice_only,standard,7,0.74,-0.6881210759435717
9,choice_only,projected,7,0.74,-0.5771165052762209
9,choice_only,partial,7,0.74,-0.5771165052762209
9,choice_only,standard,8,0.78,-0.6876495275613577
9,choice_only,projected,8,0.72,-0.5788370570236122
9,choice_only,partial,8,0.72,-0.5788370570236122
9,choice_only,standard,9,0.72,-0.6878922238493992
9,choice_only,projected,9,0.68,-0.596395979717199
9,choice_only,partial,9,0.68,-0.596395979717199
9,choice_only,standard,10,0.72,-0.6877105268327174
9,choice_only,projected,10,0.7,-0.6126994051531569
9,choice_only,partial,10,0.7,-0.6126994051531569
9,choice_only,standard,11,0.72,-0.6880926169593932
9,choice_only,projected,11,0.72,-0.5938065148172069
9,choice_only,partial,11,0.72,-0.5938065148172069
9,choice_only,standard,12,0.72,-0.6874788529505005
9,choice_only,projected,12,0.7,-0.5523226639055576
9,choice_only,partial,12,0.7,-0.5523226639055576
9,choice_only,standard,13,0.74,-0.686460609122357
9,choice_only,projected,13,0.72,-0.5405628755229251
9,choice_only,partial,13,0.72,-0.5405628755229251
9,choice_only,standard,14,0.74,-0.6857142967532737
9,choice_only,projected,14,0.76,-0.5298919171840804
9,choice_only,partial,14,0.76,-0.5298919171840804
9,choice_only,standard,15,0.76,-0.6851078337369667
9,choice_only,projected,15,0.78,-0.5086742546496652
9,choice_only,partial,15,0.78,-0.5086742546496652
9,choice_only,standard,16,0.76,-0.6850294159530941
9,choice_only,projected,16,0.76,-0.5285667974189241
9,choice_only,partial,16,0.76,-0.5285667974189241
9,choice_only,standard,17,0.76,-0.6846245129406455
9,choice_only,projected,17,0.76,-0.5130616963019661
9,choice_only,partial,17,0.76,-0.5130616963019661
9,choice_only,standard,18,0.74,-0.6839995629360363
9,choice_only,projected,18,0.74,-0.497468471939826
9,choice_only,partial,18,0.74,-0.497468471939826
9,choice_only,standard,19,0.74,-0.6829948040350056
9,choice_only,projected,19,0.78,-0.4847978664523939
9,choice_only,partial,19,0.78,-0.4847978664523939
9,choice_only,standard,20,0.7,-0.6834905021569179
9,choice_only,projected,20,0.74,-0.49236505383397355
9,choice_only,partial,20,0.74,-0.49236505383397355
9,inference_affirm,standard,1,0.72,-0.6926161540123554
9,inference_affirm,projected,1,0.52,-0.6746279196545742
9,inference_affirm,partial,1,0.52,-0.6793162818272497
9,inference_affirm,standard,2,0.66,-0.6920457256423809
9,inference_affirm,projected,2,0.66,-0.669722223458543
9,inference_affirm,partial,2,0.56,-0.6719110768726897
9,inference_affirm,standard,3,0.74,-0.6905540163567171
9,inference_affirm,projected,3,0.74,-0.619561605048053
9,inference_affirm,partial,3,0.74,-0.6344639806031449
9,inference_affirm,standard,4,0.72,-0.6896459881439019
9,inference_affirm,projected,4,0.68,-0.6282830763291124
9,inference_affirm,partial,4,0.62,-0.6330399111215926
9,inference_affirm,standard,5,0.8,-0.6886622071753123
9,inference_affirm,projected,5,0.68,-0.5909609032926941
9,inference_affirm,partial,5,0.6,-0.6175446942399835
9,inference_affirm,standard,6,0.8,-0.6888954852431748
9,inference_affirm,projected,6,0.7,-0.5847636839746214
9,inference_affirm,partial,6,0.64,-0.6021181259935566
9,inference_affirm,standard,7,0.74,-0.6881210759435717
9,inference_affirm,projected,7,0.74,-0.5771165052762209
9,inference_affirm,partial,7,0.74,-0.5850759661377549
9,inference_affirm,standard,8,0.78,-0.6876495275613577
9,inference_affirm,projected,8,0.72,-0.5788370570236122
9,inference_affirm,partial,8,0.7,-0.5806375905413319
9,inference_affirm,standard,9,0.72,-0.6878922238493992
9,inference_affirm,projected,9,0.68,-0.596395979717199
9,inference_affirm,partial,9,0.64,-0.5934117211803062
9,inference_affirm,standard,10,0.72,-0.6877105268327174
9,inference_affirm,projected,10,0.7,-0.6126994051531569
9,inference_affirm,partial,10,0.66,-0.6020642291885385
9,inference_affirm,standard,11,0.72,-0.6880926169593932
9,inference_affirm,projected,11,0.72,-0.5938065148172069
9,inference_affirm,partial,11,0.66,-0.595748472774699
9,inference_affirm,standard,12,0.72,-0.6874788529505005
9,inference_affirm,projected,12,0.7,-0.5523226639055576
9,inference_affirm,partial,12,0.68,-0.5771780657476897
9,inference_affirm,standard,13,0.74,-0.686460609122357
9,inference_affirm,projected,13,0.72,-0.5405628755229251
9,inference_affirm,partial,13,0.7,-0.5747287409169775
9,inference_affirm,standard,14,0.74,-0.6857142967532737
9,inference_affirm,projected,14,0.76,-0.5298919171840804
9,inference_affirm,partial,14,0.72,-0.5680765254022507
9,inference_affirm,standard,15,0.76,-0.6851078337369667
9,inference_affirm,projected,15,0.78,-0.5086742546496652
9,inference_affirm,partial,15,0.76,-0.5525990938277838
9,inference_affirm,standard,16,0.76,-0.6850294159530941
9,inference_affirm,projected,16,0.76,-0.5285667974189241
9,inference_affirm,partial,16,0.74,-0.5552036075710508
9,inference_affirm,standard,17,0.76,-0.6846245129406455
9,inference_affirm,projected,17,0.76,-0.5130616963019661
9,inference_affirm,partial,17,0.72,-0.5568156416155198
9,inference_affirm,standard,18,0.74,-0.6839995629360363
9,inference_affirm,projected,18,0.74,-0.497468471939826
9,inference_affirm,partial,18,0.7,-0.5459534375225309
9,inference_affirm,standard,19,0.74,-0.6829948040350056
9,inference_affirm,projected,19,0.78,-0.4847978664523939
9,inference_affirm,partial,19,0.7,-0.5368312364009067
9,inference_affirm,standard,20,0.7,-0.6834905021569179
9,inference_affirm,projected,20,0.74,-0.49236505383397355
9,inference_affirm,partial,20,0.68,-0.5458080038821852
9,inference_categories,standard,1,0.72,-0.6926161540123554
9,inference_categories,projected,1,0.52,-0.6746279196545742
9,inference_categories,partial,1,0.56,-0.6734980957406154
9,inference_categories,standard,2,0.66,-0.6920457256423809
9,inference_categories,projected,2,0.66,-0.669722223458543
9,inference_categories,partial,2,0.6,-0.669122552409748
9,inference_categories,standard,3,0.74,-0.6905540163567171
9,inference_categories,projected,3,0.74,-0.619561605048053
9,inference_categories,partial,3,0.72,-0.6243553628406479
9,inference_categories,standard,4,0.72,-0.6896459881439019
9,inference_categories,projected,4,0.68,-0.6282830763291124
9,inference_categories,partial,4,0.64,-0.627284019344419
9,inference_categories,standard,5,0.8,-0.6886622071753123
9,inference_categories,projected,5,0.68,-0.5909609032926941
9,inference_categories,partial,5,0.62,-0.6104488082742011
9,inference_categories,standard,6,0.8,-0.6888954852431748
9,inference_categories,projected,6,0.7,-0.5847636839746214
9,inference_categories,partial,6,0.64,-0.5977086195288419
9,inference_categories,standard,7,0.74,-0.6881210759435717
9,inference_categories,projected,7,0.74,-0.5771165052762209
9,inference_categories,partial,7,0.74,-0.5775113655582336
9,inference_categories,standard,8,0.78,-0.6876495275613577
9,inference_categories,projected,8,0.72,-0.5788370570236122
9,inference_categories,partial,8,0.7,-0.572394129712122
9,inference_categories,standard,9,0.72,-0.6878922238493992
9,inference_categories,projected,9,0.68,-0.596395979717199
9,inference_categories,partial,9,0.72,-0.5778805679171982
9,inference_categories,standard,10,0.72,-0.6877105268327174
9,inference_categories,projected,10,0.7,-0.6126994051531569
9,inference_categories,partial,10,0.7,-0.5923550764800445
9,inference_categories,standard,11,0.72,-0.6880926169593932
9,inference_categories,projected,11,0.72,-0.5938065148172069
9,inference_categories,partial,11,0.72,-0.586001972189898
9,inference_categories,standard,12,0.72,-0.6874788529505005
9,inference_categories,projected,12,0.7,-0.5523226639055576
9,inference_categories,partial,12,0.74,-0.5627868750190996
9,inference_categories,standard,13,0.74,-0.686460609122357
9,inference_categories,projected,13,0.72,-0.5405628755229251
9,inference_categories,partial,13,0.72,-0.5620988431628422
9,inference_categories,standard,14,0.74,-0.6857142967532737
9,inference_categories,projected,14,0.76,-0.5298919171840804
9,inference_categories,partial,14,0.72,-0.5557225642423405
9,inference_categories,standard,15,0.76,-0.6851078337369667
9,inference_categories,projected,15,0.78,-0.5086742546496652
9,inference_categories,partial,15,0.76,-0.5252565056398943
9,inference_categories,standard,16,0.76,-0.6850294159530941
9,inference_categories,projected,16,0.76,-0.5285667974189241
9,inference_categories,partial,16,0.76,-0.5466550759950468
9,inference_categories,standard,17,0.76,-0.6846245129406455
9,inference_categories,projected,17,0.76,-0.5130616963019661
9,inference_categories,partial,17,0.78,-0.5671414569375134
9,inference_categories,standard,18,0.74,-0.6839995629360363
9,inference_categories,projected,18,0.74,-0.497468471939826
9,inference_categories,partial,18,0.78,-0.5653699401738604
9,inference_categories,standard,19,0.74,-0.6829948040350056
9,inference_categories,projected,19,0.78,-0.4847978664523939
9,inference_categories,partial,19,0.78,-0.5609292506312823
9,inference_categories,standard,20,0.7,-0.6834905021569179
9,inference_categories,projected,20,0.74,-0.49236505383397355
9,inference_categories,partial,20,0.76,-0.5730146822049168
8,choice_only,standard,1,0.74,-0.6916506609519404
8,choice_only,projected,1,0.64,-0.6514653190392046
8,choice_only,partial,1,0.64,-0.6514653190392046
8,choice_only,standard,2,0.64,-0.691331272681255
8,choice_only,projected,2,0.62,-0.643288729877542
8,choice_only,partial,2,0.62,-0.643288729877542
8,choice_only,standard,3,0.62,-0.6905387629276664
8,choice_only,projected,3,0.62,-0.6629610749955712
8,choice_only,partial,3,0.62,-0.6629610749955712
8,choice_only,standard,4,0.76,-0.6899556422068449
8,choice_only,projected,4,0.72,-0.6031391511284838
8,choice_only,partial,4,0.72,-0.6031391511284838
8,choice_only,standard,5,0.7,-0.6897829735267706
8,choice_only,projected,5,0.7,-0.6134218611884248
8,choice_only,partial,5,0.7,-0.6134218611884248
8,choice_only,standard,6,0.72,-0.688855210551536
8,choice_only,projected,6,0.7,-0.5962493486655354
8,choice_only,partial,6,0.7,-0.5962493486655354
8,choice_only,standard,7,0.7,-0.6883744714310573
8,choice_only,projected,7,0.72,-0.6056777030728913
8,choice_only,partial,7,0.72,-0.6056777030728913
8,choice_only,standard,8,0.78,-0.6868006342707111
8,choice_only,projected,8,0.72,-0.5798747626227272
8,choice_only,partial,8,0.72,-0.5798747626227272
8,choice_only,standard,9,0.74,-0.6865398570774434
8,choice_only,projected,9,0.7,-0.5597189754638909
8,choice_only,partial,9,0.7,-0.5597189754638909
8,choice_only,standard,10,0.8,-0.6843635051735447
8,choice_only,projected,10,0.74,-0.5281657646729531
8,choice_only,partial,10,0.74,-0.5281657646729531
8,choice_only,standard,11,0.8,-0.6847395971220819
8,choice_only,projected,11,0.76,-0.5481005961883703
8,choice_only,partial,11,0.76,-0.5481005961883703
8,choice_only,standard,12,0.78,-0.6838663107078784
8,choice_only,projected,12,0.76,-0.5247871254540153
8,choice_only,partial,12,0.76,-0.5247871254540153
8,choice_only,standard,13,0.76,-0.6837026341833908
8,choice_only,projected,13,0.76,-0.5188337867784731
8,choice_only,partial,13,0.76,-0.5188337867784731
8,choice_only,standard,14,0.78,-0.6833121505796234
8,choice_only,projected,14,0.76,-0.4967344028704266
8,choice_only,partial,14,0.76,-0.4967344028704266
8,choice_only,standard,15,0.76,-0.6818976954299842
8,choice_only,projected,15,0.76,-0.4766456341607171
8,choice_only,partial,15,0.76,-0.4766456341607171
8,choice_only,standard,16,0.72,-0.6812668620918626
8,choice_only,projected,16,0.78,-0.4788059889256072
8,choice_only,partial,16,0.78,-0.4788059889256072
8,choice_only,standard,17,0.7,-0.6815203558405187
8,choice_only,projected,17,0.76,-0.47873073203418026
8,choice_only,partial,17,0.76,-0.47873073203418026
8,choice_only,standard,18,0.74,-0.6815825602493598
8,choice_only,projected,18,0.78,-0.4688307064466446
8,choice_only,partial,18,0.78,-0.4688307064466446
8,choice_only,standard,19,0.74,-0.6814477438639268
8,choice_only,projected,19,0.76,-0.49678189769326747
8,choice_only,partial,19,0.76,-0.49678189769326747
8,choice_only,standard,20,0.76,-0.6808916657990917
8,choice_only,projected,20,0.74,-0.5259250353398305
8,choice_only,partial,20,0.74,-0.5259250353398305
8,inference_affirm,standard,1,0.74,-0.6916506609519404
8,inference_affirm,projected,1,0.64,-0.6514653190392046
8,inference_affirm,partial,1,0.66,-0.6487047306690714
8,inference_affirm,standard,2,0.64,-0.691331272681255
8,inference_affirm,projected,2,0.62,-0.643288729877542
8,inference_affirm,partial,2,0.62,-0.648436114778599
8,inference_affirm,standard,3,0.62,-0.6905387629276664
8,inference_affirm,projected,3,0.62,-0.6629610749955712
8,inference_affirm,partial,3,0.62,-0.6711768458528894
8,inference_affirm,standard,4,0.76,-0.6899556422068449
8,inference_affirm,projected,4,0.72,-0.6031391511284838
8,inference_affirm,partial,4,0.64,-0.6385705057227375
8,inference_affirm,standard,5,0.7,-0.6897829735267706
8,inference_affirm,projected,5,0.7,-0.6134218611884248
8,inference_affirm,partial,5,0.7,-0.6578505734479188
8,inference_affirm,standard,6,0.72,-0.688855210551536
8,inference_affirm,projected,6,0.7,-0.5962493486655354
8,inference_affirm,partial,6,0.7,-0.6433185378630764
8,inference_affirm,standard,7,0.7,-0.6883744714310573
8,inference_affirm,projected,7,0.72,-0.6056777030728913
8,inference_affirm,partial,7,0.68,-0.6529611841256144
8,inference_affirm,standard,8,0.78,-0.6868006342707111
8,inference_affirm,projected,8,0.72,-0.5798747626227272
8,inference_affirm,partial,8,0.7,-0.6384045585974509
8,inference_affirm,standard,9,0.74,-0.6865398570774434
8,inference_affirm,projected,9,0.7,-0.5597189754638909
8,inference_affirm,partial,9,0.68,-0.6414042566142936
8,inference_affirm,standard,10,0.8,-0.6843635051735447
8,inference_affirm,projected,10,0.74,-0.5281657646729531
8,inference_affirm,partial,10,0.72,-0.5954301308226392
8,inference_affirm,standard,11,0.8,-0.6847395971220819
8,inference_affirm,projected,11,0.76,-0.5481005961883703
8,inference_affirm,partial,11,0.7,-0.6217154467459685
8,inference_affirm,standard,12,0.78,-0.6838663107078784
8,inference_affirm,projected,12,0.76,-0.5247871254540153
8,inference_affirm,partial,12,0.66,-0.6188251275199224
8,inference_affirm,standard,13,0.76,-0.6837026341833908
8,inference_affirm,projected,13,0.76,-0.5188337867784731
8,inference_affirm,partial,13,0.66,-0.6177068603911299
8,inference_affirm,standard,14,0.78,-0.6833121505796234
8,inference_affirm,projected,14,0.76,-0.4967344028704266
8,inference_affirm,partial,14,0.66,-0.5936798981082905
8,inference_affirm,standard,15,0.76,-0.6818976954299842
8,inference_affirm,projected,15,0.76,-0.4766456341607171
8,inference_affirm,partial,15,0.66,-0.5806231877097424
8,inference_affirm,standard,16,0.72,-0.6812668620918626
8,inference_affirm,projected,16,0.78,-0.4788059889256072
8,inference_affirm,partial,16,0.7,-0.5559529668384331
8,inference_affirm,standard,17,0.7,-0.6815203558405187
8,inference_affirm,projected,17,0.76,-0.47873073203418026
8,inference_affirm,partial,17,0.7,-0.5503195215131489
8,inference_affirm,standard,18,0.74,-0.6815825602493598
8,inference_affirm,projected,18,0.78,-0.4688307064466446
8,inference_affirm,partial,18,0.7,-0.5431318361701432
8,inference_affirm,standard,19,0.74,-0.6814477438639268
8,inference_affirm,projected,19,0.76,-0.49678189769326747
8,inference_affirm,partial,19,0.72,-0.549197559837569
8,inference_affirm,standard,20,0.76,-0.6808916657990917
8,inference_affirm,projected,20,0.74,-0.5259250353398305
8,inference_affirm,partial,20,0.74,-0.5715949617171538
8,inference_categories,standard,1,0.74,-0.6916506609519404
8,inference_categories,projected,1,0.64,-0.6514653190392046
8,inference_categories,partial,1,0.6,-0.6534798770040916
8,inference_categories,standard,2,0.64,-0.691331272681255
8,inference_categories,projected,2,0.62,-0.643288729877542
8,inference_categories,partial,2,0.56,-0.6476336620401325
8,inference_categories,standard,3,0.62,-0.6905387629276664
8,inference_categories,projected,3,0.62,-0.6629610749955712
8,inference_categories,partial,3,0.6,-0.6652706296251436
8,inference_categories,standard,4,0.76,-0.6899556422068449
8,inference_categories,projected,4,0.72,-0.6031391511284838
8,inference_categories,partial,4,0.64,-0.6096298136723886
8,inference_categories,standard,5,0.7,-0.6897829735267706
8,inference_categories,projected,5,0.7,-0.6134218611884248
8,inference_categories,partial,5,0.66,-0.6170084754594333
8,inference_categories,standard,6,0.72,-0.688855210551536
8,inference_categories,projected,6,0.7,-0.5962493486655354
8,inference_categories,partial,6,0.64,-0.6035112112452042
8,inference_categories,standard,7,0.7,-0.6883744714310573
8,inference_categories,projected,7,0.72,-0.6056777030728913
8,inference_categories,partial,7,0.64,-0.6157997959194047
8,inference_categories,standard,8,0.78,-0.6868006342707111
8,inference_categories,projected,8,0.72,-0.5798747626227272
8,inference_categories,partial,8,0.64,-0.6023043015096403
8,inference_categories,standard,9,0.74,-0.6865398570774434
8,inference_categories,projected,9,0.7,-0.5597189754638909
8,inference_categories,partial,9,0.64,-0.6021789425161629
8,inference_categories,standard,10,0.8,-0.6843635051735447
8,inference_categories,projected,10,0.74,-0.5281657646729531
8,inference_categories,partial,10,0.66,-0.5621579150466502
8,inference_categories,standard,11,0.8,-0.6847395971220819
8,inference_categories,projected,11,0.76,-0.5481005961883703
8,inference_categories,partial,11,0.7,-0.5784409326728168
8,inference_categories,standard,12,0.78,-0.6838663107078784
8,inference_categories,projected,12,0.76,-0.5247871254540153
8,inference_categories,partial,12,0.7,-0.5768772029149452
8,inference_categories,standard,13,0.76,-0.6837026341833908
8,inference_categories,projected,13,0.76,-0.5188337867784731
8,inference_categories,partial,13,0.7,-0.5745121779494895
8,inference_categories,standard,14,0.78,-0.6833121505796234
8,inference_categories,projected,14,0.76,-0.4967344028704266
8,inference_categories,partial,14,0.7,-0.5583355495346344
8,inference_categories,standard,15,0.76,-0.6818976954299842
8,inference_categories,projected,15,0.76,-0.4766456341607171
8,inference_categories,partial,15,0.7,-0.5336283505957489
8,inference_categories,standard,16,0.72,-0.6812668620918626
8,inference_categories,projected,16,0.78,-0.4788059889256072
8,inference_categories,partial,16,0.74,-0.5225411968884005
8,inference_categories,standard,17,0.7,-0.6815203558405187
8,inference_categories,projected,17,0.76,-0.47873073203418026
8,inference_categories,partial,17,0.76,-0.5142393951568154
8,inference_categories,standard,18,0.74,-0.6815825602493598
8,inference_categories,projected,18,0.78,-0.4688307064466446
8,inference_categories,partial,18,0.76,-0.5030864018171763
8,inference_categories,standard,19,0.74,-0.6814477438639268
8,inference_categories,projected,19,0.76,-0.49678189769326747
8,inference_categories,partial,19,0.74,-0.505389210984264
8,inference_categories,standard,20,0.76,-0.6808916657990917
8,inference_categories,projected,20,0.74,-0.5259250353398305
8,inference_categories,partial,20,0.76,-0.5197353967742722
13,choice_only,standard,1,0.5,-0.6928730000948992
13,choice_only,projected,1,0.54,-0.6742172575527463
13,choice_only,partial,1,0.54,-0.6742172575527463
13,choice_only,standard,2,0.5,-0.692484886343249
13,choice_only,projected,2,0.66,-0.6397478673755557
13,choice_only,partial,2,0.66,-0.6397478673755557
13,choice_only,standard,3,0.56,-0.6922985894840598
13,choice_only,projected,3,0.64,-0.6124288228439605
13,choice_only,partial,3,0.64,-0.6124288228439605
13,choice_only,standard,4,0.58,-0.6916853224249248
13,choice_only,projected,4,0.64,-0.6076023318145619
13,choice_only,partial,4,0.64,-0.6076023318145619
13,choice_only,standard,5,0.6,-0.6905948857442696
13,choice_only,projected,5,0.66,-0.6056886899989211
13,choice_only,partial,5,0.66,-0.6056886899989211
13,choice_only,standard,6,0.54,-0.6915649761814909
13,choice_only,projected,6,0.64,-0.6595612369794216
13,choice_only,partial,6,0.64,-0.6595612369794216
13,choice_only,standard,7,0.6,-0.6911417222020485
13,choice_only,projected,7,0.62,-0.65697223728896
13,choice_only,partial,7,0.62,-0.65697223728896
13,choice_only,standard,8,0.72,-0.6904753441376825
13,choice_only,projected,8,0.68,-0.5808119169751756
13,choice_only,partial,8,0.68,-0.5808119169751756
13,choice_only,standard,9,0.7,-0.6901101814344726
13,choice_only,projected,9,0.66,-0.5797684217883713
13,choice_only,partial,9,0.66,-0.5797684217883713
13,choice_only,standard,10,0.62,-0.690607508672189
13,choice_only,projected,10,0.7,-0.6195788694652955
13,choice_only,partial,10,0.7,-0.6195788694652955
13,choice_only,standard,11,0.68,-0.6886666356900372
13,choice_only,projected,11,0.7,-0.6036588575478938
13,choice_only,partial,11,0.7,-0.6036588575478938
13,choice_only,standard,12,0.68,-0.6884184669800113
13,choice_only,projected,12,0.72,-0.5781838126736452
13,choice_only,partial,12,0.72,-0.5781838126736452
13,choice_only,standard,13,0.72,-0.6865236824433757
13,choice_only,projected,13,0.72,-0.5617867990490543
13,choice_only,partial,13,0.72,-0.5617867990490543
13,choice_only,standard,14,0.72,-0.6852912071169773
13,choice_only,projected,14,0.72,-0.5590249769375769
13,choice_only,partial,14,0.72,-0.5590249769375769
13,choice_only,standard,15,0.7,-0.6847141107448773
13,choice_only,projected,15,0.72,-0.559685503107241
13,choice_only,partial,15,0.72,-0.559685503107241
13,choice_only,standard,16,0.7,-0.6839934470470611
13,choice_only,projected,16,0.72,-0.5646306077813064
13,choice_only,partial,16,0.72,-0.5646306077813064
13,choice_only,standard,17,0.72,-0.6833693902992646
13,choice_only,projected,17,0.7,-0.5679367867018462
13,choice_only,partial,17,0.7,-0.5679367867018462
13,choice_only,standard,18,0.72,-0.6834091378645067
13,choice_only,projected,18,0.68,-0.5703056963170675
13,choice_only,partial,18,0.68,-0.5703056963170675
13,choice_only,standard,19,0.7,-0.6837965681130165
13,choice_only,projected,19,0.68,-0.5594136791957053
13,choice_only,partial,19,0.68,-0.5594136791957053
13,choice_only,standard,20,0.72,-0.6835207497092612
13,choice_only,projected,20,0.74,-0.5617884508982824
13,choice_only,partial,20,0.74,-0.5617884508982824
13,inference_affirm,standard,1,0.5,-0.6928730000948992
13,inference_affirm,projected,1,0.54,-0.6742172575527463
13,inference_affirm,partial,1,0.58,-0.6748229707816891
13,inference_affirm,standard,2,0.5,-0.692484886343249
13,inference_affirm,projected,2,0.66,-0.6397478673755557
13,inference_affirm,partial,2,0.66,-0.6424943366540835
13,inference_affirm,standard,3,0.56,-0.6922985894840598
13,inference_affirm,projected,3,0.64,-0.6124288228439605
13,inference_affirm,partial,3,0.62,-0.6269520422565379
13,inference_affirm,standard,4,0.58,-0.6916853224249248
13,inference_affirm,projected,4,0.64,-0.6076023318145619
13,inference_affirm,partial,4,0.62,-0.6227635525691627
13,inference_affirm,standard,5,0.6,-0.6905948857442696
13,inference_affirm,projected,5,0.66,-0.6056886899989211
13,inference_affirm,partial,5,0.66,-0.6122156872387253
13,inference_affirm,standard,6,0.54,-0.6915649761814909
13,inference_affirm,projected,6,0.64,-0.6595612369794216
13,inference_affirm,partial,6,0.64,-0.640176555296742
13,inference_affirm,standard,7,0.6,-0.6911417222020485
13,inference_affirm,projected,7,0.62,-0.65697223728896
13,inference_affirm,partial,7,0.66,-0.6292226578237039
13,inference_affirm,standard,8,0.72,-0.6904753441376825
13,inference_affirm,projected,8,0.68,-0.5808119169751756
13,inference_affirm,partial,8,0.76,-0.5623243978959522
13,inference_affirm,standard,9,0.7,-0.6901101814344726
13,inference_affirm,projected,9,0.66,-0.5797684217883713
13,inference_affirm,partial,9,0.72,-0.5593531642467222
13,inference_affirm,standard,10,0.62,-0.690607508672189
13,inference_affirm,projected,10,0.7,-0.6195788694652955
13,inference_affirm,partial,10,0.66,-0.5999372168048446
13,inference_affirm,standard,11,0.68,-0.6886666356900372
13,inference_affirm,projected,11,0.7,-0.6036588575478938
13,inference_affirm,partial,11,0.68,-0.5892698535155825
13,inference_affirm,standard,12,0.68,-0.6884184669800113
13,inference_affirm,projected,12,0.72,-0.5781838126736452
13,inference_affirm,partial,12,0.72,-0.5770270297199565
13,inference_affirm,standard,13,0.72,-0.6865236824433757
13,inference_affirm,projected,13,0.72,-0.5617867990490543
13,inference_affirm,partial,13,0.72,-0.5608402235848259
13,inference_affirm,standard,14,0.72,-0.6852912071169773
13,inference_affirm,projected,14,0.72,-0.5590249769375769
13,inference_affirm,partial,14,0.74,-0.5577282329571767
13,inference_affirm,standard,15,0.7,-0.6847141107448773
13,inference_affirm,projected,15,0.72,-0.559685503107241
13,inference_affirm,partial,15,0.76,-0.5579925569172507
13,inference_affirm,standard,16,0.7,-0.6839934470470611
13,inference_affirm,projected,16,0.72,-0.5646306077813064
13,inference_affirm,partial,16,0.76,-0.5562091551195893
13,inference_affirm,standard,17,0.72,-0.6833693902992646
13,inference_affirm,projected,17,0.7,-0.5679367867018462
13,inference_affirm,partial,17,0.76,-0.5583869509752671
13,inference_affirm,standard,18,0.72,-0.6834091378645067
13,inference_affirm,projected,18,0.68,-0.5703056963170675
13,inference_affirm,partial,18,0.7,-0.572922440790241
13,inference_affirm,standard,19,0.7,-0.6837965681130165
13,inference_affirm,projected,19,0.68,-0.5594136791957053
13,inference_affirm,partial,19,0.72,-0.5440793264012891
13,inference_affirm,standard,20,0.72,-0.6835207497092612
13,inference_affirm,projected,20,0.74,-0.5617884508982824
13,inference_affirm,partial,20,0.68,-0.5270947103833312
13,inference_categories,standard,1,0.5,-0.6928730000948992
13,inference_categories,projected,1,0.54,-0.6742172575527463
13,inference_categories,partial,1,0.6,-0.6776924095786755
13,inference_categories,standard,2,0.5,-0.692484886343249
13,inference_categories,projected,2,0.66,-0.6397478673755557
13,inference_categories,partial,2,0.62,-0.6449105392193369
13,inference_categories,standard,3,0.56,-0.6922985894840598
13,inference_categories,projected,3,0.64,-0.6124288228439605
13,inference_categories,partial,3,0.66,-0.6216344332770102
13,inference_categories,standard,4,0.58,-0.6916853224249248
13,inference_categories,projected,4,0.64,-0.6076023318145619
13,inference_categories,partial,4,0.66,-0.617608278980249
13,inference_categories,standard,5,0.6,-0.6905948857442696
13,inference_categories,projected,5,0.66,-0.6056886899989211
13,inference_categories,partial,5,0.68,-0.619377750579987
13,inference_categories,standard,6,0.54,-0.6915649761814909
13,inference_categories,projected,6,0.64,-0.6595612369794216
13,inference_categories,partial,6,0.64,-0.61632277242114
13,inference_categories,standard,7,0.6,-0.6911417222020485
13,inference_categories,projected,7,0.62,-0.65697223728896
13,inference_categories,partial,7,0.7,-0.6006749095397421
13,inference_categories,standard,8,0.72,-0.6904753441376825
13,inference_categories,projected,8,0.68,-0.5808119169751756
13,inference_categories,partial,8,0.78,-0.5252713137185565
13,inference_categories,standard,9,0.7,-0.6901101814344726
13,inference_categories,projected,9,0.66,-0.5797684217883713
13,inference_categories,partial,9,0.74,-0.5255384861083039
13,inference_categories,standard,10,0.62,-0.690607508672189
13,inference_categories,projected,10,0.7,-0.6195788694652955
13,inference_categories,partial,10,0.7,-0.5554857798524747
13,inference_categories,standard,11,0.68,-0.6886666356900372
13,inference_categories,projected,11,0.7,-0.6036588575478938
13,inference_categories,partial,11,0.7,-0.5461126030613479
13,inference_categories,standard,12,0.68,-0.6884184669800113
13,inference_categories,projected,12,0.72,-0.5781838126736452
13,inference_categories,partial,12,0.78,-0.522817841051704
13,inference_categories,standard,13,0.72,-0.6865236824433757
13,inference_categories,projected,13,0.72,-0.5617867990490543
13,inference_categories,partial,13,0.8,-0.512238943376901
13,inference_categories,standard,14,0.72,-0.6852912071169773
13,inference_categories,projected,14,0.72,-0.5590249769375769
13,inference_categories,partial,14,0.82,-0.5090330020699888
13,inference_categories,standard,15,0.7,-0.6847141107448773
13,inference_categories,projected,15,0.72,-0.559685503107241
13,inference_categories,partial,15,0.84,-0.5140943869484452
13,inference_categories,standard,16,0.7,-0.6839934470470611
13,inference_categories,projected,16,0.72,-0.5646306077813064
13,inference_categories,partial,16,0.8,-0.5205926463457788
13,inference_categories,standard,17,0.72,-0.6833693902992646
13,inference_categories,projected,17,0.7,-0.5679367867018462
13,inference_categories,partial,17,0.82,-0.5253776296889586
13,inference_categories,standard,18,0.72,-0.6834091378645067
13,inference_categories,projected,18,0.68,-0.5703056963170675
13,inference_categories,partial,18,0.78,-0.5335667752705653
13,inference_categories,standard,19,0.7,-0.6837965681130165
13,inference_categories,projected,19,0.68,-0.5594136791957053
13,inference_categories,partial,19,0.7,-0.5153177893095805
13,inference_categories,standard,20,0.72,-0.6835207497092612
13,inference_categories,projected,20,0.74,-0.5617884508982824
13,inference_categories,partial,20,0.74,-0.5107688367278562
12,choice_only,standard,1,0.74,-0.6910963380066426
12,choice_only,projected,1,0.72,-0.6471855492281436
12,choice_only,partial,1,0.72,-0.6471855492281436
12,choice_only,standard,2,0.86,-0.6894060259507103
12,choice_only,projected,2,0.76,-0.5750596121088773
12,choice_only,partial,2,0.76,-0.5750596121088773
12,choice_only,standard,3,0.9,-0.6888686755924178
12,choice_only,projected,3,0.84,-0.5437360124009826
12,choice_only,partial,3,0.84,-0.5437360124009826
12,choice_only,standard,4,0.86,-0.6889335261789421
12,choice_only,projected,4,0.76,-0.5558593570394942
12,choice_only,partial,4,0.76,-0.5558593570394942
12,choice_only,standard,5,0.82,-0.6885693934966172
12,choice_only,projected,5,0.7,-0.5576604047180546
12,choice_only,partial,5,0.7,-0.5576604047180546
12,choice_only,standard,6,0.82,-0.6870304850729361
12,choice_only,projected,6,0.66,-0.5387619795862799
12,choice_only,partial,6,0.66,-0.5387619795862799
12,choice_only,standard,7,0.78,-0.6867854337095212
12,choice_only,projected,7,0.6,-0.5541651154439596
12,choice_only,partial,7,0.6,-0.5541651154439596
12,choice_only,standard,8,0.68,-0.6872979978007172
12,choice_only,projected,8,0.6,-0.5939411789154774
12,choice_only,partial,8,0.6,-0.5939411789154774
12,choice_only,standard,9,0.72,-0.6866099336972039
12,choice_only,projected,9,0.66,-0.5867146799233687
12,choice_only,partial,9,0.66,-0.5867146799233687
12,choice_only,standard,10,0.76,-0.6860157951146124
12,choice_only,projected,10,0.66,-0.572137732724329
12,choice_only,partial,10,0.66,-0.572137732724329
12,choice_only,standard,11,0.74,-0.6859313711617464
12,choice_only,projected,11,0.64,-0.5722530228272471
12,choice_only,partial,11,0.64,-0.5722530228272471
12,choice_only,standard,12,0.74,-0.685364698447666
12,choice_only,projected,12,0.74,-0.48791006910735696
12,choice_only,partial,12,0.74,-0.48791006910735696
12,choice_only,standard,13,0.78,-0.6836260013733164
12,choice_only,projected,13,0.7,-0.47185947038836246
12,choice_only,partial,13,0.7,-0.47185947038836246
12,choice_only,standard,14,0.82,-0.6833334422340122
12,choice_only,projected,14,0.76,-0.4763351237438636
12,choice_only,partial,14,0.76,-0.4763351237438636
12,choice_only,standard,15,0.74,-0.683664546565641
12,choice_only,projected,15,0.7,-0.4882555848432429
12,choice_only,partial,15,0.7,-0.4882555848432429
12,choice_only,standard,16,0.74,-0.6835176877425292
12,choice_only,projected,16,0.74,-0.4876807555025693
12,choice_only,partial,16,0.74,-0.4876807555025693
12,choice_only,standard,17,0.7,-0.6828568314085204
12,choice_only,projected,17,0.72,-0.4886786091761277
12,choice_only,partial,17,0.72,-0.4886786091761277
12,choice_only,standard,18,0.72,-0.681677147307676
12,choice_only,projected,18,0.74,-0.47081766704848604
12,choice_only,partial,18,0.74,-0.47081766704848604
12,choice_only,standard,19,0.68,-0.6814543046002062
12,choice_only,projected,19,0.74,-0.4646256932354429
12,choice_only,partial,19,0.74,-0.4646256932354429
12,choice_only,standard,20,0.74,-0.6801139083224486
12,choice_only,projected,20,0.74,-0.4572059385751728
12,choice_only,partial,20,0.74,-0.4572059385751728
12,inference_affirm,standard,1,0.74,-0.6910963380066426
12,inference_affirm,projected,1,0.72,-0.6471855492281436
12,inference_affirm,partial,1,0.66,-0.6494826979835482
12,inference_affirm,standard,2,0.86,-0.6894060259507103
12,inference_affirm,projected,2,0.76,-0.5750596121088773
12,inference_affirm,partial,2,0.72,-0.5797117811925182
12,inference_affirm,standard,3,0.9,-0.6888686755924178
12,inference_affirm,projected,3,0.84,-0.5437360124009826
12,inference_affirm,partial,3,0.78,-0.5804764172329409
12,inference_affirm,standard,4,0.86,-0.6889335261789421
12,inference_affirm,projected,4,0.76,-0.5558593570394942
12,inference_affirm,partial,4,0.68,-0.5762132023128608
12,inference_affirm,standard,5,0.82,-0.6885693934966172
12,inference_affirm,projected,5,0.7,-0.5576604047180546
12,inference_affirm,partial,5,0.62,-0.5867780877788544
12,inference_affirm,standard,6,0.82,-0.6870304850729361
12,inference_affirm,projected,6,0.66,-0.5387619795862799
12,inference_affirm,partial,6,0.72,-0.567566662242519
12,inference_affirm,standard,7,0.78,-0.6867854337095212
12,inference_affirm,projected,7,0.6,-0.5541651154439596
12,inference_affirm,partial,7,0.66,-0.5986555387610665
12,inference_affirm,standard,8,0.68,-0.6872979978007172
12,inference_affirm,projected,8,0.6,-0.5939411789154774
12,inference_affirm,partial,8,0.64,-0.6131485380239973
12,inference_affirm,standard,9,0.72,-0.6866099336972039
12,inference_affirm,projected,9,0.66,-0.5867146799233687
12,inference_affirm,partial,9,0.64,-0.611919625365789
12,inference_affirm,standard,10,0.76,-0.6860157951146124
12,inference_affirm,projected,10,0.66,-0.572137732724329
12,inference_affirm,partial,10,0.64,-0.5886623119017645
12,inference_affirm,standard,11,0.74,-0.6859313711617464
12,inference_affirm,projected,11,0.64,-0.5722530228272471
12,inference_affirm,partial,11,0.6,-0.5814619902132881
12,inference_affirm,standard,12,0.74,-0.685364698447666
12,inference_affirm,projected,12,0.74,-0.48791006910735696
12,inference_affirm,partial,12,0.72,-0.5552403074951201
12,inference_affirm,standard,13,0.78,-0.6836260013733164
12,inference_affirm,projected,13,0.7,-0.47185947038836246
12,inference_affirm,partial,13,0.74,-0.5343127244426842
12,inference_affirm,standard,14,0.82,-0.6833334422340122
12,inference_affirm,projected,14,0.76,-0.4763351237438636
12,inference_affirm,partial,14,0.72,-0.5309732661981876
12,inference_affirm,standard,15,0.74,-0.683664546565641
12,inference_affirm,projected,15,0.7,-0.4882555848432429
12,inference_affirm,partial,15,0.68,-0.5466662235441709
12,inference_affirm,standard,16,0.74,-0.6835176877425292
12,inference_affirm,projected,16,0.74,-0.4876807555025693
12,inference_affirm,partial,16,0.66,-0.5349967613025848
12,inference_affirm,standard,17,0.7,-0.6828568314085204
12,inference_affirm,projected,17,0.72,-0.4886786091761277
12,inference_affirm,partial,17,0.62,-0.5457583725963173
12,inference_affirm,standard,18,0.72,-0.681677147307676
12,inference_affirm,projected,18,0.74,-0.47081766704848604
12,inference_affirm,partial,18,0.68,-0.5414114525482001
12,inference_affirm,standard,19,0.68,-0.6814543046002062
12,inference_affirm,projected,19,0.74,-0.4646256932354429
12,inference_affirm,partial,19,0.64,-0.5388385355466849
12,inference_affirm,standard,20,0.74,-0.6801139083224486
12,inference_affirm,projected,20,0.74,-0.4572059385751728
12,inference_affirm,partial,20,0.72,-0.5116046804070448
12,inference_categories,standard,1,0.74,-0.6910963380066426
12,inference_categories,projected,1,0.72,-0.6471855492281436
12,inference_categories,partial,1,0.66,-0.6511728398882941
12,inference_categories,standard,2,0.86,-0.6894060259507103
12,inference_categories,projected,2,0.76,-0.5750596121088773
12,inference_categories,partial,2,0.72,-0.5798540360536353
12,inference_categories,standard,3,0.9,-0.6888686755924178
12,inference_categories,projected,3,0.84,-0.5437360124009826
12,inference_categories,partial,3,0.76,-0.5695479325281187
12,inference_categories,standard,4,0.86,-0.6889335261789421
12,inference_categories,projected,4,0.76,-0.5558593570394942
12,inference_categories,partial,4,0.72,-0.5563912932649702
12,inference_categories,standard,5,0.82,-0.6885693934966172
12,inference_categories,projected,5,0.7,-0.5576604047180546
12,inference_categories,partial,5,0.68,-0.5616800271581951
12,inference_categories,standard,6,0.82,-0.6870304850729361
12,inference_categories,projected,6,0.66,-0.5387619795862799
12,inference_categories,partial,6,0.66,-0.5489539529854294
12,inference_categories,standard,7,0.78,-0.6867854337095212
12,inference_categories,projected,7,0.6,-0.5541651154439596
12,inference_categories,partial,7,0.66,-0.5790115282023535
12,inference_categories,standard,8,0.68,-0.6872979978007172
12,inference_categories,projected,8,0.6,-0.5939411789154774
12,inference_categories,partial,8,0.64,-0.5876453588128968
12,inference_categories,standard,9,0.72,-0.6866099336972039
12,inference_categories,projected,9,0.66,-0.5867146799233687
12,inference_categories,partial,9,0.7,-0.5835928317715812
12,inference_categories,standard,10,0.76,-0.6860157951146124
12,inference_categories,projected,10,0.66,-0.572137732724329
12,inference_categories,partial,10,0.72,-0.5554331646160898
12,inference_categories,standard,11,0.74,-0.6859313711617464
12,inference_categories,projected,11,0.64,-0.5722530228272471
12,inference_categories,partial,11,0.72,-0.5565530059545584
12,inference_categories,standard,12,0.74,-0.685364698447666
12,inference_categories,projected,12,0.74,-0.48791006910735696
12,inference_categories,partial,12,0.72,-0.5188000303105728
12,inference_categories,standard,13,0.78,-0.6836260013733164
12,inference_categories,projected,13,0.7,-0.47185947038836246
12,inference_categories,partial,13,0.8,-0.4853886292536556
12,inference_categories,standard,14,0.82,-0.6833334422340122
12,inference_categories,projected,14,0.76,-0.4763351237438636
12,inference_categories,partial,14,0.78,-0.4882701355388708
12,inference_categories,standard,15,0.74,-0.683664546565641
12,inference_categories,projected,15,0.7,-0.4882555848432429
12,inference_categories,partial,15,0.76,-0.501663018093976
12,inference_categories,standard,16,0.74,-0.6835176877425292
12,inference_categories,projected,16,0.74,-0.4876807555025693
12,inference_categories,partial,16,0.76,-0.49173754169576106
12,inference_categories,standard,17,0.7,-0.6828568314085204
12,inference_categories,projected,17,0.72,-0.4886786091761277
12,inference_categories,partial,17,0.72,-0.5028785313229656
12,inference_categories,standard,18,0.72,-0.681677147307676
12,inference_categories,projected,18,0.74,-0.47081766704848604
12,inference_categories,partial,18,0.74,-0.49971612103233115
12,inference_categories,standard,19,0.68,-0.6814543046002062
12,inference_categories,projected,19,0.74,-0.4646256932354429
12,inference_categories,partial,19,0.72,-0.5014263012871164
12,inference_categories,standard,20,0.74,-0.6801139083224486
12,inference_categories,projected,20,0.74,-0.4572059385751728
12,inference_categories,partial,20,0.72,-0.4903274222704803
14,choice_only,standard,1,0.46,-0.6933977958284966
14,choice_only,projected,1,0.5,-0.7075075995757142
14,choice_only,partial,1,0.5,-0.7075075995757142
14,choice_only,standard,2,0.6,-0.6928601032853902
14,choice_only,projected,2,0.54,-0.6978947483107885
14,choice_only,partial,2,0.54,-0.6978947483107885
14,choice_only,standard,3,0.54,-0.6926014492233392
14,choice_only,projected,3,0.52,-0.7082084701609983
14,choice_only,partial,3,0.52,-0.7082084701609983
14,choice_only,standard,4,0.52,-0.6930785553564587
14,choice_only,projected,4,0.48,-0.7373689426447365
14,choice_only,partial,4,0.48,-0.7373689426447365
14,choice_only,standard,5,0.52,-0.6923327334518821
14,choice_only,projected,5,0.54,-0.7000984299993259
14,choice_only,partial,5,0.54,-0.7000984299993259
14,choice_only,standard,6,0.6,-0.6921520085909388
14,choice_only,projected,6,0.56,-0.7235523460726655
14,choice_only,partial,6,0.56,-0.7235523460726655
14,choice_only,standard,7,0.56,-0.6919961487588115
14,choice_only,projected,7,0.52,-0.7133456449687066
14,choice_only,partial,7,0.52,-0.7133456449687066
14,choice_only,standard,8,0.56,-0.6920697846137109
14,choice_only,projected,8,0.52,-0.7163049576894588
14,choice_only,partial,8,0.52,-0.7163049576894588
14,choice_only,standard,9,0.56,-0.691788145714175
14,choice_only,projected,9,0.5,-0.7031952833682651
14,choice_only,partial,9,0.5,-0.7031952833682651
14,choice_only,standard,10,0.56,-0.6919133195996274
14,choice_only,projected,10,0.54,-0.7102534852654457
14,choice_only,partial,10,0.54,-0.7102534852654457
14,choice_only,standard,11,0.58,-0.6913084473542749
14,choice_only,projected,11,0.56,-0.6953694026528737
14,choice_only,partial,11,0.56,-0.6953694026528737
14,choice_only,standard,12,0.52,-0.6908255013279454
14,choice_only,projected,12,0.56,-0.7004705371241359
14,choice_only,partial,12,0.56,-0.7004705371241359
14,choice_only,standard,13,0.52,-0.6908674225988295
14,choice_only,projected,13,0.52,-0.7050521597681214
14,choice_only,partial,13,0.52,-0.7050521597681214
14,choice_only,standard,14,0.54,-0.6895097100629141
14,choice_only,projected,14,0.56,-0.6913044172060298
14,choice_only,partial,14,0.56,-0.6913044172060298
14,choice_only,standard,15,0.54,-0.6897133051481602
14,choice_only,projected,15,0.56,-0.6874865575918107
14,choice_only,partial,15,0.56,-0.6874865575918107
14,choice_only,standard,16,0.58,-0.6891823991621177
14,choice_only,projected,16,0.56,-0.6966702102296025
14,choice_only,partial,16,0.56,-0.6966702102296025
14,choice_only,standard,17,0.6,-0.689034323749299
14,choice_only,projected,17,0.54,-0.7003407811939902
14,choice_only,partial,17,0.54,-0.7003407811939902
14,choice_only,standard,18,0.54,-0.6887847461223535
14,choice_only,projected,18,0.54,-0.7042832787925694
14,choice_only,partial,18,0.54,-0.7042832787925694
14,choice_only,standard,19,0.58,-0.6895386041725545
14,choice_only,projected,19,0.54,-0.7069084798503918
14,choice_only,partial,19,0.54,-0.7069084798503918
14,choice_only,standard,20,0.58,-0.6888756791578946
14,choice_only,projected,20,0.54,-0.6953104897319569
14,choice_only,partial,20,0.54,-0.6953104897319569
14,inference_affirm,standard,1,0.46,-0.6933977958284966
14,inference_affirm,projected,1,0.5,-0.7075075995757142
14,inference_affirm,partial,1,0.54,-0.6758658361553498
14,inference_affirm,standard,2,0.6,-0.6928601032853902
14,inference_affirm,projected,2,0.54,-0.6978947483107885
14,inference_affirm,partial,2,0.68,-0.6554578504250599
14,inference_affirm,standard,3,0.54,-0.6926014492233392
14,inference_affirm,projected,3,0.52,-0.7082084701609983
14,inference_affirm,partial,3,0.64,-0.6452488780271081
14,inference_affirm,standard,4,0.52,-0.6930785553564587
14,inference_affirm,projected,4,0.48,-0.7373689426447365
14,inference_affirm,partial,4,0.62,-0.6591647832566081
14,inference_affirm,standard,5,0.52,-0.6923327334518821
14,inference_affirm,projected,5,0.54,-0.7000984299993259
14,inference_affirm,partial,5,0.68,-0.6220755599457751
14,inference_affirm,standard,6,0.6,-0.6921520085909388
14,inference_affirm,projected,6,0.56,-0.7235523460726655
14,inference_affirm,partial,6,0.62,-0.6437270967420696
14,inference_affirm,standard,7,0.56,-0.6919961487588115
14,inference_affirm,projected,7,0.52,-0.7133456449687066
14,inference_affirm,partial,7,0.58,-0.6375824747276216
14,inference_affirm,standard,8,0.56,-0.6920697846137109
14,inference_affirm,projected,8,0.52,-0.7163049576894588
14,inference_affirm,partial,8,0.68,-0.6368250757972227
14,inference_affirm,standard,9,0.56,-0.691788145714175
14,inference_affirm,projected,9,0.5,-0.7031952833682651
14,inference_affirm,partial,9,0.64,-0.6345148631507197
14,inference_affirm,standard,10,0.56,-0.6919133195996274
14,inference_affirm,projected,10,0.54,-0.7102534852654457
14,inference_affirm,partial,10,0.66,-0.6345082636815732
14,inference_affirm,standard,11,0.58,-0.6913084473542749
14,inference_affirm,projected,11,0.56,-0.6953694026528737
14,inference_affirm,partial,11,0.64,-0.6117798732067744
14,inference_affirm,standard,12,0.52,-0.6908255013279454
14,inference_affirm,projected,12,0.56,-0.7004705371241359
14,inference_affirm,partial,12,0.62,-0.6085966555896437
14,inference_affirm,standard,13,0.52,-0.6908674225988295
14,inference_affirm,projected,13,0.52,-0.7050521597681214
14,inference_affirm,partial,13,0.62,-0.61380916388608
14,inference_affirm,standard,14,0.54,-0.6895097100629141
14,inference_affirm,projected,14,0.56,-0.6913044172060298
14,inference_affirm,partial,14,0.64,-0.5827336693521386
14,inference_affirm,standard,15,0.54,-0.6897133051481602
14,inference_affirm,projected,15,0.56,-0.6874865575918107
14,inference_affirm,partial,15,0.68,-0.5782835892809123
14,inference_affirm,standard,16,0.58,-0.6891823991621177
14,inference_affirm,projected,16,0.56,-0.6966702102296025
14,inference_affirm,partial,16,0.62,-0.5942717726213648
14,inference_affirm,standard,17,0.6,-0.689034323749299
14,inference_affirm,projected,17,0.54,-0.7003407811939902
14,inference_affirm,partial,17,0.64,-0.586514731653637
14,inference_affirm,standard,18,0.54,-0.6887847461223535
14,inference_affirm,projected,18,0.54,-0.7042832787925694
14,inference_affirm,partial,18,0.62,-0.5903087255698457
14,inference_affirm,standard,19,0.58,-0.6895386041725545
14,inference_affirm,projected,19,0.54,-0.7069084798503918
14,inference_affirm,partial,19,0.72,-0.5674176897828715
14,inference_affirm,standard,20,0.58,-0.6888756791578946
14,inference_affirm,projected,20,0.54,-0.6953104897319569
14,inference_affirm,partial,20,0.76,-0.5452468720387124
14,inference_categories,standard,1,0.46,-0.6933977958284966
14,inference_categories,projected,1,0.5,-0.7075075995757142
14,inference_categories,partial,1,0.5,-0.7096678000384209
14,inference_categories,standard,2,0.6,-0.6928601032853902
14,inference_categories,projected,2,0.54,-0.6978947483107885
14,inference_categories,partial,2,0.52,-0.7013057709554822
14,inference_categories,standard,3,0.54,-0.6926014492233392
14,inference_categories,projected,3,0.52,-0.7082084701609983
14,inference_categories,partial,3,0.48,-0.7103246943947493
14,inference_categories,standard,4,0.52,-0.6930785553564587
14,inference_categories,projected,4,0.48,-0.7373689426447365
14,inference_categories,partial,4,0.46,-0.7359072275080678
14,inference_categories,standard,5,0.52,-0.6923327334518821
14,inference_categories,projected,5,0.54,-0.7000984299993259
14,inference_categories,partial,5,0.54,-0.7073512114881781
14,inference_categories,standard,6,0.6,-0.6921520085909388
14,inference_categories,projected,6,0.56,-0.7235523460726655
14,inference_categories,partial,6,0.52,-0.7329134465712153
14,inference_categories,standard,7,0.56,-0.6919961487588115
14,inference_categories,projected,7,0.52,-0.7133456449687066
14,inference_categories,partial,7,0.52,-0.7194913061554808
14,inference_categories,standard,8,0.56,-0.6920697846137109
14,inference_categories,projected,8,0.52,-0.7163049576894588
14,inference_categories,partial,8,0.6,-0.6739559266838553
14,inference_categories,standard,9,0.56,-0.691788145714175
14,inference_categories,projected,9,0.5,-0.7031952833682651
14,inference_categories,partial,9,0.6,-0.6844546719994392
14,inference_categories,standard,10,0.56,-0.6919133195996274
14,inference_categories,projected,10,0.54,-0.7102534852654457
14,inference_categories,partial,10,0.6,-0.6933582216150996
14,inference_categories,standard,11,0.58,-0.6913084473542749
14,inference_categories,projected,11,0.56,-0.6953694026528737
14,inference_categories,partial,11,0.62,-0.6786903424807736
14,inference_categories,standard,12,0.52,-0.6908255013279454
14,inference_categories,projected,12,0.56,-0.7004705371241359
14,inference_categories,partial,12,0.62,-0.6824041292737344
14,inference_categories,standard,13,0.52,-0.6908674225988295
14,inference_categories,projected,13,0.52,-0.7050521597681214
14,inference_categories,partial,13,0.58,-0.6801238347129709
14,inference_categories,standard,14,0.54,-0.6895097100629141
14,inference_categories,projected,14,0.56,-0.6913044172060298
14,inference_categories,partial,14,0.64,-0.6558533238138492
14,inference_categories,standard,15,0.54,-0.6897133051481602
14,inference_categories,projected,15,0.56,-0.6874865575918107
14,inference_categories,partial,15,0.6,-0.6582860043115258
14,inference_categories,standard,16,0.58,-0.6891823991621177
14,inference_categories,projected,16,0.56,-0.6966702102296025
14,inference_categories,partial,16,0.6,-0.6641464255634483
14,inference_categories,standard,17,0.6,-0.689034323749299
14,inference_categories,projected,17,0.54,-0.7003407811939902
14,inference_categories,partial,17,0.58,-0.6665207813039826
14,inference_categories,standard,18,0.54,-0.6887847461223535
14,inference_categories,projected,18,0.54,-0.7042832787925694
14,inference_categories,partial,18,0.58,-0.6699357529344586
14,inference_categories,standard,19,0.58,-0.6895386041725545
14,inference_categories,projected,19,0.54,-0.7069084798503918
14,inference_categories,partial,19,0.62,-0.6527979958999188
14,inference_categories,standard,20,0.58,-0.6888756791578946
14,inference_categories,projected,20,0.54,-0.6953104897319569
14,inference_categories,partial,20,0.62,-0.6281947571181388
15,choice_only,standard,1,0.5,-0.6923884373794977
15,choice_only,projected,1,0.58,-0.6726159329202303
15,choice_only,partial,1,0.58,-0.6726159329202303
15,choice_only,standard,2,0.58,-0.6917645638179737
15,choice_only,projected,2,0.64,-0.66201638894514
15,choice_only,partial,2,0.64,-0.66201638894514
15,choice_only,standard,3,0.68,-0.6913466255656696
15,choice_only,projected,3,0.62,-0.6525553022685858
15,choice_only,partial,3,0.62,-0.6525553022685858
15,choice_only,standard,4,0.62,-0.6908917165629964
15,choice_only,projected,4,0.56,-0.6584128471147805
15,choice_only,partial,4,0.56,-0.6584128471147805
15,choice_only,standard,5,0.66,-0.6900950225293754
15,choice_only,projected,5,0.58,-0.6279234121315962
15,choice_only,partial,5,0.58,-0.6279234121315962
15,choice_only,standard,6,0.64,-0.6910357729168959
15,choice_only,projected,6,0.64,-0.594916598299329
15,choice_only,partial,6,0.64,-0.594916598299329
15,choice_only,standard,7,0.64,-0.6907825207535631
15,choice_only,projected,7,0.64,-0.5964016914474918
15,choice_only,partial,7,0.64,-0.5964016914474918
15,choice_only,standard,8,0.6,-0.6909494593585019
15,choice_only,projected,8,0.6,-0.6031976422041133
15,choice_only,partial,8,0.6,-0.6031976422041133
15,choice_only,standard,9,0.56,-0.6906402668425308
15,choice_only,projected,9,0.6,-0.614935673213102
15,choice_only,partial,9,0.6,-0.614935673213102
15,choice_only,standard,10,0.58,-0.6904796912283885
15,choice_only,projected,10,0.64,-0.6127954811350996
15,choice_only,partial,10,0.64,-0.6127954811350996
15,choice_only,standard,11,0.62,-0.689818242970732
15,choice_only,projected,11,0.66,-0.6328515795372731
15,choice_only,partial,11,0.66,-0.6328515795372731
15,choice_only,standard,12,0.62,-0.688980634291199
15,choice_only,projected,12,0.64,-0.6096859589777249
15,choice_only,partial,12,0.64,-0.6096859589777249
15,choice_only,standard,13,0.66,-0.6880956238408769
15,choice_only,projected,13,0.66,-0.6027804091295161
15,choice_only,partial,13,0.66,-0.6027804091295161
15,choice_only,standard,14,0.66,-0.6877467630550567
15,choice_only,projected,14,0.72,-0.5725245524859728
15,choice_only,partial,14,0.72,-0.5725245524859728
15,choice_only,standard,15,0.7,-0.6873904133751918
15,choice_only,projected,15,0.68,-0.5699442151795586
15,choice_only,partial,15,0.68,-0.5699442151795586
15,choice_only,standard,16,0.66,-0.6869826038339815
15,choice_only,projected,16,0.68,-0.5717495521816536
15,choice_only,partial,16,0.68,-0.5717495521816536
15,choice_only,standard,17,0.7,-0.6858320503773818
15,choice_only,projected,17,0.78,-0.5650369386929688
15,choice_only,partial,17,0.78,-0.5650369386929688
15,choice_only,standard,18,0.74,-0.6852567826874854
15,choice_only,projected,18,0.7,-0.573662000737113
15,choice_only,partial,18,0.7,-0.573662000737113
15,choice_only,standard,19,0.72,-0.6854431189868676
15,choice_only,projected,19,0.7,-0.5565317513078636
15,choice_only,partial,19,0.7,-0.5565317513078636
15,choice_only,standard,20,0.74,-0.6852893209521196
15,choice_only,projected,20,0.74,-0.5405942651111929
15,choice_only,partial,20,0.74,-0.5405942651111929
15,inference_affirm,standard,1,0.5,-0.6923884373794977
15,inference_affirm,projected,1,0.58,-0.6726159329202303
15,inference_affirm,partial,1,0.66,-0.6690438340786008
15,inference_affirm,standard,2,0.58,-0.6917645638179737
15,inference_affirm,projected,2,0.64,-0.66201638894514
15,inference_affirm,partial,2,0.58,-0.6738384988568674
15,inference_affirm,standard,3,0.68,-0.6913466255656696
15,inference_affirm,projected,3,0.62,-0.6525553022685858
15,inference_affirm,partial,3,0.6,-0.6646401448216649
15,inference_affirm,standard,4,0.62,-0.6908917165629964
15,inference_affirm,projected,4,0.56,-0.6584128471147805
15,inference_affirm,partial,4,0.58,-0.6690500644662326
15,inference_affirm,standard,5,0.66,-0.6900950225293754
15,inference_affirm,projected,5,0.58,-0.6279234121315962
15,inference_affirm,partial,5,0.6,-0.6358762804211898
15,inference_affirm,standard,6,0.64,-0.6910357729168959
15,inference_affirm,projected,6,0.64,-0.594916598299329
15,inference_affirm,partial,6,0.66,-0.6199566538378563
15,inference_affirm,standard,7,0.64,-0.6907825207535631
15,inference_affirm,projected,7,0.64,-0.5964016914474918
15,inference_affirm,partial,7,0.64,-0.6146004956479687
15,inference_affirm,standard,8,0.6,-0.6909494593585019
15,inference_affirm,projected,8,0.6,-0.6031976422041133
15,inference_affirm,partial,8,0.6,-0.62391066906182
15,inference_affirm,standard,9,0.56,-0.6906402668425308
15,inference_affirm,projected,9,0.6,-0.614935673213102
15,inference_affirm,partial,9,0.62,-0.6340316069686682
15,inference_affirm,standard,10,0.58,-0.6904796912283885
15,inference_affirm,projected,10,0.64,-0.6127954811350996
15,inference_affirm,partial,10,0.58,-0.6314452275790584
15,inference_affirm,standard,11,0.62,-0.689818242970732
15,inference_affirm,projected,11,0.66,-0.6328515795372731
15,inference_affirm,partial,11,0.58,-0.6396135711326338
15,inference_affirm,standard,12,0.62,-0.688980634291199
15,inference_affirm,projected,12,0.64,-0.6096859589777249
15,inference_affirm,partial,12,0.62,-0.6087277059207544
15,inference_affirm,standard,13,0.66,-0.6880956238408769
15,inference_affirm,projected,13,0.66,-0.6027804091295161
15,inference_affirm,partial,13,0.64,-0.6021755899258051
15,inference_affirm,standard,14,0.66,-0.6877467630550567
15,inference_affirm,projected,14,0.72,-0.5725245524859728
15,inference_affirm,partial,14,0.66,-0.5954136009772596
15,inference_affirm,standard,15,0.7,-0.6873904133751918
15,inference_affirm,projected,15,0.68,-0.5699442151795586
15,inference_affirm,partial,15,0.66,-0.5935453418786217
15,inference_affirm,standard,16,0.66,-0.6869826038339815
15,inference_affirm,projected,16,0.68,-0.5717495521816536
15,inference_affirm,partial,16,0.68,-0.5922074536480751
15,inference_affirm,standard,17,0.7,-0.6858320503773818
15,inference_affirm,projected,17,0.78,-0.5650369386929688
15,inference_affirm,partial,17,0.66,-0.5905750986239802
15,inference_affirm,standard,18,0.74,-0.6852567826874854
15,inference_affirm,projected,18,0.7,-0.573662000737113
15,inference_affirm,partial,18,0.68,-0.5849396952228686
15,inference_affirm,standard,19,0.72,-0.6854431189868676
15,inference_affirm,projected,19,0.7,-0.5565317513078636
15,inference_affirm,partial,19,0.66,-0.5814374384263824
15,inference_affirm,standard,20,0.74,-0.6852893209521196
15,inference_affirm,projected,20,0.74,-0.5405942651111929
15,inference_affirm,partial,20,0.66,-0.5809711207954166
15,inference_categories,standard,1,0.5,-0.6923884373794977
15,inference_categories,projected,1,0.58,-0.6726159329202303
15,inference_categories,partial,1,0.62,-0.6685184273613737
15,inference_categories,standard,2,0.58,-0.6917645638179737
15,inference_categories,projected,2,0.64,-0.66201638894514
15,inference_categories,partial,2,0.62,-0.6694676557933187
15,inference_categories,standard,3,0.68,-0.6913466255656696
15,inference_categories,projected,3,0.62,-0.6525553022685858
15,inference_categories,partial,3,0.68,-0.6352060103573062
15,inference_categories,standard,4,0.62,-0.6908917165629964
15,inference_categories,projected,4,0.56,-0.6584128471147805
15,inference_categories,partial,4,0.62,-0.6426497148582502
15,inference_categories,standard,5,0.66,-0.6900950225293754
15,inference_categories,projected,5,0.58,-0.6279234121315962
15,inference_categories,partial,5,0.68,-0.6155389041528522
15,inference_categories,standard,6,0.64,-0.6910357729168959
15,inference_categories,projected,6,0.64,-0.594916598299329
15,inference_categories,partial,6,0.74,-0.5821378333997049
15,inference_categories,standard,7,0.64,-0.6907825207535631
15,inference_categories,projected,7,0.64,-0.5964016914474918
15,inference_categories,partial,7,0.64,-0.5877343764775658
15,inference_categories,standard,8,0.6,-0.6909494593585019
15,inference_categories,projected,8,0.6,-0.6031976422041133
15,inference_categories,partial,8,0.7,-0.6003309656312943
15,inference_categories,standard,9,0.56,-0.6906402668425308
15,inference_categories,projected,9,0.6,-0.614935673213102
15,inference_categories,partial,9,0.68,-0.6111951840699525
15,inference_categories,standard,10,0.58,-0.6904796912283885
15,inference_categories,projected,10,0.64,-0.6127954811350996
15,inference_categories,partial,10,0.64,-0.6060040278143499
15,inference_categories,standard,11,0.62,-0.689818242970732
15,inference_categories,projected,11,0.66,-0.6328515795372731
15,inference_categories,partial,11,0.66,-0.6206135739774108
15,inference_categories,standard,12,0.62,-0.688980634291199
15,inference_categories,projected,12,0.64,-0.6096859589777249
15,inference_categories,partial,12,0.68,-0.6035598775899178
15,inference_categories,standard,13,0.66,-0.6880956238408769
15,inference_categories,projected,13,0.66,-0.6027804091295161
15,inference_categories,partial,13,0.66,-0.5951614923702122
15,inference_categories,standard,14,0.66,-0.6877467630550567
15,inference_categories,projected,14,0.72,-0.5725245524859728
15,inference_categories,partial,14,0.66,-0.5867034308106568
15,inference_categories,standard,15,0.7,-0.6873904133751918
15,inference_categories,projected,15,0.68,-0.5699442151795586
15,inference_categories,partial,15,0.7,-0.5878986943512476
15,inference_categories,standard,16,0.66,-0.6869826038339815
15,inference_categories,projected,16,0.68,-0.5717495521816536
15,inference_categories,partial,16,0.7,-0.5919615146549656
15,inference_categories,standard,17,0.7,-0.6858320503773818
15,inference_categories,projected,17,0.78,-0.5650369386929688
15,inference_categories,partial,17,0.7,-0.5879204417772345
15,inference_categories,standard,18,0.74,-0.6852567826874854
15,inference_categories,projected,18,0.7,-0.573662000737113
15,inference_categories,partial,18,0.7,-0.5862920364813118
15,inference_categories,standard,19,0.72,-0.6854431189868676
15,inference_categories,projected,19,0.7,-0.5565317513078636
15,inference_categories,partial,19,0.68,-0.5890655968958867
15,inference_categories,standard,20,0.74,-0.6852893209521196
15,inference_categories,projected,20,0.74,-0.5405942651111929
15,inference_categories,partial,20,0.66,-0.5860488035948909
17,choice_only,standard,1,0.48,-0.6936073724417562
17,choice_only,projected,1,0.44,-0.7146918025552896
17,choice_only,partial,1,0.44,-0.7146918025552896
17,choice_only,standard,2,0.42,-0.6936350707364926
17,choice_only,projected,2,0.34,-0.7645927641670264
17,choice_only,partial,2,0.34,-0.7645927641670264
17,choice_only,standard,3,0.54,-0.6924749285847096
17,choice_only,projected,3,0.52,-0.7601906721151007
17,choice_only,partial,3,0.52,-0.7601906721151007
17,choice_only,standard,4,0.56,-0.6918447247264734
17,choice_only,projected,4,0.5,-0.7532942541315374
17,choice_only,partial,4,0.5,-0.7532942541315374
17,choice_only,standard,5,0.62,-0.6909991883757561
17,choice_only,projected,5,0.58,-0.718584973950588
17,choice_only,partial,5,0.58,-0.718584973950588
17,choice_only,standard,6,0.64,-0.6904527729725232
17,choice_only,projected,6,0.52,-0.7250182514193706
17,choice_only,partial,6,0.52,-0.7250182514193706
17,choice_only,standard,7,0.66,-0.6897859893240659
17,choice_only,projected,7,0.6,-0.672080381871489
17,choice_only,partial,7,0.6,-0.672080381871489
17,choice_only,standard,8,0.68,-0.6894058055762955
17,choice_only,projected,8,0.66,-0.6153276295147375
17,choice_only,partial,8,0.66,-0.6153276295147375
17,choice_only,standard,9,0.7,-0.689036866620113
17,choice_only,projected,9,0.6,-0.6142255900732329
17,choice_only,partial,9,0.6,-0.6142255900732329
17,choice_only,standard,10,0.64,-0.6885669774646257
17,choice_only,projected,10,0.66,-0.604480641015693
17,choice_only,partial,10,0.66,-0.604480641015693
17,choice_only,standard,11,0.62,-0.6876914927150282
17,choice_only,projected,11,0.66,-0.5990381580228376
17,choice_only,partial,11,0.66,-0.5990381580228376
17,choice_only,standard,12,0.6,-0.6873555856571676
17,choice_only,projected,12,0.7,-0.6003609404071798
17,choice_only,partial,12,0.7,-0.6003609404071798
17,choice_only,standard,13,0.64,-0.6871969738493106
17,choice_only,projected,13,0.7,-0.5780990060600673
17,choice_only,partial,13,0.7,-0.5780990060600673
17,choice_only,standard,14,0.66,-0.6862713192716697
17,choice_only,projected,14,0.74,-0.5612906712183086
17,choice_only,partial,14,0.74,-0.5612906712183086
17,choice_only,standard,15,0.7,-0.6858904835403316
17,choice_only,projected,15,0.7,-0.5860393150161468
17,choice_only,partial,15,0.7,-0.5860393150161468
17,choice_only,standard,16,0.72,-0.6849505544742973
17,choice_only,projected,16,0.66,-0.5928649249877557
17,choice_only,partial,16,0.66,-0.5928649249877557
17,choice_only,standard,17,0.7,-0.6852209950901375
17,choice_only,projected,17,0.66,-0.6182016735994579
17,choice_only,partial,17,0.66,-0.6182016735994579
17,choice_only,standard,18,0.68,-0.6852182104449743
17,choice_only,projected,18,0.66,-0.6447178297857102
17,choice_only,partial,18,0.66,-0.6447178297857102
17,choice_only,standard,19,0.66,-0.6855355753651721
17,choice_only,projected,19,0.7,-0.6251899262220841
17,choice_only,partial,19,0.7,-0.6251899262220841
17,choice_only,standard,20,0.6,-0.6854677747725849
17,choice_only,projected,20,0.68,-0.6335314189400474
17,choice_only,partial,20,0.68,-0.6335314189400474
17,inference_affirm,standard,1,0.48,-0.6936073724417562
17,inference_affirm,projected,1,0.44,-0.7146918025552896
17,inference_affirm,partial,1,0.52,-0.6970351425522441
17,inference_affirm,standard,2,0.42,-0.6936350707364926
17,inference_affirm,projected,2,0.34,-0.7645927641670264
17,inference_affirm,partial,2,0.44,-0.7473629562942442
17,inference_affirm,standard,3,0.54,-0.6924749285847096
17,inference_affirm,projected,3,0.52,-0.7601906721151007
17,inference_affirm,partial,3,0.54,-0.6935434752917919
17,inference_affirm,standard,4,0.56,-0.6918447247264734
17,inference_affirm,projected,4,0.5,-0.7532942541315374
17,inference_affirm,partial,4,0.56,-0.6797959919475273
17,inference_affirm,standard,5,0.62,-0.6909991883757561
17,inference_affirm,projected,5,0.58,-0.718584973950588
17,inference_affirm,partial,5,0.7,-0.6518179899647485
17,inference_affirm,standard,6,0.64,-0.6904527729725232
17,inference_affirm,projected,6,0.52,-0.7250182514193706
17,inference_affirm,partial,6,0.6,-0.6644539588437841
17,inference_affirm,standard,7,0.66,-0.6897859893240659
17,inference_affirm,projected,7,0.6,-0.672080381871489
17,inference_affirm,partial,7,0.62,-0.6349467908053502
17,inference_affirm,standard,8,0.68,-0.6894058055762955
17,inference_affirm,projected,8,0.66,-0.6153276295147375
17,inference_affirm,partial,8,0.7,-0.5866522769099842
17,inference_affirm,standard,9,0.7,-0.689036866620113
17,inference_affirm,projected,9,0.6,-0.6142255900732329
17,inference_affirm,partial,9,0.7,-0.5871245252707294
17,inference_affirm,standard,10,0.64,-0.6885669774646257
17,inference_affirm,projected,10,0.66,-0.604480641015693
17,inference_affirm,partial,10,0.7,-0.5766535700122613
17,inference_affirm,standard,11,0.62,-0.6876914927150282
17,inference_affirm,projected,11,0.66,-0.5990381580228376
17,inference_affirm,partial,11,0.74,-0.5702740840853274
17,inference_affirm,standard,12,0.6,-0.6873555856571676
17,inference_affirm,projected,12,0.7,-0.6003609404071798
17,inference_affirm,partial,12,0.72,-0.5697626780433427
17,inference_affirm,standard,13,0.64,-0.6871969738493106
17,inference_affirm,projected,13,0.7,-0.5780990060600673
17,inference_affirm,partial,13,0.76,-0.5598603093453678
17,inference_affirm,standard,14,0.66,-0.6862713192716697
17,inference_affirm,projected,14,0.74,-0.5612906712183086
17,inference_affirm,partial,14,0.76,-0.5515306373628487
17,inference_affirm,standard,15,0.7,-0.6858904835403316
17,inference_affirm,projected,15,0.7,-0.5860393150161468
17,inference_affirm,partial,15,0.68,-0.5692716813745371
17,inference_affirm,standard,16,0.72,-0.6849505544742973
17,inference_affirm,projected,16,0.66,-0.5928649249877557
17,inference_affirm,partial,16,0.68,-0.5700988823719088
17,inference_affirm,standard,17,0.7,-0.6852209950901375
17,inference_affirm,projected,17,0.66,-0.6182016735994579
17,inference_affirm,partial,17,0.72,-0.5938571614604156
17,inference_affirm,standard,18,0.68,-0.6852182104449743
17,inference_affirm,projected,18,0.66,-0.6447178297857102
17,inference_affirm,partial,18,0.66,-0.6067412406117101
17,inference_affirm,standard,19,0.66,-0.6855355753651721
17,inference_affirm,projected,19,0.7,-0.6251899262220841
17,inference_affirm,partial,19,0.66,-0.6058017613899578
17,inference_affirm,standard,20,0.6,-0.6854677747725849
17,inference_affirm,projected,20,0.68,-0.6335314189400474
17,inference_affirm,partial,20,0.62,-0.6112539172708334
17,inference_categories,standard,1,0.48,-0.6936073724417562
17,inference_categories,projected,1,0.44,-0.7146918025552896
17,inference_categories,partial,1,0.42,-0.7260143180150783
17,inference_categories,standard,2,0.42,-0.6936350707364926
17,inference_categories,projected,2,0.34,-0.7645927641670264
17,inference_categories,partial,2,0.38,-0.7732434333283267
17,inference_categories,standard,3,0.54,-0.6924749285847096
17,inference_categories,projected,3,0.52,-0.7601906721151007
17,inference_categories,partial,3,0.5,-0.756270297232132
17,inference_categories,standard,4,0.56,-0.6918447247264734
17,inference_categories,projected,4,0.5,-0.7532942541315374
17,inference_categories,partial,4,0.52,-0.744285222866572
17,inference_categories,standard,5,0.62,-0.6909991883757561
17,inference_categories,projected,5,0.58,-0.718584973950588
17,inference_categories,partial,5,0.58,-0.7111477689049844
17,inference_categories,standard,6,0.64,-0.6904527729725232
17,inference_categories,projected,6,0.52,-0.7250182514193706
17,inference_categories,partial,6,0.56,-0.7141095951060867
17,inference_categories,standard,7,0.66,-0.6897859893240659
17,inference_categories,projected,7,0.6,-0.672080381871489
17,inference_categories,partial,7,0.52,-0.6763092283137574
17,inference_categories,standard,8,0.68,-0.6894058055762955
17,inference_categories,projected,8,0.66,-0.6153276295147375
17,inference_categories,partial,8,0.66,-0.6213026115459929
17,inference_categories,standard,9,0.7,-0.689036866620113
17,inference_categories,projected,9,0.6,-0.6142255900732329
17,inference_categories,partial,9,0.64,-0.6177715559666247
17,inference_categories,standard,10,0.64,-0.6885669774646257
17,inference_categories,projected,10,0.66,-0.604480641015693
17,inference_categories,partial,10,0.62,-0.6037835186776777
17,inference_categories,standard,11,0.62,-0.6876914927150282
17,inference_categories,projected,11,0.66,-0.5990381580228376
17,inference_categories,partial,11,0.62,-0.6003611970546399
17,inference_categories,standard,12,0.6,-0.6873555856571676
17,inference_categories,projected,12,0.7,-0.6003609404071798
17,inference_categories,partial,12,0.62,-0.5945861860508443
17,inference_categories,standard,13,0.64,-0.6871969738493106
17,inference_categories,projected,13,0.7,-0.5780990060600673
17,inference_categories,partial,13,0.7,-0.5773032116346005
17,inference_categories,standard,14,0.66,-0.6862713192716697
17,inference_categories,projected,14,0.74,-0.5612906712183086
17,inference_categories,partial,14,0.72,-0.5569020212121017
17,inference_categories,standard,15,0.7,-0.6858904835403316
17,inference_categories,projected,15,0.7,-0.5860393150161468
17,inference_categories,partial,15,0.66,-0.5638106394150093
17,inference_categories,standard,16,0.72,-0.6849505544742973
17,inference_categories,projected,16,0.66,-0.5928649249877557
17,inference_categories,partial,16,0.66,-0.5726972579242352
17,inference_categories,standard,17,0.7,-0.6852209950901375
17,inference_categories,projected,17,0.66,-0.6182016735994579
17,inference_categories,partial,17,0.62,-0.5991481958305954
17,inference_categories,standard,18,0.68,-0.6852182104449743
17,inference_categories,projected,18,0.66,-0.6447178297857102
17,inference_categories,partial,18,0.6,-0.6217371914270486
17,inference_categories,standard,19,0.66,-0.6855355753651721
17,inference_categories,projected,19,0.7,-0.6251899262220841
17,inference_categories,partial,19,0.58,-0.605618919281747
17,inference_categories,standard,20,0.6,-0.6854677747725849
17,inference_categories,projected,20,0.68,-0.6335314189400474
17,inference_categories,partial,20,0.56,-0.6116815325684438
18,choice_only,standard,1,0.42,-0.6933565294757753
18,choice_only,projected,1,0.48,-0.7058082343866983
18,choice_only,partial,1,0.48,-0.7058082343866983
18,choice_only,standard,2,0.44,-0.6935954995928352
18,choice_only,projected,2,0.52,-0.6981212325806354
18,choice_only,partial,2,0.52,-0.6981212325806354
18,choice_only,standard,3,0.46,-0.6935432537937488
18,choice_only,projected,3,0.56,-0.6793466386368412
18,choice_only,partial,3,0.56,-0.6793466386368412
18,choice_only,standard,4,0.48,-0.692842736656645
18,choice_only,projected,4,0.5,-0.7133245389321177
18,choice_only,partial,4,0.5,-0.7133245389321177
18,choice_only,standard,5,0.52,-0.6919076151478685
18,choice_only,projected,5,0.48,-0.7171394995099122
18,choice_only,partial,5,0.48,-0.7171394995099122
18,choice_only,standard,6,0.58,-0.6912921967379059
18,choice_only,projected,6,0.52,-0.7078494498745244
18,choice_only,partial,6,0.52,-0.7078494498745244
18,choice_only,standard,7,0.52,-0.6906756613838421
18,choice_only,projected,7,0.56,-0.691188596849142
18,choice_only,partial,7,0.56,-0.691188596849142
18,choice_only,standard,8,0.56,-0.6906696804102657
18,choice_only,projected,8,0.5,-0.7226817776448234
18,choice_only,partial,8,0.5,-0.7226817776448234
18,choice_only,standard,9,0.56,-0.6900811566639982
18,choice_only,projected,9,0.52,-0.6829562736725387
18,choice_only,partial,9,0.52,-0.6829562736725387
18,choice_only,standard,10,0.48,-0.6909044606357224
18,choice_only,projected,10,0.54,-0.721649257959055
18,choice_only,partial,10,0.54,-0.721649257959055
18,choice_only,standard,11,0.46,-0.6911508716214518
18,choice_only,projected,11,0.58,-0.7623180510163049
18,choice_only,partial,11,0.58,-0.7623180510163049
18,choice_only,standard,12,0.48,-0.6904706827591941
18,choice_only,projected,12,0.6,-0.7600183956125623
18,choice_only,partial,12,0.6,-0.7600183956125623
18,choice_only,standard,13,0.56,-0.6902921614453732
18,choice_only,projected,13,0.58,-0.7893994293166214
18,choice_only,partial,13,0.58,-0.7893994293166214
18,choice_only,standard,14,0.54,-0.6898314784546209
18,choice_only,projected,14,0.56,-0.7903758003798977
18,choice_only,partial,14,0.56,-0.7903758003798977
18,choice_only,standard,15,0.62,-0.6897598029848717
18,choice_only,projected,15,0.56,-0.7861543957011076
18,choice_only,partial,15,0.56,-0.7861543957011076
18,choice_only,standard,16,0.6,-0.6889343040007395
18,choice_only,projected,16,0.58,-0.7495199389545444
18,choice_only,partial,16,0.58,-0.7495199389545444
18,choice_only,standard,17,0.58,-0.6893486594806937
18,choice_only,projected,17,0.62,-0.7320054709621384
18,choice_only,partial,17,0.62,-0.7320054709621384
18,choice_only,standard,18,0.62,-0.6888833490941885
18,choice_only,projected,18,0.64,-0.7276650217286208
18,choice_only,partial,18,0.64,-0.7276650217286208
18,choice_only,standard,19,0.6,-0.6886649298079449
18,choice_only,projected,19,0.6,-0.704580453124014
18,choice_only,partial,19,0.6,-0.704580453124014
18,choice_only,standard,20,0.64,-0.6873621410205007
18,choice_only,projected,20,0.6,-0.6976076928735064
18,choice_only,partial,20,0.6,-0.6976076928735064
18,inference_affirm,standard,1,0.42,-0.6933565294757753
18,inference_affirm,projected,1,0.48,-0.7058082343866983
18,inference_affirm,partial,1,0.5,-0.6962726193884566
18,inference_affirm,standard,2,0.44,-0.6935954995928352
18,inference_affirm,projected,2,0.52,-0.6981212325806354
18,inference_affirm,partial,2,0.6,-0.6862420927147381
18,inference_affirm,standard,3,0.46,-0.6935432537937488
18,inference_affirm,projected,3,0.56,-0.6793466386368412
18,inference_affirm,partial,3,0.62,-0.6664314820896812
18,inference_affirm,standard,4,0.48,-0.692842736656645
18,inference_affirm,projected,4,0.5,-0.7133245389321177
18,inference_affirm,partial,4,0.5,-0.6915381186133663
18,inference_affirm,standard,5,0.52,-0.6919076151478685
18,inference_affirm,projected,5,0.48,-0.7171394995099122
18,inference_affirm,partial,5,0.52,-0.6838409453567442
18,inference_affirm,standard,6,0.58,-0.6912921967379059
18,inference_affirm,projected,6,0.52,-0.7078494498745244
18,inference_affirm,partial,6,0.52,-0.6793922173287942
18,inference_affirm,standard,7,0.52,-0.6906756613838421
18,inference_affirm,projected,7,0.56,-0.691188596849142
18,inference_affirm,partial,7,0.52,-0.6733969344887311
18,inference_affirm,standard,8,0.56,-0.6906696804102657
18,inference_affirm,projected,8,0.5,-0.7226817776448234
18,inference_affirm,partial,8,0.5,-0.7112489307397347
18,inference_affirm,standard,9,0.56,-0.6900811566639982
18,inference_affirm,projected,9,0.52,-0.6829562736725387
18,inference_affirm,partial,9,0.5,-0.6685564205458331
18,inference_affirm,standard,10,0.48,-0.6909044606357224
18,inference_affirm,projected,10,0.54,-0.721649257959055
18,inference_affirm,partial,10,0.52,-0.7080322655044927
18,inference_affirm,standard,11,0.46,-0.6911508716214518
18,inference_affirm,projected,11,0.58,-0.7623180510163049
18,inference_affirm,partial,11,0.54,-0.7205780398902629
18,inference_affirm,standard,12,0.48,-0.6904706827591941
18,inference_affirm,projected,12,0.6,-0.7600183956125623
18,inference_affirm,partial,12,0.52,-0.7224111130426825
18,inference_affirm,standard,13,0.56,-0.6902921614453732
18,inference_affirm,projected,13,0.58,-0.7893994293166214
18,inference_affirm,partial,13,0.56,-0.7261319660392622
18,inference_affirm,standard,14,0.54,-0.6898314784546209
18,inference_affirm,projected,14,0.56,-0.7903758003798977
18,inference_affirm,partial,14,0.56,-0.7365396193797893
18,inference_affirm,standard,15,0.62,-0.6897598029848717
18,inference_affirm,projected,15,0.56,-0.7861543957011076
18,inference_affirm,partial,15,0.58,-0.7282345246551472
18,inference_affirm,standard,16,0.6,-0.6889343040007395
18,inference_affirm,projected,16,0.58,-0.7495199389545444
18,inference_affirm,partial,16,0.6,-0.6915174724554352
18,inference_affirm,standard,17,0.58,-0.6893486594806937
18,inference_affirm,projected,17,0.62,-0.7320054709621384
18,inference_affirm,partial,17,0.54,-0.6740915061712599
18,inference_affirm,standard,18,0.62,-0.6888833490941885
18,inference_affirm,projected,18,0.64,-0.7276650217286208
18,inference_affirm,partial,18,0.54,-0.6583761710383671
18,inference_affirm,standard,19,0.6,-0.6886649298079449
18,inference_affirm,projected,19,0.6,-0.704580453124014
18,inference_affirm,partial,19,0.6,-0.6529190032381947
18,inference_affirm,standard,20,0.64,-0.6873621410205007
18,inference_affirm,projected,20,0.6,-0.6976076928735064
18,inference_affirm,partial,20,0.6,-0.6434689737116501
18,inference_categories,standard,1,0.42,-0.6933565294757753
18,inference_categories,projected,1,0.48,-0.7058082343866983
18,inference_categories,partial,1,0.48,-0.6956219014370707
18,inference_categories,standard,2,0.44,-0.6935954995928352
18,inference_categories,projected,2,0.52,-0.6981212325806354
18,inference_categories,partial,2,0.56,-0.6832813382325815
18,inference_categories,standard,3,0.46,-0.6935432537937488
18,inference_categories,projected,3,0.56,-0.6793466386368412
18,inference_categories,partial,3,0.62,-0.6658583971441228
18,inference_categories,standard,4,0.48,-0.692842736656645
18,inference_categories,projected,4,0.5,-0.7133245389321177
18,inference_categories,partial,4,0.48,-0.7007394097846219
18,inference_categories,standard,5,0.52,-0.6919076151478685
18,inference_categories,projected,5,0.48,-0.7171394995099122
18,inference_categories,partial,5,0.54,-0.6851192241990567
18,inference_categories,standard,6,0.58,-0.6912921967379059
18,inference_categories,projected,6,0.52,-0.7078494498745244
18,inference_categories,partial,6,0.52,-0.6792804404746646
18,inference_categories,standard,7,0.52,-0.6906756613838421
18,inference_categories,projected,7,0.56,-0.691188596849142
18,inference_categories,partial,7,0.56,-0.6644350014432895
18,inference_categories,standard,8,0.56,-0.6906696804102657
18,inference_categories,projected,8,0.5,-0.7226817776448234
18,inference_categories,partial,8,0.54,-0.6922557649720722
18,inference_categories,standard,9,0.56,-0.6900811566639982
18,inference_categories,projected,9,0.52,-0.6829562736725387
18,inference_categories,partial,9,0.52,-0.64940915725439
18,inference_categories,standard,10,0.48,-0.6909044606357224
18,inference_categories,projected,10,0.54,-0.721649257959055
18,inference_categories,partial,10,0.54,-0.6824477342283781
18,inference_categories,standard,11,0.46,-0.6911508716214518
18,inference_categories,projected,11,0.58,-0.7623180510163049
18,inference_categories,partial,11,0.56,-0.6973291365797347
18,inference_categories,standard,12,0.48,-0.6904706827591941
18,inference_categories,projected,12,0.6,-0.7600183956125623
18,inference_categories,partial,12,0.56,-0.6887951485063075
18,inference_categories,standard,13,0.56,-0.6902921614453732
18,inference_categories,projected,13,0.58,-0.7893994293166214
18,inference_categories,partial,13,0.6,-0.7055177814981733
18,inference_categories,standard,14,0.54,-0.6898314784546209
18,inference_categories,projected,14,0.56,-0.7903758003798977
18,inference_categories,partial,14,0.56,-0.7101459370961324
18,inference_categories,standard,15,0.62,-0.6897598029848717
18,inference_categories,projected,15,0.56,-0.7861543957011076
18,inference_categories,partial,15,0.56,-0.7020023310065352
18,inference_categories,standard,16,0.6,-0.6889343040007395
18,inference_categories,projected,16,0.58,-0.7495199389545444
18,inference_categories,partial,16,0.58,-0.6710853803358993
18,inference_categories,standard,17,0.58,-0.6893486594806937
18,inference_categories,projected,17,0.62,-0.7320054709621384
18,inference_categories,partial,17,0.6,-0.6558676522856058
18,inference_categories,standard,18,0.62,-0.6888833490941885
18,inference_categories,projected,18,0.64,-0.7276650217286208
18,inference_categories,partial,18,0.64,-0.6442903678982228
18,inference_categories,standard,19,0.6,-0.6886649298079449
18,inference_categories,projected,19,0.6,-0.704580453124014
18,inference_categories,partial,19,0.64,-0.6323868621985935
18,inference_categories,standard,20,0.64,-0.6873621410205007
18,inference_categories,projected,20,0.6,-0.6976076928735064
18,inference_categories,partial,20,0.64,-0.6274075025995918
16,choice_only,standard,1,0.66,-0.6927928001426688
16,choice_only,projected,1,0.48,-0.7121830756914754
16,choice_only,partial,1,0.48,-0.7121830756914754
16,choice_only,standard,2,0.72,-0.691644543316051
16,choice_only,projected,2,0.56,-0.6990998987164765
16,choice_only,partial,2,0.56,-0.6990998987164765
16,choice_only,standard,3,0.7,-0.6907992698628914
16,choice_only,projected,3,0.58,-0.695193229511576
16,choice_only,partial,3,0.58,-0.695193229511576
16,choice_only,standard,4,0.64,-0.6910057364618649
16,choice_only,projected,4,0.52,-0.6822032677698056
16,choice_only,partial,4,0.52,-0.6822032677698056
16,choice_only,standard,5,0.64,-0.6898114540332314
16,choice_only,projected,5,0.62,-0.6527883047979409
16,choice_only,partial,5,0.62,-0.6527883047979409
16,choice_only,standard,6,0.6,-0.6899271745007131
16,choice_only,projected,6,0.58,-0.6602278383627049
16,choice_only,partial,6,0.58,-0.6602278383627049
16,choice_only,standard,7,0.68,-0.6894137288069815
16,choice_only,projected,7,0.56,-0.6761976759123837
16,choice_only,partial,7,0.56,-0.6761976759123837
16,choice_only,standard,8,0.64,-0.6892424851025126
16,choice_only,projected,8,0.6,-0.66729632087168
16,choice_only,partial,8,0.6,-0.66729632087168
16,choice_only,standard,9,0.6,-0.6895207696586099
16,choice_only,projected,9,0.6,-0.6757070750869683
16,choice_only,partial,9,0.6,-0.6757070750869683
16,choice_only,standard,10,0.6,-0.6893079820488137
16,choice_only,projected,10,0.6,-0.6824513435498106
16,choice_only,partial,10,0.6,-0.6824513435498106
16,choice_only,standard,11,0.54,-0.6905942168701804
16,choice_only,projected,11,0.56,-0.7127902443962653
16,choice_only,partial,11,0.56,-0.7127902443962653
16,choice_only,standard,12,0.54,-0.6911067805939695
16,choice_only,projected,12,0.56,-0.7004509942157927
16,choice_only,partial,12,0.56,-0.7004509942157927
16,choice_only,standard,13,0.54,-0.69098615880858
16,choice_only,projected,13,0.66,-0.7043505038824207
16,choice_only,partial,13,0.66,-0.7043505038824207
16,choice_only,standard,14,0.62,-0.6909018611274766
16,choice_only,projected,14,0.68,-0.6920490759201194
16,choice_only,partial,14,0.68,-0.6920490759201194
16,choice_only,standard,15,0.62,-0.6904863959397131
16,choice_only,projected,15,0.7,-0.6730615761907249
16,choice_only,partial,15,0.7,-0.6730615761907249
16,choice_only,standard,16,0.54,-0.690742269820075
16,choice_only,projected,16,0.64,-0.6960885214511738
16,choice_only,partial,16,0.64,-0.6960885214511738
16,choice_only,standard,17,0.58,-0.6910307024502158
16,choice_only,projected,17,0.58,-0.7096741160223222
16,choice_only,partial,17,0.58,-0.7096741160223222
16,choice_only,standard,18,0.52,-0.6919094032559986
16,choice_only,projected,18,0.6,-0.7129957295301144
16,choice_only,partial,18,0.6,-0.7129957295301144
16,choice_only,standard,19,0.52,-0.6918870854351641
16,choice_only,projected,19,0.58,-0.7343467727221897
16,choice_only,partial,19,0.58,-0.7343467727221897
16,choice_only,standard,20,0.54,-0.692150406514671
16,choice_only,projected,20,0.64,-0.7240087186795676
16,choice_only,partial,20,0.64,-0.7240087186795676
16,inference_affirm,standard,1,0.66,-0.6927928001426688
16,inference_affirm,projected,1,0.48,-0.7121830756914754
16,inference_affirm,partial,1,0.5,-0.707217841454911
16,inference_affirm,standard,2,0.72,-0.691644543316051
16,inference_affirm,projected,2,0.56,-0.6990998987164765
16,inference_affirm,partial,2,0.5,-0.7087520535850323
16,inference_affirm,standard,3,0.7,-0.6907992698628914
16,inference_affirm,projected,3,0.58,-0.695193229511576
16,inference_affirm,partial,3,0.56,-0.7007809080596917
16,inference_affirm,standard,4,0.64,-0.6910057364618649
16,inference_affirm,projected,4,0.52,-0.6822032677698056
16,inference_affirm,partial,4,0.48,-0.7077414719234271
16,inference_affirm,standard,5,0.64,-0.6898114540332314
16,inference_affirm,projected,5,0.62,-0.6527883047979409
16,inference_affirm,partial,5,0.54,-0.6912170871499221
16,inference_affirm,standard,6,0.6,-0.6899271745007131
16,inference_affirm,projected,6,0.58,-0.6602278383627049
16,inference_affirm,partial,6,0.44,-0.7453690050000135
16,inference_affirm,standard,7,0.68,-0.6894137288069815
16,inference_affirm,projected,7,0.56,-0.6761976759123837
16,inference_affirm,partial,7,0.5,-0.7652171525085167
16,inference_affirm,standard,8,0.64,-0.6892424851025126
16,inference_affirm,projected,8,0.6,-0.66729632087168
16,inference_affirm,partial,8,0.46,-0.7591581796114356
16,inference_affirm,standard,9,0.6,-0.6895207696586099
16,inference_affirm,projected,9,0.6,-0.6757070750869683
16,inference_affirm,partial,9,0.44,-0.7649722145541032
16,inference_affirm,standard,10,0.6,-0.6893079820488137
16,inference_affirm,projected,10,0.6,-0.6824513435498106
16,inference_affirm,partial,10,0.52,-0.7734983593481336
16,inference_affirm,standard,11,0.54,-0.6905942168701804
16,inference_affirm,projected,11,0.56,-0.7127902443962653
16,inference_affirm,partial,11,0.46,-0.7866026004485943
16,inference_affirm,standard,12,0.54,-0.6911067805939695
16,inference_affirm,projected,12,0.56,-0.7004509942157927
16,inference_affirm,partial,12,0.5,-0.7790905588942022
16,inference_affirm,standard,13,0.54,-0.69098615880858
16,inference_affirm,projected,13,0.66,-0.7043505038824207
16,inference_affirm,partial,13,0.52,-0.7472584911997372
16,inference_affirm,standard,14,0.62,-0.6909018611274766
16,inference_affirm,projected,14,0.68,-0.6920490759201194
16,inference_affirm,partial,14,0.48,-0.7726275091309711
16,inference_affirm,standard,15,0.62,-0.6904863959397131
16,inference_affirm,projected,15,0.7,-0.6730615761907249
16,inference_affirm,partial,15,0.46,-0.7555267091040468
16,inference_affirm,standard,16,0.54,-0.690742269820075
16,inference_affirm,projected,16,0.64,-0.6960885214511738
16,inference_affirm,partial,16,0.44,-0.7884559535979149
16,inference_affirm,standard,17,0.58,-0.6910307024502158
16,inference_affirm,projected,17,0.58,-0.7096741160223222
16,inference_affirm,partial,17,0.4,-0.8134146122719176
16,inference_affirm,standard,18,0.52,-0.6919094032559986
16,inference_affirm,projected,18,0.6,-0.7129957295301144
16,inference_affirm,partial,18,0.4,-0.815802744190985
16,inference_affirm,standard,19,0.52,-0.6918870854351641
16,inference_affirm,projected,19,0.58,-0.7343467727221897
16,inference_affirm,partial,19,0.44,-0.8210421275875148
16,inference_affirm,standard,20,0.54,-0.692150406514671
16,inference_affirm,projected,20,0.64,-0.7240087186795676
16,inference_affirm,partial,20,0.42,-0.8208190909416255
16,inference_categories,standard,1,0.66,-0.6927928001426688
16,inference_categories,projected,1,0.48,-0.7121830756914754
16,inference_categories,partial,1,0.48,-0.7089307286664347
16,inference_categories,standard,2,0.72,-0.691644543316051
16,inference_categories,projected,2,0.56,-0.6990998987164765
16,inference_categories,partial,2,0.54,-0.6954569105661591
16,inference_categories,standard,3,0.7,-0.6907992698628914
16,inference_categories,projected,3,0.58,-0.695193229511576
16,inference_categories,partial,3,0.52,-0.6902968975930659
16,inference_categories,standard,4,0.64,-0.6910057364618649
16,inference_categories,projected,4,0.52,-0.6822032677698056
16,inference_categories,partial,4,0.46,-0.6957537716120519
16,inference_categories,standard,5,0.64,-0.6898114540332314
16,inference_categories,projected,5,0.62,-0.6527883047979409
16,inference_categories,partial,5,0.54,-0.6654098984515019
16,inference_categories,standard,6,0.6,-0.6899271745007131
16,inference_categories,projected,6,0.58,-0.6602278383627049
16,inference_categories,partial,6,0.5,-0.6993877733319863
16,inference_categories,standard,7,0.68,-0.6894137288069815
16,inference_categories,projected,7,0.56,-0.6761976759123837
16,inference_categories,partial,7,0.52,-0.7171142777496595
16,inference_categories,standard,8,0.64,-0.6892424851025126
16,inference_categories,projected,8,0.6,-0.66729632087168
16,inference_categories,partial,8,0.5,-0.7111958538904293
16,inference_categories,standard,9,0.6,-0.6895207696586099
16,inference_categories,projected,9,0.6,-0.6757070750869683
16,inference_categories,partial,9,0.54,-0.7152170473617808
16,inference_categories,standard,10,0.6,-0.6893079820488137
16,inference_categories,projected,10,0.6,-0.6824513435498106
16,inference_categories,partial,10,0.5,-0.7219986335448635
16,inference_categories,standard,11,0.54,-0.6905942168701804
16,inference_categories,projected,11,0.56,-0.7127902443962653
16,inference_categories,partial,11,0.5,-0.7073546056196157
16,inference_categories,standard,12,0.54,-0.6911067805939695
16,inference_categories,projected,12,0.56,-0.7004509942157927
16,inference_categories,partial,12,0.48,-0.6915834002980493
16,inference_categories,standard,13,0.54,-0.69098615880858
16,inference_categories,projected,13,0.66,-0.7043505038824207
16,inference_categories,partial,13,0.54,-0.6725790533308502
16,inference_categories,standard,14,0.62,-0.6909018611274766
16,inference_categories,projected,14,0.68,-0.6920490759201194
16,inference_categories,partial,14,0.48,-0.6995711485248335
16,inference_categories,standard,15,0.62,-0.6904863959397131
16,inference_categories,projected,15,0.7,-0.6730615761907249
16,inference_categories,partial,15,0.54,-0.690121004492078
16,inference_categories,standard,16,0.54,-0.690742269820075
16,inference_categories,projected,16,0.64,-0.6960885214511738
16,inference_categories,partial,16,0.5,-0.7305628290708934
16,inference_categories,standard,17,0.58,-0.6910307024502158
16,inference_categories,projected,17,0.58,-0.7096741160223222
16,inference_categories,partial,17,0.48,-0.7412636093676404
16,inference_categories,standard,18,0.52,-0.6919094032559986
16,inference_categories,projected,18,0.6,-0.7129957295301144
16,inference_categories,partial,18,0.46,-0.7399073526552656
16,inference_categories,standard,19,0.52,-0.6918870854351641
16,inference_categories,projected,19,0.58,-0.7343467727221897
16,inference_categories,partial,19,0.46,-0.7594936964181097
16,inference_categories,standard,20,0.54,-0.692150406514671
16,inference_categories,projected,20,0.64,-0.7240087186795676
16,inference_categories,partial,20,0.56,-0.7567577769181015
19,choice_only,standard,1,0.56,-0.6928931407967448
19,choice_only,projected,1,0.5,-0.6973669660045094
19,choice_only,partial,1,0.5,-0.6973669660045094
19,choice_only,standard,2,0.66,-0.6922571878553567
19,choice_only,projected,2,0.52,-0.6651539177166894
19,choice_only,partial,2,0.52,-0.6651539177166894
19,choice_only,standard,3,0.72,-0.690917424438183
19,choice_only,projected,3,0.62,-0.6156313876847611
19,choice_only,partial,3,0.62,-0.6156313876847611
19,choice_only,standard,4,0.68,-0.6904641765113517
19,choice_only,projected,4,0.62,-0.599919770178466
19,choice_only,partial,4,0.62,-0.599919770178466
19,choice_only,standard,5,0.72,-0.6888208813591171
19,choice_only,projected,5,0.76,-0.5446757378437563
19,choice_only,partial,5,0.76,-0.5446757378437563
19,choice_only,standard,6,0.68,-0.6899158924261388
19,choice_only,projected,6,0.76,-0.549142332173472
19,choice_only,partial,6,0.76,-0.549142332173472
19,choice_only,standard,7,0.64,-0.6895817846264447
19,choice_only,projected,7,0.68,-0.5674933669836795
19,choice_only,partial,7,0.68,-0.5674933669836795
19,choice_only,standard,8,0.64,-0.6885877374499977
19,choice_only,projected,8,0.7,-0.5610195020609586
19,choice_only,partial,8,0.7,-0.5610195020609586
19,choice_only,standard,9,0.68,-0.6879501993058947
19,choice_only,projected,9,0.72,-0.5620352459890697
19,choice_only,partial,9,0.72,-0.5620352459890697
19,choice_only,standard,10,0.68,-0.6872872976083835
19,choice_only,projected,10,0.74,-0.5575036330264809
19,choice_only,partial,10,0.74,-0.5575036330264809
19,choice_only,standard,11,0.7,-0.6863706138871671
19,choice_only,projected,11,0.68,-0.5655991654841831
19,choice_only,partial,11,0.68,-0.5655991654841831
19,choice_only,standard,12,0.68,-0.68677403142538
19,choice_only,projected,12,0.68,-0.568943455325006
19,choice_only,partial,12,0.68,-0.568943455325006
19,choice_only,standard,13,0.68,-0.6864791564666297
19,choice_only,projected,13,0.68,-0.5724964263407242
19,choice_only,partial,13,0.68,-0.5724964263407242
19,choice_only,standard,14,0.62,-0.6858803318125076
19,choice_only,projected,14,0.68,-0.5686431985768116
19,choice_only,partial,14,0.68,-0.5686431985768116
19,choice_only,standard,15,0.66,-0.6852269380823867
19,choice_only,projected,15,0.74,-0.5495534269452894
19,choice_only,partial,15,0.74,-0.5495534269452894
19,choice_only,standard,16,0.66,-0.6837683850527765
19,choice_only,projected,16,0.72,-0.5402710681633105
19,choice_only,partial,16,0.72,-0.5402710681633105
19,choice_only,standard,17,0.68,-0.6827615849932362
19,choice_only,projected,17,0.74,-0.5495454322559085
19,choice_only,partial,17,0.74,-0.5495454322559085
19,choice_only,standard,18,0.68,-0.6813869687413099
19,choice_only,projected,18,0.74,-0.5460200844461301
19,choice_only,partial,18,0.74,-0.5460200844461301
19,choice_only,standard,19,0.68,-0.6806666719512939
19,choice_only,projected,19,0.74,-0.5492312877036293
19,choice_only,partial,19,0.74,-0.5492312877036293
19,choice_only,standard,20,0.68,-0.6798798906702248
19,choice_only,projected,20,0.74,-0.5500328921871619
19,choice_only,partial,20,0.74,-0.5500328921871619
19,inference_affirm,standard,1,0.56,-0.6928931407967448
19,inference_affirm,projected,1,0.5,-0.6973669660045094
19,inference_affirm,partial,1,0.5,-0.706405154945157
19,inference_affirm,standard,2,0.66,-0.6922571878553567
19,inference_affirm,projected,2,0.52,-0.6651539177166894
19,inference_affirm,partial,2,0.52,-0.7004070730065631
19,inference_affirm,standard,3,0.72,-0.690917424438183
19,inference_affirm,projected,3,0.62,-0.6156313876847611
19,inference_affirm,partial,3,0.64,-0.65003196919689
19,inference_affirm,standard,4,0.68,-0.6904641765113517
19,inference_affirm,projected,4,0.62,-0.599919770178466
19,inference_affirm,partial,4,0.66,-0.6355876858793618
19,inference_affirm,standard,5,0.72,-0.6888208813591171
19,inference_affirm,projected,5,0.76,-0.5446757378437563
19,inference_affirm,partial,5,0.7,-0.5725199636511609
19,inference_affirm,standard,6,0.68,-0.6899158924261388
19,inference_affirm,projected,6,0.76,-0.549142332173472
19,inference_affirm,partial,6,0.72,-0.5515438449997441
19,inference_affirm,standard,7,0.64,-0.6895817846264447
19,inference_affirm,projected,7,0.68,-0.5674933669836795
19,inference_affirm,partial,7,0.7,-0.5614509586958196
19,inference_affirm,standard,8,0.64,-0.6885877374499977
19,inference_affirm,projected,8,0.7,-0.5610195020609586
19,inference_affirm,partial,8,0.7,-0.5485513757791094
19,inference_affirm,standard,9,0.68,-0.6879501993058947
19,inference_affirm,projected,9,0.72,-0.5620352459890697
19,inference_affirm,partial,9,0.7,-0.551090605594777
19,inference_affirm,standard,10,0.68,-0.6872872976083835
19,inference_affirm,projected,10,0.74,-0.5575036330264809
19,inference_affirm,partial,10,0.72,-0.5428263112374513
19,inference_affirm,standard,11,0.7,-0.6863706138871671
19,inference_affirm,projected,11,0.68,-0.5655991654841831
19,inference_affirm,partial,11,0.72,-0.5408481995914252
19,inference_affirm,standard,12,0.68,-0.68677403142538
19,inference_affirm,projected,12,0.68,-0.568943455325006
19,inference_affirm,partial,12,0.7,-0.5391859612872987
19,inference_affirm,standard,13,0.68,-0.6864791564666297
19,inference_affirm,projected,13,0.68,-0.5724964263407242
19,inference_affirm,partial,13,0.7,-0.5417106568323502
19,inference_affirm,standard,14,0.62,-0.6858803318125076
19,inference_affirm,projected,14,0.68,-0.5686431985768116
19,inference_affirm,partial,14,0.72,-0.5346669280388655
19,inference_affirm,standard,15,0.66,-0.6852269380823867
19,inference_affirm,projected,15,0.74,-0.5495534269452894
19,inference_affirm,partial,15,0.78,-0.5113980471899512
19,inference_affirm,standard,16,0.66,-0.6837683850527765
19,inference_affirm,projected,16,0.72,-0.5402710681633105
19,inference_affirm,partial,16,0.74,-0.50846885414099
19,inference_affirm,standard,17,0.68,-0.6827615849932362
19,inference_affirm,projected,17,0.74,-0.5495454322559085
19,inference_affirm,partial,17,0.7,-0.5345732838136457
19,inference_affirm,standard,18,0.68,-0.6813869687413099
19,inference_affirm,projected,18,0.74,-0.5460200844461301
19,inference_affirm,partial,18,0.7,-0.5249610822646065
19,inference_affirm,standard,19,0.68,-0.6806666719512939
19,inference_affirm,projected,19,0.74,-0.5492312877036293
19,inference_affirm,partial,19,0.68,-0.527364284081121
19,inference_affirm,standard,20,0.68,-0.6798798906702248
19,inference_affirm,projected,20,0.74,-0.5500328921871619
19,inference_affirm,partial,20,0.68,-0.5273857953328551
19,inference_categories,standard,1,0.56,-0.6928931407967448
19,inference_categories,projected,1,0.5,-0.6973669660045094
19,inference_categories,partial,1,0.52,-0.7016864495871775
19,inference_categories,standard,2,0.66,-0.6922571878553567
19,inference_categories,projected,2,0.52,-0.6651539177166894
19,inference_categories,partial,2,0.52,-0.6911753335964737
19,inference_categories,standard,3,0.72,-0.690917424438183
19,inference_categories,projected,3,0.62,-0.6156313876847611
19,inference_categories,partial,3,0.62,-0.6277624222570677
19,inference_categories,standard,4,0.68,-0.6904641765113517
19,inference_categories,projected,4,0.62,-0.599919770178466
19,inference_categories,partial,4,0.66,-0.6047327915743229
19,inference_categories,standard,5,0.72,-0.6888208813591171
19,inference_categories,projected,5,0.76,-0.5446757378437563
19,inference_categories,partial,5,0.76,-0.5384887993931257
19,inference_categories,standard,6,0.68,-0.6899158924261388
19,inference_categories,projected,6,0.76,-0.549142332173472
19,inference_categories,partial,6,0.76,-0.5418278961482386
19,inference_categories,standard,7,0.64,-0.6895817846264447
19,inference_categories,projected,7,0.68,-0.5674933669836795
19,inference_categories,partial,7,0.72,-0.5625540845601793
19,inference_categories,standard,8,0.64,-0.6885877374499977
19,inference_categories,projected,8,0.7,-0.5610195020609586
19,inference_categories,partial,8,0.74,-0.5497087948010726
19,inference_categories,standard,9,0.68,-0.6879501993058947
19,inference_categories,projected,9,0.72,-0.5620352459890697
19,inference_categories,partial,9,0.72,-0.550917665436124
19,inference_categories,standard,10,0.68,-0.6872872976083835
19,inference_categories,projected,10,0.74,-0.5575036330264809
19,inference_categories,partial,10,0.72,-0.5467683980230421
19,inference_categories,standard,11,0.7,-0.6863706138871671
19,inference_categories,projected,11,0.68,-0.5655991654841831
19,inference_categories,partial,11,0.72,-0.5491756017739212
19,inference_categories,standard,12,0.68,-0.68677403142538
19,inference_categories,projected,12,0.68,-0.568943455325006
19,inference_categories,partial,12,0.68,-0.5518779055964382
19,inference_categories,standard,13,0.68,-0.6864791564666297
19,inference_categories,projected,13,0.68,-0.5724964263407242
19,inference_categories,partial,13,0.7,-0.5538231328111054
19,inference_categories,standard,14,0.62,-0.6858803318125076
19,inference_categories,projected,14,0.68,-0.5686431985768116
19,inference_categories,partial,14,0.7,-0.5526786189261433
19,inference_categories,standard,15,0.66,-0.6852269380823867
19,inference_categories,projected,15,0.74,-0.5495534269452894
19,inference_categories,partial,15,0.76,-0.531113036539714
19,inference_categories,standard,16,0.66,-0.6837683850527765
19,inference_categories,projected,16,0.72,-0.5402710681633105
19,inference_categories,partial,16,0.74,-0.5214796825718914
19,inference_categories,standard,17,0.68,-0.6827615849932362
19,inference_categories,projected,17,0.74,-0.5495454322559085
19,inference_categories,partial,17,0.7,-0.5412653583145183
19,inference_categories,standard,18,0.68,-0.6813869687413099
19,inference_categories,projected,18,0.74,-0.5460200844461301
19,inference_categories,partial,18,0.7,-0.5351458939278376
19,inference_categories,standard,19,0.68,-0.6806666719512939
19,inference_categories,projected,19,0.74,-0.5492312877036293
19,inference_categories,partial,19,0.7,-0.5393097854679109
19,inference_categories,standard,20,0.68,-0.6798798906702248
19,inference_categories,projected,20,0.74,-0.5500328921871619
19,inference_categories,partial,20,0.72,-0.5398406606971534
