persona_id,condition,trial,accuracy,log_likelihood
0,standard,0,0.54,-0.6931471803599452
0,projected,0,0.54,-0.6931471803599452
0,slider,0,0.54,-0.6931471803599452
0,partial,0,0.54,-0.6931471803599452
0,standard,1,0.48,-0.693205863525693
0,projected,1,0.36,-0.6931876285477574
0,slider,1,0.38,-0.6931862005010367
0,partial,1,0.36,-0.6931959457175979
0,standard,2,0.46,-0.6932172601732896
0,projected,2,0.4,-0.6931740586804546
0,slider,2,0.4,-0.6931721773637216
0,partial,2,0.44,-0.6931946332385474
0,standard,3,0.58,-0.6930305856496257
0,projected,3,0.7,-0.6931071174766238
0,slider,3,0.66,-0.6931010844424683
0,partial,3,0.64,-0.6930658089861198
0,standard,4,0.52,-0.6929119027202602
0,projected,4,0.7,-0.6930654832117884
0,slider,4,0.72,-0.6930488876773228
0,partial,4,0.58,-0.6929802585959518
0,standard,5,0.58,-0.6928067076357803
0,projected,5,0.8,-0.6929995317481884
0,slider,5,0.76,-0.6929609268057372
0,partial,5,0.7,-0.6928837294562742
0,standard,6,0.52,-0.6928202985516329
0,projected,6,0.68,-0.6930007235842028
0,slider,6,0.68,-0.6929611703700747
0,partial,6,0.62,-0.6928905579706012
0,standard,7,0.66,-0.6924946660511224
0,projected,7,0.78,-0.6929030337016464
0,slider,7,0.78,-0.6928659713066067
0,partial,7,0.68,-0.6926801204020444
0,standard,8,0.7,-0.692250670648229
0,projected,8,0.78,-0.6928845113236914
0,slider,8,0.8,-0.6928453277629514
0,partial,8,0.72,-0.6925476553721941
0,standard,9,0.76,-0.6921099764303742
0,projected,9,0.82,-0.6928367947370778
0,slider,9,0.8,-0.6927971521534418
0,partial,9,0.78,-0.6924531417438615
0,standard,10,0.78,-0.6918941957149584
0,projected,10,0.84,-0.6927943454009017
0,slider,10,0.84,-0.6927487779977646
0,partial,10,0.78,-0.6923210064378368
0,standard,11,0.8,-0.6915331620297167
0,projected,11,0.8,-0.6926655955010707
0,slider,11,0.84,-0.6926103726258329
0,partial,11,0.8,-0.6920710521449159
0,standard,12,0.82,-0.6913312171083343
0,projected,12,0.78,-0.6926560031309767
0,slider,12,0.84,-0.6925984987744279
0,partial,12,0.8,-0.6919638863545228
0,standard,13,0.78,-0.6913958090890447
0,projected,13,0.82,-0.6926784546515158
0,slider,13,0.84,-0.692627079697608
0,partial,13,0.78,-0.6920105042740985
0,standard,14,0.72,-0.6916499355945612
0,projected,14,0.78,-0.6927622132771102
0,slider,14,0.8,-0.6926661636677299
0,partial,14,0.76,-0.6921571211341917
0,standard,15,0.72,-0.6914621637136726
0,projected,15,0.8,-0.6927116079955791
0,slider,15,0.86,-0.6926157616577032
0,partial,15,0.78,-0.6920377387379344
0,standard,16,0.72,-0.6912382493908127
0,projected,16,0.8,-0.6926429115337699
0,slider,16,0.86,-0.6925492325576726
0,partial,16,0.76,-0.6918920555998181
0,standard,17,0.74,-0.6911617700393969
0,projected,17,0.82,-0.6925482415723735
0,slider,17,0.86,-0.6924546653280982
0,partial,17,0.78,-0.6918064095330791
0,standard,18,0.76,-0.6909469791535221
0,projected,18,0.8,-0.6925269484993554
0,slider,18,0.86,-0.692431121573193
0,partial,18,0.8,-0.6916864212832514
0,standard,19,0.76,-0.6908834360250333
0,projected,19,0.8,-0.6924935576448398
0,slider,19,0.86,-0.6923930361493177
0,partial,19,0.8,-0.6916356971425056
0,standard,20,0.76,-0.6909407509733575
0,projected,20,0.84,-0.6924603151457301
0,slider,20,0.84,-0.6923597840238673
0,partial,20,0.82,-0.6916477610947563
0,standard,21,0.74,-0.6908262294124738
0,projected,21,0.82,-0.6924256519537592
0,slider,21,0.84,-0.6923166379986812
0,partial,21,0.78,-0.6915687224359871
0,standard,22,0.74,-0.6907214011380428
0,projected,22,0.8,-0.6923328634555623
0,slider,22,0.82,-0.6922253983584238
0,partial,22,0.78,-0.6914704198461628
0,standard,23,0.76,-0.6904903505504809
0,projected,23,0.82,-0.6923135908451612
0,slider,23,0.8,-0.6921991599327161
0,partial,23,0.78,-0.6913411599311374
0,standard,24,0.74,-0.6905875778503622
0,projected,24,0.82,-0.6923058326827181
0,slider,24,0.8,-0.6921934575531017
0,partial,24,0.78,-0.691386992743639
0,standard,25,0.76,-0.6905782838115823
0,projected,25,0.8,-0.6923216085644104
0,slider,25,0.8,-0.6922094954100986
0,partial,25,0.76,-0.6913900630104084
0,standard,26,0.74,-0.6903004118526649
0,projected,26,0.82,-0.6922460867482083
0,slider,26,0.8,-0.6921363369457919
0,partial,26,0.78,-0.6912142867884817
0,standard,27,0.76,-0.6901826478059919
0,projected,27,0.82,-0.6921660993965222
0,slider,27,0.8,-0.6920599053568063
0,partial,27,0.78,-0.6911169042548011
0,standard,28,0.74,-0.6897663996923822
0,projected,28,0.82,-0.6920596980506102
0,slider,28,0.8,-0.6919600309498074
0,partial,28,0.76,-0.6908584632378019
0,standard,29,0.74,-0.6898232128846393
0,projected,29,0.8,-0.6920924696082505
0,slider,29,0.8,-0.6919949936802213
0,partial,29,0.76,-0.6909042164972733
0,standard,30,0.76,-0.6896741231590924
0,projected,30,0.8,-0.6919895399579237
0,slider,30,0.8,-0.6918936407998025
0,partial,30,0.78,-0.6907785034966318
0,standard,31,0.76,-0.6893315277232211
0,projected,31,0.8,-0.6918774151958652
0,slider,31,0.8,-0.6917861135258164
0,partial,31,0.76,-0.6905527907915061
0,standard,32,0.78,-0.6892566807750592
0,projected,32,0.8,-0.6918662137555096
0,slider,32,0.82,-0.6917742055758249
0,partial,32,0.78,-0.6905094697820278
0,standard,33,0.76,-0.6892962494001774
0,projected,33,0.82,-0.6918754298501318
0,slider,33,0.82,-0.6917843912715795
0,partial,33,0.78,-0.6905343547106609
0,standard,34,0.76,-0.6892155398943429
0,projected,34,0.78,-0.6918599075544702
0,slider,34,0.82,-0.6917551554707684
0,partial,34,0.8,-0.6904796904154281
0,standard,35,0.76,-0.6890402041358398
0,projected,35,0.8,-0.6917496184036811
0,slider,35,0.82,-0.6916418965199792
0,partial,35,0.8,-0.6903351784443116
0,standard,36,0.74,-0.6890575787788297
0,projected,36,0.78,-0.6917521468447437
0,slider,36,0.8,-0.6916468782646666
0,partial,36,0.78,-0.6903463619082566
0,standard,37,0.76,-0.6888695449127579
0,projected,37,0.78,-0.6917185418214757
0,slider,37,0.82,-0.6916140653099104
0,partial,37,0.8,-0.6902352033484717
0,standard,38,0.74,-0.6889351211420928
0,projected,38,0.8,-0.6917309243157771
0,slider,38,0.82,-0.6916213404739373
0,partial,38,0.8,-0.6902719651659585
0,standard,39,0.74,-0.6888858083849595
0,projected,39,0.76,-0.6917163005346005
0,slider,39,0.82,-0.6916153231583327
0,partial,39,0.8,-0.6902440340575389
0,standard,40,0.74,-0.6886674150257482
0,projected,40,0.76,-0.6916488420767845
0,slider,40,0.82,-0.6915492958102176
0,partial,40,0.82,-0.6901017535427808
0,standard,41,0.74,-0.6884665317300456
0,projected,41,0.76,-0.691635479268108
0,slider,41,0.8,-0.6915409540072733
0,partial,41,0.82,-0.6899967122294978
0,standard,42,0.74,-0.688577918122222
0,projected,42,0.76,-0.6916469169391081
0,slider,42,0.8,-0.6915511519840295
0,partial,42,0.8,-0.6900576686942113
0,standard,43,0.74,-0.6886092015622728
0,projected,43,0.76,-0.6916618236763745
0,slider,43,0.8,-0.6915646355542704
0,partial,43,0.78,-0.6900800017086189
0,standard,44,0.74,-0.6884316259534913
0,projected,44,0.76,-0.6915327932003015
0,slider,44,0.8,-0.6914342794112158
0,partial,44,0.78,-0.6899259627349609
0,standard,45,0.72,-0.6884257556857161
0,projected,45,0.76,-0.6915051339962912
0,slider,45,0.8,-0.691404680012797
0,partial,45,0.78,-0.6899084321712228
0,standard,46,0.76,-0.6882604991715532
0,projected,46,0.76,-0.6914131922394984
0,slider,46,0.8,-0.6913061687109894
0,partial,46,0.78,-0.6897763666952312
0,standard,47,0.74,-0.6884375605078874
0,projected,47,0.76,-0.6914608083993184
0,slider,47,0.8,-0.6913538430963229
0,partial,47,0.78,-0.6898889114351249
0,standard,48,0.76,-0.6884494563660755
0,projected,48,0.76,-0.6914434651583871
0,slider,48,0.8,-0.6913348454493263
0,partial,48,0.78,-0.6898854085698585
0,standard,49,0.74,-0.6884163020175684
0,projected,49,0.76,-0.6914271433254442
0,slider,49,0.8,-0.6913181428593239
0,partial,49,0.78,-0.689860430804971
0,standard,50,0.72,-0.6883271953824501
0,projected,50,0.76,-0.6913860020904409
0,slider,50,0.8,-0.691276088530694
0,partial,50,0.78,-0.6897946740832013
1,standard,0,0.46,-0.6931471803599452
1,projected,0,0.46,-0.6931471803599452
1,slider,0,0.46,-0.6931471803599452
1,partial,0,0.46,-0.6931471803599452
1,standard,1,0.44,-0.693196331858021
1,projected,1,0.5,-0.6931276776923069
1,slider,1,0.52,-0.6931200920343321
1,partial,1,0.48,-0.6931581628054735
1,standard,2,0.52,-0.6931765675068386
1,projected,2,0.64,-0.6930688054874214
1,slider,2,0.66,-0.693060204715305
1,partial,2,0.56,-0.6931183153970987
1,standard,3,0.5,-0.6930144752856983
1,projected,3,0.74,-0.6930652994718968
1,slider,3,0.72,-0.6930451304920443
1,partial,3,0.56,-0.6930297178221682
1,standard,4,0.52,-0.6929462112186409
1,projected,4,0.6,-0.6930977317699971
1,slider,4,0.7,-0.6930460833204539
1,partial,4,0.62,-0.6929960036330258
1,standard,5,0.58,-0.6925817919071716
1,projected,5,0.58,-0.6930842211513579
1,slider,5,0.68,-0.6930331277264373
1,partial,5,0.64,-0.6928071485042867
1,standard,6,0.6,-0.6925567430206366
1,projected,6,0.56,-0.6930576409133512
1,slider,6,0.66,-0.693005885175823
1,partial,6,0.66,-0.6927809966524588
1,standard,7,0.56,-0.6926718239527002
1,projected,7,0.62,-0.6930923854261674
1,slider,7,0.74,-0.6930330090166329
1,partial,7,0.58,-0.692852061205052
1,standard,8,0.6,-0.6924548518271785
1,projected,8,0.7,-0.6930153432714661
1,slider,8,0.72,-0.6929544273444272
1,partial,8,0.66,-0.6927042128607208
1,standard,9,0.6,-0.692546511535324
1,projected,9,0.78,-0.6930536812024404
1,slider,9,0.82,-0.6929789792440001
1,partial,9,0.6,-0.692762278841638
1,standard,10,0.62,-0.6924774058517963
1,projected,10,0.7,-0.693045079770953
1,slider,10,0.78,-0.6929395175050143
1,partial,10,0.62,-0.692707958811202
1,standard,11,0.68,-0.6922382738371824
1,projected,11,0.66,-0.6930092601646316
1,slider,11,0.76,-0.6929023696269884
1,partial,11,0.66,-0.6925698796755395
1,standard,12,0.68,-0.6920947731636629
1,projected,12,0.74,-0.692942082467842
1,slider,12,0.76,-0.692830106326318
1,partial,12,0.7,-0.6924619617473191
1,standard,13,0.64,-0.6922848320637524
1,projected,13,0.76,-0.6929174270062708
1,slider,13,0.76,-0.6928002195713211
1,partial,13,0.7,-0.6925418255632891
1,standard,14,0.64,-0.6924605385385317
1,projected,14,0.74,-0.6929149630524192
1,slider,14,0.8,-0.692795353056976
1,partial,14,0.7,-0.6926271464063218
1,standard,15,0.58,-0.6925104030462991
1,projected,15,0.78,-0.6928691149213975
1,slider,15,0.78,-0.6927490534780949
1,partial,15,0.62,-0.6926288164591295
1,standard,16,0.54,-0.6925969688945763
1,projected,16,0.72,-0.6929411432174808
1,slider,16,0.76,-0.6928137858433887
1,partial,16,0.56,-0.6927044212700667
1,standard,17,0.52,-0.6926525714434968
1,projected,17,0.72,-0.6929079078620383
1,slider,17,0.76,-0.6927757007103125
1,partial,17,0.58,-0.6927130993302052
1,standard,18,0.54,-0.692649135003977
1,projected,18,0.64,-0.6929573753965435
1,slider,18,0.78,-0.6928079575322903
1,partial,18,0.52,-0.6927274361289405
1,standard,19,0.52,-0.6926395713495309
1,projected,19,0.6,-0.6930094718141981
1,slider,19,0.74,-0.692802948577609
1,partial,19,0.52,-0.6927198180206845
1,standard,20,0.52,-0.6925395664742802
1,projected,20,0.66,-0.6929800069691946
1,slider,20,0.76,-0.69276499720869
1,partial,20,0.5,-0.6926508363887437
1,standard,21,0.5,-0.6924340855153575
1,projected,21,0.62,-0.6929496174289104
1,slider,21,0.78,-0.6927364830582908
1,partial,21,0.52,-0.6925833721932274
1,standard,22,0.48,-0.6925694497111352
1,projected,22,0.6,-0.6929324926134458
1,slider,22,0.7,-0.6927091677949753
1,partial,22,0.54,-0.6926372518685489
1,standard,23,0.46,-0.6926960050462653
1,projected,23,0.6,-0.6929652227112709
1,slider,23,0.72,-0.6926870382732663
1,partial,23,0.58,-0.6926893184746403
1,standard,24,0.48,-0.692843419576584
1,projected,24,0.58,-0.6929582897299353
1,slider,24,0.68,-0.6926753951314376
1,partial,24,0.54,-0.6927571280521224
1,standard,25,0.48,-0.6927693363522012
1,projected,25,0.6,-0.6929155181215256
1,slider,25,0.72,-0.6926253184279726
1,partial,25,0.58,-0.6926949750548502
1,standard,26,0.5,-0.6928843874771767
1,projected,26,0.7,-0.692897808425873
1,slider,26,0.68,-0.6926073038738556
1,partial,26,0.56,-0.6927433053260791
1,standard,27,0.5,-0.6927584709052895
1,projected,27,0.7,-0.6928012360696569
1,slider,27,0.76,-0.6925055896277473
1,partial,27,0.58,-0.6926293877720908
1,standard,28,0.5,-0.6928580007920562
1,projected,28,0.68,-0.6928337505560684
1,slider,28,0.76,-0.692530342451571
1,partial,28,0.58,-0.692691604967488
1,standard,29,0.5,-0.692594145490867
1,projected,29,0.7,-0.692823832620161
1,slider,29,0.76,-0.6925204188534718
1,partial,29,0.6,-0.6925541758331418
1,standard,30,0.54,-0.692493771039819
1,projected,30,0.74,-0.6928170041472193
1,slider,30,0.76,-0.6925133803898913
1,partial,30,0.6,-0.6925003521012265
1,standard,31,0.52,-0.692340779605965
1,projected,31,0.72,-0.6927574529528303
1,slider,31,0.76,-0.6924485728664527
1,partial,31,0.6,-0.6923914222549707
1,standard,32,0.58,-0.6922856197415532
1,projected,32,0.7,-0.6927198242838913
1,slider,32,0.76,-0.6924072827840705
1,partial,32,0.62,-0.6923430841612186
1,standard,33,0.56,-0.6921011660878014
1,projected,33,0.7,-0.6926779234028168
1,slider,33,0.76,-0.6923672614182296
1,partial,33,0.66,-0.692230653101672
1,standard,34,0.56,-0.6922534036799085
1,projected,34,0.7,-0.6927200399448222
1,slider,34,0.76,-0.6924081518508568
1,partial,34,0.66,-0.6923271335001705
1,standard,35,0.58,-0.6921164628642719
1,projected,35,0.68,-0.6926820261240283
1,slider,35,0.76,-0.6923703194575351
1,partial,35,0.66,-0.6922397244913857
1,standard,36,0.56,-0.6920961322093961
1,projected,36,0.7,-0.6926193813775628
1,slider,36,0.76,-0.6923042572030402
1,partial,36,0.66,-0.6921965253189998
1,standard,37,0.54,-0.6922203394968386
1,projected,37,0.7,-0.6926204868816578
1,slider,37,0.76,-0.6923051005618105
1,partial,37,0.68,-0.6922590180479071
1,standard,38,0.58,-0.6921383125222661
1,projected,38,0.72,-0.6926395088842753
1,slider,38,0.76,-0.6923105192864486
1,partial,38,0.68,-0.6922206625655011
1,standard,39,0.58,-0.6921420611116507
1,projected,39,0.72,-0.6925897765093135
1,slider,39,0.74,-0.6922566561569394
1,partial,39,0.7,-0.6921956705779995
1,standard,40,0.58,-0.69224956198255
1,projected,40,0.72,-0.6925991166460868
1,slider,40,0.76,-0.6922588739977934
1,partial,40,0.68,-0.6922504660094129
1,standard,41,0.58,-0.6922277809079712
1,projected,41,0.68,-0.69262654685641
1,slider,41,0.74,-0.6922791544598711
1,partial,41,0.68,-0.6922494225106846
1,standard,42,0.58,-0.6921739429510755
1,projected,42,0.7,-0.692562699622884
1,slider,42,0.74,-0.6922082218843479
1,partial,42,0.68,-0.6921870021296662
1,standard,43,0.58,-0.6922952973585619
1,projected,43,0.7,-0.6925668151303839
1,slider,43,0.76,-0.6922132761256455
1,partial,43,0.66,-0.6922502897013422
1,standard,44,0.58,-0.69210270655023
1,projected,44,0.7,-0.6924845056142527
1,slider,44,0.76,-0.6921295531881115
1,partial,44,0.66,-0.6921116690871715
1,standard,45,0.56,-0.6923466506393724
1,projected,45,0.7,-0.6925501269035855
1,slider,45,0.74,-0.6921054726584397
1,partial,45,0.66,-0.6922213961554883
1,standard,46,0.58,-0.6924081571357695
1,projected,46,0.68,-0.6925344356680214
1,slider,46,0.76,-0.6920885679797953
1,partial,46,0.66,-0.6922437365257447
1,standard,47,0.52,-0.6926143673352514
1,projected,47,0.68,-0.6925421088546416
1,slider,47,0.74,-0.6920942904363527
1,partial,47,0.64,-0.6923495764112498
1,standard,48,0.56,-0.6924821284594578
1,projected,48,0.68,-0.6925476381951511
1,slider,48,0.74,-0.6920943060715844
1,partial,48,0.64,-0.6922830255468219
1,standard,49,0.54,-0.6924721884629588
1,projected,49,0.68,-0.6925609415512579
1,slider,49,0.74,-0.6920974475955144
1,partial,49,0.64,-0.6922796616024547
1,standard,50,0.56,-0.692316333261937
1,projected,50,0.68,-0.6925151909729286
1,slider,50,0.74,-0.6920473668264786
1,partial,50,0.66,-0.6921764856375195
3,standard,0,0.38,-0.6931471803599452
3,projected,0,0.38,-0.6931471803599452
3,slider,0,0.38,-0.6931471803599452
3,partial,0,0.38,-0.6931471803599452
3,standard,1,0.5,-0.6932390297933338
3,projected,1,0.62,-0.6931398940893072
3,slider,1,0.68,-0.6931377570002911
3,partial,1,0.5,-0.6931883686807438
3,standard,2,0.56,-0.69320206477937
3,projected,2,0.66,-0.6931259219060628
3,slider,2,0.66,-0.6931222510278449
3,partial,2,0.6,-0.6931621330862829
3,standard,3,0.48,-0.693093483687211
3,projected,3,0.7,-0.6930807366038994
3,slider,3,0.7,-0.6930777351050171
3,partial,3,0.56,-0.6930855504697411
3,standard,4,0.5,-0.692947379869802
3,projected,4,0.66,-0.6930368240776922
3,slider,4,0.66,-0.6930326190453294
3,partial,4,0.56,-0.6929898652909325
3,standard,5,0.58,-0.6929060670003517
3,projected,5,0.64,-0.6930503416733917
3,slider,5,0.64,-0.6930321807479316
3,partial,5,0.58,-0.6929689645855642
3,standard,6,0.64,-0.6927355082373233
3,projected,6,0.72,-0.6929416749129849
3,slider,6,0.7,-0.6929290918691509
3,partial,6,0.66,-0.6928321177670368
3,standard,7,0.64,-0.6926718228542181
3,projected,7,0.72,-0.6929017571852407
3,slider,7,0.7,-0.6928831939698961
3,partial,7,0.68,-0.6927772867892742
3,standard,8,0.64,-0.6925159451060248
3,projected,8,0.72,-0.6929208374407765
3,slider,8,0.72,-0.6928706688193808
3,partial,8,0.68,-0.6926930078401131
3,standard,9,0.66,-0.6923953657506433
3,projected,9,0.7,-0.6928709619138453
3,slider,9,0.74,-0.6928169709851888
3,partial,9,0.72,-0.6926058458399751
3,standard,10,0.68,-0.692387028542351
3,projected,10,0.7,-0.6928581544351092
3,slider,10,0.74,-0.6927990590594203
3,partial,10,0.7,-0.6925926266986765
3,standard,11,0.7,-0.6922775359562862
3,projected,11,0.68,-0.6928766565064286
3,slider,11,0.74,-0.6928164449645626
3,partial,11,0.76,-0.692546614585869
3,standard,12,0.7,-0.6921875469722741
3,projected,12,0.66,-0.6928690768049744
3,slider,12,0.74,-0.6928063671016548
3,partial,12,0.72,-0.6924965988666222
3,standard,13,0.74,-0.6920700978196471
3,projected,13,0.68,-0.6928842987414133
3,slider,13,0.72,-0.6927687726015567
3,partial,13,0.74,-0.6924188390164197
3,standard,14,0.7,-0.6921469401748387
3,projected,14,0.68,-0.6929073799412693
3,slider,14,0.74,-0.6927669256434715
3,partial,14,0.72,-0.6924563123965634
3,standard,15,0.7,-0.6919694429047322
3,projected,15,0.72,-0.6928138747279364
3,slider,15,0.74,-0.6926673280838009
3,partial,15,0.74,-0.692317562384093
3,standard,16,0.74,-0.6916921231421526
3,projected,16,0.7,-0.6927125705728281
3,slider,16,0.76,-0.6925461883035411
3,partial,16,0.78,-0.6921183184899792
3,standard,17,0.66,-0.691776353412892
3,projected,17,0.7,-0.6927004904472684
3,slider,17,0.76,-0.6925246697458484
3,partial,17,0.74,-0.6921495572094807
3,standard,18,0.64,-0.6918985320496521
3,projected,18,0.66,-0.6927242677809763
3,slider,18,0.72,-0.6925269198218673
3,partial,18,0.72,-0.6922116822622733
3,standard,19,0.7,-0.6916843632836941
3,projected,19,0.7,-0.6926693424300336
3,slider,19,0.74,-0.6924668624681916
3,partial,19,0.74,-0.6920746374342212
3,standard,20,0.7,-0.6916731255653751
3,projected,20,0.7,-0.692666987439377
3,slider,20,0.72,-0.6924604472680351
3,partial,20,0.72,-0.6920658617045892
3,standard,21,0.66,-0.6915373638070643
3,projected,21,0.7,-0.6925790847078069
3,slider,21,0.72,-0.6923706854259517
3,partial,21,0.72,-0.6919529555033269
3,standard,22,0.7,-0.6916825336454805
3,projected,22,0.68,-0.6926348100445722
3,slider,22,0.76,-0.6924089963073825
3,partial,22,0.74,-0.6920446756916718
3,standard,23,0.7,-0.6915891921606687
3,projected,23,0.7,-0.692617731102481
3,slider,23,0.74,-0.6923921214569608
3,partial,23,0.76,-0.6919896103773334
3,standard,24,0.7,-0.6916645766193044
3,projected,24,0.68,-0.6926574181343688
3,slider,24,0.76,-0.6924202431845713
3,partial,24,0.74,-0.6920414051955964
3,standard,25,0.7,-0.6915157326108402
3,projected,25,0.68,-0.6926810095343495
3,slider,25,0.76,-0.6924309526736984
3,partial,25,0.74,-0.6919719479019367
3,standard,26,0.7,-0.6915451416704188
3,projected,26,0.7,-0.6926563849448779
3,slider,26,0.74,-0.6924066632874919
3,partial,26,0.74,-0.6919745125720554
3,standard,27,0.72,-0.6914184171688085
3,projected,27,0.74,-0.6926819885605713
3,slider,27,0.74,-0.6924269332185746
3,partial,27,0.76,-0.6919210149547845
3,standard,28,0.74,-0.6913150032487516
3,projected,28,0.74,-0.6927136255096576
3,slider,28,0.74,-0.6924191148299194
3,partial,28,0.78,-0.6918653805926218
3,standard,29,0.74,-0.6912569654986755
3,projected,29,0.74,-0.6927132979736592
3,slider,29,0.72,-0.6924177854880803
3,partial,29,0.8,-0.6918355330756596
3,standard,30,0.72,-0.6910048187767255
3,projected,30,0.74,-0.6926895508438325
3,slider,30,0.72,-0.6923905737446632
3,partial,30,0.82,-0.6916955617389743
3,standard,31,0.74,-0.690892211877654
3,projected,31,0.74,-0.6926825035464433
3,slider,31,0.7,-0.6923758257296386
3,partial,31,0.84,-0.6916318428702867
3,standard,32,0.76,-0.6907237861555285
3,projected,32,0.68,-0.6926282715419921
3,slider,32,0.76,-0.6923193460856869
3,partial,32,0.82,-0.6915191299443317
3,standard,33,0.74,-0.6907078777657317
3,projected,33,0.7,-0.6926047163987978
3,slider,33,0.76,-0.6922952259741867
3,partial,33,0.8,-0.6914989997140509
3,standard,34,0.74,-0.6906900559434896
3,projected,34,0.7,-0.6925772674585455
3,slider,34,0.74,-0.6922717391139311
3,partial,34,0.8,-0.6914783330492001
3,standard,35,0.72,-0.6907479373828974
3,projected,35,0.72,-0.6925952702244139
3,slider,35,0.74,-0.6922794471901816
3,partial,35,0.74,-0.6915110084807765
3,standard,36,0.72,-0.6907045692999627
3,projected,36,0.7,-0.6925116317269753
3,slider,36,0.74,-0.6921924000877557
3,partial,36,0.76,-0.6914458545329716
3,standard,37,0.7,-0.6907296928250826
3,projected,37,0.72,-0.6925172743368496
3,slider,37,0.74,-0.692191892013405
3,partial,37,0.78,-0.6914582781534695
3,standard,38,0.72,-0.6907670105325354
3,projected,38,0.74,-0.6925576319767077
3,slider,38,0.76,-0.6922265268846911
3,partial,38,0.76,-0.691494227288301
3,standard,39,0.74,-0.690613804789073
3,projected,39,0.7,-0.6925332315084168
3,slider,39,0.76,-0.6921926467626534
3,partial,39,0.78,-0.69140037826077
3,standard,40,0.68,-0.6906733840723709
3,projected,40,0.72,-0.6925270827749257
3,slider,40,0.76,-0.6921777003000905
3,partial,40,0.76,-0.6914226241520653
3,standard,41,0.7,-0.6906781778757098
3,projected,41,0.72,-0.6925860741473661
3,slider,41,0.76,-0.6922219149719473
3,partial,41,0.78,-0.6914469485176343
3,standard,42,0.76,-0.690783497755726
3,projected,42,0.72,-0.6925789702500116
3,slider,42,0.74,-0.692215302778091
3,partial,42,0.8,-0.6914963552283442
3,standard,43,0.76,-0.6906620184398601
3,projected,43,0.72,-0.6925985640257256
3,slider,43,0.76,-0.692230479223082
3,partial,43,0.8,-0.6914431565640955
3,standard,44,0.78,-0.6905714125746744
3,projected,44,0.68,-0.6926024304691893
3,slider,44,0.74,-0.6921984366702405
3,partial,44,0.8,-0.6913816415215487
3,standard,45,0.76,-0.6904282399746353
3,projected,45,0.7,-0.6925189681128621
3,slider,45,0.76,-0.6921151663567378
3,partial,45,0.8,-0.6912681151350631
3,standard,46,0.78,-0.6903415493187822
3,projected,46,0.7,-0.6924502391115864
3,slider,46,0.74,-0.6920477044211636
3,partial,46,0.78,-0.6911911729463581
3,standard,47,0.74,-0.6903848039773868
3,projected,47,0.7,-0.6924211902745543
3,slider,47,0.74,-0.6920183876390023
3,partial,47,0.78,-0.6911981899962376
3,standard,48,0.72,-0.6902345393466695
3,projected,48,0.7,-0.6923634325912188
3,slider,48,0.78,-0.6919601430954029
3,partial,48,0.74,-0.6910935358803226
3,standard,49,0.72,-0.6900220592613658
3,projected,49,0.7,-0.6923005966054965
3,slider,49,0.76,-0.6918945764708049
3,partial,49,0.76,-0.6909546458341381
3,standard,50,0.72,-0.6899746531725454
3,projected,50,0.7,-0.692281278700148
3,slider,50,0.74,-0.6918692616245339
3,partial,50,0.78,-0.6909181397430126
4,standard,0,0.58,-0.6931471803599452
4,projected,0,0.58,-0.6931471803599452
4,slider,0,0.58,-0.6931471803599452
4,partial,0,0.58,-0.6931471803599452
4,standard,1,0.7,-0.6928624754125273
4,projected,1,0.6,-0.6931071798210653
4,slider,1,0.8,-0.6930897778565162
4,partial,1,0.74,-0.6929760585632282
4,standard,2,0.74,-0.6927367574293076
4,projected,2,0.58,-0.6931088208996734
4,slider,2,0.6,-0.6931031327868195
4,partial,2,0.68,-0.6929197832360972
4,standard,3,0.7,-0.692792732944143
4,projected,3,0.52,-0.6931301922871829
4,slider,3,0.56,-0.6931265554323296
4,partial,3,0.64,-0.6929594521703186
4,standard,4,0.66,-0.6927346385446489
4,projected,4,0.52,-0.6931287700585403
4,slider,4,0.48,-0.6931285069684641
4,partial,4,0.6,-0.6929312783802376
4,standard,5,0.72,-0.6925385665778638
4,projected,5,0.54,-0.6930704296061108
4,slider,5,0.54,-0.6930763191613347
4,partial,5,0.72,-0.6928071972890847
4,standard,6,0.72,-0.6925079737393989
4,projected,6,0.6,-0.6930305104386315
4,slider,6,0.56,-0.6930325533873607
4,partial,6,0.68,-0.6927700182123655
4,standard,7,0.64,-0.6926847659432122
4,projected,7,0.66,-0.6930495550626403
4,slider,7,0.56,-0.693040941369572
4,partial,7,0.64,-0.6928625413067502
4,standard,8,0.68,-0.6926480227382882
4,projected,8,0.66,-0.6930153813643873
4,slider,8,0.66,-0.6930025561556559
4,partial,8,0.66,-0.6928249962517615
4,standard,9,0.68,-0.692249897806366
4,projected,9,0.72,-0.6929505501932478
4,slider,9,0.68,-0.6929290079999592
4,partial,9,0.68,-0.6925885946480662
4,standard,10,0.66,-0.6918838938049403
4,projected,10,0.7,-0.6928763464437643
4,slider,10,0.7,-0.6928502070096445
4,partial,10,0.7,-0.6923660425944196
4,standard,11,0.7,-0.6918675142229087
4,projected,11,0.72,-0.692858164152662
4,slider,11,0.72,-0.6928309601730674
4,partial,11,0.68,-0.6923480600225482
4,standard,12,0.7,-0.6920472713293296
4,projected,12,0.7,-0.692874443760412
4,slider,12,0.72,-0.6927733187947349
4,partial,12,0.68,-0.6924091575390137
4,standard,13,0.7,-0.6919192082055602
4,projected,13,0.64,-0.6928360726856613
4,slider,13,0.76,-0.6926790826260373
4,partial,13,0.68,-0.6922978845092231
4,standard,14,0.7,-0.6918946796664599
4,projected,14,0.64,-0.6928908330036814
4,slider,14,0.76,-0.6927331279429196
4,partial,14,0.68,-0.6923125713972493
4,standard,15,0.7,-0.6916650276891145
4,projected,15,0.64,-0.6929022233989589
4,slider,15,0.8,-0.6927291145008154
4,partial,15,0.68,-0.6921951379017207
4,standard,16,0.68,-0.691471884300855
4,projected,16,0.64,-0.6928046526811794
4,slider,16,0.76,-0.6926081080199553
4,partial,16,0.68,-0.6920377572029524
4,standard,17,0.68,-0.6911718636180134
4,projected,17,0.7,-0.6927459092365595
4,slider,17,0.78,-0.6925450158036556
4,partial,17,0.7,-0.6918559114473355
4,standard,18,0.72,-0.690788574472711
4,projected,18,0.66,-0.692689449767809
4,slider,18,0.76,-0.6924588123407261
4,partial,18,0.74,-0.6916205974083773
4,standard,19,0.66,-0.6907208229328278
4,projected,19,0.62,-0.6926822614853805
4,slider,19,0.76,-0.6924412874517658
4,partial,19,0.72,-0.6915777561578836
4,standard,20,0.7,-0.6907590754086526
4,projected,20,0.66,-0.6926757674504508
4,slider,20,0.76,-0.6924324110885176
4,partial,20,0.7,-0.6915924847615463
4,standard,21,0.68,-0.6905240957489863
4,projected,21,0.62,-0.6925914682478164
4,slider,21,0.76,-0.6923266290923888
4,partial,21,0.72,-0.6914218205027468
4,standard,22,0.72,-0.6903788140522055
4,projected,22,0.68,-0.6925582814462556
4,slider,22,0.76,-0.6922933637163186
4,partial,22,0.74,-0.6913328213563994
4,standard,23,0.68,-0.6905604315378392
4,projected,23,0.62,-0.6926150220720347
4,slider,23,0.78,-0.6922685007683697
4,partial,23,0.72,-0.6914111841008725
4,standard,24,0.68,-0.6906320950589847
4,projected,24,0.62,-0.6926178908204025
4,slider,24,0.76,-0.6922776687280353
4,partial,24,0.72,-0.6914515417125437
4,standard,25,0.68,-0.6905045415328617
4,projected,25,0.62,-0.6925522915470341
4,slider,25,0.78,-0.6922092236211504
4,partial,25,0.74,-0.6913535274989043
4,standard,26,0.7,-0.6906067400669373
4,projected,26,0.7,-0.6925785183751282
4,slider,26,0.78,-0.6922161743988938
4,partial,26,0.74,-0.6914080509165721
4,standard,27,0.72,-0.6904005104428341
4,projected,27,0.68,-0.6925823882051434
4,slider,27,0.78,-0.6922165764166605
4,partial,27,0.76,-0.6913047601631069
4,standard,28,0.72,-0.6901492660107066
4,projected,28,0.64,-0.6925663557710817
4,slider,28,0.78,-0.6922053028065459
4,partial,28,0.76,-0.6911731826035599
4,standard,29,0.76,-0.6897758616603339
4,projected,29,0.62,-0.6925364658405582
4,slider,29,0.76,-0.6921767880415657
4,partial,29,0.78,-0.6909712930326354
4,standard,30,0.72,-0.6895946179607713
4,projected,30,0.62,-0.6925100491752757
4,slider,30,0.76,-0.6921512164342465
4,partial,30,0.78,-0.6908674198975036
4,standard,31,0.7,-0.6895677564672557
4,projected,31,0.64,-0.6924983224723725
4,slider,31,0.76,-0.6921279037199579
4,partial,31,0.76,-0.6908422748598556
4,standard,32,0.72,-0.6893433925322683
4,projected,32,0.62,-0.6924533267753421
4,slider,32,0.78,-0.6920693644900702
4,partial,32,0.76,-0.6907001627373028
4,standard,33,0.72,-0.6891381023174827
4,projected,33,0.66,-0.6924033385827948
4,slider,33,0.78,-0.692008549562152
4,partial,33,0.76,-0.6905662508130006
4,standard,34,0.68,-0.6890992502891576
4,projected,34,0.62,-0.6924116411774709
4,slider,34,0.78,-0.6920150862175715
4,partial,34,0.74,-0.6905494627126777
4,standard,35,0.66,-0.689133173205672
4,projected,35,0.62,-0.6924070529359737
4,slider,35,0.78,-0.692008224820153
4,partial,35,0.74,-0.6905629801589458
4,standard,36,0.68,-0.689157036465399
4,projected,36,0.64,-0.6924232376588122
4,slider,36,0.78,-0.6920103366484769
4,partial,36,0.74,-0.6905757879664911
4,standard,37,0.68,-0.6889790755400622
4,projected,37,0.66,-0.6924065611695204
4,slider,37,0.82,-0.6919886740490115
4,partial,37,0.74,-0.6904752356140545
4,standard,38,0.7,-0.688934127404699
4,projected,38,0.66,-0.6923594330920693
4,slider,38,0.82,-0.691934749968203
4,partial,38,0.76,-0.6904259358678756
4,standard,39,0.72,-0.6885248163734744
4,projected,39,0.66,-0.6923057028086592
4,slider,39,0.78,-0.6918935801003185
4,partial,39,0.78,-0.6901988070381097
4,standard,40,0.74,-0.6883751648867029
4,projected,40,0.66,-0.6922712014665605
4,slider,40,0.8,-0.691853135637474
4,partial,40,0.78,-0.6901038464616593
4,standard,41,0.76,-0.6882836979208905
4,projected,41,0.74,-0.6922709618791558
4,slider,41,0.8,-0.6918507652226451
4,partial,41,0.8,-0.6900567942474904
4,standard,42,0.76,-0.6881402249723485
4,projected,42,0.74,-0.6922427968918083
4,slider,42,0.82,-0.6918242341402129
4,partial,42,0.8,-0.6899714148958254
4,standard,43,0.76,-0.6881779964358351
4,projected,43,0.74,-0.6922663065568743
4,slider,43,0.82,-0.6918505915683351
4,partial,43,0.8,-0.6900034602711106
4,standard,44,0.74,-0.6880968238027928
4,projected,44,0.74,-0.6922437411047582
4,slider,44,0.8,-0.6918196213850826
4,partial,44,0.8,-0.6899464134219503
4,standard,45,0.74,-0.6881200629335998
4,projected,45,0.74,-0.6922477691389183
4,slider,45,0.8,-0.691813979899734
4,partial,45,0.8,-0.6899551657099741
4,standard,46,0.74,-0.6878254538633454
4,projected,46,0.74,-0.692203912285326
4,slider,46,0.8,-0.691761533284422
4,partial,46,0.8,-0.6897801352849245
4,standard,47,0.76,-0.687436100407433
4,projected,47,0.72,-0.6921336857624789
4,slider,47,0.82,-0.691692785805546
4,partial,47,0.8,-0.6895506030353589
4,standard,48,0.76,-0.6874455896761286
4,projected,48,0.74,-0.6921580225470383
4,slider,48,0.84,-0.691722826878435
4,partial,48,0.78,-0.689570270515079
4,standard,49,0.78,-0.6874332564798921
4,projected,49,0.74,-0.6921549334639374
4,slider,49,0.78,-0.6917123655775168
4,partial,49,0.8,-0.6895587949188589
4,standard,50,0.74,-0.6876511734566267
4,projected,50,0.74,-0.6921762840325588
4,slider,50,0.8,-0.6917219953366461
4,partial,50,0.76,-0.6896725233177634
5,standard,0,0.48,-0.6931471803599452
5,projected,0,0.48,-0.6931471803599452
5,slider,0,0.48,-0.6931471803599452
5,partial,0,0.48,-0.6931471803599452
5,standard,1,0.8,-0.6928150741715904
5,projected,1,0.62,-0.6931215828320978
5,slider,1,0.72,-0.6931097402853013
5,partial,1,0.76,-0.6929623091369246
5,standard,2,0.76,-0.6928534110726031
5,projected,2,0.76,-0.6930859324979868
5,slider,2,0.78,-0.6930675995343986
5,partial,2,0.78,-0.6929603832765775
5,standard,3,0.78,-0.6928225686218014
5,projected,3,0.86,-0.6930728444457428
5,slider,3,0.82,-0.693053607249233
5,partial,3,0.84,-0.6929379653858776
5,standard,4,0.78,-0.6927188012601795
5,projected,4,0.76,-0.6930749741043217
5,slider,4,0.8,-0.6930573898487754
5,partial,4,0.8,-0.6928879115558348
5,standard,5,0.6,-0.6927972930925331
5,projected,5,0.56,-0.6930951503656553
5,slider,5,0.64,-0.6930760100347562
5,partial,5,0.64,-0.6929364284698142
5,standard,6,0.68,-0.6927575987911893
5,projected,6,0.66,-0.6930728547181915
5,slider,6,0.68,-0.6930445523128773
5,partial,6,0.66,-0.6929008022282125
5,standard,7,0.74,-0.6922556460050118
5,projected,7,0.74,-0.6929364834444356
5,slider,7,0.78,-0.6929054947777932
5,partial,7,0.74,-0.6925801042294993
5,standard,8,0.78,-0.6918453751037305
5,projected,8,0.84,-0.6929089198657361
5,slider,8,0.78,-0.6928602421352437
5,partial,8,0.78,-0.6923523831868222
5,standard,9,0.74,-0.6918266521844818
5,projected,9,0.8,-0.6928416565014566
5,slider,9,0.78,-0.6927859388731621
5,partial,9,0.76,-0.6923058413244338
5,standard,10,0.76,-0.6918806670334966
5,projected,10,0.78,-0.6928046944847718
5,slider,10,0.8,-0.6927503794763068
5,partial,10,0.76,-0.6923150240141551
5,standard,11,0.74,-0.6917174279619968
5,projected,11,0.76,-0.6927760403943906
5,slider,11,0.78,-0.6927262350568598
5,partial,11,0.78,-0.6922211751899183
5,standard,12,0.76,-0.6918559124500837
5,projected,12,0.76,-0.6927881803748125
5,slider,12,0.78,-0.6927383119581748
5,partial,12,0.76,-0.6922964614978269
5,standard,13,0.72,-0.6917749851929201
5,projected,13,0.74,-0.6927601149165767
5,slider,13,0.7,-0.6926951930494623
5,partial,13,0.78,-0.6922344000278768
5,standard,14,0.7,-0.6916069004161597
5,projected,14,0.72,-0.6927321254140921
5,slider,14,0.7,-0.6926600812802697
5,partial,14,0.74,-0.6921326023694465
5,standard,15,0.72,-0.6916346988781822
5,projected,15,0.66,-0.6928138955658116
5,slider,15,0.72,-0.6927430352776082
5,partial,15,0.72,-0.6921879936613141
5,standard,16,0.8,-0.6914562606389366
5,projected,16,0.68,-0.6928330107498628
5,slider,16,0.66,-0.6927626415405022
5,partial,16,0.76,-0.692108599811221
5,standard,17,0.78,-0.6911518670463259
5,projected,17,0.68,-0.6927732439703401
5,slider,17,0.7,-0.6927104496496631
5,partial,17,0.78,-0.6919300119731163
5,standard,18,0.82,-0.6909412088565469
5,projected,18,0.74,-0.6926842250298476
5,slider,18,0.7,-0.6926180884883105
5,partial,18,0.84,-0.6917782626505691
5,standard,19,0.84,-0.6906929059477259
5,projected,19,0.74,-0.6926289390432692
5,slider,19,0.7,-0.6925606831650133
5,partial,19,0.84,-0.6916251388169563
5,standard,20,0.82,-0.6906370932661909
5,projected,20,0.74,-0.692557650601643
5,slider,20,0.74,-0.6924652876047631
5,partial,20,0.78,-0.6915495274107816
5,standard,21,0.74,-0.6906957398148333
5,projected,21,0.72,-0.692557780261472
5,slider,21,0.7,-0.6924277458070758
5,partial,21,0.76,-0.6915600609838105
5,standard,22,0.72,-0.6905999665700971
5,projected,22,0.72,-0.6925558341570826
5,slider,22,0.7,-0.6924216635132929
5,partial,22,0.76,-0.691508888541983
5,standard,23,0.76,-0.6903335174316286
5,projected,23,0.72,-0.6924870877782675
5,slider,23,0.72,-0.692352631239316
5,partial,23,0.74,-0.6913410049717587
5,standard,24,0.74,-0.6904042878022587
5,projected,24,0.7,-0.6925278219250461
5,slider,24,0.72,-0.6923774125153163
5,partial,24,0.72,-0.6913888668471617
5,standard,25,0.7,-0.6904625712129827
5,projected,25,0.7,-0.6925368386748125
5,slider,25,0.7,-0.6923871481895477
5,partial,25,0.72,-0.6914228420844013
5,standard,26,0.78,-0.6901054209296344
5,projected,26,0.72,-0.6924175101380439
5,slider,26,0.7,-0.6922625861420445
5,partial,26,0.76,-0.6911818265191279
5,standard,27,0.82,-0.6900233638897358
5,projected,27,0.7,-0.6924554406126349
5,slider,27,0.7,-0.6922786670514612
5,partial,27,0.78,-0.6911487343386717
5,standard,28,0.8,-0.689991379206401
5,projected,28,0.72,-0.6923981639927708
5,slider,28,0.7,-0.692224721665329
5,partial,28,0.76,-0.6911057431984092
5,standard,29,0.78,-0.690155015007683
5,projected,29,0.7,-0.6925014330897848
5,slider,29,0.7,-0.6922970554493684
5,partial,29,0.74,-0.6912238777799975
5,standard,30,0.76,-0.6900151301001576
5,projected,30,0.72,-0.6924001246504221
5,slider,30,0.7,-0.6921925585810549
5,partial,30,0.76,-0.6911016230227007
5,standard,31,0.78,-0.6901312806010409
5,projected,31,0.7,-0.692446716070775
5,slider,31,0.72,-0.6921360736903018
5,partial,31,0.8,-0.6911316248862466
5,standard,32,0.78,-0.6901284707007385
5,projected,32,0.72,-0.6924332055095664
5,slider,32,0.7,-0.6921619791271572
5,partial,32,0.8,-0.6911430592454804
5,standard,33,0.8,-0.6898979476984843
5,projected,33,0.74,-0.6923335543584734
5,slider,33,0.74,-0.6920534979759583
5,partial,33,0.82,-0.6909734432673593
5,standard,34,0.78,-0.6898310184980345
5,projected,34,0.76,-0.6923012344275928
5,slider,34,0.76,-0.6920269771165077
5,partial,34,0.84,-0.690926477550528
5,standard,35,0.78,-0.6897506209785544
5,projected,35,0.76,-0.6922950155902166
5,slider,35,0.74,-0.6920212274185062
5,partial,35,0.86,-0.6908832594743092
5,standard,36,0.74,-0.6899989520856163
5,projected,36,0.74,-0.692318249799558
5,slider,36,0.72,-0.692041877091892
5,partial,36,0.78,-0.6910177833895916
5,standard,37,0.74,-0.6899612705681599
5,projected,37,0.74,-0.692290688852939
5,slider,37,0.7,-0.6920044623811511
5,partial,37,0.76,-0.6909801678239862
5,standard,38,0.76,-0.6898181460928459
5,projected,38,0.76,-0.6922027702674172
5,slider,38,0.74,-0.6919167964548316
5,partial,38,0.76,-0.6908647885141853
5,standard,39,0.76,-0.68976175871888
5,projected,39,0.74,-0.6922112164725498
5,slider,39,0.68,-0.6919246769146007
5,partial,39,0.76,-0.690840404802499
5,standard,40,0.76,-0.6895998067153131
5,projected,40,0.74,-0.6922262386553403
5,slider,40,0.66,-0.6919449400969743
5,partial,40,0.76,-0.6907692136581354
5,standard,41,0.74,-0.6897153672324677
5,projected,41,0.74,-0.6922507708362887
5,slider,41,0.68,-0.6919675339663953
5,partial,41,0.72,-0.6908385015040298
5,standard,42,0.72,-0.6897011496076003
5,projected,42,0.74,-0.6922552704560645
5,slider,42,0.68,-0.6919723014409322
5,partial,42,0.74,-0.6908338218336543
5,standard,43,0.72,-0.6896913015648144
5,projected,43,0.7,-0.6922897810801902
5,slider,43,0.68,-0.6920072245266473
5,partial,43,0.72,-0.6908461357396268
5,standard,44,0.74,-0.6896516922844131
5,projected,44,0.7,-0.6922342093237097
5,slider,44,0.68,-0.6919486379409103
5,partial,44,0.72,-0.6907968739020915
5,standard,45,0.72,-0.6895642928338497
5,projected,45,0.74,-0.6921651637623977
5,slider,45,0.7,-0.6918452458591088
5,partial,45,0.72,-0.6907013521643721
5,standard,46,0.74,-0.6893256614748386
5,projected,46,0.72,-0.6921003379603925
5,slider,46,0.7,-0.6917730811698948
5,partial,46,0.72,-0.6905455391002383
5,standard,47,0.72,-0.6893862305829898
5,projected,47,0.74,-0.6920903889188824
5,slider,47,0.7,-0.6917564482699703
5,partial,47,0.74,-0.6905676443703426
5,standard,48,0.78,-0.6891571310623766
5,projected,48,0.74,-0.6920559253003152
5,slider,48,0.68,-0.6917184398467178
5,partial,48,0.78,-0.690433440549248
5,standard,49,0.74,-0.6889652668736729
5,projected,49,0.74,-0.6919551869375654
5,slider,49,0.72,-0.6916132376271722
5,partial,49,0.76,-0.6902845715474847
5,standard,50,0.8,-0.6888791922703383
5,projected,50,0.76,-0.6919441599471025
5,slider,50,0.74,-0.6916085036797764
5,partial,50,0.82,-0.6902392960521534
2,standard,0,0.48,-0.6931471803599452
2,projected,0,0.48,-0.6931471803599452
2,slider,0,0.48,-0.6931471803599452
2,partial,0,0.48,-0.6931471803599452
2,standard,1,0.4,-0.6933598810448054
2,projected,1,0.38,-0.6931753090105076
2,slider,1,0.56,-0.6931358853989437
2,partial,1,0.4,-0.6932478249600621
2,standard,2,0.44,-0.6932859372758977
2,projected,2,0.42,-0.6931530173184071
2,slider,2,0.64,-0.6931111029066919
2,partial,2,0.5,-0.693198489007704
2,standard,3,0.56,-0.6931176077393966
2,projected,3,0.58,-0.6931181467786993
2,slider,3,0.68,-0.6930591703825116
2,partial,3,0.62,-0.6930882409350173
2,standard,4,0.64,-0.6929498112836437
2,projected,4,0.68,-0.6930723099152446
2,slider,4,0.64,-0.693005789522848
2,partial,4,0.64,-0.6929776186006769
2,standard,5,0.5,-0.6931567835920822
2,projected,5,0.54,-0.693123981690456
2,slider,5,0.66,-0.6930474676125358
2,partial,5,0.54,-0.6931018761737497
2,standard,6,0.48,-0.693194001120987
2,projected,6,0.56,-0.693111989707896
2,slider,6,0.7,-0.693027957856727
2,partial,6,0.54,-0.6931106763374669
2,standard,7,0.48,-0.6930642455946021
2,projected,7,0.7,-0.6930431514985912
2,slider,7,0.8,-0.6929301699312076
2,partial,7,0.58,-0.6929969127590211
2,standard,8,0.54,-0.6931789607197762
2,projected,8,0.66,-0.6930660366305567
2,slider,8,0.68,-0.6929411798095458
2,partial,8,0.6,-0.6930597296962472
2,standard,9,0.54,-0.6930503783448692
2,projected,9,0.66,-0.6930369096602905
2,slider,9,0.76,-0.6929079775128968
2,partial,9,0.58,-0.6929787861310988
2,standard,10,0.54,-0.6930095427961063
2,projected,10,0.6,-0.6930109089512848
2,slider,10,0.76,-0.6928777529816357
2,partial,10,0.56,-0.6929431443644914
2,standard,11,0.54,-0.6929681515095362
2,projected,11,0.66,-0.6929758104899784
2,slider,11,0.78,-0.6928411471680107
2,partial,11,0.52,-0.6929040379731666
2,standard,12,0.54,-0.6930700492680111
2,projected,12,0.64,-0.6929377242868203
2,slider,12,0.72,-0.6928002155086866
2,partial,12,0.58,-0.6929344704317622
2,standard,13,0.5,-0.6930152408767278
2,projected,13,0.64,-0.692906044775773
2,slider,13,0.74,-0.6927596476920285
2,partial,13,0.56,-0.6928867125015313
2,standard,14,0.54,-0.6927080900725321
2,projected,14,0.66,-0.692858198799534
2,slider,14,0.7,-0.692698005958075
2,partial,14,0.6,-0.6927022086957243
2,standard,15,0.52,-0.6925938642656072
2,projected,15,0.64,-0.6928538128147079
2,slider,15,0.7,-0.6926929974606988
2,partial,15,0.6,-0.6926425475471659
2,standard,16,0.56,-0.6924984601026203
2,projected,16,0.64,-0.6928019073882089
2,slider,16,0.74,-0.6926354767743402
2,partial,16,0.6,-0.6925657867889887
2,standard,17,0.58,-0.6924663807456877
2,projected,17,0.64,-0.6927833715459062
2,slider,17,0.72,-0.6926118280776733
2,partial,17,0.62,-0.6925378350476947
2,standard,18,0.62,-0.6922580655101445
2,projected,18,0.7,-0.6927189907697365
2,slider,18,0.76,-0.6925484900741526
2,partial,18,0.6,-0.6924019497131225
2,standard,19,0.62,-0.692345109851356
2,projected,19,0.68,-0.6927329006203802
2,slider,19,0.76,-0.6925532795251554
2,partial,19,0.64,-0.6924479280930121
2,standard,20,0.58,-0.6922409233608431
2,projected,20,0.66,-0.692681998941949
2,slider,20,0.74,-0.6925012458274488
2,partial,20,0.66,-0.6923695502881109
2,standard,21,0.56,-0.6922638792335838
2,projected,21,0.68,-0.6926480928565403
2,slider,21,0.7,-0.692475732330185
2,partial,21,0.64,-0.6923681544548398
2,standard,22,0.6,-0.6921080166651298
2,projected,22,0.66,-0.6925884223232949
2,slider,22,0.64,-0.6924162846631065
2,partial,22,0.66,-0.6922603735049571
2,standard,23,0.64,-0.6918679397736915
2,projected,23,0.66,-0.6924828252858805
2,slider,23,0.66,-0.6923011189133752
2,partial,23,0.66,-0.6920825984236665
2,standard,24,0.66,-0.6917757625613575
2,projected,24,0.66,-0.6924924336624305
2,slider,24,0.64,-0.6923113562342688
2,partial,24,0.66,-0.692041767371161
2,standard,25,0.66,-0.6916089323858153
2,projected,25,0.66,-0.6924396686303139
2,slider,25,0.68,-0.6922562512859125
2,partial,25,0.66,-0.691930936569556
2,standard,26,0.66,-0.6914497195864503
2,projected,26,0.68,-0.6924445424352595
2,slider,26,0.7,-0.6922567011467445
2,partial,26,0.66,-0.691851501167331
2,standard,27,0.68,-0.691339507612483
2,projected,27,0.68,-0.6924117779508225
2,slider,27,0.7,-0.6922378129372244
2,partial,27,0.66,-0.691787099178642
2,standard,28,0.68,-0.6913836320145613
2,projected,28,0.68,-0.6923991118437307
2,slider,28,0.7,-0.6922232099143644
2,partial,28,0.66,-0.6918018718958088
2,standard,29,0.68,-0.691471816367042
2,projected,29,0.66,-0.692339049673536
2,slider,29,0.72,-0.6921612731564619
2,partial,29,0.64,-0.6918151146130783
2,standard,30,0.68,-0.6913735557575285
2,projected,30,0.68,-0.692330772306643
2,slider,30,0.72,-0.6921523614809982
2,partial,30,0.64,-0.691761350221885
2,standard,31,0.68,-0.6912988432975189
2,projected,31,0.7,-0.6923305283895786
2,slider,31,0.72,-0.6921490413669568
2,partial,31,0.66,-0.6917219288960504
2,standard,32,0.7,-0.6912152027344268
2,projected,32,0.72,-0.6923141091443891
2,slider,32,0.72,-0.6921285841157979
2,partial,32,0.66,-0.6916699797335157
2,standard,33,0.72,-0.6910861378458161
2,projected,33,0.74,-0.6922817493712575
2,slider,33,0.74,-0.6920878659286537
2,partial,33,0.68,-0.691584752180799
2,standard,34,0.68,-0.6911811428329017
2,projected,34,0.74,-0.6922723194623309
2,slider,34,0.76,-0.6920667885838955
2,partial,34,0.7,-0.6916218198657679
2,standard,35,0.7,-0.6909105763711123
2,projected,35,0.74,-0.692235428639794
2,slider,35,0.76,-0.692027286686624
2,partial,35,0.66,-0.6914664230456037
2,standard,36,0.66,-0.690921842286787
2,projected,36,0.74,-0.6922406182572911
2,slider,36,0.76,-0.6920321787695974
2,partial,36,0.66,-0.6914741333331916
2,standard,37,0.68,-0.6909405975616976
2,projected,37,0.74,-0.6922357029316837
2,slider,37,0.74,-0.6920228538959721
2,partial,37,0.66,-0.6914788786735163
2,standard,38,0.7,-0.6909099729543319
2,projected,38,0.7,-0.6922700097219863
2,slider,38,0.76,-0.6919968751250795
2,partial,38,0.66,-0.6914505461528861
2,standard,39,0.68,-0.6910165200243127
2,projected,39,0.7,-0.6923030569007537
2,slider,39,0.76,-0.692035225284037
2,partial,39,0.66,-0.691523176702767
2,standard,40,0.68,-0.6909544639804485
2,projected,40,0.7,-0.6923003495221137
2,slider,40,0.76,-0.6920258397747555
2,partial,40,0.68,-0.691487344044064
2,standard,41,0.68,-0.6907268890684599
2,projected,41,0.7,-0.6922266601220599
2,slider,41,0.76,-0.691954380844146
2,partial,41,0.66,-0.6913378122944032
2,standard,42,0.64,-0.6907435539879024
2,projected,42,0.72,-0.6921895931377888
2,slider,42,0.78,-0.6919084625444489
2,partial,42,0.64,-0.6913231883759134
2,standard,43,0.66,-0.6906045031245117
2,projected,43,0.74,-0.6921687229455439
2,slider,43,0.78,-0.6918941552876657
2,partial,43,0.66,-0.6912461432696416
2,standard,44,0.68,-0.690627941054422
2,projected,44,0.72,-0.6921519216572176
2,slider,44,0.78,-0.6918666379600044
2,partial,44,0.66,-0.6912441071240291
2,standard,45,0.66,-0.6903781879631032
2,projected,45,0.72,-0.6921051131862279
2,slider,45,0.78,-0.6918133606909082
2,partial,45,0.66,-0.6910922444330465
2,standard,46,0.68,-0.6902389327653711
2,projected,46,0.74,-0.6920899010049204
2,slider,46,0.78,-0.6917976099180785
2,partial,46,0.66,-0.6910142311402835
2,standard,47,0.68,-0.6902672488479868
2,projected,47,0.74,-0.6920378223144459
2,slider,47,0.78,-0.6917438134809305
2,partial,47,0.66,-0.6910015476932375
2,standard,48,0.66,-0.6903362757562667
2,projected,48,0.72,-0.692033493406329
2,slider,48,0.74,-0.6917390125854458
2,partial,48,0.66,-0.69103363634454
2,standard,49,0.66,-0.6902819809975429
2,projected,49,0.72,-0.6919853261169199
2,slider,49,0.72,-0.6916891637854383
2,partial,49,0.66,-0.6909812767396944
2,standard,50,0.64,-0.6903129957850745
2,projected,50,0.7,-0.6919582198426616
2,slider,50,0.74,-0.6916600246104729
2,partial,50,0.66,-0.6909823581515918
9,standard,0,0.42,-0.6931471803599452
9,projected,0,0.42,-0.6931471803599452
9,slider,0,0.42,-0.6931471803599452
9,partial,0,0.42,-0.6931471803599452
9,standard,1,0.74,-0.6930101323186975
9,projected,1,0.68,-0.6930601310695446
9,slider,1,0.66,-0.6930605135646987
9,partial,1,0.7,-0.6930352918243572
9,standard,2,0.58,-0.6930461524937195
9,projected,2,0.66,-0.6931147596956777
9,slider,2,0.62,-0.6931150727618116
9,partial,2,0.58,-0.6930805324994815
9,standard,3,0.66,-0.6928332199308739
9,projected,3,0.72,-0.6930308493132052
9,slider,3,0.7,-0.6930512265488354
9,partial,3,0.68,-0.69294220466007
9,standard,4,0.62,-0.6927202188854936
9,projected,4,0.68,-0.6930247957116619
9,slider,4,0.66,-0.6930399478198221
9,partial,4,0.66,-0.6928799720708971
9,standard,5,0.66,-0.6927206274929404
9,projected,5,0.7,-0.6930092742940304
9,slider,5,0.68,-0.6930251229005018
9,partial,5,0.68,-0.6928727844900416
9,standard,6,0.58,-0.6927399144986306
9,projected,6,0.72,-0.6929767810933152
9,slider,6,0.66,-0.6929958535301942
9,partial,6,0.64,-0.6928677583131786
9,standard,7,0.66,-0.6925232132002686
9,projected,7,0.72,-0.6929222116753305
9,slider,7,0.68,-0.6929526633804989
9,partial,7,0.7,-0.6927377626559277
9,standard,8,0.76,-0.6923158287316411
9,projected,8,0.76,-0.6928763067925974
9,slider,8,0.7,-0.6929018401257526
9,partial,8,0.74,-0.6926086654642171
9,standard,9,0.72,-0.6922507422124746
9,projected,9,0.74,-0.6928772296781098
9,slider,9,0.7,-0.6929018978800745
9,partial,9,0.74,-0.6925760970330573
9,standard,10,0.72,-0.6919892481313675
9,projected,10,0.72,-0.6928219762837163
9,slider,10,0.72,-0.6928670789881493
9,partial,10,0.72,-0.6924275664504553
9,standard,11,0.74,-0.6919197687041803
9,projected,11,0.72,-0.6927752351181649
9,slider,11,0.72,-0.6928228117420787
9,partial,11,0.72,-0.6923706750352551
9,standard,12,0.72,-0.6919450308499848
9,projected,12,0.7,-0.6927749347250263
9,slider,12,0.7,-0.6928209263122147
9,partial,12,0.72,-0.6923823765532715
9,standard,13,0.74,-0.6917194677696878
9,projected,13,0.72,-0.6926993608689809
9,slider,13,0.7,-0.6927563828777475
9,partial,13,0.72,-0.6922369771280049
9,standard,14,0.68,-0.6916827313966845
9,projected,14,0.72,-0.6926825223042963
9,slider,14,0.7,-0.6927402208190446
9,partial,14,0.72,-0.6922104843908702
9,standard,15,0.72,-0.6915117680879961
9,projected,15,0.7,-0.6925852144856443
9,slider,15,0.7,-0.6926915789447888
9,partial,15,0.74,-0.6921005182231336
9,standard,16,0.7,-0.6912788265587609
9,projected,16,0.72,-0.6924761362440088
9,slider,16,0.7,-0.6925803600160327
9,partial,16,0.72,-0.6919281980297844
9,standard,17,0.7,-0.6912322562910822
9,projected,17,0.68,-0.6924841227599932
9,slider,17,0.66,-0.6925900619324328
9,partial,17,0.72,-0.6919096992362518
9,standard,18,0.72,-0.6911818957407724
9,projected,18,0.7,-0.6924573750643149
9,slider,18,0.66,-0.6925675286678719
9,partial,18,0.74,-0.6918731812589455
9,standard,19,0.7,-0.6914500214534104
9,projected,19,0.68,-0.6924562432469878
9,slider,19,0.66,-0.692563565446946
9,partial,19,0.7,-0.6920051711960474
9,standard,20,0.64,-0.691272185074492
9,projected,20,0.7,-0.6923647112848704
9,slider,20,0.7,-0.692472738030066
9,partial,20,0.7,-0.6918706919237111
9,standard,21,0.72,-0.6911784397233189
9,projected,21,0.74,-0.6922954559845335
9,slider,21,0.64,-0.6924108993599701
9,partial,21,0.74,-0.6917928334667045
9,standard,22,0.7,-0.6910390104749322
9,projected,22,0.7,-0.6922847653039801
9,slider,22,0.68,-0.6924003747202321
9,partial,22,0.7,-0.6917176261277556
9,standard,23,0.7,-0.6910408795569342
9,projected,23,0.7,-0.6923271409198962
9,slider,23,0.68,-0.6924349476169932
9,partial,23,0.76,-0.6917359650107423
9,standard,24,0.72,-0.6910704262527483
9,projected,24,0.68,-0.6923704646016329
9,slider,24,0.72,-0.6924639261972151
9,partial,24,0.72,-0.6917651238034379
9,standard,25,0.7,-0.690772585257386
9,projected,25,0.72,-0.6923201942787104
9,slider,25,0.66,-0.6924205906813647
9,partial,25,0.78,-0.691594182696721
9,standard,26,0.74,-0.6906884922262411
9,projected,26,0.72,-0.6922685737611234
9,slider,26,0.66,-0.6923780309098819
9,partial,26,0.76,-0.6915310226911682
9,standard,27,0.72,-0.6906536693232315
9,projected,27,0.7,-0.6922222123828692
9,slider,27,0.66,-0.6923368090564932
9,partial,27,0.74,-0.691493047643151
9,standard,28,0.72,-0.6904991090456204
9,projected,28,0.72,-0.6921492891637455
9,slider,28,0.66,-0.6923039318688414
9,partial,28,0.72,-0.6913990146707013
9,standard,29,0.72,-0.6902324686177288
9,projected,29,0.7,-0.6920621739650639
9,slider,29,0.66,-0.6922202716214089
9,partial,29,0.72,-0.6912235682783425
9,standard,30,0.72,-0.6901051610688643
9,projected,30,0.68,-0.692103257771061
9,slider,30,0.66,-0.6922718670378083
9,partial,30,0.72,-0.6911851287816299
9,standard,31,0.7,-0.6901061625747604
9,projected,31,0.66,-0.6920736225961894
9,slider,31,0.68,-0.6922351763279986
9,partial,31,0.72,-0.6911672125615721
9,standard,32,0.66,-0.6902280685196106
9,projected,32,0.7,-0.6921031637413866
9,slider,32,0.66,-0.692258774583934
9,partial,32,0.68,-0.6912399765060536
9,standard,33,0.64,-0.6903837144507893
9,projected,33,0.7,-0.6921171296163208
9,slider,33,0.68,-0.6922767155253732
9,partial,33,0.66,-0.6913266788432256
9,standard,34,0.64,-0.6902539783633713
9,projected,34,0.72,-0.6920827963052046
9,slider,34,0.68,-0.6922623049845975
9,partial,34,0.68,-0.6912539790957798
9,standard,35,0.64,-0.6903487707855637
9,projected,35,0.7,-0.6920963463017064
9,slider,35,0.7,-0.6922656685908071
9,partial,35,0.68,-0.6913030642225477
9,standard,36,0.64,-0.6904040640576228
9,projected,36,0.72,-0.6921694232765163
9,slider,36,0.68,-0.6922831537128955
9,partial,36,0.66,-0.6913393593287722
9,standard,37,0.66,-0.690323932867102
9,projected,37,0.7,-0.6921653680252546
9,slider,37,0.76,-0.6922906540589235
9,partial,37,0.7,-0.6913028155099865
9,standard,38,0.64,-0.6902982902214895
9,projected,38,0.72,-0.6921458188109908
9,slider,38,0.8,-0.6923011196666642
9,partial,38,0.68,-0.6912950223302541
9,standard,39,0.68,-0.6901461074846654
9,projected,39,0.74,-0.6921156396872657
9,slider,39,0.78,-0.6922681428103352
9,partial,39,0.72,-0.6912024090064199
9,standard,40,0.66,-0.6900905200043248
9,projected,40,0.72,-0.6920561080696558
9,slider,40,0.76,-0.6922155563837739
9,partial,40,0.74,-0.6911483610964495
9,standard,41,0.68,-0.6899127828008247
9,projected,41,0.72,-0.6920149179320118
9,slider,41,0.76,-0.6921821850398127
9,partial,41,0.72,-0.6910422298394302
9,standard,42,0.66,-0.6899766914367431
9,projected,42,0.76,-0.6920427143654053
9,slider,42,0.76,-0.6922084648674902
9,partial,42,0.7,-0.69108746928326
9,standard,43,0.7,-0.6898916155834246
9,projected,43,0.76,-0.6920478348291875
9,slider,43,0.78,-0.6922138732902154
9,partial,43,0.7,-0.6910473999600488
9,standard,44,0.68,-0.6898238064740889
9,projected,44,0.76,-0.6920644725614526
9,slider,44,0.78,-0.6922297999148374
9,partial,44,0.72,-0.6910211902479972
9,standard,45,0.66,-0.6898827786791836
9,projected,45,0.76,-0.6921094721632166
9,slider,45,0.8,-0.6922666764097396
9,partial,45,0.64,-0.6910692168828347
9,standard,46,0.68,-0.689859151647015
9,projected,46,0.76,-0.6921111903429862
9,slider,46,0.8,-0.6922689440765832
9,partial,46,0.7,-0.6910586678786683
9,standard,47,0.68,-0.6899223037338804
9,projected,47,0.76,-0.6920694281788186
9,slider,47,0.82,-0.6922255698072394
9,partial,47,0.72,-0.6910687821515924
9,standard,48,0.7,-0.689805145471305
9,projected,48,0.76,-0.6919556144723551
9,slider,48,0.8,-0.6921498628713618
9,partial,48,0.74,-0.690972362033892
9,standard,49,0.72,-0.6896162313969834
9,projected,49,0.76,-0.6918595700099047
9,slider,49,0.8,-0.6920467332240308
9,partial,49,0.76,-0.6908258980997654
9,standard,50,0.72,-0.6895811215276947
9,projected,50,0.78,-0.6918257149580397
9,slider,50,0.78,-0.6920152753927433
9,partial,50,0.76,-0.6907925126805518
10,standard,0,0.44,-0.6931471803599452
10,projected,0,0.44,-0.6931471803599452
10,slider,0,0.44,-0.6931471803599452
10,partial,0,0.44,-0.6931471803599452
10,standard,1,0.44,-0.6931579490169875
10,projected,1,0.52,-0.6931540883804038
10,slider,1,0.6,-0.6931273090890616
10,partial,1,0.46,-0.6931426134825222
10,standard,2,0.34,-0.6933551739866443
10,projected,2,0.42,-0.6931609229434685
10,slider,2,0.6,-0.6931332278489372
10,partial,2,0.42,-0.6932441306512759
10,standard,3,0.38,-0.6934244372682994
10,projected,3,0.64,-0.693122872682251
10,slider,3,0.6,-0.6930978819784122
10,partial,3,0.5,-0.6932610453384828
10,standard,4,0.48,-0.6935046267471244
10,projected,4,0.54,-0.693113119233055
10,slider,4,0.52,-0.6930903360306562
10,partial,4,0.5,-0.6932973347016897
10,standard,5,0.42,-0.69372980988254
10,projected,5,0.5,-0.6931291010594904
10,slider,5,0.54,-0.6931023280300468
10,partial,5,0.48,-0.6934158641351951
10,standard,6,0.36,-0.6938118196544556
10,projected,6,0.46,-0.6931527099904496
10,slider,6,0.5,-0.6931265641233082
10,partial,6,0.36,-0.6934689618137019
10,standard,7,0.42,-0.6936573630118312
10,projected,7,0.56,-0.693139949573684
10,slider,7,0.56,-0.693112295813952
10,partial,7,0.42,-0.6933844971002785
10,standard,8,0.42,-0.6934524075373569
10,projected,8,0.6,-0.6931085997249459
10,slider,8,0.6,-0.6930818285079949
10,partial,8,0.46,-0.6932668711936054
10,standard,9,0.42,-0.693403709822631
10,projected,9,0.58,-0.6930934872447766
10,slider,9,0.58,-0.6930720220990502
10,partial,9,0.5,-0.6932375846771851
10,standard,10,0.42,-0.6933772517363915
10,projected,10,0.58,-0.6931114647528157
10,slider,10,0.56,-0.6930861564232538
10,partial,10,0.48,-0.6932311799097163
10,standard,11,0.46,-0.6932118685533937
10,projected,11,0.6,-0.6930821917670467
10,slider,11,0.56,-0.6930553174477758
10,partial,11,0.48,-0.6931326335059945
10,standard,12,0.44,-0.6931906487616338
10,projected,12,0.62,-0.6930629077114306
10,slider,12,0.58,-0.6930344164476946
10,partial,12,0.48,-0.693111505768826
10,standard,13,0.46,-0.6932959548180991
10,projected,13,0.56,-0.693050622999513
10,slider,13,0.58,-0.69301191509859
10,partial,13,0.46,-0.6931528349479654
10,standard,14,0.46,-0.6932483868435222
10,projected,14,0.62,-0.6930245001849846
10,slider,14,0.58,-0.6929857488445947
10,partial,14,0.48,-0.6931161603695923
10,standard,15,0.46,-0.6932797448254111
10,projected,15,0.58,-0.6930751250123076
10,slider,15,0.56,-0.6930366971958283
10,partial,15,0.5,-0.6931573663612193
10,standard,16,0.52,-0.692926237069353
10,projected,16,0.58,-0.693000841198961
10,slider,16,0.58,-0.6929570974258482
10,partial,16,0.52,-0.692940776065681
10,standard,17,0.58,-0.6925464436126593
10,projected,17,0.68,-0.692971393759484
10,slider,17,0.66,-0.6929262369859747
10,partial,17,0.6,-0.692735421462643
10,standard,18,0.64,-0.692130717661626
10,projected,18,0.68,-0.692909212904065
10,slider,18,0.72,-0.6928599489527282
10,partial,18,0.64,-0.6924939115099634
10,standard,19,0.68,-0.6920244717154528
10,projected,19,0.72,-0.6928791704647997
10,slider,19,0.74,-0.6928284705236942
10,partial,19,0.64,-0.6924249705024524
10,standard,20,0.66,-0.691784083343282
10,projected,20,0.64,-0.6928395850150956
10,slider,20,0.64,-0.6927873815136038
10,partial,20,0.68,-0.6922841747852965
10,standard,21,0.66,-0.6916962365162749
10,projected,21,0.66,-0.6928188430656832
10,slider,21,0.66,-0.6927632207043046
10,partial,21,0.68,-0.6922280166644329
10,standard,22,0.66,-0.691844696604254
10,projected,22,0.62,-0.6928608168562544
10,slider,22,0.64,-0.6928053352444051
10,partial,22,0.66,-0.6923233837557755
10,standard,23,0.7,-0.6916278352566807
10,projected,23,0.64,-0.6928755761061878
10,slider,23,0.64,-0.6928119132713172
10,partial,23,0.7,-0.6922182365033476
10,standard,24,0.66,-0.6915701534684555
10,projected,24,0.66,-0.6928509534904514
10,slider,24,0.64,-0.6927815244511234
10,partial,24,0.7,-0.6921739177971478
10,standard,25,0.66,-0.6915352159393313
10,projected,25,0.68,-0.6928317162504536
10,slider,25,0.64,-0.6927591383157953
10,partial,25,0.72,-0.6921450920333662
10,standard,26,0.68,-0.6913757102500918
10,projected,26,0.62,-0.6927822458198014
10,slider,26,0.64,-0.6927111362807001
10,partial,26,0.68,-0.6920410985991964
10,standard,27,0.68,-0.6912460517306077
10,projected,27,0.64,-0.6927773569702623
10,slider,27,0.64,-0.6927059643287445
10,partial,27,0.66,-0.6919732806083452
10,standard,28,0.68,-0.6910744246952365
10,projected,28,0.64,-0.6927882782350245
10,slider,28,0.68,-0.6927086413193991
10,partial,28,0.66,-0.6918887748059133
10,standard,29,0.66,-0.6908028694105436
10,projected,29,0.68,-0.6927275703679685
10,slider,29,0.74,-0.6926421615360776
10,partial,29,0.68,-0.6917189961203855
10,standard,30,0.74,-0.6906252455332696
10,projected,30,0.64,-0.6927090161417334
10,slider,30,0.7,-0.6926409274536798
10,partial,30,0.7,-0.6916294040618538
10,standard,31,0.76,-0.6902713281962911
10,projected,31,0.68,-0.6926659124283339
10,slider,31,0.7,-0.6925960778171969
10,partial,31,0.7,-0.6914290859290326
10,standard,32,0.74,-0.6903877388586236
10,projected,32,0.66,-0.6926714514781516
10,slider,32,0.66,-0.6925962791014674
10,partial,32,0.7,-0.6914874977481213
10,standard,33,0.74,-0.6904683282415869
10,projected,33,0.7,-0.6926510939322102
10,slider,33,0.68,-0.6925619451829362
10,partial,33,0.7,-0.6915105420227445
10,standard,34,0.74,-0.6902503717073601
10,projected,34,0.7,-0.6925891600484451
10,slider,34,0.72,-0.6924970239271526
10,partial,34,0.72,-0.691368910792832
10,standard,35,0.74,-0.6901731147990232
10,projected,35,0.68,-0.6925410779642412
10,slider,35,0.72,-0.6924429840233348
10,partial,35,0.7,-0.691302798547578
10,standard,36,0.72,-0.6903137209759227
10,projected,36,0.7,-0.692575505931226
10,slider,36,0.74,-0.6924711592519838
10,partial,36,0.7,-0.6913873712778735
10,standard,37,0.72,-0.6901695114543771
10,projected,37,0.7,-0.6925775147910508
10,slider,37,0.72,-0.6924657771430741
10,partial,37,0.7,-0.6913121528046179
10,standard,38,0.72,-0.6903270445208664
10,projected,38,0.68,-0.6926263139150355
10,slider,38,0.72,-0.6925094958956725
10,partial,38,0.72,-0.6914129157673691
10,standard,39,0.72,-0.6901862659316559
10,projected,39,0.74,-0.692647294158389
10,slider,39,0.72,-0.692519337983765
10,partial,39,0.72,-0.691347136316529
10,standard,40,0.74,-0.6900412530877663
10,projected,40,0.68,-0.6926132404997227
10,slider,40,0.7,-0.6924788502860735
10,partial,40,0.72,-0.6912540227570396
10,standard,41,0.74,-0.689883003637522
10,projected,41,0.68,-0.6925830885639863
10,slider,41,0.72,-0.6924474955726998
10,partial,41,0.74,-0.6911587809243851
10,standard,42,0.74,-0.6899709588775897
10,projected,42,0.64,-0.6925504172754163
10,slider,42,0.74,-0.6924103285903577
10,partial,42,0.72,-0.6911842626517192
10,standard,43,0.72,-0.6900023682441778
10,projected,43,0.7,-0.6925302704915803
10,slider,43,0.74,-0.6923770110731471
10,partial,43,0.72,-0.69118326594761
10,standard,44,0.72,-0.6901139186986921
10,projected,44,0.7,-0.6925594765585231
10,slider,44,0.74,-0.6924068482545911
10,partial,44,0.72,-0.6912539514975929
10,standard,45,0.72,-0.6900095093584565
10,projected,45,0.66,-0.6925238503666042
10,slider,45,0.74,-0.6923614044521544
10,partial,45,0.7,-0.6911788250581232
10,standard,46,0.7,-0.6900382955922388
10,projected,46,0.68,-0.6925399896485547
10,slider,46,0.74,-0.692373845205752
10,partial,46,0.74,-0.6911992651660541
10,standard,47,0.7,-0.6901684278422561
10,projected,47,0.72,-0.6925664860442208
10,slider,47,0.78,-0.6923883312377092
10,partial,47,0.72,-0.6912713904876443
10,standard,48,0.7,-0.6902670572366388
10,projected,48,0.74,-0.6926136432845134
10,slider,48,0.8,-0.6924314696644822
10,partial,48,0.72,-0.6913423845153033
10,standard,49,0.7,-0.6901791656887859
10,projected,49,0.74,-0.6925986782816332
10,slider,49,0.86,-0.6924213414279017
10,partial,49,0.72,-0.6912934497317331
10,standard,50,0.68,-0.6901630386194805
10,projected,50,0.74,-0.6925885074908033
10,slider,50,0.84,-0.6924115436620574
10,partial,50,0.74,-0.6912803345983157
11,standard,0,0.46,-0.6931471803599452
11,projected,0,0.46,-0.6931471803599452
11,slider,0,0.46,-0.6931471803599452
11,partial,0,0.46,-0.6931471803599452
11,standard,1,0.58,-0.6931022259806933
11,projected,1,0.52,-0.6931363701194131
11,slider,1,0.54,-0.693132877326542
11,partial,1,0.58,-0.6931175030815679
11,standard,2,0.48,-0.6931470471796076
11,projected,2,0.48,-0.6931690172632408
11,slider,2,0.54,-0.6931167238921878
11,partial,2,0.56,-0.693131732718601
11,standard,3,0.56,-0.6931063168786813
11,projected,3,0.58,-0.6931357543676058
11,slider,3,0.56,-0.6930797957075825
11,partial,3,0.5,-0.6930928813626676
11,standard,4,0.54,-0.6931347219064192
11,projected,4,0.52,-0.6931451910135473
11,slider,4,0.52,-0.6930853926868672
11,partial,4,0.56,-0.6931098346701856
11,standard,5,0.58,-0.6929853241813784
11,projected,5,0.58,-0.693100340166248
11,slider,5,0.64,-0.6930300992686981
11,partial,5,0.56,-0.6930076158291959
11,standard,6,0.56,-0.6930597639257806
11,projected,6,0.56,-0.6931289069056652
11,slider,6,0.58,-0.693056423430653
11,partial,6,0.56,-0.6930578713735354
11,standard,7,0.58,-0.6928071884339535
11,projected,7,0.6,-0.6930923864348127
11,slider,7,0.6,-0.693023069943441
11,partial,7,0.56,-0.692914781353135
11,standard,8,0.6,-0.6927080278107386
11,projected,8,0.64,-0.6930563189074767
11,slider,8,0.6,-0.6929818023232882
11,partial,8,0.54,-0.692844585539309
11,standard,9,0.62,-0.6926980210758654
11,projected,9,0.7,-0.6930384049928144
11,slider,9,0.62,-0.6929611448028694
11,partial,9,0.6,-0.6928291966757996
11,standard,10,0.62,-0.6926012090226323
11,projected,10,0.68,-0.6929958050692772
11,slider,10,0.66,-0.6929154028856911
11,partial,10,0.58,-0.6927578260199855
11,standard,11,0.56,-0.6926712416511991
11,projected,11,0.72,-0.6929787190119896
11,slider,11,0.68,-0.6928934405636198
11,partial,11,0.58,-0.6927818539726184
11,standard,12,0.56,-0.6924996637115471
11,projected,12,0.68,-0.6929559611165743
11,slider,12,0.7,-0.6928660572586688
11,partial,12,0.56,-0.6926821602513923
11,standard,13,0.56,-0.6925710149533915
11,projected,13,0.62,-0.6929548900025064
11,slider,13,0.64,-0.6928636655436259
11,partial,13,0.58,-0.6927164786477341
11,standard,14,0.58,-0.692432578285371
11,projected,14,0.68,-0.6929205624358262
11,slider,14,0.7,-0.692830192519126
11,partial,14,0.58,-0.6926303956078361
11,standard,15,0.6,-0.6923819747499169
11,projected,15,0.72,-0.6929314439475057
11,slider,15,0.7,-0.6928358050126181
11,partial,15,0.56,-0.6926080335257396
11,standard,16,0.58,-0.6922927699814397
11,projected,16,0.7,-0.6928927981634344
11,slider,16,0.68,-0.6927986037124512
11,partial,16,0.6,-0.6925447986867784
11,standard,17,0.58,-0.6920789750491487
11,projected,17,0.72,-0.69287441602303
11,slider,17,0.68,-0.6927764034418615
11,partial,17,0.62,-0.6924266395578726
11,standard,18,0.56,-0.6922984286736384
11,projected,18,0.7,-0.6929010966681787
11,slider,18,0.68,-0.6927816514836175
11,partial,18,0.6,-0.6925388429595918
11,standard,19,0.58,-0.692461639904352
11,projected,19,0.72,-0.6929070511773943
11,slider,19,0.68,-0.6927821589439982
11,partial,19,0.6,-0.6926207638128513
11,standard,20,0.6,-0.6924065678067766
11,projected,20,0.7,-0.6929203628031992
11,slider,20,0.7,-0.6927859258365519
11,partial,20,0.66,-0.6925951827523805
11,standard,21,0.6,-0.6923265742642005
11,projected,21,0.74,-0.6928782217125066
11,slider,21,0.66,-0.6927457149490844
11,partial,21,0.7,-0.6925350403277136
11,standard,22,0.6,-0.6922052888426411
11,projected,22,0.74,-0.6928465261331191
11,slider,22,0.66,-0.6927129625844597
11,partial,22,0.68,-0.6924579632496117
11,standard,23,0.6,-0.6922014303122452
11,projected,23,0.72,-0.6928432709001565
11,slider,23,0.66,-0.6927070436196351
11,partial,23,0.66,-0.6924530138772833
11,standard,24,0.58,-0.6921874790035031
11,projected,24,0.7,-0.6928661420223233
11,slider,24,0.66,-0.6927340933346234
11,partial,24,0.64,-0.6924595435513293
11,standard,25,0.58,-0.6921404005289216
11,projected,25,0.72,-0.6928393656706077
11,slider,25,0.64,-0.6927243412432594
11,partial,25,0.66,-0.6924307854040233
11,standard,26,0.56,-0.6921091478199771
11,projected,26,0.72,-0.6928499741018639
11,slider,26,0.64,-0.6927340185588444
11,partial,26,0.64,-0.6924197776431853
11,standard,27,0.6,-0.6920141783873937
11,projected,27,0.72,-0.6928464367398558
11,slider,27,0.64,-0.6927373176650049
11,partial,27,0.64,-0.6923736011964513
11,standard,28,0.6,-0.6920572081004029
11,projected,28,0.72,-0.6928334748444527
11,slider,28,0.64,-0.6927230070252378
11,partial,28,0.62,-0.6923876687403789
11,standard,29,0.62,-0.6920648817333445
11,projected,29,0.72,-0.6928288784895201
11,slider,29,0.64,-0.6927196226286148
11,partial,29,0.6,-0.6923898321883939
11,standard,30,0.6,-0.6921427191437186
11,projected,30,0.7,-0.6928157875221482
11,slider,30,0.64,-0.6927046383693756
11,partial,30,0.6,-0.6924213019143454
11,standard,31,0.6,-0.6918772159138912
11,projected,31,0.7,-0.6927647402405974
11,slider,31,0.66,-0.6926537480260376
11,partial,31,0.58,-0.6922621752349701
11,standard,32,0.58,-0.6920194378483256
11,projected,32,0.68,-0.6927445904551965
11,slider,32,0.68,-0.6926270416344493
11,partial,32,0.54,-0.6923199525731424
11,standard,33,0.6,-0.6917720664825382
11,projected,33,0.72,-0.692712951141375
11,slider,33,0.66,-0.6926056094562678
11,partial,33,0.52,-0.6921853002944077
11,standard,34,0.62,-0.6916666880895994
11,projected,34,0.7,-0.6926655277904946
11,slider,34,0.66,-0.692544716538941
11,partial,34,0.54,-0.692101966046834
11,standard,35,0.62,-0.6917198316573446
11,projected,35,0.7,-0.6926974558362557
11,slider,35,0.68,-0.6925319881299733
11,partial,35,0.58,-0.6921216550473275
11,standard,36,0.6,-0.6916972811371792
11,projected,36,0.72,-0.6926736879749191
11,slider,36,0.68,-0.6925090424429169
11,partial,36,0.58,-0.6920987724896693
11,standard,37,0.6,-0.6916846934388516
11,projected,37,0.7,-0.6926846573198044
11,slider,37,0.7,-0.6925138486948651
11,partial,37,0.58,-0.6920946987321596
11,standard,38,0.56,-0.6917147299825143
11,projected,38,0.68,-0.6926970571676471
11,slider,38,0.7,-0.69251809211544
11,partial,38,0.56,-0.6921117276957888
11,standard,39,0.6,-0.6915615841846591
11,projected,39,0.7,-0.6926744120108147
11,slider,39,0.7,-0.692490757955365
11,partial,39,0.58,-0.6920211452690669
11,standard,40,0.6,-0.6915955227864814
11,projected,40,0.7,-0.6926715070418089
11,slider,40,0.7,-0.6924835197605631
11,partial,40,0.58,-0.692034435169585
11,standard,41,0.62,-0.6915453011125989
11,projected,41,0.7,-0.6926521279683641
11,slider,41,0.7,-0.692464546838072
11,partial,41,0.6,-0.6919998725448783
11,standard,42,0.62,-0.6915772869127794
11,projected,42,0.68,-0.6926378075642902
11,slider,42,0.68,-0.6924408360512727
11,partial,42,0.6,-0.6920035489037342
11,standard,43,0.64,-0.6915076687319569
11,projected,43,0.68,-0.692626532131479
11,slider,43,0.7,-0.6924161792266663
11,partial,43,0.6,-0.6919562403406693
11,standard,44,0.64,-0.6914370079018438
11,projected,44,0.68,-0.692576816562413
11,slider,44,0.7,-0.69236108363467
11,partial,44,0.6,-0.6918934866488878
11,standard,45,0.58,-0.6914348093685783
11,projected,45,0.7,-0.692555379669932
11,slider,45,0.68,-0.6923306035046288
11,partial,45,0.58,-0.6918772535954889
11,standard,46,0.58,-0.69139666517422
11,projected,46,0.72,-0.6925556227478203
11,slider,46,0.68,-0.6923212716412651
11,partial,46,0.58,-0.6918532949115724
11,standard,47,0.58,-0.6913185772257421
11,projected,47,0.68,-0.6925521981724132
11,slider,47,0.7,-0.6923094015431182
11,partial,47,0.58,-0.6918080398802043
11,standard,48,0.56,-0.6915030642320984
11,projected,48,0.72,-0.6925511023325316
11,slider,48,0.7,-0.6923214001415555
11,partial,48,0.58,-0.6919059935344949
11,standard,49,0.58,-0.6913206456325561
11,projected,49,0.7,-0.6925337118027738
11,slider,49,0.7,-0.6923022797175239
11,partial,49,0.56,-0.6918052603688152
11,standard,50,0.58,-0.6912028245158953
11,projected,50,0.68,-0.6925100312943644
11,slider,50,0.7,-0.692275312626722
11,partial,50,0.56,-0.6917327038153316
6,standard,0,0.7,-0.6931471803599452
6,projected,0,0.7,-0.6931471803599452
6,slider,0,0.7,-0.6931471803599452
6,partial,0,0.7,-0.6931471803599452
6,standard,1,0.64,-0.6931109981496377
6,projected,1,0.52,-0.6931438219285662
6,slider,1,0.52,-0.693141827750659
6,partial,1,0.62,-0.6931263578411629
6,standard,2,0.48,-0.6931673180846896
6,projected,2,0.48,-0.6931745150430489
6,slider,2,0.5,-0.693167219712923
6,partial,2,0.44,-0.6931671799487349
6,standard,3,0.6,-0.6929092167933828
6,projected,3,0.48,-0.6931418816456408
6,slider,3,0.5,-0.6931353389372547
6,partial,3,0.56,-0.6930220806643451
6,standard,4,0.72,-0.6926786134018219
6,projected,4,0.58,-0.6930844433603838
6,slider,4,0.62,-0.6930666898245305
6,partial,4,0.68,-0.6928723468295724
6,standard,5,0.62,-0.6927870095684375
6,projected,5,0.62,-0.6931010385382766
6,slider,5,0.64,-0.6930734780669019
6,partial,5,0.64,-0.692929910092603
6,standard,6,0.64,-0.6928257663705398
6,projected,6,0.56,-0.693105812156212
6,slider,6,0.6,-0.6930800331153467
6,partial,6,0.62,-0.6929524994600514
6,standard,7,0.72,-0.6925674094147056
6,projected,7,0.62,-0.6930960550807481
6,slider,7,0.6,-0.693084174454397
6,partial,7,0.72,-0.6928253415494691
6,standard,8,0.74,-0.6922891689601052
6,projected,8,0.68,-0.693048398275786
6,slider,8,0.68,-0.6930361144885581
6,partial,8,0.72,-0.6926620045954078
6,standard,9,0.7,-0.6922612078072014
6,projected,9,0.68,-0.693006493428947
6,slider,9,0.7,-0.6929965578703817
6,partial,9,0.64,-0.6926281026225375
6,standard,10,0.64,-0.6921159949128104
6,projected,10,0.72,-0.6929933427025067
6,slider,10,0.72,-0.6929833483869037
6,partial,10,0.62,-0.6925484668698586
6,standard,11,0.68,-0.6919804312372204
6,projected,11,0.7,-0.6929638853515167
6,slider,11,0.7,-0.6929474190377591
6,partial,11,0.68,-0.6924627386304616
6,standard,12,0.7,-0.6918228434489031
6,projected,12,0.72,-0.6929167521445762
6,slider,12,0.7,-0.6928960337462509
6,partial,12,0.7,-0.6923582007866925
6,standard,13,0.72,-0.69172607676306
6,projected,13,0.72,-0.6929033598363074
6,slider,13,0.7,-0.6928754948474847
6,partial,13,0.7,-0.6922994253200889
6,standard,14,0.74,-0.6917275797481054
6,projected,14,0.68,-0.692914015496266
6,slider,14,0.68,-0.6928742764943426
6,partial,14,0.7,-0.6922996861122624
6,standard,15,0.72,-0.6917048420474194
6,projected,15,0.7,-0.6929305950131851
6,slider,15,0.7,-0.6928900167307407
6,partial,15,0.72,-0.6922961755607443
6,standard,16,0.72,-0.6915997192033789
6,projected,16,0.68,-0.6929106971633882
6,slider,16,0.66,-0.692869241081428
6,partial,16,0.72,-0.6922330495906166
6,standard,17,0.74,-0.6915839045386659
6,projected,17,0.64,-0.6928902425223019
6,slider,17,0.66,-0.6928412718619164
6,partial,17,0.7,-0.6922110841302299
6,standard,18,0.74,-0.6913979955928531
6,projected,18,0.66,-0.6928777284002209
6,slider,18,0.64,-0.6928187133650929
6,partial,18,0.68,-0.6921067959035995
6,standard,19,0.72,-0.6915241456932076
6,projected,19,0.64,-0.6929060603002973
6,slider,19,0.64,-0.6928500173993132
6,partial,19,0.64,-0.6921855373420225
6,standard,20,0.68,-0.6915296354436226
6,projected,20,0.64,-0.6928864490633354
6,slider,20,0.64,-0.6928273838954943
6,partial,20,0.68,-0.6921769053286126
6,standard,21,0.7,-0.6913603460254457
6,projected,21,0.66,-0.6928273332516153
6,slider,21,0.64,-0.6927698542696591
6,partial,21,0.7,-0.6920634435078317
6,standard,22,0.66,-0.6916013525498225
6,projected,22,0.68,-0.6928484830612525
6,slider,22,0.64,-0.692795230576067
6,partial,22,0.7,-0.6921965605834598
6,standard,23,0.66,-0.6916142605434672
6,projected,23,0.68,-0.692853463741013
6,slider,23,0.64,-0.6927965343738565
6,partial,23,0.7,-0.6922037090300279
6,standard,24,0.66,-0.691601776143909
6,projected,24,0.68,-0.6928576587594862
6,slider,24,0.66,-0.6928006452271157
6,partial,24,0.68,-0.69219935467244
6,standard,25,0.66,-0.6916750148405475
6,projected,25,0.68,-0.6928805070942528
6,slider,25,0.66,-0.6928122876676426
6,partial,25,0.68,-0.6922418358803715
6,standard,26,0.64,-0.691671637391928
6,projected,26,0.68,-0.692858054693354
6,slider,26,0.66,-0.6927865518883982
6,partial,26,0.7,-0.6922271786126108
6,standard,27,0.66,-0.6916216155371138
6,projected,27,0.68,-0.6928323764978555
6,slider,27,0.7,-0.6927590059775227
6,partial,27,0.7,-0.6921884048846435
6,standard,28,0.66,-0.691787628241765
6,projected,28,0.68,-0.6928766150822615
6,slider,28,0.68,-0.6927983928047103
6,partial,28,0.66,-0.6922911958093529
6,standard,29,0.66,-0.6919267353892211
6,projected,29,0.62,-0.6928890468274905
6,slider,29,0.66,-0.6928072727150716
6,partial,29,0.66,-0.6923651551850025
6,standard,30,0.66,-0.6917725447595676
6,projected,30,0.64,-0.6928785238953883
6,slider,30,0.66,-0.6927951634312847
6,partial,30,0.66,-0.6922821303492102
6,standard,31,0.68,-0.6917800167476265
6,projected,31,0.62,-0.6928769691915211
6,slider,31,0.64,-0.6927952345827549
6,partial,31,0.62,-0.6922858581498437
6,standard,32,0.64,-0.6920072700525247
6,projected,32,0.58,-0.6929342141714057
6,slider,32,0.62,-0.6928501282694358
6,partial,32,0.64,-0.692426931293373
6,standard,33,0.64,-0.6917843690526121
6,projected,33,0.6,-0.6929171183787309
6,slider,33,0.62,-0.6928347118937765
6,partial,33,0.62,-0.6923079524443214
6,standard,34,0.62,-0.69184077927726
6,projected,34,0.56,-0.6929750783667208
6,slider,34,0.64,-0.6927984562398083
6,partial,34,0.62,-0.6923180660241525
6,standard,35,0.62,-0.6918787342056838
6,projected,35,0.58,-0.6929525501052488
6,slider,35,0.62,-0.6927796977865214
6,partial,35,0.66,-0.6923277180998361
6,standard,36,0.62,-0.6917999017534073
6,projected,36,0.56,-0.6929372055107932
6,slider,36,0.62,-0.6927622997794809
6,partial,36,0.64,-0.6922794763877097
6,standard,37,0.58,-0.6919717610485268
6,projected,37,0.54,-0.692966426162009
6,slider,37,0.6,-0.6927871781636026
6,partial,37,0.62,-0.6923777978359645
6,standard,38,0.6,-0.6918619429387353
6,projected,38,0.58,-0.6929473540927457
6,slider,38,0.66,-0.6927329072704057
6,partial,38,0.62,-0.692295642722643
6,standard,39,0.6,-0.6918591562460705
6,projected,39,0.6,-0.6929552858205104
6,slider,39,0.66,-0.6927439284008924
6,partial,39,0.64,-0.692299598273695
6,standard,40,0.6,-0.6918623962302667
6,projected,40,0.6,-0.6929520760539613
6,slider,40,0.66,-0.6927356777234625
6,partial,40,0.64,-0.6922969597048599
6,standard,41,0.62,-0.691790863573546
6,projected,41,0.6,-0.6929550225932511
6,slider,41,0.66,-0.6927310371767597
6,partial,41,0.64,-0.6922587930340012
6,standard,42,0.6,-0.6918051883053857
6,projected,42,0.58,-0.6929435479660888
6,slider,42,0.66,-0.6927132088742547
6,partial,42,0.62,-0.6922571157466995
6,standard,43,0.6,-0.6918132855463228
6,projected,43,0.58,-0.6929694268560709
6,slider,43,0.66,-0.6927419618114241
6,partial,43,0.62,-0.6922755819326859
6,standard,44,0.62,-0.691785507464017
6,projected,44,0.58,-0.6929798128088942
6,slider,44,0.64,-0.6927538083585943
6,partial,44,0.62,-0.6922677147896539
6,standard,45,0.62,-0.6917876882533188
6,projected,45,0.56,-0.6929893012831075
6,slider,45,0.64,-0.6927517978792733
6,partial,45,0.64,-0.6922678133991969
6,standard,46,0.64,-0.6917525578608693
6,projected,46,0.58,-0.6929731332452144
6,slider,46,0.66,-0.6927383533577928
6,partial,46,0.64,-0.692243699168848
6,standard,47,0.66,-0.6915405700351481
6,projected,47,0.64,-0.6929544355539159
6,slider,47,0.68,-0.692719998816915
6,partial,47,0.66,-0.6921282544014511
6,standard,48,0.62,-0.6914712729428875
6,projected,48,0.64,-0.6928945266243588
6,slider,48,0.68,-0.6926551450464806
6,partial,48,0.66,-0.6920610911658411
6,standard,49,0.62,-0.6914710244269741
6,projected,49,0.64,-0.6929003894313439
6,slider,49,0.68,-0.6926532166745294
6,partial,49,0.68,-0.6920598507988962
6,standard,50,0.6,-0.6915194617323962
6,projected,50,0.64,-0.6929149654090793
6,slider,50,0.68,-0.6926698313484977
6,partial,50,0.68,-0.6920922560073247
13,standard,0,0.48,-0.6931471803599452
13,projected,0,0.48,-0.6931471803599452
13,slider,0,0.48,-0.6931471803599452
13,partial,0,0.48,-0.6931471803599452
13,standard,1,0.44,-0.693357670117123
13,projected,1,0.38,-0.6931564762972374
13,slider,1,0.48,-0.6931510250571954
13,partial,1,0.42,-0.6932542669933796
13,standard,2,0.46,-0.6933524051340182
13,projected,2,0.52,-0.6931398203584495
13,slider,2,0.58,-0.6931325788052797
13,partial,2,0.46,-0.693242344657542
13,standard,3,0.42,-0.6933852627160697
13,projected,3,0.48,-0.6931484110051263
13,slider,3,0.54,-0.6931411491016439
13,partial,3,0.42,-0.6932630595140377
13,standard,4,0.42,-0.6932446134976226
13,projected,4,0.5,-0.6931485443210491
13,slider,4,0.42,-0.6931353837747465
13,partial,4,0.42,-0.693189817775815
13,standard,5,0.44,-0.6932480225171409
13,projected,5,0.5,-0.6931751718128237
13,slider,5,0.46,-0.6931632241290194
13,partial,5,0.48,-0.6932053423035532
13,standard,6,0.5,-0.6933338130354741
13,projected,6,0.48,-0.6931660553992761
13,slider,6,0.58,-0.6931372127656209
13,partial,6,0.52,-0.6932351437473533
13,standard,7,0.54,-0.6931283699099778
13,projected,7,0.52,-0.6931361781007194
13,slider,7,0.62,-0.6931039149719891
13,partial,7,0.54,-0.6931156440023943
13,standard,8,0.52,-0.6932567789946305
13,projected,8,0.5,-0.6931004323425018
13,slider,8,0.58,-0.6930646947542708
13,partial,8,0.54,-0.6931601118165267
13,standard,9,0.48,-0.6933058045982575
13,projected,9,0.5,-0.6931347903510151
13,slider,9,0.62,-0.6930321444271744
13,partial,9,0.5,-0.6931682776634216
13,standard,10,0.5,-0.6933477564495669
13,projected,10,0.52,-0.6931620917769656
13,slider,10,0.6,-0.6929968694917129
13,partial,10,0.5,-0.69317160031107
13,standard,11,0.44,-0.6932910895656387
13,projected,11,0.52,-0.6931537090816756
13,slider,11,0.62,-0.6929856455382614
13,partial,11,0.48,-0.6931377304598796
13,standard,12,0.5,-0.69322664434628
13,projected,12,0.52,-0.6931049759625914
13,slider,12,0.62,-0.6929350090375017
13,partial,12,0.58,-0.6930801963309865
13,standard,13,0.56,-0.6931709037724112
13,projected,13,0.52,-0.6931147280190199
13,slider,13,0.64,-0.6929417821140547
13,partial,13,0.6,-0.6930558570887453
13,standard,14,0.52,-0.6931896421017432
13,projected,14,0.5,-0.6930906334971596
13,slider,14,0.66,-0.6929040876441257
13,partial,14,0.56,-0.6930462924910501
13,standard,15,0.54,-0.6931413154064255
13,projected,15,0.5,-0.69307295047049
13,slider,15,0.66,-0.6928856135170754
13,partial,15,0.56,-0.6930128959593987
13,standard,16,0.48,-0.693137311365668
13,projected,16,0.52,-0.6930515819474682
13,slider,16,0.66,-0.6928632710239245
13,partial,16,0.6,-0.6929997844865032
13,standard,17,0.54,-0.6929797627167456
13,projected,17,0.58,-0.6930029901336436
13,slider,17,0.64,-0.6928209086594066
13,partial,17,0.58,-0.6928997772582183
13,standard,18,0.52,-0.6929309733852661
13,projected,18,0.6,-0.6930041089904048
13,slider,18,0.64,-0.6928163712844558
13,partial,18,0.56,-0.69287318477003
13,standard,19,0.52,-0.6931091236024389
13,projected,19,0.6,-0.6929998674585818
13,slider,19,0.64,-0.6928114296148403
13,partial,19,0.58,-0.6929596982894326
13,standard,20,0.44,-0.6932281864059193
13,projected,20,0.54,-0.6930422425371755
13,slider,20,0.66,-0.6928525413979518
13,partial,20,0.56,-0.6930396836421394
13,standard,21,0.44,-0.6932680159777113
13,projected,21,0.6,-0.6930084656938004
13,slider,21,0.66,-0.6928187956327508
13,partial,21,0.52,-0.6930426774995955
13,standard,22,0.44,-0.6934086026923678
13,projected,22,0.58,-0.6930130090342478
13,slider,22,0.66,-0.6928141057107234
13,partial,22,0.52,-0.6931104834202148
13,standard,23,0.5,-0.693294033952493
13,projected,23,0.68,-0.6929764886189622
13,slider,23,0.62,-0.6927752480563635
13,partial,23,0.56,-0.6930337269093529
13,standard,24,0.48,-0.6931226001757037
13,projected,24,0.66,-0.6929233719908815
13,slider,24,0.62,-0.6927224603939376
13,partial,24,0.62,-0.6929217258664621
13,standard,25,0.46,-0.6932620265181443
13,projected,25,0.66,-0.6929441064859497
13,slider,25,0.6,-0.6927154445624868
13,partial,25,0.6,-0.6929879079284872
13,standard,26,0.52,-0.6931745871037375
13,projected,26,0.66,-0.6928882031148196
13,slider,26,0.6,-0.6926584296319409
13,partial,26,0.58,-0.6929155622113881
13,standard,27,0.48,-0.6931857053643492
13,projected,27,0.66,-0.6928507493369963
13,slider,27,0.62,-0.6926144394467154
13,partial,27,0.56,-0.6928991172049648
13,standard,28,0.5,-0.6931681237185039
13,projected,28,0.64,-0.6927945459470882
13,slider,28,0.62,-0.6925539028984267
13,partial,28,0.6,-0.6928600811322858
13,standard,29,0.42,-0.6931938562008598
13,projected,29,0.66,-0.6928142790398957
13,slider,29,0.66,-0.692575162575184
13,partial,29,0.58,-0.6928835494385914
13,standard,30,0.48,-0.6929368795237011
13,projected,30,0.66,-0.692826178378362
13,slider,30,0.64,-0.6925670302265914
13,partial,30,0.6,-0.6927512854024453
13,standard,31,0.48,-0.6929641669788867
13,projected,31,0.66,-0.6928150642165258
13,slider,31,0.62,-0.6925560968526131
13,partial,31,0.6,-0.6927593972837472
13,standard,32,0.44,-0.6930725334336091
13,projected,32,0.66,-0.6928271261057738
13,slider,32,0.64,-0.6925226412455728
13,partial,32,0.6,-0.6927968301092295
13,standard,33,0.46,-0.6930555419460498
13,projected,33,0.66,-0.6928503613791562
13,slider,33,0.64,-0.6925463026671603
13,partial,33,0.56,-0.6928001616573164
13,standard,34,0.46,-0.6932740567830014
13,projected,34,0.68,-0.692889980037377
13,slider,34,0.64,-0.6925838640250745
13,partial,34,0.48,-0.6929281594864074
13,standard,35,0.42,-0.6933030910738839
13,projected,35,0.64,-0.6929131425990296
13,slider,35,0.64,-0.6926061690781705
13,partial,35,0.48,-0.6929537455426944
13,standard,36,0.44,-0.6933563985991722
13,projected,36,0.68,-0.6929277153627931
13,slider,36,0.66,-0.6926037815640999
13,partial,36,0.5,-0.6929791342620368
13,standard,37,0.42,-0.6935666168403268
13,projected,37,0.68,-0.6929369990536027
13,slider,37,0.64,-0.6926100611149996
13,partial,37,0.44,-0.6930873440219384
13,standard,38,0.42,-0.6935421839065298
13,projected,38,0.72,-0.6929513002370559
13,slider,38,0.64,-0.6926240946240708
13,partial,38,0.46,-0.6930820179675087
13,standard,39,0.42,-0.6935728228381152
13,projected,39,0.68,-0.6929182899250584
13,slider,39,0.64,-0.6925898567645861
13,partial,39,0.44,-0.6930802826611497
13,standard,40,0.48,-0.6934496215251613
13,projected,40,0.7,-0.6929050519305465
13,slider,40,0.64,-0.6925766611211553
13,partial,40,0.5,-0.6930117623678087
13,standard,41,0.44,-0.6933852600346982
13,projected,41,0.7,-0.6928793540544025
13,slider,41,0.66,-0.6925487459501912
13,partial,41,0.48,-0.6929658700897912
13,standard,42,0.46,-0.693260013769398
13,projected,42,0.7,-0.6928631159743781
13,slider,42,0.64,-0.692530311092359
13,partial,42,0.48,-0.6928941354129908
13,standard,43,0.46,-0.6933791423154503
13,projected,43,0.66,-0.692849926278881
13,slider,43,0.66,-0.692491871531524
13,partial,43,0.54,-0.69293443835585
13,standard,44,0.5,-0.6931606471538676
13,projected,44,0.68,-0.6928355509125952
13,slider,44,0.66,-0.6924760110814567
13,partial,44,0.56,-0.6928177660788118
13,standard,45,0.48,-0.6931310937870262
13,projected,45,0.68,-0.6928398219355539
13,slider,45,0.64,-0.6924799989407202
13,partial,45,0.56,-0.6928050428060828
13,standard,46,0.5,-0.6929579245958459
13,projected,46,0.7,-0.6928303869122411
13,slider,46,0.66,-0.6924670041062508
13,partial,46,0.6,-0.6927120668636293
13,standard,47,0.52,-0.6928791429404513
13,projected,47,0.72,-0.6928661590943463
13,slider,47,0.64,-0.6924242709864784
13,partial,47,0.62,-0.6926511960673949
13,standard,48,0.5,-0.6930911954958465
13,projected,48,0.62,-0.692892400537452
13,slider,48,0.64,-0.6923966645721787
13,partial,48,0.58,-0.6927434564985012
13,standard,49,0.5,-0.6931356362165728
13,projected,49,0.66,-0.6929073742664197
13,slider,49,0.64,-0.6923848481224603
13,partial,49,0.54,-0.692759753828128
13,standard,50,0.48,-0.6930010279565907
13,projected,50,0.64,-0.6928809752421695
13,slider,50,0.64,-0.6923519858722682
13,partial,50,0.62,-0.6926759260968618
14,standard,0,0.66,-0.6931471803599452
14,projected,0,0.66,-0.6931471803599452
14,slider,0,0.66,-0.6931471803599452
14,partial,0,0.66,-0.6931471803599452
14,standard,1,0.48,-0.6932978307256534
14,projected,1,0.42,-0.6931567528560793
14,slider,1,0.46,-0.6931512955114789
14,partial,1,0.52,-0.6932244693453044
14,standard,2,0.6,-0.6931683564022354
14,projected,2,0.64,-0.6931226513310978
14,slider,2,0.62,-0.6931154185714881
14,partial,2,0.64,-0.693141751209144
14,standard,3,0.56,-0.6932180155026835
14,projected,3,0.58,-0.6930993891670789
14,slider,3,0.56,-0.6930913331120514
14,partial,3,0.6,-0.6931544840245059
14,standard,4,0.62,-0.6930511657921867
14,projected,4,0.62,-0.6930806177305939
14,slider,4,0.62,-0.6930667973277878
14,partial,4,0.66,-0.6930586942936465
14,standard,5,0.62,-0.6931566918084989
14,projected,5,0.62,-0.6930444019509732
14,slider,5,0.66,-0.6930176961339867
14,partial,5,0.66,-0.6930869186624183
14,standard,6,0.7,-0.6931237375005276
14,projected,6,0.62,-0.6930383635855932
14,slider,6,0.66,-0.6930108836315136
14,partial,6,0.66,-0.693067082648351
14,standard,7,0.68,-0.693044520526691
14,projected,7,0.62,-0.6930240762135098
14,slider,7,0.64,-0.6929906279275667
14,partial,7,0.66,-0.6930173111473045
14,standard,8,0.7,-0.6929299329380494
14,projected,8,0.64,-0.6930040164298158
14,slider,8,0.66,-0.6929694470628767
14,partial,8,0.7,-0.692949432960499
14,standard,9,0.72,-0.6929019067984616
14,projected,9,0.64,-0.6930118370171039
14,slider,9,0.62,-0.692973186062418
14,partial,9,0.68,-0.6929372255798958
14,standard,10,0.72,-0.6926967913929301
14,projected,10,0.62,-0.6929703874978894
14,slider,10,0.66,-0.6929305192624372
14,partial,10,0.7,-0.6928135522250375
14,standard,11,0.7,-0.6927024842246705
14,projected,11,0.64,-0.6929545246878643
14,slider,11,0.66,-0.6929131002089963
14,partial,11,0.7,-0.692807676889893
14,standard,12,0.68,-0.6927528912291426
14,projected,12,0.64,-0.6929322253326704
14,slider,12,0.66,-0.6928867668705208
14,partial,12,0.68,-0.6928196873387003
14,standard,13,0.66,-0.6925604166911045
14,projected,13,0.64,-0.6928841067158007
14,slider,13,0.64,-0.6928371653825518
14,partial,13,0.66,-0.6926984752133722
14,standard,14,0.62,-0.6925797766292816
14,projected,14,0.64,-0.6928814791250916
14,slider,14,0.66,-0.6928336780820412
14,partial,14,0.66,-0.6927063454017148
14,standard,15,0.62,-0.692392495927133
14,projected,15,0.62,-0.6928753222527869
14,slider,15,0.64,-0.6928282587072698
14,partial,15,0.7,-0.6926097203637714
14,standard,16,0.64,-0.6924451896860474
14,projected,16,0.62,-0.6928791801350465
14,slider,16,0.64,-0.6928239957401742
14,partial,16,0.62,-0.6926337554273487
14,standard,17,0.62,-0.6924298102283706
14,projected,17,0.64,-0.6928473023356276
14,slider,17,0.66,-0.6927894743871243
14,partial,17,0.62,-0.6926087622241464
14,standard,18,0.64,-0.6922611999407452
14,projected,18,0.64,-0.6928303356825564
14,slider,18,0.66,-0.6927696593024015
14,partial,18,0.66,-0.6925149311671948
14,standard,19,0.64,-0.6920821396738259
14,projected,19,0.66,-0.6928003089574861
14,slider,19,0.68,-0.6927364864412168
14,partial,19,0.64,-0.6924086884786107
14,standard,20,0.64,-0.6921321378358459
14,projected,20,0.66,-0.6928030185118337
14,slider,20,0.66,-0.692740039934138
14,partial,20,0.64,-0.6924353768650424
14,standard,21,0.6,-0.6921473196654212
14,projected,21,0.64,-0.6927974539787399
14,slider,21,0.66,-0.6927347598748186
14,partial,21,0.66,-0.6924401789121738
14,standard,22,0.58,-0.6921700637394863
14,projected,22,0.64,-0.6928129555360446
14,slider,22,0.66,-0.6927477510504911
14,partial,22,0.6,-0.692458002356766
14,standard,23,0.58,-0.6921808885531773
14,projected,23,0.64,-0.6928170788283657
14,slider,23,0.66,-0.6927399435136466
14,partial,23,0.6,-0.6924594766862084
14,standard,24,0.6,-0.6920848314193061
14,projected,24,0.64,-0.6928046829182697
14,slider,24,0.66,-0.6927268875147302
14,partial,24,0.62,-0.6924048253110413
14,standard,25,0.58,-0.6921273303486296
14,projected,25,0.64,-0.6928176209075592
14,slider,25,0.66,-0.6927268887735103
14,partial,25,0.64,-0.6924260927824898
14,standard,26,0.58,-0.6921725028626631
14,projected,26,0.62,-0.6928181678094392
14,slider,26,0.66,-0.6927218412321383
14,partial,26,0.64,-0.6924461386552946
14,standard,27,0.58,-0.6921888755295662
14,projected,27,0.64,-0.69279363979919
14,slider,27,0.68,-0.6926987351178576
14,partial,27,0.64,-0.6924428186687495
14,standard,28,0.62,-0.692034889017314
14,projected,28,0.64,-0.6927769710209154
14,slider,28,0.66,-0.6926715900966685
14,partial,28,0.66,-0.6923520707912975
14,standard,29,0.64,-0.6917430941156032
14,projected,29,0.64,-0.6927379874799614
14,slider,29,0.66,-0.6926293730859535
14,partial,29,0.68,-0.6921847922579093
14,standard,30,0.64,-0.6918135344163897
14,projected,30,0.64,-0.6927357981593112
14,slider,30,0.66,-0.6926160662590644
14,partial,30,0.68,-0.6922134288584509
14,standard,31,0.62,-0.6918982887359054
14,projected,31,0.64,-0.692720944369648
14,slider,31,0.66,-0.6925991672422963
14,partial,31,0.66,-0.6922472611426769
14,standard,32,0.62,-0.6920563613054932
14,projected,32,0.64,-0.6927006908802524
14,slider,32,0.66,-0.6925778261480957
14,partial,32,0.64,-0.692315511933562
14,standard,33,0.62,-0.6919585208494659
14,projected,33,0.64,-0.692699208970034
14,slider,33,0.66,-0.6925756164794207
14,partial,33,0.66,-0.6922650610929767
14,standard,34,0.64,-0.6918764274001997
14,projected,34,0.64,-0.6926932629485499
14,slider,34,0.66,-0.6925653506772521
14,partial,34,0.66,-0.6922188792141464
14,standard,35,0.62,-0.6918767170334457
14,projected,35,0.64,-0.6926816070076071
14,slider,35,0.66,-0.6925488902273341
14,partial,35,0.64,-0.6922106555787475
14,standard,36,0.64,-0.6918483315042395
14,projected,36,0.64,-0.6926612165435821
14,slider,36,0.68,-0.6925275034863908
14,partial,36,0.64,-0.6921857546315765
14,standard,37,0.64,-0.6918219296233679
14,projected,37,0.66,-0.6926494482413007
14,slider,37,0.68,-0.6925107611261064
14,partial,37,0.64,-0.6921641375278387
14,standard,38,0.64,-0.6916936034023584
14,projected,38,0.64,-0.6926429077642356
14,slider,38,0.68,-0.6925014570072964
14,partial,38,0.68,-0.692095401282792
14,standard,39,0.62,-0.6915295296980466
14,projected,39,0.64,-0.6926174650426071
14,slider,39,0.68,-0.6924712518614701
14,partial,39,0.66,-0.6919978795719072
14,standard,40,0.62,-0.6915262013630918
14,projected,40,0.64,-0.6926107790226324
14,slider,40,0.68,-0.6924601643009565
14,partial,40,0.66,-0.69199060765637
14,standard,41,0.6,-0.6914280534710953
14,projected,41,0.66,-0.6925919286441108
14,slider,41,0.68,-0.6924394251048166
14,partial,41,0.64,-0.6919307290412945
14,standard,42,0.64,-0.6912579720543854
14,projected,42,0.7,-0.692556270591145
14,slider,42,0.68,-0.6924033455360488
14,partial,42,0.62,-0.6918279715523742
14,standard,43,0.62,-0.6912486820040173
14,projected,43,0.7,-0.6925657025089155
14,slider,43,0.68,-0.6924023154314175
14,partial,43,0.62,-0.6918227193132043
14,standard,44,0.66,-0.69118878669736
14,projected,44,0.72,-0.6925519515074201
14,slider,44,0.68,-0.6923894542253335
14,partial,44,0.64,-0.6917864450611363
14,standard,45,0.68,-0.6911508759209384
14,projected,45,0.72,-0.6925476219928695
14,slider,45,0.68,-0.6923842716867925
14,partial,45,0.64,-0.6917648111024333
14,standard,46,0.68,-0.6909350063731101
14,projected,46,0.66,-0.6925418777419908
14,slider,46,0.68,-0.6923777402792725
14,partial,46,0.64,-0.6916530750145636
14,standard,47,0.64,-0.6910936141032252
14,projected,47,0.66,-0.6925388983519963
14,slider,47,0.68,-0.6923676589215545
14,partial,47,0.64,-0.6917275365845152
14,standard,48,0.62,-0.6910315047828272
14,projected,48,0.66,-0.6925071837583185
14,slider,48,0.68,-0.6923358824828209
14,partial,48,0.6,-0.6916805650910277
14,standard,49,0.64,-0.691002609341412
14,projected,49,0.7,-0.6925108251459161
14,slider,49,0.68,-0.6923317375841451
14,partial,49,0.6,-0.6916640795003969
14,standard,50,0.64,-0.6908441539403658
14,projected,50,0.7,-0.6924993854224262
14,slider,50,0.68,-0.6923194420944861
14,partial,50,0.58,-0.6915786876646832
15,standard,0,0.52,-0.6931471803599452
15,projected,0,0.52,-0.6931471803599452
15,slider,0,0.52,-0.6931471803599452
15,partial,0,0.52,-0.6931471803599452
15,standard,1,0.5,-0.6928508195716166
15,projected,1,0.58,-0.6931379947295322
15,slider,1,0.56,-0.6931331440907447
15,partial,1,0.56,-0.6929919024884323
15,standard,2,0.58,-0.6929775220817982
15,projected,2,0.48,-0.6931536828801712
15,slider,2,0.44,-0.6931566906863467
15,partial,2,0.52,-0.6930669823138405
15,standard,3,0.54,-0.6929200589104447
15,projected,3,0.6,-0.6931176274180912
15,slider,3,0.7,-0.6931150601984026
15,partial,3,0.56,-0.6930173971454847
15,standard,4,0.62,-0.692719189218555
15,projected,4,0.76,-0.6930195383905768
15,slider,4,0.76,-0.6930154860495646
15,partial,4,0.68,-0.6928671390259626
15,standard,5,0.8,-0.692304141559568
15,projected,5,0.86,-0.692913947638559
15,slider,5,0.84,-0.6929123023874568
15,partial,5,0.88,-0.6926081712069031
15,standard,6,0.82,-0.6921694861092575
15,projected,6,0.82,-0.6928263073112357
15,slider,6,0.86,-0.6928075285566784
15,partial,6,0.82,-0.6924884354109586
15,standard,7,0.84,-0.691991689837687
15,projected,7,0.84,-0.6927758784310295
15,slider,7,0.88,-0.6927555407377325
15,partial,7,0.86,-0.6923734287479455
15,standard,8,0.82,-0.6916890376886542
15,projected,8,0.84,-0.6926792131155277
15,slider,8,0.86,-0.6926433176432605
15,partial,8,0.84,-0.692165699432802
15,standard,9,0.78,-0.691719427853344
15,projected,9,0.82,-0.6926102893463134
15,slider,9,0.86,-0.6925719923035559
15,partial,9,0.78,-0.6921451903123049
15,standard,10,0.78,-0.6917206162512535
15,projected,10,0.82,-0.6925791335948164
15,slider,10,0.84,-0.6925387340187693
15,partial,10,0.78,-0.6921291216164919
15,standard,11,0.78,-0.6915347750333021
15,projected,11,0.82,-0.6924872160144556
15,slider,11,0.86,-0.6924450617790002
15,partial,11,0.78,-0.6919892958387895
15,standard,12,0.76,-0.6913273885582665
15,projected,12,0.84,-0.6924363953280807
15,slider,12,0.88,-0.6923794249025615
15,partial,12,0.8,-0.6918525709401391
15,standard,13,0.74,-0.6912493889911427
15,projected,13,0.86,-0.6924041119142721
15,slider,13,0.9,-0.6923348224554186
15,partial,13,0.78,-0.6917911494930392
15,standard,14,0.74,-0.6911359802811097
15,projected,14,0.86,-0.6923553919509737
15,slider,14,0.9,-0.6922775014667508
15,partial,14,0.78,-0.6917057059445587
15,standard,15,0.74,-0.6909263646160794
15,projected,15,0.86,-0.6922704712529674
15,slider,15,0.88,-0.6921909628776081
15,partial,15,0.76,-0.6915573705614041
15,standard,16,0.76,-0.6909098611133677
15,projected,16,0.86,-0.6922159064769805
15,slider,16,0.9,-0.692124096512901
15,partial,16,0.78,-0.6915156946343839
15,standard,17,0.76,-0.6908593846530791
15,projected,17,0.88,-0.6921449632808087
15,slider,17,0.88,-0.6920388848635252
15,partial,17,0.78,-0.6914478232697752
15,standard,18,0.78,-0.6905709770405251
15,projected,18,0.88,-0.6920491507581993
15,slider,18,0.9,-0.6919407813213823
15,partial,18,0.8,-0.6912542469671602
15,standard,19,0.78,-0.6904032760688082
15,projected,19,0.88,-0.692001339900219
15,slider,19,0.9,-0.6918909508788488
15,partial,19,0.78,-0.6911454420360282
15,standard,20,0.74,-0.6903927976118748
15,projected,20,0.88,-0.691937412434986
15,slider,20,0.9,-0.6918241306986356
15,partial,20,0.76,-0.69110671030899
15,standard,21,0.74,-0.6901971497116476
15,projected,21,0.88,-0.6919238419542058
15,slider,21,0.9,-0.6918050726886432
15,partial,21,0.76,-0.6909987348955812
15,standard,22,0.76,-0.6898907687173892
15,projected,22,0.84,-0.6917671846841061
15,slider,22,0.9,-0.6916590723875434
15,partial,22,0.76,-0.6907724719454569
15,standard,23,0.76,-0.6897787724105859
15,projected,23,0.86,-0.691733062032317
15,slider,23,0.9,-0.6916120834418662
15,partial,23,0.76,-0.6906927963342143
15,standard,24,0.74,-0.6896156381478323
15,projected,24,0.86,-0.6917392252461321
15,slider,24,0.88,-0.6916061119742443
15,partial,24,0.76,-0.6906081700061749
15,standard,25,0.74,-0.6897097344643079
15,projected,25,0.86,-0.6918039820095668
15,slider,25,0.9,-0.6916635046668865
15,partial,25,0.76,-0.6906839658074913
15,standard,26,0.74,-0.6897753618243989
15,projected,26,0.86,-0.6917970701887832
15,slider,26,0.9,-0.6916554728957088
15,partial,26,0.76,-0.6907128395818549
15,standard,27,0.74,-0.6896999667587568
15,projected,27,0.86,-0.6917653484516622
15,slider,27,0.9,-0.6916220175942278
15,partial,27,0.76,-0.6906584140958804
15,standard,28,0.74,-0.6896505655241191
15,projected,28,0.86,-0.6917359788501933
15,slider,28,0.9,-0.6915835599478064
15,partial,28,0.76,-0.6906143289323375
15,standard,29,0.76,-0.6894670904273673
15,projected,29,0.86,-0.6916612290300941
15,slider,29,0.88,-0.6914948328075455
15,partial,29,0.76,-0.6904781205571967
15,standard,30,0.76,-0.6894367938557012
15,projected,30,0.86,-0.6916064169995813
15,slider,30,0.88,-0.6914381088871996
15,partial,30,0.76,-0.6904346327543103
15,standard,31,0.76,-0.6896719184544311
15,projected,31,0.84,-0.6916381483942736
15,slider,31,0.88,-0.6914232869840383
15,partial,31,0.76,-0.6905449001131012
15,standard,32,0.76,-0.6896046504935514
15,projected,32,0.84,-0.6915942377802808
15,slider,32,0.86,-0.6913772283716659
15,partial,32,0.76,-0.6904882790121653
15,standard,33,0.76,-0.6895117208856394
15,projected,33,0.84,-0.6915178868316185
15,slider,33,0.86,-0.6912965912033862
15,partial,33,0.78,-0.6904014118945893
15,standard,34,0.76,-0.6894442056468059
15,projected,34,0.84,-0.6915350906342737
15,slider,34,0.86,-0.691287292736822
15,partial,34,0.76,-0.6903629401364404
15,standard,35,0.76,-0.6894225404267218
15,projected,35,0.84,-0.6915166819631096
15,slider,35,0.86,-0.6912603768511899
15,partial,35,0.8,-0.6903385729869005
15,standard,36,0.78,-0.6893121691132857
15,projected,36,0.84,-0.6914265984508843
15,slider,36,0.84,-0.691188799382374
15,partial,36,0.8,-0.6902475229869832
15,standard,37,0.74,-0.6893285183177521
15,projected,37,0.84,-0.6913837618168457
15,slider,37,0.86,-0.6911483667530378
15,partial,37,0.78,-0.6902355358991155
15,standard,38,0.72,-0.689246818477282
15,projected,38,0.84,-0.6913164933243285
15,slider,38,0.86,-0.6910806456579188
15,partial,38,0.78,-0.6901606730871922
15,standard,39,0.72,-0.6892729039943972
15,projected,39,0.84,-0.6912852301972313
15,slider,39,0.86,-0.6910514482972681
15,partial,39,0.8,-0.6901589183223874
15,standard,40,0.74,-0.6893888699270656
15,projected,40,0.84,-0.6912928318963222
15,slider,40,0.84,-0.6910507827648235
15,partial,40,0.78,-0.6902165684579235
15,standard,41,0.76,-0.6891476255963167
15,projected,41,0.84,-0.6912313893649766
15,slider,41,0.86,-0.6909906801497989
15,partial,41,0.76,-0.6900657007997921
15,standard,42,0.74,-0.6892420868969182
15,projected,42,0.84,-0.6912393956435249
15,slider,42,0.84,-0.6910064732510353
15,partial,42,0.76,-0.6901209553065858
15,standard,43,0.74,-0.6893263040638842
15,projected,43,0.84,-0.6912630924500381
15,slider,43,0.86,-0.6909071525589334
15,partial,43,0.78,-0.6901135911481602
15,standard,44,0.76,-0.6893128622701461
15,projected,44,0.84,-0.6912036399932482
15,slider,44,0.84,-0.6908393054748381
15,partial,44,0.8,-0.6900730059001191
15,standard,45,0.76,-0.6893654904943238
15,projected,45,0.86,-0.691161887364931
15,slider,45,0.84,-0.6907504267774708
15,partial,45,0.8,-0.6900549864013091
15,standard,46,0.76,-0.6894724963449755
15,projected,46,0.86,-0.6911630972837071
15,slider,46,0.84,-0.6907452212429657
15,partial,46,0.82,-0.6901060092590686
15,standard,47,0.78,-0.6891981259406026
15,projected,47,0.84,-0.6911191300396805
15,slider,47,0.84,-0.6906995448694666
15,partial,47,0.82,-0.6899457220745121
15,standard,48,0.76,-0.6891811544371257
15,projected,48,0.84,-0.6911179573159448
15,slider,48,0.82,-0.6906880465381324
15,partial,48,0.8,-0.6899312531693065
15,standard,49,0.76,-0.6891939983671375
15,projected,49,0.84,-0.6911370491847155
15,slider,49,0.82,-0.6907155832765686
15,partial,49,0.78,-0.6899515755676207
15,standard,50,0.76,-0.6890296566185116
15,projected,50,0.82,-0.6910697933895469
15,slider,50,0.82,-0.6906281871317151
15,partial,50,0.78,-0.6898253683655712
16,standard,0,0.7,-0.6931471803599452
16,projected,0,0.7,-0.6931471803599452
16,slider,0,0.7,-0.6931471803599452
16,partial,0,0.7,-0.6931471803599452
16,standard,1,0.44,-0.6932125465582298
16,projected,1,0.54,-0.693148325667151
16,slider,1,0.54,-0.6931464992412565
16,partial,1,0.48,-0.6931794775922774
16,standard,2,0.52,-0.6931126736783092
16,projected,2,0.52,-0.6931277748937055
16,slider,2,0.58,-0.6931145492752988
16,partial,2,0.52,-0.693113523807003
16,standard,3,0.46,-0.6931169394960073
16,projected,3,0.52,-0.6931239832647503
16,slider,3,0.52,-0.693105064591514
16,partial,3,0.46,-0.6931108475375778
16,standard,4,0.44,-0.6932255569009068
16,projected,4,0.52,-0.6931322969836249
16,slider,4,0.54,-0.6931062114472861
16,partial,4,0.44,-0.6931657038281732
16,standard,5,0.46,-0.693119690873357
16,projected,5,0.54,-0.6931187203309471
16,slider,5,0.54,-0.6930928978808576
16,partial,5,0.48,-0.6931061869748458
16,standard,6,0.42,-0.6932850467239584
16,projected,6,0.52,-0.6931275723502129
16,slider,6,0.54,-0.6930977144277207
16,partial,6,0.42,-0.6931911885030102
16,standard,7,0.42,-0.6932589554103301
16,projected,7,0.62,-0.6930817420423172
16,slider,7,0.64,-0.6930491222046221
16,partial,7,0.48,-0.6931537175932166
16,standard,8,0.42,-0.6932186038588125
16,projected,8,0.64,-0.693071421041949
16,slider,8,0.68,-0.6930400563686256
16,partial,8,0.46,-0.6931290162147257
16,standard,9,0.44,-0.6932061048652178
16,projected,9,0.6,-0.6930564901096051
16,slider,9,0.64,-0.6930091997573199
16,partial,9,0.46,-0.6931072664046353
16,standard,10,0.4,-0.6933497739787906
16,projected,10,0.54,-0.6930948480185143
16,slider,10,0.66,-0.693002856293563
16,partial,10,0.48,-0.6931757468712145
16,standard,11,0.44,-0.6933747418021522
16,projected,11,0.62,-0.6930434934801886
16,slider,11,0.64,-0.6929434093750989
16,partial,11,0.5,-0.693158486725011
16,standard,12,0.44,-0.6934314024988163
16,projected,12,0.64,-0.6930591207632105
16,slider,12,0.64,-0.6929545500826122
16,partial,12,0.44,-0.6931922709443183
16,standard,13,0.44,-0.6936288881044708
16,projected,13,0.54,-0.6930751001465942
16,slider,13,0.64,-0.692965129214674
16,partial,13,0.48,-0.693296175899044
16,standard,14,0.46,-0.6936940120447488
16,projected,14,0.6,-0.6930647779406713
16,slider,14,0.64,-0.6929491579352891
16,partial,14,0.48,-0.693320736396094
16,standard,15,0.46,-0.6936759593690099
16,projected,15,0.62,-0.6930510972020854
16,slider,15,0.66,-0.692937516263047
16,partial,15,0.5,-0.6933059215644175
16,standard,16,0.44,-0.6936716096978115
16,projected,16,0.62,-0.6930449199400587
16,slider,16,0.66,-0.6929311601857847
16,partial,16,0.52,-0.6933003440782022
16,standard,17,0.44,-0.693611426705873
16,projected,17,0.66,-0.693039692523428
16,slider,17,0.66,-0.6929201702510729
16,partial,17,0.46,-0.6932648756837395
16,standard,18,0.48,-0.6933710887277073
16,projected,18,0.66,-0.6930104147931969
16,slider,18,0.7,-0.6928778087073887
16,partial,18,0.5,-0.6931239266367533
16,standard,19,0.5,-0.6931941305183504
16,projected,19,0.66,-0.6930046213820447
16,slider,19,0.68,-0.6928725191738407
16,partial,19,0.52,-0.693032872101972
16,standard,20,0.46,-0.6932073554268661
16,projected,20,0.64,-0.6930028497946484
16,slider,20,0.68,-0.6928709720372369
16,partial,20,0.5,-0.6930384741386177
16,standard,21,0.5,-0.6929970680210996
16,projected,21,0.66,-0.6929539679642773
16,slider,21,0.72,-0.6928158077923672
16,partial,21,0.48,-0.6929055819426876
16,standard,22,0.54,-0.6928137107104524
16,projected,22,0.68,-0.6929586915588466
16,slider,22,0.72,-0.6928165794331644
16,partial,22,0.56,-0.6928144030735736
16,standard,23,0.58,-0.6925002208431765
16,projected,23,0.68,-0.6929383276898602
16,slider,23,0.68,-0.692792774981368
16,partial,23,0.58,-0.6926454738447251
16,standard,24,0.58,-0.6924997076147901
16,projected,24,0.66,-0.6929123317419257
16,slider,24,0.7,-0.6927610192686234
16,partial,24,0.58,-0.6926293309830186
16,standard,25,0.56,-0.6924264510350859
16,projected,25,0.64,-0.6929226573033492
16,slider,25,0.7,-0.692757598428038
16,partial,25,0.56,-0.6925905006673198
16,standard,26,0.56,-0.6921461298471167
16,projected,26,0.66,-0.6929156910976016
16,slider,26,0.7,-0.6927436236339733
16,partial,26,0.58,-0.6924434416042738
16,standard,27,0.56,-0.6921351962915985
16,projected,27,0.68,-0.6929235903935477
16,slider,27,0.66,-0.6927443706812723
16,partial,27,0.56,-0.6924380448038285
16,standard,28,0.56,-0.6919466631618083
16,projected,28,0.68,-0.6929038123987751
16,slider,28,0.72,-0.6927177792462328
16,partial,28,0.56,-0.6923304185616347
16,standard,29,0.56,-0.6919889526117785
16,projected,29,0.7,-0.6928758294890278
16,slider,29,0.72,-0.6926857446157169
16,partial,29,0.56,-0.6923355330396153
16,standard,30,0.58,-0.6919815108248222
16,projected,30,0.74,-0.6928373837961207
16,slider,30,0.72,-0.692646491409207
16,partial,30,0.56,-0.6923120325097813
16,standard,31,0.58,-0.6917944981904298
16,projected,31,0.72,-0.6927833922443374
16,slider,31,0.72,-0.6925886586022614
16,partial,31,0.58,-0.6921888441840923
16,standard,32,0.6,-0.6914473498954794
16,projected,32,0.72,-0.6927274578155095
16,slider,32,0.72,-0.6925245678127173
16,partial,32,0.6,-0.6919823673415987
16,standard,33,0.58,-0.6914598805509626
16,projected,33,0.74,-0.6927325418744129
16,slider,33,0.72,-0.6925170681660344
16,partial,33,0.62,-0.6919845991246376
16,standard,34,0.56,-0.6914324934984625
16,projected,34,0.76,-0.692733102194255
16,slider,34,0.72,-0.6925188965766819
16,partial,34,0.6,-0.6919714879316696
16,standard,35,0.58,-0.6913522646124545
16,projected,35,0.78,-0.692722546970924
16,slider,35,0.7,-0.6925011104711934
16,partial,35,0.62,-0.6919227284592375
16,standard,36,0.62,-0.6910900177897801
16,projected,36,0.78,-0.6926761377130116
16,slider,36,0.7,-0.6924472112618635
16,partial,36,0.62,-0.6917640626170409
16,standard,37,0.6,-0.6908773727015827
16,projected,37,0.78,-0.6926404526635249
16,slider,37,0.7,-0.6924047531621832
16,partial,37,0.64,-0.69163633898144
16,standard,38,0.62,-0.6909285040207852
16,projected,38,0.78,-0.6926469947774553
16,slider,38,0.72,-0.6924091693488132
16,partial,38,0.62,-0.6916640781273571
16,standard,39,0.58,-0.6910407116097658
16,projected,39,0.76,-0.6926701249488434
16,slider,39,0.72,-0.6924234718703763
16,partial,39,0.62,-0.6917272018228955
16,standard,40,0.6,-0.6911774100932183
16,projected,40,0.76,-0.6926754122019259
16,slider,40,0.7,-0.6924310290489014
16,partial,40,0.6,-0.6917994008846685
16,standard,41,0.58,-0.6911369993957814
16,projected,41,0.76,-0.6926587605960934
16,slider,41,0.7,-0.6924093938194821
16,partial,41,0.6,-0.6917681247244117
16,standard,42,0.58,-0.6909917562623115
16,projected,42,0.72,-0.6926464336634672
16,slider,42,0.7,-0.6923963435565105
16,partial,42,0.6,-0.6916881944370824
16,standard,43,0.6,-0.6909421994298723
16,projected,43,0.72,-0.6926390672302938
16,slider,43,0.7,-0.6923849582452318
16,partial,43,0.58,-0.6916571461019158
16,standard,44,0.6,-0.6909090106394881
16,projected,44,0.76,-0.6926228322601026
16,slider,44,0.7,-0.6923554279600144
16,partial,44,0.62,-0.6916258469541694
16,standard,45,0.6,-0.6908949022305833
16,projected,45,0.76,-0.692607468483911
16,slider,45,0.7,-0.6923273598082745
16,partial,45,0.6,-0.6916048000394954
16,standard,46,0.58,-0.6908811278926091
16,projected,46,0.76,-0.6925762199417888
16,slider,46,0.72,-0.6922935345549093
16,partial,46,0.64,-0.6915807012442277
16,standard,47,0.58,-0.6908095277788046
16,projected,47,0.76,-0.692574520232053
16,slider,47,0.72,-0.6922905571399599
16,partial,47,0.68,-0.6915431694826397
16,standard,48,0.58,-0.6907586015607952
16,projected,48,0.76,-0.6925896765218124
16,slider,48,0.7,-0.6922991696466322
16,partial,48,0.62,-0.6915220300863035
16,standard,49,0.62,-0.6906908126853104
16,projected,49,0.76,-0.6926155384783932
16,slider,49,0.72,-0.6923185580402214
16,partial,49,0.62,-0.6914978076099974
16,standard,50,0.6,-0.6908654973721932
16,projected,50,0.74,-0.6926360672308587
16,slider,50,0.72,-0.6923310732853649
16,partial,50,0.64,-0.6915914792480554
17,standard,0,0.4,-0.6931471803599452
17,projected,0,0.4,-0.6931471803599452
17,slider,0,0.4,-0.6931471803599452
17,partial,0,0.4,-0.6931471803599452
17,standard,1,0.46,-0.6930876614380748
17,projected,1,0.54,-0.693134911973186
17,slider,1,0.6,-0.6931375295420125
17,partial,1,0.54,-0.6931125596078488
17,standard,2,0.54,-0.6928939329911994
17,projected,2,0.64,-0.693076937293975
17,slider,2,0.76,-0.6930825156200362
17,partial,2,0.54,-0.6929880805748119
17,standard,3,0.54,-0.6929265407221377
17,projected,3,0.56,-0.6930838771008397
17,slider,3,0.68,-0.6930639868129461
17,partial,3,0.58,-0.6929950693346896
17,standard,4,0.54,-0.6928517019814842
17,projected,4,0.68,-0.6930723106463732
17,slider,4,0.6,-0.693061849744236
17,partial,4,0.6,-0.6929565215033745
17,standard,5,0.56,-0.6927936251863903
17,projected,5,0.62,-0.6930008559650215
17,slider,5,0.66,-0.6929884633658804
17,partial,5,0.6,-0.6928906968513796
17,standard,6,0.58,-0.6928030596229405
17,projected,6,0.62,-0.692980315794152
17,slider,6,0.58,-0.6929928387667309
17,partial,6,0.6,-0.6928975268972498
17,standard,7,0.56,-0.6926331085135167
17,projected,7,0.6,-0.6929860336771033
17,slider,7,0.62,-0.6929765820727367
17,partial,7,0.56,-0.6928043398033007
17,standard,8,0.58,-0.6925842667174217
17,projected,8,0.6,-0.6929773792737692
17,slider,8,0.66,-0.6929706586340717
17,partial,8,0.64,-0.6927769085037542
17,standard,9,0.54,-0.6925296042661828
17,projected,9,0.58,-0.6929415998714942
17,slider,9,0.64,-0.6929378258494241
17,partial,9,0.6,-0.6927330780440686
17,standard,10,0.58,-0.6924270205608893
17,projected,10,0.56,-0.6928872803609721
17,slider,10,0.66,-0.692901930735583
17,partial,10,0.58,-0.6926636874420296
17,standard,11,0.58,-0.6924218721760965
17,projected,11,0.58,-0.6928744161108252
17,slider,11,0.66,-0.6928849262528765
17,partial,11,0.62,-0.6926526469186999
17,standard,12,0.62,-0.692401134834371
17,projected,12,0.6,-0.6928641839067189
17,slider,12,0.68,-0.6928755353641998
17,partial,12,0.64,-0.6926375531389212
17,standard,13,0.62,-0.6922960542652911
17,projected,13,0.58,-0.6928598940508311
17,slider,13,0.68,-0.6928701448118153
17,partial,13,0.66,-0.6925822014476749
17,standard,14,0.62,-0.692273419793652
17,projected,14,0.62,-0.6928508352628753
17,slider,14,0.7,-0.6928653384561957
17,partial,14,0.66,-0.6925684852450619
17,standard,15,0.5,-0.6925229986773975
17,projected,15,0.62,-0.6928741767695302
17,slider,15,0.74,-0.6928701183294815
17,partial,15,0.58,-0.6926955573638973
17,standard,16,0.54,-0.692681198340648
17,projected,16,0.62,-0.6929232755484478
17,slider,16,0.72,-0.6929223834888242
17,partial,16,0.56,-0.6928007029428023
17,standard,17,0.56,-0.6926651851980626
17,projected,17,0.62,-0.692923985539865
17,slider,17,0.7,-0.6929226912253035
17,partial,17,0.58,-0.6927928619293579
17,standard,18,0.54,-0.692730640184896
17,projected,18,0.6,-0.6929614355965279
17,slider,18,0.68,-0.692928514246182
17,partial,18,0.52,-0.6928283481169432
17,standard,19,0.58,-0.692708372225706
17,projected,19,0.62,-0.692981269316591
17,slider,19,0.68,-0.6929491227830278
17,partial,19,0.52,-0.6928271861508862
17,standard,20,0.54,-0.6925739838907918
17,projected,20,0.62,-0.6929721953966006
17,slider,20,0.66,-0.6929216274072979
17,partial,20,0.54,-0.6927463476093125
17,standard,21,0.54,-0.6925838835024316
17,projected,21,0.62,-0.6929753066093005
17,slider,21,0.64,-0.6929325598513656
17,partial,21,0.56,-0.692756695070662
17,standard,22,0.56,-0.6926356080359608
17,projected,22,0.62,-0.6929772779738531
17,slider,22,0.64,-0.6929251086321558
17,partial,22,0.52,-0.6927788251481759
17,standard,23,0.56,-0.6925494866926512
17,projected,23,0.6,-0.6929700412426514
17,slider,23,0.64,-0.6929146290685888
17,partial,23,0.54,-0.6927304903420374
17,standard,24,0.52,-0.692459809214698
17,projected,24,0.62,-0.6929554802777335
17,slider,24,0.64,-0.69290885482347
17,partial,24,0.54,-0.6926824931999854
17,standard,25,0.52,-0.6924625588701727
17,projected,25,0.62,-0.6929499032273699
17,slider,25,0.64,-0.6929004259258158
17,partial,25,0.54,-0.6926796398525579
17,standard,26,0.54,-0.6923313179735997
17,projected,26,0.64,-0.692934845923408
17,slider,26,0.64,-0.6928839262604566
17,partial,26,0.56,-0.6926057055840154
17,standard,27,0.54,-0.6923542634453983
17,projected,27,0.62,-0.6928734539885969
17,slider,27,0.68,-0.6928028949750599
17,partial,27,0.58,-0.6925765290657538
17,standard,28,0.52,-0.6922568620513548
17,projected,28,0.6,-0.6928491169296355
17,slider,28,0.66,-0.6927756060259334
17,partial,28,0.52,-0.6925136523972288
17,standard,29,0.52,-0.6922798106409105
17,projected,29,0.58,-0.6928558407307014
17,slider,29,0.64,-0.6927783849868535
17,partial,29,0.52,-0.6925264374065563
17,standard,30,0.52,-0.6921232319849936
17,projected,30,0.62,-0.6928070026054693
17,slider,30,0.64,-0.6927203749043193
17,partial,30,0.54,-0.6924187700927168
17,standard,31,0.52,-0.6920733126842886
17,projected,31,0.64,-0.692789527696783
17,slider,31,0.66,-0.6927027025518072
17,partial,31,0.54,-0.6923848155026164
17,standard,32,0.52,-0.69200291568017
17,projected,32,0.64,-0.6928034310034887
17,slider,32,0.64,-0.6927161799859958
17,partial,32,0.54,-0.6923568481250532
17,standard,33,0.52,-0.6920883098767492
17,projected,33,0.64,-0.6928383403086761
17,slider,33,0.64,-0.6927320451428319
17,partial,33,0.52,-0.6924072568043778
17,standard,34,0.5,-0.6921853656064277
17,projected,34,0.58,-0.6928784949006684
17,slider,34,0.64,-0.6927594571544345
17,partial,34,0.54,-0.6924694896605993
17,standard,35,0.54,-0.6922544971628389
17,projected,35,0.52,-0.6929293288631435
17,slider,35,0.6,-0.6927978186892217
17,partial,35,0.56,-0.6925230452841633
17,standard,36,0.56,-0.6922262353014301
17,projected,36,0.52,-0.6929366115997566
17,slider,36,0.62,-0.6927917198529733
17,partial,36,0.58,-0.6925057969011269
17,standard,37,0.58,-0.6920563057110339
17,projected,37,0.52,-0.6929144068664068
17,slider,37,0.64,-0.6927696459491409
17,partial,37,0.6,-0.6924100432095789
17,standard,38,0.56,-0.6919572382789183
17,projected,38,0.58,-0.6928730590011015
17,slider,38,0.64,-0.692724749232042
17,partial,38,0.62,-0.6923380200037323
17,standard,39,0.56,-0.691916714759078
17,projected,39,0.62,-0.6928406224279371
17,slider,39,0.64,-0.6926878247390151
17,partial,39,0.6,-0.6922990150029916
17,standard,40,0.58,-0.6920710919591414
17,projected,40,0.58,-0.6928719689284604
17,slider,40,0.64,-0.6927168714110483
17,partial,40,0.62,-0.6923905747446817
17,standard,41,0.62,-0.692033388176172
17,projected,41,0.62,-0.6928437128653406
17,slider,41,0.64,-0.6926712594293875
17,partial,41,0.62,-0.6923489393476318
17,standard,42,0.64,-0.6919940188710911
17,projected,42,0.62,-0.6928401567780371
17,slider,42,0.64,-0.6926616482369741
17,partial,42,0.62,-0.6923246668906965
17,standard,43,0.66,-0.6919690652985213
17,projected,43,0.62,-0.6928616455395324
17,slider,43,0.64,-0.6926793308531431
17,partial,43,0.62,-0.6923205637586353
17,standard,44,0.64,-0.6918814110889828
17,projected,44,0.6,-0.692822091569193
17,slider,44,0.66,-0.6926600513269732
17,partial,44,0.64,-0.6922670679965331
17,standard,45,0.64,-0.6917410279466661
17,projected,45,0.62,-0.692805352470048
17,slider,45,0.66,-0.6926419584610854
17,partial,45,0.66,-0.6921875881739524
17,standard,46,0.66,-0.6916767079194625
17,projected,46,0.64,-0.6927793029044567
17,slider,46,0.66,-0.6926185591138337
17,partial,46,0.66,-0.6921439032714183
17,standard,47,0.68,-0.6917108427109585
17,projected,47,0.64,-0.6927726699409269
17,slider,47,0.66,-0.6926164413474547
17,partial,47,0.68,-0.6921598127910594
17,standard,48,0.68,-0.6914997245171112
17,projected,48,0.64,-0.6927568071203849
17,slider,48,0.66,-0.6926075630961739
17,partial,48,0.68,-0.6920497006590236
17,standard,49,0.66,-0.6914592563351646
17,projected,49,0.62,-0.6927372938565832
17,slider,49,0.66,-0.692575648307379
17,partial,49,0.7,-0.6920135540011585
17,standard,50,0.66,-0.6915538642303228
17,projected,50,0.62,-0.692747319129178
17,slider,50,0.66,-0.692576654066344
17,partial,50,0.7,-0.6920613288636607
18,standard,0,0.48,-0.6931471803599452
18,projected,0,0.48,-0.6931471803599452
18,slider,0,0.48,-0.6931471803599452
18,partial,0,0.48,-0.6931471803599452
18,standard,1,0.3,-0.6933272453471294
18,projected,1,0.46,-0.6931798729348703
18,slider,1,0.48,-0.693175283888277
18,partial,1,0.34,-0.6932512185894762
18,standard,2,0.3,-0.693370913242733
18,projected,2,0.44,-0.6931971721691136
18,slider,2,0.48,-0.6931911673766271
18,partial,2,0.28,-0.6932809613076389
18,standard,3,0.38,-0.6933286545119864
18,projected,3,0.46,-0.6931770516133701
18,slider,3,0.48,-0.6931744442263396
18,partial,3,0.4,-0.6932514556972197
18,standard,4,0.46,-0.6932434708478787
18,projected,4,0.44,-0.6931888209594118
18,slider,4,0.44,-0.6931776151764553
18,partial,4,0.46,-0.6932105079743093
18,standard,5,0.38,-0.6933077137154021
18,projected,5,0.44,-0.693160628406826
18,slider,5,0.5,-0.6931560502272776
18,partial,5,0.4,-0.6932317792400042
18,standard,6,0.4,-0.6933500732355311
18,projected,6,0.4,-0.6931697784780083
18,slider,6,0.46,-0.6931639041338891
18,partial,6,0.42,-0.6932569034755012
18,standard,7,0.48,-0.69324664910124
18,projected,7,0.52,-0.693148939068446
18,slider,7,0.54,-0.6931420216088098
18,partial,7,0.46,-0.6931941721566801
18,standard,8,0.48,-0.6933389832465451
18,projected,8,0.36,-0.6931915865772729
18,slider,8,0.32,-0.6931827464640982
18,partial,8,0.44,-0.6932606653357047
18,standard,9,0.52,-0.6932043281219192
18,projected,9,0.52,-0.693143675867028
18,slider,9,0.48,-0.6931340720568852
18,partial,9,0.48,-0.6931690324503382
18,standard,10,0.52,-0.6929514589606147
18,projected,10,0.62,-0.6931345284810027
18,slider,10,0.6,-0.693120940862914
18,partial,10,0.52,-0.6930359088132815
18,standard,11,0.56,-0.693023172659021
18,projected,11,0.5,-0.6931360630410986
18,slider,11,0.6,-0.6931204897851814
18,partial,11,0.52,-0.6930715512645509
18,standard,12,0.54,-0.6928983853816425
18,projected,12,0.5,-0.6931258488482293
18,slider,12,0.52,-0.693112381042107
18,partial,12,0.56,-0.6930049789657001
18,standard,13,0.56,-0.6926765806813077
18,projected,13,0.54,-0.6930937660632501
18,slider,13,0.52,-0.693074787028648
18,partial,13,0.58,-0.6928752914239505
18,standard,14,0.58,-0.6926960205118856
18,projected,14,0.56,-0.6930827582040685
18,slider,14,0.56,-0.6930636401805114
18,partial,14,0.58,-0.6928793679672931
18,standard,15,0.56,-0.6926282121033518
18,projected,15,0.58,-0.6930738548235211
18,slider,15,0.54,-0.6930543657961185
18,partial,15,0.56,-0.6928407587654323
18,standard,16,0.56,-0.6926215150661789
18,projected,16,0.54,-0.6930770114762875
18,slider,16,0.52,-0.6930555072022371
18,partial,16,0.54,-0.6928379493870288
18,standard,17,0.56,-0.6926896781941236
18,projected,17,0.52,-0.6931042377469376
18,slider,17,0.52,-0.6930770736877888
18,partial,17,0.56,-0.6928828013793727
18,standard,18,0.56,-0.6927991235886215
18,projected,18,0.56,-0.6930752421345919
18,slider,18,0.54,-0.6930456373789734
18,partial,18,0.54,-0.6929218244369948
18,standard,19,0.58,-0.6925959758137209
18,projected,19,0.58,-0.6930726945625412
18,slider,19,0.6,-0.6930448028382059
18,partial,19,0.56,-0.6928198617079984
18,standard,20,0.58,-0.6926657496015012
18,projected,20,0.56,-0.6930800563505042
18,slider,20,0.58,-0.6930402487267894
18,partial,20,0.6,-0.6928523002164476
18,standard,21,0.62,-0.6926348136214616
18,projected,21,0.54,-0.6930578249436722
18,slider,21,0.64,-0.6930208232561219
18,partial,21,0.6,-0.6928270826069758
18,standard,22,0.6,-0.6927145534880254
18,projected,22,0.56,-0.6930641509430727
18,slider,22,0.64,-0.6930179228462982
18,partial,22,0.58,-0.6928654881969366
18,standard,23,0.58,-0.6924911995216072
18,projected,23,0.58,-0.693031573595977
18,slider,23,0.7,-0.6929844195486797
18,partial,23,0.58,-0.6927370600949103
18,standard,24,0.56,-0.6924582127019663
18,projected,24,0.56,-0.6930402376163289
18,slider,24,0.62,-0.6929878652778341
18,partial,24,0.56,-0.6927222174162385
18,standard,25,0.64,-0.6924448644781783
18,projected,25,0.56,-0.6930254565900301
18,slider,25,0.66,-0.6929598245079065
18,partial,25,0.62,-0.6927014786812852
18,standard,26,0.64,-0.6922171821303241
18,projected,26,0.6,-0.6929751438597798
18,slider,26,0.66,-0.6929141373624574
18,partial,26,0.62,-0.6925646624870468
18,standard,27,0.6,-0.6922871798709573
18,projected,27,0.58,-0.6929613609673118
18,slider,27,0.68,-0.6929023353601287
18,partial,27,0.6,-0.6925937690772901
18,standard,28,0.6,-0.6924107387027684
18,projected,28,0.64,-0.692951012658012
18,slider,28,0.74,-0.6928887232437981
18,partial,28,0.6,-0.6926487624966225
18,standard,29,0.6,-0.6923357066466694
18,projected,29,0.64,-0.6929465700047224
18,slider,29,0.76,-0.692886901606886
18,partial,29,0.6,-0.6926102592899891
18,standard,30,0.6,-0.692211277813749
18,projected,30,0.64,-0.6929523540419996
18,slider,30,0.78,-0.692889070402
18,partial,30,0.6,-0.6925492271089192
18,standard,31,0.58,-0.6921590245834939
18,projected,31,0.64,-0.6929407789976111
18,slider,31,0.78,-0.6928773091736278
18,partial,31,0.6,-0.6925171354096927
18,standard,32,0.58,-0.6922169287249977
18,projected,32,0.62,-0.692975697826113
18,slider,32,0.78,-0.6929175838172342
18,partial,32,0.6,-0.6925662379495344
18,standard,33,0.58,-0.6922603220594357
18,projected,33,0.64,-0.6929659432434732
18,slider,33,0.78,-0.6929085700243452
18,partial,33,0.62,-0.692583340759541
18,standard,34,0.6,-0.6923417895450592
18,projected,34,0.64,-0.6929662983310538
18,slider,34,0.82,-0.6929067985074877
18,partial,34,0.64,-0.692623289087432
18,standard,35,0.62,-0.6921876420389037
18,projected,35,0.62,-0.6929354020508981
18,slider,35,0.78,-0.6928758176337293
18,partial,35,0.64,-0.6925311605942234
18,standard,36,0.62,-0.6921520686117488
18,projected,36,0.68,-0.692924378519657
18,slider,36,0.74,-0.6928650176400291
18,partial,36,0.64,-0.6925081296684792
18,standard,37,0.64,-0.6919760971631963
18,projected,37,0.64,-0.692940522394575
18,slider,37,0.76,-0.6928792797374274
18,partial,37,0.66,-0.6924265008507282
18,standard,38,0.64,-0.6920105562423126
18,projected,38,0.58,-0.6929279650940575
18,slider,38,0.8,-0.6928619693324145
18,partial,38,0.66,-0.6924350312070169
18,standard,39,0.64,-0.6919581432636328
18,projected,39,0.6,-0.6929528582627994
18,slider,39,0.78,-0.6928703600816939
18,partial,39,0.66,-0.6924129531186083
18,standard,40,0.64,-0.692080239215333
18,projected,40,0.58,-0.6929826804887905
18,slider,40,0.8,-0.6928966304562261
18,partial,40,0.64,-0.6924872366730338
18,standard,41,0.64,-0.6919740294823481
18,projected,41,0.6,-0.6929420823724474
18,slider,41,0.8,-0.6928548841299046
18,partial,41,0.66,-0.6924129680558404
18,standard,42,0.64,-0.6920993580014625
18,projected,42,0.62,-0.6929850826852124
18,slider,42,0.76,-0.6928964607828563
18,partial,42,0.62,-0.6924964195901789
18,standard,43,0.66,-0.6920005521754428
18,projected,43,0.6,-0.6929829932323454
18,slider,43,0.76,-0.6928898692584602
18,partial,43,0.68,-0.6924437133527757
18,standard,44,0.66,-0.6919597389134843
18,projected,44,0.58,-0.6929950526422427
18,slider,44,0.76,-0.6929002410920162
18,partial,44,0.66,-0.6924286377192291
18,standard,45,0.64,-0.6918203312389601
18,projected,45,0.58,-0.6929874944774315
18,slider,45,0.78,-0.692893032411288
18,partial,45,0.64,-0.6923548326633192
18,standard,46,0.66,-0.6918635444140533
18,projected,46,0.54,-0.6929752350663214
18,slider,46,0.74,-0.6928817687036956
18,partial,46,0.66,-0.6923707959996768
18,standard,47,0.62,-0.6918718414958451
18,projected,47,0.54,-0.6929707925855344
18,slider,47,0.76,-0.6928898081181161
18,partial,47,0.66,-0.6923786750883221
18,standard,48,0.62,-0.6918140500188467
18,projected,48,0.6,-0.6929758387954569
18,slider,48,0.74,-0.6928914578269445
18,partial,48,0.66,-0.6923502336510758
18,standard,49,0.62,-0.6917187853535484
18,projected,49,0.56,-0.692951364181872
18,slider,49,0.7,-0.6928643261077955
18,partial,49,0.64,-0.6922889410777445
18,standard,50,0.62,-0.6916491384001425
18,projected,50,0.56,-0.6929569181063843
18,slider,50,0.68,-0.6928697603827498
18,partial,50,0.64,-0.6922565743922688
19,standard,0,0.56,-0.6931471803599452
19,projected,0,0.56,-0.6931471803599452
19,slider,0,0.56,-0.6931471803599452
19,partial,0,0.56,-0.6931471803599452
19,standard,1,0.48,-0.6930586174399957
19,projected,1,0.44,-0.6931496342266982
19,slider,1,0.44,-0.6931475791196395
19,partial,1,0.44,-0.6931029898851706
19,standard,2,0.72,-0.6929384565374888
19,projected,2,0.52,-0.6931269758891386
19,slider,2,0.48,-0.6931269379096736
19,partial,2,0.64,-0.6930325582979476
19,standard,3,0.62,-0.6930620247072854
19,projected,3,0.54,-0.6931372951484579
19,slider,3,0.5,-0.6931363481891103
19,partial,3,0.6,-0.6930989929668168
19,standard,4,0.56,-0.6929791971395599
19,projected,4,0.56,-0.6930978395416426
19,slider,4,0.58,-0.6930844025059786
19,partial,4,0.54,-0.6930314436423292
19,standard,5,0.58,-0.6928825333487842
19,projected,5,0.5,-0.6930803819539981
19,slider,5,0.52,-0.693068169923218
19,partial,5,0.54,-0.692974960849089
19,standard,6,0.66,-0.6927080712070846
19,projected,6,0.62,-0.6930475278433608
19,slider,6,0.64,-0.6930360351207558
19,partial,6,0.62,-0.6928715576877242
19,standard,7,0.66,-0.6926460169070053
19,projected,7,0.62,-0.693042210415723
19,slider,7,0.62,-0.6930298474070198
19,partial,7,0.64,-0.6928374618812859
19,standard,8,0.6,-0.6926999584774333
19,projected,8,0.62,-0.6930003587029225
19,slider,8,0.64,-0.6929891026183488
19,partial,8,0.6,-0.6928440093987931
19,standard,9,0.6,-0.6927161271829785
19,projected,9,0.64,-0.6929878911868763
19,slider,9,0.64,-0.692975954562601
19,partial,9,0.66,-0.6928455193630393
19,standard,10,0.62,-0.6926677491045953
19,projected,10,0.64,-0.6929604923405789
19,slider,10,0.66,-0.692942192434593
19,partial,10,0.64,-0.6928044993198432
19,standard,11,0.62,-0.692701165409256
19,projected,11,0.62,-0.6929611740282757
19,slider,11,0.64,-0.6929338582646899
19,partial,11,0.62,-0.6928170053907178
19,standard,12,0.7,-0.6923392105426953
19,projected,12,0.62,-0.6928887255542729
19,slider,12,0.68,-0.6928612998389244
19,partial,12,0.74,-0.6925996334394949
19,standard,13,0.72,-0.6922166262274893
19,projected,13,0.72,-0.6928687542253152
19,slider,13,0.66,-0.6927955157789104
19,partial,13,0.74,-0.6925054156903747
19,standard,14,0.7,-0.6921342386300543
19,projected,14,0.64,-0.6928529728541666
19,slider,14,0.66,-0.6927763895756643
19,partial,14,0.72,-0.6924545065432894
19,standard,15,0.68,-0.6918283649890813
19,projected,15,0.72,-0.6928046734668126
19,slider,15,0.66,-0.6927291170194988
19,partial,15,0.72,-0.6922776669130218
19,standard,16,0.7,-0.69152633406004
19,projected,16,0.76,-0.6927759014560406
19,slider,16,0.68,-0.6927008552386036
19,partial,16,0.7,-0.6921120138911026
19,standard,17,0.7,-0.691479711588231
19,projected,17,0.8,-0.6927338639161649
19,slider,17,0.68,-0.6926549935032118
19,partial,17,0.74,-0.6920657566757582
19,standard,18,0.74,-0.6913401696752824
19,projected,18,0.74,-0.6926885038641791
19,slider,18,0.7,-0.6926102340215452
19,partial,18,0.76,-0.6919735258101123
19,standard,19,0.76,-0.691362707442371
19,projected,19,0.76,-0.6926870783122472
19,slider,19,0.74,-0.6925991374804599
19,partial,19,0.82,-0.6919791637028965
19,standard,20,0.74,-0.6913578908757168
19,projected,20,0.74,-0.6927169409573907
19,slider,20,0.7,-0.6926250249831609
19,partial,20,0.74,-0.691989493770263
19,standard,21,0.78,-0.6911191563228481
19,projected,21,0.76,-0.6926596226478225
19,slider,21,0.7,-0.6925692156346586
19,partial,21,0.78,-0.6918416808913527
19,standard,22,0.76,-0.6910007065400451
19,projected,22,0.76,-0.6926549943345834
19,slider,22,0.76,-0.6925626928341846
19,partial,22,0.76,-0.6917788836999813
19,standard,23,0.78,-0.6909828823497857
19,projected,23,0.78,-0.6926686954451051
19,slider,23,0.76,-0.692568304399233
19,partial,23,0.8,-0.6917728818058521
19,standard,24,0.78,-0.6908287404403535
19,projected,24,0.78,-0.692605549728985
19,slider,24,0.74,-0.6925024115545668
19,partial,24,0.8,-0.691662718651115
19,standard,25,0.8,-0.6907355948337656
19,projected,25,0.78,-0.6926353620488235
19,slider,25,0.74,-0.6925260714777762
19,partial,25,0.8,-0.6916277568274206
19,standard,26,0.8,-0.6905824911592815
19,projected,26,0.78,-0.692599761129919
19,slider,26,0.76,-0.6924908026509855
19,partial,26,0.78,-0.6915334858786953
19,standard,27,0.78,-0.690587157214962
19,projected,27,0.78,-0.6925744587882237
19,slider,27,0.78,-0.6924661364885659
19,partial,27,0.78,-0.6915234941825859
19,standard,28,0.78,-0.6904270293189917
19,projected,28,0.78,-0.6925734624455161
19,slider,28,0.78,-0.692451093741833
19,partial,28,0.76,-0.6914354184414545
19,standard,29,0.78,-0.6903465253027724
19,projected,29,0.8,-0.6925441315289946
19,slider,29,0.78,-0.6924054234693784
19,partial,29,0.76,-0.691372202233482
19,standard,30,0.76,-0.6901806210206893
19,projected,30,0.8,-0.6925339301315259
19,slider,30,0.78,-0.6923883270844968
19,partial,30,0.76,-0.6912802331521283
19,standard,31,0.78,-0.6899311338093896
19,projected,31,0.8,-0.6924830311045395
19,slider,31,0.78,-0.6923350002609459
19,partial,31,0.76,-0.6911282088489931
19,standard,32,0.76,-0.6898408104524887
19,projected,32,0.8,-0.6924817990133225
19,slider,32,0.78,-0.6923166295737202
19,partial,32,0.74,-0.6910736335961728
19,standard,33,0.78,-0.689807233244222
19,projected,33,0.84,-0.6924815903783176
19,slider,33,0.78,-0.6923180343928818
19,partial,33,0.74,-0.6910573669780695
19,standard,34,0.78,-0.6898061113933605
19,projected,34,0.88,-0.6924505249836868
19,slider,34,0.78,-0.6922802802494324
19,partial,34,0.74,-0.6910379260016448
19,standard,35,0.74,-0.6898892368990792
19,projected,35,0.84,-0.692388940406685
19,slider,35,0.78,-0.6922191253821159
19,partial,35,0.74,-0.6910488939799364
19,standard,36,0.76,-0.6898594088697193
19,projected,36,0.82,-0.6924304152832859
19,slider,36,0.78,-0.6922334420827465
19,partial,36,0.76,-0.6910409080711094
19,standard,37,0.78,-0.6895704552560753
19,projected,37,0.82,-0.692343177227329
19,slider,37,0.78,-0.6921400371239365
19,partial,37,0.78,-0.6908491917557253
19,standard,38,0.78,-0.689337448249476
19,projected,38,0.84,-0.692300422589012
19,slider,38,0.78,-0.6920949652716897
19,partial,38,0.78,-0.6907096022780105
19,standard,39,0.76,-0.6892819290686137
19,projected,39,0.82,-0.6922704355673625
19,slider,39,0.78,-0.6920669403888694
19,partial,39,0.78,-0.6906677197155604
19,standard,40,0.76,-0.6891088038714662
19,projected,40,0.82,-0.6922206373949374
19,slider,40,0.78,-0.6920180570232652
19,partial,40,0.76,-0.6905563809030782
19,standard,41,0.76,-0.688993367166423
19,projected,41,0.8,-0.6921847674670968
19,slider,41,0.76,-0.691983499374287
19,partial,41,0.76,-0.6904812500633415
19,standard,42,0.76,-0.6890049917212211
19,projected,42,0.8,-0.6921319237157135
19,slider,42,0.74,-0.691922133625371
19,partial,42,0.78,-0.6904566606599805
19,standard,43,0.76,-0.6891105901317716
19,projected,43,0.78,-0.6922006166481445
19,slider,43,0.74,-0.6918832230688673
19,partial,43,0.8,-0.690490210360204
19,standard,44,0.76,-0.6889791899453138
19,projected,44,0.78,-0.6921462220218052
19,slider,44,0.74,-0.6918292274444491
19,partial,44,0.8,-0.6903972760726107
19,standard,45,0.78,-0.6890622120753952
19,projected,45,0.8,-0.6920892433281303
19,slider,45,0.74,-0.691764190114657
19,partial,45,0.8,-0.6904063235229501
19,standard,46,0.8,-0.6890689267458805
19,projected,46,0.8,-0.6921151260184446
19,slider,46,0.74,-0.6917948541124922
19,partial,46,0.82,-0.6904248342023632
19,standard,47,0.78,-0.6889244763605075
19,projected,47,0.8,-0.6921470875089138
19,slider,47,0.74,-0.6917879057798808
19,partial,47,0.82,-0.6903486003311626
19,standard,48,0.78,-0.6888163460449316
19,projected,48,0.78,-0.692121655865225
19,slider,48,0.74,-0.6917538640376195
19,partial,48,0.8,-0.6902772087178571
19,standard,49,0.8,-0.6888818477409683
19,projected,49,0.78,-0.6920575896585818
19,slider,49,0.74,-0.6916849621734623
19,partial,49,0.78,-0.6902755677048252
19,standard,50,0.8,-0.6888628983123171
19,projected,50,0.78,-0.6920146329925778
19,slider,50,0.72,-0.6916437820299318
19,partial,50,0.78,-0.6902456026508247
7,standard,0,0.42,-0.6931471803599452
7,projected,0,0.42,-0.6931471803599452
7,slider,0,0.42,-0.6931471803599452
7,partial,0,0.42,-0.6931471803599452
7,standard,1,0.52,-0.6931922683887268
7,projected,1,0.34,-0.6931657501933784
7,slider,1,0.34,-0.6931622505166188
7,partial,1,0.46,-0.6931771988939193
7,standard,2,0.66,-0.6930704261748091
7,projected,2,0.68,-0.6931053856407111
7,slider,2,0.74,-0.6930974886743574
7,partial,2,0.64,-0.6930838295896021
7,standard,3,0.54,-0.6932347304008413
7,projected,3,0.66,-0.6930831697941012
7,slider,3,0.64,-0.6930761856712838
7,partial,3,0.58,-0.6931552551641422
7,standard,4,0.5,-0.6932189939229638
7,projected,4,0.62,-0.6930472261482137
7,slider,4,0.6,-0.6930355690963826
7,partial,4,0.56,-0.6931270518072588
7,standard,5,0.5,-0.6932318439453903
7,projected,5,0.64,-0.6930430647333483
7,slider,5,0.62,-0.6930252280849157
7,partial,5,0.58,-0.6931282227457356
7,standard,6,0.58,-0.6931354638333781
7,projected,6,0.66,-0.6930329234869214
7,slider,6,0.7,-0.6930122301543687
7,partial,6,0.64,-0.6930735405134711
7,standard,7,0.6,-0.6930899565018587
7,projected,7,0.68,-0.6930360512808893
7,slider,7,0.74,-0.69301542748928
7,partial,7,0.6,-0.6930523370027671
7,standard,8,0.54,-0.6930631401888075
7,projected,8,0.76,-0.6930322867856968
7,slider,8,0.72,-0.6929990515527379
7,partial,8,0.6,-0.6930307875643972
7,standard,9,0.64,-0.692853512862497
7,projected,9,0.72,-0.6929770326193406
7,slider,9,0.7,-0.6929322077698886
7,partial,9,0.7,-0.6928926627760374
7,standard,10,0.62,-0.6928373936335156
7,projected,10,0.8,-0.6929975062543408
7,slider,10,0.7,-0.6929308416391621
7,partial,10,0.68,-0.6928837549219792
7,standard,11,0.66,-0.6927448776985963
7,projected,11,0.78,-0.6928997504223519
7,slider,11,0.7,-0.6928289839147784
7,partial,11,0.72,-0.6927865830185453
7,standard,12,0.64,-0.6925615440353898
7,projected,12,0.8,-0.6928699583853434
7,slider,12,0.74,-0.6927987594233045
7,partial,12,0.7,-0.6926796846715385
7,standard,13,0.62,-0.6924830173748708
7,projected,13,0.76,-0.6928431790184375
7,slider,13,0.72,-0.6927704293175259
7,partial,13,0.7,-0.6926262279774038
7,standard,14,0.58,-0.6924462680752641
7,projected,14,0.72,-0.6928515076163783
7,slider,14,0.7,-0.6927950945633043
7,partial,14,0.64,-0.692620099393321
7,standard,15,0.58,-0.6925805828813257
7,projected,15,0.74,-0.6928443531177904
7,slider,15,0.68,-0.6927861438854563
7,partial,15,0.62,-0.6926828130423017
7,standard,16,0.56,-0.692549837132377
7,projected,16,0.7,-0.6928486522688583
7,slider,16,0.7,-0.6927881427563749
7,partial,16,0.64,-0.6926682778441504
7,standard,17,0.56,-0.6926768699366939
7,projected,17,0.7,-0.6928403817246894
7,slider,17,0.7,-0.6927828788562341
7,partial,17,0.62,-0.692729058998202
7,standard,18,0.58,-0.6926623199530404
7,projected,18,0.68,-0.6927649202170036
7,slider,18,0.68,-0.6927065371673283
7,partial,18,0.64,-0.6926835741988013
7,standard,19,0.6,-0.692323704059204
7,projected,19,0.68,-0.692711354349703
7,slider,19,0.66,-0.6926524268238622
7,partial,19,0.66,-0.6924872160987106
7,standard,20,0.6,-0.6924392744425982
7,projected,20,0.68,-0.6926935189563085
7,slider,20,0.68,-0.6926262917879498
7,partial,20,0.66,-0.6925318293965007
7,standard,21,0.6,-0.6923854644638264
7,projected,21,0.68,-0.6926994413323164
7,slider,21,0.7,-0.6926287513698864
7,partial,21,0.66,-0.6925063237776493
7,standard,22,0.64,-0.692275605281549
7,projected,22,0.68,-0.6926160541123061
7,slider,22,0.68,-0.6925453438139003
7,partial,22,0.66,-0.6924096369530581
7,standard,23,0.64,-0.692299219768126
7,projected,23,0.68,-0.6925650959825022
7,slider,23,0.66,-0.6924925843291417
7,partial,23,0.68,-0.6923948995457727
7,standard,24,0.64,-0.6923502743715619
7,projected,24,0.68,-0.6925642236103446
7,slider,24,0.66,-0.6924841206625747
7,partial,24,0.68,-0.6924160103739632
7,standard,25,0.6,-0.69229077265291
7,projected,25,0.68,-0.6925208959319964
7,slider,25,0.7,-0.6924425259896196
7,partial,25,0.66,-0.692365558911208
7,standard,26,0.62,-0.6921746463482659
7,projected,26,0.68,-0.6925158830180435
7,slider,26,0.7,-0.6924356912324295
7,partial,26,0.64,-0.6923041581013603
7,standard,27,0.64,-0.6920826590641644
7,projected,27,0.66,-0.6924696457912676
7,slider,27,0.68,-0.6923866114988051
7,partial,27,0.66,-0.6922336247973984
7,standard,28,0.68,-0.6917682686267125
7,projected,28,0.66,-0.692437809786258
7,slider,28,0.66,-0.6923541727749191
7,partial,28,0.68,-0.692059790914985
7,standard,29,0.66,-0.6919006835291234
7,projected,29,0.7,-0.6924350024641203
7,slider,29,0.68,-0.6923508917355045
7,partial,29,0.64,-0.6921240010512332
7,standard,30,0.66,-0.6918227809983852
7,projected,30,0.72,-0.6924102404129472
7,slider,30,0.68,-0.6923247267917236
7,partial,30,0.62,-0.6920717280943797
7,standard,31,0.64,-0.6916375290902609
7,projected,31,0.7,-0.692354777461047
7,slider,31,0.68,-0.6922622772960058
7,partial,31,0.62,-0.6919479111290567
7,standard,32,0.64,-0.691477842727692
7,projected,32,0.68,-0.6922892340584409
7,slider,32,0.68,-0.6921948144694254
7,partial,32,0.62,-0.6918343059286585
7,standard,33,0.66,-0.6913795142126489
7,projected,33,0.66,-0.6922642369272066
7,slider,33,0.7,-0.6921651067554399
7,partial,33,0.64,-0.6917701396646255
7,standard,34,0.66,-0.6913569357796928
7,projected,34,0.68,-0.6922426478713598
7,slider,34,0.68,-0.6921358237497948
7,partial,34,0.66,-0.6917441228718186
7,standard,35,0.66,-0.691228611807699
7,projected,35,0.68,-0.6921799879623228
7,slider,35,0.66,-0.6920719911705369
7,partial,35,0.66,-0.6916479053933985
7,standard,36,0.66,-0.6912637452655837
7,projected,36,0.68,-0.6921714952860952
7,slider,36,0.66,-0.6920629182392836
7,partial,36,0.68,-0.6916609218626121
7,standard,37,0.64,-0.6913602956487828
7,projected,37,0.68,-0.6921793024238725
7,slider,37,0.66,-0.6920652524671971
7,partial,37,0.66,-0.6917102807686578
7,standard,38,0.64,-0.6912900894723137
7,projected,38,0.68,-0.6921244697120931
7,slider,38,0.66,-0.6920086819144774
7,partial,38,0.66,-0.6916468079872702
7,standard,39,0.64,-0.691205684406648
7,projected,39,0.66,-0.6920926624904246
7,slider,39,0.66,-0.6919755341221157
7,partial,39,0.64,-0.6915875604570877
7,standard,40,0.66,-0.6910305163709906
7,projected,40,0.68,-0.6920702950968347
7,slider,40,0.66,-0.6919510064730541
7,partial,40,0.64,-0.6914880442699315
7,standard,41,0.66,-0.6911676296030302
7,projected,41,0.66,-0.6920930994237311
7,slider,41,0.66,-0.6919681632354481
7,partial,41,0.62,-0.6915651991800107
7,standard,42,0.62,-0.6911796912665281
7,projected,42,0.68,-0.6920965432883038
7,slider,42,0.68,-0.6919701630996298
7,partial,42,0.64,-0.6915720110462277
7,standard,43,0.64,-0.6911506203534463
7,projected,43,0.68,-0.6920841114534467
7,slider,43,0.68,-0.6919582361610982
7,partial,43,0.62,-0.6915515152640858
7,standard,44,0.64,-0.6909661668176816
7,projected,44,0.66,-0.692028230087155
7,slider,44,0.68,-0.6919093222316952
7,partial,44,0.62,-0.6914345130488943
7,standard,45,0.62,-0.6908812779745392
7,projected,45,0.66,-0.6919677423642137
7,slider,45,0.66,-0.6918453254384193
7,partial,45,0.62,-0.6913596365027659
7,standard,46,0.62,-0.690683515649133
7,projected,46,0.68,-0.6919513724228616
7,slider,46,0.66,-0.6918281519069551
7,partial,46,0.62,-0.6912514275635772
7,standard,47,0.62,-0.6905597400464432
7,projected,47,0.7,-0.6919194268573158
7,slider,47,0.66,-0.6917865248619283
7,partial,47,0.64,-0.6911683313626742
7,standard,48,0.62,-0.69066062628182
7,projected,48,0.7,-0.6919319256123915
7,slider,48,0.66,-0.6917916089136728
7,partial,48,0.62,-0.6912214960907825
7,standard,49,0.62,-0.6906123241777133
7,projected,49,0.68,-0.6919167068074618
7,slider,49,0.66,-0.6917692195778002
7,partial,49,0.62,-0.6911864492383603
7,standard,50,0.64,-0.6905816168342765
7,projected,50,0.68,-0.6919048256559903
7,slider,50,0.68,-0.6917534343079005
7,partial,50,0.64,-0.6911631696301977
8,standard,0,0.58,-0.6931471803599452
8,projected,0,0.58,-0.6931471803599452
8,slider,0,0.58,-0.6931471803599452
8,partial,0,0.58,-0.6931471803599452
8,standard,1,0.52,-0.6933291797587461
8,projected,1,0.56,-0.6931416765606202
8,slider,1,0.6,-0.6931356110997757
8,partial,1,0.48,-0.6932323262492247
8,standard,2,0.46,-0.693338366140153
8,projected,2,0.64,-0.6931361882511827
8,slider,2,0.62,-0.6931296090585524
8,partial,2,0.48,-0.6932339178434157
8,standard,3,0.46,-0.6932471063651721
8,projected,3,0.46,-0.6931422239862686
8,slider,3,0.5,-0.6931323146931319
8,partial,3,0.42,-0.6931896213320949
8,standard,4,0.56,-0.6931464970794368
8,projected,4,0.72,-0.6930807759971503
8,slider,4,0.68,-0.6930755047470116
8,partial,4,0.54,-0.6931108908328119
8,standard,5,0.5,-0.6932907890720482
8,projected,5,0.6,-0.6930552203039935
8,slider,5,0.7,-0.6930442809439111
8,partial,5,0.52,-0.6931673741033282
8,standard,6,0.54,-0.6932346499957879
8,projected,6,0.76,-0.692952003964946
8,slider,6,0.76,-0.692931265130581
8,partial,6,0.58,-0.6930827639952263
8,standard,7,0.52,-0.6931816222234665
8,projected,7,0.74,-0.6929255094065232
8,slider,7,0.78,-0.6929043057675992
8,partial,7,0.52,-0.6930427627770674
8,standard,8,0.5,-0.6930620623161873
8,projected,8,0.74,-0.6928644767889705
8,slider,8,0.76,-0.6928392647291267
8,partial,8,0.54,-0.6929504156781167
8,standard,9,0.56,-0.6930128415645739
8,projected,9,0.76,-0.6928301514475861
8,slider,9,0.78,-0.6928011251227262
8,partial,9,0.58,-0.6929067029553169
8,standard,10,0.56,-0.6929185112496141
8,projected,10,0.76,-0.6928342974421051
8,slider,10,0.78,-0.6927984576439248
8,partial,10,0.6,-0.6928581939873345
8,standard,11,0.62,-0.6927863020863388
8,projected,11,0.72,-0.6928389092320839
8,slider,11,0.72,-0.6927979904542206
8,partial,11,0.66,-0.6927918163808259
8,standard,12,0.6,-0.6929919058997531
8,projected,12,0.72,-0.692872110094803
8,slider,12,0.72,-0.6928315045708175
8,partial,12,0.64,-0.692911301061572
8,standard,13,0.56,-0.6930142360460688
8,projected,13,0.7,-0.6929071333206849
8,slider,13,0.66,-0.6928281974550708
8,partial,13,0.62,-0.6929208228234627
8,standard,14,0.5,-0.6930277247972674
8,projected,14,0.7,-0.6929052052261286
8,slider,14,0.66,-0.6928256218104457
8,partial,14,0.6,-0.6929262571043568
8,standard,15,0.46,-0.6929359474530342
8,projected,15,0.68,-0.6928945603170839
8,slider,15,0.62,-0.6928124933240488
8,partial,15,0.56,-0.6928738595287336
8,standard,16,0.48,-0.6928591199809524
8,projected,16,0.64,-0.6928884537543945
8,slider,16,0.64,-0.6928026436659015
8,partial,16,0.6,-0.6928305166025919
8,standard,17,0.46,-0.6929931596149621
8,projected,17,0.66,-0.6929187558382295
8,slider,17,0.68,-0.6928328275112865
8,partial,17,0.6,-0.6929125463196374
8,standard,18,0.5,-0.6929370382955993
8,projected,18,0.66,-0.6928727893049268
8,slider,18,0.68,-0.6928010451179635
8,partial,18,0.6,-0.6928685410238792
8,standard,19,0.5,-0.6928825331394595
8,projected,19,0.7,-0.6927959921032999
8,slider,19,0.74,-0.6927302466333717
8,partial,19,0.64,-0.6928058262715681
8,standard,20,0.52,-0.6928004901405833
8,projected,20,0.68,-0.6927466728760657
8,slider,20,0.72,-0.6926817178241903
8,partial,20,0.62,-0.6927405734061572
8,standard,21,0.52,-0.692651313133798
8,projected,21,0.68,-0.6927286304064747
8,slider,21,0.72,-0.6926546284770561
8,partial,21,0.6,-0.6926526140403627
8,standard,22,0.52,-0.6925839065821873
8,projected,22,0.7,-0.6927207091753637
8,slider,22,0.72,-0.6926456073391566
8,partial,22,0.64,-0.6926144526798977
8,standard,23,0.58,-0.6924812308856277
8,projected,23,0.72,-0.6926958423713725
8,slider,23,0.72,-0.6926133993250534
8,partial,23,0.66,-0.6925468466465398
8,standard,24,0.64,-0.692450484791165
8,projected,24,0.74,-0.6927154104876759
8,slider,24,0.74,-0.6926222220674056
8,partial,24,0.72,-0.6925359647820198
8,standard,25,0.64,-0.6923421612374238
8,projected,25,0.7,-0.6926633703700509
8,slider,25,0.74,-0.6925743376326489
8,partial,25,0.74,-0.6924577435616469
8,standard,26,0.68,-0.6921352562929285
8,projected,26,0.72,-0.692628655228112
8,slider,26,0.74,-0.6925392158999151
8,partial,26,0.74,-0.6923366368931224
8,standard,27,0.7,-0.6920002458784121
8,projected,27,0.72,-0.6926113391387712
8,slider,27,0.74,-0.6925178050946161
8,partial,27,0.74,-0.6922584771984678
8,standard,28,0.7,-0.6917213949834146
8,projected,28,0.72,-0.6925684321875732
8,slider,28,0.76,-0.6924737922813138
8,partial,28,0.74,-0.6920969142305994
8,standard,29,0.72,-0.6915698715782994
8,projected,29,0.7,-0.692513464976802
8,slider,29,0.74,-0.6924215683836537
8,partial,29,0.74,-0.6919949930907822
8,standard,30,0.72,-0.691294179249773
8,projected,30,0.72,-0.6924444656418715
8,slider,30,0.74,-0.6923504731058415
8,partial,30,0.74,-0.691821422220274
8,standard,31,0.74,-0.6914249897911265
8,projected,31,0.7,-0.6924748964113108
8,slider,31,0.76,-0.6923808525606809
8,partial,31,0.78,-0.6919020804238407
8,standard,32,0.76,-0.6915341734410633
8,projected,32,0.72,-0.6925096237863556
8,slider,32,0.76,-0.6924161272200169
8,partial,32,0.78,-0.6919742945797627
8,standard,33,0.74,-0.69151128126703
8,projected,33,0.72,-0.6924672603862099
8,slider,33,0.74,-0.6923791735666895
8,partial,33,0.8,-0.6919442080987657
8,standard,34,0.76,-0.6914326622957009
8,projected,34,0.74,-0.6924432811651607
8,slider,34,0.76,-0.6923544874051513
8,partial,34,0.76,-0.6918925637610078
8,standard,35,0.74,-0.6914447808322041
8,projected,35,0.74,-0.6924413890392913
8,slider,35,0.76,-0.6923343678896104
8,partial,35,0.74,-0.6918885432670361
8,standard,36,0.72,-0.6913333237345184
8,projected,36,0.74,-0.6924659742036582
8,slider,36,0.72,-0.6923397030661848
8,partial,36,0.74,-0.6918353423931323
8,standard,37,0.74,-0.6910794643595709
8,projected,37,0.74,-0.6924082525400622
8,slider,37,0.74,-0.6922657698914427
8,partial,37,0.76,-0.6916714578398253
8,standard,38,0.74,-0.690889302742979
8,projected,38,0.74,-0.6923628818424794
8,slider,38,0.74,-0.692227092239943
8,partial,38,0.76,-0.6915567630543952
8,standard,39,0.78,-0.6907035917997493
8,projected,39,0.76,-0.6923341386522206
8,slider,39,0.74,-0.6921941913747554
8,partial,39,0.78,-0.6914472393786029
8,standard,40,0.76,-0.6908670434165138
8,projected,40,0.74,-0.6923514699433748
8,slider,40,0.74,-0.6922116430086744
8,partial,40,0.76,-0.6915376003798354
8,standard,41,0.76,-0.6908464907447849
8,projected,41,0.76,-0.6923458347802335
8,slider,41,0.74,-0.6921981828335401
8,partial,41,0.78,-0.6915206275763123
8,standard,42,0.78,-0.6908946101599855
8,projected,42,0.76,-0.6923779045041456
8,slider,42,0.72,-0.6922087953725766
8,partial,42,0.78,-0.6915499939816688
8,standard,43,0.78,-0.6908220556061306
8,projected,43,0.76,-0.6923127107234147
8,slider,43,0.72,-0.6921418162310289
8,partial,43,0.78,-0.6914800951917839
8,standard,44,0.78,-0.69084634551309
8,projected,44,0.76,-0.6922826905539992
8,slider,44,0.72,-0.6921163093922783
8,partial,44,0.78,-0.6914795095259266
8,standard,45,0.76,-0.6908927775230304
8,projected,45,0.76,-0.6922841090423685
8,slider,45,0.72,-0.692111415104582
8,partial,45,0.76,-0.6915003137064589
8,standard,46,0.76,-0.69076153248733
8,projected,46,0.76,-0.6922181280001968
8,slider,46,0.74,-0.6920504434361778
8,partial,46,0.74,-0.6914040627362118
8,standard,47,0.76,-0.690738396787355
8,projected,47,0.76,-0.6922080698454849
8,slider,47,0.74,-0.6920388593558391
8,partial,47,0.74,-0.6913867564352805
8,standard,48,0.78,-0.6907009031914423
8,projected,48,0.76,-0.69220279521018
8,slider,48,0.74,-0.6920251905280539
8,partial,48,0.74,-0.6913610602719245
8,standard,49,0.8,-0.6906307734520472
8,projected,49,0.76,-0.692203943144019
8,slider,49,0.74,-0.692029493133926
8,partial,49,0.76,-0.691328121592607
8,standard,50,0.76,-0.6906971810008486
8,projected,50,0.76,-0.6921996777695055
8,slider,50,0.74,-0.6920157915706345
8,partial,50,0.78,-0.6913545030242543
12,standard,0,0.6,-0.6931471803599452
12,projected,0,0.6,-0.6931471803599452
12,slider,0,0.6,-0.6931471803599452
12,partial,0,0.6,-0.6931471803599452
12,standard,1,0.44,-0.6931366917525088
12,projected,1,0.6,-0.6931311744680344
12,slider,1,0.58,-0.6931298581715487
12,partial,1,0.5,-0.6931332349972918
12,standard,2,0.62,-0.6930727448832124
12,projected,2,0.6,-0.6931215474030661
12,slider,2,0.62,-0.6931152023940312
12,partial,2,0.58,-0.6930939358190834
12,standard,3,0.5,-0.6932881581868803
12,projected,3,0.58,-0.6930965564582786
12,slider,3,0.6,-0.6930869322182898
12,partial,3,0.56,-0.6931874475502936
12,standard,4,0.54,-0.6932134695229218
12,projected,4,0.58,-0.6930695425235628
12,slider,4,0.62,-0.6930596715916358
12,partial,4,0.6,-0.6931364435423066
12,standard,5,0.54,-0.6932435991836725
12,projected,5,0.56,-0.693060118036757
12,slider,5,0.64,-0.6930418800560345
12,partial,5,0.6,-0.6931425793760883
12,standard,6,0.48,-0.6930743287223623
12,projected,6,0.62,-0.6930320519594646
12,slider,6,0.68,-0.6930098563209754
12,partial,6,0.58,-0.6930418607684453
12,standard,7,0.5,-0.6931096325206084
12,projected,7,0.66,-0.6930181835275429
12,slider,7,0.7,-0.6929942457507304
12,partial,7,0.58,-0.6930516538843047
12,standard,8,0.52,-0.6930295931087614
12,projected,8,0.66,-0.6930271370207476
12,slider,8,0.74,-0.6929767972582352
12,partial,8,0.6,-0.6930028558428235
12,standard,9,0.5,-0.6930187951584829
12,projected,9,0.66,-0.6930144490539141
12,slider,9,0.76,-0.6929589136534235
12,partial,9,0.56,-0.6929884765888022
12,standard,10,0.52,-0.6928742443893031
12,projected,10,0.58,-0.6930055747818742
12,slider,10,0.72,-0.6929431443266654
12,partial,10,0.52,-0.6929082816231368
12,standard,11,0.56,-0.6926948130029565
12,projected,11,0.66,-0.6929751706023913
12,slider,11,0.76,-0.6929088950311595
12,partial,11,0.6,-0.6928013342608044
12,standard,12,0.58,-0.6926746360041177
12,projected,12,0.6,-0.6929794945334217
12,slider,12,0.68,-0.6929107758010314
12,partial,12,0.62,-0.6927921746702527
12,standard,13,0.64,-0.6923892106338448
12,projected,13,0.62,-0.692955428932153
12,slider,13,0.66,-0.692885708666685
12,partial,13,0.66,-0.6926368067825698
12,standard,14,0.66,-0.6923201006482708
12,projected,14,0.64,-0.6929507049196793
12,slider,14,0.64,-0.6928735460426309
12,partial,14,0.6,-0.6925961572595081
12,standard,15,0.66,-0.6921324109749591
12,projected,15,0.58,-0.6929421331297568
12,slider,15,0.62,-0.6928622617687273
12,partial,15,0.62,-0.6924963457781665
12,standard,16,0.64,-0.6920314286286781
12,projected,16,0.66,-0.6929017172270968
12,slider,16,0.7,-0.6928188740904752
12,partial,16,0.64,-0.6924241254557636
12,standard,17,0.64,-0.6918039223791109
12,projected,17,0.7,-0.6928672602638747
12,slider,17,0.66,-0.6927843893219681
12,partial,17,0.64,-0.6922929908706899
12,standard,18,0.66,-0.6919143221702363
12,projected,18,0.68,-0.6928791798823523
12,slider,18,0.68,-0.6927908384957168
12,partial,18,0.64,-0.6923514508752925
12,standard,19,0.64,-0.69178054749564
12,projected,19,0.68,-0.6928340140579161
12,slider,19,0.72,-0.6927441834023709
12,partial,19,0.68,-0.6922611736672692
12,standard,20,0.66,-0.691869917623223
12,projected,20,0.68,-0.6928263400248897
12,slider,20,0.7,-0.6927307275289263
12,partial,20,0.66,-0.6922991964461498
12,standard,21,0.64,-0.691794931611699
12,projected,21,0.64,-0.6927969527196873
12,slider,21,0.66,-0.6927000802888821
12,partial,21,0.64,-0.6922462655957452
12,standard,22,0.64,-0.691735509525679
12,projected,22,0.7,-0.6927902395691237
12,slider,22,0.68,-0.6926678095569773
12,partial,22,0.66,-0.6922003006395896
12,standard,23,0.68,-0.691657114659403
12,projected,23,0.66,-0.6928127112728626
12,slider,23,0.66,-0.6926904403187867
12,partial,23,0.66,-0.6921723966869965
12,standard,24,0.66,-0.6915327154778024
12,projected,24,0.64,-0.6927899114396062
12,slider,24,0.68,-0.6926660197782692
12,partial,24,0.62,-0.6920978414029513
12,standard,25,0.64,-0.6915256522330797
12,projected,25,0.6,-0.6927739552829483
12,slider,25,0.66,-0.6926461492388354
12,partial,25,0.6,-0.6920842941225303
12,standard,26,0.62,-0.6915775121586504
12,projected,26,0.6,-0.6927406437499084
12,slider,26,0.66,-0.6926088831084514
12,partial,26,0.6,-0.6920916180047118
12,standard,27,0.64,-0.6915640853161098
12,projected,27,0.6,-0.6927366189262963
12,slider,27,0.64,-0.6925961593029016
12,partial,27,0.6,-0.6920785482669248
12,standard,28,0.66,-0.6915727615046781
12,projected,28,0.6,-0.6927405314851023
12,slider,28,0.66,-0.6925963026731848
12,partial,28,0.62,-0.692082793169487
12,standard,29,0.62,-0.6916605484230562
12,projected,29,0.6,-0.6927295385559422
12,slider,29,0.62,-0.692577281660866
12,partial,29,0.58,-0.6921171055966531
12,standard,30,0.64,-0.6916416842877492
12,projected,30,0.62,-0.6927169161785897
12,slider,30,0.62,-0.6925578406846721
12,partial,30,0.58,-0.6920977548547325
12,standard,31,0.64,-0.691326552718464
12,projected,31,0.64,-0.692691488315852
12,slider,31,0.62,-0.692523999173563
12,partial,31,0.62,-0.6919225214539724
12,standard,32,0.66,-0.6910769979007072
12,projected,32,0.62,-0.6926959913828347
12,slider,32,0.62,-0.6925224252765428
12,partial,32,0.58,-0.6917963335049354
12,standard,33,0.66,-0.6909282887166457
12,projected,33,0.62,-0.6926944316692583
12,slider,33,0.62,-0.6925275681298146
12,partial,33,0.62,-0.6917244323059701
12,standard,34,0.68,-0.6909037504558663
12,projected,34,0.62,-0.6927206024670202
12,slider,34,0.6,-0.6925487026396492
12,partial,34,0.64,-0.6917226072335794
12,standard,35,0.68,-0.6908808514660352
12,projected,35,0.62,-0.692725775971483
12,slider,35,0.6,-0.6925544730102301
12,partial,35,0.66,-0.6917142770579997
12,standard,36,0.7,-0.6907950119109643
12,projected,36,0.64,-0.6927010450120709
12,slider,36,0.6,-0.692530330639273
12,partial,36,0.7,-0.6916593120023465
12,standard,37,0.7,-0.6908460500716701
12,projected,37,0.7,-0.6927116157725652
12,slider,37,0.62,-0.6925224151398709
12,partial,37,0.68,-0.6916809919554221
12,standard,38,0.72,-0.6910211706948626
12,projected,38,0.68,-0.6927173604405134
12,slider,38,0.64,-0.692516700358234
12,partial,38,0.68,-0.6917659007768444
12,standard,39,0.7,-0.6910893431332527
12,projected,39,0.66,-0.6926950372610652
12,slider,39,0.62,-0.6924841879237894
12,partial,39,0.68,-0.691783709730134
12,standard,40,0.64,-0.6911050719731349
12,projected,40,0.64,-0.692710917178784
12,slider,40,0.62,-0.6924764290567238
12,partial,40,0.66,-0.6917875467468764
12,standard,41,0.66,-0.691136601109516
12,projected,41,0.64,-0.6927052050259849
12,slider,41,0.64,-0.6924665531978512
12,partial,41,0.64,-0.6917983979223007
12,standard,42,0.66,-0.691229255017706
12,projected,42,0.64,-0.6927365024077706
12,slider,42,0.62,-0.6925046594912361
12,partial,42,0.66,-0.6918638074607236
12,standard,43,0.68,-0.691182531924647
12,projected,43,0.64,-0.6927199401213486
12,slider,43,0.64,-0.6924849967136446
12,partial,43,0.62,-0.6918305936301385
12,standard,44,0.68,-0.691082103316974
12,projected,44,0.64,-0.6927176234721502
12,slider,44,0.6,-0.6924809227225751
12,partial,44,0.62,-0.6917782737450271
12,standard,45,0.66,-0.6909863822546146
12,projected,45,0.66,-0.6927217034370982
12,slider,45,0.6,-0.6924763535675669
12,partial,45,0.62,-0.6917279041396371
12,standard,46,0.68,-0.6909547194931389
12,projected,46,0.66,-0.6927147118008553
12,slider,46,0.62,-0.6924654152300629
12,partial,46,0.64,-0.6917066312825801
12,standard,47,0.68,-0.6909401954990652
12,projected,47,0.68,-0.6927112296293155
12,slider,47,0.6,-0.6924608002272946
12,partial,47,0.62,-0.6916968660472159
12,standard,48,0.64,-0.6908420058219127
12,projected,48,0.64,-0.6926744545502642
12,slider,48,0.6,-0.6924218475428735
12,partial,48,0.66,-0.691628162915632
12,standard,49,0.62,-0.6906546422566606
12,projected,49,0.62,-0.6926399874383433
12,slider,49,0.6,-0.6923751133978322
12,partial,49,0.68,-0.6915111825875947
12,standard,50,0.64,-0.6905507513187966
12,projected,50,0.62,-0.6926326584377033
12,slider,50,0.64,-0.6923658737115769
12,partial,50,0.68,-0.6914548029911911
