persona_id,condition,fit_type,n_trials,test_acc,test_ll
1,choice_only,standard,1,0.44,-0.693557547888497
1,choice_only,projected,1,0.54,-0.6945654728083249
1,choice_only,partial,1,0.54,-0.6945654728083249
1,choice_only,standard,2,0.52,-0.6933012728611777
1,choice_only,projected,2,0.54,-0.6936585803807519
1,choice_only,partial,2,0.54,-0.6936585803807519
1,choice_only,standard,3,0.46,-0.6934851725866232
1,choice_only,projected,3,0.58,-0.6940646867446639
1,choice_only,partial,3,0.58,-0.6940646867446639
1,choice_only,standard,4,0.52,-0.6936387069212158
1,choice_only,projected,4,0.52,-0.6939578210760239
1,choice_only,partial,4,0.52,-0.6939578210760239
1,choice_only,standard,5,0.42,-0.6935766471232987
1,choice_only,projected,5,0.4,-0.695595810325135
1,choice_only,partial,5,0.4,-0.695595810325135
1,choice_only,standard,6,0.42,-0.6936735471121352
1,choice_only,projected,6,0.5,-0.6963548833535733
1,choice_only,partial,6,0.5,-0.6963548833535733
1,choice_only,standard,7,0.42,-0.693093575727182
1,choice_only,projected,7,0.5,-0.6930233540824514
1,choice_only,partial,7,0.5,-0.6930233540824514
1,choice_only,standard,8,0.48,-0.6929704376812278
1,choice_only,projected,8,0.54,-0.6942787794979242
1,choice_only,partial,8,0.54,-0.6942787794979242
1,choice_only,standard,9,0.5,-0.6933363419761003
1,choice_only,projected,9,0.54,-0.6962297788659604
1,choice_only,partial,9,0.54,-0.6962297788659604
1,choice_only,standard,10,0.42,-0.693554717361437
1,choice_only,projected,10,0.54,-0.6946599821029145
1,choice_only,partial,10,0.54,-0.6946599821029145
1,choice_only,standard,11,0.44,-0.6935683167780118
1,choice_only,projected,11,0.5,-0.6948355000949604
1,choice_only,partial,11,0.5,-0.6948355000949604
1,choice_only,standard,12,0.5,-0.693632035668247
1,choice_only,projected,12,0.44,-0.6980278741229737
1,choice_only,partial,12,0.44,-0.6980278741229737
1,choice_only,standard,13,0.46,-0.6936493275762892
1,choice_only,projected,13,0.44,-0.6961592319054486
1,choice_only,partial,13,0.44,-0.6961592319054486
1,choice_only,standard,14,0.52,-0.6932130745213712
1,choice_only,projected,14,0.44,-0.6979025115087234
1,choice_only,partial,14,0.44,-0.6979025115087234
1,choice_only,standard,15,0.54,-0.6928432759693648
1,choice_only,projected,15,0.46,-0.6974617207501629
1,choice_only,partial,15,0.46,-0.6974617207501629
1,choice_only,standard,16,0.58,-0.6932543507864086
1,choice_only,projected,16,0.48,-0.6990620806426645
1,choice_only,partial,16,0.48,-0.6990620806426645
1,choice_only,standard,17,0.5,-0.6936854231317746
1,choice_only,projected,17,0.5,-0.701155677278208
1,choice_only,partial,17,0.5,-0.701155677278208
1,choice_only,standard,18,0.52,-0.6932836029560805
1,choice_only,projected,18,0.5,-0.6983138614681329
1,choice_only,partial,18,0.5,-0.6983138614681329
1,choice_only,standard,19,0.5,-0.6933129054085062
1,choice_only,projected,19,0.48,-0.6994919250268039
1,choice_only,partial,19,0.48,-0.6994919250268039
1,choice_only,standard,20,0.5,-0.6934353684565238
1,choice_only,projected,20,0.52,-0.7044384597969447
1,choice_only,partial,20,0.52,-0.7044384597969447
1,inference_affirm,standard,1,0.44,-0.693557547888497
1,inference_affirm,projected,1,0.54,-0.6945654728083249
1,inference_affirm,partial,1,0.46,-0.6964274584942217
1,inference_affirm,standard,2,0.52,-0.6933012728611777
1,inference_affirm,projected,2,0.54,-0.6936585803807519
1,inference_affirm,partial,2,0.48,-0.6944285049439504
1,inference_affirm,standard,3,0.46,-0.6934851725866232
1,inference_affirm,projected,3,0.58,-0.6940646867446639
1,inference_affirm,partial,3,0.48,-0.6916583187656166
1,inference_affirm,standard,4,0.52,-0.6936387069212158
1,inference_affirm,projected,4,0.52,-0.6939578210760239
1,inference_affirm,partial,4,0.48,-0.6915250065963217
1,inference_affirm,standard,5,0.42,-0.6935766471232987
1,inference_affirm,projected,5,0.4,-0.695595810325135
1,inference_affirm,partial,5,0.42,-0.6979663600071572
1,inference_affirm,standard,6,0.42,-0.6936735471121352
1,inference_affirm,projected,6,0.5,-0.6963548833535733
1,inference_affirm,partial,6,0.46,-0.6962599763032419
1,inference_affirm,standard,7,0.42,-0.693093575727182
1,inference_affirm,projected,7,0.5,-0.6930233540824514
1,inference_affirm,partial,7,0.46,-0.6966172967134824
1,inference_affirm,standard,8,0.48,-0.6929704376812278
1,inference_affirm,projected,8,0.54,-0.6942787794979242
1,inference_affirm,partial,8,0.48,-0.7013766247949371
1,inference_affirm,standard,9,0.5,-0.6933363419761003
1,inference_affirm,projected,9,0.54,-0.6962297788659604
1,inference_affirm,partial,9,0.46,-0.7024870086458672
1,inference_affirm,standard,10,0.42,-0.693554717361437
1,inference_affirm,projected,10,0.54,-0.6946599821029145
1,inference_affirm,partial,10,0.5,-0.7000084835851035
1,inference_affirm,standard,11,0.44,-0.6935683167780118
1,inference_affirm,projected,11,0.5,-0.6948355000949604
1,inference_affirm,partial,11,0.5,-0.7004601951402786
1,inference_affirm,standard,12,0.5,-0.693632035668247
1,inference_affirm,projected,12,0.44,-0.6980278741229737
1,inference_affirm,partial,12,0.48,-0.7043774789754704
1,inference_affirm,standard,13,0.46,-0.6936493275762892
1,inference_affirm,projected,13,0.44,-0.6961592319054486
1,inference_affirm,partial,13,0.44,-0.7050329701695734
1,inference_affirm,standard,14,0.52,-0.6932130745213712
1,inference_affirm,projected,14,0.44,-0.6979025115087234
1,inference_affirm,partial,14,0.46,-0.704456175076077
1,inference_affirm,standard,15,0.54,-0.6928432759693648
1,inference_affirm,projected,15,0.46,-0.6974617207501629
1,inference_affirm,partial,15,0.48,-0.7025252541373435
1,inference_affirm,standard,16,0.58,-0.6932543507864086
1,inference_affirm,projected,16,0.48,-0.6990620806426645
1,inference_affirm,partial,16,0.42,-0.7010059876488504
1,inference_affirm,standard,17,0.5,-0.6936854231317746
1,inference_affirm,projected,17,0.5,-0.701155677278208
1,inference_affirm,partial,17,0.44,-0.696601412399567
1,inference_affirm,standard,18,0.52,-0.6932836029560805
1,inference_affirm,projected,18,0.5,-0.6983138614681329
1,inference_affirm,partial,18,0.44,-0.6969208850294798
1,inference_affirm,standard,19,0.5,-0.6933129054085062
1,inference_affirm,projected,19,0.48,-0.6994919250268039
1,inference_affirm,partial,19,0.44,-0.696835748234945
1,inference_affirm,standard,20,0.5,-0.6934353684565238
1,inference_affirm,projected,20,0.52,-0.7044384597969447
1,inference_affirm,partial,20,0.46,-0.6965158345352485
1,inference_categories,standard,1,0.44,-0.693557547888497
1,inference_categories,projected,1,0.54,-0.6945654728083249
1,inference_categories,partial,1,0.5,-0.6959989903343116
1,inference_categories,standard,2,0.52,-0.6933012728611777
1,inference_categories,projected,2,0.54,-0.6936585803807519
1,inference_categories,partial,2,0.5,-0.6934545668444198
1,inference_categories,standard,3,0.46,-0.6934851725866232
1,inference_categories,projected,3,0.58,-0.6940646867446639
1,inference_categories,partial,3,0.48,-0.6967034608842022
1,inference_categories,standard,4,0.52,-0.6936387069212158
1,inference_categories,projected,4,0.52,-0.6939578210760239
1,inference_categories,partial,4,0.42,-0.6960088367120845
1,inference_categories,standard,5,0.42,-0.6935766471232987
1,inference_categories,projected,5,0.4,-0.695595810325135
1,inference_categories,partial,5,0.36,-0.7058964239006787
1,inference_categories,standard,6,0.42,-0.6936735471121352
1,inference_categories,projected,6,0.5,-0.6963548833535733
1,inference_categories,partial,6,0.4,-0.7084796791247256
1,inference_categories,standard,7,0.42,-0.693093575727182
1,inference_categories,projected,7,0.5,-0.6930233540824514
1,inference_categories,partial,7,0.46,-0.7040686224139077
1,inference_categories,standard,8,0.48,-0.6929704376812278
1,inference_categories,projected,8,0.54,-0.6942787794979242
1,inference_categories,partial,8,0.5,-0.7032057252748016
1,inference_categories,standard,9,0.5,-0.6933363419761003
1,inference_categories,projected,9,0.54,-0.6962297788659604
1,inference_categories,partial,9,0.48,-0.704326829662652
1,inference_categories,standard,10,0.42,-0.693554717361437
1,inference_categories,projected,10,0.54,-0.6946599821029145
1,inference_categories,partial,10,0.48,-0.7031822659748034
1,inference_categories,standard,11,0.44,-0.6935683167780118
1,inference_categories,projected,11,0.5,-0.6948355000949604
1,inference_categories,partial,11,0.44,-0.7036740211863836
1,inference_categories,standard,12,0.5,-0.693632035668247
1,inference_categories,projected,12,0.44,-0.6980278741229737
1,inference_categories,partial,12,0.48,-0.7050540332008979
1,inference_categories,standard,13,0.46,-0.6936493275762892
1,inference_categories,projected,13,0.44,-0.6961592319054486
1,inference_categories,partial,13,0.38,-0.7072424093097537
1,inference_categories,standard,14,0.52,-0.6932130745213712
1,inference_categories,projected,14,0.44,-0.6979025115087234
1,inference_categories,partial,14,0.46,-0.7094740758996698
1,inference_categories,standard,15,0.54,-0.6928432759693648
1,inference_categories,projected,15,0.46,-0.6974617207501629
1,inference_categories,partial,15,0.44,-0.7091315488139442
1,inference_categories,standard,16,0.58,-0.6932543507864086
1,inference_categories,projected,16,0.48,-0.6990620806426645
1,inference_categories,partial,16,0.46,-0.7037028672891078
1,inference_categories,standard,17,0.5,-0.6936854231317746
1,inference_categories,projected,17,0.5,-0.701155677278208
1,inference_categories,partial,17,0.44,-0.7074224322975414
1,inference_categories,standard,18,0.52,-0.6932836029560805
1,inference_categories,projected,18,0.5,-0.6983138614681329
1,inference_categories,partial,18,0.44,-0.7067113914883744
1,inference_categories,standard,19,0.5,-0.6933129054085062
1,inference_categories,projected,19,0.48,-0.6994919250268039
1,inference_categories,partial,19,0.46,-0.7092501815663538
1,inference_categories,standard,20,0.5,-0.6934353684565238
1,inference_categories,projected,20,0.52,-0.7044384597969447
1,inference_categories,partial,20,0.46,-0.7129215625535007
3,choice_only,standard,1,0.5,-0.6929029592379489
3,choice_only,projected,1,0.44,-0.6944471680599935
3,choice_only,partial,1,0.44,-0.6944471680599935
3,choice_only,standard,2,0.48,-0.6928855134745231
3,choice_only,projected,2,0.44,-0.6945118651394631
3,choice_only,partial,2,0.44,-0.6945118651394631
3,choice_only,standard,3,0.54,-0.6927550043448281
3,choice_only,projected,3,0.48,-0.6921638780052426
3,choice_only,partial,3,0.48,-0.6921638780052426
3,choice_only,standard,4,0.58,-0.6924644754283529
3,choice_only,projected,4,0.5,-0.6910731827918601
3,choice_only,partial,4,0.5,-0.6910731827918601
3,choice_only,standard,5,0.56,-0.6922344012972584
3,choice_only,projected,5,0.52,-0.6898869024925347
3,choice_only,partial,5,0.52,-0.6898869024925347
3,choice_only,standard,6,0.56,-0.6923141909185375
3,choice_only,projected,6,0.54,-0.6889818133563529
3,choice_only,partial,6,0.54,-0.6889818133563529
3,choice_only,standard,7,0.54,-0.6926321406181699
3,choice_only,projected,7,0.54,-0.6876864662530423
3,choice_only,partial,7,0.54,-0.6876864662530423
3,choice_only,standard,8,0.5,-0.6931495448231345
3,choice_only,projected,8,0.54,-0.6912857226982425
3,choice_only,partial,8,0.54,-0.6912857226982425
3,choice_only,standard,9,0.48,-0.6934326880747278
3,choice_only,projected,9,0.52,-0.6940479126123943
3,choice_only,partial,9,0.52,-0.6940479126123943
3,choice_only,standard,10,0.52,-0.6929398969168413
3,choice_only,projected,10,0.58,-0.688442632656537
3,choice_only,partial,10,0.58,-0.688442632656537
3,choice_only,standard,11,0.48,-0.6933763889845905
3,choice_only,projected,11,0.54,-0.6933037792891795
3,choice_only,partial,11,0.54,-0.6933037792891795
3,choice_only,standard,12,0.4,-0.69375107978286
3,choice_only,projected,12,0.56,-0.6948920791116783
3,choice_only,partial,12,0.56,-0.6948920791116783
3,choice_only,standard,13,0.5,-0.6926059583709079
3,choice_only,projected,13,0.58,-0.6880768962000116
3,choice_only,partial,13,0.58,-0.6880768962000116
3,choice_only,standard,14,0.52,-0.6926881855323779
3,choice_only,projected,14,0.58,-0.6858067706438574
3,choice_only,partial,14,0.58,-0.6858067706438574
3,choice_only,standard,15,0.56,-0.6925311479355046
3,choice_only,projected,15,0.5,-0.6868826321978598
3,choice_only,partial,15,0.5,-0.6868826321978598
3,choice_only,standard,16,0.44,-0.6927832357843117
3,choice_only,projected,16,0.54,-0.687505474523822
3,choice_only,partial,16,0.54,-0.687505474523822
3,choice_only,standard,17,0.5,-0.6929214187374971
3,choice_only,projected,17,0.58,-0.686289428254979
3,choice_only,partial,17,0.58,-0.686289428254979
3,choice_only,standard,18,0.54,-0.6919158688175436
3,choice_only,projected,18,0.56,-0.6801964915670687
3,choice_only,partial,18,0.56,-0.6801964915670687
3,choice_only,standard,19,0.5,-0.692549428785064
3,choice_only,projected,19,0.58,-0.6880412675034259
3,choice_only,partial,19,0.58,-0.6880412675034259
3,choice_only,standard,20,0.5,-0.6930709061291277
3,choice_only,projected,20,0.56,-0.6929501515027967
3,choice_only,partial,20,0.56,-0.6929501515027967
3,inference_affirm,standard,1,0.5,-0.6929029592379489
3,inference_affirm,projected,1,0.44,-0.6944471680599935
3,inference_affirm,partial,1,0.5,-0.6907964544014559
3,inference_affirm,standard,2,0.48,-0.6928855134745231
3,inference_affirm,projected,2,0.44,-0.6945118651394631
3,inference_affirm,partial,2,0.5,-0.6910520962122391
3,inference_affirm,standard,3,0.54,-0.6927550043448281
3,inference_affirm,projected,3,0.48,-0.6921638780052426
3,inference_affirm,partial,3,0.52,-0.687617335371683
3,inference_affirm,standard,4,0.58,-0.6924644754283529
3,inference_affirm,projected,4,0.5,-0.6910731827918601
3,inference_affirm,partial,4,0.54,-0.6859116452522852
3,inference_affirm,standard,5,0.56,-0.6922344012972584
3,inference_affirm,projected,5,0.52,-0.6898869024925347
3,inference_affirm,partial,5,0.52,-0.6884499566333256
3,inference_affirm,standard,6,0.56,-0.6923141909185375
3,inference_affirm,projected,6,0.54,-0.6889818133563529
3,inference_affirm,partial,6,0.5,-0.6859345729564694
3,inference_affirm,standard,7,0.54,-0.6926321406181699
3,inference_affirm,projected,7,0.54,-0.6876864662530423
3,inference_affirm,partial,7,0.6,-0.6854728917656695
3,inference_affirm,standard,8,0.5,-0.6931495448231345
3,inference_affirm,projected,8,0.54,-0.6912857226982425
3,inference_affirm,partial,8,0.6,-0.6848794351147838
3,inference_affirm,standard,9,0.48,-0.6934326880747278
3,inference_affirm,projected,9,0.52,-0.6940479126123943
3,inference_affirm,partial,9,0.54,-0.6830918507342929
3,inference_affirm,standard,10,0.52,-0.6929398969168413
3,inference_affirm,projected,10,0.58,-0.688442632656537
3,inference_affirm,partial,10,0.54,-0.6787220745100039
3,inference_affirm,standard,11,0.48,-0.6933763889845905
3,inference_affirm,projected,11,0.54,-0.6933037792891795
3,inference_affirm,partial,11,0.56,-0.679082879303055
3,inference_affirm,standard,12,0.4,-0.69375107978286
3,inference_affirm,projected,12,0.56,-0.6948920791116783
3,inference_affirm,partial,12,0.6,-0.6866540805555512
3,inference_affirm,standard,13,0.5,-0.6926059583709079
3,inference_affirm,projected,13,0.58,-0.6880768962000116
3,inference_affirm,partial,13,0.52,-0.6833669825376139
3,inference_affirm,standard,14,0.52,-0.6926881855323779
3,inference_affirm,projected,14,0.58,-0.6858067706438574
3,inference_affirm,partial,14,0.52,-0.683456869590207
3,inference_affirm,standard,15,0.56,-0.6925311479355046
3,inference_affirm,projected,15,0.5,-0.6868826321978598
3,inference_affirm,partial,15,0.52,-0.684769230465984
3,inference_affirm,standard,16,0.44,-0.6927832357843117
3,inference_affirm,projected,16,0.54,-0.687505474523822
3,inference_affirm,partial,16,0.52,-0.6924707587812832
3,inference_affirm,standard,17,0.5,-0.6929214187374971
3,inference_affirm,projected,17,0.58,-0.686289428254979
3,inference_affirm,partial,17,0.54,-0.6899655125240152
3,inference_affirm,standard,18,0.54,-0.6919158688175436
3,inference_affirm,projected,18,0.56,-0.6801964915670687
3,inference_affirm,partial,18,0.56,-0.6862579968291129
3,inference_affirm,standard,19,0.5,-0.692549428785064
3,inference_affirm,projected,19,0.58,-0.6880412675034259
3,inference_affirm,partial,19,0.58,-0.6881591499241704
3,inference_affirm,standard,20,0.5,-0.6930709061291277
3,inference_affirm,projected,20,0.56,-0.6929501515027967
3,inference_affirm,partial,20,0.54,-0.687333186089267
3,inference_categories,standard,1,0.5,-0.6929029592379489
3,inference_categories,projected,1,0.44,-0.6944471680599935
3,inference_categories,partial,1,0.52,-0.6916038995398623
3,inference_categories,standard,2,0.48,-0.6928855134745231
3,inference_categories,projected,2,0.44,-0.6945118651394631
3,inference_categories,partial,2,0.48,-0.6916241133963085
3,inference_categories,standard,3,0.54,-0.6927550043448281
3,inference_categories,projected,3,0.48,-0.6921638780052426
3,inference_categories,partial,3,0.48,-0.6911942989536507
3,inference_categories,standard,4,0.58,-0.6924644754283529
3,inference_categories,projected,4,0.5,-0.6910731827918601
3,inference_categories,partial,4,0.5,-0.6902648136087443
3,inference_categories,standard,5,0.56,-0.6922344012972584
3,inference_categories,projected,5,0.52,-0.6898869024925347
3,inference_categories,partial,5,0.4,-0.6951070819230303
3,inference_categories,standard,6,0.56,-0.6923141909185375
3,inference_categories,projected,6,0.54,-0.6889818133563529
3,inference_categories,partial,6,0.46,-0.6979036456416376
3,inference_categories,standard,7,0.54,-0.6926321406181699
3,inference_categories,projected,7,0.54,-0.6876864662530423
3,inference_categories,partial,7,0.5,-0.6947077249254897
3,inference_categories,standard,8,0.5,-0.6931495448231345
3,inference_categories,projected,8,0.54,-0.6912857226982425
3,inference_categories,partial,8,0.48,-0.698170355650352
3,inference_categories,standard,9,0.48,-0.6934326880747278
3,inference_categories,projected,9,0.52,-0.6940479126123943
3,inference_categories,partial,9,0.56,-0.695458806477048
3,inference_categories,standard,10,0.52,-0.6929398969168413
3,inference_categories,projected,10,0.58,-0.688442632656537
3,inference_categories,partial,10,0.54,-0.6903803187191929
3,inference_categories,standard,11,0.48,-0.6933763889845905
3,inference_categories,projected,11,0.54,-0.6933037792891795
3,inference_categories,partial,11,0.52,-0.6911812330004036
3,inference_categories,standard,12,0.4,-0.69375107978286
3,inference_categories,projected,12,0.56,-0.6948920791116783
3,inference_categories,partial,12,0.52,-0.6985430153912975
3,inference_categories,standard,13,0.5,-0.6926059583709079
3,inference_categories,projected,13,0.58,-0.6880768962000116
3,inference_categories,partial,13,0.52,-0.6926965181826316
3,inference_categories,standard,14,0.52,-0.6926881855323779
3,inference_categories,projected,14,0.58,-0.6858067706438574
3,inference_categories,partial,14,0.58,-0.6928651654960454
3,inference_categories,standard,15,0.56,-0.6925311479355046
3,inference_categories,projected,15,0.5,-0.6868826321978598
3,inference_categories,partial,15,0.56,-0.6940503124633053
3,inference_categories,standard,16,0.44,-0.6927832357843117
3,inference_categories,projected,16,0.54,-0.687505474523822
3,inference_categories,partial,16,0.52,-0.701609640752962
3,inference_categories,standard,17,0.5,-0.6929214187374971
3,inference_categories,projected,17,0.58,-0.686289428254979
3,inference_categories,partial,17,0.6,-0.697319006386839
3,inference_categories,standard,18,0.54,-0.6919158688175436
3,inference_categories,projected,18,0.56,-0.6801964915670687
3,inference_categories,partial,18,0.6,-0.6930876595260131
3,inference_categories,standard,19,0.5,-0.692549428785064
3,inference_categories,projected,19,0.58,-0.6880412675034259
3,inference_categories,partial,19,0.58,-0.7001337224153917
3,inference_categories,standard,20,0.5,-0.6930709061291277
3,inference_categories,projected,20,0.56,-0.6929501515027967
3,inference_categories,partial,20,0.48,-0.7029778755238535
0,choice_only,standard,1,0.38,-0.6938001963357459
0,choice_only,projected,1,0.46,-0.692696827846162
0,choice_only,partial,1,0.46,-0.692696827846162
0,choice_only,standard,2,0.44,-0.6925978879871149
0,choice_only,projected,2,0.58,-0.6866936365769508
0,choice_only,partial,2,0.58,-0.6866936365769508
0,choice_only,standard,3,0.48,-0.6931871096679894
0,choice_only,projected,3,0.54,-0.6870851925662801
0,choice_only,partial,3,0.54,-0.6870851925662801
0,choice_only,standard,4,0.44,-0.693617341758152
0,choice_only,projected,4,0.5,-0.6911411745799174
0,choice_only,partial,4,0.5,-0.6911411745799174
0,choice_only,standard,5,0.42,-0.6938702193331465
0,choice_only,projected,5,0.54,-0.6914422557184358
0,choice_only,partial,5,0.54,-0.6914422557184358
0,choice_only,standard,6,0.48,-0.6942409135480868
0,choice_only,projected,6,0.48,-0.6967539800576265
0,choice_only,partial,6,0.48,-0.6967539800576265
0,choice_only,standard,7,0.52,-0.6936833327075184
0,choice_only,projected,7,0.54,-0.689139441829427
0,choice_only,partial,7,0.54,-0.689139441829427
0,choice_only,standard,8,0.44,-0.6945370458248107
0,choice_only,projected,8,0.58,-0.6937660354137168
0,choice_only,partial,8,0.58,-0.6937660354137168
0,choice_only,standard,9,0.52,-0.6937233969035455
0,choice_only,projected,9,0.52,-0.694284106479402
0,choice_only,partial,9,0.52,-0.694284106479402
0,choice_only,standard,10,0.52,-0.6938646811017118
0,choice_only,projected,10,0.46,-0.6972739664551658
0,choice_only,partial,10,0.46,-0.6972739664551658
0,choice_only,standard,11,0.44,-0.6941562667857117
0,choice_only,projected,11,0.52,-0.6961844636296938
0,choice_only,partial,11,0.52,-0.6961844636296938
0,choice_only,standard,12,0.5,-0.693251103164069
0,choice_only,projected,12,0.62,-0.6819621018439854
0,choice_only,partial,12,0.62,-0.6819621018439854
0,choice_only,standard,13,0.5,-0.6929991441609742
0,choice_only,projected,13,0.58,-0.6853814022515369
0,choice_only,partial,13,0.58,-0.6853814022515369
0,choice_only,standard,14,0.48,-0.6934555508067093
0,choice_only,projected,14,0.56,-0.684285724917222
0,choice_only,partial,14,0.56,-0.684285724917222
0,choice_only,standard,15,0.48,-0.69359920835852
0,choice_only,projected,15,0.56,-0.6852910744250128
0,choice_only,partial,15,0.56,-0.6852910744250128
0,choice_only,standard,16,0.48,-0.6936605334174127
0,choice_only,projected,16,0.54,-0.6888182100243845
0,choice_only,partial,16,0.54,-0.6888182100243845
0,choice_only,standard,17,0.46,-0.6942103417701172
0,choice_only,projected,17,0.56,-0.6878609016654106
0,choice_only,partial,17,0.56,-0.6878609016654106
0,choice_only,standard,18,0.46,-0.6931154448067276
0,choice_only,projected,18,0.6,-0.679502945888771
0,choice_only,partial,18,0.6,-0.679502945888771
0,choice_only,standard,19,0.5,-0.6926486743240358
0,choice_only,projected,19,0.58,-0.6788065787566534
0,choice_only,partial,19,0.58,-0.6788065787566534
0,choice_only,standard,20,0.5,-0.692535470219876
0,choice_only,projected,20,0.58,-0.6833266940575032
0,choice_only,partial,20,0.58,-0.6833266940575032
0,inference_affirm,standard,1,0.38,-0.6938001963357459
0,inference_affirm,projected,1,0.46,-0.692696827846162
0,inference_affirm,partial,1,0.5,-0.6930335740309712
0,inference_affirm,standard,2,0.44,-0.6925978879871149
0,inference_affirm,projected,2,0.58,-0.6866936365769508
0,inference_affirm,partial,2,0.54,-0.697423815503453
0,inference_affirm,standard,3,0.48,-0.6931871096679894
0,inference_affirm,projected,3,0.54,-0.6870851925662801
0,inference_affirm,partial,3,0.5,-0.6994455448604415
0,inference_affirm,standard,4,0.44,-0.693617341758152
0,inference_affirm,projected,4,0.5,-0.6911411745799174
0,inference_affirm,partial,4,0.5,-0.7036927303316851
0,inference_affirm,standard,5,0.42,-0.6938702193331465
0,inference_affirm,projected,5,0.54,-0.6914422557184358
0,inference_affirm,partial,5,0.44,-0.7005595044642101
0,inference_affirm,standard,6,0.48,-0.6942409135480868
0,inference_affirm,projected,6,0.48,-0.6967539800576265
0,inference_affirm,partial,6,0.44,-0.7042248930489508
0,inference_affirm,standard,7,0.52,-0.6936833327075184
0,inference_affirm,projected,7,0.54,-0.689139441829427
0,inference_affirm,partial,7,0.48,-0.6982463836782605
0,inference_affirm,standard,8,0.44,-0.6945370458248107
0,inference_affirm,projected,8,0.58,-0.6937660354137168
0,inference_affirm,partial,8,0.44,-0.6990957398609586
0,inference_affirm,standard,9,0.52,-0.6937233969035455
0,inference_affirm,projected,9,0.52,-0.694284106479402
0,inference_affirm,partial,9,0.5,-0.6955776171030693
0,inference_affirm,standard,10,0.52,-0.6938646811017118
0,inference_affirm,projected,10,0.46,-0.6972739664551658
0,inference_affirm,partial,10,0.46,-0.7005136325417038
0,inference_affirm,standard,11,0.44,-0.6941562667857117
0,inference_affirm,projected,11,0.52,-0.6961844636296938
0,inference_affirm,partial,11,0.46,-0.7004744334258164
0,inference_affirm,standard,12,0.5,-0.693251103164069
0,inference_affirm,projected,12,0.62,-0.6819621018439854
0,inference_affirm,partial,12,0.56,-0.6981509706975999
0,inference_affirm,standard,13,0.5,-0.6929991441609742
0,inference_affirm,projected,13,0.58,-0.6853814022515369
0,inference_affirm,partial,13,0.5,-0.6949731796382917
0,inference_affirm,standard,14,0.48,-0.6934555508067093
0,inference_affirm,projected,14,0.56,-0.684285724917222
0,inference_affirm,partial,14,0.5,-0.6957177130374431
0,inference_affirm,standard,15,0.48,-0.69359920835852
0,inference_affirm,projected,15,0.56,-0.6852910744250128
0,inference_affirm,partial,15,0.48,-0.6939209801663618
0,inference_affirm,standard,16,0.48,-0.6936605334174127
0,inference_affirm,projected,16,0.54,-0.6888182100243845
0,inference_affirm,partial,16,0.48,-0.6971841468298494
0,inference_affirm,standard,17,0.46,-0.6942103417701172
0,inference_affirm,projected,17,0.56,-0.6878609016654106
0,inference_affirm,partial,17,0.48,-0.70161464320695
0,inference_affirm,standard,18,0.46,-0.6931154448067276
0,inference_affirm,projected,18,0.6,-0.679502945888771
0,inference_affirm,partial,18,0.52,-0.6953196409109911
0,inference_affirm,standard,19,0.5,-0.6926486743240358
0,inference_affirm,projected,19,0.58,-0.6788065787566534
0,inference_affirm,partial,19,0.5,-0.6944035552509925
0,inference_affirm,standard,20,0.5,-0.692535470219876
0,inference_affirm,projected,20,0.58,-0.6833266940575032
0,inference_affirm,partial,20,0.5,-0.6925076714598235
0,inference_categories,standard,1,0.38,-0.6938001963357459
0,inference_categories,projected,1,0.46,-0.692696827846162
0,inference_categories,partial,1,0.44,-0.6926728930219122
0,inference_categories,standard,2,0.44,-0.6925978879871149
0,inference_categories,projected,2,0.58,-0.6866936365769508
0,inference_categories,partial,2,0.56,-0.6961450898591178
0,inference_categories,standard,3,0.48,-0.6931871096679894
0,inference_categories,projected,3,0.54,-0.6870851925662801
0,inference_categories,partial,3,0.48,-0.6958845369933384
0,inference_categories,standard,4,0.44,-0.693617341758152
0,inference_categories,projected,4,0.5,-0.6911411745799174
0,inference_categories,partial,4,0.46,-0.6998778727937962
0,inference_categories,standard,5,0.42,-0.6938702193331465
0,inference_categories,projected,5,0.54,-0.6914422557184358
0,inference_categories,partial,5,0.5,-0.6936291401681233
0,inference_categories,standard,6,0.48,-0.6942409135480868
0,inference_categories,projected,6,0.48,-0.6967539800576265
0,inference_categories,partial,6,0.46,-0.7006851013731662
0,inference_categories,standard,7,0.52,-0.6936833327075184
0,inference_categories,projected,7,0.54,-0.689139441829427
0,inference_categories,partial,7,0.58,-0.6927661805812076
0,inference_categories,standard,8,0.44,-0.6945370458248107
0,inference_categories,projected,8,0.58,-0.6937660354137168
0,inference_categories,partial,8,0.58,-0.6978035212633581
0,inference_categories,standard,9,0.52,-0.6937233969035455
0,inference_categories,projected,9,0.52,-0.694284106479402
0,inference_categories,partial,9,0.56,-0.6983074212584897
0,inference_categories,standard,10,0.52,-0.6938646811017118
0,inference_categories,projected,10,0.46,-0.6972739664551658
0,inference_categories,partial,10,0.48,-0.7087206084430936
0,inference_categories,standard,11,0.44,-0.6941562667857117
0,inference_categories,projected,11,0.52,-0.6961844636296938
0,inference_categories,partial,11,0.52,-0.7069198866747322
0,inference_categories,standard,12,0.5,-0.693251103164069
0,inference_categories,projected,12,0.62,-0.6819621018439854
0,inference_categories,partial,12,0.36,-0.7105759579055747
0,inference_categories,standard,13,0.5,-0.6929991441609742
0,inference_categories,projected,13,0.58,-0.6853814022515369
0,inference_categories,partial,13,0.38,-0.7164692874911467
0,inference_categories,standard,14,0.48,-0.6934555508067093
0,inference_categories,projected,14,0.56,-0.684285724917222
0,inference_categories,partial,14,0.42,-0.7130978797239164
0,inference_categories,standard,15,0.48,-0.69359920835852
0,inference_categories,projected,15,0.56,-0.6852910744250128
0,inference_categories,partial,15,0.42,-0.713162785545236
0,inference_categories,standard,16,0.48,-0.6936605334174127
0,inference_categories,projected,16,0.54,-0.6888182100243845
0,inference_categories,partial,16,0.42,-0.7152518199079474
0,inference_categories,standard,17,0.46,-0.6942103417701172
0,inference_categories,projected,17,0.56,-0.6878609016654106
0,inference_categories,partial,17,0.44,-0.7252797912128631
0,inference_categories,standard,18,0.46,-0.6931154448067276
0,inference_categories,projected,18,0.6,-0.679502945888771
0,inference_categories,partial,18,0.46,-0.7148238700848762
0,inference_categories,standard,19,0.5,-0.6926486743240358
0,inference_categories,projected,19,0.58,-0.6788065787566534
0,inference_categories,partial,19,0.48,-0.7132268149164369
0,inference_categories,standard,20,0.5,-0.692535470219876
0,inference_categories,projected,20,0.58,-0.6833266940575032
0,inference_categories,partial,20,0.38,-0.721474913927921
2,choice_only,standard,1,0.58,-0.6928372929248312
2,choice_only,projected,1,0.46,-0.6898856866384869
2,choice_only,partial,1,0.46,-0.6898856866384869
2,choice_only,standard,2,0.64,-0.6924445629929811
2,choice_only,projected,2,0.62,-0.6868412990513569
2,choice_only,partial,2,0.62,-0.6868412990513569
2,choice_only,standard,3,0.64,-0.6914745393855247
2,choice_only,projected,3,0.56,-0.6855673139048545
2,choice_only,partial,3,0.56,-0.6855673139048545
2,choice_only,standard,4,0.68,-0.6914813966653844
2,choice_only,projected,4,0.52,-0.6842353143298202
2,choice_only,partial,4,0.52,-0.6842353143298202
2,choice_only,standard,5,0.56,-0.6919460768640056
2,choice_only,projected,5,0.58,-0.6852720472294817
2,choice_only,partial,5,0.58,-0.6852720472294817
2,choice_only,standard,6,0.58,-0.6916604147223384
2,choice_only,projected,6,0.6,-0.6832613046632648
2,choice_only,partial,6,0.6,-0.6832613046632648
2,choice_only,standard,7,0.64,-0.6914386603999154
2,choice_only,projected,7,0.6,-0.6833325889447359
2,choice_only,partial,7,0.6,-0.6833325889447359
2,choice_only,standard,8,0.56,-0.6916190733810791
2,choice_only,projected,8,0.52,-0.6871254960360297
2,choice_only,partial,8,0.52,-0.6871254960360297
2,choice_only,standard,9,0.54,-0.6910150368601369
2,choice_only,projected,9,0.56,-0.6815098461615867
2,choice_only,partial,9,0.56,-0.6815098461615867
2,choice_only,standard,10,0.58,-0.6914147006164809
2,choice_only,projected,10,0.56,-0.6882124463668439
2,choice_only,partial,10,0.56,-0.6882124463668439
2,choice_only,standard,11,0.54,-0.6918047387954378
2,choice_only,projected,11,0.54,-0.690319942087645
2,choice_only,partial,11,0.54,-0.690319942087645
2,choice_only,standard,12,0.54,-0.6924951121165556
2,choice_only,projected,12,0.48,-0.6921243313475511
2,choice_only,partial,12,0.48,-0.6921243313475511
2,choice_only,standard,13,0.52,-0.6935484542396132
2,choice_only,projected,13,0.5,-0.6966064724825867
2,choice_only,partial,13,0.5,-0.6966064724825867
2,choice_only,standard,14,0.5,-0.6934410894547048
2,choice_only,projected,14,0.46,-0.6966795931608523
2,choice_only,partial,14,0.46,-0.6966795931608523
2,choice_only,standard,15,0.46,-0.6943173401237133
2,choice_only,projected,15,0.54,-0.6958729270505526
2,choice_only,partial,15,0.54,-0.6958729270505526
2,choice_only,standard,16,0.46,-0.6941144026502839
2,choice_only,projected,16,0.54,-0.6974717146179392
2,choice_only,partial,16,0.54,-0.6974717146179392
2,choice_only,standard,17,0.44,-0.6944290089637707
2,choice_only,projected,17,0.5,-0.6983536603056699
2,choice_only,partial,17,0.5,-0.6983536603056699
2,choice_only,standard,18,0.46,-0.6934357948317877
2,choice_only,projected,18,0.56,-0.6887521659027734
2,choice_only,partial,18,0.56,-0.6887521659027734
2,choice_only,standard,19,0.48,-0.6926641583647825
2,choice_only,projected,19,0.58,-0.6849780596275926
2,choice_only,partial,19,0.58,-0.6849780596275926
2,choice_only,standard,20,0.48,-0.6929675214244883
2,choice_only,projected,20,0.52,-0.6906192735072969
2,choice_only,partial,20,0.52,-0.6906192735072969
2,inference_affirm,standard,1,0.58,-0.6928372929248312
2,inference_affirm,projected,1,0.46,-0.6898856866384869
2,inference_affirm,partial,1,0.6,-0.6849910768847072
2,inference_affirm,standard,2,0.64,-0.6924445629929811
2,inference_affirm,projected,2,0.62,-0.6868412990513569
2,inference_affirm,partial,2,0.74,-0.6823546375937688
2,inference_affirm,standard,3,0.64,-0.6914745393855247
2,inference_affirm,projected,3,0.56,-0.6855673139048545
2,inference_affirm,partial,3,0.56,-0.6853567521165692
2,inference_affirm,standard,4,0.68,-0.6914813966653844
2,inference_affirm,projected,4,0.52,-0.6842353143298202
2,inference_affirm,partial,4,0.7,-0.6838976972026483
2,inference_affirm,standard,5,0.56,-0.6919460768640056
2,inference_affirm,projected,5,0.58,-0.6852720472294817
2,inference_affirm,partial,5,0.6,-0.6848177924121193
2,inference_affirm,standard,6,0.58,-0.6916604147223384
2,inference_affirm,projected,6,0.6,-0.6832613046632648
2,inference_affirm,partial,6,0.58,-0.68537677857411
2,inference_affirm,standard,7,0.64,-0.6914386603999154
2,inference_affirm,projected,7,0.6,-0.6833325889447359
2,inference_affirm,partial,7,0.58,-0.6829975478131973
2,inference_affirm,standard,8,0.56,-0.6916190733810791
2,inference_affirm,projected,8,0.52,-0.6871254960360297
2,inference_affirm,partial,8,0.5,-0.6922196894406554
2,inference_affirm,standard,9,0.54,-0.6910150368601369
2,inference_affirm,projected,9,0.56,-0.6815098461615867
2,inference_affirm,partial,9,0.52,-0.6926888789283197
2,inference_affirm,standard,10,0.58,-0.6914147006164809
2,inference_affirm,projected,10,0.56,-0.6882124463668439
2,inference_affirm,partial,10,0.54,-0.6969846376396375
2,inference_affirm,standard,11,0.54,-0.6918047387954378
2,inference_affirm,projected,11,0.54,-0.690319942087645
2,inference_affirm,partial,11,0.54,-0.6965091020915071
2,inference_affirm,standard,12,0.54,-0.6924951121165556
2,inference_affirm,projected,12,0.48,-0.6921243313475511
2,inference_affirm,partial,12,0.58,-0.6942913439145367
2,inference_affirm,standard,13,0.52,-0.6935484542396132
2,inference_affirm,projected,13,0.5,-0.6966064724825867
2,inference_affirm,partial,13,0.6,-0.6970216682844341
2,inference_affirm,standard,14,0.5,-0.6934410894547048
2,inference_affirm,projected,14,0.46,-0.6966795931608523
2,inference_affirm,partial,14,0.6,-0.698357363548371
2,inference_affirm,standard,15,0.46,-0.6943173401237133
2,inference_affirm,projected,15,0.54,-0.6958729270505526
2,inference_affirm,partial,15,0.62,-0.6982807768798106
2,inference_affirm,standard,16,0.46,-0.6941144026502839
2,inference_affirm,projected,16,0.54,-0.6974717146179392
2,inference_affirm,partial,16,0.6,-0.7002871625560344
2,inference_affirm,standard,17,0.44,-0.6944290089637707
2,inference_affirm,projected,17,0.5,-0.6983536603056699
2,inference_affirm,partial,17,0.56,-0.7026196796364524
2,inference_affirm,standard,18,0.46,-0.6934357948317877
2,inference_affirm,projected,18,0.56,-0.6887521659027734
2,inference_affirm,partial,18,0.58,-0.6997524293668582
2,inference_affirm,standard,19,0.48,-0.6926641583647825
2,inference_affirm,projected,19,0.58,-0.6849780596275926
2,inference_affirm,partial,19,0.56,-0.6990843975393483
2,inference_affirm,standard,20,0.48,-0.6929675214244883
2,inference_affirm,projected,20,0.52,-0.6906192735072969
2,inference_affirm,partial,20,0.56,-0.699655079769851
2,inference_categories,standard,1,0.58,-0.6928372929248312
2,inference_categories,projected,1,0.46,-0.6898856866384869
2,inference_categories,partial,1,0.52,-0.6887171003468738
2,inference_categories,standard,2,0.64,-0.6924445629929811
2,inference_categories,projected,2,0.62,-0.6868412990513569
2,inference_categories,partial,2,0.68,-0.6866817858411086
2,inference_categories,standard,3,0.64,-0.6914745393855247
2,inference_categories,projected,3,0.56,-0.6855673139048545
2,inference_categories,partial,3,0.54,-0.6868269013785189
2,inference_categories,standard,4,0.68,-0.6914813966653844
2,inference_categories,projected,4,0.52,-0.6842353143298202
2,inference_categories,partial,4,0.66,-0.6856255783235997
2,inference_categories,standard,5,0.56,-0.6919460768640056
2,inference_categories,projected,5,0.58,-0.6852720472294817
2,inference_categories,partial,5,0.58,-0.6832377182063389
2,inference_categories,standard,6,0.58,-0.6916604147223384
2,inference_categories,projected,6,0.6,-0.6832613046632648
2,inference_categories,partial,6,0.66,-0.6813233086472634
2,inference_categories,standard,7,0.64,-0.6914386603999154
2,inference_categories,projected,7,0.6,-0.6833325889447359
2,inference_categories,partial,7,0.7,-0.676632427626025
2,inference_categories,standard,8,0.56,-0.6916190733810791
2,inference_categories,projected,8,0.52,-0.6871254960360297
2,inference_categories,partial,8,0.66,-0.6810728875983049
2,inference_categories,standard,9,0.54,-0.6910150368601369
2,inference_categories,projected,9,0.56,-0.6815098461615867
2,inference_categories,partial,9,0.66,-0.6800867094948342
2,inference_categories,standard,10,0.58,-0.6914147006164809
2,inference_categories,projected,10,0.56,-0.6882124463668439
2,inference_categories,partial,10,0.64,-0.67769783297388
2,inference_categories,standard,11,0.54,-0.6918047387954378
2,inference_categories,projected,11,0.54,-0.690319942087645
2,inference_categories,partial,11,0.66,-0.6781745186062338
2,inference_categories,standard,12,0.54,-0.6924951121165556
2,inference_categories,projected,12,0.48,-0.6921243313475511
2,inference_categories,partial,12,0.64,-0.6801197426622947
2,inference_categories,standard,13,0.52,-0.6935484542396132
2,inference_categories,projected,13,0.5,-0.6966064724825867
2,inference_categories,partial,13,0.62,-0.6865939801214551
2,inference_categories,standard,14,0.5,-0.6934410894547048
2,inference_categories,projected,14,0.46,-0.6966795931608523
2,inference_categories,partial,14,0.62,-0.6874358051879004
2,inference_categories,standard,15,0.46,-0.6943173401237133
2,inference_categories,projected,15,0.54,-0.6958729270505526
2,inference_categories,partial,15,0.66,-0.6884355322921677
2,inference_categories,standard,16,0.46,-0.6941144026502839
2,inference_categories,projected,16,0.54,-0.6974717146179392
2,inference_categories,partial,16,0.64,-0.6895396279462677
2,inference_categories,standard,17,0.44,-0.6944290089637707
2,inference_categories,projected,17,0.5,-0.6983536603056699
2,inference_categories,partial,17,0.64,-0.690823403773842
2,inference_categories,standard,18,0.46,-0.6934357948317877
2,inference_categories,projected,18,0.56,-0.6887521659027734
2,inference_categories,partial,18,0.66,-0.6859251866663658
2,inference_categories,standard,19,0.48,-0.6926641583647825
2,inference_categories,projected,19,0.58,-0.6849780596275926
2,inference_categories,partial,19,0.64,-0.6855350386621175
2,inference_categories,standard,20,0.48,-0.6929675214244883
2,inference_categories,projected,20,0.52,-0.6906192735072969
2,inference_categories,partial,20,0.58,-0.6932562202304133
4,choice_only,standard,1,0.54,-0.6930487749234889
4,choice_only,projected,1,0.48,-0.6937373003953584
4,choice_only,partial,1,0.48,-0.6937373003953584
4,choice_only,standard,2,0.46,-0.6929757677556316
4,choice_only,projected,2,0.5,-0.6943689735342489
4,choice_only,partial,2,0.5,-0.6943689735342489
4,choice_only,standard,3,0.56,-0.6922210663222345
4,choice_only,projected,3,0.48,-0.6913011725360757
4,choice_only,partial,3,0.48,-0.6913011725360757
4,choice_only,standard,4,0.56,-0.692500809036936
4,choice_only,projected,4,0.5,-0.6971289168604478
4,choice_only,partial,4,0.5,-0.6971289168604478
4,choice_only,standard,5,0.48,-0.6934327748432975
4,choice_only,projected,5,0.44,-0.7056041739648616
4,choice_only,partial,5,0.44,-0.7056041739648616
4,choice_only,standard,6,0.5,-0.6935414683425798
4,choice_only,projected,6,0.4,-0.7071806122380313
4,choice_only,partial,6,0.4,-0.7071806122380313
4,choice_only,standard,7,0.46,-0.6942250743935995
4,choice_only,projected,7,0.4,-0.7097935411427403
4,choice_only,partial,7,0.4,-0.7097935411427403
4,choice_only,standard,8,0.44,-0.6944200766889953
4,choice_only,projected,8,0.34,-0.7112852709179112
4,choice_only,partial,8,0.34,-0.7112852709179112
4,choice_only,standard,9,0.48,-0.6948681820300118
4,choice_only,projected,9,0.36,-0.7108018447302801
4,choice_only,partial,9,0.36,-0.7108018447302801
4,choice_only,standard,10,0.44,-0.6944836457906582
4,choice_only,projected,10,0.36,-0.7081359918038845
4,choice_only,partial,10,0.36,-0.7081359918038845
4,choice_only,standard,11,0.42,-0.6943615131526201
4,choice_only,projected,11,0.38,-0.7072267857218588
4,choice_only,partial,11,0.38,-0.7072267857218588
4,choice_only,standard,12,0.5,-0.6930176902846954
4,choice_only,projected,12,0.46,-0.6989821977199913
4,choice_only,partial,12,0.46,-0.6989821977199913
4,choice_only,standard,13,0.52,-0.6927735370121603
4,choice_only,projected,13,0.46,-0.6994927953320313
4,choice_only,partial,13,0.46,-0.6994927953320313
4,choice_only,standard,14,0.54,-0.6926764321952202
4,choice_only,projected,14,0.54,-0.6983570108033083
4,choice_only,partial,14,0.54,-0.6983570108033083
4,choice_only,standard,15,0.54,-0.6931580706959507
4,choice_only,projected,15,0.56,-0.7008483211607651
4,choice_only,partial,15,0.56,-0.7008483211607651
4,choice_only,standard,16,0.54,-0.6935047560528368
4,choice_only,projected,16,0.52,-0.7037837535776573
4,choice_only,partial,16,0.52,-0.7037837535776573
4,choice_only,standard,17,0.56,-0.6929383102629723
4,choice_only,projected,17,0.52,-0.7020424634588285
4,choice_only,partial,17,0.52,-0.7020424634588285
4,choice_only,standard,18,0.58,-0.6927539071038615
4,choice_only,projected,18,0.5,-0.6990191265500415
4,choice_only,partial,18,0.5,-0.6990191265500415
4,choice_only,standard,19,0.6,-0.6923665282459934
4,choice_only,projected,19,0.56,-0.6954279914278771
4,choice_only,partial,19,0.56,-0.6954279914278771
4,choice_only,standard,20,0.58,-0.6923994672529116
4,choice_only,projected,20,0.54,-0.6950708126479974
4,choice_only,partial,20,0.54,-0.6950708126479974
4,inference_affirm,standard,1,0.54,-0.6930487749234889
4,inference_affirm,projected,1,0.48,-0.6937373003953584
4,inference_affirm,partial,1,0.32,-0.6951057650099548
4,inference_affirm,standard,2,0.46,-0.6929757677556316
4,inference_affirm,projected,2,0.5,-0.6943689735342489
4,inference_affirm,partial,2,0.34,-0.6978239873251362
4,inference_affirm,standard,3,0.56,-0.6922210663222345
4,inference_affirm,projected,3,0.48,-0.6913011725360757
4,inference_affirm,partial,3,0.44,-0.6975389291774574
4,inference_affirm,standard,4,0.56,-0.692500809036936
4,inference_affirm,projected,4,0.5,-0.6971289168604478
4,inference_affirm,partial,4,0.42,-0.7013183839530044
4,inference_affirm,standard,5,0.48,-0.6934327748432975
4,inference_affirm,projected,5,0.44,-0.7056041739648616
4,inference_affirm,partial,5,0.42,-0.7026638440991299
4,inference_affirm,standard,6,0.5,-0.6935414683425798
4,inference_affirm,projected,6,0.4,-0.7071806122380313
4,inference_affirm,partial,6,0.46,-0.7031946112036687
4,inference_affirm,standard,7,0.46,-0.6942250743935995
4,inference_affirm,projected,7,0.4,-0.7097935411427403
4,inference_affirm,partial,7,0.48,-0.7029802966062104
4,inference_affirm,standard,8,0.44,-0.6944200766889953
4,inference_affirm,projected,8,0.34,-0.7112852709179112
4,inference_affirm,partial,8,0.46,-0.7044392866668425
4,inference_affirm,standard,9,0.48,-0.6948681820300118
4,inference_affirm,projected,9,0.36,-0.7108018447302801
4,inference_affirm,partial,9,0.5,-0.7058480425717367
4,inference_affirm,standard,10,0.44,-0.6944836457906582
4,inference_affirm,projected,10,0.36,-0.7081359918038845
4,inference_affirm,partial,10,0.54,-0.7065495343321757
4,inference_affirm,standard,11,0.42,-0.6943615131526201
4,inference_affirm,projected,11,0.38,-0.7072267857218588
4,inference_affirm,partial,11,0.52,-0.7054128411402695
4,inference_affirm,standard,12,0.5,-0.6930176902846954
4,inference_affirm,projected,12,0.46,-0.6989821977199913
4,inference_affirm,partial,12,0.52,-0.7017785807276313
4,inference_affirm,standard,13,0.52,-0.6927735370121603
4,inference_affirm,projected,13,0.46,-0.6994927953320313
4,inference_affirm,partial,13,0.52,-0.7019898639611492
4,inference_affirm,standard,14,0.54,-0.6926764321952202
4,inference_affirm,projected,14,0.54,-0.6983570108033083
4,inference_affirm,partial,14,0.52,-0.7016332170180287
4,inference_affirm,standard,15,0.54,-0.6931580706959507
4,inference_affirm,projected,15,0.56,-0.7008483211607651
4,inference_affirm,partial,15,0.48,-0.7044036820759665
4,inference_affirm,standard,16,0.54,-0.6935047560528368
4,inference_affirm,projected,16,0.52,-0.7037837535776573
4,inference_affirm,partial,16,0.54,-0.7035433079080518
4,inference_affirm,standard,17,0.56,-0.6929383102629723
4,inference_affirm,projected,17,0.52,-0.7020424634588285
4,inference_affirm,partial,17,0.48,-0.703228394457385
4,inference_affirm,standard,18,0.58,-0.6927539071038615
4,inference_affirm,projected,18,0.5,-0.6990191265500415
4,inference_affirm,partial,18,0.5,-0.7016066363320036
4,inference_affirm,standard,19,0.6,-0.6923665282459934
4,inference_affirm,projected,19,0.56,-0.6954279914278771
4,inference_affirm,partial,19,0.48,-0.7003296751739212
4,inference_affirm,standard,20,0.58,-0.6923994672529116
4,inference_affirm,projected,20,0.54,-0.6950708126479974
4,inference_affirm,partial,20,0.5,-0.7013957780726764
4,inference_categories,standard,1,0.54,-0.6930487749234889
4,inference_categories,projected,1,0.48,-0.6937373003953584
4,inference_categories,partial,1,0.44,-0.6959808927660011
4,inference_categories,standard,2,0.46,-0.6929757677556316
4,inference_categories,projected,2,0.5,-0.6943689735342489
4,inference_categories,partial,2,0.48,-0.6960266198361638
4,inference_categories,standard,3,0.56,-0.6922210663222345
4,inference_categories,projected,3,0.48,-0.6913011725360757
4,inference_categories,partial,3,0.42,-0.6919061618159534
4,inference_categories,standard,4,0.56,-0.692500809036936
4,inference_categories,projected,4,0.5,-0.6971289168604478
4,inference_categories,partial,4,0.5,-0.6993478552611451
4,inference_categories,standard,5,0.48,-0.6934327748432975
4,inference_categories,projected,5,0.44,-0.7056041739648616
4,inference_categories,partial,5,0.5,-0.6979232217440535
4,inference_categories,standard,6,0.5,-0.6935414683425798
4,inference_categories,projected,6,0.4,-0.7071806122380313
4,inference_categories,partial,6,0.52,-0.6990722297208539
4,inference_categories,standard,7,0.46,-0.6942250743935995
4,inference_categories,projected,7,0.4,-0.7097935411427403
4,inference_categories,partial,7,0.56,-0.7006911431069639
4,inference_categories,standard,8,0.44,-0.6944200766889953
4,inference_categories,projected,8,0.34,-0.7112852709179112
4,inference_categories,partial,8,0.44,-0.702912840491807
4,inference_categories,standard,9,0.48,-0.6948681820300118
4,inference_categories,projected,9,0.36,-0.7108018447302801
4,inference_categories,partial,9,0.42,-0.702679873863996
4,inference_categories,standard,10,0.44,-0.6944836457906582
4,inference_categories,projected,10,0.36,-0.7081359918038845
4,inference_categories,partial,10,0.48,-0.699713131717079
4,inference_categories,standard,11,0.42,-0.6943615131526201
4,inference_categories,projected,11,0.38,-0.7072267857218588
4,inference_categories,partial,11,0.44,-0.6982251937828029
4,inference_categories,standard,12,0.5,-0.6930176902846954
4,inference_categories,projected,12,0.46,-0.6989821977199913
4,inference_categories,partial,12,0.54,-0.6943846706784325
4,inference_categories,standard,13,0.52,-0.6927735370121603
4,inference_categories,projected,13,0.46,-0.6994927953320313
4,inference_categories,partial,13,0.52,-0.6949093664106087
4,inference_categories,standard,14,0.54,-0.6926764321952202
4,inference_categories,projected,14,0.54,-0.6983570108033083
4,inference_categories,partial,14,0.52,-0.6912573504248808
4,inference_categories,standard,15,0.54,-0.6931580706959507
4,inference_categories,projected,15,0.56,-0.7008483211607651
4,inference_categories,partial,15,0.52,-0.6941421319146184
4,inference_categories,standard,16,0.54,-0.6935047560528368
4,inference_categories,projected,16,0.52,-0.7037837535776573
4,inference_categories,partial,16,0.48,-0.6961011309534587
4,inference_categories,standard,17,0.56,-0.6929383102629723
4,inference_categories,projected,17,0.52,-0.7020424634588285
4,inference_categories,partial,17,0.52,-0.6950666437802233
4,inference_categories,standard,18,0.58,-0.6927539071038615
4,inference_categories,projected,18,0.5,-0.6990191265500415
4,inference_categories,partial,18,0.46,-0.6940659571904183
4,inference_categories,standard,19,0.6,-0.6923665282459934
4,inference_categories,projected,19,0.56,-0.6954279914278771
4,inference_categories,partial,19,0.46,-0.6927406269122005
4,inference_categories,standard,20,0.58,-0.6923994672529116
4,inference_categories,projected,20,0.54,-0.6950708126479974
4,inference_categories,partial,20,0.5,-0.6920711397899582
7,choice_only,standard,1,0.64,-0.6925904025269125
7,choice_only,projected,1,0.52,-0.6927422347675534
7,choice_only,partial,1,0.52,-0.6927422347675534
7,choice_only,standard,2,0.58,-0.6923097369160043
7,choice_only,projected,2,0.52,-0.6923323316702862
7,choice_only,partial,2,0.52,-0.6923323316702862
7,choice_only,standard,3,0.5,-0.6925086058108199
7,choice_only,projected,3,0.5,-0.6957450972601845
7,choice_only,partial,3,0.5,-0.6957450972601845
7,choice_only,standard,4,0.54,-0.6917947924484646
7,choice_only,projected,4,0.56,-0.6889161944736674
7,choice_only,partial,4,0.56,-0.6889161944736674
7,choice_only,standard,5,0.56,-0.6915359618331833
7,choice_only,projected,5,0.52,-0.6920682618829006
7,choice_only,partial,5,0.52,-0.6920682618829006
7,choice_only,standard,6,0.5,-0.691630487365857
7,choice_only,projected,6,0.48,-0.6925965411323193
7,choice_only,partial,6,0.48,-0.6925965411323193
7,choice_only,standard,7,0.54,-0.6924907166350239
7,choice_only,projected,7,0.52,-0.695404938145421
7,choice_only,partial,7,0.52,-0.695404938145421
7,choice_only,standard,8,0.54,-0.6929849786598672
7,choice_only,projected,8,0.5,-0.7022975363803264
7,choice_only,partial,8,0.5,-0.7022975363803264
7,choice_only,standard,9,0.54,-0.6932900278974874
7,choice_only,projected,9,0.52,-0.7001680724819899
7,choice_only,partial,9,0.52,-0.7001680724819899
7,choice_only,standard,10,0.58,-0.692706186962072
7,choice_only,projected,10,0.52,-0.6994449168712403
7,choice_only,partial,10,0.52,-0.6994449168712403
7,choice_only,standard,11,0.56,-0.6924777819547816
7,choice_only,projected,11,0.54,-0.693904773843305
7,choice_only,partial,11,0.54,-0.693904773843305
7,choice_only,standard,12,0.54,-0.6921385578394056
7,choice_only,projected,12,0.54,-0.6908062698983422
7,choice_only,partial,12,0.54,-0.6908062698983422
7,choice_only,standard,13,0.56,-0.6921354429986737
7,choice_only,projected,13,0.56,-0.6906338683325767
7,choice_only,partial,13,0.56,-0.6906338683325767
7,choice_only,standard,14,0.52,-0.6914940934169514
7,choice_only,projected,14,0.56,-0.683802217668522
7,choice_only,partial,14,0.56,-0.683802217668522
7,choice_only,standard,15,0.56,-0.6915451161851758
7,choice_only,projected,15,0.6,-0.6838617202597896
7,choice_only,partial,15,0.6,-0.6838617202597896
7,choice_only,standard,16,0.58,-0.691333174679978
7,choice_only,projected,16,0.52,-0.6819691617165625
7,choice_only,partial,16,0.52,-0.6819691617165625
7,choice_only,standard,17,0.52,-0.6912945868023922
7,choice_only,projected,17,0.58,-0.677664752427965
7,choice_only,partial,17,0.58,-0.677664752427965
7,choice_only,standard,18,0.52,-0.691017355157151
7,choice_only,projected,18,0.6,-0.674391157507537
7,choice_only,partial,18,0.6,-0.674391157507537
7,choice_only,standard,19,0.54,-0.6915981306633593
7,choice_only,projected,19,0.54,-0.6771125901248968
7,choice_only,partial,19,0.54,-0.6771125901248968
7,choice_only,standard,20,0.54,-0.6913901470161532
7,choice_only,projected,20,0.58,-0.6740592970344359
7,choice_only,partial,20,0.58,-0.6740592970344359
7,inference_affirm,standard,1,0.64,-0.6925904025269125
7,inference_affirm,projected,1,0.52,-0.6927422347675534
7,inference_affirm,partial,1,0.54,-0.6900834630391947
7,inference_affirm,standard,2,0.58,-0.6923097369160043
7,inference_affirm,projected,2,0.52,-0.6923323316702862
7,inference_affirm,partial,2,0.52,-0.6942643955591348
7,inference_affirm,standard,3,0.5,-0.6925086058108199
7,inference_affirm,projected,3,0.5,-0.6957450972601845
7,inference_affirm,partial,3,0.46,-0.6995157035442642
7,inference_affirm,standard,4,0.54,-0.6917947924484646
7,inference_affirm,projected,4,0.56,-0.6889161944736674
7,inference_affirm,partial,4,0.4,-0.709011453976158
7,inference_affirm,standard,5,0.56,-0.6915359618331833
7,inference_affirm,projected,5,0.52,-0.6920682618829006
7,inference_affirm,partial,5,0.38,-0.7141487004545861
7,inference_affirm,standard,6,0.5,-0.691630487365857
7,inference_affirm,projected,6,0.48,-0.6925965411323193
7,inference_affirm,partial,6,0.38,-0.7111463198678911
7,inference_affirm,standard,7,0.54,-0.6924907166350239
7,inference_affirm,projected,7,0.52,-0.695404938145421
7,inference_affirm,partial,7,0.38,-0.7130890993204391
7,inference_affirm,standard,8,0.54,-0.6929849786598672
7,inference_affirm,projected,8,0.5,-0.7022975363803264
7,inference_affirm,partial,8,0.34,-0.7194631870713691
7,inference_affirm,standard,9,0.54,-0.6932900278974874
7,inference_affirm,projected,9,0.52,-0.7001680724819899
7,inference_affirm,partial,9,0.34,-0.7194225449817432
7,inference_affirm,standard,10,0.58,-0.692706186962072
7,inference_affirm,projected,10,0.52,-0.6994449168712403
7,inference_affirm,partial,10,0.3,-0.7212839641108559
7,inference_affirm,standard,11,0.56,-0.6924777819547816
7,inference_affirm,projected,11,0.54,-0.693904773843305
7,inference_affirm,partial,11,0.42,-0.7243115044676013
7,inference_affirm,standard,12,0.54,-0.6921385578394056
7,inference_affirm,projected,12,0.54,-0.6908062698983422
7,inference_affirm,partial,12,0.44,-0.7240919834288837
7,inference_affirm,standard,13,0.56,-0.6921354429986737
7,inference_affirm,projected,13,0.56,-0.6906338683325767
7,inference_affirm,partial,13,0.46,-0.7245267478200467
7,inference_affirm,standard,14,0.52,-0.6914940934169514
7,inference_affirm,projected,14,0.56,-0.683802217668522
7,inference_affirm,partial,14,0.48,-0.7230023098163598
7,inference_affirm,standard,15,0.56,-0.6915451161851758
7,inference_affirm,projected,15,0.6,-0.6838617202597896
7,inference_affirm,partial,15,0.46,-0.7228165858694631
7,inference_affirm,standard,16,0.58,-0.691333174679978
7,inference_affirm,projected,16,0.52,-0.6819691617165625
7,inference_affirm,partial,16,0.48,-0.7261183449363071
7,inference_affirm,standard,17,0.52,-0.6912945868023922
7,inference_affirm,projected,17,0.58,-0.677664752427965
7,inference_affirm,partial,17,0.42,-0.7215287110967438
7,inference_affirm,standard,18,0.52,-0.691017355157151
7,inference_affirm,projected,18,0.6,-0.674391157507537
7,inference_affirm,partial,18,0.4,-0.7218783039752376
7,inference_affirm,standard,19,0.54,-0.6915981306633593
7,inference_affirm,projected,19,0.54,-0.6771125901248968
7,inference_affirm,partial,19,0.42,-0.7260860717095153
7,inference_affirm,standard,20,0.54,-0.6913901470161532
7,inference_affirm,projected,20,0.58,-0.6740592970344359
7,inference_affirm,partial,20,0.42,-0.7274753832140811
7,inference_categories,standard,1,0.64,-0.6925904025269125
7,inference_categories,projected,1,0.52,-0.6927422347675534
7,inference_categories,partial,1,0.5,-0.6929767601199144
7,inference_categories,standard,2,0.58,-0.6923097369160043
7,inference_categories,projected,2,0.52,-0.6923323316702862
7,inference_categories,partial,2,0.4,-0.6976222826338341
7,inference_categories,standard,3,0.5,-0.6925086058108199
7,inference_categories,projected,3,0.5,-0.6957450972601845
7,inference_categories,partial,3,0.4,-0.7035040985792794
7,inference_categories,standard,4,0.54,-0.6917947924484646
7,inference_categories,projected,4,0.56,-0.6889161944736674
7,inference_categories,partial,4,0.4,-0.70765274329634
7,inference_categories,standard,5,0.56,-0.6915359618331833
7,inference_categories,projected,5,0.52,-0.6920682618829006
7,inference_categories,partial,5,0.4,-0.712676746742704
7,inference_categories,standard,6,0.5,-0.691630487365857
7,inference_categories,projected,6,0.48,-0.6925965411323193
7,inference_categories,partial,6,0.42,-0.713606990785887
7,inference_categories,standard,7,0.54,-0.6924907166350239
7,inference_categories,projected,7,0.52,-0.695404938145421
7,inference_categories,partial,7,0.4,-0.7202087724055641
7,inference_categories,standard,8,0.54,-0.6929849786598672
7,inference_categories,projected,8,0.5,-0.7022975363803264
7,inference_categories,partial,8,0.38,-0.728583718897143
7,inference_categories,standard,9,0.54,-0.6932900278974874
7,inference_categories,projected,9,0.52,-0.7001680724819899
7,inference_categories,partial,9,0.3,-0.7273662250351535
7,inference_categories,standard,10,0.58,-0.692706186962072
7,inference_categories,projected,10,0.52,-0.6994449168712403
7,inference_categories,partial,10,0.36,-0.7273909034837842
7,inference_categories,standard,11,0.56,-0.6924777819547816
7,inference_categories,projected,11,0.54,-0.693904773843305
7,inference_categories,partial,11,0.38,-0.734871012647976
7,inference_categories,standard,12,0.54,-0.6921385578394056
7,inference_categories,projected,12,0.54,-0.6908062698983422
7,inference_categories,partial,12,0.38,-0.7275979640373407
7,inference_categories,standard,13,0.56,-0.6921354429986737
7,inference_categories,projected,13,0.56,-0.6906338683325767
7,inference_categories,partial,13,0.38,-0.7291415426370412
7,inference_categories,standard,14,0.52,-0.6914940934169514
7,inference_categories,projected,14,0.56,-0.683802217668522
7,inference_categories,partial,14,0.44,-0.7234090987339715
7,inference_categories,standard,15,0.56,-0.6915451161851758
7,inference_categories,projected,15,0.6,-0.6838617202597896
7,inference_categories,partial,15,0.46,-0.7247825740079621
7,inference_categories,standard,16,0.58,-0.691333174679978
7,inference_categories,projected,16,0.52,-0.6819691617165625
7,inference_categories,partial,16,0.46,-0.7258022051431783
7,inference_categories,standard,17,0.52,-0.6912945868023922
7,inference_categories,projected,17,0.58,-0.677664752427965
7,inference_categories,partial,17,0.46,-0.7189772628879224
7,inference_categories,standard,18,0.52,-0.691017355157151
7,inference_categories,projected,18,0.6,-0.674391157507537
7,inference_categories,partial,18,0.44,-0.724697630532868
7,inference_categories,standard,19,0.54,-0.6915981306633593
7,inference_categories,projected,19,0.54,-0.6771125901248968
7,inference_categories,partial,19,0.44,-0.727627069378644
7,inference_categories,standard,20,0.54,-0.6913901470161532
7,inference_categories,projected,20,0.58,-0.6740592970344359
7,inference_categories,partial,20,0.42,-0.7284881777275478
5,choice_only,standard,1,0.42,-0.6932527568938812
5,choice_only,projected,1,0.44,-0.6963681339573823
5,choice_only,partial,1,0.44,-0.6963681339573823
5,choice_only,standard,2,0.4,-0.6936855973822247
5,choice_only,projected,2,0.36,-0.6953703600486776
5,choice_only,partial,2,0.36,-0.6953703600486776
5,choice_only,standard,3,0.38,-0.6938554676905858
5,choice_only,projected,3,0.38,-0.6968545014001234
5,choice_only,partial,3,0.38,-0.6968545014001234
5,choice_only,standard,4,0.4,-0.6935898035779288
5,choice_only,projected,4,0.38,-0.6975571077685622
5,choice_only,partial,4,0.38,-0.6975571077685622
5,choice_only,standard,5,0.48,-0.6926000146384544
5,choice_only,projected,5,0.44,-0.6946999714176966
5,choice_only,partial,5,0.44,-0.6946999714176966
5,choice_only,standard,6,0.54,-0.6920346522343097
5,choice_only,projected,6,0.48,-0.6920527907261335
5,choice_only,partial,6,0.48,-0.6920527907261335
5,choice_only,standard,7,0.52,-0.6916020809201666
5,choice_only,projected,7,0.56,-0.688615203601335
5,choice_only,partial,7,0.56,-0.688615203601335
5,choice_only,standard,8,0.5,-0.6920166169824198
5,choice_only,projected,8,0.46,-0.6978306420301189
5,choice_only,partial,8,0.46,-0.6978306420301189
5,choice_only,standard,9,0.54,-0.6917278924566281
5,choice_only,projected,9,0.5,-0.6935489558001596
5,choice_only,partial,9,0.5,-0.6935489558001596
5,choice_only,standard,10,0.42,-0.6922126409375788
5,choice_only,projected,10,0.4,-0.69931324705545
5,choice_only,partial,10,0.4,-0.69931324705545
5,choice_only,standard,11,0.48,-0.6920624222868382
5,choice_only,projected,11,0.38,-0.6992295406868199
5,choice_only,partial,11,0.38,-0.6992295406868199
5,choice_only,standard,12,0.48,-0.6908789503178595
5,choice_only,projected,12,0.5,-0.6923224362624228
5,choice_only,partial,12,0.5,-0.6923224362624228
5,choice_only,standard,13,0.5,-0.6908083520594361
5,choice_only,projected,13,0.5,-0.6966391039129936
5,choice_only,partial,13,0.5,-0.6966391039129936
5,choice_only,standard,14,0.52,-0.6909292435627836
5,choice_only,projected,14,0.52,-0.693896420925795
5,choice_only,partial,14,0.52,-0.693896420925795
5,choice_only,standard,15,0.52,-0.6908146213945041
5,choice_only,projected,15,0.52,-0.6931301530835688
5,choice_only,partial,15,0.52,-0.6931301530835688
5,choice_only,standard,16,0.54,-0.6910663352924508
5,choice_only,projected,16,0.48,-0.6988661875871142
5,choice_only,partial,16,0.48,-0.6988661875871142
5,choice_only,standard,17,0.5,-0.6915735900012976
5,choice_only,projected,17,0.46,-0.6995218098610598
5,choice_only,partial,17,0.46,-0.6995218098610598
5,choice_only,standard,18,0.52,-0.6907397432638444
5,choice_only,projected,18,0.48,-0.6974731965528334
5,choice_only,partial,18,0.48,-0.6974731965528334
5,choice_only,standard,19,0.52,-0.6910843866847277
5,choice_only,projected,19,0.46,-0.7026097277174018
5,choice_only,partial,19,0.46,-0.7026097277174018
5,choice_only,standard,20,0.5,-0.6909339019079561
5,choice_only,projected,20,0.48,-0.6993844962483263
5,choice_only,partial,20,0.48,-0.6993844962483263
5,inference_affirm,standard,1,0.42,-0.6932527568938812
5,inference_affirm,projected,1,0.44,-0.6963681339573823
5,inference_affirm,partial,1,0.48,-0.697529235051143
5,inference_affirm,standard,2,0.4,-0.6936855973822247
5,inference_affirm,projected,2,0.36,-0.6953703600486776
5,inference_affirm,partial,2,0.58,-0.6913259694616959
5,inference_affirm,standard,3,0.38,-0.6938554676905858
5,inference_affirm,projected,3,0.38,-0.6968545014001234
5,inference_affirm,partial,3,0.58,-0.6877370691202558
5,inference_affirm,standard,4,0.4,-0.6935898035779288
5,inference_affirm,projected,4,0.38,-0.6975571077685622
5,inference_affirm,partial,4,0.54,-0.6893898140327501
5,inference_affirm,standard,5,0.48,-0.6926000146384544
5,inference_affirm,projected,5,0.44,-0.6946999714176966
5,inference_affirm,partial,5,0.46,-0.6923018990221097
5,inference_affirm,standard,6,0.54,-0.6920346522343097
5,inference_affirm,projected,6,0.48,-0.6920527907261335
5,inference_affirm,partial,6,0.54,-0.6931102927288958
5,inference_affirm,standard,7,0.52,-0.6916020809201666
5,inference_affirm,projected,7,0.56,-0.688615203601335
5,inference_affirm,partial,7,0.5,-0.6900769458495304
5,inference_affirm,standard,8,0.5,-0.6920166169824198
5,inference_affirm,projected,8,0.46,-0.6978306420301189
5,inference_affirm,partial,8,0.58,-0.7001923350772239
5,inference_affirm,standard,9,0.54,-0.6917278924566281
5,inference_affirm,projected,9,0.5,-0.6935489558001596
5,inference_affirm,partial,9,0.5,-0.6989183805638298
5,inference_affirm,standard,10,0.42,-0.6922126409375788
5,inference_affirm,projected,10,0.4,-0.69931324705545
5,inference_affirm,partial,10,0.5,-0.7020623593290578
5,inference_affirm,standard,11,0.48,-0.6920624222868382
5,inference_affirm,projected,11,0.38,-0.6992295406868199
5,inference_affirm,partial,11,0.4,-0.7059234149157844
5,inference_affirm,standard,12,0.48,-0.6908789503178595
5,inference_affirm,projected,12,0.5,-0.6923224362624228
5,inference_affirm,partial,12,0.42,-0.7010753055125456
5,inference_affirm,standard,13,0.5,-0.6908083520594361
5,inference_affirm,projected,13,0.5,-0.6966391039129936
5,inference_affirm,partial,13,0.42,-0.7064105482453136
5,inference_affirm,standard,14,0.52,-0.6909292435627836
5,inference_affirm,projected,14,0.52,-0.693896420925795
5,inference_affirm,partial,14,0.44,-0.705454260071825
5,inference_affirm,standard,15,0.52,-0.6908146213945041
5,inference_affirm,projected,15,0.52,-0.6931301530835688
5,inference_affirm,partial,15,0.42,-0.7053586136032678
5,inference_affirm,standard,16,0.54,-0.6910663352924508
5,inference_affirm,projected,16,0.48,-0.6988661875871142
5,inference_affirm,partial,16,0.44,-0.7053961271124848
5,inference_affirm,standard,17,0.5,-0.6915735900012976
5,inference_affirm,projected,17,0.46,-0.6995218098610598
5,inference_affirm,partial,17,0.44,-0.7038055995744327
5,inference_affirm,standard,18,0.52,-0.6907397432638444
5,inference_affirm,projected,18,0.48,-0.6974731965528334
5,inference_affirm,partial,18,0.5,-0.7034084292022135
5,inference_affirm,standard,19,0.52,-0.6910843866847277
5,inference_affirm,projected,19,0.46,-0.7026097277174018
5,inference_affirm,partial,19,0.6,-0.6835375788262286
5,inference_affirm,standard,20,0.5,-0.6909339019079561
5,inference_affirm,projected,20,0.48,-0.6993844962483263
5,inference_affirm,partial,20,0.54,-0.6838758428115477
5,inference_categories,standard,1,0.42,-0.6932527568938812
5,inference_categories,projected,1,0.44,-0.6963681339573823
5,inference_categories,partial,1,0.44,-0.6967110331166414
5,inference_categories,standard,2,0.4,-0.6936855973822247
5,inference_categories,projected,2,0.36,-0.6953703600486776
5,inference_categories,partial,2,0.44,-0.6961435011499232
5,inference_categories,standard,3,0.38,-0.6938554676905858
5,inference_categories,projected,3,0.38,-0.6968545014001234
5,inference_categories,partial,3,0.5,-0.6969532493504942
5,inference_categories,standard,4,0.4,-0.6935898035779288
5,inference_categories,projected,4,0.38,-0.6975571077685622
5,inference_categories,partial,4,0.54,-0.6995972747994423
5,inference_categories,standard,5,0.48,-0.6926000146384544
5,inference_categories,projected,5,0.44,-0.6946999714176966
5,inference_categories,partial,5,0.46,-0.7003699641353479
5,inference_categories,standard,6,0.54,-0.6920346522343097
5,inference_categories,projected,6,0.48,-0.6920527907261335
5,inference_categories,partial,6,0.52,-0.6978796220263841
5,inference_categories,standard,7,0.52,-0.6916020809201666
5,inference_categories,projected,7,0.56,-0.688615203601335
5,inference_categories,partial,7,0.5,-0.6966033531092802
5,inference_categories,standard,8,0.5,-0.6920166169824198
5,inference_categories,projected,8,0.46,-0.6978306420301189
5,inference_categories,partial,8,0.52,-0.7087770864766497
5,inference_categories,standard,9,0.54,-0.6917278924566281
5,inference_categories,projected,9,0.5,-0.6935489558001596
5,inference_categories,partial,9,0.52,-0.7082219007945278
5,inference_categories,standard,10,0.42,-0.6922126409375788
5,inference_categories,projected,10,0.4,-0.69931324705545
5,inference_categories,partial,10,0.42,-0.7149104297191708
5,inference_categories,standard,11,0.48,-0.6920624222868382
5,inference_categories,projected,11,0.38,-0.6992295406868199
5,inference_categories,partial,11,0.42,-0.7163686667817221
5,inference_categories,standard,12,0.48,-0.6908789503178595
5,inference_categories,projected,12,0.5,-0.6923224362624228
5,inference_categories,partial,12,0.4,-0.7180457375174569
5,inference_categories,standard,13,0.5,-0.6908083520594361
5,inference_categories,projected,13,0.5,-0.6966391039129936
5,inference_categories,partial,13,0.4,-0.7220896121580688
5,inference_categories,standard,14,0.52,-0.6909292435627836
5,inference_categories,projected,14,0.52,-0.693896420925795
5,inference_categories,partial,14,0.4,-0.7252202946220596
5,inference_categories,standard,15,0.52,-0.6908146213945041
5,inference_categories,projected,15,0.52,-0.6931301530835688
5,inference_categories,partial,15,0.42,-0.7260322994038768
5,inference_categories,standard,16,0.54,-0.6910663352924508
5,inference_categories,projected,16,0.48,-0.6988661875871142
5,inference_categories,partial,16,0.44,-0.7336273666167211
5,inference_categories,standard,17,0.5,-0.6915735900012976
5,inference_categories,projected,17,0.46,-0.6995218098610598
5,inference_categories,partial,17,0.4,-0.7328334342271736
5,inference_categories,standard,18,0.52,-0.6907397432638444
5,inference_categories,projected,18,0.48,-0.6974731965528334
5,inference_categories,partial,18,0.36,-0.7292438648483734
5,inference_categories,standard,19,0.52,-0.6910843866847277
5,inference_categories,projected,19,0.46,-0.7026097277174018
5,inference_categories,partial,19,0.38,-0.7328010496529542
5,inference_categories,standard,20,0.5,-0.6909339019079561
5,inference_categories,projected,20,0.48,-0.6993844962483263
5,inference_categories,partial,20,0.46,-0.7344616650205579
8,choice_only,standard,1,0.54,-0.6925509579855285
8,choice_only,projected,1,0.54,-0.6944495593499203
8,choice_only,partial,1,0.54,-0.6944495593499203
8,choice_only,standard,2,0.62,-0.692117311690176
8,choice_only,projected,2,0.54,-0.6910151039286282
8,choice_only,partial,2,0.54,-0.6910151039286282
8,choice_only,standard,3,0.54,-0.6925370343322571
8,choice_only,projected,3,0.52,-0.6931571921465414
8,choice_only,partial,3,0.52,-0.6931571921465414
8,choice_only,standard,4,0.54,-0.6922300491190322
8,choice_only,projected,4,0.54,-0.6920493622757408
8,choice_only,partial,4,0.54,-0.6920493622757408
8,choice_only,standard,5,0.4,-0.6926787205158546
8,choice_only,projected,5,0.54,-0.688973937017957
8,choice_only,partial,5,0.54,-0.688973937017957
8,choice_only,standard,6,0.4,-0.6929203348434241
8,choice_only,projected,6,0.48,-0.688810280068377
8,choice_only,partial,6,0.48,-0.688810280068377
8,choice_only,standard,7,0.46,-0.693115503010834
8,choice_only,projected,7,0.58,-0.6870440178449505
8,choice_only,partial,7,0.58,-0.6870440178449505
8,choice_only,standard,8,0.48,-0.6934991967642498
8,choice_only,projected,8,0.52,-0.6880574954452544
8,choice_only,partial,8,0.52,-0.6880574954452544
8,choice_only,standard,9,0.38,-0.6937118136720081
8,choice_only,projected,9,0.46,-0.6914222567720057
8,choice_only,partial,9,0.46,-0.6914222567720057
8,choice_only,standard,10,0.4,-0.6935397049398269
8,choice_only,projected,10,0.5,-0.6900121710092613
8,choice_only,partial,10,0.5,-0.6900121710092613
8,choice_only,standard,11,0.44,-0.6941660776752753
8,choice_only,projected,11,0.46,-0.6901515926615056
8,choice_only,partial,11,0.46,-0.6901515926615056
8,choice_only,standard,12,0.44,-0.6933180512049946
8,choice_only,projected,12,0.44,-0.6839951574583142
8,choice_only,partial,12,0.44,-0.6839951574583142
8,choice_only,standard,13,0.5,-0.6926266621191559
8,choice_only,projected,13,0.44,-0.6837984270395361
8,choice_only,partial,13,0.44,-0.6837984270395361
8,choice_only,standard,14,0.44,-0.6929030692074906
8,choice_only,projected,14,0.42,-0.6852656585124316
8,choice_only,partial,14,0.42,-0.6852656585124316
8,choice_only,standard,15,0.5,-0.6923937229016525
8,choice_only,projected,15,0.48,-0.6808418916113772
8,choice_only,partial,15,0.48,-0.6808418916113772
8,choice_only,standard,16,0.46,-0.6924367059694329
8,choice_only,projected,16,0.52,-0.6781885194570942
8,choice_only,partial,16,0.52,-0.6781885194570942
8,choice_only,standard,17,0.46,-0.6926242107836602
8,choice_only,projected,17,0.52,-0.6778957329498055
8,choice_only,partial,17,0.52,-0.6778957329498055
8,choice_only,standard,18,0.56,-0.6916346437750999
8,choice_only,projected,18,0.56,-0.6744104490427825
8,choice_only,partial,18,0.56,-0.6744104490427825
8,choice_only,standard,19,0.54,-0.691468596000309
8,choice_only,projected,19,0.52,-0.6735647424142169
8,choice_only,partial,19,0.52,-0.6735647424142169
8,choice_only,standard,20,0.52,-0.6915042445087338
8,choice_only,projected,20,0.54,-0.6735145623930887
8,choice_only,partial,20,0.54,-0.6735145623930887
8,inference_affirm,standard,1,0.54,-0.6925509579855285
8,inference_affirm,projected,1,0.54,-0.6944495593499203
8,inference_affirm,partial,1,0.48,-0.6919906540143502
8,inference_affirm,standard,2,0.62,-0.692117311690176
8,inference_affirm,projected,2,0.54,-0.6910151039286282
8,inference_affirm,partial,2,0.56,-0.6900828900722709
8,inference_affirm,standard,3,0.54,-0.6925370343322571
8,inference_affirm,projected,3,0.52,-0.6931571921465414
8,inference_affirm,partial,3,0.48,-0.692551880476633
8,inference_affirm,standard,4,0.54,-0.6922300491190322
8,inference_affirm,projected,4,0.54,-0.6920493622757408
8,inference_affirm,partial,4,0.48,-0.6922186483517272
8,inference_affirm,standard,5,0.4,-0.6926787205158546
8,inference_affirm,projected,5,0.54,-0.688973937017957
8,inference_affirm,partial,5,0.5,-0.690449759993876
8,inference_affirm,standard,6,0.4,-0.6929203348434241
8,inference_affirm,projected,6,0.48,-0.688810280068377
8,inference_affirm,partial,6,0.5,-0.6900045977131357
8,inference_affirm,standard,7,0.46,-0.693115503010834
8,inference_affirm,projected,7,0.58,-0.6870440178449505
8,inference_affirm,partial,7,0.46,-0.6884001215916108
8,inference_affirm,standard,8,0.48,-0.6934991967642498
8,inference_affirm,projected,8,0.52,-0.6880574954452544
8,inference_affirm,partial,8,0.38,-0.693274551669541
8,inference_affirm,standard,9,0.38,-0.6937118136720081
8,inference_affirm,projected,9,0.46,-0.6914222567720057
8,inference_affirm,partial,9,0.4,-0.694809659026123
8,inference_affirm,standard,10,0.4,-0.6935397049398269
8,inference_affirm,projected,10,0.5,-0.6900121710092613
8,inference_affirm,partial,10,0.4,-0.6970253069222562
8,inference_affirm,standard,11,0.44,-0.6941660776752753
8,inference_affirm,projected,11,0.46,-0.6901515926615056
8,inference_affirm,partial,11,0.38,-0.6988072289365285
8,inference_affirm,standard,12,0.44,-0.6933180512049946
8,inference_affirm,projected,12,0.44,-0.6839951574583142
8,inference_affirm,partial,12,0.48,-0.6891352597234547
8,inference_affirm,standard,13,0.5,-0.6926266621191559
8,inference_affirm,projected,13,0.44,-0.6837984270395361
8,inference_affirm,partial,13,0.44,-0.6889717075778395
8,inference_affirm,standard,14,0.44,-0.6929030692074906
8,inference_affirm,projected,14,0.42,-0.6852656585124316
8,inference_affirm,partial,14,0.44,-0.6895221526909887
8,inference_affirm,standard,15,0.5,-0.6923937229016525
8,inference_affirm,projected,15,0.48,-0.6808418916113772
8,inference_affirm,partial,15,0.54,-0.6829508661674937
8,inference_affirm,standard,16,0.46,-0.6924367059694329
8,inference_affirm,projected,16,0.52,-0.6781885194570942
8,inference_affirm,partial,16,0.5,-0.6804751671846211
8,inference_affirm,standard,17,0.46,-0.6926242107836602
8,inference_affirm,projected,17,0.52,-0.6778957329498055
8,inference_affirm,partial,17,0.52,-0.6809302120546086
8,inference_affirm,standard,18,0.56,-0.6916346437750999
8,inference_affirm,projected,18,0.56,-0.6744104490427825
8,inference_affirm,partial,18,0.52,-0.6764056334053001
8,inference_affirm,standard,19,0.54,-0.691468596000309
8,inference_affirm,projected,19,0.52,-0.6735647424142169
8,inference_affirm,partial,19,0.56,-0.6772813168300754
8,inference_affirm,standard,20,0.52,-0.6915042445087338
8,inference_affirm,projected,20,0.54,-0.6735145623930887
8,inference_affirm,partial,20,0.56,-0.6789809900482103
8,inference_categories,standard,1,0.54,-0.6925509579855285
8,inference_categories,projected,1,0.54,-0.6944495593499203
8,inference_categories,partial,1,0.52,-0.6911707534377612
8,inference_categories,standard,2,0.62,-0.692117311690176
8,inference_categories,projected,2,0.54,-0.6910151039286282
8,inference_categories,partial,2,0.54,-0.6876133311435821
8,inference_categories,standard,3,0.54,-0.6925370343322571
8,inference_categories,projected,3,0.52,-0.6931571921465414
8,inference_categories,partial,3,0.58,-0.6889081289387896
8,inference_categories,standard,4,0.54,-0.6922300491190322
8,inference_categories,projected,4,0.54,-0.6920493622757408
8,inference_categories,partial,4,0.52,-0.6869272559880979
8,inference_categories,standard,5,0.4,-0.6926787205158546
8,inference_categories,projected,5,0.54,-0.688973937017957
8,inference_categories,partial,5,0.52,-0.687304135292221
8,inference_categories,standard,6,0.4,-0.6929203348434241
8,inference_categories,projected,6,0.48,-0.688810280068377
8,inference_categories,partial,6,0.5,-0.688180892991476
8,inference_categories,standard,7,0.46,-0.693115503010834
8,inference_categories,projected,7,0.58,-0.6870440178449505
8,inference_categories,partial,7,0.52,-0.6873351150545315
8,inference_categories,standard,8,0.48,-0.6934991967642498
8,inference_categories,projected,8,0.52,-0.6880574954452544
8,inference_categories,partial,8,0.54,-0.6899761476760636
8,inference_categories,standard,9,0.38,-0.6937118136720081
8,inference_categories,projected,9,0.46,-0.6914222567720057
8,inference_categories,partial,9,0.48,-0.6943236761160934
8,inference_categories,standard,10,0.4,-0.6935397049398269
8,inference_categories,projected,10,0.5,-0.6900121710092613
8,inference_categories,partial,10,0.5,-0.692507514500453
8,inference_categories,standard,11,0.44,-0.6941660776752753
8,inference_categories,projected,11,0.46,-0.6901515926615056
8,inference_categories,partial,11,0.42,-0.6972031449544002
8,inference_categories,standard,12,0.44,-0.6933180512049946
8,inference_categories,projected,12,0.44,-0.6839951574583142
8,inference_categories,partial,12,0.46,-0.6965164638184482
8,inference_categories,standard,13,0.5,-0.6926266621191559
8,inference_categories,projected,13,0.44,-0.6837984270395361
8,inference_categories,partial,13,0.5,-0.6953450096230526
8,inference_categories,standard,14,0.44,-0.6929030692074906
8,inference_categories,projected,14,0.42,-0.6852656585124316
8,inference_categories,partial,14,0.48,-0.6918703688349183
8,inference_categories,standard,15,0.5,-0.6923937229016525
8,inference_categories,projected,15,0.48,-0.6808418916113772
8,inference_categories,partial,15,0.54,-0.6907048932247472
8,inference_categories,standard,16,0.46,-0.6924367059694329
8,inference_categories,projected,16,0.52,-0.6781885194570942
8,inference_categories,partial,16,0.56,-0.6850247282929215
8,inference_categories,standard,17,0.46,-0.6926242107836602
8,inference_categories,projected,17,0.52,-0.6778957329498055
8,inference_categories,partial,17,0.54,-0.6838909355798047
8,inference_categories,standard,18,0.56,-0.6916346437750999
8,inference_categories,projected,18,0.56,-0.6744104490427825
8,inference_categories,partial,18,0.56,-0.6791831560408143
8,inference_categories,standard,19,0.54,-0.691468596000309
8,inference_categories,projected,19,0.52,-0.6735647424142169
8,inference_categories,partial,19,0.54,-0.6797173076693263
8,inference_categories,standard,20,0.52,-0.6915042445087338
8,inference_categories,projected,20,0.54,-0.6735145623930887
8,inference_categories,partial,20,0.48,-0.6815577556594958
6,choice_only,standard,1,0.46,-0.6932095710989268
6,choice_only,projected,1,0.46,-0.6970329787033543
6,choice_only,partial,1,0.46,-0.6970329787033543
6,choice_only,standard,2,0.54,-0.692910289253843
6,choice_only,projected,2,0.52,-0.6930229936990816
6,choice_only,partial,2,0.52,-0.6930229936990816
6,choice_only,standard,3,0.56,-0.6929531177375149
6,choice_only,projected,3,0.56,-0.6938307023471088
6,choice_only,partial,3,0.56,-0.6938307023471088
6,choice_only,standard,4,0.6,-0.6923142444914266
6,choice_only,projected,4,0.54,-0.692013115220366
6,choice_only,partial,4,0.54,-0.692013115220366
6,choice_only,standard,5,0.56,-0.6928504603321523
6,choice_only,projected,5,0.44,-0.694377435535889
6,choice_only,partial,5,0.44,-0.694377435535889
6,choice_only,standard,6,0.54,-0.6931648054658781
6,choice_only,projected,6,0.5,-0.6968322078746084
6,choice_only,partial,6,0.5,-0.6968322078746084
6,choice_only,standard,7,0.48,-0.692992967555779
6,choice_only,projected,7,0.58,-0.6940590073109427
6,choice_only,partial,7,0.58,-0.6940590073109427
6,choice_only,standard,8,0.5,-0.6925940129773173
6,choice_only,projected,8,0.54,-0.692976741164043
6,choice_only,partial,8,0.54,-0.692976741164043
6,choice_only,standard,9,0.48,-0.6922649568127046
6,choice_only,projected,9,0.54,-0.6926407564334559
6,choice_only,partial,9,0.54,-0.6926407564334559
6,choice_only,standard,10,0.5,-0.6921078572610969
6,choice_only,projected,10,0.56,-0.6973217156951121
6,choice_only,partial,10,0.56,-0.6973217156951121
6,choice_only,standard,11,0.48,-0.6923525819207219
6,choice_only,projected,11,0.56,-0.6958616435108279
6,choice_only,partial,11,0.56,-0.6958616435108279
6,choice_only,standard,12,0.48,-0.6924243321514939
6,choice_only,projected,12,0.5,-0.692225372891518
6,choice_only,partial,12,0.5,-0.692225372891518
6,choice_only,standard,13,0.5,-0.6926728541846485
6,choice_only,projected,13,0.52,-0.6906800685912289
6,choice_only,partial,13,0.52,-0.6906800685912289
6,choice_only,standard,14,0.52,-0.692715701619993
6,choice_only,projected,14,0.56,-0.692683636751608
6,choice_only,partial,14,0.56,-0.692683636751608
6,choice_only,standard,15,0.48,-0.6928210544308818
6,choice_only,projected,15,0.52,-0.6945070154710125
6,choice_only,partial,15,0.52,-0.6945070154710125
6,choice_only,standard,16,0.46,-0.6932546429678085
6,choice_only,projected,16,0.54,-0.694497662278465
6,choice_only,partial,16,0.54,-0.694497662278465
6,choice_only,standard,17,0.44,-0.6936343524905257
6,choice_only,projected,17,0.58,-0.6960428139505348
6,choice_only,partial,17,0.58,-0.6960428139505348
6,choice_only,standard,18,0.44,-0.6941456602350732
6,choice_only,projected,18,0.62,-0.6976922895658277
6,choice_only,partial,18,0.62,-0.6976922895658277
6,choice_only,standard,19,0.44,-0.6941312497219296
6,choice_only,projected,19,0.58,-0.6980896321183606
6,choice_only,partial,19,0.58,-0.6980896321183606
6,choice_only,standard,20,0.46,-0.6936801601913232
6,choice_only,projected,20,0.52,-0.6971769828979066
6,choice_only,partial,20,0.52,-0.6971769828979066
6,inference_affirm,standard,1,0.46,-0.6932095710989268
6,inference_affirm,projected,1,0.46,-0.6970329787033543
6,inference_affirm,partial,1,0.44,-0.6939642553438782
6,inference_affirm,standard,2,0.54,-0.692910289253843
6,inference_affirm,projected,2,0.52,-0.6930229936990816
6,inference_affirm,partial,2,0.56,-0.6885052830154518
6,inference_affirm,standard,3,0.56,-0.6929531177375149
6,inference_affirm,projected,3,0.56,-0.6938307023471088
6,inference_affirm,partial,3,0.64,-0.6869218226579831
6,inference_affirm,standard,4,0.6,-0.6923142444914266
6,inference_affirm,projected,4,0.54,-0.692013115220366
6,inference_affirm,partial,4,0.62,-0.6821397898762455
6,inference_affirm,standard,5,0.56,-0.6928504603321523
6,inference_affirm,projected,5,0.44,-0.694377435535889
6,inference_affirm,partial,5,0.66,-0.6832509605483278
6,inference_affirm,standard,6,0.54,-0.6931648054658781
6,inference_affirm,projected,6,0.5,-0.6968322078746084
6,inference_affirm,partial,6,0.56,-0.6862106216423716
6,inference_affirm,standard,7,0.48,-0.692992967555779
6,inference_affirm,projected,7,0.58,-0.6940590073109427
6,inference_affirm,partial,7,0.56,-0.6854221461132174
6,inference_affirm,standard,8,0.5,-0.6925940129773173
6,inference_affirm,projected,8,0.54,-0.692976741164043
6,inference_affirm,partial,8,0.54,-0.6855797224892046
6,inference_affirm,standard,9,0.48,-0.6922649568127046
6,inference_affirm,projected,9,0.54,-0.6926407564334559
6,inference_affirm,partial,9,0.5,-0.6873937402194871
6,inference_affirm,standard,10,0.5,-0.6921078572610969
6,inference_affirm,projected,10,0.56,-0.6973217156951121
6,inference_affirm,partial,10,0.52,-0.6882175331372048
6,inference_affirm,standard,11,0.48,-0.6923525819207219
6,inference_affirm,projected,11,0.56,-0.6958616435108279
6,inference_affirm,partial,11,0.56,-0.6908404480300854
6,inference_affirm,standard,12,0.48,-0.6924243321514939
6,inference_affirm,projected,12,0.5,-0.692225372891518
6,inference_affirm,partial,12,0.58,-0.6913910904283828
6,inference_affirm,standard,13,0.5,-0.6926728541846485
6,inference_affirm,projected,13,0.52,-0.6906800685912289
6,inference_affirm,partial,13,0.6,-0.6890257596088887
6,inference_affirm,standard,14,0.52,-0.692715701619993
6,inference_affirm,projected,14,0.56,-0.692683636751608
6,inference_affirm,partial,14,0.54,-0.6916005975460373
6,inference_affirm,standard,15,0.48,-0.6928210544308818
6,inference_affirm,projected,15,0.52,-0.6945070154710125
6,inference_affirm,partial,15,0.58,-0.6883522270357709
6,inference_affirm,standard,16,0.46,-0.6932546429678085
6,inference_affirm,projected,16,0.54,-0.694497662278465
6,inference_affirm,partial,16,0.56,-0.6882700825823589
6,inference_affirm,standard,17,0.44,-0.6936343524905257
6,inference_affirm,projected,17,0.58,-0.6960428139505348
6,inference_affirm,partial,17,0.6,-0.6914675959255283
6,inference_affirm,standard,18,0.44,-0.6941456602350732
6,inference_affirm,projected,18,0.62,-0.6976922895658277
6,inference_affirm,partial,18,0.52,-0.6939645398447506
6,inference_affirm,standard,19,0.44,-0.6941312497219296
6,inference_affirm,projected,19,0.58,-0.6980896321183606
6,inference_affirm,partial,19,0.58,-0.6944393246083613
6,inference_affirm,standard,20,0.46,-0.6936801601913232
6,inference_affirm,projected,20,0.52,-0.6971769828979066
6,inference_affirm,partial,20,0.48,-0.6920775783500939
6,inference_categories,standard,1,0.46,-0.6932095710989268
6,inference_categories,projected,1,0.46,-0.6970329787033543
6,inference_categories,partial,1,0.48,-0.6939462173268552
6,inference_categories,standard,2,0.54,-0.692910289253843
6,inference_categories,projected,2,0.52,-0.6930229936990816
6,inference_categories,partial,2,0.54,-0.6901365270145716
6,inference_categories,standard,3,0.56,-0.6929531177375149
6,inference_categories,projected,3,0.56,-0.6938307023471088
6,inference_categories,partial,3,0.58,-0.689970200376159
6,inference_categories,standard,4,0.6,-0.6923142444914266
6,inference_categories,projected,4,0.54,-0.692013115220366
6,inference_categories,partial,4,0.6,-0.6873289867762827
6,inference_categories,standard,5,0.56,-0.6928504603321523
6,inference_categories,projected,5,0.44,-0.694377435535889
6,inference_categories,partial,5,0.58,-0.6881628065221851
6,inference_categories,standard,6,0.54,-0.6931648054658781
6,inference_categories,projected,6,0.5,-0.6968322078746084
6,inference_categories,partial,6,0.58,-0.6910456652535248
6,inference_categories,standard,7,0.48,-0.692992967555779
6,inference_categories,projected,7,0.58,-0.6940590073109427
6,inference_categories,partial,7,0.62,-0.6893178515551976
6,inference_categories,standard,8,0.5,-0.6925940129773173
6,inference_categories,projected,8,0.54,-0.692976741164043
6,inference_categories,partial,8,0.56,-0.6901558693598328
6,inference_categories,standard,9,0.48,-0.6922649568127046
6,inference_categories,projected,9,0.54,-0.6926407564334559
6,inference_categories,partial,9,0.56,-0.6899767533593466
6,inference_categories,standard,10,0.5,-0.6921078572610969
6,inference_categories,projected,10,0.56,-0.6973217156951121
6,inference_categories,partial,10,0.58,-0.6893179315232318
6,inference_categories,standard,11,0.48,-0.6923525819207219
6,inference_categories,projected,11,0.56,-0.6958616435108279
6,inference_categories,partial,11,0.54,-0.6916415577017646
6,inference_categories,standard,12,0.48,-0.6924243321514939
6,inference_categories,projected,12,0.5,-0.692225372891518
6,inference_categories,partial,12,0.56,-0.688701436442695
6,inference_categories,standard,13,0.5,-0.6926728541846485
6,inference_categories,projected,13,0.52,-0.6906800685912289
6,inference_categories,partial,13,0.58,-0.6878140242055415
6,inference_categories,standard,14,0.52,-0.692715701619993
6,inference_categories,projected,14,0.56,-0.692683636751608
6,inference_categories,partial,14,0.56,-0.6897350939218749
6,inference_categories,standard,15,0.48,-0.6928210544308818
6,inference_categories,projected,15,0.52,-0.6945070154710125
6,inference_categories,partial,15,0.52,-0.6886232783321831
6,inference_categories,standard,16,0.46,-0.6932546429678085
6,inference_categories,projected,16,0.54,-0.694497662278465
6,inference_categories,partial,16,0.52,-0.6892644594048238
6,inference_categories,standard,17,0.44,-0.6936343524905257
6,inference_categories,projected,17,0.58,-0.6960428139505348
6,inference_categories,partial,17,0.52,-0.691168007375895
6,inference_categories,standard,18,0.44,-0.6941456602350732
6,inference_categories,projected,18,0.62,-0.6976922895658277
6,inference_categories,partial,18,0.5,-0.6926736946619613
6,inference_categories,standard,19,0.44,-0.6941312497219296
6,inference_categories,projected,19,0.58,-0.6980896321183606
6,inference_categories,partial,19,0.5,-0.691730757386955
6,inference_categories,standard,20,0.46,-0.6936801601913232
6,inference_categories,projected,20,0.52,-0.6971769828979066
6,inference_categories,partial,20,0.52,-0.6892538683620123
11,choice_only,standard,1,0.66,-0.6931440829847788
11,choice_only,projected,1,0.6,-0.6920801066476678
11,choice_only,partial,1,0.6,-0.6920801066476678
11,choice_only,standard,2,0.56,-0.6930628432103489
11,choice_only,projected,2,0.5,-0.6959782587529734
11,choice_only,partial,2,0.5,-0.6959782587529734
11,choice_only,standard,3,0.5,-0.6929191610934298
11,choice_only,projected,3,0.44,-0.700723392763479
11,choice_only,partial,3,0.44,-0.700723392763479
11,choice_only,standard,4,0.54,-0.6930970518943174
11,choice_only,projected,4,0.5,-0.7025885810969801
11,choice_only,partial,4,0.5,-0.7025885810969801
11,choice_only,standard,5,0.52,-0.6932090570819056
11,choice_only,projected,5,0.52,-0.6976650936460241
11,choice_only,partial,5,0.52,-0.6976650936460241
11,choice_only,standard,6,0.52,-0.6928169216482779
11,choice_only,projected,6,0.48,-0.7035296137016605
11,choice_only,partial,6,0.48,-0.7035296137016605
11,choice_only,standard,7,0.52,-0.6923173119064184
11,choice_only,projected,7,0.46,-0.7000669030088125
11,choice_only,partial,7,0.46,-0.7000669030088125
11,choice_only,standard,8,0.58,-0.6914771534015237
11,choice_only,projected,8,0.46,-0.6980283718741525
11,choice_only,partial,8,0.46,-0.6980283718741525
11,choice_only,standard,9,0.5,-0.6907482461763575
11,choice_only,projected,9,0.48,-0.6944269738276223
11,choice_only,partial,9,0.48,-0.6944269738276223
11,choice_only,standard,10,0.5,-0.6909334646863037
11,choice_only,projected,10,0.5,-0.6967982014042802
11,choice_only,partial,10,0.5,-0.6967982014042802
11,choice_only,standard,11,0.52,-0.6908963266399304
11,choice_only,projected,11,0.48,-0.699374023469257
11,choice_only,partial,11,0.48,-0.699374023469257
11,choice_only,standard,12,0.58,-0.6908219544024022
11,choice_only,projected,12,0.54,-0.6925870682450036
11,choice_only,partial,12,0.54,-0.6925870682450036
11,choice_only,standard,13,0.54,-0.6912712423549323
11,choice_only,projected,13,0.58,-0.6953078456353669
11,choice_only,partial,13,0.58,-0.6953078456353669
11,choice_only,standard,14,0.52,-0.691984652548129
11,choice_only,projected,14,0.58,-0.697645206097349
11,choice_only,partial,14,0.58,-0.697645206097349
11,choice_only,standard,15,0.54,-0.6914805948598509
11,choice_only,projected,15,0.54,-0.6955610485339385
11,choice_only,partial,15,0.54,-0.6955610485339385
11,choice_only,standard,16,0.52,-0.6920638955131472
11,choice_only,projected,16,0.52,-0.7001901937365966
11,choice_only,partial,16,0.52,-0.7001901937365966
11,choice_only,standard,17,0.56,-0.6920912869872582
11,choice_only,projected,17,0.56,-0.7014151895071524
11,choice_only,partial,17,0.56,-0.7014151895071524
11,choice_only,standard,18,0.5,-0.6918081104842122
11,choice_only,projected,18,0.44,-0.7019556204849464
11,choice_only,partial,18,0.44,-0.7019556204849464
11,choice_only,standard,19,0.5,-0.6917526819912507
11,choice_only,projected,19,0.52,-0.7016009675736089
11,choice_only,partial,19,0.52,-0.7016009675736089
11,choice_only,standard,20,0.52,-0.6911845300263108
11,choice_only,projected,20,0.54,-0.7035981848722535
11,choice_only,partial,20,0.54,-0.7035981848722535
11,inference_affirm,standard,1,0.66,-0.6931440829847788
11,inference_affirm,projected,1,0.6,-0.6920801066476678
11,inference_affirm,partial,1,0.64,-0.6862892158532559
11,inference_affirm,standard,2,0.56,-0.6930628432103489
11,inference_affirm,projected,2,0.5,-0.6959782587529734
11,inference_affirm,partial,2,0.56,-0.6862703490726463
11,inference_affirm,standard,3,0.5,-0.6929191610934298
11,inference_affirm,projected,3,0.44,-0.700723392763479
11,inference_affirm,partial,3,0.54,-0.6866361491602383
11,inference_affirm,standard,4,0.54,-0.6930970518943174
11,inference_affirm,projected,4,0.5,-0.7025885810969801
11,inference_affirm,partial,4,0.6,-0.6832077612207832
11,inference_affirm,standard,5,0.52,-0.6932090570819056
11,inference_affirm,projected,5,0.52,-0.6976650936460241
11,inference_affirm,partial,5,0.58,-0.6797278182556978
11,inference_affirm,standard,6,0.52,-0.6928169216482779
11,inference_affirm,projected,6,0.48,-0.7035296137016605
11,inference_affirm,partial,6,0.54,-0.6848644067147195
11,inference_affirm,standard,7,0.52,-0.6923173119064184
11,inference_affirm,projected,7,0.46,-0.7000669030088125
11,inference_affirm,partial,7,0.52,-0.6829644766658004
11,inference_affirm,standard,8,0.58,-0.6914771534015237
11,inference_affirm,projected,8,0.46,-0.6980283718741525
11,inference_affirm,partial,8,0.48,-0.6823333328667824
11,inference_affirm,standard,9,0.5,-0.6907482461763575
11,inference_affirm,projected,9,0.48,-0.6944269738276223
11,inference_affirm,partial,9,0.48,-0.6885338721570514
11,inference_affirm,standard,10,0.5,-0.6909334646863037
11,inference_affirm,projected,10,0.5,-0.6967982014042802
11,inference_affirm,partial,10,0.5,-0.6929374410260043
11,inference_affirm,standard,11,0.52,-0.6908963266399304
11,inference_affirm,projected,11,0.48,-0.699374023469257
11,inference_affirm,partial,11,0.44,-0.6928524504750352
11,inference_affirm,standard,12,0.58,-0.6908219544024022
11,inference_affirm,projected,12,0.54,-0.6925870682450036
11,inference_affirm,partial,12,0.44,-0.7021668708874766
11,inference_affirm,standard,13,0.54,-0.6912712423549323
11,inference_affirm,projected,13,0.58,-0.6953078456353669
11,inference_affirm,partial,13,0.5,-0.7063380649814399
11,inference_affirm,standard,14,0.52,-0.691984652548129
11,inference_affirm,projected,14,0.58,-0.697645206097349
11,inference_affirm,partial,14,0.48,-0.7042462212668128
11,inference_affirm,standard,15,0.54,-0.6914805948598509
11,inference_affirm,projected,15,0.54,-0.6955610485339385
11,inference_affirm,partial,15,0.48,-0.7015799700901926
11,inference_affirm,standard,16,0.52,-0.6920638955131472
11,inference_affirm,projected,16,0.52,-0.7001901937365966
11,inference_affirm,partial,16,0.46,-0.7031442669927418
11,inference_affirm,standard,17,0.56,-0.6920912869872582
11,inference_affirm,projected,17,0.56,-0.7014151895071524
11,inference_affirm,partial,17,0.46,-0.6980282295219021
11,inference_affirm,standard,18,0.5,-0.6918081104842122
11,inference_affirm,projected,18,0.44,-0.7019556204849464
11,inference_affirm,partial,18,0.48,-0.6950530321950865
11,inference_affirm,standard,19,0.5,-0.6917526819912507
11,inference_affirm,projected,19,0.52,-0.7016009675736089
11,inference_affirm,partial,19,0.54,-0.69329777613622
11,inference_affirm,standard,20,0.52,-0.6911845300263108
11,inference_affirm,projected,20,0.54,-0.7035981848722535
11,inference_affirm,partial,20,0.54,-0.690396937233377
11,inference_categories,standard,1,0.66,-0.6931440829847788
11,inference_categories,projected,1,0.6,-0.6920801066476678
11,inference_categories,partial,1,0.54,-0.6913345433093803
11,inference_categories,standard,2,0.56,-0.6930628432103489
11,inference_categories,projected,2,0.5,-0.6959782587529734
11,inference_categories,partial,2,0.48,-0.6955350606675366
11,inference_categories,standard,3,0.5,-0.6929191610934298
11,inference_categories,projected,3,0.44,-0.700723392763479
11,inference_categories,partial,3,0.5,-0.6995380749038282
11,inference_categories,standard,4,0.54,-0.6930970518943174
11,inference_categories,projected,4,0.5,-0.7025885810969801
11,inference_categories,partial,4,0.46,-0.7017960443791847
11,inference_categories,standard,5,0.52,-0.6932090570819056
11,inference_categories,projected,5,0.52,-0.6976650936460241
11,inference_categories,partial,5,0.5,-0.7003460993542455
11,inference_categories,standard,6,0.52,-0.6928169216482779
11,inference_categories,projected,6,0.48,-0.7035296137016605
11,inference_categories,partial,6,0.5,-0.7075650724286016
11,inference_categories,standard,7,0.52,-0.6923173119064184
11,inference_categories,projected,7,0.46,-0.7000669030088125
11,inference_categories,partial,7,0.52,-0.7071341338615424
11,inference_categories,standard,8,0.58,-0.6914771534015237
11,inference_categories,projected,8,0.46,-0.6980283718741525
11,inference_categories,partial,8,0.52,-0.7046877176362684
11,inference_categories,standard,9,0.5,-0.6907482461763575
11,inference_categories,projected,9,0.48,-0.6944269738276223
11,inference_categories,partial,9,0.52,-0.7081622164870869
11,inference_categories,standard,10,0.5,-0.6909334646863037
11,inference_categories,projected,10,0.5,-0.6967982014042802
11,inference_categories,partial,10,0.48,-0.7095844759593848
11,inference_categories,standard,11,0.52,-0.6908963266399304
11,inference_categories,projected,11,0.48,-0.699374023469257
11,inference_categories,partial,11,0.44,-0.7143077528331172
11,inference_categories,standard,12,0.58,-0.6908219544024022
11,inference_categories,projected,12,0.54,-0.6925870682450036
11,inference_categories,partial,12,0.5,-0.7123270599738291
11,inference_categories,standard,13,0.54,-0.6912712423549323
11,inference_categories,projected,13,0.58,-0.6953078456353669
11,inference_categories,partial,13,0.5,-0.7163748507567029
11,inference_categories,standard,14,0.52,-0.691984652548129
11,inference_categories,projected,14,0.58,-0.697645206097349
11,inference_categories,partial,14,0.54,-0.7177656261954494
11,inference_categories,standard,15,0.54,-0.6914805948598509
11,inference_categories,projected,15,0.54,-0.6955610485339385
11,inference_categories,partial,15,0.52,-0.7166749250217178
11,inference_categories,standard,16,0.52,-0.6920638955131472
11,inference_categories,projected,16,0.52,-0.7001901937365966
11,inference_categories,partial,16,0.5,-0.7165673647937757
11,inference_categories,standard,17,0.56,-0.6920912869872582
11,inference_categories,projected,17,0.56,-0.7014151895071524
11,inference_categories,partial,17,0.52,-0.7170833932002609
11,inference_categories,standard,18,0.5,-0.6918081104842122
11,inference_categories,projected,18,0.44,-0.7019556204849464
11,inference_categories,partial,18,0.54,-0.7173482405099191
11,inference_categories,standard,19,0.5,-0.6917526819912507
11,inference_categories,projected,19,0.52,-0.7016009675736089
11,inference_categories,partial,19,0.6,-0.7134266524384287
11,inference_categories,standard,20,0.52,-0.6911845300263108
11,inference_categories,projected,20,0.54,-0.7035981848722535
11,inference_categories,partial,20,0.58,-0.7096877559571395
12,choice_only,standard,1,0.6,-0.6926079390358
12,choice_only,projected,1,0.54,-0.6896404080011901
12,choice_only,partial,1,0.54,-0.6896404080011901
12,choice_only,standard,2,0.44,-0.6929899751608454
12,choice_only,projected,2,0.58,-0.6943339562715649
12,choice_only,partial,2,0.58,-0.6943339562715649
12,choice_only,standard,3,0.52,-0.6926637598242016
12,choice_only,projected,3,0.54,-0.6902910336045384
12,choice_only,partial,3,0.54,-0.6902910336045384
12,choice_only,standard,4,0.58,-0.6928626007386793
12,choice_only,projected,4,0.36,-0.6974836404533025
12,choice_only,partial,4,0.36,-0.6974836404533025
12,choice_only,standard,5,0.52,-0.6924721705694782
12,choice_only,projected,5,0.44,-0.6950935324498954
12,choice_only,partial,5,0.44,-0.6950935324498954
12,choice_only,standard,6,0.52,-0.693005100332843
12,choice_only,projected,6,0.4,-0.7024135301825254
12,choice_only,partial,6,0.4,-0.7024135301825254
12,choice_only,standard,7,0.56,-0.6924142530066923
12,choice_only,projected,7,0.56,-0.6893460755635494
12,choice_only,partial,7,0.56,-0.6893460755635494
12,choice_only,standard,8,0.6,-0.6921240092489847
12,choice_only,projected,8,0.58,-0.6852059750714345
12,choice_only,partial,8,0.58,-0.6852059750714345
12,choice_only,standard,9,0.58,-0.6923450962329816
12,choice_only,projected,9,0.58,-0.6833003487578148
12,choice_only,partial,9,0.58,-0.6833003487578148
12,choice_only,standard,10,0.58,-0.6922960132072931
12,choice_only,projected,10,0.54,-0.6868415810538651
12,choice_only,partial,10,0.54,-0.6868415810538651
12,choice_only,standard,11,0.58,-0.6921634662677705
12,choice_only,projected,11,0.56,-0.6873211434154023
12,choice_only,partial,11,0.56,-0.6873211434154023
12,choice_only,standard,12,0.64,-0.691574252852272
12,choice_only,projected,12,0.58,-0.6800868995270656
12,choice_only,partial,12,0.58,-0.6800868995270656
12,choice_only,standard,13,0.62,-0.6913647100680282
12,choice_only,projected,13,0.58,-0.6832593987979397
12,choice_only,partial,13,0.58,-0.6832593987979397
12,choice_only,standard,14,0.64,-0.691434131091048
12,choice_only,projected,14,0.66,-0.6868455192659887
12,choice_only,partial,14,0.66,-0.6868455192659887
12,choice_only,standard,15,0.62,-0.6914045391883258
12,choice_only,projected,15,0.6,-0.6887289291244464
12,choice_only,partial,15,0.6,-0.6887289291244464
12,choice_only,standard,16,0.56,-0.691209855001228
12,choice_only,projected,16,0.62,-0.6856912557867468
12,choice_only,partial,16,0.62,-0.6856912557867468
12,choice_only,standard,17,0.6,-0.6907216076385407
12,choice_only,projected,17,0.6,-0.6789090953071623
12,choice_only,partial,17,0.6,-0.6789090953071623
12,choice_only,standard,18,0.62,-0.6902057582689521
12,choice_only,projected,18,0.6,-0.6720169455736847
12,choice_only,partial,18,0.6,-0.6720169455736847
12,choice_only,standard,19,0.58,-0.6901136370238009
12,choice_only,projected,19,0.62,-0.6707540086567921
12,choice_only,partial,19,0.62,-0.6707540086567921
12,choice_only,standard,20,0.58,-0.6898331083077106
12,choice_only,projected,20,0.6,-0.6711204566591428
12,choice_only,partial,20,0.6,-0.6711204566591428
12,inference_affirm,standard,1,0.6,-0.6926079390358
12,inference_affirm,projected,1,0.54,-0.6896404080011901
12,inference_affirm,partial,1,0.68,-0.6870597700363866
12,inference_affirm,standard,2,0.44,-0.6929899751608454
12,inference_affirm,projected,2,0.58,-0.6943339562715649
12,inference_affirm,partial,2,0.64,-0.6870055652447243
12,inference_affirm,standard,3,0.52,-0.6926637598242016
12,inference_affirm,projected,3,0.54,-0.6902910336045384
12,inference_affirm,partial,3,0.56,-0.6872055292095753
12,inference_affirm,standard,4,0.58,-0.6928626007386793
12,inference_affirm,projected,4,0.36,-0.6974836404533025
12,inference_affirm,partial,4,0.62,-0.6916382320795605
12,inference_affirm,standard,5,0.52,-0.6924721705694782
12,inference_affirm,projected,5,0.44,-0.6950935324498954
12,inference_affirm,partial,5,0.64,-0.6894244693689693
12,inference_affirm,standard,6,0.52,-0.693005100332843
12,inference_affirm,projected,6,0.4,-0.7024135301825254
12,inference_affirm,partial,6,0.54,-0.698719411436298
12,inference_affirm,standard,7,0.56,-0.6924142530066923
12,inference_affirm,projected,7,0.56,-0.6893460755635494
12,inference_affirm,partial,7,0.64,-0.6885463606110827
12,inference_affirm,standard,8,0.6,-0.6921240092489847
12,inference_affirm,projected,8,0.58,-0.6852059750714345
12,inference_affirm,partial,8,0.58,-0.6857311454843347
12,inference_affirm,standard,9,0.58,-0.6923450962329816
12,inference_affirm,projected,9,0.58,-0.6833003487578148
12,inference_affirm,partial,9,0.64,-0.6811859717168635
12,inference_affirm,standard,10,0.58,-0.6922960132072931
12,inference_affirm,projected,10,0.54,-0.6868415810538651
12,inference_affirm,partial,10,0.66,-0.6812937337219535
12,inference_affirm,standard,11,0.58,-0.6921634662677705
12,inference_affirm,projected,11,0.56,-0.6873211434154023
12,inference_affirm,partial,11,0.64,-0.6786814074682778
12,inference_affirm,standard,12,0.64,-0.691574252852272
12,inference_affirm,projected,12,0.58,-0.6800868995270656
12,inference_affirm,partial,12,0.64,-0.6821116610647222
12,inference_affirm,standard,13,0.62,-0.6913647100680282
12,inference_affirm,projected,13,0.58,-0.6832593987979397
12,inference_affirm,partial,13,0.62,-0.6841657761000488
12,inference_affirm,standard,14,0.64,-0.691434131091048
12,inference_affirm,projected,14,0.66,-0.6868455192659887
12,inference_affirm,partial,14,0.56,-0.688803916162715
12,inference_affirm,standard,15,0.62,-0.6914045391883258
12,inference_affirm,projected,15,0.6,-0.6887289291244464
12,inference_affirm,partial,15,0.58,-0.690434462846505
12,inference_affirm,standard,16,0.56,-0.691209855001228
12,inference_affirm,projected,16,0.62,-0.6856912557867468
12,inference_affirm,partial,16,0.58,-0.6921746851664845
12,inference_affirm,standard,17,0.6,-0.6907216076385407
12,inference_affirm,projected,17,0.6,-0.6789090953071623
12,inference_affirm,partial,17,0.6,-0.6849794496467506
12,inference_affirm,standard,18,0.62,-0.6902057582689521
12,inference_affirm,projected,18,0.6,-0.6720169455736847
12,inference_affirm,partial,18,0.62,-0.6793249352443388
12,inference_affirm,standard,19,0.58,-0.6901136370238009
12,inference_affirm,projected,19,0.62,-0.6707540086567921
12,inference_affirm,partial,19,0.6,-0.6794737643708391
12,inference_affirm,standard,20,0.58,-0.6898331083077106
12,inference_affirm,projected,20,0.6,-0.6711204566591428
12,inference_affirm,partial,20,0.6,-0.6782396944255636
12,inference_categories,standard,1,0.6,-0.6926079390358
12,inference_categories,projected,1,0.54,-0.6896404080011901
12,inference_categories,partial,1,0.6,-0.6889458450544129
12,inference_categories,standard,2,0.44,-0.6929899751608454
12,inference_categories,projected,2,0.58,-0.6943339562715649
12,inference_categories,partial,2,0.5,-0.6942150722912853
12,inference_categories,standard,3,0.52,-0.6926637598242016
12,inference_categories,projected,3,0.54,-0.6902910336045384
12,inference_categories,partial,3,0.56,-0.6891448291180867
12,inference_categories,standard,4,0.58,-0.6928626007386793
12,inference_categories,projected,4,0.36,-0.6974836404533025
12,inference_categories,partial,4,0.44,-0.6979716011774038
12,inference_categories,standard,5,0.52,-0.6924721705694782
12,inference_categories,projected,5,0.44,-0.6950935324498954
12,inference_categories,partial,5,0.46,-0.6958609386283119
12,inference_categories,standard,6,0.52,-0.693005100332843
12,inference_categories,projected,6,0.4,-0.7024135301825254
12,inference_categories,partial,6,0.4,-0.7079048110153918
12,inference_categories,standard,7,0.56,-0.6924142530066923
12,inference_categories,projected,7,0.56,-0.6893460755635494
12,inference_categories,partial,7,0.54,-0.6956018267342848
12,inference_categories,standard,8,0.6,-0.6921240092489847
12,inference_categories,projected,8,0.58,-0.6852059750714345
12,inference_categories,partial,8,0.56,-0.6921398238607052
12,inference_categories,standard,9,0.58,-0.6923450962329816
12,inference_categories,projected,9,0.58,-0.6833003487578148
12,inference_categories,partial,9,0.56,-0.6894694136686108
12,inference_categories,standard,10,0.58,-0.6922960132072931
12,inference_categories,projected,10,0.54,-0.6868415810538651
12,inference_categories,partial,10,0.54,-0.6911062590713274
12,inference_categories,standard,11,0.58,-0.6921634662677705
12,inference_categories,projected,11,0.56,-0.6873211434154023
12,inference_categories,partial,11,0.52,-0.693704802136459
12,inference_categories,standard,12,0.64,-0.691574252852272
12,inference_categories,projected,12,0.58,-0.6800868995270656
12,inference_categories,partial,12,0.62,-0.6922343579401884
12,inference_categories,standard,13,0.62,-0.6913647100680282
12,inference_categories,projected,13,0.58,-0.6832593987979397
12,inference_categories,partial,13,0.62,-0.6958569089839195
12,inference_categories,standard,14,0.64,-0.691434131091048
12,inference_categories,projected,14,0.66,-0.6868455192659887
12,inference_categories,partial,14,0.58,-0.7008641902612627
12,inference_categories,standard,15,0.62,-0.6914045391883258
12,inference_categories,projected,15,0.6,-0.6887289291244464
12,inference_categories,partial,15,0.52,-0.7022348882086125
12,inference_categories,standard,16,0.56,-0.691209855001228
12,inference_categories,projected,16,0.62,-0.6856912557867468
12,inference_categories,partial,16,0.5,-0.7023371662039115
12,inference_categories,standard,17,0.6,-0.6907216076385407
12,inference_categories,projected,17,0.6,-0.6789090953071623
12,inference_categories,partial,17,0.56,-0.6966029199173586
12,inference_categories,standard,18,0.62,-0.6902057582689521
12,inference_categories,projected,18,0.6,-0.6720169455736847
12,inference_categories,partial,18,0.56,-0.6880458414670688
12,inference_categories,standard,19,0.58,-0.6901136370238009
12,inference_categories,projected,19,0.62,-0.6707540086567921
12,inference_categories,partial,19,0.58,-0.6892054091749223
12,inference_categories,standard,20,0.58,-0.6898331083077106
12,inference_categories,projected,20,0.6,-0.6711204566591428
12,inference_categories,partial,20,0.6,-0.6894443678378154
10,choice_only,standard,1,0.42,-0.6934184455479224
10,choice_only,projected,1,0.6,-0.6910275520511492
10,choice_only,partial,1,0.6,-0.6910275520511492
10,choice_only,standard,2,0.48,-0.6929787752615462
10,choice_only,projected,2,0.56,-0.6917996391571647
10,choice_only,partial,2,0.56,-0.6917996391571647
10,choice_only,standard,3,0.52,-0.6925342829472979
10,choice_only,projected,3,0.6,-0.6837897787946051
10,choice_only,partial,3,0.6,-0.6837897787946051
10,choice_only,standard,4,0.5,-0.692633415598681
10,choice_only,projected,4,0.58,-0.6848218103424756
10,choice_only,partial,4,0.58,-0.6848218103424756
10,choice_only,standard,5,0.5,-0.6931317862967882
10,choice_only,projected,5,0.38,-0.6993511312205762
10,choice_only,partial,5,0.38,-0.6993511312205762
10,choice_only,standard,6,0.52,-0.6933713620359546
10,choice_only,projected,6,0.42,-0.7004343558256599
10,choice_only,partial,6,0.42,-0.7004343558256599
10,choice_only,standard,7,0.54,-0.6932628287604733
10,choice_only,projected,7,0.48,-0.7035657802105143
10,choice_only,partial,7,0.48,-0.7035657802105143
10,choice_only,standard,8,0.56,-0.6929691609658347
10,choice_only,projected,8,0.46,-0.702265420047362
10,choice_only,partial,8,0.46,-0.702265420047362
10,choice_only,standard,9,0.5,-0.6932526475943286
10,choice_only,projected,9,0.46,-0.6983950892519935
10,choice_only,partial,9,0.46,-0.6983950892519935
10,choice_only,standard,10,0.5,-0.693342604420254
10,choice_only,projected,10,0.4,-0.703930535846862
10,choice_only,partial,10,0.4,-0.703930535846862
10,choice_only,standard,11,0.5,-0.6929570443176494
10,choice_only,projected,11,0.5,-0.6998304498077182
10,choice_only,partial,11,0.5,-0.6998304498077182
10,choice_only,standard,12,0.5,-0.6932874772246226
10,choice_only,projected,12,0.46,-0.7016744718063207
10,choice_only,partial,12,0.46,-0.7016744718063207
10,choice_only,standard,13,0.48,-0.6944852772304706
10,choice_only,projected,13,0.36,-0.7144987648344099
10,choice_only,partial,13,0.36,-0.7144987648344099
10,choice_only,standard,14,0.48,-0.6935708184558343
10,choice_only,projected,14,0.44,-0.7056996979240994
10,choice_only,partial,14,0.44,-0.7056996979240994
10,choice_only,standard,15,0.5,-0.6936101200333458
10,choice_only,projected,15,0.44,-0.7060896592611767
10,choice_only,partial,15,0.44,-0.7060896592611767
10,choice_only,standard,16,0.52,-0.6936951926545787
10,choice_only,projected,16,0.48,-0.7035342789049411
10,choice_only,partial,16,0.48,-0.7035342789049411
10,choice_only,standard,17,0.5,-0.6943801500404934
10,choice_only,projected,17,0.46,-0.7035266867792791
10,choice_only,partial,17,0.46,-0.7035266867792791
10,choice_only,standard,18,0.56,-0.6943122492174009
10,choice_only,projected,18,0.5,-0.6997980922754548
10,choice_only,partial,18,0.5,-0.6997980922754548
10,choice_only,standard,19,0.58,-0.6941548622624326
10,choice_only,projected,19,0.48,-0.6974230187655104
10,choice_only,partial,19,0.48,-0.6974230187655104
10,choice_only,standard,20,0.56,-0.6943528398392661
10,choice_only,projected,20,0.5,-0.7032414069766711
10,choice_only,partial,20,0.5,-0.7032414069766711
10,inference_affirm,standard,1,0.42,-0.6934184455479224
10,inference_affirm,projected,1,0.6,-0.6910275520511492
10,inference_affirm,partial,1,0.44,-0.6945285930759567
10,inference_affirm,standard,2,0.48,-0.6929787752615462
10,inference_affirm,projected,2,0.56,-0.6917996391571647
10,inference_affirm,partial,2,0.58,-0.6933824762882359
10,inference_affirm,standard,3,0.52,-0.6925342829472979
10,inference_affirm,projected,3,0.6,-0.6837897787946051
10,inference_affirm,partial,3,0.56,-0.6871918618227627
10,inference_affirm,standard,4,0.5,-0.692633415598681
10,inference_affirm,projected,4,0.58,-0.6848218103424756
10,inference_affirm,partial,4,0.68,-0.6826025938183073
10,inference_affirm,standard,5,0.5,-0.6931317862967882
10,inference_affirm,projected,5,0.38,-0.6993511312205762
10,inference_affirm,partial,5,0.56,-0.6918317047346059
10,inference_affirm,standard,6,0.52,-0.6933713620359546
10,inference_affirm,projected,6,0.42,-0.7004343558256599
10,inference_affirm,partial,6,0.56,-0.6936343641164565
10,inference_affirm,standard,7,0.54,-0.6932628287604733
10,inference_affirm,projected,7,0.48,-0.7035657802105143
10,inference_affirm,partial,7,0.5,-0.6923140574696898
10,inference_affirm,standard,8,0.56,-0.6929691609658347
10,inference_affirm,projected,8,0.46,-0.702265420047362
10,inference_affirm,partial,8,0.58,-0.6908699126258291
10,inference_affirm,standard,9,0.5,-0.6932526475943286
10,inference_affirm,projected,9,0.46,-0.6983950892519935
10,inference_affirm,partial,9,0.58,-0.6864859166608573
10,inference_affirm,standard,10,0.5,-0.693342604420254
10,inference_affirm,projected,10,0.4,-0.703930535846862
10,inference_affirm,partial,10,0.6,-0.6861183490244857
10,inference_affirm,standard,11,0.5,-0.6929570443176494
10,inference_affirm,projected,11,0.5,-0.6998304498077182
10,inference_affirm,partial,11,0.56,-0.6843249965864654
10,inference_affirm,standard,12,0.5,-0.6932874772246226
10,inference_affirm,projected,12,0.46,-0.7016744718063207
10,inference_affirm,partial,12,0.58,-0.6863425396918857
10,inference_affirm,standard,13,0.48,-0.6944852772304706
10,inference_affirm,projected,13,0.36,-0.7144987648344099
10,inference_affirm,partial,13,0.52,-0.6884066487291678
10,inference_affirm,standard,14,0.48,-0.6935708184558343
10,inference_affirm,projected,14,0.44,-0.7056996979240994
10,inference_affirm,partial,14,0.52,-0.6883548006232908
10,inference_affirm,standard,15,0.5,-0.6936101200333458
10,inference_affirm,projected,15,0.44,-0.7060896592611767
10,inference_affirm,partial,15,0.5,-0.6883993393732675
10,inference_affirm,standard,16,0.52,-0.6936951926545787
10,inference_affirm,projected,16,0.48,-0.7035342789049411
10,inference_affirm,partial,16,0.52,-0.6909895127361562
10,inference_affirm,standard,17,0.5,-0.6943801500404934
10,inference_affirm,projected,17,0.46,-0.7035266867792791
10,inference_affirm,partial,17,0.52,-0.6892554034565272
10,inference_affirm,standard,18,0.56,-0.6943122492174009
10,inference_affirm,projected,18,0.5,-0.6997980922754548
10,inference_affirm,partial,18,0.54,-0.6867806590147134
10,inference_affirm,standard,19,0.58,-0.6941548622624326
10,inference_affirm,projected,19,0.48,-0.6974230187655104
10,inference_affirm,partial,19,0.52,-0.685738831703516
10,inference_affirm,standard,20,0.56,-0.6943528398392661
10,inference_affirm,projected,20,0.5,-0.7032414069766711
10,inference_affirm,partial,20,0.5,-0.6861641653293974
10,inference_categories,standard,1,0.42,-0.6934184455479224
10,inference_categories,projected,1,0.6,-0.6910275520511492
10,inference_categories,partial,1,0.48,-0.694626214866017
10,inference_categories,standard,2,0.48,-0.6929787752615462
10,inference_categories,projected,2,0.56,-0.6917996391571647
10,inference_categories,partial,2,0.54,-0.6952875962461473
10,inference_categories,standard,3,0.52,-0.6925342829472979
10,inference_categories,projected,3,0.6,-0.6837897787946051
10,inference_categories,partial,3,0.6,-0.6892596144491152
10,inference_categories,standard,4,0.5,-0.692633415598681
10,inference_categories,projected,4,0.58,-0.6848218103424756
10,inference_categories,partial,4,0.48,-0.6937760837518856
10,inference_categories,standard,5,0.5,-0.6931317862967882
10,inference_categories,projected,5,0.38,-0.6993511312205762
10,inference_categories,partial,5,0.42,-0.7092756610946412
10,inference_categories,standard,6,0.52,-0.6933713620359546
10,inference_categories,projected,6,0.42,-0.7004343558256599
10,inference_categories,partial,6,0.46,-0.7101236177078389
10,inference_categories,standard,7,0.54,-0.6932628287604733
10,inference_categories,projected,7,0.48,-0.7035657802105143
10,inference_categories,partial,7,0.48,-0.7144505246823963
10,inference_categories,standard,8,0.56,-0.6929691609658347
10,inference_categories,projected,8,0.46,-0.702265420047362
10,inference_categories,partial,8,0.52,-0.7128280288230205
10,inference_categories,standard,9,0.5,-0.6932526475943286
10,inference_categories,projected,9,0.46,-0.6983950892519935
10,inference_categories,partial,9,0.48,-0.7096804360474249
10,inference_categories,standard,10,0.5,-0.693342604420254
10,inference_categories,projected,10,0.4,-0.703930535846862
10,inference_categories,partial,10,0.46,-0.7055126228241869
10,inference_categories,standard,11,0.5,-0.6929570443176494
10,inference_categories,projected,11,0.5,-0.6998304498077182
10,inference_categories,partial,11,0.5,-0.7033417395274377
10,inference_categories,standard,12,0.5,-0.6932874772246226
10,inference_categories,projected,12,0.46,-0.7016744718063207
10,inference_categories,partial,12,0.46,-0.703204645673862
10,inference_categories,standard,13,0.48,-0.6944852772304706
10,inference_categories,projected,13,0.36,-0.7144987648344099
10,inference_categories,partial,13,0.4,-0.7202614833624588
10,inference_categories,standard,14,0.48,-0.6935708184558343
10,inference_categories,projected,14,0.44,-0.7056996979240994
10,inference_categories,partial,14,0.42,-0.7175560495756055
10,inference_categories,standard,15,0.5,-0.6936101200333458
10,inference_categories,projected,15,0.44,-0.7060896592611767
10,inference_categories,partial,15,0.42,-0.7197729169432684
10,inference_categories,standard,16,0.52,-0.6936951926545787
10,inference_categories,projected,16,0.48,-0.7035342789049411
10,inference_categories,partial,16,0.42,-0.7186559962440303
10,inference_categories,standard,17,0.5,-0.6943801500404934
10,inference_categories,projected,17,0.46,-0.7035266867792791
10,inference_categories,partial,17,0.42,-0.7188947383936712
10,inference_categories,standard,18,0.56,-0.6943122492174009
10,inference_categories,projected,18,0.5,-0.6997980922754548
10,inference_categories,partial,18,0.44,-0.7204816172826696
10,inference_categories,standard,19,0.58,-0.6941548622624326
10,inference_categories,projected,19,0.48,-0.6974230187655104
10,inference_categories,partial,19,0.44,-0.7179374617862534
10,inference_categories,standard,20,0.56,-0.6943528398392661
10,inference_categories,projected,20,0.5,-0.7032414069766711
10,inference_categories,partial,20,0.42,-0.7204662162238131
9,choice_only,standard,1,0.56,-0.6926668791684234
9,choice_only,projected,1,0.48,-0.6931654529173611
9,choice_only,partial,1,0.48,-0.6931654529173611
9,choice_only,standard,2,0.58,-0.6925032683124624
9,choice_only,projected,2,0.46,-0.6931670611960066
9,choice_only,partial,2,0.46,-0.6931670611960066
9,choice_only,standard,3,0.62,-0.6922429078416457
9,choice_only,projected,3,0.54,-0.6884338439086963
9,choice_only,partial,3,0.54,-0.6884338439086963
9,choice_only,standard,4,0.52,-0.6917531294206846
9,choice_only,projected,4,0.58,-0.6827453851883328
9,choice_only,partial,4,0.58,-0.6827453851883328
9,choice_only,standard,5,0.54,-0.6911369505639631
9,choice_only,projected,5,0.6,-0.6765334112521276
9,choice_only,partial,5,0.6,-0.6765334112521276
9,choice_only,standard,6,0.54,-0.6915890330138349
9,choice_only,projected,6,0.6,-0.6818452521437812
9,choice_only,partial,6,0.6,-0.6818452521437812
9,choice_only,standard,7,0.56,-0.6911715275478056
9,choice_only,projected,7,0.56,-0.6815764328364685
9,choice_only,partial,7,0.56,-0.6815764328364685
9,choice_only,standard,8,0.56,-0.6908217899914316
9,choice_only,projected,8,0.6,-0.6810209473446966
9,choice_only,partial,8,0.6,-0.6810209473446966
9,choice_only,standard,9,0.56,-0.6905428420484039
9,choice_only,projected,9,0.58,-0.6770827967562415
9,choice_only,partial,9,0.58,-0.6770827967562415
9,choice_only,standard,10,0.58,-0.6904208211228476
9,choice_only,projected,10,0.58,-0.678893083536941
9,choice_only,partial,10,0.58,-0.678893083536941
9,choice_only,standard,11,0.64,-0.6906377592059336
9,choice_only,projected,11,0.52,-0.68506359681646
9,choice_only,partial,11,0.52,-0.68506359681646
9,choice_only,standard,12,0.62,-0.6904584140268867
9,choice_only,projected,12,0.52,-0.6829310103656929
9,choice_only,partial,12,0.52,-0.6829310103656929
9,choice_only,standard,13,0.58,-0.6908459585116872
9,choice_only,projected,13,0.52,-0.6800711028637876
9,choice_only,partial,13,0.52,-0.6800711028637876
9,choice_only,standard,14,0.6,-0.6906052721115953
9,choice_only,projected,14,0.58,-0.673784326707905
9,choice_only,partial,14,0.58,-0.673784326707905
9,choice_only,standard,15,0.56,-0.6911108011330621
9,choice_only,projected,15,0.56,-0.6730470644209332
9,choice_only,partial,15,0.56,-0.6730470644209332
9,choice_only,standard,16,0.56,-0.6905549331439861
9,choice_only,projected,16,0.56,-0.6727803450092225
9,choice_only,partial,16,0.56,-0.6727803450092225
9,choice_only,standard,17,0.6,-0.690261547038032
9,choice_only,projected,17,0.62,-0.6708361364610146
9,choice_only,partial,17,0.62,-0.6708361364610146
9,choice_only,standard,18,0.58,-0.6898509209655309
9,choice_only,projected,18,0.54,-0.6716769504836515
9,choice_only,partial,18,0.54,-0.6716769504836515
9,choice_only,standard,19,0.56,-0.6895084883225006
9,choice_only,projected,19,0.54,-0.671113457550601
9,choice_only,partial,19,0.54,-0.671113457550601
9,choice_only,standard,20,0.58,-0.689296224928546
9,choice_only,projected,20,0.56,-0.6717235949012916
9,choice_only,partial,20,0.56,-0.6717235949012916
9,inference_affirm,standard,1,0.56,-0.6926668791684234
9,inference_affirm,projected,1,0.48,-0.6931654529173611
9,inference_affirm,partial,1,0.44,-0.6996743415044113
9,inference_affirm,standard,2,0.58,-0.6925032683124624
9,inference_affirm,projected,2,0.46,-0.6931670611960066
9,inference_affirm,partial,2,0.36,-0.7128520038717454
9,inference_affirm,standard,3,0.62,-0.6922429078416457
9,inference_affirm,projected,3,0.54,-0.6884338439086963
9,inference_affirm,partial,3,0.3,-0.710276095822893
9,inference_affirm,standard,4,0.52,-0.6917531294206846
9,inference_affirm,projected,4,0.58,-0.6827453851883328
9,inference_affirm,partial,4,0.46,-0.6990620049561135
9,inference_affirm,standard,5,0.54,-0.6911369505639631
9,inference_affirm,projected,5,0.6,-0.6765334112521276
9,inference_affirm,partial,5,0.54,-0.6929316169818114
9,inference_affirm,standard,6,0.54,-0.6915890330138349
9,inference_affirm,projected,6,0.6,-0.6818452521437812
9,inference_affirm,partial,6,0.52,-0.6929036733954836
9,inference_affirm,standard,7,0.56,-0.6911715275478056
9,inference_affirm,projected,7,0.56,-0.6815764328364685
9,inference_affirm,partial,7,0.48,-0.6984519790052449
9,inference_affirm,standard,8,0.56,-0.6908217899914316
9,inference_affirm,projected,8,0.6,-0.6810209473446966
9,inference_affirm,partial,8,0.48,-0.6971947554527658
9,inference_affirm,standard,9,0.56,-0.6905428420484039
9,inference_affirm,projected,9,0.58,-0.6770827967562415
9,inference_affirm,partial,9,0.48,-0.6976029770283725
9,inference_affirm,standard,10,0.58,-0.6904208211228476
9,inference_affirm,projected,10,0.58,-0.678893083536941
9,inference_affirm,partial,10,0.52,-0.696132499029855
9,inference_affirm,standard,11,0.64,-0.6906377592059336
9,inference_affirm,projected,11,0.52,-0.68506359681646
9,inference_affirm,partial,11,0.54,-0.692713687721578
9,inference_affirm,standard,12,0.62,-0.6904584140268867
9,inference_affirm,projected,12,0.52,-0.6829310103656929
9,inference_affirm,partial,12,0.5,-0.6961951849729702
9,inference_affirm,standard,13,0.58,-0.6908459585116872
9,inference_affirm,projected,13,0.52,-0.6800711028637876
9,inference_affirm,partial,13,0.46,-0.6969959150425039
9,inference_affirm,standard,14,0.6,-0.6906052721115953
9,inference_affirm,projected,14,0.58,-0.673784326707905
9,inference_affirm,partial,14,0.5,-0.6966937179730189
9,inference_affirm,standard,15,0.56,-0.6911108011330621
9,inference_affirm,projected,15,0.56,-0.6730470644209332
9,inference_affirm,partial,15,0.52,-0.692341117918919
9,inference_affirm,standard,16,0.56,-0.6905549331439861
9,inference_affirm,projected,16,0.56,-0.6727803450092225
9,inference_affirm,partial,16,0.5,-0.6963763595633917
9,inference_affirm,standard,17,0.6,-0.690261547038032
9,inference_affirm,projected,17,0.62,-0.6708361364610146
9,inference_affirm,partial,17,0.54,-0.6967459680386443
9,inference_affirm,standard,18,0.58,-0.6898509209655309
9,inference_affirm,projected,18,0.54,-0.6716769504836515
9,inference_affirm,partial,18,0.52,-0.699650359381854
9,inference_affirm,standard,19,0.56,-0.6895084883225006
9,inference_affirm,projected,19,0.54,-0.671113457550601
9,inference_affirm,partial,19,0.54,-0.6977217006873885
9,inference_affirm,standard,20,0.58,-0.689296224928546
9,inference_affirm,projected,20,0.56,-0.6717235949012916
9,inference_affirm,partial,20,0.56,-0.693027431083934
9,inference_categories,standard,1,0.56,-0.6926668791684234
9,inference_categories,projected,1,0.48,-0.6931654529173611
9,inference_categories,partial,1,0.52,-0.6959760798325408
9,inference_categories,standard,2,0.58,-0.6925032683124624
9,inference_categories,projected,2,0.46,-0.6931670611960066
9,inference_categories,partial,2,0.46,-0.7047760819936526
9,inference_categories,standard,3,0.62,-0.6922429078416457
9,inference_categories,projected,3,0.54,-0.6884338439086963
9,inference_categories,partial,3,0.46,-0.6999751373473546
9,inference_categories,standard,4,0.52,-0.6917531294206846
9,inference_categories,projected,4,0.58,-0.6827453851883328
9,inference_categories,partial,4,0.48,-0.6921099720695956
9,inference_categories,standard,5,0.54,-0.6911369505639631
9,inference_categories,projected,5,0.6,-0.6765334112521276
9,inference_categories,partial,5,0.5,-0.6879250972637461
9,inference_categories,standard,6,0.54,-0.6915890330138349
9,inference_categories,projected,6,0.6,-0.6818452521437812
9,inference_categories,partial,6,0.52,-0.6856180339768835
9,inference_categories,standard,7,0.56,-0.6911715275478056
9,inference_categories,projected,7,0.56,-0.6815764328364685
9,inference_categories,partial,7,0.5,-0.6871069289093625
9,inference_categories,standard,8,0.56,-0.6908217899914316
9,inference_categories,projected,8,0.6,-0.6810209473446966
9,inference_categories,partial,8,0.52,-0.6891351262223722
9,inference_categories,standard,9,0.56,-0.6905428420484039
9,inference_categories,projected,9,0.58,-0.6770827967562415
9,inference_categories,partial,9,0.5,-0.6892360216085026
9,inference_categories,standard,10,0.58,-0.6904208211228476
9,inference_categories,projected,10,0.58,-0.678893083536941
9,inference_categories,partial,10,0.54,-0.6887128639112177
9,inference_categories,standard,11,0.64,-0.6906377592059336
9,inference_categories,projected,11,0.52,-0.68506359681646
9,inference_categories,partial,11,0.56,-0.6848089006949946
9,inference_categories,standard,12,0.62,-0.6904584140268867
9,inference_categories,projected,12,0.52,-0.6829310103656929
9,inference_categories,partial,12,0.54,-0.6882419795592711
9,inference_categories,standard,13,0.58,-0.6908459585116872
9,inference_categories,projected,13,0.52,-0.6800711028637876
9,inference_categories,partial,13,0.54,-0.6874030334734192
9,inference_categories,standard,14,0.6,-0.6906052721115953
9,inference_categories,projected,14,0.58,-0.673784326707905
9,inference_categories,partial,14,0.52,-0.6854104831453021
9,inference_categories,standard,15,0.56,-0.6911108011330621
9,inference_categories,projected,15,0.56,-0.6730470644209332
9,inference_categories,partial,15,0.54,-0.6836277507806785
9,inference_categories,standard,16,0.56,-0.6905549331439861
9,inference_categories,projected,16,0.56,-0.6727803450092225
9,inference_categories,partial,16,0.54,-0.6857882955072345
9,inference_categories,standard,17,0.6,-0.690261547038032
9,inference_categories,projected,17,0.62,-0.6708361364610146
9,inference_categories,partial,17,0.58,-0.6861251642302022
9,inference_categories,standard,18,0.58,-0.6898509209655309
9,inference_categories,projected,18,0.54,-0.6716769504836515
9,inference_categories,partial,18,0.5,-0.6942544496506823
9,inference_categories,standard,19,0.56,-0.6895084883225006
9,inference_categories,projected,19,0.54,-0.671113457550601
9,inference_categories,partial,19,0.48,-0.6941509955010525
9,inference_categories,standard,20,0.58,-0.689296224928546
9,inference_categories,projected,20,0.56,-0.6717235949012916
9,inference_categories,partial,20,0.52,-0.690510396224632
13,choice_only,standard,1,0.42,-0.6926530505273201
13,choice_only,projected,1,0.4,-0.6931543038884566
13,choice_only,partial,1,0.4,-0.6931543038884566
13,choice_only,standard,2,0.46,-0.6927939929238568
13,choice_only,projected,2,0.4,-0.6915721585073004
13,choice_only,partial,2,0.4,-0.6915721585073004
13,choice_only,standard,3,0.54,-0.6921076898272325
13,choice_only,projected,3,0.48,-0.6936878160285809
13,choice_only,partial,3,0.48,-0.6936878160285809
13,choice_only,standard,4,0.62,-0.691507887726917
13,choice_only,projected,4,0.58,-0.6877566685587415
13,choice_only,partial,4,0.58,-0.6877566685587415
13,choice_only,standard,5,0.56,-0.6921378192653722
13,choice_only,projected,5,0.62,-0.6880934042552834
13,choice_only,partial,5,0.62,-0.6880934042552834
13,choice_only,standard,6,0.54,-0.6918141703147725
13,choice_only,projected,6,0.54,-0.693890537780037
13,choice_only,partial,6,0.54,-0.693890537780037
13,choice_only,standard,7,0.58,-0.6917142223138636
13,choice_only,projected,7,0.56,-0.692563331482139
13,choice_only,partial,7,0.56,-0.692563331482139
13,choice_only,standard,8,0.56,-0.6912548071845602
13,choice_only,projected,8,0.58,-0.6918453416843394
13,choice_only,partial,8,0.58,-0.6918453416843394
13,choice_only,standard,9,0.6,-0.6911338493641637
13,choice_only,projected,9,0.6,-0.6920822659037504
13,choice_only,partial,9,0.6,-0.6920822659037504
13,choice_only,standard,10,0.54,-0.6905766201594673
13,choice_only,projected,10,0.62,-0.6868542795796871
13,choice_only,partial,10,0.62,-0.6868542795796871
13,choice_only,standard,11,0.58,-0.6898921336740823
13,choice_only,projected,11,0.5,-0.6853606936504668
13,choice_only,partial,11,0.5,-0.6853606936504668
13,choice_only,standard,12,0.58,-0.6902757601634657
13,choice_only,projected,12,0.54,-0.6872222207072928
13,choice_only,partial,12,0.54,-0.6872222207072928
13,choice_only,standard,13,0.58,-0.6906314448818006
13,choice_only,projected,13,0.54,-0.6907624741191166
13,choice_only,partial,13,0.54,-0.6907624741191166
13,choice_only,standard,14,0.58,-0.6905553107053914
13,choice_only,projected,14,0.54,-0.6896349976973275
13,choice_only,partial,14,0.54,-0.6896349976973275
13,choice_only,standard,15,0.58,-0.6905268278104048
13,choice_only,projected,15,0.44,-0.6911194321621049
13,choice_only,partial,15,0.44,-0.6911194321621049
13,choice_only,standard,16,0.56,-0.6907995253014306
13,choice_only,projected,16,0.5,-0.6932333252145684
13,choice_only,partial,16,0.5,-0.6932333252145684
13,choice_only,standard,17,0.6,-0.6914270320595794
13,choice_only,projected,17,0.5,-0.6982690942966272
13,choice_only,partial,17,0.5,-0.6982690942966272
13,choice_only,standard,18,0.58,-0.690912232655518
13,choice_only,projected,18,0.48,-0.6939157661142672
13,choice_only,partial,18,0.48,-0.6939157661142672
13,choice_only,standard,19,0.52,-0.6913227261157044
13,choice_only,projected,19,0.48,-0.6981171174855575
13,choice_only,partial,19,0.48,-0.6981171174855575
13,choice_only,standard,20,0.58,-0.6910823036556983
13,choice_only,projected,20,0.5,-0.6956797515130532
13,choice_only,partial,20,0.5,-0.6956797515130532
13,inference_affirm,standard,1,0.42,-0.6926530505273201
13,inference_affirm,projected,1,0.4,-0.6931543038884566
13,inference_affirm,partial,1,0.56,-0.6904385792990102
13,inference_affirm,standard,2,0.46,-0.6927939929238568
13,inference_affirm,projected,2,0.4,-0.6915721585073004
13,inference_affirm,partial,2,0.6,-0.6853601490824457
13,inference_affirm,standard,3,0.54,-0.6921076898272325
13,inference_affirm,projected,3,0.48,-0.6936878160285809
13,inference_affirm,partial,3,0.54,-0.6902591550243797
13,inference_affirm,standard,4,0.62,-0.691507887726917
13,inference_affirm,projected,4,0.58,-0.6877566685587415
13,inference_affirm,partial,4,0.58,-0.689484362058038
13,inference_affirm,standard,5,0.56,-0.6921378192653722
13,inference_affirm,projected,5,0.62,-0.6880934042552834
13,inference_affirm,partial,5,0.62,-0.6875974299370222
13,inference_affirm,standard,6,0.54,-0.6918141703147725
13,inference_affirm,projected,6,0.54,-0.693890537780037
13,inference_affirm,partial,6,0.52,-0.6919538213148543
13,inference_affirm,standard,7,0.58,-0.6917142223138636
13,inference_affirm,projected,7,0.56,-0.692563331482139
13,inference_affirm,partial,7,0.62,-0.6883321157820168
13,inference_affirm,standard,8,0.56,-0.6912548071845602
13,inference_affirm,projected,8,0.58,-0.6918453416843394
13,inference_affirm,partial,8,0.52,-0.687212127779399
13,inference_affirm,standard,9,0.6,-0.6911338493641637
13,inference_affirm,projected,9,0.6,-0.6920822659037504
13,inference_affirm,partial,9,0.52,-0.6886793583787252
13,inference_affirm,standard,10,0.54,-0.6905766201594673
13,inference_affirm,projected,10,0.62,-0.6868542795796871
13,inference_affirm,partial,10,0.54,-0.6880068928755074
13,inference_affirm,standard,11,0.58,-0.6898921336740823
13,inference_affirm,projected,11,0.5,-0.6853606936504668
13,inference_affirm,partial,11,0.56,-0.6831372371533689
13,inference_affirm,standard,12,0.58,-0.6902757601634657
13,inference_affirm,projected,12,0.54,-0.6872222207072928
13,inference_affirm,partial,12,0.54,-0.6827624882809927
13,inference_affirm,standard,13,0.58,-0.6906314448818006
13,inference_affirm,projected,13,0.54,-0.6907624741191166
13,inference_affirm,partial,13,0.54,-0.6870360160208249
13,inference_affirm,standard,14,0.58,-0.6905553107053914
13,inference_affirm,projected,14,0.54,-0.6896349976973275
13,inference_affirm,partial,14,0.5,-0.6857043320257934
13,inference_affirm,standard,15,0.58,-0.6905268278104048
13,inference_affirm,projected,15,0.44,-0.6911194321621049
13,inference_affirm,partial,15,0.52,-0.6863469020917858
13,inference_affirm,standard,16,0.56,-0.6907995253014306
13,inference_affirm,projected,16,0.5,-0.6932333252145684
13,inference_affirm,partial,16,0.52,-0.6878308941220801
13,inference_affirm,standard,17,0.6,-0.6914270320595794
13,inference_affirm,projected,17,0.5,-0.6982690942966272
13,inference_affirm,partial,17,0.52,-0.6862586551016969
13,inference_affirm,standard,18,0.58,-0.690912232655518
13,inference_affirm,projected,18,0.48,-0.6939157661142672
13,inference_affirm,partial,18,0.54,-0.6821749865970952
13,inference_affirm,standard,19,0.52,-0.6913227261157044
13,inference_affirm,projected,19,0.48,-0.6981171174855575
13,inference_affirm,partial,19,0.54,-0.6840751386578028
13,inference_affirm,standard,20,0.58,-0.6910823036556983
13,inference_affirm,projected,20,0.5,-0.6956797515130532
13,inference_affirm,partial,20,0.56,-0.6835270083988728
13,inference_categories,standard,1,0.42,-0.6926530505273201
13,inference_categories,projected,1,0.4,-0.6931543038884566
13,inference_categories,partial,1,0.42,-0.6928505870423629
13,inference_categories,standard,2,0.46,-0.6927939929238568
13,inference_categories,projected,2,0.4,-0.6915721585073004
13,inference_categories,partial,2,0.6,-0.6854913080016335
13,inference_categories,standard,3,0.54,-0.6921076898272325
13,inference_categories,projected,3,0.48,-0.6936878160285809
13,inference_categories,partial,3,0.54,-0.6924557943936778
13,inference_categories,standard,4,0.62,-0.691507887726917
13,inference_categories,projected,4,0.58,-0.6877566685587415
13,inference_categories,partial,4,0.54,-0.6855972099515997
13,inference_categories,standard,5,0.56,-0.6921378192653722
13,inference_categories,projected,5,0.62,-0.6880934042552834
13,inference_categories,partial,5,0.54,-0.6830244997997538
13,inference_categories,standard,6,0.54,-0.6918141703147725
13,inference_categories,projected,6,0.54,-0.693890537780037
13,inference_categories,partial,6,0.5,-0.6880525736545863
13,inference_categories,standard,7,0.58,-0.6917142223138636
13,inference_categories,projected,7,0.56,-0.692563331482139
13,inference_categories,partial,7,0.58,-0.6829669004291818
13,inference_categories,standard,8,0.56,-0.6912548071845602
13,inference_categories,projected,8,0.58,-0.6918453416843394
13,inference_categories,partial,8,0.6,-0.681730640137107
13,inference_categories,standard,9,0.6,-0.6911338493641637
13,inference_categories,projected,9,0.6,-0.6920822659037504
13,inference_categories,partial,9,0.6,-0.6831878444881982
13,inference_categories,standard,10,0.54,-0.6905766201594673
13,inference_categories,projected,10,0.62,-0.6868542795796871
13,inference_categories,partial,10,0.6,-0.6805931105857028
13,inference_categories,standard,11,0.58,-0.6898921336740823
13,inference_categories,projected,11,0.5,-0.6853606936504668
13,inference_categories,partial,11,0.62,-0.6769619645656917
13,inference_categories,standard,12,0.58,-0.6902757601634657
13,inference_categories,projected,12,0.54,-0.6872222207072928
13,inference_categories,partial,12,0.6,-0.6775667887460888
13,inference_categories,standard,13,0.58,-0.6906314448818006
13,inference_categories,projected,13,0.54,-0.6907624741191166
13,inference_categories,partial,13,0.56,-0.6817666651412648
13,inference_categories,standard,14,0.58,-0.6905553107053914
13,inference_categories,projected,14,0.54,-0.6896349976973275
13,inference_categories,partial,14,0.56,-0.6820928803914668
13,inference_categories,standard,15,0.58,-0.6905268278104048
13,inference_categories,projected,15,0.44,-0.6911194321621049
13,inference_categories,partial,15,0.58,-0.6797635130076523
13,inference_categories,standard,16,0.56,-0.6907995253014306
13,inference_categories,projected,16,0.5,-0.6932333252145684
13,inference_categories,partial,16,0.58,-0.6811005586227075
13,inference_categories,standard,17,0.6,-0.6914270320595794
13,inference_categories,projected,17,0.5,-0.6982690942966272
13,inference_categories,partial,17,0.58,-0.6817471477296638
13,inference_categories,standard,18,0.58,-0.690912232655518
13,inference_categories,projected,18,0.48,-0.6939157661142672
13,inference_categories,partial,18,0.54,-0.6782463504875383
13,inference_categories,standard,19,0.52,-0.6913227261157044
13,inference_categories,projected,19,0.48,-0.6981171174855575
13,inference_categories,partial,19,0.56,-0.6824096928269152
13,inference_categories,standard,20,0.58,-0.6910823036556983
13,inference_categories,projected,20,0.5,-0.6956797515130532
13,inference_categories,partial,20,0.6,-0.6847979549653195
14,choice_only,standard,1,0.5,-0.6926148915145398
14,choice_only,projected,1,0.46,-0.6958346783349129
14,choice_only,partial,1,0.46,-0.6958346783349129
14,choice_only,standard,2,0.52,-0.6927812586247378
14,choice_only,projected,2,0.42,-0.6959310126867144
14,choice_only,partial,2,0.42,-0.6959310126867144
14,choice_only,standard,3,0.52,-0.6927791157547821
14,choice_only,projected,3,0.46,-0.6995398967513399
14,choice_only,partial,3,0.46,-0.6995398967513399
14,choice_only,standard,4,0.5,-0.6921526602998714
14,choice_only,projected,4,0.46,-0.6975819713459479
14,choice_only,partial,4,0.46,-0.6975819713459479
14,choice_only,standard,5,0.44,-0.6925595583563751
14,choice_only,projected,5,0.5,-0.6956730388151516
14,choice_only,partial,5,0.5,-0.6956730388151516
14,choice_only,standard,6,0.52,-0.6922135100651629
14,choice_only,projected,6,0.5,-0.6966169977546898
14,choice_only,partial,6,0.5,-0.6966169977546898
14,choice_only,standard,7,0.42,-0.6930826637960223
14,choice_only,projected,7,0.48,-0.6989107611530478
14,choice_only,partial,7,0.48,-0.6989107611530478
14,choice_only,standard,8,0.46,-0.6925056823223146
14,choice_only,projected,8,0.5,-0.6970337846035274
14,choice_only,partial,8,0.5,-0.6970337846035274
14,choice_only,standard,9,0.44,-0.6931886782193766
14,choice_only,projected,9,0.5,-0.7000166790546152
14,choice_only,partial,9,0.5,-0.7000166790546152
14,choice_only,standard,10,0.54,-0.6931129154568514
14,choice_only,projected,10,0.48,-0.6990873672766297
14,choice_only,partial,10,0.48,-0.6990873672766297
14,choice_only,standard,11,0.48,-0.6934837973516668
14,choice_only,projected,11,0.44,-0.6999870062467956
14,choice_only,partial,11,0.44,-0.6999870062467956
14,choice_only,standard,12,0.46,-0.6937089898737459
14,choice_only,projected,12,0.5,-0.7005188347722721
14,choice_only,partial,12,0.5,-0.7005188347722721
14,choice_only,standard,13,0.52,-0.6933241501681578
14,choice_only,projected,13,0.44,-0.7009854517976037
14,choice_only,partial,13,0.44,-0.7009854517976037
14,choice_only,standard,14,0.5,-0.6933258981965267
14,choice_only,projected,14,0.44,-0.7007728493574277
14,choice_only,partial,14,0.44,-0.7007728493574277
14,choice_only,standard,15,0.54,-0.6933583379226818
14,choice_only,projected,15,0.44,-0.7044476956272082
14,choice_only,partial,15,0.44,-0.7044476956272082
14,choice_only,standard,16,0.56,-0.6934692782739015
14,choice_only,projected,16,0.42,-0.7075891975615924
14,choice_only,partial,16,0.42,-0.7075891975615924
14,choice_only,standard,17,0.56,-0.6935840966711356
14,choice_only,projected,17,0.4,-0.7072543762925559
14,choice_only,partial,17,0.4,-0.7072543762925559
14,choice_only,standard,18,0.52,-0.6931869095019054
14,choice_only,projected,18,0.48,-0.707077717613778
14,choice_only,partial,18,0.48,-0.707077717613778
14,choice_only,standard,19,0.48,-0.6935015638865039
14,choice_only,projected,19,0.4,-0.7105382689070844
14,choice_only,partial,19,0.4,-0.7105382689070844
14,choice_only,standard,20,0.54,-0.6927623527544243
14,choice_only,projected,20,0.38,-0.7115039192185122
14,choice_only,partial,20,0.38,-0.7115039192185122
14,inference_affirm,standard,1,0.5,-0.6926148915145398
14,inference_affirm,projected,1,0.46,-0.6958346783349129
14,inference_affirm,partial,1,0.6,-0.6929195619033743
14,inference_affirm,standard,2,0.52,-0.6927812586247378
14,inference_affirm,projected,2,0.42,-0.6959310126867144
14,inference_affirm,partial,2,0.5,-0.6927526674692479
14,inference_affirm,standard,3,0.52,-0.6927791157547821
14,inference_affirm,projected,3,0.46,-0.6995398967513399
14,inference_affirm,partial,3,0.6,-0.6927531502992481
14,inference_affirm,standard,4,0.5,-0.6921526602998714
14,inference_affirm,projected,4,0.46,-0.6975819713459479
14,inference_affirm,partial,4,0.58,-0.687020586780969
14,inference_affirm,standard,5,0.44,-0.6925595583563751
14,inference_affirm,projected,5,0.5,-0.6956730388151516
14,inference_affirm,partial,5,0.54,-0.6879605339877982
14,inference_affirm,standard,6,0.52,-0.6922135100651629
14,inference_affirm,projected,6,0.5,-0.6966169977546898
14,inference_affirm,partial,6,0.46,-0.6902005059243915
14,inference_affirm,standard,7,0.42,-0.6930826637960223
14,inference_affirm,projected,7,0.48,-0.6989107611530478
14,inference_affirm,partial,7,0.58,-0.6874964275486843
14,inference_affirm,standard,8,0.46,-0.6925056823223146
14,inference_affirm,projected,8,0.5,-0.6970337846035274
14,inference_affirm,partial,8,0.54,-0.6875689496967141
14,inference_affirm,standard,9,0.44,-0.6931886782193766
14,inference_affirm,projected,9,0.5,-0.7000166790546152
14,inference_affirm,partial,9,0.58,-0.6894122785396541
14,inference_affirm,standard,10,0.54,-0.6931129154568514
14,inference_affirm,projected,10,0.48,-0.6990873672766297
14,inference_affirm,partial,10,0.54,-0.6854548297584903
14,inference_affirm,standard,11,0.48,-0.6934837973516668
14,inference_affirm,projected,11,0.44,-0.6999870062467956
14,inference_affirm,partial,11,0.5,-0.6866283211862431
14,inference_affirm,standard,12,0.46,-0.6937089898737459
14,inference_affirm,projected,12,0.5,-0.7005188347722721
14,inference_affirm,partial,12,0.48,-0.6867683109989811
14,inference_affirm,standard,13,0.52,-0.6933241501681578
14,inference_affirm,projected,13,0.44,-0.7009854517976037
14,inference_affirm,partial,13,0.56,-0.6857125435240762
14,inference_affirm,standard,14,0.5,-0.6933258981965267
14,inference_affirm,projected,14,0.44,-0.7007728493574277
14,inference_affirm,partial,14,0.58,-0.6837155571819638
14,inference_affirm,standard,15,0.54,-0.6933583379226818
14,inference_affirm,projected,15,0.44,-0.7044476956272082
14,inference_affirm,partial,15,0.62,-0.6837279653686044
14,inference_affirm,standard,16,0.56,-0.6934692782739015
14,inference_affirm,projected,16,0.42,-0.7075891975615924
14,inference_affirm,partial,16,0.58,-0.6844520703187993
14,inference_affirm,standard,17,0.56,-0.6935840966711356
14,inference_affirm,projected,17,0.4,-0.7072543762925559
14,inference_affirm,partial,17,0.58,-0.6847343387394786
14,inference_affirm,standard,18,0.52,-0.6931869095019054
14,inference_affirm,projected,18,0.48,-0.707077717613778
14,inference_affirm,partial,18,0.58,-0.6855022407922866
14,inference_affirm,standard,19,0.48,-0.6935015638865039
14,inference_affirm,projected,19,0.4,-0.7105382689070844
14,inference_affirm,partial,19,0.56,-0.6864438033692931
14,inference_affirm,standard,20,0.54,-0.6927623527544243
14,inference_affirm,projected,20,0.38,-0.7115039192185122
14,inference_affirm,partial,20,0.52,-0.685644889258984
14,inference_categories,standard,1,0.5,-0.6926148915145398
14,inference_categories,projected,1,0.46,-0.6958346783349129
14,inference_categories,partial,1,0.48,-0.695423260849001
14,inference_categories,standard,2,0.52,-0.6927812586247378
14,inference_categories,projected,2,0.42,-0.6959310126867144
14,inference_categories,partial,2,0.4,-0.6983693683646183
14,inference_categories,standard,3,0.52,-0.6927791157547821
14,inference_categories,projected,3,0.46,-0.6995398967513399
14,inference_categories,partial,3,0.44,-0.702410923544259
14,inference_categories,standard,4,0.5,-0.6921526602998714
14,inference_categories,projected,4,0.46,-0.6975819713459479
14,inference_categories,partial,4,0.5,-0.7002342859102167
14,inference_categories,standard,5,0.44,-0.6925595583563751
14,inference_categories,projected,5,0.5,-0.6956730388151516
14,inference_categories,partial,5,0.5,-0.7027208407065347
14,inference_categories,standard,6,0.52,-0.6922135100651629
14,inference_categories,projected,6,0.5,-0.6966169977546898
14,inference_categories,partial,6,0.46,-0.7055092398135056
14,inference_categories,standard,7,0.42,-0.6930826637960223
14,inference_categories,projected,7,0.48,-0.6989107611530478
14,inference_categories,partial,7,0.48,-0.7046541493716018
14,inference_categories,standard,8,0.46,-0.6925056823223146
14,inference_categories,projected,8,0.5,-0.6970337846035274
14,inference_categories,partial,8,0.44,-0.7019828544671207
14,inference_categories,standard,9,0.44,-0.6931886782193766
14,inference_categories,projected,9,0.5,-0.7000166790546152
14,inference_categories,partial,9,0.44,-0.7060730563478005
14,inference_categories,standard,10,0.54,-0.6931129154568514
14,inference_categories,projected,10,0.48,-0.6990873672766297
14,inference_categories,partial,10,0.44,-0.700868123293003
14,inference_categories,standard,11,0.48,-0.6934837973516668
14,inference_categories,projected,11,0.44,-0.6999870062467956
14,inference_categories,partial,11,0.5,-0.7027399239463982
14,inference_categories,standard,12,0.46,-0.6937089898737459
14,inference_categories,projected,12,0.5,-0.7005188347722721
14,inference_categories,partial,12,0.54,-0.7024793070435379
14,inference_categories,standard,13,0.52,-0.6933241501681578
14,inference_categories,projected,13,0.44,-0.7009854517976037
14,inference_categories,partial,13,0.48,-0.706516643588704
14,inference_categories,standard,14,0.5,-0.6933258981965267
14,inference_categories,projected,14,0.44,-0.7007728493574277
14,inference_categories,partial,14,0.48,-0.7078601417146101
14,inference_categories,standard,15,0.54,-0.6933583379226818
14,inference_categories,projected,15,0.44,-0.7044476956272082
14,inference_categories,partial,15,0.46,-0.7090897920648196
14,inference_categories,standard,16,0.56,-0.6934692782739015
14,inference_categories,projected,16,0.42,-0.7075891975615924
14,inference_categories,partial,16,0.44,-0.7132545307171343
14,inference_categories,standard,17,0.56,-0.6935840966711356
14,inference_categories,projected,17,0.4,-0.7072543762925559
14,inference_categories,partial,17,0.44,-0.7151229905492447
14,inference_categories,standard,18,0.52,-0.6931869095019054
14,inference_categories,projected,18,0.48,-0.707077717613778
14,inference_categories,partial,18,0.44,-0.7132113362650487
14,inference_categories,standard,19,0.48,-0.6935015638865039
14,inference_categories,projected,19,0.4,-0.7105382689070844
14,inference_categories,partial,19,0.44,-0.7145610041833586
14,inference_categories,standard,20,0.54,-0.6927623527544243
14,inference_categories,projected,20,0.38,-0.7115039192185122
14,inference_categories,partial,20,0.48,-0.7143524043985297
15,choice_only,standard,1,0.54,-0.6920997824246287
15,choice_only,projected,1,0.54,-0.6884689591566819
15,choice_only,partial,1,0.54,-0.6884689591566819
15,choice_only,standard,2,0.58,-0.6928654257493517
15,choice_only,projected,2,0.6,-0.690220226120101
15,choice_only,partial,2,0.6,-0.690220226120101
15,choice_only,standard,3,0.46,-0.6927267585343688
15,choice_only,projected,3,0.56,-0.6912600447448253
15,choice_only,partial,3,0.56,-0.6912600447448253
15,choice_only,standard,4,0.6,-0.6924962477644578
15,choice_only,projected,4,0.64,-0.6886034444526787
15,choice_only,partial,4,0.64,-0.6886034444526787
15,choice_only,standard,5,0.58,-0.6931391509496033
15,choice_only,projected,5,0.58,-0.6919865326967412
15,choice_only,partial,5,0.58,-0.6919865326967412
15,choice_only,standard,6,0.54,-0.6936388580674869
15,choice_only,projected,6,0.44,-0.6983506345348205
15,choice_only,partial,6,0.44,-0.6983506345348205
15,choice_only,standard,7,0.52,-0.6937567255193811
15,choice_only,projected,7,0.44,-0.6988204459598977
15,choice_only,partial,7,0.44,-0.6988204459598977
15,choice_only,standard,8,0.5,-0.6933576376712461
15,choice_only,projected,8,0.48,-0.6987078611000104
15,choice_only,partial,8,0.48,-0.6987078611000104
15,choice_only,standard,9,0.48,-0.6933930473509706
15,choice_only,projected,9,0.48,-0.7012654378576266
15,choice_only,partial,9,0.48,-0.7012654378576266
15,choice_only,standard,10,0.48,-0.6938697154483403
15,choice_only,projected,10,0.4,-0.7081854713747892
15,choice_only,partial,10,0.4,-0.7081854713747892
15,choice_only,standard,11,0.5,-0.6934511261701691
15,choice_only,projected,11,0.42,-0.7041059380277997
15,choice_only,partial,11,0.42,-0.7041059380277997
15,choice_only,standard,12,0.44,-0.6930732328499407
15,choice_only,projected,12,0.5,-0.7001926374762375
15,choice_only,partial,12,0.5,-0.7001926374762375
15,choice_only,standard,13,0.46,-0.6934262962146919
15,choice_only,projected,13,0.44,-0.6994364252712476
15,choice_only,partial,13,0.44,-0.6994364252712476
15,choice_only,standard,14,0.54,-0.6929844398243691
15,choice_only,projected,14,0.44,-0.7028192993570305
15,choice_only,partial,14,0.44,-0.7028192993570305
15,choice_only,standard,15,0.48,-0.6930191550654078
15,choice_only,projected,15,0.38,-0.7059719590112585
15,choice_only,partial,15,0.38,-0.7059719590112585
15,choice_only,standard,16,0.48,-0.692426207310734
15,choice_only,projected,16,0.4,-0.6999758697558933
15,choice_only,partial,16,0.4,-0.6999758697558933
15,choice_only,standard,17,0.54,-0.6923105243070826
15,choice_only,projected,17,0.5,-0.6941865301356189
15,choice_only,partial,17,0.5,-0.6941865301356189
15,choice_only,standard,18,0.54,-0.6917016719836149
15,choice_only,projected,18,0.54,-0.6922795139325636
15,choice_only,partial,18,0.54,-0.6922795139325636
15,choice_only,standard,19,0.56,-0.6919019757961645
15,choice_only,projected,19,0.56,-0.6912707788972859
15,choice_only,partial,19,0.56,-0.6912707788972859
15,choice_only,standard,20,0.64,-0.6912197173785353
15,choice_only,projected,20,0.6,-0.6873619539375434
15,choice_only,partial,20,0.6,-0.6873619539375434
15,inference_affirm,standard,1,0.54,-0.6920997824246287
15,inference_affirm,projected,1,0.54,-0.6884689591566819
15,inference_affirm,partial,1,0.56,-0.689410469522
15,inference_affirm,standard,2,0.58,-0.6928654257493517
15,inference_affirm,projected,2,0.6,-0.690220226120101
15,inference_affirm,partial,2,0.54,-0.6955905130818695
15,inference_affirm,standard,3,0.46,-0.6927267585343688
15,inference_affirm,projected,3,0.56,-0.6912600447448253
15,inference_affirm,partial,3,0.52,-0.6896392843650706
15,inference_affirm,standard,4,0.6,-0.6924962477644578
15,inference_affirm,projected,4,0.64,-0.6886034444526787
15,inference_affirm,partial,4,0.58,-0.691274487561029
15,inference_affirm,standard,5,0.58,-0.6931391509496033
15,inference_affirm,projected,5,0.58,-0.6919865326967412
15,inference_affirm,partial,5,0.56,-0.6917003801717297
15,inference_affirm,standard,6,0.54,-0.6936388580674869
15,inference_affirm,projected,6,0.44,-0.6983506345348205
15,inference_affirm,partial,6,0.5,-0.6875043569876104
15,inference_affirm,standard,7,0.52,-0.6937567255193811
15,inference_affirm,projected,7,0.44,-0.6988204459598977
15,inference_affirm,partial,7,0.5,-0.6917614912959624
15,inference_affirm,standard,8,0.5,-0.6933576376712461
15,inference_affirm,projected,8,0.48,-0.6987078611000104
15,inference_affirm,partial,8,0.52,-0.6942270476478098
15,inference_affirm,standard,9,0.48,-0.6933930473509706
15,inference_affirm,projected,9,0.48,-0.7012654378576266
15,inference_affirm,partial,9,0.48,-0.6965085617379989
15,inference_affirm,standard,10,0.48,-0.6938697154483403
15,inference_affirm,projected,10,0.4,-0.7081854713747892
15,inference_affirm,partial,10,0.42,-0.7012549658152529
15,inference_affirm,standard,11,0.5,-0.6934511261701691
15,inference_affirm,projected,11,0.42,-0.7041059380277997
15,inference_affirm,partial,11,0.46,-0.7001550205869692
15,inference_affirm,standard,12,0.44,-0.6930732328499407
15,inference_affirm,projected,12,0.5,-0.7001926374762375
15,inference_affirm,partial,12,0.44,-0.6945956978643393
15,inference_affirm,standard,13,0.46,-0.6934262962146919
15,inference_affirm,projected,13,0.44,-0.6994364252712476
15,inference_affirm,partial,13,0.48,-0.6918244818980223
15,inference_affirm,standard,14,0.54,-0.6929844398243691
15,inference_affirm,projected,14,0.44,-0.7028192993570305
15,inference_affirm,partial,14,0.46,-0.6942409000901926
15,inference_affirm,standard,15,0.48,-0.6930191550654078
15,inference_affirm,projected,15,0.38,-0.7059719590112585
15,inference_affirm,partial,15,0.54,-0.6937474902890155
15,inference_affirm,standard,16,0.48,-0.692426207310734
15,inference_affirm,projected,16,0.4,-0.6999758697558933
15,inference_affirm,partial,16,0.54,-0.6920182876842419
15,inference_affirm,standard,17,0.54,-0.6923105243070826
15,inference_affirm,projected,17,0.5,-0.6941865301356189
15,inference_affirm,partial,17,0.5,-0.6830482917667777
15,inference_affirm,standard,18,0.54,-0.6917016719836149
15,inference_affirm,projected,18,0.54,-0.6922795139325636
15,inference_affirm,partial,18,0.52,-0.6810100648725023
15,inference_affirm,standard,19,0.56,-0.6919019757961645
15,inference_affirm,projected,19,0.56,-0.6912707788972859
15,inference_affirm,partial,19,0.52,-0.6825506836880492
15,inference_affirm,standard,20,0.64,-0.6912197173785353
15,inference_affirm,projected,20,0.6,-0.6873619539375434
15,inference_affirm,partial,20,0.54,-0.6778269457805429
15,inference_categories,standard,1,0.54,-0.6920997824246287
15,inference_categories,projected,1,0.54,-0.6884689591566819
15,inference_categories,partial,1,0.56,-0.6886391197368593
15,inference_categories,standard,2,0.58,-0.6928654257493517
15,inference_categories,projected,2,0.6,-0.690220226120101
15,inference_categories,partial,2,0.56,-0.6935637552525062
15,inference_categories,standard,3,0.46,-0.6927267585343688
15,inference_categories,projected,3,0.56,-0.6912600447448253
15,inference_categories,partial,3,0.62,-0.6895826499710023
15,inference_categories,standard,4,0.6,-0.6924962477644578
15,inference_categories,projected,4,0.64,-0.6886034444526787
15,inference_categories,partial,4,0.58,-0.6894773914644461
15,inference_categories,standard,5,0.58,-0.6931391509496033
15,inference_categories,projected,5,0.58,-0.6919865326967412
15,inference_categories,partial,5,0.6,-0.6871281371406149
15,inference_categories,standard,6,0.54,-0.6936388580674869
15,inference_categories,projected,6,0.44,-0.6983506345348205
15,inference_categories,partial,6,0.6,-0.6912228048022641
15,inference_categories,standard,7,0.52,-0.6937567255193811
15,inference_categories,projected,7,0.44,-0.6988204459598977
15,inference_categories,partial,7,0.58,-0.6925528216504669
15,inference_categories,standard,8,0.5,-0.6933576376712461
15,inference_categories,projected,8,0.48,-0.6987078611000104
15,inference_categories,partial,8,0.54,-0.6983639548968084
15,inference_categories,standard,9,0.48,-0.6933930473509706
15,inference_categories,projected,9,0.48,-0.7012654378576266
15,inference_categories,partial,9,0.52,-0.7002053308995095
15,inference_categories,standard,10,0.48,-0.6938697154483403
15,inference_categories,projected,10,0.4,-0.7081854713747892
15,inference_categories,partial,10,0.52,-0.7058892054074707
15,inference_categories,standard,11,0.5,-0.6934511261701691
15,inference_categories,projected,11,0.42,-0.7041059380277997
15,inference_categories,partial,11,0.54,-0.7022121735943508
15,inference_categories,standard,12,0.44,-0.6930732328499407
15,inference_categories,projected,12,0.5,-0.7001926374762375
15,inference_categories,partial,12,0.54,-0.6990205156566673
15,inference_categories,standard,13,0.46,-0.6934262962146919
15,inference_categories,projected,13,0.44,-0.6994364252712476
15,inference_categories,partial,13,0.6,-0.69576317034843
15,inference_categories,standard,14,0.54,-0.6929844398243691
15,inference_categories,projected,14,0.44,-0.7028192993570305
15,inference_categories,partial,14,0.58,-0.7003503192082355
15,inference_categories,standard,15,0.48,-0.6930191550654078
15,inference_categories,projected,15,0.38,-0.7059719590112585
15,inference_categories,partial,15,0.54,-0.7027074761595667
15,inference_categories,standard,16,0.48,-0.692426207310734
15,inference_categories,projected,16,0.4,-0.6999758697558933
15,inference_categories,partial,16,0.56,-0.6984718297926799
15,inference_categories,standard,17,0.54,-0.6923105243070826
15,inference_categories,projected,17,0.5,-0.6941865301356189
15,inference_categories,partial,17,0.56,-0.6959460399300404
15,inference_categories,standard,18,0.54,-0.6917016719836149
15,inference_categories,projected,18,0.54,-0.6922795139325636
15,inference_categories,partial,18,0.54,-0.6951610962461544
15,inference_categories,standard,19,0.56,-0.6919019757961645
15,inference_categories,projected,19,0.56,-0.6912707788972859
15,inference_categories,partial,19,0.56,-0.6935558145291776
15,inference_categories,standard,20,0.64,-0.6912197173785353
15,inference_categories,projected,20,0.6,-0.6873619539375434
15,inference_categories,partial,20,0.62,-0.6839511713354475
16,choice_only,standard,1,0.48,-0.6930061711332596
16,choice_only,projected,1,0.54,-0.688119775642317
16,choice_only,partial,1,0.54,-0.688119775642317
16,choice_only,standard,2,0.58,-0.6921460618599663
16,choice_only,projected,2,0.64,-0.6808291010535733
16,choice_only,partial,2,0.64,-0.6808291010535733
16,choice_only,standard,3,0.66,-0.6919101447819622
16,choice_only,projected,3,0.64,-0.6759600055813921
16,choice_only,partial,3,0.64,-0.6759600055813921
16,choice_only,standard,4,0.58,-0.6920490817430349
16,choice_only,projected,4,0.62,-0.6732046454491986
16,choice_only,partial,4,0.62,-0.6732046454491986
16,choice_only,standard,5,0.6,-0.6920987819911554
16,choice_only,projected,5,0.58,-0.6731513683680284
16,choice_only,partial,5,0.58,-0.6731513683680284
16,choice_only,standard,6,0.56,-0.6915245125528987
16,choice_only,projected,6,0.7,-0.6688852678127911
16,choice_only,partial,6,0.7,-0.6688852678127911
16,choice_only,standard,7,0.58,-0.6915633550177164
16,choice_only,projected,7,0.62,-0.6679350859488928
16,choice_only,partial,7,0.62,-0.6679350859488928
16,choice_only,standard,8,0.56,-0.6914415179451998
16,choice_only,projected,8,0.6,-0.6647570289114019
16,choice_only,partial,8,0.6,-0.6647570289114019
16,choice_only,standard,9,0.6,-0.6914139881810598
16,choice_only,projected,9,0.62,-0.6675347370765905
16,choice_only,partial,9,0.62,-0.6675347370765905
16,choice_only,standard,10,0.66,-0.6907904923865281
16,choice_only,projected,10,0.58,-0.666859133170911
16,choice_only,partial,10,0.58,-0.666859133170911
16,choice_only,standard,11,0.64,-0.6901718978189593
16,choice_only,projected,11,0.58,-0.6630822904493094
16,choice_only,partial,11,0.58,-0.6630822904493094
16,choice_only,standard,12,0.64,-0.6898383711885139
16,choice_only,projected,12,0.6,-0.663178272499385
16,choice_only,partial,12,0.6,-0.663178272499385
16,choice_only,standard,13,0.64,-0.6894060628553601
16,choice_only,projected,13,0.56,-0.6573472230714776
16,choice_only,partial,13,0.56,-0.6573472230714776
16,choice_only,standard,14,0.66,-0.6888304275280308
16,choice_only,projected,14,0.58,-0.6561154922344433
16,choice_only,partial,14,0.58,-0.6561154922344433
16,choice_only,standard,15,0.68,-0.6882326593451809
16,choice_only,projected,15,0.58,-0.6532285116902332
16,choice_only,partial,15,0.58,-0.6532285116902332
16,choice_only,standard,16,0.66,-0.6875627596439712
16,choice_only,projected,16,0.6,-0.6506617155231033
16,choice_only,partial,16,0.6,-0.6506617155231033
16,choice_only,standard,17,0.62,-0.6876609630031661
16,choice_only,projected,17,0.58,-0.6537254149814007
16,choice_only,partial,17,0.58,-0.6537254149814007
16,choice_only,standard,18,0.62,-0.6871473211297363
16,choice_only,projected,18,0.58,-0.6559033076804459
16,choice_only,partial,18,0.58,-0.6559033076804459
16,choice_only,standard,19,0.6,-0.6867948021671121
16,choice_only,projected,19,0.58,-0.651134250346126
16,choice_only,partial,19,0.58,-0.651134250346126
16,choice_only,standard,20,0.62,-0.6869648650696479
16,choice_only,projected,20,0.58,-0.6522048536633122
16,choice_only,partial,20,0.58,-0.6522048536633122
16,inference_affirm,standard,1,0.48,-0.6930061711332596
16,inference_affirm,projected,1,0.54,-0.688119775642317
16,inference_affirm,partial,1,0.58,-0.6840744238013526
16,inference_affirm,standard,2,0.58,-0.6921460618599663
16,inference_affirm,projected,2,0.64,-0.6808291010535733
16,inference_affirm,partial,2,0.6,-0.6873825304592998
16,inference_affirm,standard,3,0.66,-0.6919101447819622
16,inference_affirm,projected,3,0.64,-0.6759600055813921
16,inference_affirm,partial,3,0.62,-0.6810482397897849
16,inference_affirm,standard,4,0.58,-0.6920490817430349
16,inference_affirm,projected,4,0.62,-0.6732046454491986
16,inference_affirm,partial,4,0.62,-0.6721364660533184
16,inference_affirm,standard,5,0.6,-0.6920987819911554
16,inference_affirm,projected,5,0.58,-0.6731513683680284
16,inference_affirm,partial,5,0.56,-0.6727014888714824
16,inference_affirm,standard,6,0.56,-0.6915245125528987
16,inference_affirm,projected,6,0.7,-0.6688852678127911
16,inference_affirm,partial,6,0.6,-0.6683263121772411
16,inference_affirm,standard,7,0.58,-0.6915633550177164
16,inference_affirm,projected,7,0.62,-0.6679350859488928
16,inference_affirm,partial,7,0.66,-0.668635012220161
16,inference_affirm,standard,8,0.56,-0.6914415179451998
16,inference_affirm,projected,8,0.6,-0.6647570289114019
16,inference_affirm,partial,8,0.68,-0.661470446695128
16,inference_affirm,standard,9,0.6,-0.6914139881810598
16,inference_affirm,projected,9,0.62,-0.6675347370765905
16,inference_affirm,partial,9,0.66,-0.6628242470563869
16,inference_affirm,standard,10,0.66,-0.6907904923865281
16,inference_affirm,projected,10,0.58,-0.666859133170911
16,inference_affirm,partial,10,0.54,-0.666742796711333
16,inference_affirm,standard,11,0.64,-0.6901718978189593
16,inference_affirm,projected,11,0.58,-0.6630822904493094
16,inference_affirm,partial,11,0.68,-0.6626220449880439
16,inference_affirm,standard,12,0.64,-0.6898383711885139
16,inference_affirm,projected,12,0.6,-0.663178272499385
16,inference_affirm,partial,12,0.62,-0.6588822119071753
16,inference_affirm,standard,13,0.64,-0.6894060628553601
16,inference_affirm,projected,13,0.56,-0.6573472230714776
16,inference_affirm,partial,13,0.66,-0.6527668396943145
16,inference_affirm,standard,14,0.66,-0.6888304275280308
16,inference_affirm,projected,14,0.58,-0.6561154922344433
16,inference_affirm,partial,14,0.66,-0.6519031902483837
16,inference_affirm,standard,15,0.68,-0.6882326593451809
16,inference_affirm,projected,15,0.58,-0.6532285116902332
16,inference_affirm,partial,15,0.68,-0.6491461230763177
16,inference_affirm,standard,16,0.66,-0.6875627596439712
16,inference_affirm,projected,16,0.6,-0.6506617155231033
16,inference_affirm,partial,16,0.66,-0.6462066186085478
16,inference_affirm,standard,17,0.62,-0.6876609630031661
16,inference_affirm,projected,17,0.58,-0.6537254149814007
16,inference_affirm,partial,17,0.7,-0.6486461347504313
16,inference_affirm,standard,18,0.62,-0.6871473211297363
16,inference_affirm,projected,18,0.58,-0.6559033076804459
16,inference_affirm,partial,18,0.7,-0.6512789389031177
16,inference_affirm,standard,19,0.6,-0.6867948021671121
16,inference_affirm,projected,19,0.58,-0.651134250346126
16,inference_affirm,partial,19,0.66,-0.6465244276748504
16,inference_affirm,standard,20,0.62,-0.6869648650696479
16,inference_affirm,projected,20,0.58,-0.6522048536633122
16,inference_affirm,partial,20,0.7,-0.6463311701211448
16,inference_categories,standard,1,0.48,-0.6930061711332596
16,inference_categories,projected,1,0.54,-0.688119775642317
16,inference_categories,partial,1,0.56,-0.6886876715529614
16,inference_categories,standard,2,0.58,-0.6921460618599663
16,inference_categories,projected,2,0.64,-0.6808291010535733
16,inference_categories,partial,2,0.6,-0.6892952756884587
16,inference_categories,standard,3,0.66,-0.6919101447819622
16,inference_categories,projected,3,0.64,-0.6759600055813921
16,inference_categories,partial,3,0.64,-0.6826828263702981
16,inference_categories,standard,4,0.58,-0.6920490817430349
16,inference_categories,projected,4,0.62,-0.6732046454491986
16,inference_categories,partial,4,0.62,-0.6789531929875331
16,inference_categories,standard,5,0.6,-0.6920987819911554
16,inference_categories,projected,5,0.58,-0.6731513683680284
16,inference_categories,partial,5,0.52,-0.6799308401344697
16,inference_categories,standard,6,0.56,-0.6915245125528987
16,inference_categories,projected,6,0.7,-0.6688852678127911
16,inference_categories,partial,6,0.64,-0.6746768942772889
16,inference_categories,standard,7,0.58,-0.6915633550177164
16,inference_categories,projected,7,0.62,-0.6679350859488928
16,inference_categories,partial,7,0.64,-0.6750471461472886
16,inference_categories,standard,8,0.56,-0.6914415179451998
16,inference_categories,projected,8,0.6,-0.6647570289114019
16,inference_categories,partial,8,0.62,-0.6687216396811222
16,inference_categories,standard,9,0.6,-0.6914139881810598
16,inference_categories,projected,9,0.62,-0.6675347370765905
16,inference_categories,partial,9,0.64,-0.6706536113980106
16,inference_categories,standard,10,0.66,-0.6907904923865281
16,inference_categories,projected,10,0.58,-0.666859133170911
16,inference_categories,partial,10,0.58,-0.6737089616045492
16,inference_categories,standard,11,0.64,-0.6901718978189593
16,inference_categories,projected,11,0.58,-0.6630822904493094
16,inference_categories,partial,11,0.58,-0.6683636309949226
16,inference_categories,standard,12,0.64,-0.6898383711885139
16,inference_categories,projected,12,0.6,-0.663178272499385
16,inference_categories,partial,12,0.54,-0.664002183375059
16,inference_categories,standard,13,0.64,-0.6894060628553601
16,inference_categories,projected,13,0.56,-0.6573472230714776
16,inference_categories,partial,13,0.58,-0.6608442957026277
16,inference_categories,standard,14,0.66,-0.6888304275280308
16,inference_categories,projected,14,0.58,-0.6561154922344433
16,inference_categories,partial,14,0.6,-0.6613340412278761
16,inference_categories,standard,15,0.68,-0.6882326593451809
16,inference_categories,projected,15,0.58,-0.6532285116902332
16,inference_categories,partial,15,0.58,-0.6592076192253412
16,inference_categories,standard,16,0.66,-0.6875627596439712
16,inference_categories,projected,16,0.6,-0.6506617155231033
16,inference_categories,partial,16,0.6,-0.6543629566864974
16,inference_categories,standard,17,0.62,-0.6876609630031661
16,inference_categories,projected,17,0.58,-0.6537254149814007
16,inference_categories,partial,17,0.64,-0.654714741508052
16,inference_categories,standard,18,0.62,-0.6871473211297363
16,inference_categories,projected,18,0.58,-0.6559033076804459
16,inference_categories,partial,18,0.6,-0.6594472599288652
16,inference_categories,standard,19,0.6,-0.6867948021671121
16,inference_categories,projected,19,0.58,-0.651134250346126
16,inference_categories,partial,19,0.64,-0.658006988073108
16,inference_categories,standard,20,0.62,-0.6869648650696479
16,inference_categories,projected,20,0.58,-0.6522048536633122
16,inference_categories,partial,20,0.64,-0.6584614099313052
17,choice_only,standard,1,0.62,-0.6918566018495409
17,choice_only,projected,1,0.62,-0.6835234647557559
17,choice_only,partial,1,0.62,-0.6835234647557559
17,choice_only,standard,2,0.52,-0.6923991595711821
17,choice_only,projected,2,0.56,-0.6896606879741759
17,choice_only,partial,2,0.56,-0.6896606879741759
17,choice_only,standard,3,0.52,-0.6923558391756114
17,choice_only,projected,3,0.6,-0.6865791480485042
17,choice_only,partial,3,0.6,-0.6865791480485042
17,choice_only,standard,4,0.52,-0.6928915761216902
17,choice_only,projected,4,0.46,-0.696244774131557
17,choice_only,partial,4,0.46,-0.696244774131557
17,choice_only,standard,5,0.48,-0.6929421478743152
17,choice_only,projected,5,0.44,-0.7013940988717456
17,choice_only,partial,5,0.44,-0.7013940988717456
17,choice_only,standard,6,0.46,-0.693795120506714
17,choice_only,projected,6,0.42,-0.7085954246616191
17,choice_only,partial,6,0.42,-0.7085954246616191
17,choice_only,standard,7,0.46,-0.6936791403524574
17,choice_only,projected,7,0.48,-0.7023245266463378
17,choice_only,partial,7,0.48,-0.7023245266463378
17,choice_only,standard,8,0.58,-0.6927915359836231
17,choice_only,projected,8,0.58,-0.6923184553471938
17,choice_only,partial,8,0.58,-0.6923184553471938
17,choice_only,standard,9,0.48,-0.6928564097246503
17,choice_only,projected,9,0.5,-0.691195194416808
17,choice_only,partial,9,0.5,-0.691195194416808
17,choice_only,standard,10,0.52,-0.6927992777960595
17,choice_only,projected,10,0.56,-0.6863319428689205
17,choice_only,partial,10,0.56,-0.6863319428689205
17,choice_only,standard,11,0.48,-0.6929757133814366
17,choice_only,projected,11,0.52,-0.6897325248521402
17,choice_only,partial,11,0.52,-0.6897325248521402
17,choice_only,standard,12,0.52,-0.6926677673176508
17,choice_only,projected,12,0.52,-0.692535499501085
17,choice_only,partial,12,0.52,-0.692535499501085
17,choice_only,standard,13,0.48,-0.6929599367484875
17,choice_only,projected,13,0.5,-0.6996976650957629
17,choice_only,partial,13,0.5,-0.6996976650957629
17,choice_only,standard,14,0.46,-0.6932268477865794
17,choice_only,projected,14,0.46,-0.7053240246549067
17,choice_only,partial,14,0.46,-0.7053240246549067
17,choice_only,standard,15,0.44,-0.6933076537560993
17,choice_only,projected,15,0.5,-0.7064694650203434
17,choice_only,partial,15,0.5,-0.7064694650203434
17,choice_only,standard,16,0.42,-0.69327451198801
17,choice_only,projected,16,0.48,-0.7030799117615522
17,choice_only,partial,16,0.48,-0.7030799117615522
17,choice_only,standard,17,0.46,-0.6939721228271014
17,choice_only,projected,17,0.5,-0.7100509598360755
17,choice_only,partial,17,0.5,-0.7100509598360755
17,choice_only,standard,18,0.46,-0.6930253605727063
17,choice_only,projected,18,0.5,-0.7011473319059793
17,choice_only,partial,18,0.5,-0.7011473319059793
17,choice_only,standard,19,0.5,-0.6932908333475905
17,choice_only,projected,19,0.48,-0.6998538591762027
17,choice_only,partial,19,0.48,-0.6998538591762027
17,choice_only,standard,20,0.52,-0.6934030835704752
17,choice_only,projected,20,0.48,-0.6943075878032754
17,choice_only,partial,20,0.48,-0.6943075878032754
17,inference_affirm,standard,1,0.62,-0.6918566018495409
17,inference_affirm,projected,1,0.62,-0.6835234647557559
17,inference_affirm,partial,1,0.56,-0.6890739694240327
17,inference_affirm,standard,2,0.52,-0.6923991595711821
17,inference_affirm,projected,2,0.56,-0.6896606879741759
17,inference_affirm,partial,2,0.54,-0.6929208514324167
17,inference_affirm,standard,3,0.52,-0.6923558391756114
17,inference_affirm,projected,3,0.6,-0.6865791480485042
17,inference_affirm,partial,3,0.52,-0.696423586250536
17,inference_affirm,standard,4,0.52,-0.6928915761216902
17,inference_affirm,projected,4,0.46,-0.696244774131557
17,inference_affirm,partial,4,0.38,-0.709765286456348
17,inference_affirm,standard,5,0.48,-0.6929421478743152
17,inference_affirm,projected,5,0.44,-0.7013940988717456
17,inference_affirm,partial,5,0.44,-0.7175833615429987
17,inference_affirm,standard,6,0.46,-0.693795120506714
17,inference_affirm,projected,6,0.42,-0.7085954246616191
17,inference_affirm,partial,6,0.48,-0.7165802447226117
17,inference_affirm,standard,7,0.46,-0.6936791403524574
17,inference_affirm,projected,7,0.48,-0.7023245266463378
17,inference_affirm,partial,7,0.42,-0.7116793297746841
17,inference_affirm,standard,8,0.58,-0.6927915359836231
17,inference_affirm,projected,8,0.58,-0.6923184553471938
17,inference_affirm,partial,8,0.52,-0.7072607447148315
17,inference_affirm,standard,9,0.48,-0.6928564097246503
17,inference_affirm,projected,9,0.5,-0.691195194416808
17,inference_affirm,partial,9,0.46,-0.7092647845659864
17,inference_affirm,standard,10,0.52,-0.6927992777960595
17,inference_affirm,projected,10,0.56,-0.6863319428689205
17,inference_affirm,partial,10,0.52,-0.7100484284243757
17,inference_affirm,standard,11,0.48,-0.6929757133814366
17,inference_affirm,projected,11,0.52,-0.6897325248521402
17,inference_affirm,partial,11,0.58,-0.7116131393091562
17,inference_affirm,standard,12,0.52,-0.6926677673176508
17,inference_affirm,projected,12,0.52,-0.692535499501085
17,inference_affirm,partial,12,0.56,-0.7155884283450864
17,inference_affirm,standard,13,0.48,-0.6929599367484875
17,inference_affirm,projected,13,0.5,-0.6996976650957629
17,inference_affirm,partial,13,0.54,-0.7220673606943698
17,inference_affirm,standard,14,0.46,-0.6932268477865794
17,inference_affirm,projected,14,0.46,-0.7053240246549067
17,inference_affirm,partial,14,0.5,-0.7210442360037785
17,inference_affirm,standard,15,0.44,-0.6933076537560993
17,inference_affirm,projected,15,0.5,-0.7064694650203434
17,inference_affirm,partial,15,0.52,-0.7196569544071244
17,inference_affirm,standard,16,0.42,-0.69327451198801
17,inference_affirm,projected,16,0.48,-0.7030799117615522
17,inference_affirm,partial,16,0.6,-0.7181814838104401
17,inference_affirm,standard,17,0.46,-0.6939721228271014
17,inference_affirm,projected,17,0.5,-0.7100509598360755
17,inference_affirm,partial,17,0.54,-0.7209174027567659
17,inference_affirm,standard,18,0.46,-0.6930253605727063
17,inference_affirm,projected,18,0.5,-0.7011473319059793
17,inference_affirm,partial,18,0.54,-0.7196559846158673
17,inference_affirm,standard,19,0.5,-0.6932908333475905
17,inference_affirm,projected,19,0.48,-0.6998538591762027
17,inference_affirm,partial,19,0.54,-0.7280758967140463
17,inference_affirm,standard,20,0.52,-0.6934030835704752
17,inference_affirm,projected,20,0.48,-0.6943075878032754
17,inference_affirm,partial,20,0.56,-0.7225077245171344
17,inference_categories,standard,1,0.62,-0.6918566018495409
17,inference_categories,projected,1,0.62,-0.6835234647557559
17,inference_categories,partial,1,0.62,-0.6857454702115957
17,inference_categories,standard,2,0.52,-0.6923991595711821
17,inference_categories,projected,2,0.56,-0.6896606879741759
17,inference_categories,partial,2,0.64,-0.6792049773336628
17,inference_categories,standard,3,0.52,-0.6923558391756114
17,inference_categories,projected,3,0.6,-0.6865791480485042
17,inference_categories,partial,3,0.68,-0.6786845011683788
17,inference_categories,standard,4,0.52,-0.6928915761216902
17,inference_categories,projected,4,0.46,-0.696244774131557
17,inference_categories,partial,4,0.58,-0.687838664253084
17,inference_categories,standard,5,0.48,-0.6929421478743152
17,inference_categories,projected,5,0.44,-0.7013940988717456
17,inference_categories,partial,5,0.58,-0.684667683565199
17,inference_categories,standard,6,0.46,-0.693795120506714
17,inference_categories,projected,6,0.42,-0.7085954246616191
17,inference_categories,partial,6,0.64,-0.6779312761272683
17,inference_categories,standard,7,0.46,-0.6936791403524574
17,inference_categories,projected,7,0.48,-0.7023245266463378
17,inference_categories,partial,7,0.64,-0.6760651047180732
17,inference_categories,standard,8,0.58,-0.6927915359836231
17,inference_categories,projected,8,0.58,-0.6923184553471938
17,inference_categories,partial,8,0.66,-0.6731868789526163
17,inference_categories,standard,9,0.48,-0.6928564097246503
17,inference_categories,projected,9,0.5,-0.691195194416808
17,inference_categories,partial,9,0.62,-0.6758141694098291
17,inference_categories,standard,10,0.52,-0.6927992777960595
17,inference_categories,projected,10,0.56,-0.6863319428689205
17,inference_categories,partial,10,0.68,-0.6696836503593624
17,inference_categories,standard,11,0.48,-0.6929757133814366
17,inference_categories,projected,11,0.52,-0.6897325248521402
17,inference_categories,partial,11,0.64,-0.6726488612390927
17,inference_categories,standard,12,0.52,-0.6926677673176508
17,inference_categories,projected,12,0.52,-0.692535499501085
17,inference_categories,partial,12,0.58,-0.6751923552914303
17,inference_categories,standard,13,0.48,-0.6929599367484875
17,inference_categories,projected,13,0.5,-0.6996976650957629
17,inference_categories,partial,13,0.6,-0.6803058469483783
17,inference_categories,standard,14,0.46,-0.6932268477865794
17,inference_categories,projected,14,0.46,-0.7053240246549067
17,inference_categories,partial,14,0.58,-0.6830944188339656
17,inference_categories,standard,15,0.44,-0.6933076537560993
17,inference_categories,projected,15,0.5,-0.7064694650203434
17,inference_categories,partial,15,0.5,-0.6831992852495117
17,inference_categories,standard,16,0.42,-0.69327451198801
17,inference_categories,projected,16,0.48,-0.7030799117615522
17,inference_categories,partial,16,0.5,-0.6851030449047488
17,inference_categories,standard,17,0.46,-0.6939721228271014
17,inference_categories,projected,17,0.5,-0.7100509598360755
17,inference_categories,partial,17,0.54,-0.6853500408700401
17,inference_categories,standard,18,0.46,-0.6930253605727063
17,inference_categories,projected,18,0.5,-0.7011473319059793
17,inference_categories,partial,18,0.54,-0.6815961509818513
17,inference_categories,standard,19,0.5,-0.6932908333475905
17,inference_categories,projected,19,0.48,-0.6998538591762027
17,inference_categories,partial,19,0.54,-0.6814345632443275
17,inference_categories,standard,20,0.52,-0.6934030835704752
17,inference_categories,projected,20,0.48,-0.6943075878032754
17,inference_categories,partial,20,0.56,-0.666993719253519
18,choice_only,standard,1,0.54,-0.6934724851488735
18,choice_only,projected,1,0.46,-0.6958341155863033
18,choice_only,partial,1,0.46,-0.6958341155863033
18,choice_only,standard,2,0.6,-0.6928242008694709
18,choice_only,projected,2,0.46,-0.7001198439216948
18,choice_only,partial,2,0.46,-0.7001198439216948
18,choice_only,standard,3,0.5,-0.6932720280933009
18,choice_only,projected,3,0.4,-0.7062622219062672
18,choice_only,partial,3,0.4,-0.7062622219062672
18,choice_only,standard,4,0.46,-0.6930698166269618
18,choice_only,projected,4,0.36,-0.7095675354052159
18,choice_only,partial,4,0.36,-0.7095675354052159
18,choice_only,standard,5,0.58,-0.6924377134839931
18,choice_only,projected,5,0.44,-0.7029529249141183
18,choice_only,partial,5,0.44,-0.7029529249141183
18,choice_only,standard,6,0.58,-0.6929378137034264
18,choice_only,projected,6,0.46,-0.7034642481630599
18,choice_only,partial,6,0.46,-0.7034642481630599
18,choice_only,standard,7,0.56,-0.69226422729316
18,choice_only,projected,7,0.46,-0.6957881713912655
18,choice_only,partial,7,0.46,-0.6957881713912655
18,choice_only,standard,8,0.58,-0.692113242597641
18,choice_only,projected,8,0.5,-0.6946113009611597
18,choice_only,partial,8,0.5,-0.6946113009611597
18,choice_only,standard,9,0.58,-0.6922945062207492
18,choice_only,projected,9,0.48,-0.6961744020138809
18,choice_only,partial,9,0.48,-0.6961744020138809
18,choice_only,standard,10,0.52,-0.693046359127344
18,choice_only,projected,10,0.48,-0.7009578467372742
18,choice_only,partial,10,0.48,-0.7009578467372742
18,choice_only,standard,11,0.6,-0.6925984895079125
18,choice_only,projected,11,0.48,-0.6996849677435105
18,choice_only,partial,11,0.48,-0.6996849677435105
18,choice_only,standard,12,0.5,-0.692751974435303
18,choice_only,projected,12,0.48,-0.7007875103791572
18,choice_only,partial,12,0.48,-0.7007875103791572
18,choice_only,standard,13,0.54,-0.6920183611945638
18,choice_only,projected,13,0.52,-0.7016436286682216
18,choice_only,partial,13,0.52,-0.7016436286682216
18,choice_only,standard,14,0.56,-0.6912683919406851
18,choice_only,projected,14,0.48,-0.7008344322361605
18,choice_only,partial,14,0.48,-0.7008344322361605
18,choice_only,standard,15,0.56,-0.6905802084121491
18,choice_only,projected,15,0.52,-0.6976329526565437
18,choice_only,partial,15,0.52,-0.6976329526565437
18,choice_only,standard,16,0.58,-0.6910728204127833
18,choice_only,projected,16,0.5,-0.701748411814719
18,choice_only,partial,16,0.5,-0.701748411814719
18,choice_only,standard,17,0.58,-0.6908224623717526
18,choice_only,projected,17,0.54,-0.7049135352493364
18,choice_only,partial,17,0.54,-0.7049135352493364
18,choice_only,standard,18,0.54,-0.6914037526449788
18,choice_only,projected,18,0.5,-0.7084252318873847
18,choice_only,partial,18,0.5,-0.7084252318873847
18,choice_only,standard,19,0.54,-0.6913018876527101
18,choice_only,projected,19,0.48,-0.7057499263235816
18,choice_only,partial,19,0.48,-0.7057499263235816
18,choice_only,standard,20,0.52,-0.6908552558669041
18,choice_only,projected,20,0.46,-0.705452135601821
18,choice_only,partial,20,0.46,-0.705452135601821
18,inference_affirm,standard,1,0.54,-0.6934724851488735
18,inference_affirm,projected,1,0.46,-0.6958341155863033
18,inference_affirm,partial,1,0.48,-0.6968955758450542
18,inference_affirm,standard,2,0.6,-0.6928242008694709
18,inference_affirm,projected,2,0.46,-0.7001198439216948
18,inference_affirm,partial,2,0.42,-0.7037493662395533
18,inference_affirm,standard,3,0.5,-0.6932720280933009
18,inference_affirm,projected,3,0.4,-0.7062622219062672
18,inference_affirm,partial,3,0.46,-0.7079652919905856
18,inference_affirm,standard,4,0.46,-0.6930698166269618
18,inference_affirm,projected,4,0.36,-0.7095675354052159
18,inference_affirm,partial,4,0.42,-0.7135446181290949
18,inference_affirm,standard,5,0.58,-0.6924377134839931
18,inference_affirm,projected,5,0.44,-0.7029529249141183
18,inference_affirm,partial,5,0.52,-0.7106005682025278
18,inference_affirm,standard,6,0.58,-0.6929378137034264
18,inference_affirm,projected,6,0.46,-0.7034642481630599
18,inference_affirm,partial,6,0.48,-0.7112591571245632
18,inference_affirm,standard,7,0.56,-0.69226422729316
18,inference_affirm,projected,7,0.46,-0.6957881713912655
18,inference_affirm,partial,7,0.42,-0.7109702090221913
18,inference_affirm,standard,8,0.58,-0.692113242597641
18,inference_affirm,projected,8,0.5,-0.6946113009611597
18,inference_affirm,partial,8,0.42,-0.7083886750638158
18,inference_affirm,standard,9,0.58,-0.6922945062207492
18,inference_affirm,projected,9,0.48,-0.6961744020138809
18,inference_affirm,partial,9,0.48,-0.7125665861922839
18,inference_affirm,standard,10,0.52,-0.693046359127344
18,inference_affirm,projected,10,0.48,-0.7009578467372742
18,inference_affirm,partial,10,0.46,-0.7173823646461598
18,inference_affirm,standard,11,0.6,-0.6925984895079125
18,inference_affirm,projected,11,0.48,-0.6996849677435105
18,inference_affirm,partial,11,0.48,-0.7185396246674993
18,inference_affirm,standard,12,0.5,-0.692751974435303
18,inference_affirm,projected,12,0.48,-0.7007875103791572
18,inference_affirm,partial,12,0.48,-0.7134156273409361
18,inference_affirm,standard,13,0.54,-0.6920183611945638
18,inference_affirm,projected,13,0.52,-0.7016436286682216
18,inference_affirm,partial,13,0.46,-0.7171530899842681
18,inference_affirm,standard,14,0.56,-0.6912683919406851
18,inference_affirm,projected,14,0.48,-0.7008344322361605
18,inference_affirm,partial,14,0.54,-0.720400092469862
18,inference_affirm,standard,15,0.56,-0.6905802084121491
18,inference_affirm,projected,15,0.52,-0.6976329526565437
18,inference_affirm,partial,15,0.46,-0.7250703210141459
18,inference_affirm,standard,16,0.58,-0.6910728204127833
18,inference_affirm,projected,16,0.5,-0.701748411814719
18,inference_affirm,partial,16,0.48,-0.7292555226316482
18,inference_affirm,standard,17,0.58,-0.6908224623717526
18,inference_affirm,projected,17,0.54,-0.7049135352493364
18,inference_affirm,partial,17,0.42,-0.7327606568312015
18,inference_affirm,standard,18,0.54,-0.6914037526449788
18,inference_affirm,projected,18,0.5,-0.7084252318873847
18,inference_affirm,partial,18,0.42,-0.738134353208346
18,inference_affirm,standard,19,0.54,-0.6913018876527101
18,inference_affirm,projected,19,0.48,-0.7057499263235816
18,inference_affirm,partial,19,0.46,-0.7369783939642829
18,inference_affirm,standard,20,0.52,-0.6908552558669041
18,inference_affirm,projected,20,0.46,-0.705452135601821
18,inference_affirm,partial,20,0.44,-0.736677819276379
18,inference_categories,standard,1,0.54,-0.6934724851488735
18,inference_categories,projected,1,0.46,-0.6958341155863033
18,inference_categories,partial,1,0.46,-0.696880220802809
18,inference_categories,standard,2,0.6,-0.6928242008694709
18,inference_categories,projected,2,0.46,-0.7001198439216948
18,inference_categories,partial,2,0.44,-0.7020265416381767
18,inference_categories,standard,3,0.5,-0.6932720280933009
18,inference_categories,projected,3,0.4,-0.7062622219062672
18,inference_categories,partial,3,0.46,-0.7062000086029996
18,inference_categories,standard,4,0.46,-0.6930698166269618
18,inference_categories,projected,4,0.36,-0.7095675354052159
18,inference_categories,partial,4,0.42,-0.7098197739007426
18,inference_categories,standard,5,0.58,-0.6924377134839931
18,inference_categories,projected,5,0.44,-0.7029529249141183
18,inference_categories,partial,5,0.5,-0.708279242576117
18,inference_categories,standard,6,0.58,-0.6929378137034264
18,inference_categories,projected,6,0.46,-0.7034642481630599
18,inference_categories,partial,6,0.48,-0.7086145385677142
18,inference_categories,standard,7,0.56,-0.69226422729316
18,inference_categories,projected,7,0.46,-0.6957881713912655
18,inference_categories,partial,7,0.44,-0.6997762903952549
18,inference_categories,standard,8,0.58,-0.692113242597641
18,inference_categories,projected,8,0.5,-0.6946113009611597
18,inference_categories,partial,8,0.52,-0.6960577323356627
18,inference_categories,standard,9,0.58,-0.6922945062207492
18,inference_categories,projected,9,0.48,-0.6961744020138809
18,inference_categories,partial,9,0.54,-0.6981836699000084
18,inference_categories,standard,10,0.52,-0.693046359127344
18,inference_categories,projected,10,0.48,-0.7009578467372742
18,inference_categories,partial,10,0.44,-0.7034937718136233
18,inference_categories,standard,11,0.6,-0.6925984895079125
18,inference_categories,projected,11,0.48,-0.6996849677435105
18,inference_categories,partial,11,0.44,-0.7033668727244472
18,inference_categories,standard,12,0.5,-0.692751974435303
18,inference_categories,projected,12,0.48,-0.7007875103791572
18,inference_categories,partial,12,0.46,-0.7047941521133794
18,inference_categories,standard,13,0.54,-0.6920183611945638
18,inference_categories,projected,13,0.52,-0.7016436286682216
18,inference_categories,partial,13,0.48,-0.7052308875507649
18,inference_categories,standard,14,0.56,-0.6912683919406851
18,inference_categories,projected,14,0.48,-0.7008344322361605
18,inference_categories,partial,14,0.54,-0.7038163704405843
18,inference_categories,standard,15,0.56,-0.6905802084121491
18,inference_categories,projected,15,0.52,-0.6976329526565437
18,inference_categories,partial,15,0.44,-0.7046800092821008
18,inference_categories,standard,16,0.58,-0.6910728204127833
18,inference_categories,projected,16,0.5,-0.701748411814719
18,inference_categories,partial,16,0.48,-0.7083514238555693
18,inference_categories,standard,17,0.58,-0.6908224623717526
18,inference_categories,projected,17,0.54,-0.7049135352493364
18,inference_categories,partial,17,0.44,-0.7121718805381403
18,inference_categories,standard,18,0.54,-0.6914037526449788
18,inference_categories,projected,18,0.5,-0.7084252318873847
18,inference_categories,partial,18,0.42,-0.7170970684961339
18,inference_categories,standard,19,0.54,-0.6913018876527101
18,inference_categories,projected,19,0.48,-0.7057499263235816
18,inference_categories,partial,19,0.4,-0.7149493058516164
18,inference_categories,standard,20,0.52,-0.6908552558669041
18,inference_categories,projected,20,0.46,-0.705452135601821
18,inference_categories,partial,20,0.44,-0.7153352780276524
19,choice_only,standard,1,0.5,-0.693502060420302
19,choice_only,projected,1,0.5,-0.6945293094276488
19,choice_only,partial,1,0.5,-0.6945293094276488
19,choice_only,standard,2,0.46,-0.692881619087256
19,choice_only,projected,2,0.54,-0.6904629660603476
19,choice_only,partial,2,0.54,-0.6904629660603476
19,choice_only,standard,3,0.5,-0.6928599734247561
19,choice_only,projected,3,0.6,-0.6872443340637128
19,choice_only,partial,3,0.6,-0.6872443340637128
19,choice_only,standard,4,0.62,-0.6915394764123285
19,choice_only,projected,4,0.58,-0.6846040585816949
19,choice_only,partial,4,0.58,-0.6846040585816949
19,choice_only,standard,5,0.7,-0.6911038925119484
19,choice_only,projected,5,0.58,-0.6788418411148988
19,choice_only,partial,5,0.58,-0.6788418411148988
19,choice_only,standard,6,0.66,-0.6911547910298833
19,choice_only,projected,6,0.62,-0.6859605939559643
19,choice_only,partial,6,0.62,-0.6859605939559643
19,choice_only,standard,7,0.64,-0.6901868594607538
19,choice_only,projected,7,0.58,-0.6834396109526152
19,choice_only,partial,7,0.58,-0.6834396109526152
19,choice_only,standard,8,0.68,-0.6897145042400947
19,choice_only,projected,8,0.6,-0.6799633086841701
19,choice_only,partial,8,0.6,-0.6799633086841701
19,choice_only,standard,9,0.64,-0.6903640624583237
19,choice_only,projected,9,0.58,-0.685792951706469
19,choice_only,partial,9,0.58,-0.685792951706469
19,choice_only,standard,10,0.6,-0.6910582333692978
19,choice_only,projected,10,0.6,-0.6883907028449169
19,choice_only,partial,10,0.6,-0.6883907028449169
19,choice_only,standard,11,0.6,-0.6903521882409853
19,choice_only,projected,11,0.6,-0.6857890222883285
19,choice_only,partial,11,0.6,-0.6857890222883285
19,choice_only,standard,12,0.54,-0.6904815751796133
19,choice_only,projected,12,0.52,-0.6900062169179568
19,choice_only,partial,12,0.52,-0.6900062169179568
19,choice_only,standard,13,0.64,-0.6893449365985792
19,choice_only,projected,13,0.6,-0.6814921378929251
19,choice_only,partial,13,0.6,-0.6814921378929251
19,choice_only,standard,14,0.58,-0.68911272163507
19,choice_only,projected,14,0.58,-0.6759823300566975
19,choice_only,partial,14,0.58,-0.6759823300566975
19,choice_only,standard,15,0.6,-0.6882737790334181
19,choice_only,projected,15,0.62,-0.6743768587886616
19,choice_only,partial,15,0.62,-0.6743768587886616
19,choice_only,standard,16,0.64,-0.6880982666390785
19,choice_only,projected,16,0.66,-0.6744251071235224
19,choice_only,partial,16,0.66,-0.6744251071235224
19,choice_only,standard,17,0.7,-0.688180277937528
19,choice_only,projected,17,0.68,-0.6782992450630618
19,choice_only,partial,17,0.68,-0.6782992450630618
19,choice_only,standard,18,0.66,-0.6883941286138185
19,choice_only,projected,18,0.66,-0.6795470963373166
19,choice_only,partial,18,0.66,-0.6795470963373166
19,choice_only,standard,19,0.66,-0.6893942381486391
19,choice_only,projected,19,0.52,-0.6860311813923959
19,choice_only,partial,19,0.52,-0.6860311813923959
19,choice_only,standard,20,0.66,-0.6888257288017574
19,choice_only,projected,20,0.54,-0.6871729426102604
19,choice_only,partial,20,0.54,-0.6871729426102604
19,inference_affirm,standard,1,0.5,-0.693502060420302
19,inference_affirm,projected,1,0.5,-0.6945293094276488
19,inference_affirm,partial,1,0.32,-0.6979445973042409
19,inference_affirm,standard,2,0.46,-0.692881619087256
19,inference_affirm,projected,2,0.54,-0.6904629660603476
19,inference_affirm,partial,2,0.34,-0.7052675366049564
19,inference_affirm,standard,3,0.5,-0.6928599734247561
19,inference_affirm,projected,3,0.6,-0.6872443340637128
19,inference_affirm,partial,3,0.38,-0.7077565914702378
19,inference_affirm,standard,4,0.62,-0.6915394764123285
19,inference_affirm,projected,4,0.58,-0.6846040585816949
19,inference_affirm,partial,4,0.38,-0.70403932326392
19,inference_affirm,standard,5,0.7,-0.6911038925119484
19,inference_affirm,projected,5,0.58,-0.6788418411148988
19,inference_affirm,partial,5,0.42,-0.6949040818582874
19,inference_affirm,standard,6,0.66,-0.6911547910298833
19,inference_affirm,projected,6,0.62,-0.6859605939559643
19,inference_affirm,partial,6,0.5,-0.6961546934742465
19,inference_affirm,standard,7,0.64,-0.6901868594607538
19,inference_affirm,projected,7,0.58,-0.6834396109526152
19,inference_affirm,partial,7,0.58,-0.6960286439463934
19,inference_affirm,standard,8,0.68,-0.6897145042400947
19,inference_affirm,projected,8,0.6,-0.6799633086841701
19,inference_affirm,partial,8,0.56,-0.6934385843548256
19,inference_affirm,standard,9,0.64,-0.6903640624583237
19,inference_affirm,projected,9,0.58,-0.685792951706469
19,inference_affirm,partial,9,0.58,-0.6901442576145902
19,inference_affirm,standard,10,0.6,-0.6910582333692978
19,inference_affirm,projected,10,0.6,-0.6883907028449169
19,inference_affirm,partial,10,0.6,-0.6914111863170936
19,inference_affirm,standard,11,0.6,-0.6903521882409853
19,inference_affirm,projected,11,0.6,-0.6857890222883285
19,inference_affirm,partial,11,0.58,-0.6912184661371171
19,inference_affirm,standard,12,0.54,-0.6904815751796133
19,inference_affirm,projected,12,0.52,-0.6900062169179568
19,inference_affirm,partial,12,0.6,-0.6901838038928916
19,inference_affirm,standard,13,0.64,-0.6893449365985792
19,inference_affirm,projected,13,0.6,-0.6814921378929251
19,inference_affirm,partial,13,0.6,-0.6815977699960304
19,inference_affirm,standard,14,0.58,-0.68911272163507
19,inference_affirm,projected,14,0.58,-0.6759823300566975
19,inference_affirm,partial,14,0.6,-0.677573034839239
19,inference_affirm,standard,15,0.6,-0.6882737790334181
19,inference_affirm,projected,15,0.62,-0.6743768587886616
19,inference_affirm,partial,15,0.64,-0.673756303039492
19,inference_affirm,standard,16,0.64,-0.6880982666390785
19,inference_affirm,projected,16,0.66,-0.6744251071235224
19,inference_affirm,partial,16,0.68,-0.6701450936092159
19,inference_affirm,standard,17,0.7,-0.688180277937528
19,inference_affirm,projected,17,0.68,-0.6782992450630618
19,inference_affirm,partial,17,0.68,-0.6711301613823983
19,inference_affirm,standard,18,0.66,-0.6883941286138185
19,inference_affirm,projected,18,0.66,-0.6795470963373166
19,inference_affirm,partial,18,0.72,-0.6703814441730226
19,inference_affirm,standard,19,0.66,-0.6893942381486391
19,inference_affirm,projected,19,0.52,-0.6860311813923959
19,inference_affirm,partial,19,0.62,-0.6810743457588166
19,inference_affirm,standard,20,0.66,-0.6888257288017574
19,inference_affirm,projected,20,0.54,-0.6871729426102604
19,inference_affirm,partial,20,0.6,-0.6830552523839537
19,inference_categories,standard,1,0.5,-0.693502060420302
19,inference_categories,projected,1,0.5,-0.6945293094276488
19,inference_categories,partial,1,0.46,-0.6942722472229544
19,inference_categories,standard,2,0.46,-0.692881619087256
19,inference_categories,projected,2,0.54,-0.6904629660603476
19,inference_categories,partial,2,0.48,-0.6972896050151354
19,inference_categories,standard,3,0.5,-0.6928599734247561
19,inference_categories,projected,3,0.6,-0.6872443340637128
19,inference_categories,partial,3,0.42,-0.7058921732484384
19,inference_categories,standard,4,0.62,-0.6915394764123285
19,inference_categories,projected,4,0.58,-0.6846040585816949
19,inference_categories,partial,4,0.48,-0.7027765481415862
19,inference_categories,standard,5,0.7,-0.6911038925119484
19,inference_categories,projected,5,0.58,-0.6788418411148988
19,inference_categories,partial,5,0.5,-0.6997027097559344
19,inference_categories,standard,6,0.66,-0.6911547910298833
19,inference_categories,projected,6,0.62,-0.6859605939559643
19,inference_categories,partial,6,0.46,-0.7076846656838373
19,inference_categories,standard,7,0.64,-0.6901868594607538
19,inference_categories,projected,7,0.58,-0.6834396109526152
19,inference_categories,partial,7,0.46,-0.7095666918296634
19,inference_categories,standard,8,0.68,-0.6897145042400947
19,inference_categories,projected,8,0.6,-0.6799633086841701
19,inference_categories,partial,8,0.44,-0.7115665959223233
19,inference_categories,standard,9,0.64,-0.6903640624583237
19,inference_categories,projected,9,0.58,-0.685792951706469
19,inference_categories,partial,9,0.44,-0.7130995357070217
19,inference_categories,standard,10,0.6,-0.6910582333692978
19,inference_categories,projected,10,0.6,-0.6883907028449169
19,inference_categories,partial,10,0.44,-0.7137837829648105
19,inference_categories,standard,11,0.6,-0.6903521882409853
19,inference_categories,projected,11,0.6,-0.6857890222883285
19,inference_categories,partial,11,0.4,-0.7148881455522226
19,inference_categories,standard,12,0.54,-0.6904815751796133
19,inference_categories,projected,12,0.52,-0.6900062169179568
19,inference_categories,partial,12,0.42,-0.7193076880720991
19,inference_categories,standard,13,0.64,-0.6893449365985792
19,inference_categories,projected,13,0.6,-0.6814921378929251
19,inference_categories,partial,13,0.42,-0.7201414420096849
19,inference_categories,standard,14,0.58,-0.68911272163507
19,inference_categories,projected,14,0.58,-0.6759823300566975
19,inference_categories,partial,14,0.42,-0.710833006574091
19,inference_categories,standard,15,0.6,-0.6882737790334181
19,inference_categories,projected,15,0.62,-0.6743768587886616
19,inference_categories,partial,15,0.4,-0.7097960468253786
19,inference_categories,standard,16,0.64,-0.6880982666390785
19,inference_categories,projected,16,0.66,-0.6744251071235224
19,inference_categories,partial,16,0.38,-0.7130112061495442
19,inference_categories,standard,17,0.7,-0.688180277937528
19,inference_categories,projected,17,0.68,-0.6782992450630618
19,inference_categories,partial,17,0.34,-0.7180466541184135
19,inference_categories,standard,18,0.66,-0.6883941286138185
19,inference_categories,projected,18,0.66,-0.6795470963373166
19,inference_categories,partial,18,0.36,-0.7132939376775604
19,inference_categories,standard,19,0.66,-0.6893942381486391
19,inference_categories,projected,19,0.52,-0.6860311813923959
19,inference_categories,partial,19,0.36,-0.7209467277497285
19,inference_categories,standard,20,0.66,-0.6888257288017574
19,inference_categories,projected,20,0.54,-0.6871729426102604
19,inference_categories,partial,20,0.36,-0.7228891258247252
