user_id,condition,n_trials,rating_partial_vs_standard,test_acc_standard,test_ll_standard,spearman_standard,topn_sign_standard,topn_overlap_standard,combined_standard,test_acc_projected,test_ll_projected,spearman_projected,topn_sign_projected,topn_overlap_projected,combined_projected,test_acc_partial,test_ll_partial,spearman_partial,topn_sign_partial,topn_overlap_partial,combined_partial,test_acc_blend,test_ll_blend,spearman_blend,topn_sign_blend,topn_overlap_blend,combined_blend
0,choice_only,20,0.6000335687519229,0.58,-0.6905539869752336,0.3084909594216971,0.2,0.3,-0.14575452028915145,0.61,-0.669405788621365,0.270732951367479,0.3,0.4,-0.06463352431626052,0.61,-0.669405788621365,0.270732951367479,0.3,0.4,-0.06463352431626052,0.615,-0.673138688085863,0.270732951367479,0.3,0.4,-0.06463352431626052
0,inference_affirm,20,0.9056189346384865,0.545,-0.6914014530801025,-0.20967744898193474,0.2,0.6,-0.40483872449096736,0.51,-0.6966659146411429,-0.29001363633133503,0.1,0.4,-0.5450068181656675,0.6,-0.6700451845867739,0.29483380757229904,0.4,0.6,0.047416903786149545,0.605,-0.6743399469513608,0.29483380757229904,0.4,0.6,0.047416903786149545
0,inference_categories,20,0.908322278673855,0.475,-0.6941728815950262,0.04257817929518215,0.2,0.3,-0.2787109103524089,0.49,-0.7053961588276801,-0.019280684963856067,0.1,0.2,-0.40964034248192804,0.635,-0.6555236672150933,0.3599061193253133,0.5,0.6,0.17995305966265665,0.635,-0.6625542425872155,0.3599061193253133,0.5,0.6,0.17995305966265665
1,choice_only,20,0.498029305728516,0.565,-0.6905280798671243,-0.23490797356198886,0.3,0.6,-0.31745398678099446,0.54,-0.6825041095356087,-0.23806110072389475,0.3,0.6,-0.3190305503619474,0.54,-0.6825041095356087,-0.23806110072389475,0.3,0.6,-0.3190305503619474,0.545,-0.6834672629939768,-0.23806110072389475,0.3,0.6,-0.3190305503619474
1,inference_affirm,20,0.8866386023178938,0.565,-0.6909195086515626,-0.11508914140956503,0.3,0.6,-0.25754457070478254,0.605,-0.6769203934511319,-0.10247663276194147,0.3,0.5,-0.2512383163809707,0.675,-0.6411494766683439,0.5076534730668485,0.4,0.5,0.15382673653342427,0.665,-0.6515948789025352,0.5076534730668485,0.4,0.5,0.15382673653342427
1,inference_categories,20,0.9537052132155995,0.545,-0.6906598046658248,0.012612508647623564,0.3,0.5,-0.19369374567618822,0.6,-0.6772661600546596,0.028378144457153014,0.3,0.5,-0.1858109277714235,0.655,-0.6429979425952166,0.6227426144764133,0.6,0.7,0.41137130723820664,0.655,-0.651366108209922,0.6227426144764133,0.6,0.7,0.41137130723820664
2,choice_only,20,0.4901196511465524,0.545,-0.6906544126480615,0.322141307457629,0.3,0.7,-0.03892934627118552,0.565,-0.6728316516281467,0.30633069114069017,0.3,0.7,-0.046834654429654926,0.565,-0.6728316516281467,0.30633069114069017,0.3,0.7,-0.046834654429654926,0.565,-0.6759580179514465,0.30633069114069017,0.3,0.7,-0.046834654429654926
2,inference_affirm,20,0.7634975220134368,0.63,-0.6899805027403698,0.32807028857648113,0.3,0.6,-0.03596485571175945,0.62,-0.6608334680260447,0.31225967225954226,0.3,0.6,-0.04387016387022888,0.63,-0.6687845419011914,0.5968507659644415,0.4,0.6,0.1984253829822208,0.64,-0.6730425520462927,0.5968507659644415,0.4,0.6,0.1984253829822208
2,inference_categories,20,0.7395228300398584,0.615,-0.6893098953153065,0.3458572319330373,0.3,0.6,-0.02707138403348136,0.685,-0.6554579303475265,0.3379519237745679,0.3,0.6,-0.031024038112716062,0.605,-0.6648295622956399,0.5632532062909464,0.4,0.6,0.18162660314547324,0.61,-0.6694766688839241,0.5632532062909464,0.4,0.6,0.18162660314547324
3,choice_only,20,0.3885547424689904,0.545,-0.6921068164282836,0.14837082980375163,0.5,0.4,0.07418541490187582,0.565,-0.6810171629954587,0.16701428485762618,0.4,0.4,-0.01649285757118689,0.565,-0.6810171629954587,0.16701428485762618,0.4,0.4,-0.01649285757118689,0.555,-0.6826135405849263,0.16701428485762618,0.4,0.4,-0.01649285757118689
3,inference_affirm,20,0.812028514547808,0.52,-0.6927656247911449,0.2602315601269989,0.5,0.5,0.13011578006349944,0.6,-0.6776235677407126,0.22915913503720797,0.5,0.5,0.11457956751860399,0.525,-0.6804857720936763,0.6455296312404062,0.6,0.5,0.42276481562020307,0.525,-0.6815923704616748,0.6455296312404062,0.6,0.5,0.42276481562020307
3,inference_categories,20,0.9540955161622938,0.48,-0.6926238859651584,0.11807521534120548,0.5,0.6,0.05903760767060274,0.58,-0.6794466362599613,0.17478239113007388,0.5,0.6,0.08739119556503694,0.595,-0.6774125125910683,0.7317556108645759,0.8,0.7,0.665877805432288,0.6,-0.6789198238916305,0.7317556108645759,0.8,0.7,0.665877805432288
4,choice_only,20,0.5357597688516248,0.52,-0.6917858314627672,0.47629481654778283,0.4,0.8,0.13814740827389144,0.57,-0.6788599879265229,0.5336083006966861,0.4,0.8,0.16680415034834306,0.57,-0.6788599879265229,0.5336083006966861,0.4,0.8,0.16680415034834306,0.56,-0.681527751676098,0.5336083006966861,0.4,0.8,0.16680415034834306
4,inference_affirm,20,0.7731703645249093,0.535,-0.6930855328797992,0.17786943356556204,0.2,0.6,-0.21106528321721896,0.55,-0.6949812460268112,0.1758931065259447,0.2,0.7,-0.21205344673702764,0.495,-0.7019113779383757,0.46838950838931337,0.3,0.4,0.034194754194656674,0.495,-0.6984015470285609,0.46838950838931337,0.3,0.4,0.034194754194656674
4,inference_categories,20,0.4938242920800772,0.535,-0.6925605296879853,0.5395372818155383,0.4,0.7,0.16976864090776916,0.53,-0.6876637367429009,0.5711585144494159,0.5,0.8,0.28557925722470795,0.52,-0.6982926471008335,0.5296556466174515,0.4,0.7,0.16482782330872575,0.515,-0.6959480095960926,0.5296556466174515,0.4,0.7,0.16482782330872575
5,choice_only,20,0.5160162378341894,0.495,-0.6931970893587147,0.11263754095049205,0.4,0.2,-0.04368122952475395,0.505,-0.6916090027411065,0.13827229164956956,0.4,0.3,-0.0308638541752152,0.505,-0.6916090027411065,0.13827229164956956,0.4,0.3,-0.0308638541752152,0.51,-0.6907338194429894,0.13827229164956956,0.4,0.3,-0.0308638541752152
5,inference_affirm,20,0.6632401936707437,0.53,-0.6931220042338583,0.143709966040283,0.6,0.4,0.17185498302014146,0.565,-0.6779315513978835,0.19342584618394845,0.6,0.4,0.1967129230919742,0.54,-0.693286940696158,0.41481687494870867,0.6,0.5,0.3074084374743543,0.535,-0.6914314402195333,0.41481687494870867,0.6,0.5,0.3074084374743543
5,inference_categories,20,0.833113273242869,0.51,-0.6927149661438757,0.19497946743843794,0.4,0.4,-0.0025102662807810067,0.485,-0.6957205273121575,0.22139102876476027,0.5,0.5,0.11069551438238014,0.465,-0.7046023952853123,0.4381211937660519,0.6,0.6,0.3190605968830259,0.475,-0.7003602112386755,0.4381211937660519,0.6,0.6,0.3190605968830259
6,choice_only,20,0.4934189580212495,0.53,-0.6921695567460978,0.4550583247722644,0.7,0.5,0.42752916238613214,0.515,-0.6923766590699568,0.4445280494882781,0.7,0.5,0.42226402474413904,0.515,-0.6923766590699568,0.4445280494882781,0.7,0.5,0.42226402474413904,0.515,-0.691649798818033,0.4445280494882781,0.7,0.5,0.42226402474413904
6,inference_affirm,20,0.8916357356534699,0.475,-0.6927005456382379,0.13689357869182167,0.5,0.6,0.06844678934591084,0.53,-0.6928006849963444,0.12109816576584224,0.4,0.6,-0.039450917117078856,0.585,-0.6757588268126515,0.5799173031395303,0.7,0.7,0.4899586515697651,0.575,-0.6768074634907058,0.5799173031395303,0.7,0.7,0.4899586515697651
6,inference_categories,20,0.6642740105481618,0.57,-0.6920967776152874,0.4355020992448613,0.6,0.7,0.3177510496224306,0.58,-0.6914698204601015,0.4174501987580277,0.7,0.6,0.4087250993790138,0.54,-0.6826649468189605,0.5084618637124805,0.7,0.8,0.4542309318562402,0.54,-0.6829809245812628,0.5084618637124805,0.7,0.8,0.4542309318562402
7,choice_only,20,0.5345152256363268,0.57,-0.6911966403843632,-0.03226552647887425,0.4,0.5,-0.11613276323943711,0.56,-0.6820138599056038,0.023046804627767325,0.4,0.4,-0.08847659768611632,0.56,-0.6820138599056038,0.023046804627767325,0.4,0.4,-0.08847659768611632,0.565,-0.6830498428764048,0.023046804627767325,0.4,0.4,-0.08847659768611632
7,inference_affirm,20,0.819662031234806,0.525,-0.6926645916512502,0.16132763239437128,0.5,0.5,0.08066381619718564,0.52,-0.6956487668641845,0.16900990060362703,0.5,0.4,0.08450495030181351,0.545,-0.6925233207470733,0.5669513938430761,0.6,0.5,0.38347569692153805,0.545,-0.6903472972087841,0.5669513938430761,0.6,0.5,0.38347569692153805
7,inference_categories,20,0.8940822156433661,0.475,-0.6938326756925025,0.02151035098591617,0.4,0.5,-0.0892448245070419,0.495,-0.7007461189433057,0.02151035098591617,0.4,0.5,-0.0892448245070419,0.5,-0.6977538423433662,0.47476417533200693,0.6,0.5,0.3373820876660034,0.505,-0.6943252534937683,0.47476417533200693,0.6,0.5,0.3373820876660034
8,choice_only,20,0.6708783116692223,0.485,-0.6937315782796206,-0.11965835906212527,0.2,0.6,-0.35982917953106264,0.48,-0.7049455928598811,-0.03479427462090168,0.3,0.5,-0.21739713731045085,0.48,-0.7049455928598811,-0.03479427462090168,0.3,0.5,-0.21739713731045085,0.465,-0.7015328524727957,-0.03479427462090168,0.3,0.5,-0.21739713731045085
8,inference_affirm,20,0.876804255465985,0.63,-0.6881218416319667,0.3980125560293387,0.3,0.5,-0.0009937219853306534,0.665,-0.6422641633598707,0.38019109829668174,0.4,0.5,0.09009554914834089,0.615,-0.6554010160708543,0.5830162601112061,0.6,0.6,0.39150813005560303,0.615,-0.6611481976313149,0.5830162601112061,0.6,0.6,0.39150813005560303
8,inference_categories,20,0.8693604805004467,0.525,-0.6920652961783819,-0.07892359853033795,0.2,0.7,-0.33946179926516895,0.525,-0.6962026725033642,-0.06279942248650545,0.2,0.7,-0.33139971124325274,0.555,-0.6908970003988111,0.27920283781162564,0.4,0.5,0.03960141890581284,0.56,-0.6886595624867852,0.27920283781162564,0.4,0.5,0.03960141890581284
9,choice_only,20,0.5,0.57,-0.6911846963074426,0.42876752623832304,0.3,0.6,0.014383763119161508,0.57,-0.6846977216092104,0.42876752623832304,0.3,0.6,0.014383763119161508,0.57,-0.6846977216092104,0.42876752623832304,0.3,0.6,0.014383763119161508,0.565,-0.6856203406230188,0.42876752623832304,0.3,0.6,0.014383763119161508
9,inference_affirm,20,0.7820929292869229,0.55,-0.6918437579476479,0.33701480457415517,0.1,0.5,-0.23149259771292244,0.555,-0.6822508208599243,0.35113060790710404,0.1,0.5,-0.224434696046448,0.61,-0.6677188144591228,0.44817675582112787,0.3,0.6,0.024088377910563924,0.61,-0.6719144560313522,0.44817675582112787,0.3,0.6,0.024088377910563924
9,inference_categories,20,0.5596495448131634,0.51,-0.6934223718042865,0.4552346574876023,0.3,0.5,0.02761732874380113,0.58,-0.6845259692713025,0.35113060790710404,0.3,0.5,-0.02443469604644799,0.52,-0.6854977131611402,0.35113060790710404,0.4,0.6,0.07556530395355204,0.53,-0.6869699328170463,0.35113060790710404,0.4,0.6,0.07556530395355204
10,choice_only,20,0.48899389599146126,0.55,-0.6924346924576593,0.08064722079072195,0.3,0.6,-0.15967638960463904,0.595,-0.6772563974783778,0.06303460935366773,0.3,0.6,-0.16848269532316615,0.595,-0.6772563974783778,0.06303460935366773,0.3,0.6,-0.16848269532316615,0.595,-0.6805439997071727,0.06303460935366773,0.3,0.6,-0.16848269532316615
10,inference_affirm,20,0.3268481838617279,0.53,-0.6922592408192265,0.2298909282310235,0.4,0.7,0.014945464115511772,0.555,-0.6849536687174888,0.13997391194711511,0.3,0.6,-0.13001304402644245,0.525,-0.6921141695988808,0.14090089149643376,0.3,0.5,-0.12954955425178313,0.525,-0.6916482607261153,0.14090089149643376,0.3,0.5,-0.12954955425178313
10,inference_categories,20,0.7663318508395612,0.515,-0.6921247922974891,0.3262968013601624,0.1,0.5,-0.2368515993199188,0.58,-0.6790742517296257,0.3262968013601624,0.1,0.5,-0.2368515993199188,0.5,-0.6897953084349868,0.4013821448549724,0.3,0.5,0.0006910724274862001,0.515,-0.6895966469243665,0.4013821448549724,0.3,0.5,0.0006910724274862001
11,choice_only,20,0.5167447238552025,0.525,-0.6909756325675963,-0.025225017295247128,0.5,0.5,-0.012612508647623564,0.585,-0.6776065625700007,0.0015765635809529455,0.5,0.5,0.0007882817904764727,0.585,-0.6776065625700007,0.0015765635809529455,0.5,0.5,0.0007882817904764727,0.575,-0.6799964105979015,0.0015765635809529455,0.5,0.5,0.0007882817904764727
11,inference_affirm,20,0.9118260472293245,0.57,-0.6908176416795422,-0.015765635809529454,0.4,0.5,-0.1078828179047647,0.63,-0.6723600850780181,-0.004729690742858836,0.4,0.5,-0.1023648453714294,0.625,-0.6609827860899469,0.518689418133519,0.6,0.5,0.35934470906675947,0.625,-0.66572261546476,0.518689418133519,0.6,0.5,0.35934470906675947
11,inference_categories,20,0.8399982821514516,0.545,-0.6913526042110482,0.21441264700960058,0.5,0.4,0.10720632350480029,0.62,-0.6729997079563629,0.20180013836197702,0.5,0.4,0.10090006918098851,0.635,-0.6606758526164314,0.4776987650287424,0.7,0.6,0.43884938251437117,0.64,-0.6664994273032288,0.4776987650287424,0.7,0.6,0.43884938251437117
12,choice_only,20,0.5010287789991655,0.495,-0.6925955344088283,0.4197424239929673,0.3,0.4,0.009871211996483636,0.535,-0.6846534277041104,0.4213884727145084,0.3,0.4,0.010694236357254194,0.535,-0.6846534277041104,0.4213884727145084,0.3,0.4,0.010694236357254194,0.525,-0.6862054028316885,0.4213884727145084,0.3,0.4,0.010694236357254194
12,inference_affirm,20,0.7852097265361008,0.455,-0.6937883626003256,0.23373891845882885,0.2,0.4,-0.18313054077058555,0.515,-0.6886047344052011,0.20246399274954896,0.2,0.3,-0.1987680036252255,0.435,-0.7086645917689088,0.35225442640978427,0.4,0.6,0.07612721320489216,0.435,-0.7037148377845341,0.35225442640978427,0.4,0.6,0.07612721320489216
12,inference_categories,20,0.7817191780581063,0.525,-0.6910326588577831,0.39340564444831055,0.3,0.4,-0.003297177775844734,0.6,-0.6696716646436432,0.40822008294218,0.3,0.4,0.004110041471089981,0.48,-0.6970814116130597,0.5036909087915609,0.5,0.8,0.25184545439578043,0.495,-0.6927939731609417,0.5036909087915609,0.5,0.8,0.25184545439578043
13,choice_only,20,0.5104154586877241,0.5,-0.6941755290284678,0.5985020233761175,0.9,0.7,0.6992510116880588,0.57,-0.6763494836618713,0.6151691683308955,0.9,0.7,0.7075845841654478,0.57,-0.6763494836618713,0.6151691683308955,0.9,0.7,0.7075845841654478,0.57,-0.6795380756261454,0.6151691683308955,0.9,0.7,0.7075845841654478
13,inference_affirm,20,0.9257218253205698,0.53,-0.6925791311855751,0.4454673287913381,0.7,0.5,0.422733664395669,0.61,-0.6690441842152426,0.42728498884067123,0.7,0.5,0.41364249442033557,0.615,-0.6622650607977718,0.8545699776813425,1.0,0.8,0.9272849888406712,0.615,-0.6677697073555825,0.8545699776813425,1.0,0.8,0.9272849888406712
13,inference_categories,20,0.7969653885633088,0.495,-0.6922778286462123,0.00909116997533343,0.6,0.5,0.1045455849876667,0.585,-0.6682995459331674,-0.00909116997533343,0.6,0.5,0.09545441501233326,0.58,-0.6610269128736432,0.1560650845765572,0.8,0.6,0.37803254228827865,0.58,-0.667129936601292,0.1560650845765572,0.8,0.6,0.37803254228827865
14,choice_only,20,0.3660017275798443,0.535,-0.693473047879896,0.316212326338777,0.3,0.7,-0.041893836830611514,0.5,-0.7086544203290438,0.2964490559426034,0.2,0.6,-0.1517754720286983,0.5,-0.7086544203290438,0.2964490559426034,0.2,0.6,-0.1517754720286983,0.495,-0.7030662442683493,0.2964490559426034,0.2,0.6,-0.1517754720286983
14,inference_affirm,20,0.7240092572785696,0.515,-0.6926000084515701,0.3023780370614555,0.3,0.5,-0.04881098146927226,0.5,-0.7083459613556172,0.29842538298222077,0.3,0.5,-0.05078730850888963,0.52,-0.6950277974586098,0.488152778785487,0.4,0.8,0.14407638939274353,0.52,-0.6926506045295246,0.488152778785487,0.4,0.8,0.14407638939274353
14,inference_categories,20,0.8418357925461019,0.5,-0.6937798624113983,0.24901720699178687,0.2,0.6,-0.17549139650410656,0.52,-0.6966685663233708,0.2292539365956133,0.1,0.5,-0.28537303170219336,0.54,-0.6875656189601642,0.5177976843797473,0.4,0.5,0.15889884218987366,0.54,-0.6880835731707546,0.5177976843797473,0.4,0.5,0.15889884218987366
15,choice_only,20,0.5226475940394036,0.51,-0.6931070069445073,0.09617037843812967,0.3,0.3,-0.15191481078093516,0.49,-0.7038881172740051,0.1324313408000474,0.3,0.4,-0.13378432959997633,0.49,-0.7038881172740051,0.1324313408000474,0.3,0.4,-0.13378432959997633,0.495,-0.7003468875235552,0.1324313408000474,0.3,0.4,-0.13378432959997633
15,inference_affirm,20,0.7804986702601985,0.5,-0.693504631998294,-0.16553917600005927,0.2,0.5,-0.38276958800002964,0.465,-0.7026860333169357,-0.12770165005718856,0.2,0.4,-0.3638508250285943,0.52,-0.6875043991012495,0.14189072228576508,0.3,0.5,-0.1290546388571175,0.505,-0.6876170038120665,0.14189072228576508,0.3,0.5,-0.1290546388571175
15,inference_categories,20,0.8661235225664959,0.535,-0.6929400794429033,0.1702688667429181,0.3,0.5,-0.11486556662854096,0.515,-0.6893438268049441,0.20495326552388293,0.3,0.6,-0.09752336723805854,0.575,-0.6726061566141536,0.5171128545525662,0.5,0.5,0.2585564272762831,0.585,-0.6761066627169778,0.5171128545525662,0.5,0.5,0.2585564272762831
16,choice_only,20,0.511115008140165,0.48,-0.6931287750360178,0.06521879230737274,0.2,0.7,-0.26739060384631363,0.485,-0.7082454311690333,0.08300573566392895,0.2,0.7,-0.2584971321680355,0.485,-0.7082454311690333,0.08300573566392895,0.2,0.7,-0.2584971321680355,0.485,-0.7028507497900638,0.08300573566392895,0.2,0.7,-0.2584971321680355
16,inference_affirm,20,0.5406716826767636,0.6,-0.6906920259898289,0.21344332027867446,0.3,0.6,-0.09327833986066278,0.565,-0.6724831581968802,0.21344332027867446,0.3,0.6,-0.09327833986066278,0.585,-0.6748905008532458,0.27866211258604723,0.3,0.6,-0.0606689437069764,0.585,-0.6764305502409195,0.27866211258604723,0.3,0.6,-0.0606689437069764
16,inference_categories,20,0.48024701554067567,0.505,-0.6928698659306118,-0.001976327039617356,0.2,0.6,-0.30098816351980867,0.445,-0.6989988624249048,-0.003952654079234712,0.3,0.7,-0.20197632703961738,0.495,-0.6936500954969168,-0.03359755967349505,0.2,0.4,-0.31679877983674753,0.49,-0.6923591294546176,-0.03359755967349505,0.2,0.4,-0.31679877983674753
17,choice_only,20,0.3756084892906619,0.5,-0.6927544572060758,-0.13991414133098912,0.3,0.7,-0.26995707066549457,0.505,-0.6946055217412226,-0.14320623877407118,0.2,0.6,-0.3716031193870356,0.505,-0.6946055217412226,-0.14320623877407118,0.2,0.6,-0.3716031193870356,0.51,-0.6938356850219918,-0.14320623877407118,0.2,0.6,-0.3716031193870356
17,inference_affirm,20,0.7402582415927909,0.485,-0.6940366834386467,-0.027982828266197822,0.2,0.5,-0.3139914141330989,0.475,-0.7196105888133695,-0.014814438493869434,0.1,0.5,-0.40740721924693474,0.47,-0.7184311636966845,0.1909416516987616,0.3,0.7,-0.10452917415061921,0.465,-0.7102165133183876,0.1909416516987616,0.3,0.7,-0.10452917415061921
17,inference_categories,20,0.4279723379252871,0.485,-0.6927469081050848,0.05267355908931355,0.2,0.4,-0.2736632204553432,0.545,-0.6862252618239647,-0.0510275103677725,0.2,0.4,-0.32551375518388626,0.515,-0.7005693841868331,0.13662204388790702,0.1,0.5,-0.3316889780560465,0.51,-0.6975100062222478,0.13662204388790702,0.1,0.5,-0.3316889780560465
18,choice_only,20,0.5125498928023888,0.55,-0.691868821546094,0.31090104504217914,0.4,0.6,0.05545052252108959,0.635,-0.6727453880138899,0.3309850918795292,0.4,0.6,0.06549254593976461,0.635,-0.6727453880138899,0.3309850918795292,0.4,0.6,0.06549254593976461,0.63,-0.6766840505008969,0.3309850918795292,0.4,0.6,0.06549254593976461
18,inference_affirm,20,0.7757556582193358,0.565,-0.6921343587695304,0.003213447493976011,0.3,0.6,-0.198393276253012,0.55,-0.6979624351975551,0.012050428102410044,0.3,0.6,-0.193974785948795,0.545,-0.6827913570406073,0.29965397881326306,0.4,0.5,0.04982698940663155,0.555,-0.6838218403914257,0.29965397881326306,0.4,0.5,0.04982698940663155
18,inference_categories,20,0.736958319655006,0.615,-0.6900972315562197,0.23859847642771886,0.3,0.4,-0.08070076178614058,0.565,-0.675187351813733,0.265109418253021,0.4,0.5,0.03255470912651051,0.58,-0.6800929669346636,0.4506860110301356,0.4,0.4,0.12534300551506783,0.58,-0.6816072031230007,0.4506860110301356,0.4,0.4,0.12534300551506783
19,choice_only,20,0.504801270049541,0.505,-0.6928836437587053,0.4194518442253653,0.7,0.6,0.4097259221126826,0.535,-0.6935797559709056,0.427134112434621,0.7,0.5,0.4135670562173105,0.535,-0.6935797559709056,0.427134112434621,0.7,0.5,0.4135670562173105,0.54,-0.6924279026111805,0.427134112434621,0.7,0.5,0.4135670562173105
19,inference_affirm,20,0.9238261938307796,0.565,-0.6916627052009183,0.5439045892153088,0.6,0.6,0.3719522946076544,0.52,-0.692335906075306,0.525467145513095,0.6,0.6,0.3627335727565475,0.585,-0.677232553243856,0.7421071090141077,1.0,0.7,0.8710535545070539,0.58,-0.6787830662773655,0.7421071090141077,1.0,0.7,0.8710535545070539
19,inference_categories,20,0.9729474091850023,0.535,-0.6919345086845016,0.13828082776660394,0.4,0.4,-0.030859586116698007,0.54,-0.6754647353598802,0.17515571517103168,0.4,0.4,-0.012422142414484139,0.56,-0.6713698596752746,0.7712997282092797,0.8,0.5,0.6856498641046399,0.555,-0.6738746926843813,0.7712997282092797,0.8,0.5,0.6856498641046399
20,choice_only,20,0.5141152403604109,0.575,-0.6900124575118645,0.3569281156194635,0.5,0.5,0.17846405780973176,0.61,-0.6606471801526603,0.3795185026839865,0.5,0.5,0.18975925134199326,0.61,-0.6606471801526603,0.3795185026839865,0.5,0.5,0.18975925134199326,0.61,-0.666262182442805,0.3795185026839865,0.5,0.5,0.18975925134199326
20,inference_affirm,20,0.7457466783905332,0.61,-0.6891662113100646,0.4713860767463801,0.6,0.4,0.33569303837319003,0.655,-0.6564335426404133,0.4713860767463801,0.6,0.4,0.33569303837319003,0.645,-0.6426971785528345,0.7018080248045148,0.7,0.6,0.5509040124022573,0.655,-0.6521765079899757,0.7018080248045148,0.7,0.6,0.5509040124022573
20,inference_categories,20,0.830242948888782,0.585,-0.6888909827347908,0.4292173542259372,0.5,0.5,0.2146086771129686,0.635,-0.6517685345062643,0.4743981283549832,0.5,0.5,0.2371990641774916,0.675,-0.6348932317718016,0.6641573796969765,0.7,0.6,0.5320786898484882,0.67,-0.6460329499130958,0.6641573796969765,0.7,0.6,0.5320786898484882
21,choice_only,20,0.5132304764128097,0.615,-0.6899747135499639,0.5222847233191096,0.4,0.5,0.1611423616595548,0.735,-0.6489012846244383,0.543458428318533,0.4,0.5,0.1717292141592665,0.735,-0.6489012846244383,0.543458428318533,0.4,0.5,0.1717292141592665,0.74,-0.6584164199996257,0.543458428318533,0.4,0.5,0.1717292141592665
21,inference_affirm,20,0.36928404144538546,0.585,-0.6902871223810737,0.47817283790364423,0.4,0.6,0.13908641895182214,0.65,-0.6576943687182759,0.4817017887368815,0.4,0.7,0.14085089436844078,0.64,-0.6593408107712803,0.46405703457069536,0.3,0.4,0.03202851728534767,0.645,-0.666060700012684,0.46405703457069536,0.3,0.4,0.03202851728534767
21,inference_categories,20,0.6025705734284293,0.565,-0.6917310252998107,0.41465172290537416,0.3,0.5,0.007325861452687071,0.615,-0.6687693513494409,0.40230039498904385,0.3,0.5,0.0011501974945219151,0.585,-0.6820814845629235,0.3811266899896205,0.4,0.5,0.09056334499481028,0.575,-0.6837555284700259,0.3811266899896205,0.4,0.5,0.09056334499481028
22,choice_only,20,0.3955042666881129,0.485,-0.6929369079715714,0.26843152753136107,0.2,0.5,-0.16578423623431945,0.495,-0.7036396942644205,0.29873831289780506,0.1,0.5,-0.2506308435510975,0.495,-0.7036396942644205,0.29873831289780506,0.1,0.5,-0.2506308435510975,0.49,-0.7000960851535001,0.29873831289780506,0.1,0.5,-0.2506308435510975
22,inference_affirm,20,0.551232856825476,0.59,-0.6901640892939875,0.41130637283031135,0.2,0.4,-0.09434681358484431,0.625,-0.6750721457960794,0.41130637283031135,0.2,0.4,-0.09434681358484431,0.56,-0.6771246055678205,0.49356764739637365,0.2,0.5,-0.05321617630181316,0.565,-0.6787699993327277,0.49356764739637365,0.2,0.5,-0.05321617630181316
22,inference_categories,20,0.551232856825476,0.52,-0.691157669156463,0.41130637283031135,0.2,0.7,-0.09434681358484431,0.575,-0.6725777968973589,0.4387267976856654,0.2,0.7,-0.08063660115716728,0.52,-0.6830598310466965,0.49356764739637365,0.2,0.5,-0.05321617630181316,0.525,-0.6834775697906847,0.49356764739637365,0.2,0.5,-0.05321617630181316
23,choice_only,20,0.5297992754776621,0.58,-0.6912304384024501,0.5678868089316617,0.5,0.6,0.28394340446583083,0.67,-0.668578909790815,0.6156222218563521,0.5,0.6,0.30781111092817603,0.67,-0.668578909790815,0.6156222218563521,0.5,0.6,0.30781111092817603,0.665,-0.6737025691771719,0.6156222218563521,0.5,0.6,0.30781111092817603
23,inference_affirm,20,0.9073646123426277,0.625,-0.6893255835779339,0.47076993436073983,0.4,0.4,0.13538496718036994,0.66,-0.6577091186717793,0.4905225190192324,0.4,0.4,0.14526125950961621,0.65,-0.6550059380570105,0.783519191453539,0.7,0.8,0.5917595957267694,0.65,-0.6618484578138074,0.783519191453539,0.7,0.8,0.5917595957267694
23,inference_categories,20,0.5395285608212929,0.585,-0.6905165756389607,0.6880483656041582,0.5,0.5,0.3440241828020791,0.69,-0.6559989752355748,0.683110219439535,0.5,0.5,0.3415551097197675,0.565,-0.6736462302446619,0.5514263217162512,0.6,0.6,0.37571316085812556,0.57,-0.6762562272983237,0.5514263217162512,0.6,0.6,0.37571316085812556
24,choice_only,20,0.5377972722580657,0.585,-0.690390277132308,0.5771702960428662,0.6,0.5,0.38858514802143307,0.63,-0.6655219532617016,0.6377615249679586,0.6,0.5,0.41888076248397926,0.63,-0.6655219532617016,0.6377615249679586,0.6,0.5,0.41888076248397926,0.63,-0.6700754014924689,0.6377615249679586,0.6,0.5,0.41888076248397926
24,inference_affirm,20,0.6814040058874623,0.595,-0.6911605501351411,0.6797092988391762,0.7,0.6,0.539854649419588,0.62,-0.6657840657534276,0.6719411925667286,0.7,0.6,0.5359705962833643,0.675,-0.6546953760498814,0.7838019228899757,0.8,0.7,0.6919009614449879,0.675,-0.662102469722235,0.7838019228899757,0.8,0.7,0.6919009614449879
24,inference_categories,20,0.7787315199826976,0.61,-0.6897588109420747,0.6680571394305047,0.5,0.4,0.33402856971525235,0.67,-0.647852025242867,0.7107817239289671,0.5,0.4,0.35539086196448355,0.625,-0.6467794740917734,0.7713729528540595,0.7,0.6,0.5856864764270298,0.63,-0.6530014560932691,0.7713729528540595,0.7,0.6,0.5856864764270298
25,choice_only,20,0.520986138189571,0.535,-0.6922429990217241,-0.08695838974316368,0.1,0.5,-0.4434791948715819,0.57,-0.6797239755951875,-0.053360830069668616,0.1,0.5,-0.42668041503483434,0.57,-0.6797239755951875,-0.053360830069668616,0.1,0.5,-0.42668041503483434,0.57,-0.681419952747427,-0.053360830069668616,0.1,0.5,-0.42668041503483434
25,inference_affirm,20,0.5037055453555944,0.55,-0.692120698809605,0.36364417528959353,0.3,0.8,-0.018177912355203246,0.705,-0.6590497973806826,0.3794547916065324,0.3,0.8,-0.010272604196733814,0.61,-0.6754397127300907,0.36957315640844557,0.3,0.6,-0.015213421795777227,0.605,-0.6778238695412518,0.36957315640844557,0.3,0.6,-0.015213421795777227
25,inference_categories,20,0.5246840053298872,0.53,-0.6926747684687747,0.3102833452199249,0.3,0.8,-0.04485832739003756,0.68,-0.6698420403191736,0.3102833452199249,0.3,0.7,-0.04485832739003756,0.575,-0.6825626240910333,0.34980988601227203,0.3,0.7,-0.025095056993863996,0.57,-0.6826146054129132,0.34980988601227203,0.3,0.7,-0.025095056993863996
26,choice_only,20,0.5067966743141248,0.51,-0.6930631381049861,0.09166365401488319,0.3,0.4,-0.15416817299255842,0.545,-0.6858511606686699,0.10253900279631001,0.3,0.5,-0.148730498601845,0.545,-0.6858511606686699,0.10253900279631001,0.3,0.5,-0.148730498601845,0.53,-0.6870865508211864,0.10253900279631001,0.3,0.5,-0.148730498601845
26,inference_affirm,20,0.7894273754892617,0.54,-0.6914078464178925,0.2369272413096557,0.4,0.4,0.018463620654827873,0.625,-0.6679683414020371,0.16235342109415754,0.3,0.3,-0.11882328945292124,0.565,-0.6795835864012499,0.5655181366341946,0.5,0.5,0.2827590683170973,0.57,-0.6816452627350682,0.5655181366341946,0.5,0.5,0.2827590683170973
26,inference_categories,20,0.7198716239598114,0.52,-0.6924766669918355,0.16390704234864706,0.5,0.5,0.08195352117432353,0.57,-0.686465869656019,0.13516504914059047,0.4,0.4,-0.032417475429704745,0.575,-0.6829839503986949,0.5414370071896066,0.5,0.5,0.2707185035948033,0.585,-0.6833825602282328,0.5414370071896066,0.5,0.5,0.2707185035948033
27,choice_only,20,0.5041150288911586,0.525,-0.6918758407705277,0.05925775397547774,0.3,0.3,-0.17037112301226115,0.555,-0.6750750817673447,0.06584194886164194,0.3,0.3,-0.16707902556917903,0.555,-0.6750750817673447,0.06584194886164194,0.3,0.3,-0.16707902556917903,0.56,-0.6785029888621763,0.06584194886164194,0.3,0.3,-0.16707902556917903
27,inference_affirm,20,0.5624281397457428,0.51,-0.6922367064099452,0.2485533569526983,0.4,0.4,0.02427667847634918,0.585,-0.668153732852073,0.20904818763571315,0.4,0.4,0.004524093817856595,0.56,-0.6731631499657741,0.3489623289667022,0.4,0.4,0.07448116448335113,0.545,-0.6768096724448637,0.3489623289667022,0.4,0.4,0.07448116448335113
27,inference_categories,20,0.7599233830515708,0.51,-0.6923879089165083,0.171189067040269,0.3,0.3,-0.1144054664798655,0.56,-0.6859788581105525,0.15802067726794064,0.3,0.3,-0.12098966136602969,0.56,-0.6799168567870734,0.23209286973728782,0.5,0.5,0.11604643486864391,0.555,-0.6819179691513569,0.23209286973728782,0.5,0.5,0.11604643486864391
28,choice_only,20,0.4934730555549511,0.515,-0.6926412903622741,-0.02570757995180809,0.3,0.5,-0.21285378997590407,0.505,-0.6983546332287857,-0.03615128430723013,0.3,0.5,-0.21807564215361508,0.505,-0.6983546332287857,-0.03615128430723013,0.3,0.5,-0.21807564215361508,0.51,-0.6956384161032426,-0.03615128430723013,0.3,0.5,-0.21807564215361508
28,inference_affirm,20,0.8628911192819743,0.5,-0.6936375771134425,0.06828575924699025,0.4,0.5,-0.06585712037650485,0.475,-0.7104360650381105,0.0851563585903643,0.4,0.5,-0.05742182070481783,0.615,-0.6690465327740495,0.40409102236748345,0.6,0.6,0.3020455111837417,0.615,-0.6737106590267598,0.40409102236748345,0.6,0.6,0.3020455111837417
28,inference_categories,20,0.9290759475943517,0.525,-0.6933620876696382,0.050611798030122175,0.3,0.6,-0.17469410098493893,0.485,-0.6929673631647879,0.07069584486747225,0.4,0.7,-0.06465207756626384,0.675,-0.6518474286232265,0.6796441449759265,0.5,0.5,0.33982207248796326,0.67,-0.6604087581188759,0.6796441449759265,0.5,0.5,0.33982207248796326
29,choice_only,20,0.4750533595119987,0.555,-0.6916119232225982,0.3887227713883422,0.7,0.7,0.39436138569417106,0.525,-0.6844510554703785,0.3487749767002121,0.7,0.7,0.37438748835010605,0.525,-0.6844510554703785,0.3487749767002121,0.7,0.7,0.37438748835010605,0.525,-0.6854989578453163,0.3487749767002121,0.7,0.7,0.37438748835010605
29,inference_affirm,20,0.5046381429877225,0.515,-0.6917412914199579,0.2350774072032267,0.7,0.6,0.3175387036016133,0.625,-0.669419548559386,0.23354095356137558,0.7,0.6,0.31677047678068776,0.57,-0.6859186908280853,0.4424986488531326,0.6,0.6,0.3212493244265663,0.57,-0.6854437258171892,0.4424986488531326,0.6,0.6,0.3212493244265663
29,inference_categories,20,0.7536960060356671,0.505,-0.6924762623394898,0.19359315887324552,0.5,0.6,0.09679657943662276,0.545,-0.686302254863665,0.1874473443058409,0.7,0.7,0.2937236721529204,0.515,-0.6905758048984967,0.44096219521128144,0.6,0.7,0.3204810976056407,0.515,-0.6890767605149912,0.44096219521128144,0.6,0.7,0.3204810976056407
30,choice_only,20,0.4743031491205232,0.5,-0.6927164004864409,0.0954708258493808,0.3,0.6,-0.1522645870753096,0.485,-0.6968655698366054,0.05431960781085459,0.3,0.6,-0.1728401960945727,0.485,-0.6968655698366054,0.05431960781085459,0.3,0.6,-0.1728401960945727,0.485,-0.694771606662699,0.05431960781085459,0.3,0.6,-0.1728401960945727
30,inference_affirm,20,0.9681885911798284,0.48,-0.69485038449657,0.07901033863397032,0.2,0.4,-0.2604948306830148,0.47,-0.6981790330764371,-0.013168389772328388,0.2,0.4,-0.3065841948861642,0.555,-0.6872458377457527,0.645251098844091,0.6,0.7,0.4226255494220455,0.555,-0.6881910965810634,0.645251098844091,0.6,0.7,0.4226255494220455
30,inference_categories,20,0.6533344652569278,0.55,-0.6923386986844128,0.07078009502626507,0.4,0.6,-0.06460995248686743,0.495,-0.6963737778874249,0.021398633380033626,0.3,0.6,-0.1893006833099832,0.55,-0.6834662299059129,0.3242715981435865,0.4,0.4,0.062135799071793285,0.55,-0.6837741216379919,0.3242715981435865,0.4,0.4,0.062135799071793285
31,choice_only,20,0.5140759722968145,0.505,-0.6922415263669425,0.4808457782645143,0.4,0.4,0.14042288913225717,0.5,-0.6997767273051846,0.5033732864546128,0.4,0.4,0.1516866432273064,0.5,-0.6997767273051846,0.5033732864546128,0.4,0.4,0.1516866432273064,0.495,-0.6972659892363302,0.5033732864546128,0.4,0.4,0.1516866432273064
31,inference_affirm,20,0.7077582604662619,0.535,-0.6913755314596424,0.5585268409889916,0.5,0.6,0.2792634204944958,0.53,-0.6938662457080784,0.5849384023153139,0.5,0.6,0.29246920115765696,0.51,-0.6893878451609639,0.7123353451834568,0.6,0.6,0.45616767259172836,0.52,-0.6883942242555311,0.7123353451834568,0.6,0.6,0.45616767259172836
31,inference_categories,20,0.7504446908819377,0.58,-0.6915635695767814,0.3604401310415746,0.4,0.5,0.08022006552078731,0.555,-0.6934939512427953,0.41404006432146395,0.4,0.5,0.107020032160732,0.54,-0.691372563808788,0.40083428365830276,0.6,0.6,0.30041714182915136,0.55,-0.6903182159659744,0.40083428365830276,0.6,0.6,0.30041714182915136
32,choice_only,20,0.5195719401411334,0.555,-0.6916424665712368,-0.020084046837350072,0.2,0.4,-0.31004202341867504,0.59,-0.6838344331794803,0.01124706622891604,0.2,0.4,-0.294376466885542,0.59,-0.6838344331794803,0.01124706622891604,0.2,0.4,-0.294376466885542,0.59,-0.6852574551826167,0.01124706622891604,0.2,0.4,-0.294376466885542
32,inference_affirm,20,0.8803942312468468,0.52,-0.6922212718628441,-0.06828575924699025,0.3,0.5,-0.23414287962349514,0.545,-0.695670795949917,-0.07712273985542427,0.3,0.5,-0.23856136992771215,0.59,-0.6754276092945776,0.3301817300060352,0.5,0.5,0.1650908650030176,0.58,-0.6782467965385525,0.3301817300060352,0.5,0.5,0.1650908650030176
32,inference_categories,20,0.6443729307760163,0.48,-0.6930763003264623,0.4314053260662795,0.4,0.5,0.11570266303313978,0.555,-0.6863928160695104,0.37275990930121733,0.4,0.5,0.08637995465060869,0.525,-0.6900910741353897,0.46916333412049765,0.5,0.6,0.23458166706024883,0.515,-0.6894613079847615,0.46916333412049765,0.5,0.6,0.23458166706024883
33,choice_only,20,0.4499155640665679,0.485,-0.6930031597368196,0.4918878372573189,0.5,0.6,0.24594391862865944,0.545,-0.6767882899978177,0.4114830946287188,0.5,0.7,0.2057415473143594,0.545,-0.6767882899978177,0.4114830946287188,0.5,0.7,0.2057415473143594,0.56,-0.6799975364253941,0.4114830946287188,0.5,0.7,0.2057415473143594
33,inference_affirm,20,0.6924016445543293,0.56,-0.6917972548478236,0.6117066694097428,0.5,0.6,0.3058533347048714,0.595,-0.6589710329497376,0.635355123124037,0.6,0.5,0.41767756156201846,0.585,-0.6614963567034063,0.7362551923050255,0.6,0.6,0.4681275961525127,0.595,-0.6663639606012661,0.7362551923050255,0.6,0.6,0.4681275961525127
33,inference_categories,20,0.5471563397777623,0.535,-0.6917270681755556,0.4776987650287424,0.5,0.6,0.2388493825143712,0.6,-0.6655392202076574,0.520265981714472,0.5,0.6,0.260132990857236,0.585,-0.6543768010183811,0.5533738169144838,0.5,0.5,0.2766869084572419,0.58,-0.6593108719448272,0.5533738169144838,0.5,0.5,0.2766869084572419
34,choice_only,20,0.5042431023610392,0.575,-0.6910795378534021,0.10098826048505607,0.3,0.5,-0.149505869757472,0.57,-0.675095050423413,0.10777738724035398,0.3,0.6,-0.14611130637982303,0.57,-0.675095050423413,0.10777738724035398,0.3,0.6,-0.14611130637982303,0.57,-0.6783366967989781,0.10777738724035398,0.3,0.6,-0.14611130637982303
34,inference_affirm,20,0.8703212885089303,0.565,-0.691697568676137,0.2002792392812877,0.3,0.5,-0.09986038035935615,0.56,-0.6816114790606863,0.2002792392812877,0.3,0.5,-0.09986038035935615,0.54,-0.6717876626172148,0.5618002390009003,0.5,0.6,0.28090011950045013,0.54,-0.6756969597878307,0.5618002390009003,0.5,0.6,0.28090011950045013
34,inference_categories,20,0.7390445573502324,0.59,-0.6907530625511507,0.1883982674595164,0.3,0.6,-0.10580086627024181,0.51,-0.6849858130897948,0.16293904212714933,0.3,0.6,-0.11853047893642535,0.53,-0.6822152156857402,0.4048016827846366,0.4,0.5,0.10240084139231831,0.54,-0.6827944108594959,0.4048016827846366,0.4,0.5,0.10240084139231831
35,choice_only,20,0.366039862287291,0.5,-0.6934575215377375,-0.025758314930111388,0.5,0.7,-0.012879157465055694,0.465,-0.6966130805169339,-0.045455849876667155,0.4,0.6,-0.12272792493833355,0.465,-0.6966130805169339,-0.045455849876667155,0.4,0.6,-0.12272792493833355,0.465,-0.6949036978370948,-0.045455849876667155,0.4,0.6,-0.12272792493833355
35,inference_affirm,20,0.7449744356894138,0.515,-0.6917125015876541,0.016667144954777956,0.5,0.7,0.008333572477388978,0.51,-0.6872004773014939,0.00606077998355562,0.5,0.7,0.00303038999177781,0.57,-0.6742820635878042,0.2454615893340026,0.6,0.6,0.2227307946670013,0.565,-0.6773494575296766,0.2454615893340026,0.6,0.6,0.2227307946670013
35,inference_categories,20,0.8476038044544922,0.445,-0.6930472751623391,0.0575774098437784,0.6,0.5,0.12878870492188918,0.565,-0.6866102184150565,0.05454701985200058,0.5,0.4,0.02727350992600029,0.63,-0.6530287985533587,0.34394926406678145,0.8,0.6,0.47197463203339074,0.625,-0.660693276611586,0.34394926406678145,0.8,0.6,0.47197463203339074
36,choice_only,20,0.47635569787114923,0.56,-0.6916314250420672,0.37365305978981794,0.3,0.5,-0.01317347010509104,0.575,-0.6780793599446475,0.3357939391943739,0.3,0.5,-0.032103030402813065,0.575,-0.6780793599446475,0.3357939391943739,0.3,0.5,-0.032103030402813065,0.585,-0.6805594334469633,0.3357939391943739,0.3,0.5,-0.032103030402813065
36,inference_affirm,20,0.8761811355864109,0.5,-0.6927010603125099,-0.1629588234325638,0.1,0.4,-0.48147941171628195,0.53,-0.6956515103165085,-0.12345365411557864,0.1,0.3,-0.46172682705778934,0.595,-0.6641896976323796,0.4197424239929673,0.2,0.3,-0.09012878800351634,0.605,-0.6697668768523082,0.4197424239929673,0.2,0.3,-0.09012878800351634
36,inference_categories,20,0.9210538928598776,0.5,-0.6925989682482122,-0.0016460487215410485,0.1,0.2,-0.40082302436077055,0.495,-0.6938770440731378,0.06913404630472403,0.1,0.2,-0.365432976847638,0.605,-0.6615292761764442,0.58105519870399,0.3,0.3,0.090527599351995,0.605,-0.6661222920096196,0.58105519870399,0.3,0.3,0.090527599351995
37,choice_only,20,0.5234516635824639,0.48,-0.6948277466837603,0.17391677948632736,0.2,0.6,-0.21304161025683632,0.515,-0.6932482620908434,0.2114669932390571,0.2,0.4,-0.19426650338047144,0.515,-0.6932482620908434,0.2114669932390571,0.2,0.4,-0.19426650338047144,0.52,-0.6926784175338841,0.2114669932390571,0.2,0.4,-0.19426650338047144
37,inference_affirm,20,0.6210675181643276,0.56,-0.6919489811848076,0.3735258104876803,0.3,0.7,-0.013237094756159862,0.595,-0.6817153100591034,0.38933642680461916,0.3,0.7,-0.00533178659769043,0.595,-0.6758298415712306,0.5711585144494159,0.3,0.7,0.08557925722470794,0.595,-0.6791851875563101,0.5711585144494159,0.3,0.7,0.08557925722470794
37,inference_categories,20,0.8020614827260049,0.555,-0.6919670186923841,0.19170372284288353,0.2,0.6,-0.20414813857855824,0.565,-0.6782553699379449,0.19170372284288353,0.2,0.6,-0.20414813857855824,0.61,-0.6729474266258423,0.5513952440532424,0.3,0.5,0.07569762202662117,0.6,-0.6755835284302592,0.5513952440532424,0.3,0.5,0.07569762202662117
38,choice_only,20,0.48916282288057633,0.52,-0.691759658608882,0.1213953957333768,0.4,0.4,-0.039302302133311574,0.55,-0.6763485759584598,0.10405319634289438,0.4,0.4,-0.04797340182855279,0.55,-0.6763485759584598,0.10405319634289438,0.4,0.4,-0.04797340182855279,0.545,-0.6786280971846226,0.10405319634289438,0.4,0.4,-0.04797340182855279
38,inference_affirm,20,0.8750030624149572,0.505,-0.6907034076646055,0.37049244152394223,0.4,0.5,0.08524622076197114,0.63,-0.6531339899330056,0.42882529401920116,0.5,0.4,0.21441264700960058,0.58,-0.6668520208168003,0.7488677009526491,0.6,0.5,0.4744338504763245,0.575,-0.6695275498172983,0.7488677009526491,0.6,0.5,0.4744338504763245
38,inference_categories,20,0.8779895517704356,0.535,-0.6895867331054322,0.19707044761911818,0.3,0.4,-0.10146477619044092,0.64,-0.6572591466551918,0.21441264700960058,0.3,0.4,-0.09279367649519972,0.58,-0.6678853290016291,0.5864816521144957,0.5,0.4,0.2932408260572478,0.58,-0.6709570495720085,0.5864816521144957,0.5,0.4,0.2932408260572478
39,choice_only,20,0.5975171659335788,0.495,-0.6921562604124499,0.07457382021549819,0.2,0.4,-0.2627130898922509,0.565,-0.6817012188214322,0.03262604634428046,0.3,0.5,-0.18368697682785978,0.565,-0.6817012188214322,0.03262604634428046,0.3,0.5,-0.18368697682785978,0.57,-0.6831042902465961,0.03262604634428046,0.3,0.5,-0.18368697682785978
39,inference_affirm,20,0.6963854862273959,0.535,-0.6922130437617519,0.2944112277257689,0.3,0.5,-0.05279438613711557,0.58,-0.6740328035365403,0.23304318817343184,0.4,0.6,0.01652159408671594,0.595,-0.6691730475238451,0.42646903435738026,0.4,0.5,0.11323451717869015,0.6,-0.6736622435957937,0.42646903435738026,0.4,0.5,0.11323451717869015
39,inference_categories,20,0.6835082806193384,0.49,-0.692482981586299,0.11885202596845025,0.3,0.5,-0.1405739870157749,0.555,-0.6798167131609516,0.09787813903284137,0.3,0.5,-0.15106093048357933,0.55,-0.6764260182055207,0.22682870315547368,0.4,0.6,0.013414351577736863,0.545,-0.6788972352212091,0.22682870315547368,0.4,0.6,0.013414351577736863
40,choice_only,20,0.2370864293075507,0.51,-0.6928677113343567,0.14320623877407118,0.4,0.6,-0.028396880612964387,0.54,-0.6996198935287171,0.07571824119088823,0.2,0.4,-0.2621408794045559,0.54,-0.6996198935287171,0.07571824119088823,0.2,0.4,-0.2621408794045559,0.535,-0.6964782000659064,0.07571824119088823,0.2,0.4,-0.2621408794045559
40,inference_affirm,20,0.5041150288911586,0.6,-0.6906801722411339,0.39998983933447474,0.4,0.5,0.09999491966723739,0.63,-0.6628409057416299,0.41480427782834417,0.4,0.5,0.10740213891417211,0.56,-0.6767848814266358,0.406574034220639,0.4,0.5,0.10328701711031951,0.575,-0.6779199399776616,0.406574034220639,0.4,0.5,0.10328701711031951
40,inference_categories,20,0.8998406779821052,0.49,-0.6922878767961147,0.06584194886164194,0.2,0.5,-0.267079025569179,0.555,-0.6794199747236407,0.13003784900174284,0.2,0.5,-0.23498107549912856,0.52,-0.6801966584110883,0.3440241828020791,0.5,0.6,0.17201209140103954,0.52,-0.680825558983997,0.3440241828020791,0.5,0.6,0.17201209140103954
41,choice_only,20,0.5,0.64,-0.6887096201146028,0.36879468796904263,0.6,0.4,0.2843973439845213,0.675,-0.6445919206109433,0.36879468796904263,0.6,0.4,0.2843973439845213,0.675,-0.6445919206109433,0.36879468796904263,0.6,0.4,0.2843973439845213,0.67,-0.6538213404069805,0.36879468796904263,0.6,0.4,0.2843973439845213
41,inference_affirm,20,0.6914045536399726,0.67,-0.6887996384378886,0.3306960631788523,0.6,0.4,0.2653480315894261,0.685,-0.6389174099345185,0.37108060545645405,0.6,0.4,0.285540302728227,0.655,-0.6536893061134249,0.4533736350032652,0.7,0.6,0.42668681750163256,0.66,-0.6610323842250853,0.4533736350032652,0.7,0.6,0.42668681750163256
41,inference_categories,20,0.5959470706487215,0.58,-0.6879211518406484,0.15468041664817284,0.6,0.5,0.1773402083240864,0.64,-0.6468166372192811,0.18744523396773652,0.5,0.4,0.09372261698386826,0.62,-0.6595910066773166,0.31012280579214946,0.6,0.4,0.2550614028960747,0.62,-0.6643601849672263,0.31012280579214946,0.6,0.4,0.2550614028960747
42,choice_only,20,0.5,0.545,-0.692157186830565,0.24673047080086064,0.2,0.7,-0.17663476459956967,0.615,-0.672701202047908,0.24673047080086064,0.2,0.7,-0.17663476459956967,0.615,-0.672701202047908,0.24673047080086064,0.2,0.7,-0.17663476459956967,0.615,-0.676943660189535,0.24673047080086064,0.2,0.7,-0.17663476459956967
42,inference_affirm,20,0.9068683799858825,0.55,-0.6911057030272394,0.01693248329025514,0.0,0.5,-0.49153375835487245,0.495,-0.7014138736531838,0.08224349026695353,0.1,0.6,-0.35887825486652325,0.615,-0.674423833686481,0.5273259081822316,0.2,0.6,-0.0363370459088842,0.625,-0.6779355796888712,0.5273259081822316,0.2,0.6,-0.0363370459088842
42,inference_categories,20,0.7633712489664445,0.63,-0.6885972973603746,0.35074429672671364,0.2,0.7,-0.12462785163664317,0.61,-0.6586507350943096,0.3967038942288348,0.2,0.7,-0.1016480528855826,0.615,-0.6573409112950998,0.6192451031864737,0.3,0.5,0.10962255159323686,0.63,-0.6635962163076925,0.6192451031864737,0.3,0.5,0.10962255159323686
43,choice_only,20,0.5606952684264055,0.475,-0.6936519312543692,-0.03903747884296286,0.2,0.6,-0.3195187394214814,0.53,-0.6941333275649797,0.05855621826444428,0.2,0.6,-0.27072189086777787,0.53,-0.6941333275649797,0.05855621826444428,0.2,0.6,-0.27072189086777787,0.515,-0.69279824213414,0.05855621826444428,0.2,0.6,-0.27072189086777787
43,inference_affirm,20,0.870799433581674,0.47,-0.6929392654663661,0.07213447177504007,0.3,0.6,-0.16393276411247998,0.555,-0.6963954017664943,0.06449670417532993,0.3,0.7,-0.16775164791233504,0.625,-0.6631249625543483,0.4353527531834771,0.5,0.7,0.21767637659173855,0.64,-0.6691781503597389,0.4353527531834771,0.5,0.7,0.21767637659173855
43,inference_categories,20,0.815239776574038,0.525,-0.6924274415534604,0.255440894168083,0.4,0.6,0.027720447084041533,0.615,-0.6790284644755219,0.32418080256547416,0.4,0.6,0.0620904012827371,0.66,-0.6550610937189018,0.6492102459753606,0.5,0.6,0.3246051229876803,0.66,-0.6619482935398946,0.6492102459753606,0.5,0.6,0.3246051229876803
44,choice_only,20,0.532812836453067,0.565,-0.6911692877487576,0.13258321426986241,0.5,0.5,0.06629160713493121,0.56,-0.6737668078383103,0.18515931648032513,0.5,0.5,0.09257965824016257,0.56,-0.6737668078383103,0.18515931648032513,0.5,0.5,0.09257965824016257,0.555,-0.6773275821414662,0.18515931648032513,0.5,0.5,0.09257965824016257
44,inference_affirm,20,0.4674353272802356,0.57,-0.6904635808902572,0.4236567076669167,0.7,0.5,0.4118283538334583,0.63,-0.6538741734892585,0.4259426251543281,0.7,0.5,0.412971312577164,0.615,-0.6462094330015336,0.5714793718528554,0.6,0.4,0.38573968592642766,0.62,-0.6545033268234448,0.5714793718528554,0.6,0.4,0.38573968592642766
44,inference_categories,20,0.82110560788445,0.565,-0.6914202097813734,0.0975324794628873,0.4,0.5,-0.051233760268556326,0.515,-0.68782385140472,0.0975324794628873,0.4,0.5,-0.051233760268556326,0.61,-0.670421635465594,0.30707491580893426,0.6,0.5,0.25353745790446713,0.61,-0.6739267022825135,0.30707491580893426,0.6,0.5,0.25353745790446713
45,choice_only,20,0.6412102583486741,0.57,-0.6915340148498017,0.21979797870276913,0.3,0.6,-0.09010101064861545,0.58,-0.6802536253871233,0.25204633079043404,0.4,0.7,0.02602316539521704,0.58,-0.6802536253871233,0.25204633079043404,0.4,0.7,0.02602316539521704,0.59,-0.6823413138538341,0.25204633079043404,0.4,0.7,0.02602316539521704
45,inference_affirm,20,0.8275824182085231,0.47,-0.6934719464795311,0.22319254208041805,0.1,0.4,-0.288403728959791,0.555,-0.6993850122615999,0.22998166883571594,0.2,0.5,-0.18500916558214203,0.56,-0.684418850194063,0.45062828838289737,0.3,0.4,0.025314144191448673,0.57,-0.6851941763121926,0.45062828838289737,0.3,0.4,0.025314144191448673
45,inference_categories,20,0.5731959675422121,0.505,-0.6930544473448262,0.0941991337297582,0.4,0.8,-0.052900433135120876,0.565,-0.6886039039380776,0.027156507021191552,0.4,0.8,-0.0864217464894042,0.595,-0.6795348920448027,0.212160211103059,0.4,0.7,0.006080105551529519,0.595,-0.6821726201118942,0.212160211103059,0.4,0.7,0.006080105551529519
46,choice_only,20,0.4591353324525265,0.545,-0.691865866946427,0.12496348931182437,0.4,0.3,-0.03751825534408779,0.58,-0.6815934709393351,0.05943385467269695,0.4,0.3,-0.0702830726636515,0.58,-0.6815934709393351,0.05943385467269695,0.4,0.3,-0.0702830726636515,0.58,-0.6830443117878862,0.05943385467269695,0.4,0.3,-0.0702830726636515
46,inference_affirm,20,0.9039595509753098,0.525,-0.6927928381117124,-0.014477477420272337,0.3,0.3,-0.20723873871013618,0.54,-0.6920331663611907,-0.01523944991607614,0.3,0.3,-0.20761972495803807,0.575,-0.6808459278113635,0.4823285898438099,0.5,0.5,0.24116429492190494,0.57,-0.6816171274987772,0.4823285898438099,0.5,0.5,0.24116429492190494
46,inference_categories,20,0.8995728053180728,0.45,-0.694512627343633,0.03428876231117132,0.3,0.4,-0.18285561884441434,0.475,-0.6980071413797958,0.0,0.2,0.4,-0.3,0.595,-0.676572215694101,0.5112835446843546,0.5,0.6,0.2556417723421773,0.58,-0.6790430542465442,0.5112835446843546,0.5,0.6,0.2556417723421773
47,choice_only,20,0.3894779140795056,0.455,-0.6944727338068816,-0.18410411865701115,0.2,0.5,-0.39205205932850556,0.435,-0.7219644807282972,-0.16390704234864706,0.1,0.5,-0.48195352117432355,0.435,-0.7219644807282972,-0.16390704234864706,0.1,0.5,-0.48195352117432355,0.435,-0.7142297805307937,-0.16390704234864706,0.1,0.5,-0.48195352117432355
47,inference_affirm,20,0.8043412673043538,0.58,-0.6916599431309806,0.1514780723127307,0.3,0.4,-0.12426096384363466,0.555,-0.6858923937877925,0.18488092928425592,0.4,0.4,-0.007559535357872016,0.585,-0.6789905111697468,0.3169387359158673,0.5,0.6,0.15846936795793365,0.58,-0.6814376034081602,0.3169387359158673,0.5,0.6,0.15846936795793365
47,inference_categories,20,0.35634230656239896,0.47,-0.6928785744797611,-0.1258433216136532,0.3,0.6,-0.2629216608068266,0.49,-0.70344836830574,-0.09166365401488319,0.4,0.6,-0.14583182700744157,0.545,-0.6940091388980127,-0.16235342109415754,0.2,0.4,-0.38117671054707875,0.52,-0.6927940709846149,-0.16235342109415754,0.2,0.4,-0.38117671054707875
48,choice_only,20,0.5352310278315,0.55,-0.6922201359707091,0.17468306624524274,0.2,0.4,-0.2126584668773786,0.56,-0.678361644284885,0.23114627957703837,0.2,0.5,-0.1844268602114808,0.56,-0.678361644284885,0.23114627957703837,0.2,0.5,-0.1844268602114808,0.55,-0.681473039523132,0.23114627957703837,0.2,0.5,-0.1844268602114808
48,inference_affirm,20,0.589456119122506,0.56,-0.6917752094554516,0.20997257457761498,0.3,0.6,-0.09501371271119252,0.53,-0.6896747938815246,0.22408837791056394,0.3,0.6,-0.08795581104471804,0.615,-0.6758508076585185,0.3546595587403413,0.3,0.7,-0.022670220629829374,0.615,-0.6793932176430397,0.3546595587403413,0.3,0.7,-0.022670220629829374
48,inference_categories,20,0.25058204505271126,0.57,-0.6910874811751477,0.3070187224916387,0.3,0.6,-0.04649063875418066,0.68,-0.6576865782372238,0.36524641124005297,0.3,0.6,-0.017376794379973526,0.525,-0.6879651225650295,0.06881454124812592,0.2,0.6,-0.26559272937593703,0.52,-0.6877582425378871,0.06881454124812592,0.2,0.6,-0.26559272937593703
49,choice_only,20,0.5094688365271512,0.495,-0.6937809814318004,0.23788561435455816,0.6,0.5,0.21894280717727904,0.54,-0.6941685905525986,0.25303756431344715,0.6,0.5,0.22651878215672355,0.54,-0.6941685905525986,0.25303756431344715,0.6,0.5,0.22651878215672355,0.55,-0.6930967989464378,0.25303756431344715,0.6,0.5,0.22651878215672355
49,inference_affirm,20,0.723548958735789,0.475,-0.6934214863933473,0.2590983442970028,0.6,0.5,0.22954917214850137,0.565,-0.6891053170173754,0.2818262692353363,0.7,0.5,0.34091313461766815,0.605,-0.6700735939302587,0.44395213379544923,0.7,1.0,0.4219760668977246,0.605,-0.67472339652046,0.44395213379544923,0.7,1.0,0.4219760668977246
49,inference_categories,20,0.7753302568045213,0.49,-0.6932107839103119,0.30303899917778104,0.5,0.4,0.15151949958889052,0.575,-0.683217747745079,0.31061497415722555,0.5,0.4,0.15530748707861278,0.6,-0.6738583817858361,0.5985020233761175,0.6,0.6,0.3992510116880587,0.59,-0.6777848927770012,0.5985020233761175,0.6,0.6,0.3992510116880587
50,choice_only,20,0.5416175681591687,0.575,-0.6905262651750386,0.39489328800974194,0.4,0.5,0.09744664400487099,0.565,-0.6733965201827905,0.4616358155606843,0.4,0.5,0.13081790778034216,0.565,-0.6733965201827905,0.4616358155606843,0.4,0.5,0.13081790778034216,0.57,-0.6759098966246785,0.4616358155606843,0.4,0.5,0.13081790778034216
50,inference_affirm,20,0.36068094568780296,0.49,-0.6924218253477935,0.2706780284010438,0.3,0.6,-0.0646609857994781,0.545,-0.6893618749955156,0.29385251713400984,0.3,0.6,-0.05307374143299509,0.51,-0.7014937338927625,0.04171407971933894,0.3,0.6,-0.17914296014033054,0.5,-0.6972857658598971,0.04171407971933894,0.3,0.6,-0.17914296014033054
50,inference_categories,20,0.24969881427968568,0.5,-0.6918517245195703,0.34576337189585393,0.4,0.6,0.07288168594792699,0.565,-0.684661387258172,0.36708390153018267,0.4,0.6,0.08354195076509136,0.485,-0.7107203668058993,0.10567566862232532,0.3,0.6,-0.14716216568883736,0.485,-0.7034980970135891,0.10567566862232532,0.3,0.6,-0.14716216568883736
51,choice_only,20,0.5025104847577965,0.55,-0.689921836390866,0.42899524044579757,0.6,0.7,0.31449762022289873,0.635,-0.6762497730277626,0.4330120498132675,0.6,0.7,0.3165060249066337,0.635,-0.6762497730277626,0.4330120498132675,0.6,0.7,0.3165060249066337,0.63,-0.6776160208704141,0.4330120498132675,0.6,0.7,0.3165060249066337
51,inference_affirm,20,0.8226251947322594,0.575,-0.69053023099007,0.4410456685482076,0.5,0.6,0.2205228342741038,0.58,-0.6761885287828844,0.46996669599399166,0.6,0.7,0.3349833479969958,0.58,-0.678869010850467,0.6547399268976123,0.7,0.7,0.527369963448806,0.58,-0.6799916120498642,0.6547399268976123,0.7,0.7,0.527369963448806
51,inference_categories,20,0.696223472992839,0.56,-0.690297980711303,0.33982207248796326,0.5,0.6,0.16991103624398163,0.59,-0.6775152000975241,0.3084909594216971,0.5,0.6,0.15424547971084854,0.56,-0.6857952840329797,0.47157341974097966,0.6,0.7,0.3357867098704898,0.545,-0.6853931951957246,0.47157341974097966,0.6,0.7,0.3357867098704898
52,choice_only,20,0.6410690428179497,0.545,-0.6921353136186483,0.40155950528860634,0.5,0.5,0.20077975264430317,0.625,-0.6625879495000975,0.4335623501123662,0.6,0.6,0.3167811750561831,0.625,-0.6625879495000975,0.4335623501123662,0.6,0.6,0.3167811750561831,0.615,-0.6688097132804818,0.4335623501123662,0.6,0.6,0.3167811750561831
52,inference_affirm,20,0.7244628769908353,0.545,-0.6920825491867773,0.26440445604392104,0.5,0.6,0.13220222802196052,0.58,-0.6695983815908727,0.2750720709851744,0.5,0.6,0.1375360354925872,0.65,-0.6513230336676712,0.4510877175158538,0.6,0.7,0.3255438587579269,0.635,-0.6594697909355396,0.4510877175158538,0.6,0.7,0.3255438587579269
52,inference_categories,20,0.6978694473101776,0.525,-0.6923785603148407,0.39165386284315684,0.5,0.5,0.19582693142157842,0.585,-0.6680410056621884,0.36879468796904263,0.5,0.5,0.18439734398452132,0.64,-0.655949135731444,0.5265229946004307,0.6,0.7,0.36326149730021534,0.635,-0.6630067429393653,0.5265229946004307,0.6,0.7,0.36326149730021534
53,choice_only,20,0.5,0.5,-0.6938118681700169,0.1746248109209392,0.2,0.7,-0.2126875945395304,0.485,-0.6998912259425978,0.1746248109209392,0.2,0.7,-0.2126875945395304,0.485,-0.6998912259425978,0.1746248109209392,0.2,0.7,-0.2126875945395304,0.49,-0.6977466139953868,0.1746248109209392,0.2,0.7,-0.2126875945395304
53,inference_affirm,20,0.8974287459508189,0.545,-0.6924175901033155,-0.301624673408895,0.0,0.7,-0.6508123367044475,0.485,-0.7034925459702964,-0.32904509826424905,0.0,0.7,-0.6645225491321245,0.56,-0.6793344776388508,0.1659657293876695,0.2,0.6,-0.21701713530616523,0.58,-0.6817012768779304,0.1659657293876695,0.2,0.6,-0.21701713530616523
53,inference_categories,20,0.8180230192777656,0.535,-0.6927740000995852,0.037522686644168746,0.1,0.7,-0.3812386566779157,0.495,-0.7012485725116224,0.06782947201061275,0.1,0.7,-0.36608526399469365,0.53,-0.6915777198444123,0.4387267976856654,0.2,0.6,-0.08063660115716728,0.53,-0.6892436255896576,0.4387267976856654,0.2,0.6,-0.08063660115716728
54,choice_only,20,0.4990289879366571,0.545,-0.6921411688874152,0.24780259009108252,0.4,0.5,0.023901295045541282,0.53,-0.685738997294283,0.24624896883659297,0.4,0.5,0.02312448441829651,0.53,-0.685738997294283,0.24624896883659297,0.4,0.5,0.02312448441829651,0.535,-0.6860834316033732,0.24624896883659297,0.4,0.5,0.02312448441829651
54,inference_affirm,20,0.614670028403773,0.57,-0.6906239445476882,0.5732862429066423,0.4,0.5,0.18664312145332118,0.595,-0.6733354784764829,0.5328920902899141,0.5,0.6,0.26644604514495707,0.615,-0.6584670211521849,0.5600804622434812,0.5,0.5,0.2800402311217406,0.615,-0.6644297097870485,0.5600804622434812,0.5,0.5,0.2800402311217406
54,inference_categories,20,0.6724856720573682,0.53,-0.6924560975003792,0.2881967427078107,0.3,0.5,-0.05590162864609466,0.53,-0.6894525589645533,0.29829528086199275,0.3,0.5,-0.050852359569003636,0.625,-0.6734955404924616,0.3759763435864701,0.4,0.5,0.08798817179323506,0.625,-0.6762797322838283,0.3759763435864701,0.4,0.5,0.08798817179323506
55,choice_only,20,0.5167447238552025,0.505,-0.6919162975239388,0.23333140998103594,0.3,0.4,-0.08333429500948204,0.555,-0.6822789422140751,0.260132990857236,0.3,0.4,-0.069933504571382,0.555,-0.6822789422140751,0.260132990857236,0.3,0.4,-0.069933504571382,0.565,-0.6825473357050652,0.260132990857236,0.3,0.4,-0.069933504571382
55,inference_affirm,20,0.5039413273162467,0.525,-0.6923209165189672,0.018918762971435344,0.3,0.5,-0.19054061851428233,0.53,-0.6906600863878167,0.06936879756192961,0.4,0.5,-0.06531560121903518,0.535,-0.685146739038689,0.025225017295247128,0.3,0.4,-0.18738749135237645,0.53,-0.685199297937728,0.025225017295247128,0.3,0.4,-0.18738749135237645
55,inference_categories,20,0.8701835515096527,0.52,-0.6931663640835507,0.03941408952382364,0.3,0.6,-0.1802929552380882,0.53,-0.6935905290888141,0.053603161752400146,0.4,0.8,-0.0731984191237999,0.595,-0.6777839182598399,0.40044714956204813,0.5,0.6,0.20022357478102407,0.595,-0.6787568931114558,0.40044714956204813,0.5,0.6,0.20022357478102407
56,choice_only,20,0.521113674522379,0.555,-0.6908151461421475,0.536222321006053,0.7,0.6,0.4681111605030265,0.62,-0.6625379965665013,0.5700243011267784,0.7,0.6,0.48501215056338914,0.62,-0.6625379965665013,0.5700243011267784,0.7,0.6,0.48501215056338914,0.61,-0.6681007192816815,0.5700243011267784,0.7,0.6,0.48501215056338914
56,inference_affirm,20,0.8621812501674151,0.47,-0.6934823057748235,0.3257281720724448,0.6,0.6,0.26286408603622236,0.525,-0.691732244648314,0.31804590386318904,0.6,0.6,0.2590229519315945,0.67,-0.6675305784543414,0.6591386123541454,0.8,0.6,0.6295693061770727,0.655,-0.6732815104096435,0.6591386123541454,0.8,0.6,0.6295693061770727
56,inference_categories,20,0.624262987061525,0.53,-0.6909602169224429,0.39025922503019334,0.5,0.6,0.19512961251509667,0.63,-0.6739169150485629,0.5101026090945835,0.6,0.7,0.3550513045472917,0.585,-0.6693086293055325,0.39333213231389563,0.6,0.7,0.2966660661569478,0.58,-0.6728602367544858,0.39333213231389563,0.6,0.7,0.2966660661569478
57,choice_only,20,0.5174821384610947,0.54,-0.6917555657431588,0.23373891845882885,0.3,0.5,-0.08313054077058558,0.575,-0.6787356659329024,0.2617217467250267,0.3,0.5,-0.06913912663748667,0.575,-0.6787356659329024,0.2617217467250267,0.3,0.5,-0.06913912663748667,0.57,-0.6806396365040086,0.2617217467250267,0.3,0.5,-0.06913912663748667
57,inference_affirm,20,0.7048208012027692,0.53,-0.693107714002434,0.15966672598948167,0.3,0.5,-0.12016663700525917,0.52,-0.6906508175295057,0.18271140809105635,0.3,0.5,-0.10864429595447184,0.56,-0.6835372497552702,0.30781111092817603,0.4,0.6,0.05390555546408804,0.575,-0.6854493331114431,0.30781111092817603,0.4,0.6,0.05390555546408804
57,inference_categories,20,0.6676389924259689,0.56,-0.6919225885383946,0.42303452143604936,0.4,0.5,0.1115172607180247,0.625,-0.6767076092324561,0.4296187163222136,0.4,0.5,0.11480935816110682,0.64,-0.663008638340668,0.5020448600700197,0.5,0.6,0.25102243003500985,0.64,-0.6692292380184395,0.5020448600700197,0.5,0.6,0.25102243003500985
58,choice_only,20,0.6503332307298795,0.61,-0.690393285212219,0.46755661037350965,0.4,0.4,0.13377830518675485,0.625,-0.6643369051748006,0.5157583227831499,0.5,0.5,0.25787916139157496,0.625,-0.6643369051748006,0.5157583227831499,0.5,0.5,0.25787916139157496,0.625,-0.6696992941623671,0.5157583227831499,0.5,0.5,0.25787916139157496
58,inference_affirm,20,0.9366063641323215,0.56,-0.690645217134106,0.45711290601808763,0.3,0.3,0.028556453009043803,0.595,-0.6724467630909007,0.4482759254096536,0.3,0.3,0.024137962704826793,0.625,-0.6616531023678075,0.7342727523735186,0.7,0.7,0.5671363761867593,0.625,-0.6672906985363697,0.7342727523735186,0.7,0.7,0.5671363761867593
58,inference_categories,20,0.9231569287228457,0.55,-0.6908624499490392,0.5872575295241161,0.4,0.4,0.1936287647620581,0.675,-0.6522802291703733,0.6218020900843583,0.5,0.5,0.31090104504217914,0.65,-0.6534732251724118,0.7816711029096648,0.8,0.8,0.6908355514548324,0.64,-0.660695183215161,0.7816711029096648,0.8,0.8,0.6908355514548324
59,choice_only,20,0.492799034769403,0.55,-0.6912670035676416,0.5711789063747439,0.5,0.6,0.28558945318737194,0.585,-0.6732135337066143,0.5596565653239565,0.5,0.6,0.27982828266197823,0.585,-0.6732135337066143,0.5596565653239565,0.5,0.6,0.27982828266197823,0.58,-0.6770221463491717,0.5596565653239565,0.5,0.6,0.27982828266197823
59,inference_affirm,20,0.7852097265361009,0.585,-0.6908342059055278,0.5185053472854302,0.3,0.5,0.05925267364271508,0.64,-0.6696120297501742,0.5250895421715944,0.3,0.5,0.0625447710857972,0.625,-0.6599563765275795,0.6370208552363857,0.5,0.5,0.31851042761819287,0.625,-0.6657938609354106,0.6370208552363857,0.5,0.5,0.31851042761819287
59,inference_categories,20,0.6146921683210136,0.57,-0.6909607754914288,0.5497802729947101,0.5,0.6,0.27489013649735505,0.595,-0.6676230382706145,0.5217974447285123,0.5,0.6,0.26089872236425615,0.645,-0.662624533101368,0.5366118832223817,0.6,0.7,0.36830594161119085,0.645,-0.6679304411133038,0.5366118832223817,0.6,0.7,0.36830594161119085
60,choice_only,20,0.4848863169652444,0.565,-0.6896955881488555,0.355582149095358,0.2,0.7,-0.12220892545232098,0.58,-0.6722242952941051,0.33139288725213634,0.2,0.7,-0.13430355637393182,0.58,-0.6722242952941051,0.33139288725213634,0.2,0.7,-0.13430355637393182,0.58,-0.6742210832351131,0.33139288725213634,0.2,0.7,-0.13430355637393182
60,inference_affirm,20,0.47733810388063075,0.465,-0.6941902458646312,0.2128655042203504,0.2,0.7,-0.1935672478898248,0.47,-0.7053820390184146,0.18625731619280655,0.2,0.7,-0.2068713419035967,0.555,-0.6953784980375772,0.1765816114555179,0.2,0.6,-0.21170919427224105,0.55,-0.6936519995390714,0.1765816114555179,0.2,0.6,-0.21170919427224105
60,inference_categories,20,0.848329372122013,0.47,-0.6940006854482995,-0.2491493969851828,0.1,0.5,-0.5245746984925914,0.485,-0.694578674074308,-0.2443115446165385,0.1,0.5,-0.5221557723082693,0.54,-0.6920656470071339,0.23947369224789417,0.2,0.6,-0.1802631538760529,0.545,-0.690539365170105,0.23947369224789417,0.2,0.6,-0.1802631538760529
61,choice_only,20,0.6640298556343249,0.52,-0.6920265374078188,0.13716103154290624,0.5,0.6,0.06858051577145312,0.535,-0.6900648566505181,0.20968295626674174,0.6,0.7,0.20484147813337084,0.535,-0.6900648566505181,0.20968295626674174,0.6,0.7,0.20484147813337084,0.535,-0.689318454335019,0.20968295626674174,0.6,0.7,0.20484147813337084
61,inference_affirm,20,0.9442131498571489,0.45,-0.6945129936282112,-0.431978421181107,0.2,0.5,-0.5159892105905535,0.42,-0.7148426238602312,-0.4556268748954012,0.2,0.5,-0.5278134374477006,0.6,-0.6686054351950353,0.29954708038105965,0.4,0.3,0.04977354019052985,0.595,-0.6734438214580004,0.29954708038105965,0.4,0.3,0.04977354019052985
61,inference_categories,20,0.9179614256282478,0.5,-0.6921463311259803,-0.05202659817144719,0.5,0.6,-0.026013299085723595,0.49,-0.70083101614727,-0.025225017295247128,0.5,0.6,-0.012612508647623564,0.63,-0.6669613714124548,0.5139597273906601,0.7,0.6,0.45697986369533,0.62,-0.6721274722336413,0.5139597273906601,0.7,0.6,0.45697986369533
62,choice_only,20,0.5160617092790429,0.525,-0.6923099389077136,0.2546657138975989,0.3,0.5,-0.07266714305120056,0.53,-0.6802949997293989,0.280373293849407,0.3,0.5,-0.059813353075296505,0.53,-0.6802949997293989,0.280373293849407,0.3,0.5,-0.059813353075296505,0.535,-0.6827155229219817,0.280373293849407,0.3,0.5,-0.059813353075296505
62,inference_affirm,20,0.7484703992751786,0.555,-0.691940789224678,0.23699175268073086,0.4,0.7,0.018495876340365452,0.565,-0.6836812751906263,0.23699175268073086,0.4,0.7,0.018495876340365452,0.59,-0.6737396716948456,0.4731801434879677,0.5,0.6,0.23659007174398386,0.6,-0.6764768774619923,0.4731801434879677,0.5,0.6,0.23659007174398386
62,inference_categories,20,0.8607385281252122,0.485,-0.6926776767798376,0.29242372195181704,0.3,0.5,-0.05378813902409149,0.505,-0.6868595819946473,0.35267586246386723,0.3,0.5,-0.023662068768066397,0.615,-0.675382674107087,0.6209987282108642,0.5,0.6,0.3104993641054321,0.625,-0.6772033191138016,0.6209987282108642,0.5,0.6,0.3104993641054321
63,choice_only,20,0.34065459181344576,0.485,-0.6931591659031971,0.5509473189696003,0.9,0.5,0.6754736594848001,0.57,-0.673172611128798,0.48679591881560563,0.8,0.5,0.5433979594078029,0.57,-0.673172611128798,0.48679591881560563,0.8,0.5,0.5433979594078029,0.565,-0.6770202080874571,0.48679591881560563,0.8,0.5,0.5433979594078029
63,inference_affirm,20,0.6891671484083277,0.565,-0.6918442699194551,0.43849368811142153,0.7,0.4,0.4192468440557107,0.6,-0.6650250414813587,0.44604091165895027,0.6,0.4,0.32302045582947514,0.595,-0.6761290059298937,0.5569850978076232,0.8,0.6,0.5784925489038116,0.59,-0.6782512032415385,0.5569850978076232,0.8,0.6,0.5784925489038116
63,inference_categories,20,0.5080182375670361,0.52,-0.6924198501580142,0.34792700554107636,0.6,0.5,0.27396350277053816,0.6,-0.6746280815870463,0.3509458949600878,0.6,0.5,0.2754729474800439,0.55,-0.685951932733557,0.3607572855718752,0.6,0.5,0.2803786427859376,0.545,-0.6852004502539253,0.3607572855718752,0.6,0.5,0.2803786427859376
64,choice_only,20,0.6213694964012444,0.45,-0.6942062393054045,0.20115456220214556,0.1,0.6,-0.29942271889892724,0.52,-0.7074813176781172,0.19930060310350828,0.2,0.6,-0.20034969844824585,0.52,-0.7074813176781172,0.19930060310350828,0.2,0.6,-0.20034969844824585,0.5,-0.7026095685300726,0.19930060310350828,0.2,0.6,-0.20034969844824585
64,inference_affirm,20,0.9013242421895955,0.425,-0.6950440842188002,-0.4310454904331691,0.0,0.5,-0.7155227452165845,0.43,-0.7189750544809231,-0.4310454904331691,0.0,0.4,-0.7155227452165845,0.51,-0.693422489342833,0.0537648138604813,0.2,0.6,-0.27311759306975936,0.51,-0.6917822815891219,0.0537648138604813,0.2,0.6,-0.27311759306975936
64,inference_categories,20,0.852715175557852,0.51,-0.6934138071967823,-0.19651966445555236,0.2,0.5,-0.39825983222777617,0.525,-0.6982440091404151,-0.21784019408988112,0.2,0.5,-0.40892009704494053,0.52,-0.6805032730143279,0.3059032512751523,0.3,0.5,-0.04704837436242387,0.525,-0.6798896242797591,0.3059032512751523,0.3,0.5,-0.04704837436242387
65,choice_only,20,0.5012352018869826,0.495,-0.6914313657689266,0.488152778785487,0.3,0.6,0.0440763893927435,0.575,-0.6721478873892691,0.49012910582510427,0.3,0.6,0.045064552912552125,0.575,-0.6721478873892691,0.49012910582510427,0.3,0.6,0.045064552912552125,0.565,-0.675346684009238,0.49012910582510427,0.3,0.6,0.045064552912552125
65,inference_affirm,20,0.6081953524668969,0.53,-0.6914368433722851,0.41107602424041,0.3,0.5,0.005538012120204994,0.505,-0.6856255929881298,0.4308392946365836,0.4,0.6,0.11541964731829182,0.575,-0.6826683559365528,0.5869691307663547,0.3,0.5,0.09348456538317734,0.575,-0.6832209118148953,0.5869691307663547,0.3,0.5,0.09348456538317734
65,inference_categories,20,0.8502014362855648,0.505,-0.6923110617917387,0.23715924475408276,0.1,0.5,-0.28142037762295863,0.54,-0.6849648681668435,0.29052007482375136,0.1,0.6,-0.25473996258812437,0.555,-0.6866570362605044,0.5316319736570687,0.3,0.6,0.06581598682853435,0.555,-0.6861596969413946,0.5316319736570687,0.3,0.6,0.06581598682853435
66,choice_only,20,0.5,0.565,-0.6921335100748404,0.017786943356556204,0.1,0.6,-0.39110652832172194,0.585,-0.6828709816589944,0.017786943356556204,0.1,0.6,-0.39110652832172194,0.585,-0.6828709816589944,0.017786943356556204,0.1,0.6,-0.39110652832172194,0.58,-0.6842568732381252,0.017786943356556204,0.1,0.6,-0.39110652832172194
66,inference_affirm,20,0.5894415137187705,0.545,-0.6927903793863663,0.18182208764479676,0.2,0.7,-0.2090889561776016,0.555,-0.6815776807385862,0.18182208764479676,0.2,0.6,-0.2090889561776016,0.52,-0.6868450004648007,0.1264849305355108,0.3,0.9,-0.1367575347322446,0.525,-0.6875165206955377,0.1264849305355108,0.3,0.9,-0.1367575347322446
66,inference_categories,20,0.6913270461419345,0.49,-0.6933819795501198,-0.07312410046584217,0.1,0.6,-0.4365620502329211,0.48,-0.708166777138941,-0.053360830069668616,0.1,0.6,-0.42668041503483434,0.48,-0.6976701902889567,0.04940817599043389,0.2,0.7,-0.27529591200478304,0.5,-0.6947695652853829,0.04940817599043389,0.2,0.7,-0.27529591200478304
67,choice_only,20,0.4648007041734237,0.515,-0.6919954845113644,0.44001507436656967,0.8,0.4,0.5200075371832849,0.575,-0.6818479757346733,0.3836028853452146,0.8,0.4,0.49180144267260734,0.575,-0.6818479757346733,0.3836028853452146,0.8,0.4,0.49180144267260734,0.57,-0.6832700227947975,0.3836028853452146,0.8,0.4,0.49180144267260734
67,inference_affirm,20,0.5192646232864021,0.565,-0.6911215677162119,0.6829635684185389,0.8,0.7,0.6414817842092695,0.59,-0.6636455728030577,0.6197819167146212,0.8,0.7,0.6098909583573107,0.64,-0.6527714538706033,0.7138022317502131,0.8,0.6,0.6569011158751066,0.64,-0.659023116224565,0.7138022317502131,0.8,0.6,0.6569011158751066
67,inference_categories,20,0.6361009241115022,0.545,-0.6911098786226111,0.2527266068156708,0.7,0.7,0.32636330340783537,0.625,-0.6657467642785336,0.206844693078302,0.7,0.7,0.30342234653915096,0.57,-0.658683715823095,0.47611887534023684,0.7,0.6,0.43805943767011835,0.575,-0.6634372809368161,0.47611887534023684,0.7,0.6,0.43805943767011835
68,choice_only,20,0.5548181724622595,0.53,-0.693357257466896,0.36708390153018267,0.5,0.7,0.18354195076509133,0.59,-0.6844052290945833,0.45514695871545374,0.5,0.7,0.22757347935772687,0.59,-0.6844052290945833,0.45514695871545374,0.5,0.7,0.22757347935772687,0.585,-0.6856199041169185,0.45514695871545374,0.5,0.7,0.22757347935772687
68,inference_affirm,20,0.7283159827905348,0.53,-0.6929264770260823,0.5608226273377791,0.3,0.5,0.08041131366888954,0.585,-0.6879205490579937,0.5747273205775587,0.3,0.5,0.08736366028877934,0.56,-0.6855276716130202,0.5552607500418671,0.5,0.6,0.2776303750209336,0.565,-0.6856550500309551,0.5552607500418671,0.5,0.6,0.2776303750209336
68,inference_categories,20,0.7892444062167357,0.585,-0.6917676067258958,0.33000471955743693,0.3,0.5,-0.034997640221281545,0.635,-0.6688472182936538,0.33000471955743693,0.3,0.5,-0.034997640221281545,0.56,-0.6832691893128154,0.6581554800162366,0.4,0.7,0.2290777400081183,0.55,-0.6824323609977282,0.6581554800162366,0.4,0.7,0.2290777400081183
69,choice_only,20,0.6360500268541368,0.57,-0.6914545117316638,0.424138602475646,0.5,0.4,0.212069301237823,0.62,-0.6602518042943308,0.4474429212929891,0.6,0.4,0.32372146064649454,0.62,-0.6602518042943308,0.4474429212929891,0.6,0.4,0.32372146064649454,0.615,-0.667100106791547,0.4474429212929891,0.6,0.4,0.32372146064649454
69,inference_affirm,20,0.9516062830278029,0.555,-0.6913828309501426,0.4559878381926816,0.5,0.5,0.2279939190963408,0.59,-0.67048892822721,0.4808457782645143,0.6,0.6,0.34042288913225716,0.695,-0.6426234969316934,0.8475003943240472,0.9,0.7,0.8237501971620236,0.69,-0.6534738735301733,0.8475003943240472,0.9,0.7,0.8237501971620236
69,inference_categories,20,0.887079009491334,0.585,-0.690161379001707,0.29208079584403457,0.5,0.7,0.14604039792201728,0.635,-0.6568807514335065,0.22993594566445275,0.4,0.6,0.014967972832226395,0.695,-0.632186756918022,0.5165790671177739,0.8,0.7,0.558289533558887,0.68,-0.6442480644290504,0.5165790671177739,0.8,0.7,0.558289533558887
70,choice_only,20,0.3722145751663604,0.55,-0.6920255134670645,0.496983958651561,0.7,0.5,0.44849197932578044,0.575,-0.6797701189434272,0.4878927886762275,0.6,0.5,0.3439463943381137,0.575,-0.6797701189434272,0.4878927886762275,0.6,0.5,0.3439463943381137,0.575,-0.6817652561259915,0.4878927886762275,0.6,0.5,0.3439463943381137
70,inference_affirm,20,0.8892743303590323,0.505,-0.6924516008366568,0.4757712287091163,0.7,0.4,0.4378856143545581,0.535,-0.6854515103678861,0.4863775936803386,0.7,0.4,0.44318879684016926,0.575,-0.6838519365072012,0.7091112580760077,1.0,0.6,0.8545556290380039,0.58,-0.6841480940759791,0.7091112580760077,1.0,0.6,0.8545556290380039
70,inference_categories,20,0.7332898002950552,0.575,-0.6907249870226884,0.43334576882422693,0.8,0.6,0.5166728844121136,0.66,-0.6554604331859945,0.4121330388817822,0.8,0.6,0.5060665194408911,0.585,-0.6779860726060776,0.637897093269229,0.9,0.7,0.7189485466346146,0.585,-0.6785469133182134,0.637897093269229,0.9,0.7,0.7189485466346146
71,choice_only,20,0.5185310991735824,0.515,-0.6916906824378702,0.23730676462557262,0.3,0.6,-0.0813466176872137,0.585,-0.6836130840681878,0.2669701102037692,0.3,0.6,-0.06651494489811541,0.585,-0.6836130840681878,0.2669701102037692,0.3,0.6,-0.06651494489811541,0.585,-0.6850090961169572,0.2669701102037692,0.3,0.6,-0.06651494489811541
71,inference_affirm,20,0.2831828385350306,0.54,-0.6918319304543986,0.3031223126271963,0.3,0.6,-0.04843884368640186,0.535,-0.687793512485531,0.29941439442992174,0.3,0.6,-0.05029280278503914,0.505,-0.6974344318635913,0.13163109600324732,0.2,0.7,-0.23418445199837634,0.51,-0.6942015225450526,0.13163109600324732,0.2,0.7,-0.23418445199837634
71,inference_categories,20,0.24239089121278729,0.445,-0.694458220588815,-0.042641059268657584,0.2,0.6,-0.3213205296343288,0.445,-0.7110295849462682,-0.05098387521252537,0.1,0.6,-0.4254919376062627,0.485,-0.718437421934592,-0.2984874148806031,0.1,0.8,-0.5492437074403016,0.48,-0.7098148317409246,-0.2984874148806031,0.1,0.8,-0.5492437074403016
72,choice_only,20,0.3592103113765751,0.515,-0.6929183277755755,0.5191085476184402,0.3,0.6,0.05955427380922007,0.575,-0.6780054907112016,0.4875912429416063,0.2,0.5,-0.05620437852919685,0.575,-0.6780054907112016,0.4875912429416063,0.2,0.5,-0.05620437852919685,0.575,-0.6808671465019317,0.4875912429416063,0.2,0.5,-0.05620437852919685
72,inference_affirm,20,0.8145290634942746,0.515,-0.6923327294093933,0.433826429081125,0.3,0.6,0.016913214540562493,0.555,-0.6743400270907424,0.44773112232090456,0.3,0.6,0.02386556116045227,0.55,-0.6820045145639577,0.6257111957900842,0.5,0.5,0.3128555978950421,0.565,-0.6832916135805226,0.6257111957900842,0.5,0.5,0.3128555978950421
72,inference_categories,20,0.5673731245215542,0.525,-0.6928622219292254,0.5960478502118874,0.4,0.6,0.19802392510594374,0.64,-0.6679515150997751,0.5960478502118874,0.4,0.6,0.19802392510594374,0.575,-0.678913302931796,0.7045044574821687,0.4,0.6,0.2522522287410844,0.565,-0.681142317696003,0.7045044574821687,0.4,0.6,0.2522522287410844
73,choice_only,20,0.5081103596339636,0.53,-0.6927960575613981,-0.23174488732966075,0.2,0.6,-0.41587244366483034,0.53,-0.6904430668729397,-0.21876717363919979,0.2,0.6,-0.40938358681959985,0.53,-0.6904430668729397,-0.21876717363919979,0.2,0.6,-0.40938358681959985,0.535,-0.6904502358392557,-0.21876717363919979,0.2,0.6,-0.40938358681959985
73,inference_affirm,20,0.7481240333712562,0.565,-0.6915374592354783,0.14275485059507104,0.2,0.6,-0.22862257470246447,0.59,-0.6727819437435423,0.1853959098637286,0.1,0.5,-0.30730204506813574,0.57,-0.6694462576035204,0.37820765612200635,0.3,0.5,-0.010896171938996835,0.575,-0.6734277010482392,0.37820765612200635,0.3,0.5,-0.010896171938996835
73,inference_categories,20,0.5329757110074477,0.57,-0.691721557565119,0.08250117988935923,0.2,0.5,-0.2587494100553204,0.585,-0.6770094869961548,0.12328828005937953,0.2,0.6,-0.23835585997031022,0.495,-0.6936047674518871,0.1353390142005219,0.2,0.5,-0.23233049289973903,0.505,-0.6923313363858971,0.1353390142005219,0.2,0.5,-0.23233049289973903
74,choice_only,20,0.48765046817352575,0.63,-0.6902328083402517,0.49012910582510427,0.3,0.6,0.045064552912552125,0.625,-0.6704262296583042,0.4703658354289307,0.3,0.7,0.03518291771446533,0.625,-0.6704262296583042,0.4703658354289307,0.3,0.7,0.03518291771446533,0.62,-0.674329776191536,0.4703658354289307,0.3,0.7,0.03518291771446533
74,inference_affirm,20,0.6772412978696883,0.62,-0.6901875703478829,0.40712337016117534,0.4,0.6,0.10356168508058769,0.675,-0.6630340944216547,0.43874460279505306,0.4,0.6,0.11937230139752655,0.7,-0.6492875441026135,0.7035724261037788,0.4,0.7,0.2517862130518894,0.685,-0.6583893817216804,0.7035724261037788,0.4,0.7,0.2517862130518894
74,inference_categories,20,0.8520794256361038,0.565,-0.690739015274417,0.35573886713112407,0.2,0.5,-0.12213056643443795,0.61,-0.6688960870739009,0.3517862130518894,0.2,0.6,-0.12410689347405529,0.67,-0.6568080466219175,0.6561405771529623,0.4,0.6,0.22807028857648115,0.68,-0.663944592681369,0.6561405771529623,0.4,0.6,0.22807028857648115
75,choice_only,20,0.5328734841919692,0.61,-0.6892629823576683,0.07901033863397032,0.2,0.5,-0.2604948306830148,0.64,-0.6563589251832528,0.13168389772328387,0.2,0.5,-0.23415805113835805,0.64,-0.6563589251832528,0.13168389772328387,0.2,0.5,-0.23415805113835805,0.645,-0.6632929038738266,0.13168389772328387,0.2,0.5,-0.23415805113835805
75,inference_affirm,20,0.4416269064491435,0.63,-0.6895309854031056,0.2584296492819446,0.3,0.5,-0.0707851753590277,0.635,-0.6591642428927694,0.2584296492819446,0.4,0.6,0.02921482464097233,0.6,-0.6724087931788293,0.16460487215410483,0.3,0.7,-0.1176975639229476,0.595,-0.6750617651148616,0.16460487215410483,0.3,0.7,-0.1176975639229476
75,inference_categories,20,0.4907420341585106,0.565,-0.6919970592270067,0.12839180028020175,0.4,0.7,-0.0358040998598991,0.525,-0.6880135748164179,0.14320623877407118,0.4,0.7,-0.028396880612964387,0.56,-0.684199734735713,0.11357736178633233,0.4,0.7,-0.04321131910683381,0.57,-0.6849020455360159,0.11357736178633233,0.4,0.7,-0.04321131910683381
76,choice_only,20,0.5383532485493666,0.56,-0.6903784768997228,0.18445793897149462,0.3,0.3,-0.1077710305142527,0.62,-0.663903923600786,0.24594391862865944,0.3,0.3,-0.07702804068567029,0.62,-0.663903923600786,0.24594391862865944,0.3,0.3,-0.07702804068567029,0.62,-0.6689352630964662,0.24594391862865944,0.3,0.3,-0.07702804068567029
76,inference_affirm,20,0.8706281401249824,0.5,-0.6926844123780604,0.17972824822863578,0.3,0.5,-0.11013587588568212,0.505,-0.6961007296797996,0.20180013836197702,0.3,0.5,-0.0990999308190115,0.555,-0.674289340575645,0.5423378718478132,0.5,0.5,0.2711689359239066,0.55,-0.6768367366692803,0.5423378718478132,0.5,0.5,0.2711689359239066
76,inference_categories,20,0.8557461239477124,0.52,-0.6908329814844109,0.07094536114288254,0.3,0.4,-0.16452731942855875,0.53,-0.6865026479668068,0.06306254323811782,0.3,0.4,-0.1684687283809411,0.58,-0.6700065549596809,0.3831049501715657,0.5,0.5,0.19155247508578285,0.585,-0.6739404362868422,0.3831049501715657,0.5,0.5,0.19155247508578285
77,choice_only,20,0.4252493229305335,0.51,-0.691108921332263,0.23056485769277885,0.2,0.4,-0.18471757115361057,0.565,-0.6815368151185828,0.11006057666867838,0.2,0.4,-0.24496971166566078,0.565,-0.6815368151185828,0.11006057666867838,0.2,0.4,-0.24496971166566078,0.55,-0.683253816542664,0.11006057666867838,0.2,0.4,-0.24496971166566078
77,inference_affirm,20,0.5928046025671512,0.655,-0.6874668653127215,0.277963208228925,0.4,0.5,0.038981604114462526,0.64,-0.6403371221460873,0.269126227620491,0.4,0.5,0.034563113810245516,0.625,-0.6549402655927992,0.4281918785723035,0.4,0.5,0.11409593928615178,0.625,-0.6595130815094337,0.4281918785723035,0.4,0.5,0.11409593928615178
77,inference_categories,20,0.3918010509299248,0.64,-0.687906318783302,0.37597335679519334,0.4,0.5,0.08798667839759669,0.64,-0.6473187878795429,0.36311956681928925,0.3,0.4,-0.018440216590355385,0.625,-0.6602333050217513,0.40007421300001345,0.3,0.4,3.7106500006711673e-05,0.625,-0.6648620762371655,0.40007421300001345,0.3,0.4,3.7106500006711673e-05
78,choice_only,20,0.4829606571487662,0.545,-0.6927966100081914,0.3621316040174483,0.7,0.5,0.3810658020087241,0.61,-0.6811782806727077,0.33485809409144807,0.7,0.5,0.367429047045724,0.61,-0.6811782806727077,0.33485809409144807,0.7,0.5,0.367429047045724,0.605,-0.6833664239084172,0.33485809409144807,0.7,0.5,0.367429047045724
78,inference_affirm,20,0.43223575576683726,0.55,-0.6928403355102349,0.5666829284624505,0.6,0.5,0.3833414642312252,0.56,-0.6839762089257563,0.45910408375433825,0.6,0.5,0.32955204187716913,0.52,-0.6930156989917572,0.45758888875844933,0.6,0.7,0.32879444437922467,0.52,-0.6912430747449625,0.45758888875844933,0.6,0.7,0.32879444437922467
78,inference_categories,20,0.5066285897349735,0.535,-0.6924048515761507,0.5045599336310055,0.7,0.7,0.4522799668155027,0.59,-0.6753900751614477,0.49243837366389415,0.7,0.7,0.44621918683194706,0.57,-0.6883865384712863,0.5151662986022278,0.7,0.5,0.4575831493011139,0.57,-0.6873711401146076,0.5151662986022278,0.7,0.5,0.4575831493011139
79,choice_only,20,0.4810673154119549,0.565,-0.6907933788243956,0.3723405059305976,0.2,0.7,-0.1138297470347012,0.6,-0.6615796659125281,0.34203372056415365,0.2,0.7,-0.12898313971792316,0.6,-0.6615796659125281,0.34203372056415365,0.2,0.7,-0.12898313971792316,0.6,-0.6677538348480482,0.34203372056415365,0.2,0.7,-0.12898313971792316
79,inference_affirm,20,0.5,0.495,-0.6930141420251437,0.5209880722517277,0.2,0.9,-0.03950596387413613,0.54,-0.6883785492298198,0.5209880722517277,0.2,0.9,-0.03950596387413613,0.545,-0.6792441326691087,0.5209880722517277,0.2,0.8,-0.03950596387413613,0.545,-0.6806377309424942,0.5209880722517277,0.2,0.8,-0.03950596387413613
79,inference_categories,20,0.5189326845880451,0.53,-0.6917554544283181,0.48779492637419375,0.2,0.7,-0.056102536812903114,0.585,-0.6757286602987155,0.5181017117406378,0.2,0.7,-0.04094914412968109,0.585,-0.6670275800899613,0.5181017117406378,0.2,0.6,-0.04094914412968109,0.58,-0.6702406058449383,0.5181017117406378,0.2,0.6,-0.04094914412968109
80,choice_only,20,0.5121642058494696,0.555,-0.6904764607070775,0.19744664400487097,0.1,0.2,-0.3012766779975645,0.585,-0.6752528152414748,0.2169132145405625,0.1,0.2,-0.29154339272971874,0.585,-0.6752528152414748,0.2169132145405625,0.1,0.2,-0.29154339272971874,0.585,-0.6766421942307095,0.2169132145405625,0.1,0.2,-0.29154339272971874
80,inference_affirm,20,0.8986122109784852,0.535,-0.6919631545247982,0.12143432096074223,0.2,0.4,-0.23928283951962886,0.53,-0.6903134288029241,0.2057894599487388,0.2,0.4,-0.1971052700256306,0.545,-0.6897289530692948,0.5941938911132503,0.4,0.6,0.19709694555662516,0.545,-0.6886561405379783,0.5941938911132503,0.4,0.6,0.19709694555662516
80,inference_categories,20,0.5994649199548862,0.45,-0.6939798969365261,0.09455191403050159,0.2,0.6,-0.2527240429847492,0.465,-0.7106688928179312,0.13811995284847783,0.2,0.5,-0.23094002357576107,0.495,-0.7028080280671262,0.2558463556119455,0.2,0.6,-0.17207682219402723,0.49,-0.6985185194816347,0.2558463556119455,0.2,0.6,-0.17207682219402723
81,choice_only,20,0.5020575492876035,0.525,-0.6918155541310932,0.3489623289667022,0.4,0.4,0.07448116448335113,0.59,-0.6693321191521452,0.35225442640978427,0.4,0.4,0.07612721320489216,0.59,-0.6693321191521452,0.35225442640978427,0.4,0.4,0.07612721320489216,0.585,-0.6733271219204161,0.35225442640978427,0.4,0.4,0.07612721320489216
81,inference_affirm,20,0.39706783392594946,0.495,-0.6933808451481198,0.29464272115584766,0.4,0.5,0.047321360577923854,0.54,-0.6971091499629918,0.29135062371276554,0.3,0.4,-0.05432468814361724,0.465,-0.7100279316640811,0.3275636955866686,0.3,0.5,-0.036218152206665716,0.475,-0.7042629693546144,0.3275636955866686,0.3,0.5,-0.036218152206665716
81,inference_categories,20,0.35274540192843196,0.545,-0.6916177619376352,0.5086290549561839,0.5,0.6,0.25431452747809197,0.56,-0.6713101212757923,0.5366118832223817,0.5,0.6,0.26830594161119087,0.59,-0.6798429681531128,0.46583178819611665,0.4,0.5,0.13291589409805835,0.585,-0.6811197283953669,0.46583178819611665,0.4,0.5,0.13291589409805835
82,choice_only,20,0.641210258348674,0.47,-0.694295184045334,0.19688467590363873,0.2,0.5,-0.20155766204818062,0.46,-0.7130884292053079,0.2291330279913037,0.3,0.6,-0.08543348600434816,0.46,-0.7130884292053079,0.2291330279913037,0.3,0.6,-0.08543348600434816,0.45,-0.7075667926081229,0.2291330279913037,0.3,0.6,-0.08543348600434816
82,inference_affirm,20,0.9599783114720556,0.53,-0.6931743771008027,0.19858195759246325,0.1,0.3,-0.3007090212037684,0.455,-0.7010964343143951,0.21131157025864677,0.1,0.3,-0.29434421487067663,0.5,-0.6918683966948158,0.6695776262412543,0.5,0.5,0.33478881312062714,0.5,-0.6917023953976604,0.6695776262412543,0.5,0.5,0.33478881312062714
82,inference_categories,20,0.9251261776978588,0.5,-0.6936232783516246,0.2766569152783889,0.2,0.4,-0.16167154236080553,0.47,-0.7134243815490768,0.3233321617210619,0.3,0.4,-0.03833391913946907,0.535,-0.6999461878126254,0.6823072389074377,0.5,0.6,0.34115361945371886,0.52,-0.696902450572355,0.6823072389074377,0.5,0.6,0.34115361945371886
83,choice_only,20,0.4704738258729746,0.5,-0.6921044562072188,0.5912113428573545,0.5,0.4,0.2956056714286773,0.565,-0.6797704217906626,0.5439144354287662,0.5,0.5,0.2719572177143831,0.565,-0.6797704217906626,0.5439144354287662,0.5,0.5,0.2719572177143831,0.56,-0.6810327842542863,0.5439144354287662,0.5,0.5,0.2719572177143831
83,inference_affirm,20,0.6516103189445808,0.495,-0.691828975412887,0.5549503804954369,0.5,0.5,0.27747519024771844,0.56,-0.675783615495748,0.5265722360382837,0.5,0.5,0.26328611801914187,0.575,-0.6821477388500093,0.605400415085931,0.6,0.7,0.4027002075429655,0.575,-0.681909404107675,0.605400415085931,0.6,0.7,0.4027002075429655
83,inference_categories,20,0.6481502702378272,0.575,-0.6916362070872349,0.4351315483430129,0.6,0.6,0.31756577417150644,0.575,-0.6767847965137315,0.4351315483430129,0.6,0.6,0.31756577417150644,0.585,-0.6801061661717945,0.6794989033907194,0.6,0.7,0.43974945169535967,0.59,-0.6806710750057158,0.6794989033907194,0.6,0.7,0.43974945169535967
84,choice_only,20,0.47279686432108925,0.535,-0.6917648196467425,0.19930060310350828,0.2,0.6,-0.20034969844824585,0.62,-0.6744273173726734,0.15573256428553203,0.2,0.6,-0.22213371785723396,0.62,-0.6744273173726734,0.15573256428553203,0.2,0.6,-0.22213371785723396,0.615,-0.6777964929476021,0.15573256428553203,0.2,0.6,-0.22213371785723396
84,inference_affirm,20,0.40904724412764354,0.54,-0.6919278848724595,0.28272876254218615,0.3,0.4,-0.058635618728906935,0.595,-0.6750034184734462,0.23359884642829803,0.2,0.4,-0.18320057678585097,0.595,-0.6729778789591202,0.3355665968533488,0.2,0.4,-0.1322167015733256,0.595,-0.6769467329449591,0.3355665968533488,0.2,0.4,-0.1322167015733256
84,inference_categories,20,0.7635171998254412,0.505,-0.6919719841327618,0.08250117988935923,0.2,0.6,-0.2587494100553204,0.595,-0.6767484036708784,0.08064722079072195,0.2,0.6,-0.259676389604639,0.58,-0.6839815304832085,0.35132524919176567,0.3,0.6,-0.02433737540411718,0.58,-0.6850174620360593,0.35132524919176567,0.3,0.6,-0.02433737540411718
85,choice_only,20,0.5360884201986839,0.625,-0.6891009726548358,0.4322086879397736,0.5,0.5,0.2161043439698868,0.635,-0.6526086120937977,0.49005074283134176,0.5,0.5,0.24502537141567088,0.635,-0.6526086120937977,0.49005074283134176,0.5,0.5,0.24502537141567088,0.63,-0.6600463103800164,0.49005074283134176,0.5,0.5,0.24502537141567088
85,inference_affirm,20,0.9198221756675714,0.555,-0.6914228090092085,0.49005074283134176,0.5,0.6,0.24502537141567088,0.64,-0.6618202609891961,0.4964776378192938,0.5,0.6,0.2482388189096469,0.645,-0.6576022355241343,0.866024099626535,0.8,0.8,0.7330120498132675,0.64,-0.6638859337997541,0.866024099626535,0.8,0.8,0.7330120498132675
85,inference_categories,20,0.8121347740746293,0.63,-0.6898633782682257,0.7198122386506266,0.5,0.5,0.3599061193253133,0.665,-0.6521200603039824,0.7246324098915906,0.6,0.6,0.4623162049457953,0.665,-0.6523534052120468,0.9053888314277413,0.7,0.7,0.6526944157138705,0.67,-0.6597569313022709,0.9053888314277413,0.7,0.7,0.6526944157138705
86,choice_only,20,0.5216641768931344,0.585,-0.69124183163315,0.20810639268578876,0.4,0.6,0.004053196342894402,0.62,-0.6708649035751137,0.2427907914667536,0.4,0.6,0.02139539573337683,0.62,-0.6708649035751137,0.2427907914667536,0.4,0.6,0.02139539573337683,0.62,-0.6748094605529937,0.2427907914667536,0.4,0.6,0.02139539573337683
86,inference_affirm,20,0.8379439019878983,0.55,-0.692137206262889,-0.03783752594287069,0.4,0.5,-0.11891876297143532,0.495,-0.6982639844268451,-0.004729690742858836,0.5,0.6,-0.002364845371429418,0.565,-0.6799896232057427,0.4193659125334835,0.5,0.5,0.20968295626674174,0.565,-0.6807783262899187,0.4193659125334835,0.5,0.5,0.20968295626674174
86,inference_categories,20,0.7617243783007048,0.595,-0.6891633298028121,0.431978421181107,0.6,0.6,0.3159892105905535,0.63,-0.6557289307927294,0.4729690742858836,0.6,0.6,0.3364845371429418,0.64,-0.655662144595129,0.6968411027812019,0.7,0.7,0.5484205513906009,0.64,-0.6607294405933319,0.6968411027812019,0.7,0.7,0.5484205513906009
87,choice_only,20,0.5220780856669035,0.525,-0.6919134444686986,0.37275990930121733,0.4,0.5,0.08637995465060869,0.625,-0.6687132390437455,0.4081078317349535,0.4,0.5,0.10405391586747678,0.625,-0.6687132390437455,0.4081078317349535,0.4,0.5,0.10405391586747678,0.625,-0.6737846279373761,0.4081078317349535,0.4,0.5,0.10405391586747678
87,inference_affirm,20,0.8661839059115369,0.56,-0.6922762024431992,0.18718331652410267,0.2,0.4,-0.20640834173794864,0.565,-0.6820236434372324,0.22012115333735677,0.2,0.4,-0.1899394233313216,0.56,-0.6746403863316034,0.5342356458735119,0.4,0.5,0.16711782293675598,0.565,-0.6776799649081888,0.5342356458735119,0.4,0.5,0.16711782293675598
87,inference_categories,20,0.9711466888727242,0.52,-0.6927574273033861,0.20003710650000672,0.1,0.2,-0.29998144674999666,0.585,-0.6881890739642275,0.3333951775000112,0.2,0.3,-0.1333024112499944,0.57,-0.6735867559599155,0.6065382144879723,0.6,0.6,0.4032691072439861,0.575,-0.6763679647768907,0.6065382144879723,0.6,0.6,0.4032691072439861
88,choice_only,20,0.5310901106612967,0.575,-0.6902886295047586,0.0554319692710862,0.3,0.4,-0.17228401536445692,0.665,-0.6535532822153605,0.10524040542771437,0.3,0.4,-0.1473797972861428,0.665,-0.6535532822153605,0.10524040542771437,0.3,0.4,-0.1473797972861428,0.67,-0.6610703382430504,0.10524040542771437,0.3,0.4,-0.1473797972861428
88,inference_affirm,20,0.5767130036260787,0.5,-0.691705543721364,0.33178845375302324,0.5,0.6,0.16589422687651162,0.585,-0.6643937275184212,0.3494624149698912,0.5,0.6,0.1747312074849456,0.555,-0.6733964495689332,0.4555061822710996,0.5,0.5,0.2277530911355498,0.555,-0.6763322143550166,0.4555061822710996,0.5,0.5,0.2277530911355498
88,inference_categories,20,0.7665411955230368,0.545,-0.6923198462962072,-0.03615128430723013,0.2,0.4,-0.31807564215361506,0.6,-0.6765082841597553,0.03133111306626611,0.2,0.4,-0.2843344434668669,0.59,-0.6727721190194643,0.23940183830121287,0.3,0.5,-0.08029908084939358,0.59,-0.6758013048139777,0.23940183830121287,0.3,0.5,-0.08029908084939358
89,choice_only,20,0.6091557094657315,0.565,-0.690945014834769,0.4048943842409774,0.4,0.6,0.10244719212048872,0.605,-0.6718462338275434,0.3824002517831454,0.5,0.6,0.1912001258915727,0.605,-0.6718462338275434,0.3824002517831454,0.5,0.6,0.1912001258915727,0.6,-0.6754169275985692,0.3824002517831454,0.5,0.6,0.1912001258915727
89,inference_affirm,20,0.4111244496126004,0.57,-0.6908974991605112,0.2217278770843448,0.5,0.7,0.1108639385421724,0.59,-0.673625522632139,0.27715984635543095,0.5,0.6,0.13857992317771547,0.53,-0.6839664149324282,0.4780003147289317,0.3,0.4,0.039000157364465826,0.53,-0.6835612804717485,0.4780003147289317,0.3,0.4,0.039000157364465826
89,inference_categories,20,0.7890867097831666,0.6,-0.6903510957379569,0.28921027445784103,0.4,0.6,0.04460513722892054,0.675,-0.661125273166318,0.32134474939760116,0.5,0.6,0.16067237469880058,0.66,-0.6534853724201539,0.6169819188433942,0.5,0.5,0.3084909594216971,0.665,-0.6608004827552341,0.6169819188433942,0.5,0.5,0.3084909594216971
90,choice_only,20,0.5281296509455445,0.575,-0.6920675452008055,0.3961734198948341,0.5,0.4,0.19808670994741706,0.61,-0.6691411382784213,0.44122843627503094,0.5,0.4,0.22061421813751547,0.61,-0.6691411382784213,0.44122843627503094,0.5,0.4,0.22061421813751547,0.595,-0.6735850296917412,0.44122843627503094,0.5,0.4,0.22061421813751547
90,inference_affirm,20,0.7141434386936157,0.53,-0.6926115498246835,0.287419932080566,0.4,0.4,0.043709966040283016,0.61,-0.6701646345707541,0.24935621134557212,0.5,0.5,0.12467810567278606,0.66,-0.655801850796959,0.45365740631094736,0.5,0.6,0.22682870315547368,0.66,-0.663609539213849,0.45365740631094736,0.5,0.6,0.22682870315547368
90,inference_categories,20,0.6686245707921377,0.61,-0.6906695530623372,0.4948283695549203,0.4,0.3,0.14741418477746018,0.595,-0.6640898247066568,0.47851534638278004,0.5,0.4,0.23925767319139002,0.655,-0.6508536197604842,0.5756166747883766,0.5,0.5,0.2878083373941883,0.66,-0.6588532443530976,0.5756166747883766,0.5,0.5,0.2878083373941883
91,choice_only,20,0.468747165716649,0.54,-0.6904893292124372,0.18924690830392862,0.3,0.6,-0.1053765458480357,0.63,-0.6705820734728136,0.1391770984836067,0.3,0.6,-0.13041145075819666,0.63,-0.6705820734728136,0.1391770984836067,0.3,0.6,-0.13041145075819666,0.61,-0.6744233295387183,0.1391770984836067,0.3,0.6,-0.13041145075819666
91,inference_affirm,20,0.904983559921772,0.575,-0.6903798884368001,0.10777738724035398,0.4,0.7,-0.04611130637982299,0.64,-0.65832427324368,0.13747981679478222,0.4,0.7,-0.03126009160260887,0.625,-0.6650471874635318,0.6093241262879855,0.6,0.7,0.4046620631439927,0.63,-0.6697654696032811,0.6093241262879855,0.6,0.7,0.4046620631439927
91,inference_categories,20,0.886608577855139,0.585,-0.6895981443258725,0.20367380265893667,0.4,0.7,0.0018369013294683573,0.63,-0.6574340489482361,0.16633360550479828,0.4,0.7,-0.016833197247600837,0.63,-0.6611259462121772,0.6262969431762301,0.6,0.7,0.413148471588115,0.64,-0.666761787222874,0.6262969431762301,0.6,0.7,0.413148471588115
92,choice_only,20,0.5,0.505,-0.6928708869326201,0.11117195061800292,0.4,0.5,-0.04441402469099852,0.6,-0.6763142593690583,0.11117195061800292,0.4,0.5,-0.04441402469099852,0.6,-0.6763142593690583,0.11117195061800292,0.4,0.5,-0.04441402469099852,0.6,-0.6794410957713584,0.11117195061800292,0.4,0.5,-0.04441402469099852
92,inference_affirm,20,0.668686503403414,0.585,-0.6910746060889507,0.26223002092338094,0.4,0.6,0.03111501046169049,0.64,-0.6659521326646203,0.26223002092338094,0.4,0.6,0.03111501046169049,0.655,-0.6527216974461995,0.543130140423831,0.4,0.6,0.17156507021191553,0.655,-0.6612390986808918,0.543130140423831,0.4,0.6,0.17156507021191553
92,inference_categories,20,0.6261064592810234,0.545,-0.6924443121349697,0.2953270138554581,0.4,0.5,0.04766350692772908,0.585,-0.6762080268680216,0.32587808425429865,0.4,0.5,0.06293904212714935,0.625,-0.6562318626524661,0.5015467390476315,0.4,0.7,0.15077336952381576,0.63,-0.6637969592258511,0.5015467390476315,0.4,0.7,0.15077336952381576
93,choice_only,20,0.5045187875042241,0.44,-0.6937362555139811,-0.04579162678915817,0.4,0.7,-0.12289581339457906,0.465,-0.7078751318650203,-0.038561369927712134,0.4,0.7,-0.11928068496385605,0.465,-0.7078751318650203,-0.038561369927712134,0.4,0.7,-0.11928068496385605,0.465,-0.7033346808111289,-0.038561369927712134,0.4,0.7,-0.11928068496385605
93,inference_affirm,20,0.8286957897771244,0.505,-0.6926997402085917,-0.0554319692710862,0.2,0.5,-0.3277159846355431,0.52,-0.7038826960838428,-0.09479670107229235,0.2,0.6,-0.34739835053614615,0.52,-0.6908440725869406,0.17513288842169264,0.4,0.7,-0.012433555789153658,0.53,-0.6895714638506523,0.17513288842169264,0.4,0.7,-0.012433555789153658
93,inference_categories,20,0.6750173369854929,0.545,-0.6914042443794961,-0.1695093553072346,0.2,0.7,-0.38475467765361726,0.545,-0.6939766875984842,-0.15906565095181258,0.3,0.7,-0.2795328254759063,0.525,-0.6906216517464355,-0.07712273985542427,0.3,0.6,-0.23856136992771215,0.525,-0.6883655455370175,-0.07712273985542427,0.3,0.6,-0.23856136992771215
94,choice_only,20,0.5,0.535,-0.6917644284780795,0.322141307457629,0.3,0.7,-0.03892934627118552,0.535,-0.6763830657646992,0.322141307457629,0.3,0.7,-0.03892934627118552,0.535,-0.6763830657646992,0.322141307457629,0.3,0.7,-0.03892934627118552,0.535,-0.6785379858803183,0.322141307457629,0.3,0.7,-0.03892934627118552
94,inference_affirm,20,0.7507805840601983,0.585,-0.6909092714224091,0.4446735839139051,0.3,0.6,0.02233679195695254,0.565,-0.6805089704792195,0.41107602424041,0.3,0.5,0.005538012120204994,0.62,-0.6619514680020581,0.6857854827472226,0.4,0.8,0.24289274137361133,0.63,-0.6684491011544287,0.6857854827472226,0.4,0.8,0.24289274137361133
94,inference_categories,20,0.6337714372506084,0.645,-0.6883655651047459,0.377478464566915,0.3,0.6,-0.011260767716542525,0.62,-0.6592776245531812,0.41107602424041,0.3,0.6,0.005538012120204994,0.635,-0.6476599239986652,0.5968507659644415,0.3,0.7,0.09842538298222075,0.64,-0.656157148140867,0.5968507659644415,0.3,0.7,0.09842538298222075
95,choice_only,20,0.5187129481124941,0.51,-0.6933222535278706,-0.2664392451810477,0.2,0.4,-0.4332196225905238,0.52,-0.7000816112667485,-0.2364845371429418,0.2,0.4,-0.4182422685714709,0.52,-0.7000816112667485,-0.2364845371429418,0.2,0.4,-0.4182422685714709,0.515,-0.6970576315668136,-0.2364845371429418,0.2,0.4,-0.4182422685714709
95,inference_affirm,20,0.6020101827800495,0.47,-0.6934083547131833,0.27747519024771844,0.4,0.5,0.03873759512385924,0.545,-0.6912520652484753,0.23017828281913005,0.4,0.5,0.015089141409565049,0.59,-0.6823199852914261,0.4430143662477777,0.4,0.5,0.12150718312388886,0.59,-0.6835585918012947,0.4430143662477777,0.4,0.5,0.12150718312388886
95,inference_categories,20,0.8104999558998819,0.555,-0.6913864655001218,0.431978421181107,0.5,0.6,0.2159892105905535,0.595,-0.6704552814037805,0.4887347100954131,0.6,0.7,0.34436735504770655,0.59,-0.6802150147463719,0.6132832329906958,0.7,0.7,0.5066416164953478,0.59,-0.6822974734064288,0.6132832329906958,0.7,0.7,0.5066416164953478
96,choice_only,20,0.6126559652846035,0.545,-0.6923202798625517,0.34943645025058206,0.5,0.6,0.17471822512529103,0.565,-0.6810538258397608,0.3328325584460188,0.6,0.7,0.26641627922300937,0.565,-0.6810538258397608,0.3328325584460188,0.6,0.7,0.26641627922300937,0.555,-0.683159428205986,0.3328325584460188,0.6,0.7,0.26641627922300937
96,inference_affirm,20,0.7258341395823217,0.565,-0.6918617903499898,0.3977386809547662,0.5,0.5,0.1988693404773831,0.52,-0.6837994158592942,0.3615120079266281,0.5,0.5,0.18075600396331404,0.555,-0.6928361524792647,0.5871739919977383,0.6,0.4,0.39358699599886915,0.56,-0.6910813868552202,0.5871739919977383,0.6,0.4,0.39358699599886915
96,inference_categories,20,0.8741039266396199,0.495,-0.6918589739951365,0.11547252027719018,0.4,0.3,-0.042263739861404886,0.57,-0.6841027206081821,0.19849197930000664,0.5,0.5,0.09924598965000332,0.51,-0.6943830443464116,0.4905695305893701,0.6,0.5,0.345284765294685,0.515,-0.6916140416582153,0.4905695305893701,0.6,0.5,0.345284765294685
97,choice_only,20,0.46908435592978814,0.58,-0.6916523786040721,0.06324371715171599,0.5,0.5,0.031621858575857996,0.545,-0.6817029390341748,0.013715504924468528,0.5,0.4,0.006857752462234264,0.545,-0.6817029390341748,0.013715504924468528,0.5,0.4,0.006857752462234264,0.54,-0.6836089308769272,0.013715504924468528,0.5,0.4,0.006857752462234264
97,inference_affirm,20,0.8816040613956179,0.6,-0.6911657166332739,0.07238738710136168,0.4,0.3,-0.06380630644931914,0.57,-0.6791230987123203,0.09219867199226066,0.4,0.3,-0.05390066400386965,0.62,-0.6713418028714241,0.4754708373815756,0.6,0.5,0.33773541869078777,0.625,-0.6746270637260103,0.4754708373815756,0.6,0.5,0.33773541869078777
97,inference_categories,20,0.8717221279556944,0.565,-0.6915609453892888,-0.06095779966430456,0.4,0.4,-0.13047889983215227,0.58,-0.675069325221221,-0.05943385467269695,0.4,0.4,-0.12971692733634846,0.59,-0.68196166896718,0.30555097081732663,0.6,0.6,0.2527754854086633,0.58,-0.682640857680909,0.30555097081732663,0.6,0.6,0.2527754854086633
98,choice_only,20,0.6907202078550166,0.475,-0.6936402117817643,0.28378144457153015,0.5,0.6,0.14189072228576508,0.565,-0.6856970728231608,0.40517684030490697,0.6,0.7,0.30258842015245346,0.565,-0.6856970728231608,0.40517684030490697,0.6,0.7,0.30258842015245346,0.565,-0.6870052093994664,0.40517684030490697,0.6,0.7,0.30258842015245346
98,inference_affirm,20,0.9133976739787546,0.455,-0.6936486055213933,0.1560797945143416,0.4,0.4,-0.021960102742829182,0.47,-0.6998595738448407,0.08198130620955316,0.3,0.4,-0.15900934689522345,0.6,-0.673600161682553,0.6984176663621549,0.6,0.6,0.4492088331810774,0.59,-0.6763298390410231,0.6984176663621549,0.6,0.6,0.4492088331810774
98,inference_categories,20,0.7988197729701455,0.52,-0.6918210705532064,0.1324313408000474,0.3,0.3,-0.13378432959997633,0.545,-0.687918467171813,0.15135010377148275,0.3,0.3,-0.12432494811425863,0.615,-0.6719805192294417,0.4840050193525542,0.4,0.3,0.14200250967627712,0.61,-0.6741625294029752,0.4840050193525542,0.4,0.3,0.14200250967627712
99,choice_only,20,0.4946596300248682,0.565,-0.689893789563313,0.4932747483004307,0.5,0.5,0.24663737415021536,0.61,-0.6581013091735809,0.48472983140073816,0.5,0.5,0.24236491570036908,0.61,-0.6581013091735809,0.48472983140073816,0.5,0.5,0.24236491570036908,0.61,-0.6642807922334673,0.48472983140073816,0.5,0.5,0.24236491570036908
99,inference_affirm,20,0.89964654775846,0.54,-0.6913734219332113,0.46841680822859805,0.5,0.5,0.23420840411429902,0.645,-0.6644480340018376,0.4047183367945266,0.4,0.5,0.10235916839726333,0.605,-0.6743601093858942,0.745738202154982,0.8,0.7,0.672869101077491,0.61,-0.6767975572439566,0.745738202154982,0.8,0.7,0.672869101077491
99,inference_categories,20,0.8616718013493457,0.53,-0.6911691959956923,0.46919361885584276,0.5,0.5,0.23459680942792138,0.6,-0.66814503555676,0.3534488353963716,0.5,0.5,0.1767244176981858,0.63,-0.6725689768840067,0.8008917566893609,0.7,0.7,0.6004458783446804,0.63,-0.6753644728956607,0.8008917566893609,0.7,0.7,0.6004458783446804
