qualtrics_id,condition,domain,t,fit,test_acc,test_ll
R_5EfMjMbx1z8Kvhl,inference_categories,dailydilemmas,3,random_projection,0.6666666666666666,-0.6920244470761876
R_5EfMjMbx1z8Kvhl,inference_categories,dailydilemmas,3,projection_only,0.6666666666666666,-0.4987539988021954
R_5EfMjMbx1z8Kvhl,inference_categories,dailydilemmas,3,projection_alpha,0.6666666666666666,-0.6849879972095749
R_5EfMjMbx1z8Kvhl,inference_categories,dailydilemmas,4,random_projection,0.5,-0.6924854214078207
R_5EfMjMbx1z8Kvhl,inference_categories,dailydilemmas,4,projection_only,0.5,-0.669474254493105
R_5EfMjMbx1z8Kvhl,inference_categories,dailydilemmas,4,projection_alpha,0.5,-0.6921757545556466
R_5EfMjMbx1z8Kvhl,inference_categories,dailydilemmas,5,random_projection,0.4,-0.6932119027272916
R_5EfMjMbx1z8Kvhl,inference_categories,dailydilemmas,5,projection_only,0.2,-0.9047734598734486
R_5EfMjMbx1z8Kvhl,inference_categories,dailydilemmas,5,projection_alpha,0.2,-0.7009857953385012
R_5EfMjMbx1z8Kvhl,inference_categories,dailydilemmas,6,random_projection,0.5,-0.6923289403511493
R_5EfMjMbx1z8Kvhl,inference_categories,dailydilemmas,6,projection_only,0.3333333333333333,-0.8501708057809981
R_5EfMjMbx1z8Kvhl,inference_categories,dailydilemmas,6,projection_alpha,0.16666666666666666,-0.6998861308344818
R_5EfMjMbx1z8Kvhl,inference_categories,dailydilemmas,7,random_projection,0.42857142857142855,-0.6935584562329843
R_5EfMjMbx1z8Kvhl,inference_categories,dailydilemmas,7,projection_only,0.42857142857142855,-0.7866300399981447
R_5EfMjMbx1z8Kvhl,inference_categories,dailydilemmas,7,projection_alpha,0.2857142857142857,-0.6978890578348043
R_5EfMjMbx1z8Kvhl,inference_categories,dailydilemmas,8,random_projection,0.375,-0.6944622479270086
R_5EfMjMbx1z8Kvhl,inference_categories,dailydilemmas,8,projection_only,0.5,-0.7441432707005193
R_5EfMjMbx1z8Kvhl,inference_categories,dailydilemmas,8,projection_alpha,0.5,-0.6968968886690553
R_5EfMjMbx1z8Kvhl,inference_categories,dailydilemmas,9,random_projection,0.1111111111111111,-0.6957202862833739
R_5EfMjMbx1z8Kvhl,inference_categories,dailydilemmas,9,projection_only,0.6666666666666666,-0.682272660672156
R_5EfMjMbx1z8Kvhl,inference_categories,dailydilemmas,9,projection_alpha,0.5555555555555556,-0.693345055383294
R_5EfMjMbx1z8Kvhl,inference_categories,dailydilemmas,10,random_projection,0.1,-0.6957331355529576
R_5EfMjMbx1z8Kvhl,inference_categories,dailydilemmas,10,projection_only,0.6,-0.7410470909709584
R_5EfMjMbx1z8Kvhl,inference_categories,dailydilemmas,10,projection_alpha,0.5,-0.6968633403542989
R_5EfMjMbx1z8Kvhl,inference_categories,dailydilemmas,11,random_projection,0.2727272727272727,-0.6943318258093519
R_5EfMjMbx1z8Kvhl,inference_categories,dailydilemmas,11,projection_only,0.45454545454545453,-0.7210000950166601
R_5EfMjMbx1z8Kvhl,inference_categories,dailydilemmas,11,projection_alpha,0.36363636363636365,-0.6975847973116
R_5EfMjMbx1z8Kvhl,inference_categories,dailydilemmas,12,random_projection,0.3333333333333333,-0.6945557136767415
R_5EfMjMbx1z8Kvhl,inference_categories,dailydilemmas,12,projection_only,0.4166666666666667,-0.7464687650606766
R_5EfMjMbx1z8Kvhl,inference_categories,dailydilemmas,12,projection_alpha,0.4166666666666667,-0.6976781326170248
R_5EfMjMbx1z8Kvhl,inference_categories,dailydilemmas,13,random_projection,0.46153846153846156,-0.6940612191183375
R_5EfMjMbx1z8Kvhl,inference_categories,dailydilemmas,13,projection_only,0.5384615384615384,-0.706565822778837
R_5EfMjMbx1z8Kvhl,inference_categories,dailydilemmas,13,projection_alpha,0.46153846153846156,-0.6957784447767692
R_5EfMjMbx1z8Kvhl,inference_categories,dailydilemmas,14,random_projection,0.42857142857142855,-0.693546502782708
R_5EfMjMbx1z8Kvhl,inference_categories,dailydilemmas,14,projection_only,0.5,-0.7219748173921333
R_5EfMjMbx1z8Kvhl,inference_categories,dailydilemmas,14,projection_alpha,0.35714285714285715,-0.6976368373232367
R_5EfMjMbx1z8Kvhl,inference_categories,dailydilemmas,15,random_projection,0.6666666666666666,-0.6927526173467675
R_5EfMjMbx1z8Kvhl,inference_categories,dailydilemmas,15,projection_only,0.4666666666666667,-0.7067885151679686
R_5EfMjMbx1z8Kvhl,inference_categories,dailydilemmas,15,projection_alpha,0.4,-0.6970795353963148
R_5EfMjMbx1z8Kvhl,inference_categories,dailydilemmas,16,random_projection,0.625,-0.6935359694502844
R_5EfMjMbx1z8Kvhl,inference_categories,dailydilemmas,16,projection_only,0.5,-0.7104221855163106
R_5EfMjMbx1z8Kvhl,inference_categories,dailydilemmas,16,projection_alpha,0.5,-0.6966631274669267
R_5EfMjMbx1z8Kvhl,inference_categories,dailydilemmas,17,random_projection,0.4117647058823529,-0.6940217019923834
R_5EfMjMbx1z8Kvhl,inference_categories,dailydilemmas,17,projection_only,0.5294117647058824,-0.6785715013071865
R_5EfMjMbx1z8Kvhl,inference_categories,dailydilemmas,17,projection_alpha,0.5882352941176471,-0.6946503992557673
R_5EfMjMbx1z8Kvhl,inference_categories,dailydilemmas,18,random_projection,0.4444444444444444,-0.6940999343838271
R_5EfMjMbx1z8Kvhl,inference_categories,dailydilemmas,18,projection_only,0.5555555555555556,-0.6572507368511775
R_5EfMjMbx1z8Kvhl,inference_categories,dailydilemmas,18,projection_alpha,0.6111111111111112,-0.6919309346913705
R_5EfMjMbx1z8Kvhl,inference_categories,dailydilemmas,19,random_projection,0.5789473684210527,-0.6936315451377498
R_5EfMjMbx1z8Kvhl,inference_categories,dailydilemmas,19,projection_only,0.5789473684210527,-0.6468253634682544
R_5EfMjMbx1z8Kvhl,inference_categories,dailydilemmas,19,projection_alpha,0.631578947368421,-0.6897469845893411
R_5EfMjMbx1z8Kvhl,inference_categories,dailydilemmas,20,random_projection,0.55,-0.693454033863801
R_5EfMjMbx1z8Kvhl,inference_categories,dailydilemmas,20,projection_only,0.6,-0.6263643289873501
R_5EfMjMbx1z8Kvhl,inference_categories,dailydilemmas,20,projection_alpha,0.65,-0.6871960040109661
R_56aT1YjmRtKACUH,inference_categories,dailydilemmas,3,random_projection,0.3333333333333333,-0.6932351287454787
R_56aT1YjmRtKACUH,inference_categories,dailydilemmas,3,projection_only,0.0,-0.8006104360148872
R_56aT1YjmRtKACUH,inference_categories,dailydilemmas,3,projection_alpha,0.0,-0.6976362414894445
R_56aT1YjmRtKACUH,inference_categories,dailydilemmas,4,random_projection,0.5,-0.6931595008080897
R_56aT1YjmRtKACUH,inference_categories,dailydilemmas,4,projection_only,0.5,-0.5816219349803442
R_56aT1YjmRtKACUH,inference_categories,dailydilemmas,4,projection_alpha,0.5,-0.686788279760266
R_56aT1YjmRtKACUH,inference_categories,dailydilemmas,5,random_projection,0.6,-0.6919386180494872
R_56aT1YjmRtKACUH,inference_categories,dailydilemmas,5,projection_only,0.6,-0.4908970898571006
R_56aT1YjmRtKACUH,inference_categories,dailydilemmas,5,projection_alpha,0.6,-0.6760949851838951
R_56aT1YjmRtKACUH,inference_categories,dailydilemmas,6,random_projection,0.3333333333333333,-0.6928254559690186
R_56aT1YjmRtKACUH,inference_categories,dailydilemmas,6,projection_only,0.5,-0.5476638134024735
R_56aT1YjmRtKACUH,inference_categories,dailydilemmas,6,projection_alpha,0.5,-0.6827309675040594
R_56aT1YjmRtKACUH,inference_categories,dailydilemmas,7,random_projection,0.42857142857142855,-0.6944060035537193
R_56aT1YjmRtKACUH,inference_categories,dailydilemmas,7,projection_only,0.42857142857142855,-0.7054401499211735
R_56aT1YjmRtKACUH,inference_categories,dailydilemmas,7,projection_alpha,0.5714285714285714,-0.6925576661787748
R_56aT1YjmRtKACUH,inference_categories,dailydilemmas,8,random_projection,0.5,-0.6944259276578559
R_56aT1YjmRtKACUH,inference_categories,dailydilemmas,8,projection_only,0.625,-0.6482978892407456
R_56aT1YjmRtKACUH,inference_categories,dailydilemmas,8,projection_alpha,0.5,-0.6924324059662014
R_56aT1YjmRtKACUH,inference_categories,dailydilemmas,9,random_projection,0.5555555555555556,-0.6941117340918816
R_56aT1YjmRtKACUH,inference_categories,dailydilemmas,9,projection_only,0.6666666666666666,-0.6544486458453203
R_56aT1YjmRtKACUH,inference_categories,dailydilemmas,9,projection_alpha,0.5555555555555556,-0.6914658381154131
R_56aT1YjmRtKACUH,inference_categories,dailydilemmas,10,random_projection,0.6,-0.6934947896307068
R_56aT1YjmRtKACUH,inference_categories,dailydilemmas,10,projection_only,0.7,-0.6292668482585319
R_56aT1YjmRtKACUH,inference_categories,dailydilemmas,10,projection_alpha,0.7,-0.6895758479512328
R_56aT1YjmRtKACUH,inference_categories,dailydilemmas,11,random_projection,0.6363636363636364,-0.6933093496797835
R_56aT1YjmRtKACUH,inference_categories,dailydilemmas,11,projection_only,0.5454545454545454,-0.6352279625945901
R_56aT1YjmRtKACUH,inference_categories,dailydilemmas,11,projection_alpha,0.5454545454545454,-0.6914995485588662
R_56aT1YjmRtKACUH,inference_categories,dailydilemmas,12,random_projection,0.5833333333333334,-0.6931059994858809
R_56aT1YjmRtKACUH,inference_categories,dailydilemmas,12,projection_only,0.5833333333333334,-0.6192917971883184
R_56aT1YjmRtKACUH,inference_categories,dailydilemmas,12,projection_alpha,0.5833333333333334,-0.6924992586556854
R_56aT1YjmRtKACUH,inference_categories,dailydilemmas,13,random_projection,0.6153846153846154,-0.6936418477945997
R_56aT1YjmRtKACUH,inference_categories,dailydilemmas,13,projection_only,0.6923076923076923,-0.6129891978346641
R_56aT1YjmRtKACUH,inference_categories,dailydilemmas,13,projection_alpha,0.5384615384615384,-0.6940634989533433
R_56aT1YjmRtKACUH,inference_categories,dailydilemmas,14,random_projection,0.5,-0.695083958696208
R_56aT1YjmRtKACUH,inference_categories,dailydilemmas,14,projection_only,0.6428571428571429,-0.630005956814432
R_56aT1YjmRtKACUH,inference_categories,dailydilemmas,14,projection_alpha,0.5714285714285714,-0.693954658626927
R_56aT1YjmRtKACUH,inference_categories,dailydilemmas,15,random_projection,0.5333333333333333,-0.6948678767414052
R_56aT1YjmRtKACUH,inference_categories,dailydilemmas,15,projection_only,0.6,-0.6714024056829058
R_56aT1YjmRtKACUH,inference_categories,dailydilemmas,15,projection_alpha,0.5333333333333333,-0.6944318456263233
R_56aT1YjmRtKACUH,inference_categories,dailydilemmas,16,random_projection,0.625,-0.6939134080957554
R_56aT1YjmRtKACUH,inference_categories,dailydilemmas,16,projection_only,0.625,-0.6486703497904349
R_56aT1YjmRtKACUH,inference_categories,dailydilemmas,16,projection_alpha,0.5625,-0.6934254907223418
R_56aT1YjmRtKACUH,inference_categories,dailydilemmas,17,random_projection,0.5294117647058824,-0.6939107315621298
R_56aT1YjmRtKACUH,inference_categories,dailydilemmas,17,projection_only,0.5882352941176471,-0.6520717985009221
R_56aT1YjmRtKACUH,inference_categories,dailydilemmas,17,projection_alpha,0.5294117647058824,-0.6944535732406667
R_56aT1YjmRtKACUH,inference_categories,dailydilemmas,18,random_projection,0.5555555555555556,-0.6942653119317472
R_56aT1YjmRtKACUH,inference_categories,dailydilemmas,18,projection_only,0.5,-0.6921428132784517
R_56aT1YjmRtKACUH,inference_categories,dailydilemmas,18,projection_alpha,0.3888888888888889,-0.6956468139017311
R_56aT1YjmRtKACUH,inference_categories,dailydilemmas,19,random_projection,0.47368421052631576,-0.6943511211907603
R_56aT1YjmRtKACUH,inference_categories,dailydilemmas,19,projection_only,0.5789473684210527,-0.6834826216979298
R_56aT1YjmRtKACUH,inference_categories,dailydilemmas,19,projection_alpha,0.5263157894736842,-0.694892498513143
R_56aT1YjmRtKACUH,inference_categories,dailydilemmas,20,random_projection,0.55,-0.6941064696120288
R_56aT1YjmRtKACUH,inference_categories,dailydilemmas,20,projection_only,0.5,-0.6992218873665956
R_56aT1YjmRtKACUH,inference_categories,dailydilemmas,20,projection_alpha,0.4,-0.696094556850522
R_3HS2lsaEfcZSuXu,inference_categories,dailydilemmas,3,random_projection,0.0,-0.69483773454338
R_3HS2lsaEfcZSuXu,inference_categories,dailydilemmas,3,projection_only,0.0,-0.7658977670836093
R_3HS2lsaEfcZSuXu,inference_categories,dailydilemmas,3,projection_alpha,0.0,-0.6947231614531958
R_3HS2lsaEfcZSuXu,inference_categories,dailydilemmas,4,random_projection,0.25,-0.6941123470919834
R_3HS2lsaEfcZSuXu,inference_categories,dailydilemmas,4,projection_only,0.5,-0.6886602401142152
R_3HS2lsaEfcZSuXu,inference_categories,dailydilemmas,4,projection_alpha,0.5,-0.6927841273186273
R_3HS2lsaEfcZSuXu,inference_categories,dailydilemmas,5,random_projection,0.6,-0.6931996069753383
R_3HS2lsaEfcZSuXu,inference_categories,dailydilemmas,5,projection_only,0.6,-0.5668453026687663
R_3HS2lsaEfcZSuXu,inference_categories,dailydilemmas,5,projection_alpha,0.6,-0.6873069414896559
R_3HS2lsaEfcZSuXu,inference_categories,dailydilemmas,6,random_projection,0.16666666666666666,-0.694953280068134
R_3HS2lsaEfcZSuXu,inference_categories,dailydilemmas,6,projection_only,0.3333333333333333,-0.7667529798087109
R_3HS2lsaEfcZSuXu,inference_categories,dailydilemmas,6,projection_alpha,0.5,-0.6959102882536574
R_3HS2lsaEfcZSuXu,inference_categories,dailydilemmas,7,random_projection,0.0,-0.6950817542081739
R_3HS2lsaEfcZSuXu,inference_categories,dailydilemmas,7,projection_only,0.14285714285714285,-0.7789019945081337
R_3HS2lsaEfcZSuXu,inference_categories,dailydilemmas,7,projection_alpha,0.14285714285714285,-0.6968125470103984
R_3HS2lsaEfcZSuXu,inference_categories,dailydilemmas,8,random_projection,0.375,-0.6944116777755914
R_3HS2lsaEfcZSuXu,inference_categories,dailydilemmas,8,projection_only,0.125,-0.7880205348220497
R_3HS2lsaEfcZSuXu,inference_categories,dailydilemmas,8,projection_alpha,0.125,-0.697436671359317
R_3HS2lsaEfcZSuXu,inference_categories,dailydilemmas,9,random_projection,0.5555555555555556,-0.6932515071626943
R_3HS2lsaEfcZSuXu,inference_categories,dailydilemmas,9,projection_only,0.2222222222222222,-0.7721310675288867
R_3HS2lsaEfcZSuXu,inference_categories,dailydilemmas,9,projection_alpha,0.1111111111111111,-0.6970496763116473
R_3HS2lsaEfcZSuXu,inference_categories,dailydilemmas,10,random_projection,0.6,-0.6936284196911864
R_3HS2lsaEfcZSuXu,inference_categories,dailydilemmas,10,projection_only,0.4,-0.7354270361520154
R_3HS2lsaEfcZSuXu,inference_categories,dailydilemmas,10,projection_alpha,0.4,-0.6961406069644427
R_3HS2lsaEfcZSuXu,inference_categories,dailydilemmas,11,random_projection,0.6363636363636364,-0.6928213737010226
R_3HS2lsaEfcZSuXu,inference_categories,dailydilemmas,11,projection_only,0.36363636363636365,-0.7218654300158241
R_3HS2lsaEfcZSuXu,inference_categories,dailydilemmas,11,projection_alpha,0.45454545454545453,-0.6954324955359297
R_3HS2lsaEfcZSuXu,inference_categories,dailydilemmas,12,random_projection,0.5833333333333334,-0.6930319334967306
R_3HS2lsaEfcZSuXu,inference_categories,dailydilemmas,12,projection_only,0.5833333333333334,-0.7248967064280297
R_3HS2lsaEfcZSuXu,inference_categories,dailydilemmas,12,projection_alpha,0.4166666666666667,-0.6952382379261134
R_3HS2lsaEfcZSuXu,inference_categories,dailydilemmas,13,random_projection,0.5384615384615384,-0.6925822306057524
R_3HS2lsaEfcZSuXu,inference_categories,dailydilemmas,13,projection_only,0.6153846153846154,-0.7213325447605494
R_3HS2lsaEfcZSuXu,inference_categories,dailydilemmas,13,projection_alpha,0.5384615384615384,-0.6947660310136125
R_3HS2lsaEfcZSuXu,inference_categories,dailydilemmas,14,random_projection,0.7142857142857143,-0.6915185732612186
R_3HS2lsaEfcZSuXu,inference_categories,dailydilemmas,14,projection_only,0.7142857142857143,-0.6976631555933901
R_3HS2lsaEfcZSuXu,inference_categories,dailydilemmas,14,projection_alpha,0.5714285714285714,-0.6928905114308623
R_3HS2lsaEfcZSuXu,inference_categories,dailydilemmas,15,random_projection,0.6666666666666666,-0.6924804202018269
R_3HS2lsaEfcZSuXu,inference_categories,dailydilemmas,15,projection_only,0.5333333333333333,-0.7503310145954692
R_3HS2lsaEfcZSuXu,inference_categories,dailydilemmas,15,projection_alpha,0.5333333333333333,-0.6949611137536235
R_3HS2lsaEfcZSuXu,inference_categories,dailydilemmas,16,random_projection,0.6875,-0.6921044991809802
R_3HS2lsaEfcZSuXu,inference_categories,dailydilemmas,16,projection_only,0.5625,-0.7355713019346442
R_3HS2lsaEfcZSuXu,inference_categories,dailydilemmas,16,projection_alpha,0.5,-0.6938287467718086
R_3HS2lsaEfcZSuXu,inference_categories,dailydilemmas,17,random_projection,0.7058823529411765,-0.6918897563498192
R_3HS2lsaEfcZSuXu,inference_categories,dailydilemmas,17,projection_only,0.5882352941176471,-0.7075505600933779
R_3HS2lsaEfcZSuXu,inference_categories,dailydilemmas,17,projection_alpha,0.5882352941176471,-0.6911356614798079
R_3HS2lsaEfcZSuXu,inference_categories,dailydilemmas,18,random_projection,0.6666666666666666,-0.6922303825690551
R_3HS2lsaEfcZSuXu,inference_categories,dailydilemmas,18,projection_only,0.6666666666666666,-0.7084383141872466
R_3HS2lsaEfcZSuXu,inference_categories,dailydilemmas,18,projection_alpha,0.6111111111111112,-0.6908791170023011
R_3HS2lsaEfcZSuXu,inference_categories,dailydilemmas,19,random_projection,0.5789473684210527,-0.6927393573830853
R_3HS2lsaEfcZSuXu,inference_categories,dailydilemmas,19,projection_only,0.5263157894736842,-0.7087124834340979
R_3HS2lsaEfcZSuXu,inference_categories,dailydilemmas,19,projection_alpha,0.631578947368421,-0.6909500177673533
R_3HS2lsaEfcZSuXu,inference_categories,dailydilemmas,20,random_projection,0.5,-0.693715973792505
R_3HS2lsaEfcZSuXu,inference_categories,dailydilemmas,20,projection_only,0.55,-0.6885079549640369
R_3HS2lsaEfcZSuXu,inference_categories,dailydilemmas,20,projection_alpha,0.65,-0.6887993808553246
R_6HoVfVJSFl7IrlL,inference_categories,dailydilemmas,3,random_projection,1.0,-0.6929442427564827
R_6HoVfVJSFl7IrlL,inference_categories,dailydilemmas,3,projection_only,0.6666666666666666,-0.6866386356827036
R_6HoVfVJSFl7IrlL,inference_categories,dailydilemmas,3,projection_alpha,0.6666666666666666,-0.6930106171599034
R_6HoVfVJSFl7IrlL,inference_categories,dailydilemmas,4,random_projection,0.25,-0.6946333208789846
R_6HoVfVJSFl7IrlL,inference_categories,dailydilemmas,4,projection_only,0.5,-0.7199790026951507
R_6HoVfVJSFl7IrlL,inference_categories,dailydilemmas,4,projection_alpha,0.5,-0.6937101136233461
R_6HoVfVJSFl7IrlL,inference_categories,dailydilemmas,5,random_projection,0.4,-0.6941155923142874
R_6HoVfVJSFl7IrlL,inference_categories,dailydilemmas,5,projection_only,0.8,-0.6587872539051762
R_6HoVfVJSFl7IrlL,inference_categories,dailydilemmas,5,projection_alpha,0.8,-0.6921236807417024
R_6HoVfVJSFl7IrlL,inference_categories,dailydilemmas,6,random_projection,0.3333333333333333,-0.6941730761402348
R_6HoVfVJSFl7IrlL,inference_categories,dailydilemmas,6,projection_only,0.8333333333333334,-0.602270847518314
R_6HoVfVJSFl7IrlL,inference_categories,dailydilemmas,6,projection_alpha,0.8333333333333334,-0.6895645935848198
R_6HoVfVJSFl7IrlL,inference_categories,dailydilemmas,7,random_projection,0.0,-0.6948602748607584
R_6HoVfVJSFl7IrlL,inference_categories,dailydilemmas,7,projection_only,0.8571428571428571,-0.5663838813014263
R_6HoVfVJSFl7IrlL,inference_categories,dailydilemmas,7,projection_alpha,0.8571428571428571,-0.6880593570391161
R_6HoVfVJSFl7IrlL,inference_categories,dailydilemmas,8,random_projection,0.25,-0.694152619979543
R_6HoVfVJSFl7IrlL,inference_categories,dailydilemmas,8,projection_only,0.75,-0.5852976019629098
R_6HoVfVJSFl7IrlL,inference_categories,dailydilemmas,8,projection_alpha,0.875,-0.6880251813355358
R_6HoVfVJSFl7IrlL,inference_categories,dailydilemmas,9,random_projection,0.4444444444444444,-0.6934020306250788
R_6HoVfVJSFl7IrlL,inference_categories,dailydilemmas,9,projection_only,0.6666666666666666,-0.6522015516628097
R_6HoVfVJSFl7IrlL,inference_categories,dailydilemmas,9,projection_alpha,0.6666666666666666,-0.6903372723618283
R_6HoVfVJSFl7IrlL,inference_categories,dailydilemmas,10,random_projection,0.5,-0.6937751441928338
R_6HoVfVJSFl7IrlL,inference_categories,dailydilemmas,10,projection_only,0.7,-0.6334406204957076
R_6HoVfVJSFl7IrlL,inference_categories,dailydilemmas,10,projection_alpha,0.7,-0.6894139251551348
R_6HoVfVJSFl7IrlL,inference_categories,dailydilemmas,11,random_projection,0.5454545454545454,-0.6924867299187258
R_6HoVfVJSFl7IrlL,inference_categories,dailydilemmas,11,projection_only,0.7272727272727273,-0.5676784536483056
R_6HoVfVJSFl7IrlL,inference_categories,dailydilemmas,11,projection_alpha,0.7272727272727273,-0.6801727066623708
R_6HoVfVJSFl7IrlL,inference_categories,dailydilemmas,12,random_projection,0.3333333333333333,-0.6941993478039828
R_6HoVfVJSFl7IrlL,inference_categories,dailydilemmas,12,projection_only,0.5833333333333334,-0.700204999529634
R_6HoVfVJSFl7IrlL,inference_categories,dailydilemmas,12,projection_alpha,0.6666666666666666,-0.689149694504369
R_6HoVfVJSFl7IrlL,inference_categories,dailydilemmas,13,random_projection,0.3076923076923077,-0.6941298545449585
R_6HoVfVJSFl7IrlL,inference_categories,dailydilemmas,13,projection_only,0.6153846153846154,-0.6821940320376039
R_6HoVfVJSFl7IrlL,inference_categories,dailydilemmas,13,projection_alpha,0.6153846153846154,-0.6896602499030396
R_6HoVfVJSFl7IrlL,inference_categories,dailydilemmas,14,random_projection,0.5714285714285714,-0.693518461659556
R_6HoVfVJSFl7IrlL,inference_categories,dailydilemmas,14,projection_only,0.6428571428571429,-0.6625758007093652
R_6HoVfVJSFl7IrlL,inference_categories,dailydilemmas,14,projection_alpha,0.6428571428571429,-0.6862061791853403
R_6HoVfVJSFl7IrlL,inference_categories,dailydilemmas,15,random_projection,0.5333333333333333,-0.6923096851666375
R_6HoVfVJSFl7IrlL,inference_categories,dailydilemmas,15,projection_only,0.6666666666666666,-0.6240690480012989
R_6HoVfVJSFl7IrlL,inference_categories,dailydilemmas,15,projection_alpha,0.6666666666666666,-0.6799081825804026
R_6HoVfVJSFl7IrlL,inference_categories,dailydilemmas,16,random_projection,0.6875,-0.6910432752264408
R_6HoVfVJSFl7IrlL,inference_categories,dailydilemmas,16,projection_only,0.6875,-0.611360562640747
R_6HoVfVJSFl7IrlL,inference_categories,dailydilemmas,16,projection_alpha,0.6875,-0.6788073097388423
R_6HoVfVJSFl7IrlL,inference_categories,dailydilemmas,17,random_projection,0.6470588235294118,-0.6915534264329778
R_6HoVfVJSFl7IrlL,inference_categories,dailydilemmas,17,projection_only,0.6470588235294118,-0.6765511931342324
R_6HoVfVJSFl7IrlL,inference_categories,dailydilemmas,17,projection_alpha,0.6470588235294118,-0.6850501484744752
R_6HoVfVJSFl7IrlL,inference_categories,dailydilemmas,18,random_projection,0.6666666666666666,-0.6909597771967563
R_6HoVfVJSFl7IrlL,inference_categories,dailydilemmas,18,projection_only,0.6666666666666666,-0.6569781148879376
R_6HoVfVJSFl7IrlL,inference_categories,dailydilemmas,18,projection_alpha,0.6666666666666666,-0.682816649489993
R_6HoVfVJSFl7IrlL,inference_categories,dailydilemmas,19,random_projection,0.5789473684210527,-0.6913925421519186
R_6HoVfVJSFl7IrlL,inference_categories,dailydilemmas,19,projection_only,0.631578947368421,-0.6631706611480314
R_6HoVfVJSFl7IrlL,inference_categories,dailydilemmas,19,projection_alpha,0.6842105263157895,-0.6829367278079157
R_6HoVfVJSFl7IrlL,inference_categories,dailydilemmas,20,random_projection,0.65,-0.690687258154507
R_6HoVfVJSFl7IrlL,inference_categories,dailydilemmas,20,projection_only,0.65,-0.6597242855715189
R_6HoVfVJSFl7IrlL,inference_categories,dailydilemmas,20,projection_alpha,0.7,-0.6823319178730216
R_5Q5TZ5csoblHSvA,inference_categories,dailydilemmas,3,random_projection,1.0,-0.6929604373459638
R_5Q5TZ5csoblHSvA,inference_categories,dailydilemmas,3,projection_only,0.3333333333333333,-0.7500363745738966
R_5Q5TZ5csoblHSvA,inference_categories,dailydilemmas,3,projection_alpha,0.3333333333333333,-0.7121127694870878
R_5Q5TZ5csoblHSvA,inference_categories,dailydilemmas,4,random_projection,0.5,-0.692065631105764
R_5Q5TZ5csoblHSvA,inference_categories,dailydilemmas,4,projection_only,0.0,-0.8474622077247441
R_5Q5TZ5csoblHSvA,inference_categories,dailydilemmas,4,projection_alpha,0.5,-0.6967054637146015
R_5Q5TZ5csoblHSvA,inference_categories,dailydilemmas,5,random_projection,0.8,-0.6925042648535135
R_5Q5TZ5csoblHSvA,inference_categories,dailydilemmas,5,projection_only,0.0,-0.8892633386246827
R_5Q5TZ5csoblHSvA,inference_categories,dailydilemmas,5,projection_alpha,0.4,-0.6987523991085557
R_5Q5TZ5csoblHSvA,inference_categories,dailydilemmas,6,random_projection,0.6666666666666666,-0.6933214968963616
R_5Q5TZ5csoblHSvA,inference_categories,dailydilemmas,6,projection_only,0.5,-0.8163440957311532
R_5Q5TZ5csoblHSvA,inference_categories,dailydilemmas,6,projection_alpha,0.5,-0.690049248770564
R_5Q5TZ5csoblHSvA,inference_categories,dailydilemmas,7,random_projection,0.5714285714285714,-0.6932174014761332
R_5Q5TZ5csoblHSvA,inference_categories,dailydilemmas,7,projection_only,0.5714285714285714,-0.7713675790703233
R_5Q5TZ5csoblHSvA,inference_categories,dailydilemmas,7,projection_alpha,0.5714285714285714,-0.6854341085335403
R_5Q5TZ5csoblHSvA,inference_categories,dailydilemmas,8,random_projection,0.5,-0.6932404834815562
R_5Q5TZ5csoblHSvA,inference_categories,dailydilemmas,8,projection_only,0.75,-0.7302679888411576
R_5Q5TZ5csoblHSvA,inference_categories,dailydilemmas,8,projection_alpha,0.75,-0.6776697624764618
R_5Q5TZ5csoblHSvA,inference_categories,dailydilemmas,9,random_projection,0.6666666666666666,-0.6914440872831811
R_5Q5TZ5csoblHSvA,inference_categories,dailydilemmas,9,projection_only,0.7777777777777778,-0.6794553959087714
R_5Q5TZ5csoblHSvA,inference_categories,dailydilemmas,9,projection_alpha,0.7777777777777778,-0.6734106110908613
R_5Q5TZ5csoblHSvA,inference_categories,dailydilemmas,10,random_projection,0.9,-0.6890588815872504
R_5Q5TZ5csoblHSvA,inference_categories,dailydilemmas,10,projection_only,0.8,-0.6217206886186261
R_5Q5TZ5csoblHSvA,inference_categories,dailydilemmas,10,projection_alpha,0.7,-0.6651001870498418
R_5Q5TZ5csoblHSvA,inference_categories,dailydilemmas,11,random_projection,0.8181818181818182,-0.6909458065502454
R_5Q5TZ5csoblHSvA,inference_categories,dailydilemmas,11,projection_only,0.6363636363636364,-0.7447991825676165
R_5Q5TZ5csoblHSvA,inference_categories,dailydilemmas,11,projection_alpha,0.7272727272727273,-0.6760366432398642
R_5Q5TZ5csoblHSvA,inference_categories,dailydilemmas,12,random_projection,0.8333333333333334,-0.6906694268028213
R_5Q5TZ5csoblHSvA,inference_categories,dailydilemmas,12,projection_only,0.5833333333333334,-0.7600696051043264
R_5Q5TZ5csoblHSvA,inference_categories,dailydilemmas,12,projection_alpha,0.6666666666666666,-0.6799462387329402
R_5Q5TZ5csoblHSvA,inference_categories,dailydilemmas,13,random_projection,0.6153846153846154,-0.6934932392122588
R_5Q5TZ5csoblHSvA,inference_categories,dailydilemmas,13,projection_only,0.5384615384615384,-0.8130878283928725
R_5Q5TZ5csoblHSvA,inference_categories,dailydilemmas,13,projection_alpha,0.6153846153846154,-0.6934295674692698
R_5Q5TZ5csoblHSvA,inference_categories,dailydilemmas,14,random_projection,0.5714285714285714,-0.6931145516928775
R_5Q5TZ5csoblHSvA,inference_categories,dailydilemmas,14,projection_only,0.6428571428571429,-0.7950536026556149
R_5Q5TZ5csoblHSvA,inference_categories,dailydilemmas,14,projection_alpha,0.6428571428571429,-0.689995970721319
R_5Q5TZ5csoblHSvA,inference_categories,dailydilemmas,15,random_projection,0.5333333333333333,-0.6930409827577273
R_5Q5TZ5csoblHSvA,inference_categories,dailydilemmas,15,projection_only,0.6666666666666666,-0.7790587359122699
R_5Q5TZ5csoblHSvA,inference_categories,dailydilemmas,15,projection_alpha,0.6666666666666666,-0.6869622925485814
R_5Q5TZ5csoblHSvA,inference_categories,dailydilemmas,16,random_projection,0.625,-0.6927504610723029
R_5Q5TZ5csoblHSvA,inference_categories,dailydilemmas,16,projection_only,0.5,-0.8033261063353283
R_5Q5TZ5csoblHSvA,inference_categories,dailydilemmas,16,projection_alpha,0.625,-0.6913627252154138
R_5Q5TZ5csoblHSvA,inference_categories,dailydilemmas,17,random_projection,0.6470588235294118,-0.6927265364836042
R_5Q5TZ5csoblHSvA,inference_categories,dailydilemmas,17,projection_only,0.4117647058823529,-0.7970754992853781
R_5Q5TZ5csoblHSvA,inference_categories,dailydilemmas,17,projection_alpha,0.5882352941176471,-0.6941284419092333
R_5Q5TZ5csoblHSvA,inference_categories,dailydilemmas,18,random_projection,0.5555555555555556,-0.6930745285466903
R_5Q5TZ5csoblHSvA,inference_categories,dailydilemmas,18,projection_only,0.5,-0.7870666904760252
R_5Q5TZ5csoblHSvA,inference_categories,dailydilemmas,18,projection_alpha,0.6111111111111112,-0.691915031331554
R_5Q5TZ5csoblHSvA,inference_categories,dailydilemmas,19,random_projection,0.5789473684210527,-0.6932549980018624
R_5Q5TZ5csoblHSvA,inference_categories,dailydilemmas,19,projection_only,0.5789473684210527,-0.7590488165943495
R_5Q5TZ5csoblHSvA,inference_categories,dailydilemmas,19,projection_alpha,0.631578947368421,-0.6843620106091091
R_5Q5TZ5csoblHSvA,inference_categories,dailydilemmas,20,random_projection,0.6,-0.6943457195727748
R_5Q5TZ5csoblHSvA,inference_categories,dailydilemmas,20,projection_only,0.65,-0.756148719563602
R_5Q5TZ5csoblHSvA,inference_categories,dailydilemmas,20,projection_alpha,0.65,-0.6834369168353154
R_18H831wJaDlPwgg,inference_categories,dailydilemmas,3,random_projection,0.3333333333333333,-0.692799624713326
R_18H831wJaDlPwgg,inference_categories,dailydilemmas,3,projection_only,0.3333333333333333,-0.6405987242689998
R_18H831wJaDlPwgg,inference_categories,dailydilemmas,3,projection_alpha,0.3333333333333333,-0.6916900525006087
R_18H831wJaDlPwgg,inference_categories,dailydilemmas,4,random_projection,0.75,-0.6909366623041276
R_18H831wJaDlPwgg,inference_categories,dailydilemmas,4,projection_only,0.75,-0.4896085836306524
R_18H831wJaDlPwgg,inference_categories,dailydilemmas,4,projection_alpha,0.75,-0.6853091621592206
R_18H831wJaDlPwgg,inference_categories,dailydilemmas,5,random_projection,0.8,-0.6882847894690313
R_18H831wJaDlPwgg,inference_categories,dailydilemmas,5,projection_only,0.8,-0.3858529839869762
R_18H831wJaDlPwgg,inference_categories,dailydilemmas,5,projection_alpha,0.8,-0.6629687505645067
R_18H831wJaDlPwgg,inference_categories,dailydilemmas,6,random_projection,0.8333333333333334,-0.6883662525488009
R_18H831wJaDlPwgg,inference_categories,dailydilemmas,6,projection_only,0.8333333333333334,-0.3894842957497855
R_18H831wJaDlPwgg,inference_categories,dailydilemmas,6,projection_alpha,0.8333333333333334,-0.663040895301636
R_18H831wJaDlPwgg,inference_categories,dailydilemmas,7,random_projection,0.8571428571428571,-0.6869421606066802
R_18H831wJaDlPwgg,inference_categories,dailydilemmas,7,projection_only,0.8571428571428571,-0.3811812593231818
R_18H831wJaDlPwgg,inference_categories,dailydilemmas,7,projection_alpha,0.8571428571428571,-0.6646276938257903
R_18H831wJaDlPwgg,inference_categories,dailydilemmas,8,random_projection,0.75,-0.689196151771973
R_18H831wJaDlPwgg,inference_categories,dailydilemmas,8,projection_only,0.875,-0.3925215545274312
R_18H831wJaDlPwgg,inference_categories,dailydilemmas,8,projection_alpha,0.875,-0.6577300841199532
R_18H831wJaDlPwgg,inference_categories,dailydilemmas,9,random_projection,0.7777777777777778,-0.6853222628565823
R_18H831wJaDlPwgg,inference_categories,dailydilemmas,9,projection_only,0.8888888888888888,-0.36565992716938317
R_18H831wJaDlPwgg,inference_categories,dailydilemmas,9,projection_alpha,0.8888888888888888,-0.6725497219885457
R_18H831wJaDlPwgg,inference_categories,dailydilemmas,10,random_projection,0.8,-0.6834768938781686
R_18H831wJaDlPwgg,inference_categories,dailydilemmas,10,projection_only,0.9,-0.3313120932636219
R_18H831wJaDlPwgg,inference_categories,dailydilemmas,10,projection_alpha,0.9,-0.6677927681618996
R_18H831wJaDlPwgg,inference_categories,dailydilemmas,11,random_projection,0.8181818181818182,-0.683410372960268
R_18H831wJaDlPwgg,inference_categories,dailydilemmas,11,projection_only,0.9090909090909091,-0.3534820370307894
R_18H831wJaDlPwgg,inference_categories,dailydilemmas,11,projection_alpha,0.8181818181818182,-0.670034868302005
R_18H831wJaDlPwgg,inference_categories,dailydilemmas,12,random_projection,0.75,-0.6842412987337924
R_18H831wJaDlPwgg,inference_categories,dailydilemmas,12,projection_only,0.8333333333333334,-0.5128931074234394
R_18H831wJaDlPwgg,inference_categories,dailydilemmas,12,projection_alpha,0.75,-0.6835720326871312
R_18H831wJaDlPwgg,inference_categories,dailydilemmas,13,random_projection,0.8461538461538461,-0.6792158686251961
R_18H831wJaDlPwgg,inference_categories,dailydilemmas,13,projection_only,0.8461538461538461,-0.47067898687822995
R_18H831wJaDlPwgg,inference_categories,dailydilemmas,13,projection_alpha,0.7692307692307693,-0.6695224714940244
R_18H831wJaDlPwgg,inference_categories,dailydilemmas,14,random_projection,0.8571428571428571,-0.6781799100679188
R_18H831wJaDlPwgg,inference_categories,dailydilemmas,14,projection_only,0.7857142857142857,-0.5041848374377627
R_18H831wJaDlPwgg,inference_categories,dailydilemmas,14,projection_alpha,0.7142857142857143,-0.6729444538640806
R_18H831wJaDlPwgg,inference_categories,dailydilemmas,15,random_projection,0.8666666666666667,-0.6747307086660898
R_18H831wJaDlPwgg,inference_categories,dailydilemmas,15,projection_only,0.8,-0.4757896207182111
R_18H831wJaDlPwgg,inference_categories,dailydilemmas,15,projection_alpha,0.7333333333333333,-0.6654245731767137
R_18H831wJaDlPwgg,inference_categories,dailydilemmas,16,random_projection,0.875,-0.6745534796055763
R_18H831wJaDlPwgg,inference_categories,dailydilemmas,16,projection_only,0.8125,-0.4714048229606461
R_18H831wJaDlPwgg,inference_categories,dailydilemmas,16,projection_alpha,0.75,-0.6330495679703083
R_18H831wJaDlPwgg,inference_categories,dailydilemmas,17,random_projection,0.8823529411764706,-0.6727702095329319
R_18H831wJaDlPwgg,inference_categories,dailydilemmas,17,projection_only,0.8235294117647058,-0.44780005994473254
R_18H831wJaDlPwgg,inference_categories,dailydilemmas,17,projection_alpha,0.7647058823529411,-0.6259758430383533
R_18H831wJaDlPwgg,inference_categories,dailydilemmas,18,random_projection,0.8888888888888888,-0.6720761159130937
R_18H831wJaDlPwgg,inference_categories,dailydilemmas,18,projection_only,0.8333333333333334,-0.45191500161738823
R_18H831wJaDlPwgg,inference_categories,dailydilemmas,18,projection_alpha,0.7222222222222222,-0.633038880370631
R_18H831wJaDlPwgg,inference_categories,dailydilemmas,19,random_projection,0.8421052631578947,-0.6732362275266238
R_18H831wJaDlPwgg,inference_categories,dailydilemmas,19,projection_only,0.8421052631578947,-0.4626496901426446
R_18H831wJaDlPwgg,inference_categories,dailydilemmas,19,projection_alpha,0.7368421052631579,-0.6338507591379452
R_18H831wJaDlPwgg,inference_categories,dailydilemmas,20,random_projection,0.8,-0.6757498985800497
R_18H831wJaDlPwgg,inference_categories,dailydilemmas,20,projection_only,0.85,-0.46405296292845116
R_18H831wJaDlPwgg,inference_categories,dailydilemmas,20,projection_alpha,0.75,-0.6343628513093746
R_12mMAseFwoOpgqC,inference_categories,dailydilemmas,4,random_projection,0.75,-0.6917170933621425
R_12mMAseFwoOpgqC,inference_categories,dailydilemmas,4,projection_only,0.5,-0.6085972724640116
R_12mMAseFwoOpgqC,inference_categories,dailydilemmas,4,projection_alpha,0.5,-0.6662185811217826
R_12mMAseFwoOpgqC,inference_categories,dailydilemmas,5,random_projection,0.6,-0.6906439155995381
R_12mMAseFwoOpgqC,inference_categories,dailydilemmas,5,projection_only,0.6,-0.5119463131879044
R_12mMAseFwoOpgqC,inference_categories,dailydilemmas,5,projection_alpha,0.6,-0.6581570716394475
R_12mMAseFwoOpgqC,inference_categories,dailydilemmas,6,random_projection,1.0,-0.6895015473772239
R_12mMAseFwoOpgqC,inference_categories,dailydilemmas,6,projection_only,0.5,-0.6131860564272835
R_12mMAseFwoOpgqC,inference_categories,dailydilemmas,6,projection_alpha,0.5,-0.671647232972224
R_12mMAseFwoOpgqC,inference_categories,dailydilemmas,7,random_projection,1.0,-0.6898565727368269
R_12mMAseFwoOpgqC,inference_categories,dailydilemmas,7,projection_only,0.5714285714285714,-0.576753165762446
R_12mMAseFwoOpgqC,inference_categories,dailydilemmas,7,projection_alpha,0.5714285714285714,-0.6646436531786272
R_12mMAseFwoOpgqC,inference_categories,dailydilemmas,8,random_projection,0.875,-0.690136913728687
R_12mMAseFwoOpgqC,inference_categories,dailydilemmas,8,projection_only,0.625,-0.5033001050751078
R_12mMAseFwoOpgqC,inference_categories,dailydilemmas,8,projection_alpha,0.625,-0.6471154450004382
R_12mMAseFwoOpgqC,inference_categories,dailydilemmas,9,random_projection,1.0,-0.687953879639475
R_12mMAseFwoOpgqC,inference_categories,dailydilemmas,9,projection_only,0.5555555555555556,-0.5535753812443919
R_12mMAseFwoOpgqC,inference_categories,dailydilemmas,9,projection_alpha,0.5555555555555556,-0.6538346498456853
R_12mMAseFwoOpgqC,inference_categories,dailydilemmas,10,random_projection,1.0,-0.6874578191702563
R_12mMAseFwoOpgqC,inference_categories,dailydilemmas,10,projection_only,0.6,-0.5603368557417271
R_12mMAseFwoOpgqC,inference_categories,dailydilemmas,10,projection_alpha,0.6,-0.6568605377271611
R_12mMAseFwoOpgqC,inference_categories,dailydilemmas,11,random_projection,0.9090909090909091,-0.6882545494330358
R_12mMAseFwoOpgqC,inference_categories,dailydilemmas,11,projection_only,0.5454545454545454,-0.5599872175759678
R_12mMAseFwoOpgqC,inference_categories,dailydilemmas,11,projection_alpha,0.6363636363636364,-0.6589659401865292
R_12mMAseFwoOpgqC,inference_categories,dailydilemmas,12,random_projection,0.75,-0.6884436775431387
R_12mMAseFwoOpgqC,inference_categories,dailydilemmas,12,projection_only,0.5833333333333334,-0.5511752088663407
R_12mMAseFwoOpgqC,inference_categories,dailydilemmas,12,projection_alpha,0.6666666666666666,-0.6561351863331005
R_12mMAseFwoOpgqC,inference_categories,dailydilemmas,13,random_projection,0.6923076923076923,-0.6903184307103777
R_12mMAseFwoOpgqC,inference_categories,dailydilemmas,13,projection_only,0.46153846153846156,-0.7068323736806987
R_12mMAseFwoOpgqC,inference_categories,dailydilemmas,13,projection_alpha,0.6153846153846154,-0.6510061341550766
R_12mMAseFwoOpgqC,inference_categories,dailydilemmas,14,random_projection,0.7857142857142857,-0.6891766526121541
R_12mMAseFwoOpgqC,inference_categories,dailydilemmas,14,projection_only,0.5,-0.6626169841494262
R_12mMAseFwoOpgqC,inference_categories,dailydilemmas,14,projection_alpha,0.6428571428571429,-0.6435276912690461
R_12mMAseFwoOpgqC,inference_categories,dailydilemmas,15,random_projection,0.7333333333333333,-0.6895331497278148
R_12mMAseFwoOpgqC,inference_categories,dailydilemmas,15,projection_only,0.4666666666666667,-0.6810131485953372
R_12mMAseFwoOpgqC,inference_categories,dailydilemmas,15,projection_alpha,0.6,-0.6494628900499575
R_12mMAseFwoOpgqC,inference_categories,dailydilemmas,16,random_projection,0.75,-0.68972801457488
R_12mMAseFwoOpgqC,inference_categories,dailydilemmas,16,projection_only,0.5,-0.6727617955614491
R_12mMAseFwoOpgqC,inference_categories,dailydilemmas,16,projection_alpha,0.625,-0.6478774597126404
R_12mMAseFwoOpgqC,inference_categories,dailydilemmas,17,random_projection,0.7058823529411765,-0.6908361892197038
R_12mMAseFwoOpgqC,inference_categories,dailydilemmas,17,projection_only,0.5294117647058824,-0.6563707837409415
R_12mMAseFwoOpgqC,inference_categories,dailydilemmas,17,projection_alpha,0.6470588235294118,-0.645194896506577
R_12mMAseFwoOpgqC,inference_categories,dailydilemmas,18,random_projection,0.6666666666666666,-0.6902822577659914
R_12mMAseFwoOpgqC,inference_categories,dailydilemmas,18,projection_only,0.5,-0.6874652243916923
R_12mMAseFwoOpgqC,inference_categories,dailydilemmas,18,projection_alpha,0.6666666666666666,-0.6565039503111882
R_12mMAseFwoOpgqC,inference_categories,dailydilemmas,19,random_projection,0.631578947368421,-0.6909116118056587
R_12mMAseFwoOpgqC,inference_categories,dailydilemmas,19,projection_only,0.5263157894736842,-0.6786460670116419
R_12mMAseFwoOpgqC,inference_categories,dailydilemmas,19,projection_alpha,0.6842105263157895,-0.6546386990284829
R_12mMAseFwoOpgqC,inference_categories,dailydilemmas,20,random_projection,0.65,-0.6916022537155551
R_12mMAseFwoOpgqC,inference_categories,dailydilemmas,20,projection_only,0.5,-0.6930339711229607
R_12mMAseFwoOpgqC,inference_categories,dailydilemmas,20,projection_alpha,0.65,-0.6592579829519727
R_7ojvA7NDI10RoKR,inference_categories,dailydilemmas,5,random_projection,0.6,-0.6927960327101429
R_7ojvA7NDI10RoKR,inference_categories,dailydilemmas,5,projection_only,0.6,-0.5748774633181115
R_7ojvA7NDI10RoKR,inference_categories,dailydilemmas,5,projection_alpha,0.4,-0.6970479389348154
R_7ojvA7NDI10RoKR,inference_categories,dailydilemmas,6,random_projection,0.6666666666666666,-0.6923070397444975
R_7ojvA7NDI10RoKR,inference_categories,dailydilemmas,6,projection_only,0.6666666666666666,-0.5013431364430972
R_7ojvA7NDI10RoKR,inference_categories,dailydilemmas,6,projection_alpha,0.6666666666666666,-0.6866056105886004
R_7ojvA7NDI10RoKR,inference_categories,dailydilemmas,7,random_projection,0.7142857142857143,-0.6906706595628037
R_7ojvA7NDI10RoKR,inference_categories,dailydilemmas,7,projection_only,0.7142857142857143,-0.43799894552835467
R_7ojvA7NDI10RoKR,inference_categories,dailydilemmas,7,projection_alpha,0.7142857142857143,-0.6749214758234013
R_7ojvA7NDI10RoKR,inference_categories,dailydilemmas,8,random_projection,0.75,-0.6903114910398376
R_7ojvA7NDI10RoKR,inference_categories,dailydilemmas,8,projection_only,0.75,-0.37247094267139086
R_7ojvA7NDI10RoKR,inference_categories,dailydilemmas,8,projection_alpha,0.75,-0.666439790001528
R_7ojvA7NDI10RoKR,inference_categories,dailydilemmas,9,random_projection,0.6666666666666666,-0.6910143938716421
R_7ojvA7NDI10RoKR,inference_categories,dailydilemmas,9,projection_only,0.7777777777777778,-0.3707817585490678
R_7ojvA7NDI10RoKR,inference_categories,dailydilemmas,9,projection_alpha,0.7777777777777778,-0.6647295805960071
R_7ojvA7NDI10RoKR,inference_categories,dailydilemmas,10,random_projection,0.6,-0.6918452546547468
R_7ojvA7NDI10RoKR,inference_categories,dailydilemmas,10,projection_only,0.8,-0.6484699433522003
R_7ojvA7NDI10RoKR,inference_categories,dailydilemmas,10,projection_alpha,0.7,-0.6694613726365979
R_7ojvA7NDI10RoKR,inference_categories,dailydilemmas,11,random_projection,0.7272727272727273,-0.6908481643931871
R_7ojvA7NDI10RoKR,inference_categories,dailydilemmas,11,projection_only,0.8181818181818182,-0.6130858980281609
R_7ojvA7NDI10RoKR,inference_categories,dailydilemmas,11,projection_alpha,0.7272727272727273,-0.6633264211243983
R_7ojvA7NDI10RoKR,inference_categories,dailydilemmas,12,random_projection,0.5,-0.6916510045233032
R_7ojvA7NDI10RoKR,inference_categories,dailydilemmas,12,projection_only,0.8333333333333334,-0.6056804314928308
R_7ojvA7NDI10RoKR,inference_categories,dailydilemmas,12,projection_alpha,0.6666666666666666,-0.6680004100196101
R_7ojvA7NDI10RoKR,inference_categories,dailydilemmas,13,random_projection,0.46153846153846156,-0.6936399025198009
R_7ojvA7NDI10RoKR,inference_categories,dailydilemmas,13,projection_only,0.8461538461538461,-0.6133673125863494
R_7ojvA7NDI10RoKR,inference_categories,dailydilemmas,13,projection_alpha,0.6923076923076923,-0.6682034777541103
R_7ojvA7NDI10RoKR,inference_categories,dailydilemmas,14,random_projection,0.5,-0.6918929631654892
R_7ojvA7NDI10RoKR,inference_categories,dailydilemmas,14,projection_only,0.8571428571428571,-0.5946648213932572
R_7ojvA7NDI10RoKR,inference_categories,dailydilemmas,14,projection_alpha,0.7857142857142857,-0.6543341047920996
R_7ojvA7NDI10RoKR,inference_categories,dailydilemmas,15,random_projection,0.5333333333333333,-0.6916816621261754
R_7ojvA7NDI10RoKR,inference_categories,dailydilemmas,15,projection_only,0.8666666666666667,-0.5724589831154128
R_7ojvA7NDI10RoKR,inference_categories,dailydilemmas,15,projection_alpha,0.8,-0.65153796592788
R_7ojvA7NDI10RoKR,inference_categories,dailydilemmas,16,random_projection,0.5625,-0.6920365610705834
R_7ojvA7NDI10RoKR,inference_categories,dailydilemmas,16,projection_only,0.875,-0.5703381479695365
R_7ojvA7NDI10RoKR,inference_categories,dailydilemmas,16,projection_alpha,0.75,-0.6490211983220782
R_7ojvA7NDI10RoKR,inference_categories,dailydilemmas,17,random_projection,0.5294117647058824,-0.692163170544101
R_7ojvA7NDI10RoKR,inference_categories,dailydilemmas,17,projection_only,0.8823529411764706,-0.5407954167296211
R_7ojvA7NDI10RoKR,inference_categories,dailydilemmas,17,projection_alpha,0.7647058823529411,-0.6445984638344772
R_7ojvA7NDI10RoKR,inference_categories,dailydilemmas,18,random_projection,0.6111111111111112,-0.6927665062190428
R_7ojvA7NDI10RoKR,inference_categories,dailydilemmas,18,projection_only,0.8888888888888888,-0.5240341319622437
R_7ojvA7NDI10RoKR,inference_categories,dailydilemmas,18,projection_alpha,0.8333333333333334,-0.6440509803785703
R_7ojvA7NDI10RoKR,inference_categories,dailydilemmas,19,random_projection,0.5263157894736842,-0.6930681675295182
R_7ojvA7NDI10RoKR,inference_categories,dailydilemmas,19,projection_only,0.8947368421052632,-0.5232697928277196
R_7ojvA7NDI10RoKR,inference_categories,dailydilemmas,19,projection_alpha,0.7894736842105263,-0.642451782441109
R_7ojvA7NDI10RoKR,inference_categories,dailydilemmas,20,random_projection,0.5,-0.6930605366630076
R_7ojvA7NDI10RoKR,inference_categories,dailydilemmas,20,projection_only,0.8,-0.5620850058645566
R_7ojvA7NDI10RoKR,inference_categories,dailydilemmas,20,projection_alpha,0.75,-0.6497257406412126
R_5gbXjT8uFYXCo7E,inference_categories,dailydilemmas,3,random_projection,1.0,-0.6918100250553024
R_5gbXjT8uFYXCo7E,inference_categories,dailydilemmas,3,projection_only,0.6666666666666666,-0.6908744861867181
R_5gbXjT8uFYXCo7E,inference_categories,dailydilemmas,3,projection_alpha,0.6666666666666666,-0.6931659723606232
R_5gbXjT8uFYXCo7E,inference_categories,dailydilemmas,4,random_projection,1.0,-0.6900775620450309
R_5gbXjT8uFYXCo7E,inference_categories,dailydilemmas,4,projection_only,0.75,-0.5706258450235266
R_5gbXjT8uFYXCo7E,inference_categories,dailydilemmas,4,projection_alpha,0.75,-0.6890990812398596
R_5gbXjT8uFYXCo7E,inference_categories,dailydilemmas,5,random_projection,0.6,-0.6910188685255717
R_5gbXjT8uFYXCo7E,inference_categories,dailydilemmas,5,projection_only,0.6,-0.7615505432859905
R_5gbXjT8uFYXCo7E,inference_categories,dailydilemmas,5,projection_alpha,0.6,-0.6946856592656053
R_5gbXjT8uFYXCo7E,inference_categories,dailydilemmas,6,random_projection,0.5,-0.6923472656644715
R_5gbXjT8uFYXCo7E,inference_categories,dailydilemmas,6,projection_only,0.6666666666666666,-0.6989612658907948
R_5gbXjT8uFYXCo7E,inference_categories,dailydilemmas,6,projection_alpha,0.6666666666666666,-0.6929733466103686
R_5gbXjT8uFYXCo7E,inference_categories,dailydilemmas,7,random_projection,0.5714285714285714,-0.6917564138517888
R_5gbXjT8uFYXCo7E,inference_categories,dailydilemmas,7,projection_only,0.7142857142857143,-0.6676844543093309
R_5gbXjT8uFYXCo7E,inference_categories,dailydilemmas,7,projection_alpha,0.7142857142857143,-0.6912975190046848
R_5gbXjT8uFYXCo7E,inference_categories,dailydilemmas,8,random_projection,0.625,-0.6905373441715967
R_5gbXjT8uFYXCo7E,inference_categories,dailydilemmas,8,projection_only,0.75,-0.6021741311201801
R_5gbXjT8uFYXCo7E,inference_categories,dailydilemmas,8,projection_alpha,0.75,-0.6871895435193734
R_5gbXjT8uFYXCo7E,inference_categories,dailydilemmas,9,random_projection,0.5555555555555556,-0.6914811160236959
R_5gbXjT8uFYXCo7E,inference_categories,dailydilemmas,9,projection_only,0.7777777777777778,-0.5386502352806691
R_5gbXjT8uFYXCo7E,inference_categories,dailydilemmas,9,projection_alpha,0.7777777777777778,-0.6816802833895049
R_5gbXjT8uFYXCo7E,inference_categories,dailydilemmas,10,random_projection,0.6,-0.6909144822842934
R_5gbXjT8uFYXCo7E,inference_categories,dailydilemmas,10,projection_only,0.7,-0.5518260939674197
R_5gbXjT8uFYXCo7E,inference_categories,dailydilemmas,10,projection_alpha,0.7,-0.6835012585678735
R_5gbXjT8uFYXCo7E,inference_categories,dailydilemmas,11,random_projection,0.6363636363636364,-0.6902873852172379
R_5gbXjT8uFYXCo7E,inference_categories,dailydilemmas,11,projection_only,0.6363636363636364,-0.6634422416383036
R_5gbXjT8uFYXCo7E,inference_categories,dailydilemmas,11,projection_alpha,0.6363636363636364,-0.6900347945679646
R_5gbXjT8uFYXCo7E,inference_categories,dailydilemmas,12,random_projection,0.75,-0.6892429387966795
R_5gbXjT8uFYXCo7E,inference_categories,dailydilemmas,12,projection_only,0.6666666666666666,-0.6954328420851152
R_5gbXjT8uFYXCo7E,inference_categories,dailydilemmas,12,projection_alpha,0.5833333333333334,-0.692034171167876
R_5gbXjT8uFYXCo7E,inference_categories,dailydilemmas,13,random_projection,0.8461538461538461,-0.6884940586928775
R_5gbXjT8uFYXCo7E,inference_categories,dailydilemmas,13,projection_only,0.6923076923076923,-0.6556385215407623
R_5gbXjT8uFYXCo7E,inference_categories,dailydilemmas,13,projection_alpha,0.6153846153846154,-0.6888740306395109
R_5gbXjT8uFYXCo7E,inference_categories,dailydilemmas,14,random_projection,0.8571428571428571,-0.6880604967086519
R_5gbXjT8uFYXCo7E,inference_categories,dailydilemmas,14,projection_only,0.6428571428571429,-0.6509452948253877
R_5gbXjT8uFYXCo7E,inference_categories,dailydilemmas,14,projection_alpha,0.6428571428571429,-0.6890370525575494
R_5gbXjT8uFYXCo7E,inference_categories,dailydilemmas,15,random_projection,0.8666666666666667,-0.6867627009476299
R_5gbXjT8uFYXCo7E,inference_categories,dailydilemmas,15,projection_only,0.6,-0.7088325242331481
R_5gbXjT8uFYXCo7E,inference_categories,dailydilemmas,15,projection_alpha,0.6,-0.6918992998932433
R_5gbXjT8uFYXCo7E,inference_categories,dailydilemmas,16,random_projection,0.875,-0.6868642739282351
R_5gbXjT8uFYXCo7E,inference_categories,dailydilemmas,16,projection_only,0.5,-0.7481886127240351
R_5gbXjT8uFYXCo7E,inference_categories,dailydilemmas,16,projection_alpha,0.5625,-0.6954820848497878
R_5gbXjT8uFYXCo7E,inference_categories,dailydilemmas,17,random_projection,0.8823529411764706,-0.686758144030811
R_5gbXjT8uFYXCo7E,inference_categories,dailydilemmas,17,projection_only,0.4117647058823529,-0.7633294320608425
R_5gbXjT8uFYXCo7E,inference_categories,dailydilemmas,17,projection_alpha,0.4117647058823529,-0.6970591771283382
R_5gbXjT8uFYXCo7E,inference_categories,dailydilemmas,18,random_projection,0.7777777777777778,-0.6874362884989945
R_5gbXjT8uFYXCo7E,inference_categories,dailydilemmas,18,projection_only,0.4444444444444444,-0.7563642863144641
R_5gbXjT8uFYXCo7E,inference_categories,dailydilemmas,18,projection_alpha,0.5555555555555556,-0.696312679238772
R_5gbXjT8uFYXCo7E,inference_categories,dailydilemmas,19,random_projection,0.7894736842105263,-0.6863821926576138
R_5gbXjT8uFYXCo7E,inference_categories,dailydilemmas,19,projection_only,0.5263157894736842,-0.738172725285974
R_5gbXjT8uFYXCo7E,inference_categories,dailydilemmas,19,projection_alpha,0.5789473684210527,-0.6942366052244412
R_5gbXjT8uFYXCo7E,inference_categories,dailydilemmas,20,random_projection,0.85,-0.6853010511583594
R_5gbXjT8uFYXCo7E,inference_categories,dailydilemmas,20,projection_only,0.55,-0.7411364643766154
R_5gbXjT8uFYXCo7E,inference_categories,dailydilemmas,20,projection_alpha,0.6,-0.693435414841743
R_7f9o7q4AZOoP4ot,inference_categories,dailydilemmas,3,random_projection,1.0,-0.6930554791184047
R_7f9o7q4AZOoP4ot,inference_categories,dailydilemmas,3,projection_only,0.3333333333333333,-0.7991629920245797
R_7f9o7q4AZOoP4ot,inference_categories,dailydilemmas,3,projection_alpha,0.3333333333333333,-0.6954469077720632
R_7f9o7q4AZOoP4ot,inference_categories,dailydilemmas,4,random_projection,0.75,-0.6929791990617337
R_7f9o7q4AZOoP4ot,inference_categories,dailydilemmas,4,projection_only,0.5,-0.7511323637587829
R_7f9o7q4AZOoP4ot,inference_categories,dailydilemmas,4,projection_alpha,0.5,-0.6945857610919216
R_7f9o7q4AZOoP4ot,inference_categories,dailydilemmas,5,random_projection,0.4,-0.693601652441469
R_7f9o7q4AZOoP4ot,inference_categories,dailydilemmas,5,projection_only,0.2,-0.7777099080690997
R_7f9o7q4AZOoP4ot,inference_categories,dailydilemmas,5,projection_alpha,0.0,-0.6952549346892803
R_7f9o7q4AZOoP4ot,inference_categories,dailydilemmas,6,random_projection,0.3333333333333333,-0.6929887194857395
R_7f9o7q4AZOoP4ot,inference_categories,dailydilemmas,6,projection_only,0.3333333333333333,-0.7354183917892319
R_7f9o7q4AZOoP4ot,inference_categories,dailydilemmas,6,projection_alpha,0.3333333333333333,-0.6941236199682721
R_7f9o7q4AZOoP4ot,inference_categories,dailydilemmas,7,random_projection,0.14285714285714285,-0.69495631641535
R_7f9o7q4AZOoP4ot,inference_categories,dailydilemmas,7,projection_only,0.42857142857142855,-0.7555298731127643
R_7f9o7q4AZOoP4ot,inference_categories,dailydilemmas,7,projection_alpha,0.42857142857142855,-0.6954656000222068
R_7f9o7q4AZOoP4ot,inference_categories,dailydilemmas,8,random_projection,0.375,-0.6950360749384953
R_7f9o7q4AZOoP4ot,inference_categories,dailydilemmas,8,projection_only,0.25,-0.8079783352314802
R_7f9o7q4AZOoP4ot,inference_categories,dailydilemmas,8,projection_alpha,0.25,-0.696916705256346
R_7f9o7q4AZOoP4ot,inference_categories,dailydilemmas,9,random_projection,0.1111111111111111,-0.6963441365302813
R_7f9o7q4AZOoP4ot,inference_categories,dailydilemmas,9,projection_only,0.5555555555555556,-0.7277091099511467
R_7f9o7q4AZOoP4ot,inference_categories,dailydilemmas,9,projection_alpha,0.5555555555555556,-0.6948520520181174
R_7f9o7q4AZOoP4ot,inference_categories,dailydilemmas,10,random_projection,0.1,-0.6962978148689385
R_7f9o7q4AZOoP4ot,inference_categories,dailydilemmas,10,projection_only,0.4,-0.7500440530663459
R_7f9o7q4AZOoP4ot,inference_categories,dailydilemmas,10,projection_alpha,0.4,-0.6974290719797442
R_7f9o7q4AZOoP4ot,inference_categories,dailydilemmas,11,random_projection,0.09090909090909091,-0.6960574508409494
R_7f9o7q4AZOoP4ot,inference_categories,dailydilemmas,11,projection_only,0.5454545454545454,-0.7313277628176885
R_7f9o7q4AZOoP4ot,inference_categories,dailydilemmas,11,projection_alpha,0.5454545454545454,-0.6957017306192118
R_7f9o7q4AZOoP4ot,inference_categories,dailydilemmas,12,random_projection,0.08333333333333333,-0.6961598791582291
R_7f9o7q4AZOoP4ot,inference_categories,dailydilemmas,12,projection_only,0.5833333333333334,-0.6976966886801073
R_7f9o7q4AZOoP4ot,inference_categories,dailydilemmas,12,projection_alpha,0.5833333333333334,-0.6929974366453496
R_7f9o7q4AZOoP4ot,inference_categories,dailydilemmas,13,random_projection,0.07692307692307693,-0.6963786375660045
R_7f9o7q4AZOoP4ot,inference_categories,dailydilemmas,13,projection_only,0.6923076923076923,-0.6648791999520178
R_7f9o7q4AZOoP4ot,inference_categories,dailydilemmas,13,projection_alpha,0.6153846153846154,-0.6914034565384934
R_7f9o7q4AZOoP4ot,inference_categories,dailydilemmas,14,random_projection,0.14285714285714285,-0.6956853823137054
R_7f9o7q4AZOoP4ot,inference_categories,dailydilemmas,14,projection_only,0.6428571428571429,-0.6672168164278867
R_7f9o7q4AZOoP4ot,inference_categories,dailydilemmas,14,projection_alpha,0.5714285714285714,-0.692052669656258
R_7f9o7q4AZOoP4ot,inference_categories,dailydilemmas,15,random_projection,0.26666666666666666,-0.6941747162652347
R_7f9o7q4AZOoP4ot,inference_categories,dailydilemmas,15,projection_only,0.6,-0.6919697166701299
R_7f9o7q4AZOoP4ot,inference_categories,dailydilemmas,15,projection_alpha,0.5333333333333333,-0.692433761857729
R_7f9o7q4AZOoP4ot,inference_categories,dailydilemmas,16,random_projection,0.375,-0.6937100511392521
R_7f9o7q4AZOoP4ot,inference_categories,dailydilemmas,16,projection_only,0.625,-0.6545379127400097
R_7f9o7q4AZOoP4ot,inference_categories,dailydilemmas,16,projection_alpha,0.5625,-0.6881969592769899
R_7f9o7q4AZOoP4ot,inference_categories,dailydilemmas,17,random_projection,0.23529411764705882,-0.693909763168089
R_7f9o7q4AZOoP4ot,inference_categories,dailydilemmas,17,projection_only,0.5882352941176471,-0.6968382932277586
R_7f9o7q4AZOoP4ot,inference_categories,dailydilemmas,17,projection_alpha,0.5294117647058824,-0.6926049950553925
R_7f9o7q4AZOoP4ot,inference_categories,dailydilemmas,18,random_projection,0.3888888888888889,-0.6936434865031261
R_7f9o7q4AZOoP4ot,inference_categories,dailydilemmas,18,projection_only,0.5555555555555556,-0.7143830358463563
R_7f9o7q4AZOoP4ot,inference_categories,dailydilemmas,18,projection_alpha,0.5,-0.6938878982183341
R_7f9o7q4AZOoP4ot,inference_categories,dailydilemmas,19,random_projection,0.3157894736842105,-0.694191872966512
R_7f9o7q4AZOoP4ot,inference_categories,dailydilemmas,19,projection_only,0.47368421052631576,-0.7468742062857687
R_7f9o7q4AZOoP4ot,inference_categories,dailydilemmas,19,projection_alpha,0.47368421052631576,-0.6957930684000854
R_7f9o7q4AZOoP4ot,inference_categories,dailydilemmas,20,random_projection,0.3,-0.6954477850036012
R_7f9o7q4AZOoP4ot,inference_categories,dailydilemmas,20,projection_only,0.45,-0.7628634305184836
R_7f9o7q4AZOoP4ot,inference_categories,dailydilemmas,20,projection_alpha,0.45,-0.6965489542704623
R_1WHYlcDjJDcnUfD,inference_categories,dailydilemmas,4,random_projection,0.0,-0.6945163354674996
R_1WHYlcDjJDcnUfD,inference_categories,dailydilemmas,4,projection_only,0.5,-0.7280296552255764
R_1WHYlcDjJDcnUfD,inference_categories,dailydilemmas,4,projection_alpha,0.0,-0.7181248818148872
R_1WHYlcDjJDcnUfD,inference_categories,dailydilemmas,5,random_projection,0.0,-0.6950170279922583
R_1WHYlcDjJDcnUfD,inference_categories,dailydilemmas,5,projection_only,0.6,-0.7001854644934221
R_1WHYlcDjJDcnUfD,inference_categories,dailydilemmas,5,projection_alpha,0.4,-0.7239041237563131
R_1WHYlcDjJDcnUfD,inference_categories,dailydilemmas,6,random_projection,0.3333333333333333,-0.6947008879066953
R_1WHYlcDjJDcnUfD,inference_categories,dailydilemmas,6,projection_only,0.6666666666666666,-0.7691936132952154
R_1WHYlcDjJDcnUfD,inference_categories,dailydilemmas,6,projection_alpha,0.5,-0.714727708701474
R_1WHYlcDjJDcnUfD,inference_categories,dailydilemmas,7,random_projection,0.5714285714285714,-0.6943985473660274
R_1WHYlcDjJDcnUfD,inference_categories,dailydilemmas,7,projection_only,0.2857142857142857,-0.8582048613725488
R_1WHYlcDjJDcnUfD,inference_categories,dailydilemmas,7,projection_alpha,0.5714285714285714,-0.7053145971814729
R_1WHYlcDjJDcnUfD,inference_categories,dailydilemmas,8,random_projection,0.5,-0.6942675055916372
R_1WHYlcDjJDcnUfD,inference_categories,dailydilemmas,8,projection_only,0.375,-0.8128934735064052
R_1WHYlcDjJDcnUfD,inference_categories,dailydilemmas,8,projection_alpha,0.5,-0.7063747783583844
R_1WHYlcDjJDcnUfD,inference_categories,dailydilemmas,9,random_projection,0.5555555555555556,-0.6938023055792517
R_1WHYlcDjJDcnUfD,inference_categories,dailydilemmas,9,projection_only,0.4444444444444444,-0.810498104880327
R_1WHYlcDjJDcnUfD,inference_categories,dailydilemmas,9,projection_alpha,0.5555555555555556,-0.7042981851463765
R_1WHYlcDjJDcnUfD,inference_categories,dailydilemmas,10,random_projection,0.6,-0.6934891015536558
R_1WHYlcDjJDcnUfD,inference_categories,dailydilemmas,10,projection_only,0.4,-0.8287504297536469
R_1WHYlcDjJDcnUfD,inference_categories,dailydilemmas,10,projection_alpha,0.5,-0.6995801585226844
R_1WHYlcDjJDcnUfD,inference_categories,dailydilemmas,11,random_projection,0.7272727272727273,-0.6925496013656346
R_1WHYlcDjJDcnUfD,inference_categories,dailydilemmas,11,projection_only,0.09090909090909091,-0.8536403488414929
R_1WHYlcDjJDcnUfD,inference_categories,dailydilemmas,11,projection_alpha,0.36363636363636365,-0.7033251573296573
R_1WHYlcDjJDcnUfD,inference_categories,dailydilemmas,12,random_projection,0.5833333333333334,-0.6926831432979235
R_1WHYlcDjJDcnUfD,inference_categories,dailydilemmas,12,projection_only,0.0,-0.8465173408141556
R_1WHYlcDjJDcnUfD,inference_categories,dailydilemmas,12,projection_alpha,0.25,-0.703041513690167
R_1WHYlcDjJDcnUfD,inference_categories,dailydilemmas,13,random_projection,0.6153846153846154,-0.6920302905189549
R_1WHYlcDjJDcnUfD,inference_categories,dailydilemmas,13,projection_only,0.0,-0.8353646773500056
R_1WHYlcDjJDcnUfD,inference_categories,dailydilemmas,13,projection_alpha,0.3076923076923077,-0.6995875138278992
R_1WHYlcDjJDcnUfD,inference_categories,dailydilemmas,14,random_projection,0.6428571428571429,-0.6912875460301439
R_1WHYlcDjJDcnUfD,inference_categories,dailydilemmas,14,projection_only,0.0,-0.8270312344558078
R_1WHYlcDjJDcnUfD,inference_categories,dailydilemmas,14,projection_alpha,0.42857142857142855,-0.7021249549677718
R_1WHYlcDjJDcnUfD,inference_categories,dailydilemmas,15,random_projection,0.6666666666666666,-0.6916364443046245
R_1WHYlcDjJDcnUfD,inference_categories,dailydilemmas,15,projection_only,0.0,-0.8245600964502445
R_1WHYlcDjJDcnUfD,inference_categories,dailydilemmas,15,projection_alpha,0.5333333333333333,-0.7014522880385841
R_1WHYlcDjJDcnUfD,inference_categories,dailydilemmas,16,random_projection,0.6875,-0.6901033502017903
R_1WHYlcDjJDcnUfD,inference_categories,dailydilemmas,16,projection_only,0.1875,-0.8155910451746309
R_1WHYlcDjJDcnUfD,inference_categories,dailydilemmas,16,projection_alpha,0.5625,-0.6943559736706335
R_1WHYlcDjJDcnUfD,inference_categories,dailydilemmas,17,random_projection,0.6470588235294118,-0.6906228119735466
R_1WHYlcDjJDcnUfD,inference_categories,dailydilemmas,17,projection_only,0.35294117647058826,-0.8011356666605479
R_1WHYlcDjJDcnUfD,inference_categories,dailydilemmas,17,projection_alpha,0.5882352941176471,-0.6911920015859124
R_1WHYlcDjJDcnUfD,inference_categories,dailydilemmas,18,random_projection,0.6111111111111112,-0.691026649407744
R_1WHYlcDjJDcnUfD,inference_categories,dailydilemmas,18,projection_only,0.16666666666666666,-0.8031521652661953
R_1WHYlcDjJDcnUfD,inference_categories,dailydilemmas,18,projection_alpha,0.5555555555555556,-0.6952190439623233
R_1WHYlcDjJDcnUfD,inference_categories,dailydilemmas,19,random_projection,0.5789473684210527,-0.6912096144233274
R_1WHYlcDjJDcnUfD,inference_categories,dailydilemmas,19,projection_only,0.15789473684210525,-0.7929940846181409
R_1WHYlcDjJDcnUfD,inference_categories,dailydilemmas,19,projection_alpha,0.5263157894736842,-0.7010949240439971
R_1WHYlcDjJDcnUfD,inference_categories,dailydilemmas,20,random_projection,0.55,-0.6921523973674846
R_1WHYlcDjJDcnUfD,inference_categories,dailydilemmas,20,projection_only,0.3,-0.7810987195557906
R_1WHYlcDjJDcnUfD,inference_categories,dailydilemmas,20,projection_alpha,0.55,-0.6984912961949173
R_6Q0gBjey6IdfZpf,inference_categories,dailydilemmas,3,random_projection,0.3333333333333333,-0.6945130573745931
R_6Q0gBjey6IdfZpf,inference_categories,dailydilemmas,3,projection_only,0.6666666666666666,-0.7675750991402643
R_6Q0gBjey6IdfZpf,inference_categories,dailydilemmas,3,projection_alpha,0.6666666666666666,-0.6961952655824567
R_6Q0gBjey6IdfZpf,inference_categories,dailydilemmas,4,random_projection,0.5,-0.6948712468234859
R_6Q0gBjey6IdfZpf,inference_categories,dailydilemmas,4,projection_only,0.0,-0.8679141327859714
R_6Q0gBjey6IdfZpf,inference_categories,dailydilemmas,4,projection_alpha,0.25,-0.6978186391421453
R_6Q0gBjey6IdfZpf,inference_categories,dailydilemmas,5,random_projection,0.6,-0.6942766089535357
R_6Q0gBjey6IdfZpf,inference_categories,dailydilemmas,5,projection_only,0.4,-0.7738329720251214
R_6Q0gBjey6IdfZpf,inference_categories,dailydilemmas,5,projection_alpha,0.6,-0.6827745274758888
R_6Q0gBjey6IdfZpf,inference_categories,dailydilemmas,6,random_projection,0.5,-0.6938542756410299
R_6Q0gBjey6IdfZpf,inference_categories,dailydilemmas,6,projection_only,0.6666666666666666,-0.648484709678284
R_6Q0gBjey6IdfZpf,inference_categories,dailydilemmas,6,projection_alpha,0.8333333333333334,-0.673302158749857
R_6Q0gBjey6IdfZpf,inference_categories,dailydilemmas,7,random_projection,0.2857142857142857,-0.6948554901935855
R_6Q0gBjey6IdfZpf,inference_categories,dailydilemmas,7,projection_only,0.7142857142857143,-0.6363043830264737
R_6Q0gBjey6IdfZpf,inference_categories,dailydilemmas,7,projection_alpha,0.8571428571428571,-0.6636940630972159
R_6Q0gBjey6IdfZpf,inference_categories,dailydilemmas,8,random_projection,0.5,-0.6945348071996844
R_6Q0gBjey6IdfZpf,inference_categories,dailydilemmas,8,projection_only,0.5,-0.6902510545712817
R_6Q0gBjey6IdfZpf,inference_categories,dailydilemmas,8,projection_alpha,0.75,-0.6751396560141412
R_6Q0gBjey6IdfZpf,inference_categories,dailydilemmas,9,random_projection,0.5555555555555556,-0.6943194830631441
R_6Q0gBjey6IdfZpf,inference_categories,dailydilemmas,9,projection_only,0.6666666666666666,-0.6668555435416824
R_6Q0gBjey6IdfZpf,inference_categories,dailydilemmas,9,projection_alpha,0.7777777777777778,-0.6754323570659906
R_6Q0gBjey6IdfZpf,inference_categories,dailydilemmas,10,random_projection,0.5,-0.6944522480226266
R_6Q0gBjey6IdfZpf,inference_categories,dailydilemmas,10,projection_only,0.5,-0.692899635278743
R_6Q0gBjey6IdfZpf,inference_categories,dailydilemmas,10,projection_alpha,0.7,-0.6797308230429386
R_6Q0gBjey6IdfZpf,inference_categories,dailydilemmas,11,random_projection,0.36363636363636365,-0.6943537762030347
R_6Q0gBjey6IdfZpf,inference_categories,dailydilemmas,11,projection_only,0.6363636363636364,-0.6942361790133393
R_6Q0gBjey6IdfZpf,inference_categories,dailydilemmas,11,projection_alpha,0.7272727272727273,-0.6765906548966462
R_6Q0gBjey6IdfZpf,inference_categories,dailydilemmas,12,random_projection,0.4166666666666667,-0.693498602999347
R_6Q0gBjey6IdfZpf,inference_categories,dailydilemmas,12,projection_only,0.6666666666666666,-0.6828594740190564
R_6Q0gBjey6IdfZpf,inference_categories,dailydilemmas,12,projection_alpha,0.75,-0.665626489098757
R_6Q0gBjey6IdfZpf,inference_categories,dailydilemmas,13,random_projection,0.5384615384615384,-0.6930442840553881
R_6Q0gBjey6IdfZpf,inference_categories,dailydilemmas,13,projection_only,0.6923076923076923,-0.6468899186767428
R_6Q0gBjey6IdfZpf,inference_categories,dailydilemmas,13,projection_alpha,0.7692307692307693,-0.654099130072007
R_6Q0gBjey6IdfZpf,inference_categories,dailydilemmas,14,random_projection,0.5714285714285714,-0.6926368545340641
R_6Q0gBjey6IdfZpf,inference_categories,dailydilemmas,14,projection_only,0.5,-0.6769298173892597
R_6Q0gBjey6IdfZpf,inference_categories,dailydilemmas,14,projection_alpha,0.7142857142857143,-0.6661863730834277
R_6Q0gBjey6IdfZpf,inference_categories,dailydilemmas,15,random_projection,0.5333333333333333,-0.6920537114381824
R_6Q0gBjey6IdfZpf,inference_categories,dailydilemmas,15,projection_only,0.5333333333333333,-0.6450821739748364
R_6Q0gBjey6IdfZpf,inference_categories,dailydilemmas,15,projection_alpha,0.7333333333333333,-0.6510880443247776
R_6Q0gBjey6IdfZpf,inference_categories,dailydilemmas,16,random_projection,0.625,-0.6905205930647936
R_6Q0gBjey6IdfZpf,inference_categories,dailydilemmas,16,projection_only,0.5625,-0.6013084584739011
R_6Q0gBjey6IdfZpf,inference_categories,dailydilemmas,16,projection_alpha,0.75,-0.6317963776227807
R_6Q0gBjey6IdfZpf,inference_categories,dailydilemmas,17,random_projection,0.6470588235294118,-0.6899098778810023
R_6Q0gBjey6IdfZpf,inference_categories,dailydilemmas,17,projection_only,0.5882352941176471,-0.590654672870214
R_6Q0gBjey6IdfZpf,inference_categories,dailydilemmas,17,projection_alpha,0.7647058823529411,-0.6332799287825375
R_6Q0gBjey6IdfZpf,inference_categories,dailydilemmas,18,random_projection,0.6111111111111112,-0.6908312930093722
R_6Q0gBjey6IdfZpf,inference_categories,dailydilemmas,18,projection_only,0.6111111111111112,-0.5748905360322021
R_6Q0gBjey6IdfZpf,inference_categories,dailydilemmas,18,projection_alpha,0.7222222222222222,-0.6394319143132025
R_6Q0gBjey6IdfZpf,inference_categories,dailydilemmas,19,random_projection,0.7894736842105263,-0.6898998761354578
R_6Q0gBjey6IdfZpf,inference_categories,dailydilemmas,19,projection_only,0.631578947368421,-0.5692434372568979
R_6Q0gBjey6IdfZpf,inference_categories,dailydilemmas,19,projection_alpha,0.7368421052631579,-0.6400999388266666
R_6Q0gBjey6IdfZpf,inference_categories,dailydilemmas,20,random_projection,0.75,-0.6897512624730143
R_6Q0gBjey6IdfZpf,inference_categories,dailydilemmas,20,projection_only,0.65,-0.5500037269664033
R_6Q0gBjey6IdfZpf,inference_categories,dailydilemmas,20,projection_alpha,0.75,-0.6370180389335666
R_1wzohnjOPhN82Wd,inference_categories,dailydilemmas,3,random_projection,0.6666666666666666,-0.6928025527255328
R_1wzohnjOPhN82Wd,inference_categories,dailydilemmas,3,projection_only,0.6666666666666666,-0.7001283712182292
R_1wzohnjOPhN82Wd,inference_categories,dailydilemmas,3,projection_alpha,0.6666666666666666,-0.692916004519701
R_1wzohnjOPhN82Wd,inference_categories,dailydilemmas,4,random_projection,0.5,-0.694014808050423
R_1wzohnjOPhN82Wd,inference_categories,dailydilemmas,4,projection_only,0.25,-0.758272576233282
R_1wzohnjOPhN82Wd,inference_categories,dailydilemmas,4,projection_alpha,0.25,-0.6946708980971548
R_1wzohnjOPhN82Wd,inference_categories,dailydilemmas,5,random_projection,0.6,-0.6921888663626105
R_1wzohnjOPhN82Wd,inference_categories,dailydilemmas,5,projection_only,0.4,-0.6495431796148783
R_1wzohnjOPhN82Wd,inference_categories,dailydilemmas,5,projection_alpha,0.8,-0.690874551211377
R_1wzohnjOPhN82Wd,inference_categories,dailydilemmas,6,random_projection,0.6666666666666666,-0.691435051334198
R_1wzohnjOPhN82Wd,inference_categories,dailydilemmas,6,projection_only,0.5,-0.5882461526822159
R_1wzohnjOPhN82Wd,inference_categories,dailydilemmas,6,projection_alpha,0.8333333333333334,-0.6862290845008925
R_1wzohnjOPhN82Wd,inference_categories,dailydilemmas,7,random_projection,0.7142857142857143,-0.6902185050534965
R_1wzohnjOPhN82Wd,inference_categories,dailydilemmas,7,projection_only,0.7142857142857143,-0.537701828947649
R_1wzohnjOPhN82Wd,inference_categories,dailydilemmas,7,projection_alpha,0.7142857142857143,-0.6836804366010821
R_1wzohnjOPhN82Wd,inference_categories,dailydilemmas,8,random_projection,0.75,-0.6875748917666552
R_1wzohnjOPhN82Wd,inference_categories,dailydilemmas,8,projection_only,0.875,-0.4756681407612414
R_1wzohnjOPhN82Wd,inference_categories,dailydilemmas,8,projection_alpha,0.875,-0.6772594542742951
R_1wzohnjOPhN82Wd,inference_categories,dailydilemmas,9,random_projection,0.7777777777777778,-0.6872855822153239
R_1wzohnjOPhN82Wd,inference_categories,dailydilemmas,9,projection_only,0.8888888888888888,-0.45535811156978107
R_1wzohnjOPhN82Wd,inference_categories,dailydilemmas,9,projection_alpha,0.8888888888888888,-0.6756437796273222
R_1wzohnjOPhN82Wd,inference_categories,dailydilemmas,10,random_projection,0.8,-0.686725975022863
R_1wzohnjOPhN82Wd,inference_categories,dailydilemmas,10,projection_only,0.9,-0.41937392988387484
R_1wzohnjOPhN82Wd,inference_categories,dailydilemmas,10,projection_alpha,0.9,-0.6724205766303827
R_1wzohnjOPhN82Wd,inference_categories,dailydilemmas,11,random_projection,0.8181818181818182,-0.6861771405338906
R_1wzohnjOPhN82Wd,inference_categories,dailydilemmas,11,projection_only,0.9090909090909091,-0.39555861351691135
R_1wzohnjOPhN82Wd,inference_categories,dailydilemmas,11,projection_alpha,0.9090909090909091,-0.6697726334312756
R_1wzohnjOPhN82Wd,inference_categories,dailydilemmas,12,random_projection,0.8333333333333334,-0.6845300720208293
R_1wzohnjOPhN82Wd,inference_categories,dailydilemmas,12,projection_only,0.9166666666666666,-0.3822735717346874
R_1wzohnjOPhN82Wd,inference_categories,dailydilemmas,12,projection_alpha,0.9166666666666666,-0.6682671701468949
R_1wzohnjOPhN82Wd,inference_categories,dailydilemmas,13,random_projection,0.9230769230769231,-0.6840911112039224
R_1wzohnjOPhN82Wd,inference_categories,dailydilemmas,13,projection_only,0.8461538461538461,-0.44807486299563526
R_1wzohnjOPhN82Wd,inference_categories,dailydilemmas,13,projection_alpha,0.8461538461538461,-0.6725507399110531
R_1wzohnjOPhN82Wd,inference_categories,dailydilemmas,14,random_projection,0.8571428571428571,-0.682534167865965
R_1wzohnjOPhN82Wd,inference_categories,dailydilemmas,14,projection_only,0.8571428571428571,-0.433971652392373
R_1wzohnjOPhN82Wd,inference_categories,dailydilemmas,14,projection_alpha,0.8571428571428571,-0.6691555738213496
R_1wzohnjOPhN82Wd,inference_categories,dailydilemmas,15,random_projection,0.8,-0.6850318506573615
R_1wzohnjOPhN82Wd,inference_categories,dailydilemmas,15,projection_only,0.7333333333333333,-0.5305648219961127
R_1wzohnjOPhN82Wd,inference_categories,dailydilemmas,15,projection_alpha,0.8,-0.6757460809410276
R_1wzohnjOPhN82Wd,inference_categories,dailydilemmas,16,random_projection,0.75,-0.6865145512561941
R_1wzohnjOPhN82Wd,inference_categories,dailydilemmas,16,projection_only,0.6875,-0.6130880498334845
R_1wzohnjOPhN82Wd,inference_categories,dailydilemmas,16,projection_alpha,0.75,-0.6821557191231048
R_1wzohnjOPhN82Wd,inference_categories,dailydilemmas,17,random_projection,0.8235294117647058,-0.6867860395345738
R_1wzohnjOPhN82Wd,inference_categories,dailydilemmas,17,projection_only,0.5882352941176471,-0.6245488982714619
R_1wzohnjOPhN82Wd,inference_categories,dailydilemmas,17,projection_alpha,0.7058823529411765,-0.684610577962941
R_1wzohnjOPhN82Wd,inference_categories,dailydilemmas,18,random_projection,0.8333333333333334,-0.6857686692205148
R_1wzohnjOPhN82Wd,inference_categories,dailydilemmas,18,projection_only,0.7222222222222222,-0.5936028620742181
R_1wzohnjOPhN82Wd,inference_categories,dailydilemmas,18,projection_alpha,0.7222222222222222,-0.6796110018438148
R_1wzohnjOPhN82Wd,inference_categories,dailydilemmas,19,random_projection,0.8421052631578947,-0.6853944241154956
R_1wzohnjOPhN82Wd,inference_categories,dailydilemmas,19,projection_only,0.6842105263157895,-0.5768665074531107
R_1wzohnjOPhN82Wd,inference_categories,dailydilemmas,19,projection_alpha,0.7368421052631579,-0.6777619838938146
R_1wzohnjOPhN82Wd,inference_categories,dailydilemmas,20,random_projection,0.75,-0.6858352329366653
R_1wzohnjOPhN82Wd,inference_categories,dailydilemmas,20,projection_only,0.7,-0.5779243111424112
R_1wzohnjOPhN82Wd,inference_categories,dailydilemmas,20,projection_alpha,0.75,-0.6784589130541315
R_70kbQcqJL4Tkq6B,inference_categories,dailydilemmas,3,random_projection,0.3333333333333333,-0.6932304426313006
R_70kbQcqJL4Tkq6B,inference_categories,dailydilemmas,3,projection_only,0.0,-0.8152163353329906
R_70kbQcqJL4Tkq6B,inference_categories,dailydilemmas,3,projection_alpha,0.3333333333333333,-0.7062514249002048
R_70kbQcqJL4Tkq6B,inference_categories,dailydilemmas,4,random_projection,0.75,-0.6917634016319765
R_70kbQcqJL4Tkq6B,inference_categories,dailydilemmas,4,projection_only,0.0,-0.8621752950979598
R_70kbQcqJL4Tkq6B,inference_categories,dailydilemmas,4,projection_alpha,0.5,-0.7043712117515685
R_70kbQcqJL4Tkq6B,inference_categories,dailydilemmas,5,random_projection,0.8,-0.6907212238637624
R_70kbQcqJL4Tkq6B,inference_categories,dailydilemmas,5,projection_only,0.0,-0.8542589744962253
R_70kbQcqJL4Tkq6B,inference_categories,dailydilemmas,5,projection_alpha,0.6,-0.6944497984259416
R_70kbQcqJL4Tkq6B,inference_categories,dailydilemmas,6,random_projection,0.8333333333333334,-0.6890093887842075
R_70kbQcqJL4Tkq6B,inference_categories,dailydilemmas,6,projection_only,0.5,-0.8136359662039897
R_70kbQcqJL4Tkq6B,inference_categories,dailydilemmas,6,projection_alpha,0.6666666666666666,-0.6833808402684257
R_70kbQcqJL4Tkq6B,inference_categories,dailydilemmas,7,random_projection,0.7142857142857143,-0.6921533939062742
R_70kbQcqJL4Tkq6B,inference_categories,dailydilemmas,7,projection_only,0.5714285714285714,-0.7822131251119622
R_70kbQcqJL4Tkq6B,inference_categories,dailydilemmas,7,projection_alpha,0.7142857142857143,-0.6812843432820571
R_70kbQcqJL4Tkq6B,inference_categories,dailydilemmas,8,random_projection,0.5,-0.6934283841241395
R_70kbQcqJL4Tkq6B,inference_categories,dailydilemmas,8,projection_only,0.625,-0.7409357544808767
R_70kbQcqJL4Tkq6B,inference_categories,dailydilemmas,8,projection_alpha,0.625,-0.6826805005218157
R_70kbQcqJL4Tkq6B,inference_categories,dailydilemmas,9,random_projection,0.3333333333333333,-0.6940694301977695
R_70kbQcqJL4Tkq6B,inference_categories,dailydilemmas,9,projection_only,0.5555555555555556,-0.7533978598196033
R_70kbQcqJL4Tkq6B,inference_categories,dailydilemmas,9,projection_alpha,0.6666666666666666,-0.682899117269227
R_70kbQcqJL4Tkq6B,inference_categories,dailydilemmas,10,random_projection,0.4,-0.6935899742082221
R_70kbQcqJL4Tkq6B,inference_categories,dailydilemmas,10,projection_only,0.6,-0.7358655853306397
R_70kbQcqJL4Tkq6B,inference_categories,dailydilemmas,10,projection_alpha,0.7,-0.679064019148883
R_70kbQcqJL4Tkq6B,inference_categories,dailydilemmas,11,random_projection,0.45454545454545453,-0.6932114882771078
R_70kbQcqJL4Tkq6B,inference_categories,dailydilemmas,11,projection_only,0.6363636363636364,-0.7139299328835539
R_70kbQcqJL4Tkq6B,inference_categories,dailydilemmas,11,projection_alpha,0.7272727272727273,-0.6777589285121267
R_70kbQcqJL4Tkq6B,inference_categories,dailydilemmas,12,random_projection,0.5,-0.6937589114923878
R_70kbQcqJL4Tkq6B,inference_categories,dailydilemmas,12,projection_only,0.75,-0.6994331720296599
R_70kbQcqJL4Tkq6B,inference_categories,dailydilemmas,12,projection_alpha,0.75,-0.6781007522493306
R_70kbQcqJL4Tkq6B,inference_categories,dailydilemmas,13,random_projection,0.5384615384615384,-0.6923254559953687
R_70kbQcqJL4Tkq6B,inference_categories,dailydilemmas,13,projection_only,0.8461538461538461,-0.6643271722047914
R_70kbQcqJL4Tkq6B,inference_categories,dailydilemmas,13,projection_alpha,0.7692307692307693,-0.666520419949983
R_70kbQcqJL4Tkq6B,inference_categories,dailydilemmas,14,random_projection,0.5714285714285714,-0.6917253951263582
R_70kbQcqJL4Tkq6B,inference_categories,dailydilemmas,14,projection_only,0.7857142857142857,-0.6278944269392769
R_70kbQcqJL4Tkq6B,inference_categories,dailydilemmas,14,projection_alpha,0.7857142857142857,-0.6621280681109488
R_70kbQcqJL4Tkq6B,inference_categories,dailydilemmas,15,random_projection,0.6,-0.6921452550930144
R_70kbQcqJL4Tkq6B,inference_categories,dailydilemmas,15,projection_only,0.7333333333333333,-0.6677364633188276
R_70kbQcqJL4Tkq6B,inference_categories,dailydilemmas,15,projection_alpha,0.7333333333333333,-0.6666744169980326
R_70kbQcqJL4Tkq6B,inference_categories,dailydilemmas,16,random_projection,0.5625,-0.6923791196014656
R_70kbQcqJL4Tkq6B,inference_categories,dailydilemmas,16,projection_only,0.6875,-0.7166927155174898
R_70kbQcqJL4Tkq6B,inference_categories,dailydilemmas,16,projection_alpha,0.6875,-0.6729177286066863
R_70kbQcqJL4Tkq6B,inference_categories,dailydilemmas,17,random_projection,0.5882352941176471,-0.6923749622814535
R_70kbQcqJL4Tkq6B,inference_categories,dailydilemmas,17,projection_only,0.7058823529411765,-0.703915709616072
R_70kbQcqJL4Tkq6B,inference_categories,dailydilemmas,17,projection_alpha,0.7058823529411765,-0.6730921662835571
R_70kbQcqJL4Tkq6B,inference_categories,dailydilemmas,18,random_projection,0.5555555555555556,-0.6922956928375247
R_70kbQcqJL4Tkq6B,inference_categories,dailydilemmas,18,projection_only,0.6666666666666666,-0.6861650095666066
R_70kbQcqJL4Tkq6B,inference_categories,dailydilemmas,18,projection_alpha,0.7222222222222222,-0.6749308434110566
R_70kbQcqJL4Tkq6B,inference_categories,dailydilemmas,19,random_projection,0.5789473684210527,-0.6919239862179097
R_70kbQcqJL4Tkq6B,inference_categories,dailydilemmas,19,projection_only,0.6842105263157895,-0.6712563508752892
R_70kbQcqJL4Tkq6B,inference_categories,dailydilemmas,19,projection_alpha,0.7368421052631579,-0.674170173196294
R_70kbQcqJL4Tkq6B,inference_categories,dailydilemmas,20,random_projection,0.6,-0.6905786912906635
R_70kbQcqJL4Tkq6B,inference_categories,dailydilemmas,20,projection_only,0.75,-0.6349408867661982
R_70kbQcqJL4Tkq6B,inference_categories,dailydilemmas,20,projection_alpha,0.75,-0.6643338542696785
R_6rftRMhNP0o6boD,inference_categories,dailydilemmas,3,random_projection,0.0,-0.6951148085815441
R_6rftRMhNP0o6boD,inference_categories,dailydilemmas,3,projection_only,0.0,-0.7797007480144522
R_6rftRMhNP0o6boD,inference_categories,dailydilemmas,3,projection_alpha,0.0,-0.6951961832508031
R_6rftRMhNP0o6boD,inference_categories,dailydilemmas,4,random_projection,0.0,-0.6949482923703778
R_6rftRMhNP0o6boD,inference_categories,dailydilemmas,4,projection_only,0.5,-0.7225226011467234
R_6rftRMhNP0o6boD,inference_categories,dailydilemmas,4,projection_alpha,0.5,-0.6936390886479573
R_6rftRMhNP0o6boD,inference_categories,dailydilemmas,5,random_projection,0.2,-0.6944937274059892
R_6rftRMhNP0o6boD,inference_categories,dailydilemmas,5,projection_only,0.4,-0.7376135053903485
R_6rftRMhNP0o6boD,inference_categories,dailydilemmas,5,projection_alpha,0.4,-0.6941750447680267
R_6rftRMhNP0o6boD,inference_categories,dailydilemmas,6,random_projection,0.3333333333333333,-0.6933623071962862
R_6rftRMhNP0o6boD,inference_categories,dailydilemmas,6,projection_only,0.5,-0.6624122544972383
R_6rftRMhNP0o6boD,inference_categories,dailydilemmas,6,projection_alpha,0.5,-0.6914372271656174
R_6rftRMhNP0o6boD,inference_categories,dailydilemmas,7,random_projection,0.7142857142857143,-0.6911809110839163
R_6rftRMhNP0o6boD,inference_categories,dailydilemmas,7,projection_only,0.7142857142857143,-0.5590808605194804
R_6rftRMhNP0o6boD,inference_categories,dailydilemmas,7,projection_alpha,0.7142857142857143,-0.6848847065093517
R_6rftRMhNP0o6boD,inference_categories,dailydilemmas,8,random_projection,0.75,-0.6898023445822472
R_6rftRMhNP0o6boD,inference_categories,dailydilemmas,8,projection_only,0.625,-0.5760181294623287
R_6rftRMhNP0o6boD,inference_categories,dailydilemmas,8,projection_alpha,0.625,-0.6859457693850834
R_6rftRMhNP0o6boD,inference_categories,dailydilemmas,9,random_projection,0.7777777777777778,-0.6884744107173544
R_6rftRMhNP0o6boD,inference_categories,dailydilemmas,9,projection_only,0.7777777777777778,-0.546308466396281
R_6rftRMhNP0o6boD,inference_categories,dailydilemmas,9,projection_alpha,0.7777777777777778,-0.6836427714535996
R_6rftRMhNP0o6boD,inference_categories,dailydilemmas,10,random_projection,0.8,-0.6888853656887641
R_6rftRMhNP0o6boD,inference_categories,dailydilemmas,10,projection_only,0.8,-0.5582067855465604
R_6rftRMhNP0o6boD,inference_categories,dailydilemmas,10,projection_alpha,0.8,-0.6841914976188082
R_6rftRMhNP0o6boD,inference_categories,dailydilemmas,11,random_projection,0.9090909090909091,-0.6878642598926089
R_6rftRMhNP0o6boD,inference_categories,dailydilemmas,11,projection_only,0.8181818181818182,-0.5394524397356398
R_6rftRMhNP0o6boD,inference_categories,dailydilemmas,11,projection_alpha,0.8181818181818182,-0.6826707419037574
R_6rftRMhNP0o6boD,inference_categories,dailydilemmas,12,random_projection,0.8333333333333334,-0.6880950099586864
R_6rftRMhNP0o6boD,inference_categories,dailydilemmas,12,projection_only,0.6666666666666666,-0.5590223000349376
R_6rftRMhNP0o6boD,inference_categories,dailydilemmas,12,projection_alpha,0.6666666666666666,-0.6836973844791178
R_6rftRMhNP0o6boD,inference_categories,dailydilemmas,13,random_projection,0.7692307692307693,-0.6889886610217449
R_6rftRMhNP0o6boD,inference_categories,dailydilemmas,13,projection_only,0.6923076923076923,-0.7098261409683894
R_6rftRMhNP0o6boD,inference_categories,dailydilemmas,13,projection_alpha,0.6153846153846154,-0.6909164651395036
R_6rftRMhNP0o6boD,inference_categories,dailydilemmas,14,random_projection,0.7142857142857143,-0.6900102787187293
R_6rftRMhNP0o6boD,inference_categories,dailydilemmas,14,projection_only,0.7142857142857143,-0.6977386265611483
R_6rftRMhNP0o6boD,inference_categories,dailydilemmas,14,projection_alpha,0.5714285714285714,-0.6911757395652229
R_6rftRMhNP0o6boD,inference_categories,dailydilemmas,15,random_projection,0.7333333333333333,-0.6874238117067538
R_6rftRMhNP0o6boD,inference_categories,dailydilemmas,15,projection_only,0.8,-0.6439336750718587
R_6rftRMhNP0o6boD,inference_categories,dailydilemmas,15,projection_alpha,0.7333333333333333,-0.6836100847021509
R_6rftRMhNP0o6boD,inference_categories,dailydilemmas,16,random_projection,0.625,-0.6886547533767391
R_6rftRMhNP0o6boD,inference_categories,dailydilemmas,16,projection_only,0.8125,-0.6159527119171618
R_6rftRMhNP0o6boD,inference_categories,dailydilemmas,16,projection_alpha,0.75,-0.6830513633744284
R_6rftRMhNP0o6boD,inference_categories,dailydilemmas,17,random_projection,0.6470588235294118,-0.6896267130981123
R_6rftRMhNP0o6boD,inference_categories,dailydilemmas,17,projection_only,0.6470588235294118,-0.6664873920557361
R_6rftRMhNP0o6boD,inference_categories,dailydilemmas,17,projection_alpha,0.7647058823529411,-0.6880535911951179
R_6rftRMhNP0o6boD,inference_categories,dailydilemmas,18,random_projection,0.6111111111111112,-0.6909190967231937
R_6rftRMhNP0o6boD,inference_categories,dailydilemmas,18,projection_only,0.6111111111111112,-0.6725049002109272
R_6rftRMhNP0o6boD,inference_categories,dailydilemmas,18,projection_alpha,0.7222222222222222,-0.6915497712551124
R_6rftRMhNP0o6boD,inference_categories,dailydilemmas,19,random_projection,0.5789473684210527,-0.6911947797178669
R_6rftRMhNP0o6boD,inference_categories,dailydilemmas,19,projection_only,0.631578947368421,-0.6921020413195974
R_6rftRMhNP0o6boD,inference_categories,dailydilemmas,19,projection_alpha,0.6842105263157895,-0.6893750365538904
R_6rftRMhNP0o6boD,inference_categories,dailydilemmas,20,random_projection,0.55,-0.6916081173427118
R_6rftRMhNP0o6boD,inference_categories,dailydilemmas,20,projection_only,0.6,-0.6965033321941564
R_6rftRMhNP0o6boD,inference_categories,dailydilemmas,20,projection_alpha,0.7,-0.6892576640966849
R_6jv2PrGBJcO4of6,inference_categories,dailydilemmas,3,random_projection,0.3333333333333333,-0.6946553661918564
R_6jv2PrGBJcO4of6,inference_categories,dailydilemmas,3,projection_only,0.6666666666666666,-0.6568455354130548
R_6jv2PrGBJcO4of6,inference_categories,dailydilemmas,3,projection_alpha,0.6666666666666666,-0.6923055606525024
R_6jv2PrGBJcO4of6,inference_categories,dailydilemmas,4,random_projection,0.75,-0.6934491155074042
R_6jv2PrGBJcO4of6,inference_categories,dailydilemmas,4,projection_only,0.75,-0.6477936896335614
R_6jv2PrGBJcO4of6,inference_categories,dailydilemmas,4,projection_alpha,0.25,-0.6974877550599009
R_6jv2PrGBJcO4of6,inference_categories,dailydilemmas,5,random_projection,0.8,-0.6893767735457148
R_6jv2PrGBJcO4of6,inference_categories,dailydilemmas,5,projection_only,0.8,-0.49281298404787366
R_6jv2PrGBJcO4of6,inference_categories,dailydilemmas,5,projection_alpha,0.4,-0.6934974292491514
R_6jv2PrGBJcO4of6,inference_categories,dailydilemmas,6,random_projection,0.8333333333333334,-0.6862619541567531
R_6jv2PrGBJcO4of6,inference_categories,dailydilemmas,6,projection_only,0.6666666666666666,-0.5817885092914646
R_6jv2PrGBJcO4of6,inference_categories,dailydilemmas,6,projection_alpha,0.3333333333333333,-0.6955522103181001
R_6jv2PrGBJcO4of6,inference_categories,dailydilemmas,7,random_projection,0.8571428571428571,-0.6865752646001184
R_6jv2PrGBJcO4of6,inference_categories,dailydilemmas,7,projection_only,0.7142857142857143,-0.5596817862668747
R_6jv2PrGBJcO4of6,inference_categories,dailydilemmas,7,projection_alpha,0.42857142857142855,-0.6939259133029309
R_6jv2PrGBJcO4of6,inference_categories,dailydilemmas,8,random_projection,1.0,-0.6848013054245734
R_6jv2PrGBJcO4of6,inference_categories,dailydilemmas,8,projection_only,0.75,-0.5432767976399191
R_6jv2PrGBJcO4of6,inference_categories,dailydilemmas,8,projection_alpha,0.5,-0.6917361350968305
R_6jv2PrGBJcO4of6,inference_categories,dailydilemmas,9,random_projection,1.0,-0.6845842629063915
R_6jv2PrGBJcO4of6,inference_categories,dailydilemmas,9,projection_only,0.8888888888888888,-0.4877780776049793
R_6jv2PrGBJcO4of6,inference_categories,dailydilemmas,9,projection_alpha,0.6666666666666666,-0.6852836742158028
R_6jv2PrGBJcO4of6,inference_categories,dailydilemmas,10,random_projection,0.9,-0.6846451976324739
R_6jv2PrGBJcO4of6,inference_categories,dailydilemmas,10,projection_only,0.8,-0.4575013489146967
R_6jv2PrGBJcO4of6,inference_categories,dailydilemmas,10,projection_alpha,0.7,-0.6822892612151434
R_6jv2PrGBJcO4of6,inference_categories,dailydilemmas,11,random_projection,0.9090909090909091,-0.6849305176301521
R_6jv2PrGBJcO4of6,inference_categories,dailydilemmas,11,projection_only,0.9090909090909091,-0.4191815569369155
R_6jv2PrGBJcO4of6,inference_categories,dailydilemmas,11,projection_alpha,0.7272727272727273,-0.6765135106499872
R_6jv2PrGBJcO4of6,inference_categories,dailydilemmas,12,random_projection,0.9166666666666666,-0.6842547380031182
R_6jv2PrGBJcO4of6,inference_categories,dailydilemmas,12,projection_only,0.9166666666666666,-0.39197784325177903
R_6jv2PrGBJcO4of6,inference_categories,dailydilemmas,12,projection_alpha,0.8333333333333334,-0.6712396833587899
R_6jv2PrGBJcO4of6,inference_categories,dailydilemmas,13,random_projection,0.8461538461538461,-0.6850218567385584
R_6jv2PrGBJcO4of6,inference_categories,dailydilemmas,13,projection_only,0.7692307692307693,-0.5187321656982263
R_6jv2PrGBJcO4of6,inference_categories,dailydilemmas,13,projection_alpha,0.7692307692307693,-0.6773595429800644
R_6jv2PrGBJcO4of6,inference_categories,dailydilemmas,14,random_projection,0.9285714285714286,-0.6842782240606563
R_6jv2PrGBJcO4of6,inference_categories,dailydilemmas,14,projection_only,0.7142857142857143,-0.5352359274835645
R_6jv2PrGBJcO4of6,inference_categories,dailydilemmas,14,projection_alpha,0.7857142857142857,-0.6776062686669875
R_6jv2PrGBJcO4of6,inference_categories,dailydilemmas,15,random_projection,0.8666666666666667,-0.6855141386110907
R_6jv2PrGBJcO4of6,inference_categories,dailydilemmas,15,projection_only,0.7333333333333333,-0.5224035649090103
R_6jv2PrGBJcO4of6,inference_categories,dailydilemmas,15,projection_alpha,0.8,-0.6783958297958091
R_6jv2PrGBJcO4of6,inference_categories,dailydilemmas,16,random_projection,0.8125,-0.6872265698012245
R_6jv2PrGBJcO4of6,inference_categories,dailydilemmas,16,projection_only,0.75,-0.5115985377202329
R_6jv2PrGBJcO4of6,inference_categories,dailydilemmas,16,projection_alpha,0.8125,-0.6767963071232617
R_6jv2PrGBJcO4of6,inference_categories,dailydilemmas,17,random_projection,0.8235294117647058,-0.6844528929367303
R_6jv2PrGBJcO4of6,inference_categories,dailydilemmas,17,projection_only,0.7647058823529411,-0.49268596511933216
R_6jv2PrGBJcO4of6,inference_categories,dailydilemmas,17,projection_alpha,0.8235294117647058,-0.6844876250315828
R_6jv2PrGBJcO4of6,inference_categories,dailydilemmas,18,random_projection,0.8333333333333334,-0.6842615559885563
R_6jv2PrGBJcO4of6,inference_categories,dailydilemmas,18,projection_only,0.7222222222222222,-0.5075871609414085
R_6jv2PrGBJcO4of6,inference_categories,dailydilemmas,18,projection_alpha,0.7222222222222222,-0.6849685095024277
R_6jv2PrGBJcO4of6,inference_categories,dailydilemmas,19,random_projection,0.8421052631578947,-0.6842164305272564
R_6jv2PrGBJcO4of6,inference_categories,dailydilemmas,19,projection_only,0.6842105263157895,-0.5095909628492648
R_6jv2PrGBJcO4of6,inference_categories,dailydilemmas,19,projection_alpha,0.7368421052631579,-0.6853831793220432
R_6jv2PrGBJcO4of6,inference_categories,dailydilemmas,20,random_projection,0.8,-0.6853734387041942
R_6jv2PrGBJcO4of6,inference_categories,dailydilemmas,20,projection_only,0.75,-0.5817042160387697
R_6jv2PrGBJcO4of6,inference_categories,dailydilemmas,20,projection_alpha,0.55,-0.6879489113079453
R_1dHqTtKKq3yQvmX,inference_categories,dailydilemmas,3,random_projection,0.0,-0.6946484979066806
R_1dHqTtKKq3yQvmX,inference_categories,dailydilemmas,3,projection_only,0.6666666666666666,-0.5847813872478871
R_1dHqTtKKq3yQvmX,inference_categories,dailydilemmas,3,projection_alpha,0.6666666666666666,-0.6902383293046386
R_1dHqTtKKq3yQvmX,inference_categories,dailydilemmas,4,random_projection,0.0,-0.6948704867605027
R_1dHqTtKKq3yQvmX,inference_categories,dailydilemmas,4,projection_only,0.75,-0.5586101047147989
R_1dHqTtKKq3yQvmX,inference_categories,dailydilemmas,4,projection_alpha,0.5,-0.6993165652623239
R_1dHqTtKKq3yQvmX,inference_categories,dailydilemmas,5,random_projection,0.4,-0.6935666235429558
R_1dHqTtKKq3yQvmX,inference_categories,dailydilemmas,5,projection_only,0.8,-0.4732083528562597
R_1dHqTtKKq3yQvmX,inference_categories,dailydilemmas,5,projection_alpha,0.4,-0.6910996550171303
R_1dHqTtKKq3yQvmX,inference_categories,dailydilemmas,6,random_projection,0.16666666666666666,-0.6944387212870357
R_1dHqTtKKq3yQvmX,inference_categories,dailydilemmas,6,projection_only,0.8333333333333334,-0.5867043728194893
R_1dHqTtKKq3yQvmX,inference_categories,dailydilemmas,6,projection_alpha,0.5,-0.6969140840144578
R_1dHqTtKKq3yQvmX,inference_categories,dailydilemmas,7,random_projection,0.5714285714285714,-0.6928708658914658
R_1dHqTtKKq3yQvmX,inference_categories,dailydilemmas,7,projection_only,0.8571428571428571,-0.5422594892921243
R_1dHqTtKKq3yQvmX,inference_categories,dailydilemmas,7,projection_alpha,0.5714285714285714,-0.689146092803491
R_1dHqTtKKq3yQvmX,inference_categories,dailydilemmas,8,random_projection,0.5,-0.6931493229241752
R_1dHqTtKKq3yQvmX,inference_categories,dailydilemmas,8,projection_only,0.875,-0.5429199260446395
R_1dHqTtKKq3yQvmX,inference_categories,dailydilemmas,8,projection_alpha,0.375,-0.6899173571888029
R_1dHqTtKKq3yQvmX,inference_categories,dailydilemmas,9,random_projection,0.5555555555555556,-0.6905835874927961
R_1dHqTtKKq3yQvmX,inference_categories,dailydilemmas,9,projection_only,0.7777777777777778,-0.48095040026178076
R_1dHqTtKKq3yQvmX,inference_categories,dailydilemmas,9,projection_alpha,0.5555555555555556,-0.6781202946133339
R_1dHqTtKKq3yQvmX,inference_categories,dailydilemmas,10,random_projection,0.7,-0.6888477462466033
R_1dHqTtKKq3yQvmX,inference_categories,dailydilemmas,10,projection_only,0.8,-0.4293473098460937
R_1dHqTtKKq3yQvmX,inference_categories,dailydilemmas,10,projection_alpha,0.8,-0.6470749373381612
R_1dHqTtKKq3yQvmX,inference_categories,dailydilemmas,11,random_projection,0.7272727272727273,-0.686366163659006
R_1dHqTtKKq3yQvmX,inference_categories,dailydilemmas,11,projection_only,0.9090909090909091,-0.39510756520162693
R_1dHqTtKKq3yQvmX,inference_categories,dailydilemmas,11,projection_alpha,0.8181818181818182,-0.6378410333428719
R_1dHqTtKKq3yQvmX,inference_categories,dailydilemmas,12,random_projection,0.75,-0.6864835563565501
R_1dHqTtKKq3yQvmX,inference_categories,dailydilemmas,12,projection_only,0.9166666666666666,-0.36660022142430754
R_1dHqTtKKq3yQvmX,inference_categories,dailydilemmas,12,projection_alpha,0.8333333333333334,-0.6318589014019552
R_1dHqTtKKq3yQvmX,inference_categories,dailydilemmas,13,random_projection,0.6923076923076923,-0.6851479521064484
R_1dHqTtKKq3yQvmX,inference_categories,dailydilemmas,13,projection_only,0.7692307692307693,-0.5129579314138712
R_1dHqTtKKq3yQvmX,inference_categories,dailydilemmas,13,projection_alpha,0.7692307692307693,-0.6413308803773123
R_1dHqTtKKq3yQvmX,inference_categories,dailydilemmas,14,random_projection,0.6428571428571429,-0.6857197941090084
R_1dHqTtKKq3yQvmX,inference_categories,dailydilemmas,14,projection_only,0.7857142857142857,-0.5038321952191693
R_1dHqTtKKq3yQvmX,inference_categories,dailydilemmas,14,projection_alpha,0.7857142857142857,-0.6421269224339415
R_1dHqTtKKq3yQvmX,inference_categories,dailydilemmas,15,random_projection,0.7333333333333333,-0.6868620654052542
R_1dHqTtKKq3yQvmX,inference_categories,dailydilemmas,15,projection_only,0.8,-0.5172035731713739
R_1dHqTtKKq3yQvmX,inference_categories,dailydilemmas,15,projection_alpha,0.8,-0.6442914567801019
R_1dHqTtKKq3yQvmX,inference_categories,dailydilemmas,16,random_projection,0.6875,-0.687277231625494
R_1dHqTtKKq3yQvmX,inference_categories,dailydilemmas,16,projection_only,0.75,-0.5420234813906883
R_1dHqTtKKq3yQvmX,inference_categories,dailydilemmas,16,projection_alpha,0.75,-0.6506949261482038
R_1dHqTtKKq3yQvmX,inference_categories,dailydilemmas,17,random_projection,0.7058823529411765,-0.6898867385283197
R_1dHqTtKKq3yQvmX,inference_categories,dailydilemmas,17,projection_only,0.7058823529411765,-0.6817081244553099
R_1dHqTtKKq3yQvmX,inference_categories,dailydilemmas,17,projection_alpha,0.7058823529411765,-0.666212418196269
R_1dHqTtKKq3yQvmX,inference_categories,dailydilemmas,18,random_projection,0.6666666666666666,-0.6888861729422756
R_1dHqTtKKq3yQvmX,inference_categories,dailydilemmas,18,projection_only,0.7222222222222222,-0.6524404601412751
R_1dHqTtKKq3yQvmX,inference_categories,dailydilemmas,18,projection_alpha,0.7222222222222222,-0.6588207067529703
R_1dHqTtKKq3yQvmX,inference_categories,dailydilemmas,19,random_projection,0.7368421052631579,-0.6873644773161738
R_1dHqTtKKq3yQvmX,inference_categories,dailydilemmas,19,projection_only,0.7368421052631579,-0.616725649513344
R_1dHqTtKKq3yQvmX,inference_categories,dailydilemmas,19,projection_alpha,0.7368421052631579,-0.6446443830123209
R_1dHqTtKKq3yQvmX,inference_categories,dailydilemmas,20,random_projection,0.75,-0.6863228528769948
R_1dHqTtKKq3yQvmX,inference_categories,dailydilemmas,20,projection_only,0.75,-0.6055324984821301
R_1dHqTtKKq3yQvmX,inference_categories,dailydilemmas,20,projection_alpha,0.75,-0.6398693894359374
R_1P81VK8fH860C4V,inference_categories,dailydilemmas,3,random_projection,0.3333333333333333,-0.6932256332910436
R_1P81VK8fH860C4V,inference_categories,dailydilemmas,3,projection_only,0.6666666666666666,-0.573981464822766
R_1P81VK8fH860C4V,inference_categories,dailydilemmas,3,projection_alpha,0.0,-0.7189483338538833
R_1P81VK8fH860C4V,inference_categories,dailydilemmas,4,random_projection,0.25,-0.6934744200317486
R_1P81VK8fH860C4V,inference_categories,dailydilemmas,4,projection_only,0.75,-0.5158987396783705
R_1P81VK8fH860C4V,inference_categories,dailydilemmas,4,projection_alpha,0.0,-0.7164533778644804
R_1P81VK8fH860C4V,inference_categories,dailydilemmas,5,random_projection,0.4,-0.693249773420717
R_1P81VK8fH860C4V,inference_categories,dailydilemmas,5,projection_only,0.8,-0.4237788797713252
R_1P81VK8fH860C4V,inference_categories,dailydilemmas,5,projection_alpha,0.0,-0.7155795542969472
R_1P81VK8fH860C4V,inference_categories,dailydilemmas,6,random_projection,0.3333333333333333,-0.6935302687806
R_1P81VK8fH860C4V,inference_categories,dailydilemmas,6,projection_only,1.0,-0.42181563657847426
R_1P81VK8fH860C4V,inference_categories,dailydilemmas,6,projection_alpha,0.0,-0.715488045218884
R_1P81VK8fH860C4V,inference_categories,dailydilemmas,7,random_projection,0.5714285714285714,-0.691372185347934
R_1P81VK8fH860C4V,inference_categories,dailydilemmas,7,projection_only,1.0,-0.35413883876019714
R_1P81VK8fH860C4V,inference_categories,dailydilemmas,7,projection_alpha,0.0,-0.7113718376977692
R_1P81VK8fH860C4V,inference_categories,dailydilemmas,8,random_projection,0.5,-0.6919596643904714
R_1P81VK8fH860C4V,inference_categories,dailydilemmas,8,projection_only,1.0,-0.3189779190687688
R_1P81VK8fH860C4V,inference_categories,dailydilemmas,8,projection_alpha,0.0,-0.7066946721221712
R_1P81VK8fH860C4V,inference_categories,dailydilemmas,9,random_projection,0.3333333333333333,-0.6937128551684952
R_1P81VK8fH860C4V,inference_categories,dailydilemmas,9,projection_only,1.0,-0.2978617028367481
R_1P81VK8fH860C4V,inference_categories,dailydilemmas,9,projection_alpha,0.0,-0.7020305630775048
R_1P81VK8fH860C4V,inference_categories,dailydilemmas,10,random_projection,0.4,-0.6940211658814672
R_1P81VK8fH860C4V,inference_categories,dailydilemmas,10,projection_only,0.9,-0.5014251913053304
R_1P81VK8fH860C4V,inference_categories,dailydilemmas,10,projection_alpha,0.1,-0.7038412103243339
R_1P81VK8fH860C4V,inference_categories,dailydilemmas,11,random_projection,0.5454545454545454,-0.692630017200024
R_1P81VK8fH860C4V,inference_categories,dailydilemmas,11,projection_only,0.9090909090909091,-0.45294424095425795
R_1P81VK8fH860C4V,inference_categories,dailydilemmas,11,projection_alpha,0.36363636363636365,-0.6966334789827998
R_1P81VK8fH860C4V,inference_categories,dailydilemmas,12,random_projection,0.5833333333333334,-0.6912405806822225
R_1P81VK8fH860C4V,inference_categories,dailydilemmas,12,projection_only,0.9166666666666666,-0.4248462798823592
R_1P81VK8fH860C4V,inference_categories,dailydilemmas,12,projection_alpha,0.5,-0.6935741200248492
R_1P81VK8fH860C4V,inference_categories,dailydilemmas,13,random_projection,0.6923076923076923,-0.6899611317159509
R_1P81VK8fH860C4V,inference_categories,dailydilemmas,13,projection_only,0.9230769230769231,-0.39864804758943434
R_1P81VK8fH860C4V,inference_categories,dailydilemmas,13,projection_alpha,0.6923076923076923,-0.689272613571002
R_1P81VK8fH860C4V,inference_categories,dailydilemmas,14,random_projection,0.7142857142857143,-0.6894952545718167
R_1P81VK8fH860C4V,inference_categories,dailydilemmas,14,projection_only,0.9285714285714286,-0.38200413395258787
R_1P81VK8fH860C4V,inference_categories,dailydilemmas,14,projection_alpha,0.7857142857142857,-0.6855725495186463
R_1P81VK8fH860C4V,inference_categories,dailydilemmas,15,random_projection,0.7333333333333333,-0.6897298864475074
R_1P81VK8fH860C4V,inference_categories,dailydilemmas,15,projection_only,0.8666666666666667,-0.4340762285262931
R_1P81VK8fH860C4V,inference_categories,dailydilemmas,15,projection_alpha,0.7333333333333333,-0.687026479089622
R_1P81VK8fH860C4V,inference_categories,dailydilemmas,16,random_projection,0.75,-0.6898821989914511
R_1P81VK8fH860C4V,inference_categories,dailydilemmas,16,projection_only,0.875,-0.40944348588089075
R_1P81VK8fH860C4V,inference_categories,dailydilemmas,16,projection_alpha,0.8125,-0.6821950811527202
R_1P81VK8fH860C4V,inference_categories,dailydilemmas,17,random_projection,0.7058823529411765,-0.6906185267669633
R_1P81VK8fH860C4V,inference_categories,dailydilemmas,17,projection_only,0.8823529411764706,-0.4143413752243589
R_1P81VK8fH860C4V,inference_categories,dailydilemmas,17,projection_alpha,0.8235294117647058,-0.6824201257470799
R_1P81VK8fH860C4V,inference_categories,dailydilemmas,18,random_projection,0.6666666666666666,-0.6893494841354317
R_1P81VK8fH860C4V,inference_categories,dailydilemmas,18,projection_only,0.8888888888888888,-0.39541249802775597
R_1P81VK8fH860C4V,inference_categories,dailydilemmas,18,projection_alpha,0.8333333333333334,-0.6785388736717185
R_1P81VK8fH860C4V,inference_categories,dailydilemmas,19,random_projection,0.6842105263157895,-0.6888451517940415
R_1P81VK8fH860C4V,inference_categories,dailydilemmas,19,projection_only,0.8947368421052632,-0.39574660399103556
R_1P81VK8fH860C4V,inference_categories,dailydilemmas,19,projection_alpha,0.7894736842105263,-0.6796824825926497
R_1P81VK8fH860C4V,inference_categories,dailydilemmas,20,random_projection,0.7,-0.689042128960441
R_1P81VK8fH860C4V,inference_categories,dailydilemmas,20,projection_only,0.9,-0.3988817975111956
R_1P81VK8fH860C4V,inference_categories,dailydilemmas,20,projection_alpha,0.8,-0.678977584788838
R_7go085j249AymBb,inference_categories,dailydilemmas,4,random_projection,0.25,-0.6929790213344282
R_7go085j249AymBb,inference_categories,dailydilemmas,4,projection_only,0.0,-0.7385877412781068
R_7go085j249AymBb,inference_categories,dailydilemmas,4,projection_alpha,0.0,-0.6941268556922467
R_7go085j249AymBb,inference_categories,dailydilemmas,5,random_projection,0.6,-0.6906228313039594
R_7go085j249AymBb,inference_categories,dailydilemmas,5,projection_only,0.6,-0.6943945814190606
R_7go085j249AymBb,inference_categories,dailydilemmas,5,projection_alpha,0.6,-0.6927534786318811
R_7go085j249AymBb,inference_categories,dailydilemmas,6,random_projection,0.6666666666666666,-0.6917615174442632
R_7go085j249AymBb,inference_categories,dailydilemmas,6,projection_only,0.6666666666666666,-0.5944057929148362
R_7go085j249AymBb,inference_categories,dailydilemmas,6,projection_alpha,0.6666666666666666,-0.6886076498280301
R_7go085j249AymBb,inference_categories,dailydilemmas,7,random_projection,0.42857142857142855,-0.6941779061579835
R_7go085j249AymBb,inference_categories,dailydilemmas,7,projection_only,0.7142857142857143,-0.5285956914615716
R_7go085j249AymBb,inference_categories,dailydilemmas,7,projection_alpha,0.7142857142857143,-0.6844375243453322
R_7go085j249AymBb,inference_categories,dailydilemmas,8,random_projection,0.375,-0.6930782970849791
R_7go085j249AymBb,inference_categories,dailydilemmas,8,projection_only,0.75,-0.4550999503036886
R_7go085j249AymBb,inference_categories,dailydilemmas,8,projection_alpha,0.75,-0.6757078425593895
R_7go085j249AymBb,inference_categories,dailydilemmas,9,random_projection,0.3333333333333333,-0.6943385346240204
R_7go085j249AymBb,inference_categories,dailydilemmas,9,projection_only,0.6666666666666666,-0.5400502365119882
R_7go085j249AymBb,inference_categories,dailydilemmas,9,projection_alpha,0.6666666666666666,-0.6810105851845277
R_7go085j249AymBb,inference_categories,dailydilemmas,10,random_projection,0.4,-0.6954236601808642
R_7go085j249AymBb,inference_categories,dailydilemmas,10,projection_only,0.6,-0.74507568659284
R_7go085j249AymBb,inference_categories,dailydilemmas,10,projection_alpha,0.6,-0.6920329914322766
R_7go085j249AymBb,inference_categories,dailydilemmas,11,random_projection,0.45454545454545453,-0.6951540955346324
R_7go085j249AymBb,inference_categories,dailydilemmas,11,projection_only,0.6363636363636364,-0.7018353311840761
R_7go085j249AymBb,inference_categories,dailydilemmas,11,projection_alpha,0.6363636363636364,-0.6887797290169898
R_7go085j249AymBb,inference_categories,dailydilemmas,12,random_projection,0.5,-0.6939653792222532
R_7go085j249AymBb,inference_categories,dailydilemmas,12,projection_only,0.6666666666666666,-0.6478556256918432
R_7go085j249AymBb,inference_categories,dailydilemmas,12,projection_alpha,0.6666666666666666,-0.6826117168767278
R_7go085j249AymBb,inference_categories,dailydilemmas,13,random_projection,0.3076923076923077,-0.6944192391544305
R_7go085j249AymBb,inference_categories,dailydilemmas,13,projection_only,0.6923076923076923,-0.6355131535121755
R_7go085j249AymBb,inference_categories,dailydilemmas,13,projection_alpha,0.6923076923076923,-0.6813090914602178
R_7go085j249AymBb,inference_categories,dailydilemmas,14,random_projection,0.2857142857142857,-0.6953948682337842
R_7go085j249AymBb,inference_categories,dailydilemmas,14,projection_only,0.6428571428571429,-0.6720571865527242
R_7go085j249AymBb,inference_categories,dailydilemmas,14,projection_alpha,0.7142857142857143,-0.6820343312366435
R_7go085j249AymBb,inference_categories,dailydilemmas,15,random_projection,0.3333333333333333,-0.6945882881795037
R_7go085j249AymBb,inference_categories,dailydilemmas,15,projection_only,0.6666666666666666,-0.6573409528908501
R_7go085j249AymBb,inference_categories,dailydilemmas,15,projection_alpha,0.7333333333333333,-0.6809582663149971
R_7go085j249AymBb,inference_categories,dailydilemmas,16,random_projection,0.4375,-0.6942786938924175
R_7go085j249AymBb,inference_categories,dailydilemmas,16,projection_only,0.6875,-0.6417221604776259
R_7go085j249AymBb,inference_categories,dailydilemmas,16,projection_alpha,0.75,-0.6783693064140037
R_7go085j249AymBb,inference_categories,dailydilemmas,17,random_projection,0.35294117647058826,-0.6948470921687337
R_7go085j249AymBb,inference_categories,dailydilemmas,17,projection_only,0.6470588235294118,-0.6790288109178382
R_7go085j249AymBb,inference_categories,dailydilemmas,17,projection_alpha,0.7058823529411765,-0.683607776123029
R_7go085j249AymBb,inference_categories,dailydilemmas,18,random_projection,0.5,-0.6933992162629266
R_7go085j249AymBb,inference_categories,dailydilemmas,18,projection_only,0.6666666666666666,-0.6513765624457842
R_7go085j249AymBb,inference_categories,dailydilemmas,18,projection_alpha,0.7222222222222222,-0.6788324524442149
R_7go085j249AymBb,inference_categories,dailydilemmas,19,random_projection,0.5789473684210527,-0.6919106130105694
R_7go085j249AymBb,inference_categories,dailydilemmas,19,projection_only,0.6842105263157895,-0.6281778417143397
R_7go085j249AymBb,inference_categories,dailydilemmas,19,projection_alpha,0.7368421052631579,-0.6759973666550085
R_7go085j249AymBb,inference_categories,dailydilemmas,20,random_projection,0.6,-0.6916371216209183
R_7go085j249AymBb,inference_categories,dailydilemmas,20,projection_only,0.65,-0.6404623496764492
R_7go085j249AymBb,inference_categories,dailydilemmas,20,projection_alpha,0.7,-0.6769159037699373
R_6xzSCFMWRhzZIRg,inference_categories,dailydilemmas,3,random_projection,0.0,-0.6944797404865358
R_6xzSCFMWRhzZIRg,inference_categories,dailydilemmas,3,projection_only,0.3333333333333333,-0.7279297460021437
R_6xzSCFMWRhzZIRg,inference_categories,dailydilemmas,3,projection_alpha,0.3333333333333333,-0.6940893035295436
R_6xzSCFMWRhzZIRg,inference_categories,dailydilemmas,4,random_projection,0.0,-0.6949176949586344
R_6xzSCFMWRhzZIRg,inference_categories,dailydilemmas,4,projection_only,0.5,-0.6604023018153665
R_6xzSCFMWRhzZIRg,inference_categories,dailydilemmas,4,projection_alpha,0.0,-0.7091485295592256
R_6xzSCFMWRhzZIRg,inference_categories,dailydilemmas,5,random_projection,0.2,-0.6954007342645194
R_6xzSCFMWRhzZIRg,inference_categories,dailydilemmas,5,projection_only,0.8,-0.6507138340896506
R_6xzSCFMWRhzZIRg,inference_categories,dailydilemmas,5,projection_alpha,0.0,-0.7092768295074509
R_6xzSCFMWRhzZIRg,inference_categories,dailydilemmas,6,random_projection,0.0,-0.6959325577377035
R_6xzSCFMWRhzZIRg,inference_categories,dailydilemmas,6,projection_only,0.16666666666666666,-0.8718788930287364
R_6xzSCFMWRhzZIRg,inference_categories,dailydilemmas,6,projection_alpha,0.16666666666666666,-0.7016160893194483
R_6xzSCFMWRhzZIRg,inference_categories,dailydilemmas,7,random_projection,0.2857142857142857,-0.6950050591983293
R_6xzSCFMWRhzZIRg,inference_categories,dailydilemmas,7,projection_only,0.42857142857142855,-0.835563957904025
R_6xzSCFMWRhzZIRg,inference_categories,dailydilemmas,7,projection_alpha,0.14285714285714285,-0.7003051406381202
R_6xzSCFMWRhzZIRg,inference_categories,dailydilemmas,8,random_projection,0.25,-0.6955176484414753
R_6xzSCFMWRhzZIRg,inference_categories,dailydilemmas,8,projection_only,0.125,-0.8630303518655636
R_6xzSCFMWRhzZIRg,inference_categories,dailydilemmas,8,projection_alpha,0.25,-0.6900323957733914
R_6xzSCFMWRhzZIRg,inference_categories,dailydilemmas,9,random_projection,0.3333333333333333,-0.6957304470575572
R_6xzSCFMWRhzZIRg,inference_categories,dailydilemmas,9,projection_only,0.2222222222222222,-0.7675173844195345
R_6xzSCFMWRhzZIRg,inference_categories,dailydilemmas,9,projection_alpha,0.3333333333333333,-0.6828117525319685
R_6xzSCFMWRhzZIRg,inference_categories,dailydilemmas,10,random_projection,0.4,-0.6947959203033128
R_6xzSCFMWRhzZIRg,inference_categories,dailydilemmas,10,projection_only,0.4,-0.7451696180589054
R_6xzSCFMWRhzZIRg,inference_categories,dailydilemmas,10,projection_alpha,0.4,-0.6812224600055576
R_6xzSCFMWRhzZIRg,inference_categories,dailydilemmas,11,random_projection,0.2727272727272727,-0.695336450218199
R_6xzSCFMWRhzZIRg,inference_categories,dailydilemmas,11,projection_only,0.45454545454545453,-0.7353069124988676
R_6xzSCFMWRhzZIRg,inference_categories,dailydilemmas,11,projection_alpha,0.45454545454545453,-0.6806794551872496
R_6xzSCFMWRhzZIRg,inference_categories,dailydilemmas,12,random_projection,0.3333333333333333,-0.6952942406079003
R_6xzSCFMWRhzZIRg,inference_categories,dailydilemmas,12,projection_only,0.4166666666666667,-0.6979513166211073
R_6xzSCFMWRhzZIRg,inference_categories,dailydilemmas,12,projection_alpha,0.5,-0.6768363817774272
R_6xzSCFMWRhzZIRg,inference_categories,dailydilemmas,13,random_projection,0.46153846153846156,-0.6947247752235813
R_6xzSCFMWRhzZIRg,inference_categories,dailydilemmas,13,projection_only,0.46153846153846156,-0.6954077851781862
R_6xzSCFMWRhzZIRg,inference_categories,dailydilemmas,13,projection_alpha,0.46153846153846156,-0.67931339780675
R_6xzSCFMWRhzZIRg,inference_categories,dailydilemmas,14,random_projection,0.6428571428571429,-0.6937697069538676
R_6xzSCFMWRhzZIRg,inference_categories,dailydilemmas,14,projection_only,0.5,-0.667735755693218
R_6xzSCFMWRhzZIRg,inference_categories,dailydilemmas,14,projection_alpha,0.5,-0.6762562932690824
R_6xzSCFMWRhzZIRg,inference_categories,dailydilemmas,15,random_projection,0.6,-0.6936730753199674
R_6xzSCFMWRhzZIRg,inference_categories,dailydilemmas,15,projection_only,0.6666666666666666,-0.6425242569709438
R_6xzSCFMWRhzZIRg,inference_categories,dailydilemmas,15,projection_alpha,0.5333333333333333,-0.6752993500289685
R_6xzSCFMWRhzZIRg,inference_categories,dailydilemmas,16,random_projection,0.5,-0.6930694722105459
R_6xzSCFMWRhzZIRg,inference_categories,dailydilemmas,16,projection_only,0.6875,-0.6149992628195897
R_6xzSCFMWRhzZIRg,inference_categories,dailydilemmas,16,projection_alpha,0.5625,-0.6711761640694442
R_6xzSCFMWRhzZIRg,inference_categories,dailydilemmas,17,random_projection,0.47058823529411764,-0.6937342473928672
R_6xzSCFMWRhzZIRg,inference_categories,dailydilemmas,17,projection_only,0.5294117647058824,-0.6490980323632711
R_6xzSCFMWRhzZIRg,inference_categories,dailydilemmas,17,projection_alpha,0.5294117647058824,-0.6739265040774635
R_6xzSCFMWRhzZIRg,inference_categories,dailydilemmas,18,random_projection,0.5555555555555556,-0.6934259842242045
R_6xzSCFMWRhzZIRg,inference_categories,dailydilemmas,18,projection_only,0.5555555555555556,-0.64031106904802
R_6xzSCFMWRhzZIRg,inference_categories,dailydilemmas,18,projection_alpha,0.5555555555555556,-0.6738946141476999
R_6xzSCFMWRhzZIRg,inference_categories,dailydilemmas,19,random_projection,0.47368421052631576,-0.6943002047263002
R_6xzSCFMWRhzZIRg,inference_categories,dailydilemmas,19,projection_only,0.5789473684210527,-0.6269939641100973
R_6xzSCFMWRhzZIRg,inference_categories,dailydilemmas,19,projection_alpha,0.5789473684210527,-0.6725405762424997
R_6xzSCFMWRhzZIRg,inference_categories,dailydilemmas,20,random_projection,0.45,-0.6927549896356361
R_6xzSCFMWRhzZIRg,inference_categories,dailydilemmas,20,projection_only,0.6,-0.6175199291572697
R_6xzSCFMWRhzZIRg,inference_categories,dailydilemmas,20,projection_alpha,0.6,-0.6674980754155067
R_5EychZPB1u00qZH,inference_categories,dailydilemmas,3,random_projection,0.0,-0.6943643490454519
R_5EychZPB1u00qZH,inference_categories,dailydilemmas,3,projection_only,0.6666666666666666,-0.5637051426797096
R_5EychZPB1u00qZH,inference_categories,dailydilemmas,3,projection_alpha,0.6666666666666666,-0.6795244173508594
R_5EychZPB1u00qZH,inference_categories,dailydilemmas,4,random_projection,0.5,-0.692439985597319
R_5EychZPB1u00qZH,inference_categories,dailydilemmas,4,projection_only,0.75,-0.4558745914714924
R_5EychZPB1u00qZH,inference_categories,dailydilemmas,4,projection_alpha,0.75,-0.6660098775356578
R_5EychZPB1u00qZH,inference_categories,dailydilemmas,5,random_projection,0.6,-0.692280855694681
R_5EychZPB1u00qZH,inference_categories,dailydilemmas,5,projection_only,0.8,-0.43496435530502514
R_5EychZPB1u00qZH,inference_categories,dailydilemmas,5,projection_alpha,0.6,-0.6709462186186551
R_5EychZPB1u00qZH,inference_categories,dailydilemmas,6,random_projection,0.6666666666666666,-0.6910682350051035
R_5EychZPB1u00qZH,inference_categories,dailydilemmas,6,projection_only,0.8333333333333334,-0.3883271365325928
R_5EychZPB1u00qZH,inference_categories,dailydilemmas,6,projection_alpha,0.6666666666666666,-0.6643150305546066
R_5EychZPB1u00qZH,inference_categories,dailydilemmas,7,random_projection,0.5714285714285714,-0.688093980605543
R_5EychZPB1u00qZH,inference_categories,dailydilemmas,7,projection_only,0.8571428571428571,-0.35909781470191027
R_5EychZPB1u00qZH,inference_categories,dailydilemmas,7,projection_alpha,0.7142857142857143,-0.6604045786175375
R_5EychZPB1u00qZH,inference_categories,dailydilemmas,8,random_projection,0.625,-0.6900241874679578
R_5EychZPB1u00qZH,inference_categories,dailydilemmas,8,projection_only,0.75,-0.5258769008043167
R_5EychZPB1u00qZH,inference_categories,dailydilemmas,8,projection_alpha,0.625,-0.6735255663543626
R_5EychZPB1u00qZH,inference_categories,dailydilemmas,9,random_projection,0.6666666666666666,-0.6903184260206587
R_5EychZPB1u00qZH,inference_categories,dailydilemmas,9,projection_only,0.7777777777777778,-0.47572393628484405
R_5EychZPB1u00qZH,inference_categories,dailydilemmas,9,projection_alpha,0.6666666666666666,-0.6659163046958441
R_5EychZPB1u00qZH,inference_categories,dailydilemmas,10,random_projection,0.5,-0.6923351559844642
R_5EychZPB1u00qZH,inference_categories,dailydilemmas,10,projection_only,0.7,-0.5543717147558545
R_5EychZPB1u00qZH,inference_categories,dailydilemmas,10,projection_alpha,0.6,-0.6704882333316998
R_5EychZPB1u00qZH,inference_categories,dailydilemmas,11,random_projection,0.5454545454545454,-0.6909325492668743
R_5EychZPB1u00qZH,inference_categories,dailydilemmas,11,projection_only,0.8181818181818182,-0.5365688639555898
R_5EychZPB1u00qZH,inference_categories,dailydilemmas,11,projection_alpha,0.5454545454545454,-0.6749043712218642
R_5EychZPB1u00qZH,inference_categories,dailydilemmas,12,random_projection,0.5,-0.692256819163962
R_5EychZPB1u00qZH,inference_categories,dailydilemmas,12,projection_only,0.8333333333333334,-0.5130159869569385
R_5EychZPB1u00qZH,inference_categories,dailydilemmas,12,projection_alpha,0.6666666666666666,-0.6705791101063818
R_5EychZPB1u00qZH,inference_categories,dailydilemmas,13,random_projection,0.6153846153846154,-0.6892171121660977
R_5EychZPB1u00qZH,inference_categories,dailydilemmas,13,projection_only,0.8461538461538461,-0.4732775338229959
R_5EychZPB1u00qZH,inference_categories,dailydilemmas,13,projection_alpha,0.6923076923076923,-0.6655237859221521
R_5EychZPB1u00qZH,inference_categories,dailydilemmas,14,random_projection,0.5714285714285714,-0.6900873796545316
R_5EychZPB1u00qZH,inference_categories,dailydilemmas,14,projection_only,0.8571428571428571,-0.47450868347893393
R_5EychZPB1u00qZH,inference_categories,dailydilemmas,14,projection_alpha,0.6428571428571429,-0.6671702622693642
R_5EychZPB1u00qZH,inference_categories,dailydilemmas,15,random_projection,0.5333333333333333,-0.6912167076577036
R_5EychZPB1u00qZH,inference_categories,dailydilemmas,15,projection_only,0.8,-0.49209828575869424
R_5EychZPB1u00qZH,inference_categories,dailydilemmas,15,projection_alpha,0.6,-0.6718158221920195
R_5EychZPB1u00qZH,inference_categories,dailydilemmas,16,random_projection,0.625,-0.6900738968479917
R_5EychZPB1u00qZH,inference_categories,dailydilemmas,16,projection_only,0.8125,-0.4601046930306651
R_5EychZPB1u00qZH,inference_categories,dailydilemmas,16,projection_alpha,0.625,-0.6665294244980698
R_5EychZPB1u00qZH,inference_categories,dailydilemmas,17,random_projection,0.7058823529411765,-0.6901138767811671
R_5EychZPB1u00qZH,inference_categories,dailydilemmas,17,projection_only,0.8235294117647058,-0.46805298845732524
R_5EychZPB1u00qZH,inference_categories,dailydilemmas,17,projection_alpha,0.5882352941176471,-0.6707545458965595
R_5EychZPB1u00qZH,inference_categories,dailydilemmas,18,random_projection,0.7222222222222222,-0.6892542219108361
R_5EychZPB1u00qZH,inference_categories,dailydilemmas,18,projection_only,0.8333333333333334,-0.4477830070097141
R_5EychZPB1u00qZH,inference_categories,dailydilemmas,18,projection_alpha,0.6111111111111112,-0.6671648214911734
R_5EychZPB1u00qZH,inference_categories,dailydilemmas,19,random_projection,0.631578947368421,-0.6900254469698878
R_5EychZPB1u00qZH,inference_categories,dailydilemmas,19,projection_only,0.7894736842105263,-0.44979299001963785
R_5EychZPB1u00qZH,inference_categories,dailydilemmas,19,projection_alpha,0.631578947368421,-0.664739886417162
R_5EychZPB1u00qZH,inference_categories,dailydilemmas,20,random_projection,0.7,-0.6898342284473198
R_5EychZPB1u00qZH,inference_categories,dailydilemmas,20,projection_only,0.8,-0.44141755801352406
R_5EychZPB1u00qZH,inference_categories,dailydilemmas,20,projection_alpha,0.6,-0.665151507979451
R_59glCvaBnt5WTU6,inference_categories,dailydilemmas,3,random_projection,0.3333333333333333,-0.6938331380956041
R_59glCvaBnt5WTU6,inference_categories,dailydilemmas,3,projection_only,0.0,-0.7339837071350942
R_59glCvaBnt5WTU6,inference_categories,dailydilemmas,3,projection_alpha,0.0,-0.6940062712142893
R_59glCvaBnt5WTU6,inference_categories,dailydilemmas,4,random_projection,0.0,-0.6942920935234876
R_59glCvaBnt5WTU6,inference_categories,dailydilemmas,4,projection_only,0.0,-0.7688074032378629
R_59glCvaBnt5WTU6,inference_categories,dailydilemmas,4,projection_alpha,0.0,-0.6947229751139252
R_59glCvaBnt5WTU6,inference_categories,dailydilemmas,5,random_projection,0.4,-0.6938879126936995
R_59glCvaBnt5WTU6,inference_categories,dailydilemmas,5,projection_only,0.0,-0.8046614971067987
R_59glCvaBnt5WTU6,inference_categories,dailydilemmas,5,projection_alpha,0.2,-0.6957950930606023
R_59glCvaBnt5WTU6,inference_categories,dailydilemmas,6,random_projection,0.5,-0.6935159799170202
R_59glCvaBnt5WTU6,inference_categories,dailydilemmas,6,projection_only,0.5,-0.7441272823910695
R_59glCvaBnt5WTU6,inference_categories,dailydilemmas,6,projection_alpha,0.5,-0.6942109888407776
R_59glCvaBnt5WTU6,inference_categories,dailydilemmas,7,random_projection,0.5714285714285714,-0.6933337796323649
R_59glCvaBnt5WTU6,inference_categories,dailydilemmas,7,projection_only,0.2857142857142857,-0.7355723783268576
R_59glCvaBnt5WTU6,inference_categories,dailydilemmas,7,projection_alpha,0.2857142857142857,-0.6944905353737435
R_59glCvaBnt5WTU6,inference_categories,dailydilemmas,8,random_projection,0.375,-0.6940730630964629
R_59glCvaBnt5WTU6,inference_categories,dailydilemmas,8,projection_only,0.5,-0.7020072100310993
R_59glCvaBnt5WTU6,inference_categories,dailydilemmas,8,projection_alpha,0.5,-0.6934540269039395
R_59glCvaBnt5WTU6,inference_categories,dailydilemmas,9,random_projection,0.3333333333333333,-0.6940578938466462
R_59glCvaBnt5WTU6,inference_categories,dailydilemmas,9,projection_only,0.5555555555555556,-0.6989358099286037
R_59glCvaBnt5WTU6,inference_categories,dailydilemmas,9,projection_alpha,0.5555555555555556,-0.6933505932219042
R_59glCvaBnt5WTU6,inference_categories,dailydilemmas,10,random_projection,0.4,-0.6931461000460898
R_59glCvaBnt5WTU6,inference_categories,dailydilemmas,10,projection_only,0.4,-0.744931220674244
R_59glCvaBnt5WTU6,inference_categories,dailydilemmas,10,projection_alpha,0.4,-0.6945552595063428
R_59glCvaBnt5WTU6,inference_categories,dailydilemmas,11,random_projection,0.7272727272727273,-0.6931326206179885
R_59glCvaBnt5WTU6,inference_categories,dailydilemmas,11,projection_only,0.45454545454545453,-0.7340003483201027
R_59glCvaBnt5WTU6,inference_categories,dailydilemmas,11,projection_alpha,0.5454545454545454,-0.6939671232977602
R_59glCvaBnt5WTU6,inference_categories,dailydilemmas,12,random_projection,0.6666666666666666,-0.6913496234375818
R_59glCvaBnt5WTU6,inference_categories,dailydilemmas,12,projection_only,0.6666666666666666,-0.7135179595907489
R_59glCvaBnt5WTU6,inference_categories,dailydilemmas,12,projection_alpha,0.5833333333333334,-0.6928319491695799
R_59glCvaBnt5WTU6,inference_categories,dailydilemmas,13,random_projection,0.6153846153846154,-0.6915440717596006
R_59glCvaBnt5WTU6,inference_categories,dailydilemmas,13,projection_only,0.6923076923076923,-0.6659946352682289
R_59glCvaBnt5WTU6,inference_categories,dailydilemmas,13,projection_alpha,0.6923076923076923,-0.6896812351235787
R_59glCvaBnt5WTU6,inference_categories,dailydilemmas,14,random_projection,0.7142857142857143,-0.6922360476727574
R_59glCvaBnt5WTU6,inference_categories,dailydilemmas,14,projection_only,0.5,-0.6837759434836302
R_59glCvaBnt5WTU6,inference_categories,dailydilemmas,14,projection_alpha,0.6428571428571429,-0.6910187890077655
R_59glCvaBnt5WTU6,inference_categories,dailydilemmas,15,random_projection,0.4666666666666667,-0.6927526205665799
R_59glCvaBnt5WTU6,inference_categories,dailydilemmas,15,projection_only,0.6,-0.6830140764853676
R_59glCvaBnt5WTU6,inference_categories,dailydilemmas,15,projection_alpha,0.6666666666666666,-0.6906001527617818
R_59glCvaBnt5WTU6,inference_categories,dailydilemmas,16,random_projection,0.5,-0.6932131819055931
R_59glCvaBnt5WTU6,inference_categories,dailydilemmas,16,projection_only,0.625,-0.6367214038794737
R_59glCvaBnt5WTU6,inference_categories,dailydilemmas,16,projection_alpha,0.6875,-0.6845961042110009
R_59glCvaBnt5WTU6,inference_categories,dailydilemmas,17,random_projection,0.47058823529411764,-0.6928918745017952
R_59glCvaBnt5WTU6,inference_categories,dailydilemmas,17,projection_only,0.5882352941176471,-0.6437568262291874
R_59glCvaBnt5WTU6,inference_categories,dailydilemmas,17,projection_alpha,0.5882352941176471,-0.6852356309097166
R_59glCvaBnt5WTU6,inference_categories,dailydilemmas,18,random_projection,0.5,-0.6914452494922935
R_59glCvaBnt5WTU6,inference_categories,dailydilemmas,18,projection_only,0.6111111111111112,-0.6103534343248822
R_59glCvaBnt5WTU6,inference_categories,dailydilemmas,18,projection_alpha,0.6666666666666666,-0.6797261011035416
R_59glCvaBnt5WTU6,inference_categories,dailydilemmas,19,random_projection,0.47368421052631576,-0.6914126257984264
R_59glCvaBnt5WTU6,inference_categories,dailydilemmas,19,projection_only,0.631578947368421,-0.6056936425772645
R_59glCvaBnt5WTU6,inference_categories,dailydilemmas,19,projection_alpha,0.6842105263157895,-0.6787494230409061
R_59glCvaBnt5WTU6,inference_categories,dailydilemmas,20,random_projection,0.55,-0.6913462036730198
R_59glCvaBnt5WTU6,inference_categories,dailydilemmas,20,projection_only,0.7,-0.5925392088959404
R_59glCvaBnt5WTU6,inference_categories,dailydilemmas,20,projection_alpha,0.7,-0.677913959971981
R_1nBL27EvLs0Bkk4,inference_categories,dailydilemmas,3,random_projection,0.0,-0.6938519079396551
R_1nBL27EvLs0Bkk4,inference_categories,dailydilemmas,3,projection_only,0.3333333333333333,-0.7728871933063862
R_1nBL27EvLs0Bkk4,inference_categories,dailydilemmas,3,projection_alpha,0.0,-0.7091239321302364
R_1nBL27EvLs0Bkk4,inference_categories,dailydilemmas,4,random_projection,0.75,-0.692139326717695
R_1nBL27EvLs0Bkk4,inference_categories,dailydilemmas,4,projection_only,0.25,-0.8295530118791661
R_1nBL27EvLs0Bkk4,inference_categories,dailydilemmas,4,projection_alpha,0.5,-0.6960047699150261
R_1nBL27EvLs0Bkk4,inference_categories,dailydilemmas,5,random_projection,0.6,-0.6927598017752266
R_1nBL27EvLs0Bkk4,inference_categories,dailydilemmas,5,projection_only,0.4,-0.7816085669645354
R_1nBL27EvLs0Bkk4,inference_categories,dailydilemmas,5,projection_alpha,0.4,-0.7002535323394931
R_1nBL27EvLs0Bkk4,inference_categories,dailydilemmas,6,random_projection,0.3333333333333333,-0.6941962708390218
R_1nBL27EvLs0Bkk4,inference_categories,dailydilemmas,6,projection_only,0.0,-0.8487867990821826
R_1nBL27EvLs0Bkk4,inference_categories,dailydilemmas,6,projection_alpha,0.5,-0.6952477471633655
R_1nBL27EvLs0Bkk4,inference_categories,dailydilemmas,7,random_projection,0.5714285714285714,-0.6927787083415383
R_1nBL27EvLs0Bkk4,inference_categories,dailydilemmas,7,projection_only,0.0,-0.8315992400445495
R_1nBL27EvLs0Bkk4,inference_categories,dailydilemmas,7,projection_alpha,0.5714285714285714,-0.6936038809461946
R_1nBL27EvLs0Bkk4,inference_categories,dailydilemmas,8,random_projection,0.75,-0.6889627676316963
R_1nBL27EvLs0Bkk4,inference_categories,dailydilemmas,8,projection_only,0.25,-0.8106125479822253
R_1nBL27EvLs0Bkk4,inference_categories,dailydilemmas,8,projection_alpha,0.375,-0.6973153064938661
R_1nBL27EvLs0Bkk4,inference_categories,dailydilemmas,9,random_projection,0.5555555555555556,-0.6905682318916592
R_1nBL27EvLs0Bkk4,inference_categories,dailydilemmas,9,projection_only,0.4444444444444444,-0.7443339904974314
R_1nBL27EvLs0Bkk4,inference_categories,dailydilemmas,9,projection_alpha,0.3333333333333333,-0.6983025033623101
R_1nBL27EvLs0Bkk4,inference_categories,dailydilemmas,10,random_projection,0.7,-0.6904325996049925
R_1nBL27EvLs0Bkk4,inference_categories,dailydilemmas,10,projection_only,0.6,-0.6891790116261094
R_1nBL27EvLs0Bkk4,inference_categories,dailydilemmas,10,projection_alpha,0.5,-0.6963059474741227
R_1nBL27EvLs0Bkk4,inference_categories,dailydilemmas,11,random_projection,0.6363636363636364,-0.6896400602190426
R_1nBL27EvLs0Bkk4,inference_categories,dailydilemmas,11,projection_only,0.45454545454545453,-0.7506360011721335
R_1nBL27EvLs0Bkk4,inference_categories,dailydilemmas,11,projection_alpha,0.2727272727272727,-0.698572984057627
R_1nBL27EvLs0Bkk4,inference_categories,dailydilemmas,12,random_projection,0.6666666666666666,-0.6922316860547998
R_1nBL27EvLs0Bkk4,inference_categories,dailydilemmas,12,projection_only,0.5833333333333334,-0.7114796177095544
R_1nBL27EvLs0Bkk4,inference_categories,dailydilemmas,12,projection_alpha,0.5,-0.6957711183870078
R_1nBL27EvLs0Bkk4,inference_categories,dailydilemmas,13,random_projection,0.5384615384615384,-0.6939062898224733
R_1nBL27EvLs0Bkk4,inference_categories,dailydilemmas,13,projection_only,0.6153846153846154,-0.7100237310174932
R_1nBL27EvLs0Bkk4,inference_categories,dailydilemmas,13,projection_alpha,0.46153846153846156,-0.6957636540369638
R_1nBL27EvLs0Bkk4,inference_categories,dailydilemmas,14,random_projection,0.5714285714285714,-0.694610888911539
R_1nBL27EvLs0Bkk4,inference_categories,dailydilemmas,14,projection_only,0.5,-0.7219177435345333
R_1nBL27EvLs0Bkk4,inference_categories,dailydilemmas,14,projection_alpha,0.5,-0.6945696254870216
R_1nBL27EvLs0Bkk4,inference_categories,dailydilemmas,15,random_projection,0.6,-0.6934939527341388
R_1nBL27EvLs0Bkk4,inference_categories,dailydilemmas,15,projection_only,0.4666666666666667,-0.7192308354324527
R_1nBL27EvLs0Bkk4,inference_categories,dailydilemmas,15,projection_alpha,0.4666666666666667,-0.6939951676573899
R_1nBL27EvLs0Bkk4,inference_categories,dailydilemmas,16,random_projection,0.5625,-0.6930837139735471
R_1nBL27EvLs0Bkk4,inference_categories,dailydilemmas,16,projection_only,0.5625,-0.6872264965790342
R_1nBL27EvLs0Bkk4,inference_categories,dailydilemmas,16,projection_alpha,0.625,-0.6898890646886846
R_1nBL27EvLs0Bkk4,inference_categories,dailydilemmas,17,random_projection,0.47058823529411764,-0.6936554975571537
R_1nBL27EvLs0Bkk4,inference_categories,dailydilemmas,17,projection_only,0.47058823529411764,-0.6811627737424658
R_1nBL27EvLs0Bkk4,inference_categories,dailydilemmas,17,projection_alpha,0.5882352941176471,-0.6898838383159175
R_1nBL27EvLs0Bkk4,inference_categories,dailydilemmas,18,random_projection,0.5555555555555556,-0.6933168942644892
R_1nBL27EvLs0Bkk4,inference_categories,dailydilemmas,18,projection_only,0.5555555555555556,-0.665489774599924
R_1nBL27EvLs0Bkk4,inference_categories,dailydilemmas,18,projection_alpha,0.6111111111111112,-0.6878910150536437
R_1nBL27EvLs0Bkk4,inference_categories,dailydilemmas,19,random_projection,0.47368421052631576,-0.6934946345536758
R_1nBL27EvLs0Bkk4,inference_categories,dailydilemmas,19,projection_only,0.631578947368421,-0.6577520601807546
R_1nBL27EvLs0Bkk4,inference_categories,dailydilemmas,19,projection_alpha,0.631578947368421,-0.687540810327711
R_1nBL27EvLs0Bkk4,inference_categories,dailydilemmas,20,random_projection,0.55,-0.6925863285750786
R_1nBL27EvLs0Bkk4,inference_categories,dailydilemmas,20,projection_only,0.65,-0.6399425441572547
R_1nBL27EvLs0Bkk4,inference_categories,dailydilemmas,20,projection_alpha,0.7,-0.6857201630646471
R_6FsUQnzEYAQwtwa,inference_categories,dailydilemmas,3,random_projection,0.6666666666666666,-0.6923104270429153
R_6FsUQnzEYAQwtwa,inference_categories,dailydilemmas,3,projection_only,0.6666666666666666,-0.5877027984257293
R_6FsUQnzEYAQwtwa,inference_categories,dailydilemmas,3,projection_alpha,0.6666666666666666,-0.6901155709818877
R_6FsUQnzEYAQwtwa,inference_categories,dailydilemmas,4,random_projection,0.25,-0.693163496323895
R_6FsUQnzEYAQwtwa,inference_categories,dailydilemmas,4,projection_only,0.75,-0.5126143169397052
R_6FsUQnzEYAQwtwa,inference_categories,dailydilemmas,4,projection_alpha,0.75,-0.6869817099271167
R_6FsUQnzEYAQwtwa,inference_categories,dailydilemmas,5,random_projection,0.2,-0.693298880764489
R_6FsUQnzEYAQwtwa,inference_categories,dailydilemmas,5,projection_only,0.8,-0.4629258386641494
R_6FsUQnzEYAQwtwa,inference_categories,dailydilemmas,5,projection_alpha,0.8,-0.6843643659810795
R_6FsUQnzEYAQwtwa,inference_categories,dailydilemmas,6,random_projection,0.5,-0.6926793434776379
R_6FsUQnzEYAQwtwa,inference_categories,dailydilemmas,6,projection_only,0.8333333333333334,-0.4829136953810946
R_6FsUQnzEYAQwtwa,inference_categories,dailydilemmas,6,projection_alpha,0.8333333333333334,-0.6848122136477715
R_6FsUQnzEYAQwtwa,inference_categories,dailydilemmas,7,random_projection,0.7142857142857143,-0.6916323308385101
R_6FsUQnzEYAQwtwa,inference_categories,dailydilemmas,7,projection_only,0.8571428571428571,-0.48248850766929535
R_6FsUQnzEYAQwtwa,inference_categories,dailydilemmas,7,projection_alpha,0.8571428571428571,-0.6851586259028645
R_6FsUQnzEYAQwtwa,inference_categories,dailydilemmas,8,random_projection,0.75,-0.6908150545154644
R_6FsUQnzEYAQwtwa,inference_categories,dailydilemmas,8,projection_only,1.0,-0.5055648167333238
R_6FsUQnzEYAQwtwa,inference_categories,dailydilemmas,8,projection_alpha,0.75,-0.6865624863193336
R_6FsUQnzEYAQwtwa,inference_categories,dailydilemmas,9,random_projection,0.7777777777777778,-0.690458888947586
R_6FsUQnzEYAQwtwa,inference_categories,dailydilemmas,9,projection_only,0.7777777777777778,-0.5506369181896777
R_6FsUQnzEYAQwtwa,inference_categories,dailydilemmas,9,projection_alpha,0.6666666666666666,-0.6880479655934257
R_6FsUQnzEYAQwtwa,inference_categories,dailydilemmas,10,random_projection,0.8,-0.6913051299565958
R_6FsUQnzEYAQwtwa,inference_categories,dailydilemmas,10,projection_only,0.8,-0.5521113819955088
R_6FsUQnzEYAQwtwa,inference_categories,dailydilemmas,10,projection_alpha,0.7,-0.6880624018075115
R_6FsUQnzEYAQwtwa,inference_categories,dailydilemmas,11,random_projection,0.7272727272727273,-0.6921817790312834
R_6FsUQnzEYAQwtwa,inference_categories,dailydilemmas,11,projection_only,0.8181818181818182,-0.5895830671218986
R_6FsUQnzEYAQwtwa,inference_categories,dailydilemmas,11,projection_alpha,0.8181818181818182,-0.6901103601074373
R_6FsUQnzEYAQwtwa,inference_categories,dailydilemmas,12,random_projection,0.75,-0.6917764366492194
R_6FsUQnzEYAQwtwa,inference_categories,dailydilemmas,12,projection_only,0.6666666666666666,-0.707291942391659
R_6FsUQnzEYAQwtwa,inference_categories,dailydilemmas,12,projection_alpha,0.6666666666666666,-0.6932386440931317
R_6FsUQnzEYAQwtwa,inference_categories,dailydilemmas,13,random_projection,0.6923076923076923,-0.6930080435596758
R_6FsUQnzEYAQwtwa,inference_categories,dailydilemmas,13,projection_only,0.7692307692307693,-0.6642205110346685
R_6FsUQnzEYAQwtwa,inference_categories,dailydilemmas,13,projection_alpha,0.6153846153846154,-0.6908697215130604
R_6FsUQnzEYAQwtwa,inference_categories,dailydilemmas,14,random_projection,0.6428571428571429,-0.6929044868251932
R_6FsUQnzEYAQwtwa,inference_categories,dailydilemmas,14,projection_only,0.6428571428571429,-0.7106929115902706
R_6FsUQnzEYAQwtwa,inference_categories,dailydilemmas,14,projection_alpha,0.5714285714285714,-0.6924437149094294
R_6FsUQnzEYAQwtwa,inference_categories,dailydilemmas,15,random_projection,0.6666666666666666,-0.6919330988666589
R_6FsUQnzEYAQwtwa,inference_categories,dailydilemmas,15,projection_only,0.7333333333333333,-0.7011805607576203
R_6FsUQnzEYAQwtwa,inference_categories,dailydilemmas,15,projection_alpha,0.5333333333333333,-0.6926582359231337
R_6FsUQnzEYAQwtwa,inference_categories,dailydilemmas,16,random_projection,0.625,-0.69173104486057
R_6FsUQnzEYAQwtwa,inference_categories,dailydilemmas,16,projection_only,0.6875,-0.6723599220151947
R_6FsUQnzEYAQwtwa,inference_categories,dailydilemmas,16,projection_alpha,0.5625,-0.6907822144180146
R_6FsUQnzEYAQwtwa,inference_categories,dailydilemmas,17,random_projection,0.5882352941176471,-0.6919172737714304
R_6FsUQnzEYAQwtwa,inference_categories,dailydilemmas,17,projection_only,0.6470588235294118,-0.6944408077165642
R_6FsUQnzEYAQwtwa,inference_categories,dailydilemmas,17,projection_alpha,0.5294117647058824,-0.6914764249647278
R_6FsUQnzEYAQwtwa,inference_categories,dailydilemmas,18,random_projection,0.7222222222222222,-0.6914553047087518
R_6FsUQnzEYAQwtwa,inference_categories,dailydilemmas,18,projection_only,0.5555555555555556,-0.6803199558838615
R_6FsUQnzEYAQwtwa,inference_categories,dailydilemmas,18,projection_alpha,0.5555555555555556,-0.6902590022762358
R_6FsUQnzEYAQwtwa,inference_categories,dailydilemmas,19,random_projection,0.6842105263157895,-0.691027188124184
R_6FsUQnzEYAQwtwa,inference_categories,dailydilemmas,19,projection_only,0.5789473684210527,-0.6558804234008374
R_6FsUQnzEYAQwtwa,inference_categories,dailydilemmas,19,projection_alpha,0.631578947368421,-0.6875907905905891
R_6FsUQnzEYAQwtwa,inference_categories,dailydilemmas,20,random_projection,0.65,-0.6925484108796711
R_6FsUQnzEYAQwtwa,inference_categories,dailydilemmas,20,projection_only,0.6,-0.6589006747801609
R_6FsUQnzEYAQwtwa,inference_categories,dailydilemmas,20,projection_alpha,0.65,-0.6874676185442141
R_5pX1jjp1Yu1RSN7,inference_categories,dailydilemmas,8,random_projection,0.625,-0.6919905456732937
R_5pX1jjp1Yu1RSN7,inference_categories,dailydilemmas,8,projection_only,0.75,-0.40408664290650315
R_5pX1jjp1Yu1RSN7,inference_categories,dailydilemmas,8,projection_alpha,0.75,-0.6402804435168239
R_5pX1jjp1Yu1RSN7,inference_categories,dailydilemmas,9,random_projection,0.4444444444444444,-0.6942262042740857
R_5pX1jjp1Yu1RSN7,inference_categories,dailydilemmas,9,projection_only,0.7777777777777778,-0.43727907350756257
R_5pX1jjp1Yu1RSN7,inference_categories,dailydilemmas,9,projection_alpha,0.7777777777777778,-0.6440835480870051
R_5pX1jjp1Yu1RSN7,inference_categories,dailydilemmas,10,random_projection,0.6,-0.6931788470162595
R_5pX1jjp1Yu1RSN7,inference_categories,dailydilemmas,10,projection_only,0.8,-0.44873851077609245
R_5pX1jjp1Yu1RSN7,inference_categories,dailydilemmas,10,projection_alpha,0.7,-0.6488504383604179
R_5pX1jjp1Yu1RSN7,inference_categories,dailydilemmas,11,random_projection,0.6363636363636364,-0.6926031246006931
R_5pX1jjp1Yu1RSN7,inference_categories,dailydilemmas,11,projection_only,0.6363636363636364,-0.5960664335065912
R_5pX1jjp1Yu1RSN7,inference_categories,dailydilemmas,11,projection_alpha,0.7272727272727273,-0.6622271639636498
R_5pX1jjp1Yu1RSN7,inference_categories,dailydilemmas,12,random_projection,0.6666666666666666,-0.6922165982556353
R_5pX1jjp1Yu1RSN7,inference_categories,dailydilemmas,12,projection_only,0.75,-0.5869125806582808
R_5pX1jjp1Yu1RSN7,inference_categories,dailydilemmas,12,projection_alpha,0.75,-0.6612744700944161
R_5pX1jjp1Yu1RSN7,inference_categories,dailydilemmas,13,random_projection,0.6153846153846154,-0.692690368859026
R_5pX1jjp1Yu1RSN7,inference_categories,dailydilemmas,13,projection_only,0.8461538461538461,-0.5433201150416873
R_5pX1jjp1Yu1RSN7,inference_categories,dailydilemmas,13,projection_alpha,0.8461538461538461,-0.6522277914271064
R_5pX1jjp1Yu1RSN7,inference_categories,dailydilemmas,14,random_projection,0.6428571428571429,-0.692233211069307
R_5pX1jjp1Yu1RSN7,inference_categories,dailydilemmas,14,projection_only,0.8571428571428571,-0.5298836136482851
R_5pX1jjp1Yu1RSN7,inference_categories,dailydilemmas,14,projection_alpha,0.8571428571428571,-0.6522679800585923
R_5pX1jjp1Yu1RSN7,inference_categories,dailydilemmas,15,random_projection,0.7333333333333333,-0.691438414315266
R_5pX1jjp1Yu1RSN7,inference_categories,dailydilemmas,15,projection_only,0.8666666666666667,-0.49176613782444595
R_5pX1jjp1Yu1RSN7,inference_categories,dailydilemmas,15,projection_alpha,0.8666666666666667,-0.6363024743911574
R_5pX1jjp1Yu1RSN7,inference_categories,dailydilemmas,16,random_projection,0.6875,-0.6909514073671341
R_5pX1jjp1Yu1RSN7,inference_categories,dailydilemmas,16,projection_only,0.8125,-0.5340159231671874
R_5pX1jjp1Yu1RSN7,inference_categories,dailydilemmas,16,projection_alpha,0.8125,-0.6471473566003488
R_5pX1jjp1Yu1RSN7,inference_categories,dailydilemmas,17,random_projection,0.7058823529411765,-0.6914720140863944
R_5pX1jjp1Yu1RSN7,inference_categories,dailydilemmas,17,projection_only,0.8235294117647058,-0.5154792572625057
R_5pX1jjp1Yu1RSN7,inference_categories,dailydilemmas,17,projection_alpha,0.7647058823529411,-0.6498698274083069
R_5pX1jjp1Yu1RSN7,inference_categories,dailydilemmas,18,random_projection,0.6666666666666666,-0.6907061903503992
R_5pX1jjp1Yu1RSN7,inference_categories,dailydilemmas,18,projection_only,0.7777777777777778,-0.5545526915823589
R_5pX1jjp1Yu1RSN7,inference_categories,dailydilemmas,18,projection_alpha,0.7222222222222222,-0.660207371539512
R_5pX1jjp1Yu1RSN7,inference_categories,dailydilemmas,19,random_projection,0.7368421052631579,-0.6903154956109822
R_5pX1jjp1Yu1RSN7,inference_categories,dailydilemmas,19,projection_only,0.7368421052631579,-0.5767017774771499
R_5pX1jjp1Yu1RSN7,inference_categories,dailydilemmas,19,projection_alpha,0.6842105263157895,-0.6675415412553299
R_5pX1jjp1Yu1RSN7,inference_categories,dailydilemmas,20,random_projection,0.7,-0.6910149950301281
R_5pX1jjp1Yu1RSN7,inference_categories,dailydilemmas,20,projection_only,0.7,-0.5931479359377294
R_5pX1jjp1Yu1RSN7,inference_categories,dailydilemmas,20,projection_alpha,0.65,-0.6718223693082784
R_5DY1mtPtJpWz8WC,inference_categories,dailydilemmas,3,random_projection,0.6666666666666666,-0.6924895152566025
R_5DY1mtPtJpWz8WC,inference_categories,dailydilemmas,3,projection_only,0.6666666666666666,-0.46327490344280126
R_5DY1mtPtJpWz8WC,inference_categories,dailydilemmas,3,projection_alpha,0.6666666666666666,-0.6836204125719574
R_5DY1mtPtJpWz8WC,inference_categories,dailydilemmas,4,random_projection,0.75,-0.6921374449254172
R_5DY1mtPtJpWz8WC,inference_categories,dailydilemmas,4,projection_only,0.5,-0.5197209998686962
R_5DY1mtPtJpWz8WC,inference_categories,dailydilemmas,4,projection_alpha,0.5,-0.6844959868261521
R_5DY1mtPtJpWz8WC,inference_categories,dailydilemmas,5,random_projection,0.8,-0.690586115193941
R_5DY1mtPtJpWz8WC,inference_categories,dailydilemmas,5,projection_only,0.8,-0.5001756802021546
R_5DY1mtPtJpWz8WC,inference_categories,dailydilemmas,5,projection_alpha,0.6,-0.6836092651547462
R_5DY1mtPtJpWz8WC,inference_categories,dailydilemmas,6,random_projection,0.6666666666666666,-0.6905010477199265
R_5DY1mtPtJpWz8WC,inference_categories,dailydilemmas,6,projection_only,0.8333333333333334,-0.4111769723056071
R_5DY1mtPtJpWz8WC,inference_categories,dailydilemmas,6,projection_alpha,0.8333333333333334,-0.6741976792347817
R_5DY1mtPtJpWz8WC,inference_categories,dailydilemmas,7,random_projection,0.8571428571428571,-0.6883386143827502
R_5DY1mtPtJpWz8WC,inference_categories,dailydilemmas,7,projection_only,0.8571428571428571,-0.3576748040685521
R_5DY1mtPtJpWz8WC,inference_categories,dailydilemmas,7,projection_alpha,0.8571428571428571,-0.6654560937611457
R_5DY1mtPtJpWz8WC,inference_categories,dailydilemmas,8,random_projection,0.875,-0.688009806624843
R_5DY1mtPtJpWz8WC,inference_categories,dailydilemmas,8,projection_only,0.75,-0.4096504244446193
R_5DY1mtPtJpWz8WC,inference_categories,dailydilemmas,8,projection_alpha,0.75,-0.6689242316532777
R_5DY1mtPtJpWz8WC,inference_categories,dailydilemmas,9,random_projection,0.8888888888888888,-0.6861224234195876
R_5DY1mtPtJpWz8WC,inference_categories,dailydilemmas,9,projection_only,0.7777777777777778,-0.36581882603084115
R_5DY1mtPtJpWz8WC,inference_categories,dailydilemmas,9,projection_alpha,0.8888888888888888,-0.6597564095757155
R_5DY1mtPtJpWz8WC,inference_categories,dailydilemmas,10,random_projection,0.7,-0.6889871899684279
R_5DY1mtPtJpWz8WC,inference_categories,dailydilemmas,10,projection_only,0.7,-0.4007440716350789
R_5DY1mtPtJpWz8WC,inference_categories,dailydilemmas,10,projection_alpha,0.9,-0.6623653628832138
R_5DY1mtPtJpWz8WC,inference_categories,dailydilemmas,11,random_projection,0.7272727272727273,-0.6885311394212386
R_5DY1mtPtJpWz8WC,inference_categories,dailydilemmas,11,projection_only,0.8181818181818182,-0.3641215050122547
R_5DY1mtPtJpWz8WC,inference_categories,dailydilemmas,11,projection_alpha,0.9090909090909091,-0.6549873820288752
R_5DY1mtPtJpWz8WC,inference_categories,dailydilemmas,12,random_projection,0.75,-0.6885219999381166
R_5DY1mtPtJpWz8WC,inference_categories,dailydilemmas,12,projection_only,0.75,-0.3410998894340153
R_5DY1mtPtJpWz8WC,inference_categories,dailydilemmas,12,projection_alpha,0.9166666666666666,-0.6521146360285462
R_5DY1mtPtJpWz8WC,inference_categories,dailydilemmas,13,random_projection,0.8461538461538461,-0.688493783666533
R_5DY1mtPtJpWz8WC,inference_categories,dailydilemmas,13,projection_only,0.9230769230769231,-0.37381815962885684
R_5DY1mtPtJpWz8WC,inference_categories,dailydilemmas,13,projection_alpha,1.0,-0.6546058278193563
R_5DY1mtPtJpWz8WC,inference_categories,dailydilemmas,14,random_projection,0.8571428571428571,-0.6888453807775619
R_5DY1mtPtJpWz8WC,inference_categories,dailydilemmas,14,projection_only,0.9285714285714286,-0.3495948585533867
R_5DY1mtPtJpWz8WC,inference_categories,dailydilemmas,14,projection_alpha,0.9285714285714286,-0.6463530991962045
R_5DY1mtPtJpWz8WC,inference_categories,dailydilemmas,15,random_projection,0.8666666666666667,-0.6891746813771881
R_5DY1mtPtJpWz8WC,inference_categories,dailydilemmas,15,projection_only,0.7333333333333333,-0.3990980715364677
R_5DY1mtPtJpWz8WC,inference_categories,dailydilemmas,15,projection_alpha,0.9333333333333333,-0.6499229571474751
R_5DY1mtPtJpWz8WC,inference_categories,dailydilemmas,16,random_projection,0.875,-0.6882514717314623
R_5DY1mtPtJpWz8WC,inference_categories,dailydilemmas,16,projection_only,0.75,-0.38742521863580015
R_5DY1mtPtJpWz8WC,inference_categories,dailydilemmas,16,projection_alpha,0.9375,-0.6482330852300712
R_5DY1mtPtJpWz8WC,inference_categories,dailydilemmas,17,random_projection,0.8823529411764706,-0.6880600084323709
R_5DY1mtPtJpWz8WC,inference_categories,dailydilemmas,17,projection_only,0.7647058823529411,-0.3780970841002547
R_5DY1mtPtJpWz8WC,inference_categories,dailydilemmas,17,projection_alpha,0.8235294117647058,-0.6376447288193219
R_5DY1mtPtJpWz8WC,inference_categories,dailydilemmas,18,random_projection,0.8333333333333334,-0.6863219418656616
R_5DY1mtPtJpWz8WC,inference_categories,dailydilemmas,18,projection_only,0.7777777777777778,-0.3674317985526867
R_5DY1mtPtJpWz8WC,inference_categories,dailydilemmas,18,projection_alpha,0.8333333333333334,-0.635990829468443
R_5DY1mtPtJpWz8WC,inference_categories,dailydilemmas,19,random_projection,0.8947368421052632,-0.6847968360903105
R_5DY1mtPtJpWz8WC,inference_categories,dailydilemmas,19,projection_only,0.7894736842105263,-0.34828107369038164
R_5DY1mtPtJpWz8WC,inference_categories,dailydilemmas,19,projection_alpha,0.8421052631578947,-0.6305979747768162
R_5DY1mtPtJpWz8WC,inference_categories,dailydilemmas,20,random_projection,0.95,-0.6846523272747025
R_5DY1mtPtJpWz8WC,inference_categories,dailydilemmas,20,projection_only,0.8,-0.3636228940873341
R_5DY1mtPtJpWz8WC,inference_categories,dailydilemmas,20,projection_alpha,0.8,-0.6339526141206762
R_1PN3SGDWOMibPAh,inference_categories,dailydilemmas,3,random_projection,0.0,-0.6949464844485388
R_1PN3SGDWOMibPAh,inference_categories,dailydilemmas,3,projection_only,0.6666666666666666,-0.5636459512719058
R_1PN3SGDWOMibPAh,inference_categories,dailydilemmas,3,projection_alpha,0.6666666666666666,-0.6881163434296941
R_1PN3SGDWOMibPAh,inference_categories,dailydilemmas,4,random_projection,0.25,-0.6939862613910595
R_1PN3SGDWOMibPAh,inference_categories,dailydilemmas,4,projection_only,0.75,-0.4955505342486358
R_1PN3SGDWOMibPAh,inference_categories,dailydilemmas,4,projection_alpha,0.75,-0.6841218797170643
R_1PN3SGDWOMibPAh,inference_categories,dailydilemmas,5,random_projection,0.4,-0.6933882533147268
R_1PN3SGDWOMibPAh,inference_categories,dailydilemmas,5,projection_only,0.8,-0.4758240885079344
R_1PN3SGDWOMibPAh,inference_categories,dailydilemmas,5,projection_alpha,0.8,-0.68271547241485
R_1PN3SGDWOMibPAh,inference_categories,dailydilemmas,6,random_projection,0.5,-0.6928864653296274
R_1PN3SGDWOMibPAh,inference_categories,dailydilemmas,6,projection_only,0.8333333333333334,-0.48420543245820075
R_1PN3SGDWOMibPAh,inference_categories,dailydilemmas,6,projection_alpha,0.8333333333333334,-0.6826728740092669
R_1PN3SGDWOMibPAh,inference_categories,dailydilemmas,7,random_projection,0.7142857142857143,-0.6925363555485182
R_1PN3SGDWOMibPAh,inference_categories,dailydilemmas,7,projection_only,0.8571428571428571,-0.45851455169297106
R_1PN3SGDWOMibPAh,inference_categories,dailydilemmas,7,projection_alpha,0.8571428571428571,-0.6686129855672597
R_1PN3SGDWOMibPAh,inference_categories,dailydilemmas,8,random_projection,0.75,-0.6908162038073954
R_1PN3SGDWOMibPAh,inference_categories,dailydilemmas,8,projection_only,0.875,-0.41404768120764057
R_1PN3SGDWOMibPAh,inference_categories,dailydilemmas,8,projection_alpha,0.875,-0.6633209943871314
R_1PN3SGDWOMibPAh,inference_categories,dailydilemmas,9,random_projection,0.5555555555555556,-0.6923334695558553
R_1PN3SGDWOMibPAh,inference_categories,dailydilemmas,9,projection_only,0.8888888888888888,-0.42830708523874456
R_1PN3SGDWOMibPAh,inference_categories,dailydilemmas,9,projection_alpha,0.8888888888888888,-0.6649251332943332
R_1PN3SGDWOMibPAh,inference_categories,dailydilemmas,10,random_projection,0.6,-0.6924666909205224
R_1PN3SGDWOMibPAh,inference_categories,dailydilemmas,10,projection_only,0.8,-0.46330974954626225
R_1PN3SGDWOMibPAh,inference_categories,dailydilemmas,10,projection_alpha,0.8,-0.6707502579117556
R_1PN3SGDWOMibPAh,inference_categories,dailydilemmas,11,random_projection,0.6363636363636364,-0.6920078965447316
R_1PN3SGDWOMibPAh,inference_categories,dailydilemmas,11,projection_only,0.8181818181818182,-0.4273113120114346
R_1PN3SGDWOMibPAh,inference_categories,dailydilemmas,11,projection_alpha,0.8181818181818182,-0.6669619613642236
R_1PN3SGDWOMibPAh,inference_categories,dailydilemmas,12,random_projection,0.5833333333333334,-0.6921464276206345
R_1PN3SGDWOMibPAh,inference_categories,dailydilemmas,12,projection_only,0.8333333333333334,-0.40783508340456476
R_1PN3SGDWOMibPAh,inference_categories,dailydilemmas,12,projection_alpha,0.8333333333333334,-0.6643856467715469
R_1PN3SGDWOMibPAh,inference_categories,dailydilemmas,13,random_projection,0.5384615384615384,-0.6924851899675273
R_1PN3SGDWOMibPAh,inference_categories,dailydilemmas,13,projection_only,0.8461538461538461,-0.4031282699683708
R_1PN3SGDWOMibPAh,inference_categories,dailydilemmas,13,projection_alpha,0.8461538461538461,-0.6625644967960511
R_1PN3SGDWOMibPAh,inference_categories,dailydilemmas,14,random_projection,0.6428571428571429,-0.6915150807862164
R_1PN3SGDWOMibPAh,inference_categories,dailydilemmas,14,projection_only,0.8571428571428571,-0.386783742271589
R_1PN3SGDWOMibPAh,inference_categories,dailydilemmas,14,projection_alpha,0.8571428571428571,-0.660707417345933
R_1PN3SGDWOMibPAh,inference_categories,dailydilemmas,15,random_projection,0.6,-0.6913049961810044
R_1PN3SGDWOMibPAh,inference_categories,dailydilemmas,15,projection_only,0.8,-0.4077374422869799
R_1PN3SGDWOMibPAh,inference_categories,dailydilemmas,15,projection_alpha,0.8666666666666667,-0.6628101447777367
R_1PN3SGDWOMibPAh,inference_categories,dailydilemmas,16,random_projection,0.625,-0.6916521617820917
R_1PN3SGDWOMibPAh,inference_categories,dailydilemmas,16,projection_only,0.75,-0.6387557803786115
R_1PN3SGDWOMibPAh,inference_categories,dailydilemmas,16,projection_alpha,0.8125,-0.6820093850180539
R_1PN3SGDWOMibPAh,inference_categories,dailydilemmas,17,random_projection,0.5294117647058824,-0.6920811487290401
R_1PN3SGDWOMibPAh,inference_categories,dailydilemmas,17,projection_only,0.8235294117647058,-0.6170001076163533
R_1PN3SGDWOMibPAh,inference_categories,dailydilemmas,17,projection_alpha,0.8235294117647058,-0.6794851788399199
R_1PN3SGDWOMibPAh,inference_categories,dailydilemmas,18,random_projection,0.5555555555555556,-0.6920000300453992
R_1PN3SGDWOMibPAh,inference_categories,dailydilemmas,18,projection_only,0.7777777777777778,-0.6208755543229636
R_1PN3SGDWOMibPAh,inference_categories,dailydilemmas,18,projection_alpha,0.8888888888888888,-0.6805484949121394
R_1PN3SGDWOMibPAh,inference_categories,dailydilemmas,19,random_projection,0.631578947368421,-0.6913335971811477
R_1PN3SGDWOMibPAh,inference_categories,dailydilemmas,19,projection_only,0.7894736842105263,-0.6127510626962007
R_1PN3SGDWOMibPAh,inference_categories,dailydilemmas,19,projection_alpha,0.7894736842105263,-0.6797135805557254
R_1PN3SGDWOMibPAh,inference_categories,dailydilemmas,20,random_projection,0.7,-0.6904843493318613
R_1PN3SGDWOMibPAh,inference_categories,dailydilemmas,20,projection_only,0.8,-0.5873560212010593
R_1PN3SGDWOMibPAh,inference_categories,dailydilemmas,20,projection_alpha,0.8,-0.6757383120515932
R_3SrBXsc2uYrsSZz,inference_categories,dailydilemmas,3,random_projection,0.6666666666666666,-0.6912993045157488
R_3SrBXsc2uYrsSZz,inference_categories,dailydilemmas,3,projection_only,0.6666666666666666,-0.4570686474011291
R_3SrBXsc2uYrsSZz,inference_categories,dailydilemmas,3,projection_alpha,0.6666666666666666,-0.6610698969985599
R_3SrBXsc2uYrsSZz,inference_categories,dailydilemmas,4,random_projection,0.75,-0.6915680085142251
R_3SrBXsc2uYrsSZz,inference_categories,dailydilemmas,4,projection_only,1.0,-0.3690771565073781
R_3SrBXsc2uYrsSZz,inference_categories,dailydilemmas,4,projection_alpha,1.0,-0.6551167574155786
R_3SrBXsc2uYrsSZz,inference_categories,dailydilemmas,5,random_projection,0.6,-0.6933668263927796
R_3SrBXsc2uYrsSZz,inference_categories,dailydilemmas,5,projection_only,1.0,-0.4317478971394465
R_3SrBXsc2uYrsSZz,inference_categories,dailydilemmas,5,projection_alpha,0.8,-0.6848933129583126
R_3SrBXsc2uYrsSZz,inference_categories,dailydilemmas,6,random_projection,0.6666666666666666,-0.6932536867521661
R_3SrBXsc2uYrsSZz,inference_categories,dailydilemmas,6,projection_only,1.0,-0.4324358058403835
R_3SrBXsc2uYrsSZz,inference_categories,dailydilemmas,6,projection_alpha,0.8333333333333334,-0.6849530600553804
R_3SrBXsc2uYrsSZz,inference_categories,dailydilemmas,7,random_projection,0.5714285714285714,-0.693519277784382
R_3SrBXsc2uYrsSZz,inference_categories,dailydilemmas,7,projection_only,1.0,-0.3835903283519867
R_3SrBXsc2uYrsSZz,inference_categories,dailydilemmas,7,projection_alpha,0.8571428571428571,-0.6814193578228132
R_3SrBXsc2uYrsSZz,inference_categories,dailydilemmas,8,random_projection,0.625,-0.6933386266108488
R_3SrBXsc2uYrsSZz,inference_categories,dailydilemmas,8,projection_only,1.0,-0.3356534089894946
R_3SrBXsc2uYrsSZz,inference_categories,dailydilemmas,8,projection_alpha,0.875,-0.6755343242654599
R_3SrBXsc2uYrsSZz,inference_categories,dailydilemmas,9,random_projection,0.5555555555555556,-0.6925145136736812
R_3SrBXsc2uYrsSZz,inference_categories,dailydilemmas,9,projection_only,1.0,-0.2946830808701835
R_3SrBXsc2uYrsSZz,inference_categories,dailydilemmas,9,projection_alpha,0.8888888888888888,-0.6678801047642797
R_3SrBXsc2uYrsSZz,inference_categories,dailydilemmas,10,random_projection,0.7,-0.6923130561301815
R_3SrBXsc2uYrsSZz,inference_categories,dailydilemmas,10,projection_only,1.0,-0.2822306616813665
R_3SrBXsc2uYrsSZz,inference_categories,dailydilemmas,10,projection_alpha,0.9,-0.66333279398362
R_3SrBXsc2uYrsSZz,inference_categories,dailydilemmas,11,random_projection,0.6363636363636364,-0.6921873165182929
R_3SrBXsc2uYrsSZz,inference_categories,dailydilemmas,11,projection_only,1.0,-0.31607205484343903
R_3SrBXsc2uYrsSZz,inference_categories,dailydilemmas,11,projection_alpha,0.8181818181818182,-0.6677628846337592
R_3SrBXsc2uYrsSZz,inference_categories,dailydilemmas,12,random_projection,0.6666666666666666,-0.6925744953999994
R_3SrBXsc2uYrsSZz,inference_categories,dailydilemmas,12,projection_only,0.9166666666666666,-0.4460615504240488
R_3SrBXsc2uYrsSZz,inference_categories,dailydilemmas,12,projection_alpha,0.75,-0.6786100933155037
R_3SrBXsc2uYrsSZz,inference_categories,dailydilemmas,13,random_projection,0.6153846153846154,-0.6933127264514748
R_3SrBXsc2uYrsSZz,inference_categories,dailydilemmas,13,projection_only,0.9230769230769231,-0.44878115107220984
R_3SrBXsc2uYrsSZz,inference_categories,dailydilemmas,13,projection_alpha,0.6923076923076923,-0.6794672397429036
R_3SrBXsc2uYrsSZz,inference_categories,dailydilemmas,14,random_projection,0.5,-0.6936390870166675
R_3SrBXsc2uYrsSZz,inference_categories,dailydilemmas,14,projection_only,0.8571428571428571,-0.5248694698902876
R_3SrBXsc2uYrsSZz,inference_categories,dailydilemmas,14,projection_alpha,0.6428571428571429,-0.6821506144693259
R_3SrBXsc2uYrsSZz,inference_categories,dailydilemmas,15,random_projection,0.26666666666666666,-0.6941524437820893
R_3SrBXsc2uYrsSZz,inference_categories,dailydilemmas,15,projection_only,0.8,-0.5574061772815492
R_3SrBXsc2uYrsSZz,inference_categories,dailydilemmas,15,projection_alpha,0.6,-0.6849523185250247
R_3SrBXsc2uYrsSZz,inference_categories,dailydilemmas,16,random_projection,0.25,-0.6939872074915829
R_3SrBXsc2uYrsSZz,inference_categories,dailydilemmas,16,projection_only,0.8125,-0.5248284656471391
R_3SrBXsc2uYrsSZz,inference_categories,dailydilemmas,16,projection_alpha,0.625,-0.6837056919153542
R_3SrBXsc2uYrsSZz,inference_categories,dailydilemmas,17,random_projection,0.35294117647058826,-0.6932889152083874
R_3SrBXsc2uYrsSZz,inference_categories,dailydilemmas,17,projection_only,0.8235294117647058,-0.4984584448697532
R_3SrBXsc2uYrsSZz,inference_categories,dailydilemmas,17,projection_alpha,0.6470588235294118,-0.6783558903867327
R_3SrBXsc2uYrsSZz,inference_categories,dailydilemmas,18,random_projection,0.3333333333333333,-0.6937925020982351
R_3SrBXsc2uYrsSZz,inference_categories,dailydilemmas,18,projection_only,0.7222222222222222,-0.5935458152870751
R_3SrBXsc2uYrsSZz,inference_categories,dailydilemmas,18,projection_alpha,0.6111111111111112,-0.6855971256097476
R_3SrBXsc2uYrsSZz,inference_categories,dailydilemmas,19,random_projection,0.3157894736842105,-0.6937814490524241
R_3SrBXsc2uYrsSZz,inference_categories,dailydilemmas,19,projection_only,0.631578947368421,-0.6646676321584695
R_3SrBXsc2uYrsSZz,inference_categories,dailydilemmas,19,projection_alpha,0.5263157894736842,-0.6893257726152766
R_3SrBXsc2uYrsSZz,inference_categories,dailydilemmas,20,random_projection,0.4,-0.6932588978352378
R_3SrBXsc2uYrsSZz,inference_categories,dailydilemmas,20,projection_only,0.65,-0.6547977661679775
R_3SrBXsc2uYrsSZz,inference_categories,dailydilemmas,20,projection_alpha,0.55,-0.688249950259117
R_7rNeEq8TvAxjqdL,inference_categories,dailydilemmas,3,random_projection,0.6666666666666666,-0.6916739780010013
R_7rNeEq8TvAxjqdL,inference_categories,dailydilemmas,3,projection_only,0.6666666666666666,-0.4568346169118935
R_7rNeEq8TvAxjqdL,inference_categories,dailydilemmas,3,projection_alpha,0.6666666666666666,-0.6513888507162969
R_7rNeEq8TvAxjqdL,inference_categories,dailydilemmas,4,random_projection,0.5,-0.6921086293018883
R_7rNeEq8TvAxjqdL,inference_categories,dailydilemmas,4,projection_only,0.75,-0.37461092883955616
R_7rNeEq8TvAxjqdL,inference_categories,dailydilemmas,4,projection_alpha,0.75,-0.6437633241486589
R_7rNeEq8TvAxjqdL,inference_categories,dailydilemmas,5,random_projection,0.4,-0.6926135935855404
R_7rNeEq8TvAxjqdL,inference_categories,dailydilemmas,5,projection_only,0.8,-0.38003538229919764
R_7rNeEq8TvAxjqdL,inference_categories,dailydilemmas,5,projection_alpha,0.8,-0.6475817607355212
R_7rNeEq8TvAxjqdL,inference_categories,dailydilemmas,6,random_projection,0.3333333333333333,-0.6930081632987832
R_7rNeEq8TvAxjqdL,inference_categories,dailydilemmas,6,projection_only,0.8333333333333334,-0.3350046996779328
R_7rNeEq8TvAxjqdL,inference_categories,dailydilemmas,6,projection_alpha,0.8333333333333334,-0.6357588045831237
R_7rNeEq8TvAxjqdL,inference_categories,dailydilemmas,7,random_projection,0.42857142857142855,-0.6952809371092288
R_7rNeEq8TvAxjqdL,inference_categories,dailydilemmas,7,projection_only,0.8571428571428571,-0.43058525581035745
R_7rNeEq8TvAxjqdL,inference_categories,dailydilemmas,7,projection_alpha,0.8571428571428571,-0.6508309046182772
R_7rNeEq8TvAxjqdL,inference_categories,dailydilemmas,8,random_projection,0.375,-0.695172131661969
R_7rNeEq8TvAxjqdL,inference_categories,dailydilemmas,8,projection_only,0.75,-0.5310870767159785
R_7rNeEq8TvAxjqdL,inference_categories,dailydilemmas,8,projection_alpha,0.75,-0.6635988579156944
R_7rNeEq8TvAxjqdL,inference_categories,dailydilemmas,9,random_projection,0.3333333333333333,-0.6952032651875206
R_7rNeEq8TvAxjqdL,inference_categories,dailydilemmas,9,projection_only,0.6666666666666666,-0.5514708801098016
R_7rNeEq8TvAxjqdL,inference_categories,dailydilemmas,9,projection_alpha,0.7777777777777778,-0.664874580099842
R_7rNeEq8TvAxjqdL,inference_categories,dailydilemmas,10,random_projection,0.3,-0.6955281924190584
R_7rNeEq8TvAxjqdL,inference_categories,dailydilemmas,10,projection_only,0.6,-0.5662858290170661
R_7rNeEq8TvAxjqdL,inference_categories,dailydilemmas,10,projection_alpha,0.7,-0.6687815007704205
R_7rNeEq8TvAxjqdL,inference_categories,dailydilemmas,11,random_projection,0.36363636363636365,-0.6945942906287196
R_7rNeEq8TvAxjqdL,inference_categories,dailydilemmas,11,projection_only,0.6363636363636364,-0.6040565067784013
R_7rNeEq8TvAxjqdL,inference_categories,dailydilemmas,11,projection_alpha,0.6363636363636364,-0.6741922751731105
R_7rNeEq8TvAxjqdL,inference_categories,dailydilemmas,12,random_projection,0.3333333333333333,-0.6945819346088911
R_7rNeEq8TvAxjqdL,inference_categories,dailydilemmas,12,projection_only,0.5833333333333334,-0.6201866143660838
R_7rNeEq8TvAxjqdL,inference_categories,dailydilemmas,12,projection_alpha,0.5833333333333334,-0.6766472275523286
R_7rNeEq8TvAxjqdL,inference_categories,dailydilemmas,13,random_projection,0.5384615384615384,-0.6940716255865583
R_7rNeEq8TvAxjqdL,inference_categories,dailydilemmas,13,projection_only,0.6153846153846154,-0.5833417913131685
R_7rNeEq8TvAxjqdL,inference_categories,dailydilemmas,13,projection_alpha,0.6153846153846154,-0.6727616336516616
R_7rNeEq8TvAxjqdL,inference_categories,dailydilemmas,14,random_projection,0.5,-0.694645295922603
R_7rNeEq8TvAxjqdL,inference_categories,dailydilemmas,14,projection_only,0.6428571428571429,-0.5717595544940216
R_7rNeEq8TvAxjqdL,inference_categories,dailydilemmas,14,projection_alpha,0.6428571428571429,-0.67181339812192
R_7rNeEq8TvAxjqdL,inference_categories,dailydilemmas,15,random_projection,0.4666666666666667,-0.6935630756942938
R_7rNeEq8TvAxjqdL,inference_categories,dailydilemmas,15,projection_only,0.6666666666666666,-0.5607673393330876
R_7rNeEq8TvAxjqdL,inference_categories,dailydilemmas,15,projection_alpha,0.6666666666666666,-0.6719794594512402
R_7rNeEq8TvAxjqdL,inference_categories,dailydilemmas,16,random_projection,0.4375,-0.6942199018824043
R_7rNeEq8TvAxjqdL,inference_categories,dailydilemmas,16,projection_only,0.6875,-0.5450875079325925
R_7rNeEq8TvAxjqdL,inference_categories,dailydilemmas,16,projection_alpha,0.6875,-0.6685468660832179
R_7rNeEq8TvAxjqdL,inference_categories,dailydilemmas,17,random_projection,0.47058823529411764,-0.6933054488901056
R_7rNeEq8TvAxjqdL,inference_categories,dailydilemmas,17,projection_only,0.7058823529411765,-0.5135969647259012
R_7rNeEq8TvAxjqdL,inference_categories,dailydilemmas,17,projection_alpha,0.7058823529411765,-0.664218535956738
R_7rNeEq8TvAxjqdL,inference_categories,dailydilemmas,18,random_projection,0.4444444444444444,-0.6936402436800457
R_7rNeEq8TvAxjqdL,inference_categories,dailydilemmas,18,projection_only,0.7777777777777778,-0.5213822585234292
R_7rNeEq8TvAxjqdL,inference_categories,dailydilemmas,18,projection_alpha,0.6666666666666666,-0.6666369779649834
R_7rNeEq8TvAxjqdL,inference_categories,dailydilemmas,19,random_projection,0.5263157894736842,-0.6922287872718073
R_7rNeEq8TvAxjqdL,inference_categories,dailydilemmas,19,projection_only,0.8421052631578947,-0.5017125623955125
R_7rNeEq8TvAxjqdL,inference_categories,dailydilemmas,19,projection_alpha,0.7368421052631579,-0.6693366965077611
R_7rNeEq8TvAxjqdL,inference_categories,dailydilemmas,20,random_projection,0.65,-0.6911462545632425
R_7rNeEq8TvAxjqdL,inference_categories,dailydilemmas,20,projection_only,0.85,-0.5010794042910323
R_7rNeEq8TvAxjqdL,inference_categories,dailydilemmas,20,projection_alpha,0.75,-0.6693328293530423
R_7QAkOtO6FETwKSv,inference_categories,dailydilemmas,3,random_projection,0.3333333333333333,-0.6935756886167906
R_7QAkOtO6FETwKSv,inference_categories,dailydilemmas,3,projection_only,0.0,-0.8391250935290763
R_7QAkOtO6FETwKSv,inference_categories,dailydilemmas,3,projection_alpha,0.3333333333333333,-0.712344842772045
R_7QAkOtO6FETwKSv,inference_categories,dailydilemmas,4,random_projection,0.0,-0.6950006866804334
R_7QAkOtO6FETwKSv,inference_categories,dailydilemmas,4,projection_only,0.0,-0.8611879521807695
R_7QAkOtO6FETwKSv,inference_categories,dailydilemmas,4,projection_alpha,0.5,-0.6950193539115113
R_7QAkOtO6FETwKSv,inference_categories,dailydilemmas,5,random_projection,0.2,-0.6944844207163452
R_7QAkOtO6FETwKSv,inference_categories,dailydilemmas,5,projection_only,0.6,-0.7675934390775538
R_7QAkOtO6FETwKSv,inference_categories,dailydilemmas,5,projection_alpha,0.6,-0.6695616754215291
R_7QAkOtO6FETwKSv,inference_categories,dailydilemmas,6,random_projection,0.3333333333333333,-0.6937965270866361
R_7QAkOtO6FETwKSv,inference_categories,dailydilemmas,6,projection_only,0.6666666666666666,-0.714108939149903
R_7QAkOtO6FETwKSv,inference_categories,dailydilemmas,6,projection_alpha,0.6666666666666666,-0.667153085287842
R_7QAkOtO6FETwKSv,inference_categories,dailydilemmas,7,random_projection,0.42857142857142855,-0.6924162980283087
R_7QAkOtO6FETwKSv,inference_categories,dailydilemmas,7,projection_only,0.7142857142857143,-0.6660005787813424
R_7QAkOtO6FETwKSv,inference_categories,dailydilemmas,7,projection_alpha,0.7142857142857143,-0.6562590831764616
R_7QAkOtO6FETwKSv,inference_categories,dailydilemmas,8,random_projection,0.625,-0.6913666197519198
R_7QAkOtO6FETwKSv,inference_categories,dailydilemmas,8,projection_only,0.75,-0.5997074823731616
R_7QAkOtO6FETwKSv,inference_categories,dailydilemmas,8,projection_alpha,0.75,-0.6439021931890926
R_7QAkOtO6FETwKSv,inference_categories,dailydilemmas,9,random_projection,0.5555555555555556,-0.6915088449092573
R_7QAkOtO6FETwKSv,inference_categories,dailydilemmas,9,projection_only,0.7777777777777778,-0.5531581766855787
R_7QAkOtO6FETwKSv,inference_categories,dailydilemmas,9,projection_alpha,0.7777777777777778,-0.6386973665679014
R_7QAkOtO6FETwKSv,inference_categories,dailydilemmas,10,random_projection,0.6,-0.6916014553509279
R_7QAkOtO6FETwKSv,inference_categories,dailydilemmas,10,projection_only,0.7,-0.5751642653636003
R_7QAkOtO6FETwKSv,inference_categories,dailydilemmas,10,projection_alpha,0.7,-0.6470637896159332
R_7QAkOtO6FETwKSv,inference_categories,dailydilemmas,11,random_projection,0.8181818181818182,-0.690717784581797
R_7QAkOtO6FETwKSv,inference_categories,dailydilemmas,11,projection_only,0.6363636363636364,-0.7647616750288574
R_7QAkOtO6FETwKSv,inference_categories,dailydilemmas,11,projection_alpha,0.7272727272727273,-0.6715253274998237
R_7QAkOtO6FETwKSv,inference_categories,dailydilemmas,12,random_projection,0.6666666666666666,-0.6917834855608564
R_7QAkOtO6FETwKSv,inference_categories,dailydilemmas,12,projection_only,0.5833333333333334,-0.7970847266688922
R_7QAkOtO6FETwKSv,inference_categories,dailydilemmas,12,projection_alpha,0.6666666666666666,-0.683565999309884
R_7QAkOtO6FETwKSv,inference_categories,dailydilemmas,13,random_projection,0.6923076923076923,-0.691797919086537
R_7QAkOtO6FETwKSv,inference_categories,dailydilemmas,13,projection_only,0.15384615384615385,-0.7989987440808048
R_7QAkOtO6FETwKSv,inference_categories,dailydilemmas,13,projection_alpha,0.46153846153846156,-0.6883700732582123
R_7QAkOtO6FETwKSv,inference_categories,dailydilemmas,14,random_projection,0.5714285714285714,-0.692526715068911
R_7QAkOtO6FETwKSv,inference_categories,dailydilemmas,14,projection_only,0.35714285714285715,-0.7797140129629783
R_7QAkOtO6FETwKSv,inference_categories,dailydilemmas,14,projection_alpha,0.5714285714285714,-0.6867111438520002
R_7QAkOtO6FETwKSv,inference_categories,dailydilemmas,15,random_projection,0.4666666666666667,-0.6928735957472735
R_7QAkOtO6FETwKSv,inference_categories,dailydilemmas,15,projection_only,0.26666666666666666,-0.7585593793361384
R_7QAkOtO6FETwKSv,inference_categories,dailydilemmas,15,projection_alpha,0.6,-0.6868328154581389
R_7QAkOtO6FETwKSv,inference_categories,dailydilemmas,16,random_projection,0.375,-0.6930784248028038
R_7QAkOtO6FETwKSv,inference_categories,dailydilemmas,16,projection_only,0.5625,-0.7466335405299094
R_7QAkOtO6FETwKSv,inference_categories,dailydilemmas,16,projection_alpha,0.5625,-0.6846375415038
R_7QAkOtO6FETwKSv,inference_categories,dailydilemmas,17,random_projection,0.5294117647058824,-0.6931091129815848
R_7QAkOtO6FETwKSv,inference_categories,dailydilemmas,17,projection_only,0.4117647058823529,-0.7654503529440136
R_7QAkOtO6FETwKSv,inference_categories,dailydilemmas,17,projection_alpha,0.5294117647058824,-0.6904389543049934
R_7QAkOtO6FETwKSv,inference_categories,dailydilemmas,18,random_projection,0.6111111111111112,-0.6929081947619363
R_7QAkOtO6FETwKSv,inference_categories,dailydilemmas,18,projection_only,0.4444444444444444,-0.7463309482627373
R_7QAkOtO6FETwKSv,inference_categories,dailydilemmas,18,projection_alpha,0.5555555555555556,-0.6863263546908427
R_7QAkOtO6FETwKSv,inference_categories,dailydilemmas,19,random_projection,0.6842105263157895,-0.692446871342784
R_7QAkOtO6FETwKSv,inference_categories,dailydilemmas,19,projection_only,0.631578947368421,-0.7358736110299674
R_7QAkOtO6FETwKSv,inference_categories,dailydilemmas,19,projection_alpha,0.5789473684210527,-0.6844474783246541
R_7QAkOtO6FETwKSv,inference_categories,dailydilemmas,20,random_projection,0.65,-0.6925704095640841
R_7QAkOtO6FETwKSv,inference_categories,dailydilemmas,20,projection_only,0.6,-0.7409542652451391
R_7QAkOtO6FETwKSv,inference_categories,dailydilemmas,20,projection_alpha,0.6,-0.6849709601434004
R_6gCrJV80LvD23XK,choice_only,dailydilemmas,3,random_projection,0.0,-0.6935340481424657
R_6gCrJV80LvD23XK,choice_only,dailydilemmas,3,projection_only,0.3333333333333333,-0.6984456555633386
R_6gCrJV80LvD23XK,choice_only,dailydilemmas,3,projection_alpha,0.3333333333333333,-0.6933035465326038
R_6gCrJV80LvD23XK,choice_only,dailydilemmas,4,random_projection,0.5,-0.6930115423500518
R_6gCrJV80LvD23XK,choice_only,dailydilemmas,4,projection_only,0.5,-0.7116882538178589
R_6gCrJV80LvD23XK,choice_only,dailydilemmas,4,projection_alpha,0.5,-0.6933051732937405
R_6gCrJV80LvD23XK,choice_only,dailydilemmas,5,random_projection,0.6,-0.6932628198904703
R_6gCrJV80LvD23XK,choice_only,dailydilemmas,5,projection_only,0.6,-0.7131405725016292
R_6gCrJV80LvD23XK,choice_only,dailydilemmas,5,projection_alpha,0.6,-0.6932993837481531
R_6gCrJV80LvD23XK,choice_only,dailydilemmas,6,random_projection,0.3333333333333333,-0.6942090000426275
R_6gCrJV80LvD23XK,choice_only,dailydilemmas,6,projection_only,0.8333333333333334,-0.6822920983612208
R_6gCrJV80LvD23XK,choice_only,dailydilemmas,6,projection_alpha,0.8333333333333334,-0.692470676282488
R_6gCrJV80LvD23XK,choice_only,dailydilemmas,7,random_projection,0.14285714285714285,-0.6951283418798434
R_6gCrJV80LvD23XK,choice_only,dailydilemmas,7,projection_only,0.42857142857142855,-0.7610934295529986
R_6gCrJV80LvD23XK,choice_only,dailydilemmas,7,projection_alpha,0.5714285714285714,-0.6946494799069819
R_6gCrJV80LvD23XK,choice_only,dailydilemmas,8,random_projection,0.375,-0.6947083464771683
R_6gCrJV80LvD23XK,choice_only,dailydilemmas,8,projection_only,0.5,-0.7003440205944411
R_6gCrJV80LvD23XK,choice_only,dailydilemmas,8,projection_alpha,0.5,-0.692707220037333
R_6gCrJV80LvD23XK,choice_only,dailydilemmas,9,random_projection,0.4444444444444444,-0.6938772791752644
R_6gCrJV80LvD23XK,choice_only,dailydilemmas,9,projection_only,0.4444444444444444,-0.7346205989761638
R_6gCrJV80LvD23XK,choice_only,dailydilemmas,9,projection_alpha,0.4444444444444444,-0.6940949247309862
R_6gCrJV80LvD23XK,choice_only,dailydilemmas,10,random_projection,0.6,-0.6933261463403437
R_6gCrJV80LvD23XK,choice_only,dailydilemmas,10,projection_only,0.6,-0.717502505770298
R_6gCrJV80LvD23XK,choice_only,dailydilemmas,10,projection_alpha,0.5,-0.6935129383958388
R_6gCrJV80LvD23XK,choice_only,dailydilemmas,11,random_projection,0.5454545454545454,-0.6928685378943545
R_6gCrJV80LvD23XK,choice_only,dailydilemmas,11,projection_only,0.36363636363636365,-0.776625887915809
R_6gCrJV80LvD23XK,choice_only,dailydilemmas,11,projection_alpha,0.36363636363636365,-0.6955535705659891
R_6gCrJV80LvD23XK,choice_only,dailydilemmas,12,random_projection,0.5833333333333334,-0.692121483842735
R_6gCrJV80LvD23XK,choice_only,dailydilemmas,12,projection_only,0.3333333333333333,-0.7882294994002971
R_6gCrJV80LvD23XK,choice_only,dailydilemmas,12,projection_alpha,0.4166666666666667,-0.6959128216093329
R_6gCrJV80LvD23XK,choice_only,dailydilemmas,13,random_projection,0.6153846153846154,-0.6921598700223197
R_6gCrJV80LvD23XK,choice_only,dailydilemmas,13,projection_only,0.15384615384615385,-0.8070895179643016
R_6gCrJV80LvD23XK,choice_only,dailydilemmas,13,projection_alpha,0.15384615384615385,-0.6966659985416667
R_6gCrJV80LvD23XK,choice_only,dailydilemmas,14,random_projection,0.5,-0.6930119148251429
R_6gCrJV80LvD23XK,choice_only,dailydilemmas,14,projection_only,0.42857142857142855,-0.7953850710492248
R_6gCrJV80LvD23XK,choice_only,dailydilemmas,14,projection_alpha,0.42857142857142855,-0.695884080118826
R_6gCrJV80LvD23XK,choice_only,dailydilemmas,15,random_projection,0.6,-0.6923699551885902
R_6gCrJV80LvD23XK,choice_only,dailydilemmas,15,projection_only,0.5333333333333333,-0.7501028327684647
R_6gCrJV80LvD23XK,choice_only,dailydilemmas,15,projection_alpha,0.6,-0.6924128559451128
R_6gCrJV80LvD23XK,choice_only,dailydilemmas,16,random_projection,0.625,-0.6919370535215973
R_6gCrJV80LvD23XK,choice_only,dailydilemmas,16,projection_only,0.625,-0.7372043799384469
R_6gCrJV80LvD23XK,choice_only,dailydilemmas,16,projection_alpha,0.625,-0.6903965607534046
R_6gCrJV80LvD23XK,choice_only,dailydilemmas,17,random_projection,0.6470588235294118,-0.6913501092123397
R_6gCrJV80LvD23XK,choice_only,dailydilemmas,17,projection_only,0.6470588235294118,-0.7089072601166289
R_6gCrJV80LvD23XK,choice_only,dailydilemmas,17,projection_alpha,0.6470588235294118,-0.6861083008572187
R_6gCrJV80LvD23XK,choice_only,dailydilemmas,18,random_projection,0.6111111111111112,-0.6920342297476869
R_6gCrJV80LvD23XK,choice_only,dailydilemmas,18,projection_only,0.5555555555555556,-0.7298123909806207
R_6gCrJV80LvD23XK,choice_only,dailydilemmas,18,projection_alpha,0.5555555555555556,-0.6873456475562995
R_6gCrJV80LvD23XK,choice_only,dailydilemmas,19,random_projection,0.5263157894736842,-0.69263325638112
R_6gCrJV80LvD23XK,choice_only,dailydilemmas,19,projection_only,0.5263157894736842,-0.72066490701162
R_6gCrJV80LvD23XK,choice_only,dailydilemmas,19,projection_alpha,0.5789473684210527,-0.685893205209746
R_6gCrJV80LvD23XK,choice_only,dailydilemmas,20,random_projection,0.55,-0.6917097979799852
R_6gCrJV80LvD23XK,choice_only,dailydilemmas,20,projection_only,0.55,-0.694445194073935
R_6gCrJV80LvD23XK,choice_only,dailydilemmas,20,projection_alpha,0.6,-0.6814314457648841
R_7SrhV7HvgsG1fvA,choice_only,dailydilemmas,8,random_projection,0.5,-0.6938840998369626
R_7SrhV7HvgsG1fvA,choice_only,dailydilemmas,8,projection_only,0.625,-0.5967491883254148
R_7SrhV7HvgsG1fvA,choice_only,dailydilemmas,8,projection_alpha,0.625,-0.682197267083912
R_7SrhV7HvgsG1fvA,choice_only,dailydilemmas,9,random_projection,0.0,-0.6965325520719421
R_7SrhV7HvgsG1fvA,choice_only,dailydilemmas,9,projection_only,0.5555555555555556,-0.8332571590636861
R_7SrhV7HvgsG1fvA,choice_only,dailydilemmas,9,projection_alpha,0.5555555555555556,-0.6992095861031573
R_7SrhV7HvgsG1fvA,choice_only,dailydilemmas,10,random_projection,0.3,-0.6960316301879952
R_7SrhV7HvgsG1fvA,choice_only,dailydilemmas,10,projection_only,0.6,-0.78873562140394
R_7SrhV7HvgsG1fvA,choice_only,dailydilemmas,10,projection_alpha,0.6,-0.6971328467890633
R_7SrhV7HvgsG1fvA,choice_only,dailydilemmas,11,random_projection,0.09090909090909091,-0.6959901853752265
R_7SrhV7HvgsG1fvA,choice_only,dailydilemmas,11,projection_only,0.5454545454545454,-0.8030474978407031
R_7SrhV7HvgsG1fvA,choice_only,dailydilemmas,11,projection_alpha,0.5454545454545454,-0.698125615926886
R_7SrhV7HvgsG1fvA,choice_only,dailydilemmas,12,random_projection,0.0,-0.6960883910958758
R_7SrhV7HvgsG1fvA,choice_only,dailydilemmas,12,projection_only,0.5833333333333334,-0.7835307501961434
R_7SrhV7HvgsG1fvA,choice_only,dailydilemmas,12,projection_alpha,0.5833333333333334,-0.697317760666767
R_7SrhV7HvgsG1fvA,choice_only,dailydilemmas,13,random_projection,0.07692307692307693,-0.6967141647231911
R_7SrhV7HvgsG1fvA,choice_only,dailydilemmas,13,projection_only,0.6153846153846154,-0.7571374941258855
R_7SrhV7HvgsG1fvA,choice_only,dailydilemmas,13,projection_alpha,0.6153846153846154,-0.6956527931120303
R_7SrhV7HvgsG1fvA,choice_only,dailydilemmas,14,random_projection,0.21428571428571427,-0.6961977468172511
R_7SrhV7HvgsG1fvA,choice_only,dailydilemmas,14,projection_only,0.35714285714285715,-0.7957848441610994
R_7SrhV7HvgsG1fvA,choice_only,dailydilemmas,14,projection_alpha,0.5714285714285714,-0.69805399161456
R_7SrhV7HvgsG1fvA,choice_only,dailydilemmas,15,random_projection,0.13333333333333333,-0.6968231569966769
R_7SrhV7HvgsG1fvA,choice_only,dailydilemmas,15,projection_only,0.3333333333333333,-0.7942956867937948
R_7SrhV7HvgsG1fvA,choice_only,dailydilemmas,15,projection_alpha,0.5333333333333333,-0.697963229030807
R_7SrhV7HvgsG1fvA,choice_only,dailydilemmas,16,random_projection,0.125,-0.6967667720216263
R_7SrhV7HvgsG1fvA,choice_only,dailydilemmas,16,projection_only,0.4375,-0.7678399784155818
R_7SrhV7HvgsG1fvA,choice_only,dailydilemmas,16,projection_alpha,0.5625,-0.6950770472154474
R_7SrhV7HvgsG1fvA,choice_only,dailydilemmas,17,random_projection,0.29411764705882354,-0.6958318546863329
R_7SrhV7HvgsG1fvA,choice_only,dailydilemmas,17,projection_only,0.5882352941176471,-0.7491355746452775
R_7SrhV7HvgsG1fvA,choice_only,dailydilemmas,17,projection_alpha,0.6470588235294118,-0.6919492765486014
R_7SrhV7HvgsG1fvA,choice_only,dailydilemmas,18,random_projection,0.3333333333333333,-0.6962170549943366
R_7SrhV7HvgsG1fvA,choice_only,dailydilemmas,18,projection_only,0.5555555555555556,-0.7580774229676042
R_7SrhV7HvgsG1fvA,choice_only,dailydilemmas,18,projection_alpha,0.6111111111111112,-0.6915752869533035
R_7SrhV7HvgsG1fvA,choice_only,dailydilemmas,19,random_projection,0.2631578947368421,-0.6957730332408214
R_7SrhV7HvgsG1fvA,choice_only,dailydilemmas,19,projection_only,0.42105263157894735,-0.7669141524082645
R_7SrhV7HvgsG1fvA,choice_only,dailydilemmas,19,projection_alpha,0.5263157894736842,-0.6942455624757459
R_7SrhV7HvgsG1fvA,choice_only,dailydilemmas,20,random_projection,0.25,-0.6960711654442133
R_7SrhV7HvgsG1fvA,choice_only,dailydilemmas,20,projection_only,0.45,-0.7660717052737088
R_7SrhV7HvgsG1fvA,choice_only,dailydilemmas,20,projection_alpha,0.55,-0.694231031640841
R_5aLcKnMSH0hrVLH,choice_only,dailydilemmas,3,random_projection,1.0,-0.6923314971057133
R_5aLcKnMSH0hrVLH,choice_only,dailydilemmas,3,projection_only,1.0,-0.5872054572746536
R_5aLcKnMSH0hrVLH,choice_only,dailydilemmas,3,projection_alpha,1.0,-0.6909066812802713
R_5aLcKnMSH0hrVLH,choice_only,dailydilemmas,4,random_projection,1.0,-0.6900270373818298
R_5aLcKnMSH0hrVLH,choice_only,dailydilemmas,4,projection_only,0.75,-0.6021964976143914
R_5aLcKnMSH0hrVLH,choice_only,dailydilemmas,4,projection_alpha,0.5,-0.690871875896087
R_5aLcKnMSH0hrVLH,choice_only,dailydilemmas,5,random_projection,1.0,-0.6870403517366239
R_5aLcKnMSH0hrVLH,choice_only,dailydilemmas,5,projection_only,0.6,-0.5574299803334644
R_5aLcKnMSH0hrVLH,choice_only,dailydilemmas,5,projection_alpha,0.6,-0.6865046421364773
R_5aLcKnMSH0hrVLH,choice_only,dailydilemmas,6,random_projection,1.0,-0.6852952677517138
R_5aLcKnMSH0hrVLH,choice_only,dailydilemmas,6,projection_only,0.8333333333333334,-0.49493397129588423
R_5aLcKnMSH0hrVLH,choice_only,dailydilemmas,6,projection_alpha,0.6666666666666666,-0.681416967408211
R_5aLcKnMSH0hrVLH,choice_only,dailydilemmas,7,random_projection,1.0,-0.6827237102851079
R_5aLcKnMSH0hrVLH,choice_only,dailydilemmas,7,projection_only,0.8571428571428571,-0.4509339700488678
R_5aLcKnMSH0hrVLH,choice_only,dailydilemmas,7,projection_alpha,0.7142857142857143,-0.6786917403659322
R_5aLcKnMSH0hrVLH,choice_only,dailydilemmas,8,random_projection,1.0,-0.6830293171986921
R_5aLcKnMSH0hrVLH,choice_only,dailydilemmas,8,projection_only,0.875,-0.39316233557536784
R_5aLcKnMSH0hrVLH,choice_only,dailydilemmas,8,projection_alpha,0.75,-0.6673730530908006
R_5aLcKnMSH0hrVLH,choice_only,dailydilemmas,9,random_projection,1.0,-0.6830523009107169
R_5aLcKnMSH0hrVLH,choice_only,dailydilemmas,9,projection_only,0.8888888888888888,-0.36270113484818833
R_5aLcKnMSH0hrVLH,choice_only,dailydilemmas,9,projection_alpha,0.7777777777777778,-0.6644069910026016
R_5aLcKnMSH0hrVLH,choice_only,dailydilemmas,10,random_projection,1.0,-0.6828380276832777
R_5aLcKnMSH0hrVLH,choice_only,dailydilemmas,10,projection_only,0.9,-0.41797586739662657
R_5aLcKnMSH0hrVLH,choice_only,dailydilemmas,10,projection_alpha,0.7,-0.6705457075733834
R_5aLcKnMSH0hrVLH,choice_only,dailydilemmas,11,random_projection,0.9090909090909091,-0.6842711851337175
R_5aLcKnMSH0hrVLH,choice_only,dailydilemmas,11,projection_only,0.8181818181818182,-0.4172690920453256
R_5aLcKnMSH0hrVLH,choice_only,dailydilemmas,11,projection_alpha,0.7272727272727273,-0.668136821669057
R_5aLcKnMSH0hrVLH,choice_only,dailydilemmas,12,random_projection,0.9166666666666666,-0.6821096013270264
R_5aLcKnMSH0hrVLH,choice_only,dailydilemmas,12,projection_only,0.9166666666666666,-0.39846101327327826
R_5aLcKnMSH0hrVLH,choice_only,dailydilemmas,12,projection_alpha,0.75,-0.6653639989351064
R_5aLcKnMSH0hrVLH,choice_only,dailydilemmas,13,random_projection,0.8461538461538461,-0.6836345474590205
R_5aLcKnMSH0hrVLH,choice_only,dailydilemmas,13,projection_only,0.8461538461538461,-0.4891599696966261
R_5aLcKnMSH0hrVLH,choice_only,dailydilemmas,13,projection_alpha,0.6923076923076923,-0.6726428704859084
R_5aLcKnMSH0hrVLH,choice_only,dailydilemmas,14,random_projection,0.8571428571428571,-0.6837564364364123
R_5aLcKnMSH0hrVLH,choice_only,dailydilemmas,14,projection_only,0.7857142857142857,-0.5367051351955096
R_5aLcKnMSH0hrVLH,choice_only,dailydilemmas,14,projection_alpha,0.6428571428571429,-0.6759988709484803
R_5aLcKnMSH0hrVLH,choice_only,dailydilemmas,15,random_projection,0.8666666666666667,-0.6836092388486412
R_5aLcKnMSH0hrVLH,choice_only,dailydilemmas,15,projection_only,0.7333333333333333,-0.5339994150186953
R_5aLcKnMSH0hrVLH,choice_only,dailydilemmas,15,projection_alpha,0.7333333333333333,-0.6760097993695603
R_5aLcKnMSH0hrVLH,choice_only,dailydilemmas,16,random_projection,0.8125,-0.6861249224492255
R_5aLcKnMSH0hrVLH,choice_only,dailydilemmas,16,projection_only,0.625,-0.5861474845759649
R_5aLcKnMSH0hrVLH,choice_only,dailydilemmas,16,projection_alpha,0.625,-0.6799188249005788
R_5aLcKnMSH0hrVLH,choice_only,dailydilemmas,17,random_projection,0.7647058823529411,-0.6883852695570489
R_5aLcKnMSH0hrVLH,choice_only,dailydilemmas,17,projection_only,0.6470588235294118,-0.6273902130425517
R_5aLcKnMSH0hrVLH,choice_only,dailydilemmas,17,projection_alpha,0.6470588235294118,-0.6855347303508962
R_5aLcKnMSH0hrVLH,choice_only,dailydilemmas,18,random_projection,0.7777777777777778,-0.6878429284206667
R_5aLcKnMSH0hrVLH,choice_only,dailydilemmas,18,projection_only,0.6666666666666666,-0.6049525436961228
R_5aLcKnMSH0hrVLH,choice_only,dailydilemmas,18,projection_alpha,0.6666666666666666,-0.6823432940767842
R_5aLcKnMSH0hrVLH,choice_only,dailydilemmas,19,random_projection,0.7894736842105263,-0.6880027622629346
R_5aLcKnMSH0hrVLH,choice_only,dailydilemmas,19,projection_only,0.631578947368421,-0.6091719960317857
R_5aLcKnMSH0hrVLH,choice_only,dailydilemmas,19,projection_alpha,0.631578947368421,-0.6837840177211233
R_5aLcKnMSH0hrVLH,choice_only,dailydilemmas,20,random_projection,0.75,-0.688689827308242
R_5aLcKnMSH0hrVLH,choice_only,dailydilemmas,20,projection_only,0.65,-0.6017368276084232
R_5aLcKnMSH0hrVLH,choice_only,dailydilemmas,20,projection_alpha,0.65,-0.6820353514054529
R_6E6esO9YjIptSgZ,choice_only,dailydilemmas,3,random_projection,0.0,-0.6955179506273095
R_6E6esO9YjIptSgZ,choice_only,dailydilemmas,3,projection_only,0.3333333333333333,-0.7299456863036508
R_6E6esO9YjIptSgZ,choice_only,dailydilemmas,3,projection_alpha,0.3333333333333333,-0.6940341113678022
R_6E6esO9YjIptSgZ,choice_only,dailydilemmas,4,random_projection,0.25,-0.6940545979383134
R_6E6esO9YjIptSgZ,choice_only,dailydilemmas,4,projection_only,0.0,-0.7554176004862206
R_6E6esO9YjIptSgZ,choice_only,dailydilemmas,4,projection_alpha,0.0,-0.6948451154947701
R_6E6esO9YjIptSgZ,choice_only,dailydilemmas,5,random_projection,0.6,-0.6929727462340594
R_6E6esO9YjIptSgZ,choice_only,dailydilemmas,5,projection_only,0.0,-0.8778081690180495
R_6E6esO9YjIptSgZ,choice_only,dailydilemmas,5,projection_alpha,0.0,-0.6973611971613599
R_6E6esO9YjIptSgZ,choice_only,dailydilemmas,6,random_projection,0.6666666666666666,-0.6926777668992764
R_6E6esO9YjIptSgZ,choice_only,dailydilemmas,6,projection_only,0.0,-0.8574687136624862
R_6E6esO9YjIptSgZ,choice_only,dailydilemmas,6,projection_alpha,0.0,-0.6968845747077911
R_6E6esO9YjIptSgZ,choice_only,dailydilemmas,7,random_projection,0.42857142857142855,-0.6930562890984293
R_6E6esO9YjIptSgZ,choice_only,dailydilemmas,7,projection_only,0.0,-0.8557608430914007
R_6E6esO9YjIptSgZ,choice_only,dailydilemmas,7,projection_alpha,0.0,-0.6968767478260525
R_6E6esO9YjIptSgZ,choice_only,dailydilemmas,8,random_projection,0.5,-0.6924447663934308
R_6E6esO9YjIptSgZ,choice_only,dailydilemmas,8,projection_only,0.25,-0.8043469635203453
R_6E6esO9YjIptSgZ,choice_only,dailydilemmas,8,projection_alpha,0.25,-0.6956372492081813
R_6E6esO9YjIptSgZ,choice_only,dailydilemmas,9,random_projection,0.5555555555555556,-0.6925570174465733
R_6E6esO9YjIptSgZ,choice_only,dailydilemmas,9,projection_only,0.4444444444444444,-0.7326369744024531
R_6E6esO9YjIptSgZ,choice_only,dailydilemmas,9,projection_alpha,0.5555555555555556,-0.6927262367525127
R_6E6esO9YjIptSgZ,choice_only,dailydilemmas,10,random_projection,0.5,-0.6927164051510439
R_6E6esO9YjIptSgZ,choice_only,dailydilemmas,10,projection_only,0.6,-0.7089777301171891
R_6E6esO9YjIptSgZ,choice_only,dailydilemmas,10,projection_alpha,0.6,-0.6913389796891461
R_6E6esO9YjIptSgZ,choice_only,dailydilemmas,11,random_projection,0.36363636363636365,-0.6938233007346352
R_6E6esO9YjIptSgZ,choice_only,dailydilemmas,11,projection_only,0.5454545454545454,-0.7373953875770382
R_6E6esO9YjIptSgZ,choice_only,dailydilemmas,11,projection_alpha,0.6363636363636364,-0.6915642080313059
R_6E6esO9YjIptSgZ,choice_only,dailydilemmas,12,random_projection,0.5,-0.6928017147400105
R_6E6esO9YjIptSgZ,choice_only,dailydilemmas,12,projection_only,0.6666666666666666,-0.7252041934010102
R_6E6esO9YjIptSgZ,choice_only,dailydilemmas,12,projection_alpha,0.6666666666666666,-0.6908308170799211
R_6E6esO9YjIptSgZ,choice_only,dailydilemmas,13,random_projection,0.5384615384615384,-0.6927463607364894
R_6E6esO9YjIptSgZ,choice_only,dailydilemmas,13,projection_only,0.6923076923076923,-0.6937626795190124
R_6E6esO9YjIptSgZ,choice_only,dailydilemmas,13,projection_alpha,0.6923076923076923,-0.6885170051340735
R_6E6esO9YjIptSgZ,choice_only,dailydilemmas,14,random_projection,0.5714285714285714,-0.6920115335323136
R_6E6esO9YjIptSgZ,choice_only,dailydilemmas,14,projection_only,0.7142857142857143,-0.6481467364731257
R_6E6esO9YjIptSgZ,choice_only,dailydilemmas,14,projection_alpha,0.7142857142857143,-0.6836655120855736
R_6E6esO9YjIptSgZ,choice_only,dailydilemmas,15,random_projection,0.5333333333333333,-0.6925851401315749
R_6E6esO9YjIptSgZ,choice_only,dailydilemmas,15,projection_only,0.6666666666666666,-0.6593998795379714
R_6E6esO9YjIptSgZ,choice_only,dailydilemmas,15,projection_alpha,0.6666666666666666,-0.6852101673746451
R_6E6esO9YjIptSgZ,choice_only,dailydilemmas,16,random_projection,0.5,-0.6934442063807691
R_6E6esO9YjIptSgZ,choice_only,dailydilemmas,16,projection_only,0.6875,-0.6429382850165857
R_6E6esO9YjIptSgZ,choice_only,dailydilemmas,16,projection_alpha,0.6875,-0.683671674259506
R_6E6esO9YjIptSgZ,choice_only,dailydilemmas,17,random_projection,0.5294117647058824,-0.6934095511992697
R_6E6esO9YjIptSgZ,choice_only,dailydilemmas,17,projection_only,0.6470588235294118,-0.6553617461533741
R_6E6esO9YjIptSgZ,choice_only,dailydilemmas,17,projection_alpha,0.6470588235294118,-0.6850600993989426
R_6E6esO9YjIptSgZ,choice_only,dailydilemmas,18,random_projection,0.4444444444444444,-0.6944112175000259
R_6E6esO9YjIptSgZ,choice_only,dailydilemmas,18,projection_only,0.6666666666666666,-0.6798807499471611
R_6E6esO9YjIptSgZ,choice_only,dailydilemmas,18,projection_alpha,0.6111111111111112,-0.6878378251698847
R_6E6esO9YjIptSgZ,choice_only,dailydilemmas,19,random_projection,0.42105263157894735,-0.6941294751228866
R_6E6esO9YjIptSgZ,choice_only,dailydilemmas,19,projection_only,0.5789473684210527,-0.6863524727003223
R_6E6esO9YjIptSgZ,choice_only,dailydilemmas,19,projection_alpha,0.631578947368421,-0.687501965492178
R_6E6esO9YjIptSgZ,choice_only,dailydilemmas,20,random_projection,0.5,-0.6944735835104685
R_6E6esO9YjIptSgZ,choice_only,dailydilemmas,20,projection_only,0.6,-0.6848014078759183
R_6E6esO9YjIptSgZ,choice_only,dailydilemmas,20,projection_alpha,0.6,-0.6878709493111796
R_1MCxQvFXsgFj9AZ,choice_only,dailydilemmas,4,random_projection,0.25,-0.6933244929326392
R_1MCxQvFXsgFj9AZ,choice_only,dailydilemmas,4,projection_only,0.25,-0.6781170440803567
R_1MCxQvFXsgFj9AZ,choice_only,dailydilemmas,4,projection_alpha,0.25,-0.6925308494837836
R_1MCxQvFXsgFj9AZ,choice_only,dailydilemmas,5,random_projection,0.4,-0.6956318706254258
R_1MCxQvFXsgFj9AZ,choice_only,dailydilemmas,5,projection_only,0.6,-0.5629881724760026
R_1MCxQvFXsgFj9AZ,choice_only,dailydilemmas,5,projection_alpha,0.8,-0.6871564912056651
R_1MCxQvFXsgFj9AZ,choice_only,dailydilemmas,6,random_projection,0.5,-0.6938716041538218
R_1MCxQvFXsgFj9AZ,choice_only,dailydilemmas,6,projection_only,0.8333333333333334,-0.5054598685672528
R_1MCxQvFXsgFj9AZ,choice_only,dailydilemmas,6,projection_alpha,0.8333333333333334,-0.6841922815289027
R_1MCxQvFXsgFj9AZ,choice_only,dailydilemmas,7,random_projection,0.42857142857142855,-0.6947802405965495
R_1MCxQvFXsgFj9AZ,choice_only,dailydilemmas,7,projection_only,0.8571428571428571,-0.5181178653881532
R_1MCxQvFXsgFj9AZ,choice_only,dailydilemmas,7,projection_alpha,0.8571428571428571,-0.6847599233002818
R_1MCxQvFXsgFj9AZ,choice_only,dailydilemmas,8,random_projection,0.5,-0.6934788982896667
R_1MCxQvFXsgFj9AZ,choice_only,dailydilemmas,8,projection_only,0.875,-0.46430704905206205
R_1MCxQvFXsgFj9AZ,choice_only,dailydilemmas,8,projection_alpha,0.875,-0.6804497634249913
R_1MCxQvFXsgFj9AZ,choice_only,dailydilemmas,9,random_projection,0.5555555555555556,-0.69326125695768
R_1MCxQvFXsgFj9AZ,choice_only,dailydilemmas,9,projection_only,0.5555555555555556,-0.739508060289954
R_1MCxQvFXsgFj9AZ,choice_only,dailydilemmas,9,projection_alpha,0.7777777777777778,-0.6909326266352852
R_1MCxQvFXsgFj9AZ,choice_only,dailydilemmas,10,random_projection,0.5,-0.6940481263988836
R_1MCxQvFXsgFj9AZ,choice_only,dailydilemmas,10,projection_only,0.4,-0.766373414202929
R_1MCxQvFXsgFj9AZ,choice_only,dailydilemmas,10,projection_alpha,0.6,-0.6926750175144795
R_1MCxQvFXsgFj9AZ,choice_only,dailydilemmas,11,random_projection,0.2727272727272727,-0.6953528218604109
R_1MCxQvFXsgFj9AZ,choice_only,dailydilemmas,11,projection_only,0.5454545454545454,-0.7484113152782567
R_1MCxQvFXsgFj9AZ,choice_only,dailydilemmas,11,projection_alpha,0.6363636363636364,-0.6914309424659107
R_1MCxQvFXsgFj9AZ,choice_only,dailydilemmas,12,random_projection,0.4166666666666667,-0.6950871808291
R_1MCxQvFXsgFj9AZ,choice_only,dailydilemmas,12,projection_only,0.5833333333333334,-0.7331434481269641
R_1MCxQvFXsgFj9AZ,choice_only,dailydilemmas,12,projection_alpha,0.75,-0.6906267261946256
R_1MCxQvFXsgFj9AZ,choice_only,dailydilemmas,13,random_projection,0.23076923076923078,-0.6950352043891083
R_1MCxQvFXsgFj9AZ,choice_only,dailydilemmas,13,projection_only,0.46153846153846156,-0.7731424921051484
R_1MCxQvFXsgFj9AZ,choice_only,dailydilemmas,13,projection_alpha,0.6153846153846154,-0.6950759797942688
R_1MCxQvFXsgFj9AZ,choice_only,dailydilemmas,14,random_projection,0.42857142857142855,-0.6945766367535127
R_1MCxQvFXsgFj9AZ,choice_only,dailydilemmas,14,projection_only,0.42857142857142855,-0.7785698991766248
R_1MCxQvFXsgFj9AZ,choice_only,dailydilemmas,14,projection_alpha,0.5714285714285714,-0.6955263841350062
R_1MCxQvFXsgFj9AZ,choice_only,dailydilemmas,15,random_projection,0.5333333333333333,-0.6941213716643979
R_1MCxQvFXsgFj9AZ,choice_only,dailydilemmas,15,projection_only,0.4666666666666667,-0.7757298163705316
R_1MCxQvFXsgFj9AZ,choice_only,dailydilemmas,15,projection_alpha,0.5333333333333333,-0.695357390700801
R_1MCxQvFXsgFj9AZ,choice_only,dailydilemmas,16,random_projection,0.375,-0.6950586979866827
R_1MCxQvFXsgFj9AZ,choice_only,dailydilemmas,16,projection_only,0.375,-0.7717622393432831
R_1MCxQvFXsgFj9AZ,choice_only,dailydilemmas,16,projection_alpha,0.5,-0.6955238547832424
R_1MCxQvFXsgFj9AZ,choice_only,dailydilemmas,17,random_projection,0.29411764705882354,-0.6959871303585317
R_1MCxQvFXsgFj9AZ,choice_only,dailydilemmas,17,projection_only,0.4117647058823529,-0.7579435727978057
R_1MCxQvFXsgFj9AZ,choice_only,dailydilemmas,17,projection_alpha,0.4117647058823529,-0.695790484957976
R_1MCxQvFXsgFj9AZ,choice_only,dailydilemmas,18,random_projection,0.2222222222222222,-0.6959474555953566
R_1MCxQvFXsgFj9AZ,choice_only,dailydilemmas,18,projection_only,0.5,-0.7556739468851943
R_1MCxQvFXsgFj9AZ,choice_only,dailydilemmas,18,projection_alpha,0.5,-0.6955616538928884
R_1MCxQvFXsgFj9AZ,choice_only,dailydilemmas,19,random_projection,0.3157894736842105,-0.6956318601194099
R_1MCxQvFXsgFj9AZ,choice_only,dailydilemmas,19,projection_only,0.47368421052631576,-0.7486288831281428
R_1MCxQvFXsgFj9AZ,choice_only,dailydilemmas,19,projection_alpha,0.5789473684210527,-0.6947711939929552
R_1MCxQvFXsgFj9AZ,choice_only,dailydilemmas,20,random_projection,0.3,-0.6951877220070217
R_1MCxQvFXsgFj9AZ,choice_only,dailydilemmas,20,projection_only,0.55,-0.7380185644414416
R_1MCxQvFXsgFj9AZ,choice_only,dailydilemmas,20,projection_alpha,0.55,-0.6944164024730812
R_3JfmC4gRU1JpbNv,choice_only,dailydilemmas,3,random_projection,0.3333333333333333,-0.6939600250535003
R_3JfmC4gRU1JpbNv,choice_only,dailydilemmas,3,projection_only,0.3333333333333333,-0.7665182595971403
R_3JfmC4gRU1JpbNv,choice_only,dailydilemmas,3,projection_alpha,0.3333333333333333,-0.695981333259209
R_3JfmC4gRU1JpbNv,choice_only,dailydilemmas,4,random_projection,0.25,-0.6941634156046417
R_3JfmC4gRU1JpbNv,choice_only,dailydilemmas,4,projection_only,0.75,-0.7566201327667026
R_3JfmC4gRU1JpbNv,choice_only,dailydilemmas,4,projection_alpha,0.5,-0.696192558982492
R_3JfmC4gRU1JpbNv,choice_only,dailydilemmas,5,random_projection,0.8,-0.6935742641215649
R_3JfmC4gRU1JpbNv,choice_only,dailydilemmas,5,projection_only,0.2,-0.8517491258033267
R_3JfmC4gRU1JpbNv,choice_only,dailydilemmas,5,projection_alpha,0.2,-0.6998096401674354
R_3JfmC4gRU1JpbNv,choice_only,dailydilemmas,6,random_projection,0.6666666666666666,-0.6911510707609009
R_3JfmC4gRU1JpbNv,choice_only,dailydilemmas,6,projection_only,0.6666666666666666,-0.7808045270207135
R_3JfmC4gRU1JpbNv,choice_only,dailydilemmas,6,projection_alpha,0.6666666666666666,-0.6962882351417691
R_3JfmC4gRU1JpbNv,choice_only,dailydilemmas,7,random_projection,0.8571428571428571,-0.6884559581323169
R_3JfmC4gRU1JpbNv,choice_only,dailydilemmas,7,projection_only,0.7142857142857143,-0.7129084792452731
R_3JfmC4gRU1JpbNv,choice_only,dailydilemmas,7,projection_alpha,0.7142857142857143,-0.6914734702052305
R_3JfmC4gRU1JpbNv,choice_only,dailydilemmas,8,random_projection,0.75,-0.6863234382771579
R_3JfmC4gRU1JpbNv,choice_only,dailydilemmas,8,projection_only,0.75,-0.658884822094101
R_3JfmC4gRU1JpbNv,choice_only,dailydilemmas,8,projection_alpha,0.75,-0.6846241596107958
R_3JfmC4gRU1JpbNv,choice_only,dailydilemmas,9,random_projection,0.6666666666666666,-0.68833854771064
R_3JfmC4gRU1JpbNv,choice_only,dailydilemmas,9,projection_only,0.6666666666666666,-0.662829341050009
R_3JfmC4gRU1JpbNv,choice_only,dailydilemmas,9,projection_alpha,0.6666666666666666,-0.6901895541645993
R_3JfmC4gRU1JpbNv,choice_only,dailydilemmas,10,random_projection,0.6,-0.6900679581405217
R_3JfmC4gRU1JpbNv,choice_only,dailydilemmas,10,projection_only,0.7,-0.6369326451476292
R_3JfmC4gRU1JpbNv,choice_only,dailydilemmas,10,projection_alpha,0.7,-0.6848375547979759
R_3JfmC4gRU1JpbNv,choice_only,dailydilemmas,11,random_projection,0.7272727272727273,-0.689810712727398
R_3JfmC4gRU1JpbNv,choice_only,dailydilemmas,11,projection_only,0.7272727272727273,-0.621723807048556
R_3JfmC4gRU1JpbNv,choice_only,dailydilemmas,11,projection_alpha,0.7272727272727273,-0.6815681456518269
R_3JfmC4gRU1JpbNv,choice_only,dailydilemmas,12,random_projection,0.75,-0.6854656578217272
R_3JfmC4gRU1JpbNv,choice_only,dailydilemmas,12,projection_only,0.75,-0.5649519434129098
R_3JfmC4gRU1JpbNv,choice_only,dailydilemmas,12,projection_alpha,0.75,-0.6680884061313416
R_3JfmC4gRU1JpbNv,choice_only,dailydilemmas,13,random_projection,0.7692307692307693,-0.6854031822983511
R_3JfmC4gRU1JpbNv,choice_only,dailydilemmas,13,projection_only,0.7692307692307693,-0.5530592169612754
R_3JfmC4gRU1JpbNv,choice_only,dailydilemmas,13,projection_alpha,0.7692307692307693,-0.6650625772223131
R_3JfmC4gRU1JpbNv,choice_only,dailydilemmas,14,random_projection,0.6428571428571429,-0.6885164559848223
R_3JfmC4gRU1JpbNv,choice_only,dailydilemmas,14,projection_only,0.7142857142857143,-0.5919497461860084
R_3JfmC4gRU1JpbNv,choice_only,dailydilemmas,14,projection_alpha,0.7142857142857143,-0.6719582727730781
R_3JfmC4gRU1JpbNv,choice_only,dailydilemmas,15,random_projection,0.7333333333333333,-0.6885774571848854
R_3JfmC4gRU1JpbNv,choice_only,dailydilemmas,15,projection_only,0.7333333333333333,-0.572884678917288
R_3JfmC4gRU1JpbNv,choice_only,dailydilemmas,15,projection_alpha,0.7333333333333333,-0.6679224031559438
R_3JfmC4gRU1JpbNv,choice_only,dailydilemmas,16,random_projection,0.6875,-0.6886422016792579
R_3JfmC4gRU1JpbNv,choice_only,dailydilemmas,16,projection_only,0.6875,-0.5838376625282402
R_3JfmC4gRU1JpbNv,choice_only,dailydilemmas,16,projection_alpha,0.6875,-0.6708095050157583
R_3JfmC4gRU1JpbNv,choice_only,dailydilemmas,17,random_projection,0.7058823529411765,-0.6886545816896792
R_3JfmC4gRU1JpbNv,choice_only,dailydilemmas,17,projection_only,0.6470588235294118,-0.6155047758961926
R_3JfmC4gRU1JpbNv,choice_only,dailydilemmas,17,projection_alpha,0.6470588235294118,-0.6774317892827668
R_3JfmC4gRU1JpbNv,choice_only,dailydilemmas,18,random_projection,0.7222222222222222,-0.6880284158656544
R_3JfmC4gRU1JpbNv,choice_only,dailydilemmas,18,projection_only,0.6666666666666666,-0.5963648023302398
R_3JfmC4gRU1JpbNv,choice_only,dailydilemmas,18,projection_alpha,0.6666666666666666,-0.6752955818221796
R_3JfmC4gRU1JpbNv,choice_only,dailydilemmas,19,random_projection,0.631578947368421,-0.6901449154994473
R_3JfmC4gRU1JpbNv,choice_only,dailydilemmas,19,projection_only,0.6842105263157895,-0.5962311777680898
R_3JfmC4gRU1JpbNv,choice_only,dailydilemmas,19,projection_alpha,0.631578947368421,-0.6815860706380714
R_3JfmC4gRU1JpbNv,choice_only,dailydilemmas,20,random_projection,0.7,-0.6899877304192545
R_3JfmC4gRU1JpbNv,choice_only,dailydilemmas,20,projection_only,0.75,-0.573442465566679
R_3JfmC4gRU1JpbNv,choice_only,dailydilemmas,20,projection_alpha,0.65,-0.6812879147836892
R_7QGHM1iZnW1jfRx,choice_only,dailydilemmas,3,random_projection,1.0,-0.6904752962709146
R_7QGHM1iZnW1jfRx,choice_only,dailydilemmas,3,projection_only,0.6666666666666666,-0.7418522290784072
R_7QGHM1iZnW1jfRx,choice_only,dailydilemmas,3,projection_alpha,0.6666666666666666,-0.69628054285942
R_7QGHM1iZnW1jfRx,choice_only,dailydilemmas,4,random_projection,0.75,-0.6908960077246384
R_7QGHM1iZnW1jfRx,choice_only,dailydilemmas,4,projection_only,0.5,-0.7153406281922261
R_7QGHM1iZnW1jfRx,choice_only,dailydilemmas,4,projection_alpha,0.5,-0.6952129003025661
R_7QGHM1iZnW1jfRx,choice_only,dailydilemmas,5,random_projection,0.6,-0.6919895465568928
R_7QGHM1iZnW1jfRx,choice_only,dailydilemmas,5,projection_only,0.8,-0.5609746946676827
R_7QGHM1iZnW1jfRx,choice_only,dailydilemmas,5,projection_alpha,0.8,-0.6848395514785766
R_7QGHM1iZnW1jfRx,choice_only,dailydilemmas,6,random_projection,0.3333333333333333,-0.694650919159527
R_7QGHM1iZnW1jfRx,choice_only,dailydilemmas,6,projection_only,0.5,-0.6827956340083219
R_7QGHM1iZnW1jfRx,choice_only,dailydilemmas,6,projection_alpha,0.6666666666666666,-0.6925801452473928
R_7QGHM1iZnW1jfRx,choice_only,dailydilemmas,7,random_projection,0.5714285714285714,-0.68934071830916
R_7QGHM1iZnW1jfRx,choice_only,dailydilemmas,7,projection_only,0.7142857142857143,-0.6076036164971087
R_7QGHM1iZnW1jfRx,choice_only,dailydilemmas,7,projection_alpha,0.7142857142857143,-0.687450601506373
R_7QGHM1iZnW1jfRx,choice_only,dailydilemmas,8,random_projection,0.625,-0.6873702626229048
R_7QGHM1iZnW1jfRx,choice_only,dailydilemmas,8,projection_only,0.75,-0.5696693176680404
R_7QGHM1iZnW1jfRx,choice_only,dailydilemmas,8,projection_alpha,0.75,-0.6830206214925432
R_7QGHM1iZnW1jfRx,choice_only,dailydilemmas,9,random_projection,0.5555555555555556,-0.6881157206674171
R_7QGHM1iZnW1jfRx,choice_only,dailydilemmas,9,projection_only,0.6666666666666666,-0.5908885095779993
R_7QGHM1iZnW1jfRx,choice_only,dailydilemmas,9,projection_alpha,0.6666666666666666,-0.6882323316954132
R_7QGHM1iZnW1jfRx,choice_only,dailydilemmas,10,random_projection,0.6,-0.6912977363931244
R_7QGHM1iZnW1jfRx,choice_only,dailydilemmas,10,projection_only,0.6,-0.6643484106613502
R_7QGHM1iZnW1jfRx,choice_only,dailydilemmas,10,projection_alpha,0.6,-0.694812397032252
R_7QGHM1iZnW1jfRx,choice_only,dailydilemmas,11,random_projection,0.6363636363636364,-0.6910455749422704
R_7QGHM1iZnW1jfRx,choice_only,dailydilemmas,11,projection_only,0.45454545454545453,-0.6745943091467829
R_7QGHM1iZnW1jfRx,choice_only,dailydilemmas,11,projection_alpha,0.6363636363636364,-0.6922743608968189
R_7QGHM1iZnW1jfRx,choice_only,dailydilemmas,12,random_projection,0.6666666666666666,-0.689265211041857
R_7QGHM1iZnW1jfRx,choice_only,dailydilemmas,12,projection_only,0.5,-0.6318167678789122
R_7QGHM1iZnW1jfRx,choice_only,dailydilemmas,12,projection_alpha,0.6666666666666666,-0.6893410201650482
R_7QGHM1iZnW1jfRx,choice_only,dailydilemmas,13,random_projection,0.6923076923076923,-0.6895256592963835
R_7QGHM1iZnW1jfRx,choice_only,dailydilemmas,13,projection_only,0.6153846153846154,-0.6167172929878054
R_7QGHM1iZnW1jfRx,choice_only,dailydilemmas,13,projection_alpha,0.6923076923076923,-0.6872769104907683
R_7QGHM1iZnW1jfRx,choice_only,dailydilemmas,14,random_projection,0.7142857142857143,-0.6889109564274135
R_7QGHM1iZnW1jfRx,choice_only,dailydilemmas,14,projection_only,0.6428571428571429,-0.6191421180828581
R_7QGHM1iZnW1jfRx,choice_only,dailydilemmas,14,projection_alpha,0.7142857142857143,-0.6867321980564226
R_7QGHM1iZnW1jfRx,choice_only,dailydilemmas,15,random_projection,0.7333333333333333,-0.6889857318169136
R_7QGHM1iZnW1jfRx,choice_only,dailydilemmas,15,projection_only,0.6,-0.6047635280948586
R_7QGHM1iZnW1jfRx,choice_only,dailydilemmas,15,projection_alpha,0.6666666666666666,-0.6881350611946667
R_7QGHM1iZnW1jfRx,choice_only,dailydilemmas,16,random_projection,0.625,-0.6895665205102024
R_7QGHM1iZnW1jfRx,choice_only,dailydilemmas,16,projection_only,0.5625,-0.6357685064553804
R_7QGHM1iZnW1jfRx,choice_only,dailydilemmas,16,projection_alpha,0.625,-0.692073131833638
R_7QGHM1iZnW1jfRx,choice_only,dailydilemmas,17,random_projection,0.6470588235294118,-0.6903865015619065
R_7QGHM1iZnW1jfRx,choice_only,dailydilemmas,17,projection_only,0.5294117647058824,-0.6827352123472177
R_7QGHM1iZnW1jfRx,choice_only,dailydilemmas,17,projection_alpha,0.5882352941176471,-0.6941444661673684
R_7QGHM1iZnW1jfRx,choice_only,dailydilemmas,18,random_projection,0.6111111111111112,-0.6899894138139202
R_7QGHM1iZnW1jfRx,choice_only,dailydilemmas,18,projection_only,0.5555555555555556,-0.663044655189906
R_7QGHM1iZnW1jfRx,choice_only,dailydilemmas,18,projection_alpha,0.6111111111111112,-0.692611624356688
R_7QGHM1iZnW1jfRx,choice_only,dailydilemmas,19,random_projection,0.6842105263157895,-0.6900542979904692
R_7QGHM1iZnW1jfRx,choice_only,dailydilemmas,19,projection_only,0.5263157894736842,-0.6864623863527313
R_7QGHM1iZnW1jfRx,choice_only,dailydilemmas,19,projection_alpha,0.5263157894736842,-0.6948066613243924
R_7QGHM1iZnW1jfRx,choice_only,dailydilemmas,20,random_projection,0.65,-0.6897401191180439
R_7QGHM1iZnW1jfRx,choice_only,dailydilemmas,20,projection_only,0.5,-0.6968856746105391
R_7QGHM1iZnW1jfRx,choice_only,dailydilemmas,20,projection_alpha,0.5,-0.6949367491767297
R_6rBDZvDRiktj92h,choice_only,dailydilemmas,3,random_projection,0.6666666666666666,-0.6931492398938145
R_6rBDZvDRiktj92h,choice_only,dailydilemmas,3,projection_only,0.3333333333333333,-0.80395131045033
R_6rBDZvDRiktj92h,choice_only,dailydilemmas,3,projection_alpha,0.3333333333333333,-0.6960199247080855
R_6rBDZvDRiktj92h,choice_only,dailydilemmas,4,random_projection,0.25,-0.6949275129395753
R_6rBDZvDRiktj92h,choice_only,dailydilemmas,4,projection_only,0.75,-0.6582957453474099
R_6rBDZvDRiktj92h,choice_only,dailydilemmas,4,projection_alpha,0.75,-0.6927179877690838
R_6rBDZvDRiktj92h,choice_only,dailydilemmas,5,random_projection,0.4,-0.6941816414342852
R_6rBDZvDRiktj92h,choice_only,dailydilemmas,5,projection_only,0.8,-0.654872688142532
R_6rBDZvDRiktj92h,choice_only,dailydilemmas,5,projection_alpha,0.4,-0.693545031346587
R_6rBDZvDRiktj92h,choice_only,dailydilemmas,6,random_projection,0.5,-0.693708142928508
R_6rBDZvDRiktj92h,choice_only,dailydilemmas,6,projection_only,0.6666666666666666,-0.6569464100032086
R_6rBDZvDRiktj92h,choice_only,dailydilemmas,6,projection_alpha,0.3333333333333333,-0.6933907638062639
R_6rBDZvDRiktj92h,choice_only,dailydilemmas,7,random_projection,0.5714285714285714,-0.6929426388586701
R_6rBDZvDRiktj92h,choice_only,dailydilemmas,7,projection_only,0.42857142857142855,-0.7222414014469383
R_6rBDZvDRiktj92h,choice_only,dailydilemmas,7,projection_alpha,0.42857142857142855,-0.6953817975732478
R_6rBDZvDRiktj92h,choice_only,dailydilemmas,8,random_projection,0.75,-0.6928067676648307
R_6rBDZvDRiktj92h,choice_only,dailydilemmas,8,projection_only,0.375,-0.7829488066226196
R_6rBDZvDRiktj92h,choice_only,dailydilemmas,8,projection_alpha,0.375,-0.6967081792465573
R_6rBDZvDRiktj92h,choice_only,dailydilemmas,9,random_projection,0.5555555555555556,-0.6924379826154737
R_6rBDZvDRiktj92h,choice_only,dailydilemmas,9,projection_only,0.4444444444444444,-0.7513053424064707
R_6rBDZvDRiktj92h,choice_only,dailydilemmas,9,projection_alpha,0.4444444444444444,-0.6953455991836738
R_6rBDZvDRiktj92h,choice_only,dailydilemmas,10,random_projection,0.9,-0.6913765529170632
R_6rBDZvDRiktj92h,choice_only,dailydilemmas,10,projection_only,0.6,-0.7104686478366288
R_6rBDZvDRiktj92h,choice_only,dailydilemmas,10,projection_alpha,0.6,-0.692869325736343
R_6rBDZvDRiktj92h,choice_only,dailydilemmas,11,random_projection,0.9090909090909091,-0.6905875047626346
R_6rBDZvDRiktj92h,choice_only,dailydilemmas,11,projection_only,0.6363636363636364,-0.6643398240985281
R_6rBDZvDRiktj92h,choice_only,dailydilemmas,11,projection_alpha,0.7272727272727273,-0.6889369031305586
R_6rBDZvDRiktj92h,choice_only,dailydilemmas,12,random_projection,0.5833333333333334,-0.6912412564581399
R_6rBDZvDRiktj92h,choice_only,dailydilemmas,12,projection_only,0.5833333333333334,-0.6931506879091481
R_6rBDZvDRiktj92h,choice_only,dailydilemmas,12,projection_alpha,0.5833333333333334,-0.6911645407871956
R_6rBDZvDRiktj92h,choice_only,dailydilemmas,13,random_projection,0.5384615384615384,-0.6916742600925653
R_6rBDZvDRiktj92h,choice_only,dailydilemmas,13,projection_only,0.6153846153846154,-0.7552086896589405
R_6rBDZvDRiktj92h,choice_only,dailydilemmas,13,projection_alpha,0.5384615384615384,-0.6939883415865947
R_6rBDZvDRiktj92h,choice_only,dailydilemmas,14,random_projection,0.5,-0.6925047692672827
R_6rBDZvDRiktj92h,choice_only,dailydilemmas,14,projection_only,0.5,-0.773131292586697
R_6rBDZvDRiktj92h,choice_only,dailydilemmas,14,projection_alpha,0.5,-0.6942394134986497
R_6rBDZvDRiktj92h,choice_only,dailydilemmas,15,random_projection,0.4666666666666667,-0.6935539982056654
R_6rBDZvDRiktj92h,choice_only,dailydilemmas,15,projection_only,0.4666666666666667,-0.7735954906284481
R_6rBDZvDRiktj92h,choice_only,dailydilemmas,15,projection_alpha,0.4666666666666667,-0.6950773652087218
R_6rBDZvDRiktj92h,choice_only,dailydilemmas,16,random_projection,0.4375,-0.6930945757122707
R_6rBDZvDRiktj92h,choice_only,dailydilemmas,16,projection_only,0.5,-0.7533995522830728
R_6rBDZvDRiktj92h,choice_only,dailydilemmas,16,projection_alpha,0.5625,-0.6931978478574963
R_6rBDZvDRiktj92h,choice_only,dailydilemmas,17,random_projection,0.5882352941176471,-0.6922746404254058
R_6rBDZvDRiktj92h,choice_only,dailydilemmas,17,projection_only,0.5294117647058824,-0.7496038847931866
R_6rBDZvDRiktj92h,choice_only,dailydilemmas,17,projection_alpha,0.5882352941176471,-0.6922112541502777
R_6rBDZvDRiktj92h,choice_only,dailydilemmas,18,random_projection,0.5555555555555556,-0.6924331269179698
R_6rBDZvDRiktj92h,choice_only,dailydilemmas,18,projection_only,0.5555555555555556,-0.7289608240968372
R_6rBDZvDRiktj92h,choice_only,dailydilemmas,18,projection_alpha,0.6111111111111112,-0.6919207223757462
R_6rBDZvDRiktj92h,choice_only,dailydilemmas,19,random_projection,0.5263157894736842,-0.692741678746013
R_6rBDZvDRiktj92h,choice_only,dailydilemmas,19,projection_only,0.5789473684210527,-0.7073430449168832
R_6rBDZvDRiktj92h,choice_only,dailydilemmas,19,projection_alpha,0.6842105263157895,-0.6909932027354949
R_6rBDZvDRiktj92h,choice_only,dailydilemmas,20,random_projection,0.6,-0.6925515213804785
R_6rBDZvDRiktj92h,choice_only,dailydilemmas,20,projection_only,0.6,-0.6900046225382109
R_6rBDZvDRiktj92h,choice_only,dailydilemmas,20,projection_alpha,0.7,-0.6886694020275064
R_7DZXdu8GHiSZQbw,choice_only,dailydilemmas,9,random_projection,0.4444444444444444,-0.6929006014644832
R_7DZXdu8GHiSZQbw,choice_only,dailydilemmas,9,projection_only,0.5555555555555556,-0.5565783778768656
R_7DZXdu8GHiSZQbw,choice_only,dailydilemmas,9,projection_alpha,0.6666666666666666,-0.6831658584514904
R_7DZXdu8GHiSZQbw,choice_only,dailydilemmas,10,random_projection,0.6,-0.6928287204567105
R_7DZXdu8GHiSZQbw,choice_only,dailydilemmas,10,projection_only,0.7,-0.5313913997572282
R_7DZXdu8GHiSZQbw,choice_only,dailydilemmas,10,projection_alpha,0.7,-0.6829203725703155
R_7DZXdu8GHiSZQbw,choice_only,dailydilemmas,11,random_projection,0.6363636363636364,-0.6928605780076844
R_7DZXdu8GHiSZQbw,choice_only,dailydilemmas,11,projection_only,0.7272727272727273,-0.49413393084850266
R_7DZXdu8GHiSZQbw,choice_only,dailydilemmas,11,projection_alpha,0.7272727272727273,-0.6793319519716045
R_7DZXdu8GHiSZQbw,choice_only,dailydilemmas,12,random_projection,0.6666666666666666,-0.6926304822853186
R_7DZXdu8GHiSZQbw,choice_only,dailydilemmas,12,projection_only,0.6666666666666666,-0.5166185025637454
R_7DZXdu8GHiSZQbw,choice_only,dailydilemmas,12,projection_alpha,0.6666666666666666,-0.6815630764041378
R_7DZXdu8GHiSZQbw,choice_only,dailydilemmas,13,random_projection,0.6153846153846154,-0.6926439046911788
R_7DZXdu8GHiSZQbw,choice_only,dailydilemmas,13,projection_only,0.6923076923076923,-0.4978991427993539
R_7DZXdu8GHiSZQbw,choice_only,dailydilemmas,13,projection_alpha,0.6923076923076923,-0.6798548018774876
R_7DZXdu8GHiSZQbw,choice_only,dailydilemmas,14,random_projection,0.6428571428571429,-0.6912953822583104
R_7DZXdu8GHiSZQbw,choice_only,dailydilemmas,14,projection_only,0.7142857142857143,-0.4592993767461679
R_7DZXdu8GHiSZQbw,choice_only,dailydilemmas,14,projection_alpha,0.7142857142857143,-0.6691455983633444
R_7DZXdu8GHiSZQbw,choice_only,dailydilemmas,15,random_projection,0.6666666666666666,-0.6899151906462767
R_7DZXdu8GHiSZQbw,choice_only,dailydilemmas,15,projection_only,0.7333333333333333,-0.4326954544334824
R_7DZXdu8GHiSZQbw,choice_only,dailydilemmas,15,projection_alpha,0.8,-0.6636683867621911
R_7DZXdu8GHiSZQbw,choice_only,dailydilemmas,16,random_projection,0.5625,-0.6908197970091339
R_7DZXdu8GHiSZQbw,choice_only,dailydilemmas,16,projection_only,0.75,-0.40719839177746997
R_7DZXdu8GHiSZQbw,choice_only,dailydilemmas,16,projection_alpha,0.8125,-0.6569938661793326
R_7DZXdu8GHiSZQbw,choice_only,dailydilemmas,17,random_projection,0.5294117647058824,-0.6917707257461501
R_7DZXdu8GHiSZQbw,choice_only,dailydilemmas,17,projection_only,0.7058823529411765,-0.5064368133968701
R_7DZXdu8GHiSZQbw,choice_only,dailydilemmas,17,projection_alpha,0.7647058823529411,-0.6653937802906844
R_7DZXdu8GHiSZQbw,choice_only,dailydilemmas,18,random_projection,0.5555555555555556,-0.6917079470407239
R_7DZXdu8GHiSZQbw,choice_only,dailydilemmas,18,projection_only,0.6666666666666666,-0.5259356331464139
R_7DZXdu8GHiSZQbw,choice_only,dailydilemmas,18,projection_alpha,0.7222222222222222,-0.668174389553094
R_7DZXdu8GHiSZQbw,choice_only,dailydilemmas,19,random_projection,0.631578947368421,-0.6905496920418287
R_7DZXdu8GHiSZQbw,choice_only,dailydilemmas,19,projection_only,0.6842105263157895,-0.4980065593891392
R_7DZXdu8GHiSZQbw,choice_only,dailydilemmas,19,projection_alpha,0.7368421052631579,-0.6608611255632617
R_7DZXdu8GHiSZQbw,choice_only,dailydilemmas,20,random_projection,0.6,-0.6912119256363514
R_7DZXdu8GHiSZQbw,choice_only,dailydilemmas,20,projection_only,0.7,-0.49494794571665474
R_7DZXdu8GHiSZQbw,choice_only,dailydilemmas,20,projection_alpha,0.75,-0.6598223745182205
R_3wNdGb7QZmozWdV,inference_affirm,dailydilemmas,6,random_projection,0.3333333333333333,-0.6954524072762411
R_3wNdGb7QZmozWdV,inference_affirm,dailydilemmas,6,projection_only,0.6666666666666666,-0.7389802038448111
R_3wNdGb7QZmozWdV,inference_affirm,dailydilemmas,6,projection_alpha,0.6666666666666666,-0.6898995439742763
R_3wNdGb7QZmozWdV,inference_affirm,dailydilemmas,7,random_projection,0.14285714285714285,-0.6957613861632364
R_3wNdGb7QZmozWdV,inference_affirm,dailydilemmas,7,projection_only,0.5714285714285714,-0.7756811171341732
R_3wNdGb7QZmozWdV,inference_affirm,dailydilemmas,7,projection_alpha,0.5714285714285714,-0.6956904689454458
R_3wNdGb7QZmozWdV,inference_affirm,dailydilemmas,8,random_projection,0.375,-0.6947543034108052
R_3wNdGb7QZmozWdV,inference_affirm,dailydilemmas,8,projection_only,0.25,-0.7876365414656152
R_3wNdGb7QZmozWdV,inference_affirm,dailydilemmas,8,projection_alpha,0.375,-0.6992737101096953
R_3wNdGb7QZmozWdV,inference_affirm,dailydilemmas,9,random_projection,0.4444444444444444,-0.6948038494419478
R_3wNdGb7QZmozWdV,inference_affirm,dailydilemmas,9,projection_only,0.3333333333333333,-0.7824103848604126
R_3wNdGb7QZmozWdV,inference_affirm,dailydilemmas,9,projection_alpha,0.5555555555555556,-0.69807059511071
R_3wNdGb7QZmozWdV,inference_affirm,dailydilemmas,10,random_projection,0.5,-0.6959090899721924
R_3wNdGb7QZmozWdV,inference_affirm,dailydilemmas,10,projection_only,0.1,-0.7811935854556957
R_3wNdGb7QZmozWdV,inference_affirm,dailydilemmas,10,projection_alpha,0.2,-0.6999237109877972
R_3wNdGb7QZmozWdV,inference_affirm,dailydilemmas,11,random_projection,0.45454545454545453,-0.6948350049363113
R_3wNdGb7QZmozWdV,inference_affirm,dailydilemmas,11,projection_only,0.2727272727272727,-0.7911534610632486
R_3wNdGb7QZmozWdV,inference_affirm,dailydilemmas,11,projection_alpha,0.0,-0.6998914238133067
R_3wNdGb7QZmozWdV,inference_affirm,dailydilemmas,12,random_projection,0.5833333333333334,-0.6942285924437385
R_3wNdGb7QZmozWdV,inference_affirm,dailydilemmas,12,projection_only,0.3333333333333333,-0.7721496075505443
R_3wNdGb7QZmozWdV,inference_affirm,dailydilemmas,12,projection_alpha,0.3333333333333333,-0.6984634397170737
R_3wNdGb7QZmozWdV,inference_affirm,dailydilemmas,13,random_projection,0.5384615384615384,-0.6938033400072323
R_3wNdGb7QZmozWdV,inference_affirm,dailydilemmas,13,projection_only,0.46153846153846156,-0.7564121240994215
R_3wNdGb7QZmozWdV,inference_affirm,dailydilemmas,13,projection_alpha,0.46153846153846156,-0.697301303433518
R_3wNdGb7QZmozWdV,inference_affirm,dailydilemmas,14,random_projection,0.7142857142857143,-0.6934872614485836
R_3wNdGb7QZmozWdV,inference_affirm,dailydilemmas,14,projection_only,0.42857142857142855,-0.7297878750193263
R_3wNdGb7QZmozWdV,inference_affirm,dailydilemmas,14,projection_alpha,0.5714285714285714,-0.6941795858231217
R_3wNdGb7QZmozWdV,inference_affirm,dailydilemmas,15,random_projection,0.6666666666666666,-0.6926337077240144
R_3wNdGb7QZmozWdV,inference_affirm,dailydilemmas,15,projection_only,0.4666666666666667,-0.7305780621506384
R_3wNdGb7QZmozWdV,inference_affirm,dailydilemmas,15,projection_alpha,0.5333333333333333,-0.6951687275671207
R_3wNdGb7QZmozWdV,inference_affirm,dailydilemmas,16,random_projection,0.4375,-0.6953839304436519
R_3wNdGb7QZmozWdV,inference_affirm,dailydilemmas,16,projection_only,0.4375,-0.7355104378546052
R_3wNdGb7QZmozWdV,inference_affirm,dailydilemmas,16,projection_alpha,0.5,-0.696156896276175
R_3wNdGb7QZmozWdV,inference_affirm,dailydilemmas,17,random_projection,0.35294117647058826,-0.6956601179773451
R_3wNdGb7QZmozWdV,inference_affirm,dailydilemmas,17,projection_only,0.4117647058823529,-0.7294678004980205
R_3wNdGb7QZmozWdV,inference_affirm,dailydilemmas,17,projection_alpha,0.5294117647058824,-0.6940104649819897
R_3wNdGb7QZmozWdV,inference_affirm,dailydilemmas,18,random_projection,0.3888888888888889,-0.6963765372297701
R_3wNdGb7QZmozWdV,inference_affirm,dailydilemmas,18,projection_only,0.5,-0.7154007654491441
R_3wNdGb7QZmozWdV,inference_affirm,dailydilemmas,18,projection_alpha,0.5555555555555556,-0.6918322034710344
R_3wNdGb7QZmozWdV,inference_affirm,dailydilemmas,19,random_projection,0.3684210526315789,-0.6965016362407948
R_3wNdGb7QZmozWdV,inference_affirm,dailydilemmas,19,projection_only,0.42105263157894735,-0.725677459128657
R_3wNdGb7QZmozWdV,inference_affirm,dailydilemmas,19,projection_alpha,0.5263157894736842,-0.6948108660884247
R_3wNdGb7QZmozWdV,inference_affirm,dailydilemmas,20,random_projection,0.35,-0.6961852260504595
R_3wNdGb7QZmozWdV,inference_affirm,dailydilemmas,20,projection_only,0.5,-0.7240034089584798
R_3wNdGb7QZmozWdV,inference_affirm,dailydilemmas,20,projection_alpha,0.6,-0.6940915071516365
R_54BDOExpKqNLP7U,choice_only,dailydilemmas,3,random_projection,0.6666666666666666,-0.6926250222356298
R_54BDOExpKqNLP7U,choice_only,dailydilemmas,3,projection_only,0.6666666666666666,-0.5441245519646366
R_54BDOExpKqNLP7U,choice_only,dailydilemmas,3,projection_alpha,0.6666666666666666,-0.6883405252127774
R_54BDOExpKqNLP7U,choice_only,dailydilemmas,4,random_projection,0.75,-0.6912109096392064
R_54BDOExpKqNLP7U,choice_only,dailydilemmas,4,projection_only,0.5,-0.6082118575500017
R_54BDOExpKqNLP7U,choice_only,dailydilemmas,4,projection_alpha,0.5,-0.690495773611093
R_54BDOExpKqNLP7U,choice_only,dailydilemmas,5,random_projection,0.6,-0.6918855171336804
R_54BDOExpKqNLP7U,choice_only,dailydilemmas,5,projection_only,0.6,-0.5424252205600136
R_54BDOExpKqNLP7U,choice_only,dailydilemmas,5,projection_alpha,0.6,-0.6873018819736167
R_54BDOExpKqNLP7U,choice_only,dailydilemmas,6,random_projection,0.5,-0.6922551928600411
R_54BDOExpKqNLP7U,choice_only,dailydilemmas,6,projection_only,0.6666666666666666,-0.4693877045180755
R_54BDOExpKqNLP7U,choice_only,dailydilemmas,6,projection_alpha,0.6666666666666666,-0.6816957060273438
R_54BDOExpKqNLP7U,choice_only,dailydilemmas,7,random_projection,0.8571428571428571,-0.6913284250796848
R_54BDOExpKqNLP7U,choice_only,dailydilemmas,7,projection_only,0.7142857142857143,-0.4052982896636629
R_54BDOExpKqNLP7U,choice_only,dailydilemmas,7,projection_alpha,0.7142857142857143,-0.6735722427753326
R_54BDOExpKqNLP7U,choice_only,dailydilemmas,8,random_projection,0.875,-0.6910432448302353
R_54BDOExpKqNLP7U,choice_only,dailydilemmas,8,projection_only,0.75,-0.42402548286612474
R_54BDOExpKqNLP7U,choice_only,dailydilemmas,8,projection_alpha,0.75,-0.6753972192394402
R_54BDOExpKqNLP7U,choice_only,dailydilemmas,9,random_projection,0.8888888888888888,-0.6892335690897515
R_54BDOExpKqNLP7U,choice_only,dailydilemmas,9,projection_only,0.7777777777777778,-0.3722462038219114
R_54BDOExpKqNLP7U,choice_only,dailydilemmas,9,projection_alpha,0.7777777777777778,-0.6591611792504983
R_54BDOExpKqNLP7U,choice_only,dailydilemmas,10,random_projection,0.8,-0.691018677437323
R_54BDOExpKqNLP7U,choice_only,dailydilemmas,10,projection_only,0.8,-0.38648808908345045
R_54BDOExpKqNLP7U,choice_only,dailydilemmas,10,projection_alpha,0.8,-0.6593466729076269
R_54BDOExpKqNLP7U,choice_only,dailydilemmas,11,random_projection,0.8181818181818182,-0.6911866361957926
R_54BDOExpKqNLP7U,choice_only,dailydilemmas,11,projection_only,0.8181818181818182,-0.3690580496057279
R_54BDOExpKqNLP7U,choice_only,dailydilemmas,11,projection_alpha,0.8181818181818182,-0.6560957713096041
R_54BDOExpKqNLP7U,choice_only,dailydilemmas,12,random_projection,0.75,-0.691911630477105
R_54BDOExpKqNLP7U,choice_only,dailydilemmas,12,projection_only,0.8333333333333334,-0.3622074614151713
R_54BDOExpKqNLP7U,choice_only,dailydilemmas,12,projection_alpha,0.8333333333333334,-0.6534054291252899
R_54BDOExpKqNLP7U,choice_only,dailydilemmas,13,random_projection,0.6923076923076923,-0.6914135107548384
R_54BDOExpKqNLP7U,choice_only,dailydilemmas,13,projection_only,0.7692307692307693,-0.37028185256859864
R_54BDOExpKqNLP7U,choice_only,dailydilemmas,13,projection_alpha,0.7692307692307693,-0.6543683941731667
R_54BDOExpKqNLP7U,choice_only,dailydilemmas,14,random_projection,0.7857142857142857,-0.6892484023541275
R_54BDOExpKqNLP7U,choice_only,dailydilemmas,14,projection_only,0.7857142857142857,-0.34554916437776334
R_54BDOExpKqNLP7U,choice_only,dailydilemmas,14,projection_alpha,0.7857142857142857,-0.6483515418015927
R_54BDOExpKqNLP7U,choice_only,dailydilemmas,15,random_projection,0.8,-0.6891487845184687
R_54BDOExpKqNLP7U,choice_only,dailydilemmas,15,projection_only,0.8,-0.47326348643609834
R_54BDOExpKqNLP7U,choice_only,dailydilemmas,15,projection_alpha,0.7333333333333333,-0.6582140468610855
R_54BDOExpKqNLP7U,choice_only,dailydilemmas,16,random_projection,0.75,-0.6898871900876524
R_54BDOExpKqNLP7U,choice_only,dailydilemmas,16,projection_only,0.8125,-0.48554926370633456
R_54BDOExpKqNLP7U,choice_only,dailydilemmas,16,projection_alpha,0.8125,-0.6599201376033814
R_54BDOExpKqNLP7U,choice_only,dailydilemmas,17,random_projection,0.7647058823529411,-0.6881645032698117
R_54BDOExpKqNLP7U,choice_only,dailydilemmas,17,projection_only,0.8235294117647058,-0.4566017956200731
R_54BDOExpKqNLP7U,choice_only,dailydilemmas,17,projection_alpha,0.7647058823529411,-0.6495667887270224
R_54BDOExpKqNLP7U,choice_only,dailydilemmas,18,random_projection,0.7222222222222222,-0.6872058272085118
R_54BDOExpKqNLP7U,choice_only,dailydilemmas,18,projection_only,0.8333333333333334,-0.43641202983364935
R_54BDOExpKqNLP7U,choice_only,dailydilemmas,18,projection_alpha,0.7777777777777778,-0.6441287202284827
R_54BDOExpKqNLP7U,choice_only,dailydilemmas,19,random_projection,0.8421052631578947,-0.6861324523360965
R_54BDOExpKqNLP7U,choice_only,dailydilemmas,19,projection_only,0.8421052631578947,-0.4342157310835408
R_54BDOExpKqNLP7U,choice_only,dailydilemmas,19,projection_alpha,0.7894736842105263,-0.6439866684078556
R_54BDOExpKqNLP7U,choice_only,dailydilemmas,20,random_projection,0.85,-0.685479995279689
R_54BDOExpKqNLP7U,choice_only,dailydilemmas,20,projection_only,0.85,-0.44959732846045314
R_54BDOExpKqNLP7U,choice_only,dailydilemmas,20,projection_alpha,0.75,-0.6472156651876769
R_7FP7x1oOPEhKFnt,choice_only,dailydilemmas,6,random_projection,0.16666666666666666,-0.6938982353640739
R_7FP7x1oOPEhKFnt,choice_only,dailydilemmas,6,projection_only,0.6666666666666666,-0.5544208071260704
R_7FP7x1oOPEhKFnt,choice_only,dailydilemmas,6,projection_alpha,0.5,-0.6888892047206873
R_7FP7x1oOPEhKFnt,choice_only,dailydilemmas,7,random_projection,0.42857142857142855,-0.6932337155570842
R_7FP7x1oOPEhKFnt,choice_only,dailydilemmas,7,projection_only,0.7142857142857143,-0.5218069931323662
R_7FP7x1oOPEhKFnt,choice_only,dailydilemmas,7,projection_alpha,0.5714285714285714,-0.6866260660929708
R_7FP7x1oOPEhKFnt,choice_only,dailydilemmas,8,random_projection,0.5,-0.6932572279169468
R_7FP7x1oOPEhKFnt,choice_only,dailydilemmas,8,projection_only,0.75,-0.4552572118423259
R_7FP7x1oOPEhKFnt,choice_only,dailydilemmas,8,projection_alpha,0.625,-0.6763231787871782
R_7FP7x1oOPEhKFnt,choice_only,dailydilemmas,9,random_projection,0.4444444444444444,-0.6934693379002584
R_7FP7x1oOPEhKFnt,choice_only,dailydilemmas,9,projection_only,0.7777777777777778,-0.4384032572898868
R_7FP7x1oOPEhKFnt,choice_only,dailydilemmas,9,projection_alpha,0.6666666666666666,-0.6756511752842936
R_7FP7x1oOPEhKFnt,choice_only,dailydilemmas,10,random_projection,0.3,-0.6943613791369746
R_7FP7x1oOPEhKFnt,choice_only,dailydilemmas,10,projection_only,0.7,-0.4996181652109374
R_7FP7x1oOPEhKFnt,choice_only,dailydilemmas,10,projection_alpha,0.7,-0.6774461027206199
R_7FP7x1oOPEhKFnt,choice_only,dailydilemmas,11,random_projection,0.2727272727272727,-0.6950586634519591
R_7FP7x1oOPEhKFnt,choice_only,dailydilemmas,11,projection_only,0.7272727272727273,-0.49086444373596394
R_7FP7x1oOPEhKFnt,choice_only,dailydilemmas,11,projection_alpha,0.7272727272727273,-0.6755234583022115
R_7FP7x1oOPEhKFnt,choice_only,dailydilemmas,12,random_projection,0.25,-0.6954820229005528
R_7FP7x1oOPEhKFnt,choice_only,dailydilemmas,12,projection_only,0.75,-0.5039219269215561
R_7FP7x1oOPEhKFnt,choice_only,dailydilemmas,12,projection_alpha,0.75,-0.6767604870333807
R_7FP7x1oOPEhKFnt,choice_only,dailydilemmas,13,random_projection,0.38461538461538464,-0.6952413379766628
R_7FP7x1oOPEhKFnt,choice_only,dailydilemmas,13,projection_only,0.7692307692307693,-0.4788425567762413
R_7FP7x1oOPEhKFnt,choice_only,dailydilemmas,13,projection_alpha,0.7692307692307693,-0.6746889480785612
R_7FP7x1oOPEhKFnt,choice_only,dailydilemmas,14,random_projection,0.35714285714285715,-0.6950018318083739
R_7FP7x1oOPEhKFnt,choice_only,dailydilemmas,14,projection_only,0.7857142857142857,-0.6061147614371567
R_7FP7x1oOPEhKFnt,choice_only,dailydilemmas,14,projection_alpha,0.7142857142857143,-0.6839398388629233
R_7FP7x1oOPEhKFnt,choice_only,dailydilemmas,15,random_projection,0.3333333333333333,-0.6949201399290607
R_7FP7x1oOPEhKFnt,choice_only,dailydilemmas,15,projection_only,0.8,-0.6159835814563056
R_7FP7x1oOPEhKFnt,choice_only,dailydilemmas,15,projection_alpha,0.7333333333333333,-0.6835423261588727
R_7FP7x1oOPEhKFnt,choice_only,dailydilemmas,16,random_projection,0.3125,-0.6949867836736365
R_7FP7x1oOPEhKFnt,choice_only,dailydilemmas,16,projection_only,0.75,-0.618807818048128
R_7FP7x1oOPEhKFnt,choice_only,dailydilemmas,16,projection_alpha,0.75,-0.6820201598835333
R_7FP7x1oOPEhKFnt,choice_only,dailydilemmas,17,random_projection,0.17647058823529413,-0.6951381770298335
R_7FP7x1oOPEhKFnt,choice_only,dailydilemmas,17,projection_only,0.7647058823529411,-0.6330853483104932
R_7FP7x1oOPEhKFnt,choice_only,dailydilemmas,17,projection_alpha,0.7058823529411765,-0.683870145316335
R_7FP7x1oOPEhKFnt,choice_only,dailydilemmas,18,random_projection,0.16666666666666666,-0.6951775165190768
R_7FP7x1oOPEhKFnt,choice_only,dailydilemmas,18,projection_only,0.6666666666666666,-0.6430348379189487
R_7FP7x1oOPEhKFnt,choice_only,dailydilemmas,18,projection_alpha,0.7222222222222222,-0.6838995890027149
R_7FP7x1oOPEhKFnt,choice_only,dailydilemmas,19,random_projection,0.21052631578947367,-0.694999379679325
R_7FP7x1oOPEhKFnt,choice_only,dailydilemmas,19,projection_only,0.6842105263157895,-0.6211848957003356
R_7FP7x1oOPEhKFnt,choice_only,dailydilemmas,19,projection_alpha,0.7368421052631579,-0.6818588928271548
R_7FP7x1oOPEhKFnt,choice_only,dailydilemmas,20,random_projection,0.3,-0.6949212620868339
R_7FP7x1oOPEhKFnt,choice_only,dailydilemmas,20,projection_only,0.75,-0.6246445522964746
R_7FP7x1oOPEhKFnt,choice_only,dailydilemmas,20,projection_alpha,0.75,-0.6809755224941052
R_3RlcXTweCHzrYtz,choice_only,dailydilemmas,3,random_projection,0.6666666666666666,-0.6924864921075563
R_3RlcXTweCHzrYtz,choice_only,dailydilemmas,3,projection_only,0.6666666666666666,-0.6776694997386291
R_3RlcXTweCHzrYtz,choice_only,dailydilemmas,3,projection_alpha,0.3333333333333333,-0.693395887604579
R_3RlcXTweCHzrYtz,choice_only,dailydilemmas,4,random_projection,0.25,-0.6951157444081507
R_3RlcXTweCHzrYtz,choice_only,dailydilemmas,4,projection_only,0.5,-0.73628916729853
R_3RlcXTweCHzrYtz,choice_only,dailydilemmas,4,projection_alpha,0.5,-0.6952341086719409
R_3RlcXTweCHzrYtz,choice_only,dailydilemmas,5,random_projection,0.0,-0.696733225632485
R_3RlcXTweCHzrYtz,choice_only,dailydilemmas,5,projection_only,0.4,-0.8185132080461873
R_3RlcXTweCHzrYtz,choice_only,dailydilemmas,5,projection_alpha,0.4,-0.6963880005223706
R_3RlcXTweCHzrYtz,choice_only,dailydilemmas,6,random_projection,0.0,-0.6963453314316853
R_3RlcXTweCHzrYtz,choice_only,dailydilemmas,6,projection_only,0.16666666666666666,-0.7961318704112239
R_3RlcXTweCHzrYtz,choice_only,dailydilemmas,6,projection_alpha,0.16666666666666666,-0.6969054347212252
R_3RlcXTweCHzrYtz,choice_only,dailydilemmas,7,random_projection,0.14285714285714285,-0.695874416564996
R_3RlcXTweCHzrYtz,choice_only,dailydilemmas,7,projection_only,0.42857142857142855,-0.7168028795577686
R_3RlcXTweCHzrYtz,choice_only,dailydilemmas,7,projection_alpha,0.2857142857142857,-0.6946506678841685
R_3RlcXTweCHzrYtz,choice_only,dailydilemmas,8,random_projection,0.0,-0.696048880948323
R_3RlcXTweCHzrYtz,choice_only,dailydilemmas,8,projection_only,0.625,-0.6781190564340411
R_3RlcXTweCHzrYtz,choice_only,dailydilemmas,8,projection_alpha,0.625,-0.693183997031054
R_3RlcXTweCHzrYtz,choice_only,dailydilemmas,9,random_projection,0.1111111111111111,-0.6955279037279952
R_3RlcXTweCHzrYtz,choice_only,dailydilemmas,9,projection_only,0.6666666666666666,-0.6235978004691666
R_3RlcXTweCHzrYtz,choice_only,dailydilemmas,9,projection_alpha,0.6666666666666666,-0.6899561139323516
R_3RlcXTweCHzrYtz,choice_only,dailydilemmas,10,random_projection,0.2,-0.6954811821832491
R_3RlcXTweCHzrYtz,choice_only,dailydilemmas,10,projection_only,0.6,-0.6591774309491767
R_3RlcXTweCHzrYtz,choice_only,dailydilemmas,10,projection_alpha,0.6,-0.6909306055538875
R_3RlcXTweCHzrYtz,choice_only,dailydilemmas,11,random_projection,0.18181818181818182,-0.6954149806024594
R_3RlcXTweCHzrYtz,choice_only,dailydilemmas,11,projection_only,0.6363636363636364,-0.654238915429474
R_3RlcXTweCHzrYtz,choice_only,dailydilemmas,11,projection_alpha,0.6363636363636364,-0.6893949354497685
R_3RlcXTweCHzrYtz,choice_only,dailydilemmas,12,random_projection,0.08333333333333333,-0.6957462295516423
R_3RlcXTweCHzrYtz,choice_only,dailydilemmas,12,projection_only,0.6666666666666666,-0.6471205298637819
R_3RlcXTweCHzrYtz,choice_only,dailydilemmas,12,projection_alpha,0.6666666666666666,-0.6891352311403063
R_3RlcXTweCHzrYtz,choice_only,dailydilemmas,13,random_projection,0.23076923076923078,-0.6952974304578347
R_3RlcXTweCHzrYtz,choice_only,dailydilemmas,13,projection_only,0.6923076923076923,-0.6150183005278176
R_3RlcXTweCHzrYtz,choice_only,dailydilemmas,13,projection_alpha,0.6923076923076923,-0.6851366639478407
R_3RlcXTweCHzrYtz,choice_only,dailydilemmas,14,random_projection,0.2857142857142857,-0.6949434107071495
R_3RlcXTweCHzrYtz,choice_only,dailydilemmas,14,projection_only,0.7142857142857143,-0.6183114272545583
R_3RlcXTweCHzrYtz,choice_only,dailydilemmas,14,projection_alpha,0.7142857142857143,-0.6853456167014623
R_3RlcXTweCHzrYtz,choice_only,dailydilemmas,15,random_projection,0.3333333333333333,-0.6943106355433678
R_3RlcXTweCHzrYtz,choice_only,dailydilemmas,15,projection_only,0.6,-0.6421290763614744
R_3RlcXTweCHzrYtz,choice_only,dailydilemmas,15,projection_alpha,0.7333333333333333,-0.6863405896931194
R_3RlcXTweCHzrYtz,choice_only,dailydilemmas,16,random_projection,0.4375,-0.6940415330497453
R_3RlcXTweCHzrYtz,choice_only,dailydilemmas,16,projection_only,0.625,-0.6254211704438721
R_3RlcXTweCHzrYtz,choice_only,dailydilemmas,16,projection_alpha,0.75,-0.6836233901946043
R_3RlcXTweCHzrYtz,choice_only,dailydilemmas,17,random_projection,0.35294117647058826,-0.6939853700748243
R_3RlcXTweCHzrYtz,choice_only,dailydilemmas,17,projection_only,0.6470588235294118,-0.6392708352112146
R_3RlcXTweCHzrYtz,choice_only,dailydilemmas,17,projection_alpha,0.7058823529411765,-0.6863893005799326
R_3RlcXTweCHzrYtz,choice_only,dailydilemmas,18,random_projection,0.4444444444444444,-0.6932438948401866
R_3RlcXTweCHzrYtz,choice_only,dailydilemmas,18,projection_only,0.6666666666666666,-0.6010177192286226
R_3RlcXTweCHzrYtz,choice_only,dailydilemmas,18,projection_alpha,0.7222222222222222,-0.6771250268855502
R_3RlcXTweCHzrYtz,choice_only,dailydilemmas,19,random_projection,0.5789473684210527,-0.692767392858495
R_3RlcXTweCHzrYtz,choice_only,dailydilemmas,19,projection_only,0.631578947368421,-0.6166411791506379
R_3RlcXTweCHzrYtz,choice_only,dailydilemmas,19,projection_alpha,0.7368421052631579,-0.6775332086932034
R_3RlcXTweCHzrYtz,choice_only,dailydilemmas,20,random_projection,0.45,-0.6931721159825253
R_3RlcXTweCHzrYtz,choice_only,dailydilemmas,20,projection_only,0.55,-0.6358675213139412
R_3RlcXTweCHzrYtz,choice_only,dailydilemmas,20,projection_alpha,0.7,-0.6819819140125742
R_64MjAxTXtmHjKMx,choice_only,dailydilemmas,3,random_projection,0.3333333333333333,-0.6927760598240854
R_64MjAxTXtmHjKMx,choice_only,dailydilemmas,3,projection_only,0.6666666666666666,-0.5819450795376946
R_64MjAxTXtmHjKMx,choice_only,dailydilemmas,3,projection_alpha,0.6666666666666666,-0.6899679809164639
R_64MjAxTXtmHjKMx,choice_only,dailydilemmas,4,random_projection,0.25,-0.6944162947003367
R_64MjAxTXtmHjKMx,choice_only,dailydilemmas,4,projection_only,0.5,-0.654370735690464
R_64MjAxTXtmHjKMx,choice_only,dailydilemmas,4,projection_alpha,0.5,-0.6922736372371991
R_64MjAxTXtmHjKMx,choice_only,dailydilemmas,5,random_projection,0.2,-0.6945861164652465
R_64MjAxTXtmHjKMx,choice_only,dailydilemmas,5,projection_only,0.6,-0.583522226437521
R_64MjAxTXtmHjKMx,choice_only,dailydilemmas,5,projection_alpha,0.6,-0.6896758941743131
R_64MjAxTXtmHjKMx,choice_only,dailydilemmas,6,random_projection,0.3333333333333333,-0.6938403566547015
R_64MjAxTXtmHjKMx,choice_only,dailydilemmas,6,projection_only,0.6666666666666666,-0.49307869664689147
R_64MjAxTXtmHjKMx,choice_only,dailydilemmas,6,projection_alpha,0.6666666666666666,-0.6848112121380773
R_64MjAxTXtmHjKMx,choice_only,dailydilemmas,7,random_projection,0.42857142857142855,-0.6938571231319328
R_64MjAxTXtmHjKMx,choice_only,dailydilemmas,7,projection_only,0.8571428571428571,-0.4287897356811469
R_64MjAxTXtmHjKMx,choice_only,dailydilemmas,7,projection_alpha,0.8571428571428571,-0.6804140906517261
R_64MjAxTXtmHjKMx,choice_only,dailydilemmas,8,random_projection,0.5,-0.6933103041433786
R_64MjAxTXtmHjKMx,choice_only,dailydilemmas,8,projection_only,0.75,-0.48853908651553835
R_64MjAxTXtmHjKMx,choice_only,dailydilemmas,8,projection_alpha,0.75,-0.6822089816062925
R_64MjAxTXtmHjKMx,choice_only,dailydilemmas,9,random_projection,0.6666666666666666,-0.6932342688682944
R_64MjAxTXtmHjKMx,choice_only,dailydilemmas,9,projection_only,0.7777777777777778,-0.4292741454117823
R_64MjAxTXtmHjKMx,choice_only,dailydilemmas,9,projection_alpha,0.7777777777777778,-0.6748122528766989
R_64MjAxTXtmHjKMx,choice_only,dailydilemmas,10,random_projection,0.6,-0.6919894687612598
R_64MjAxTXtmHjKMx,choice_only,dailydilemmas,10,projection_only,0.8,-0.3915068012217182
R_64MjAxTXtmHjKMx,choice_only,dailydilemmas,10,projection_alpha,0.9,-0.6690162934046662
R_64MjAxTXtmHjKMx,choice_only,dailydilemmas,11,random_projection,0.45454545454545453,-0.6932674835029219
R_64MjAxTXtmHjKMx,choice_only,dailydilemmas,11,projection_only,0.9090909090909091,-0.4048414399127147
R_64MjAxTXtmHjKMx,choice_only,dailydilemmas,11,projection_alpha,0.9090909090909091,-0.6695827459753344
R_64MjAxTXtmHjKMx,choice_only,dailydilemmas,12,random_projection,0.5,-0.6929571372667317
R_64MjAxTXtmHjKMx,choice_only,dailydilemmas,12,projection_only,0.9166666666666666,-0.4194163632401786
R_64MjAxTXtmHjKMx,choice_only,dailydilemmas,12,projection_alpha,0.9166666666666666,-0.6711807012100034
R_64MjAxTXtmHjKMx,choice_only,dailydilemmas,13,random_projection,0.5384615384615384,-0.6950273604274758
R_64MjAxTXtmHjKMx,choice_only,dailydilemmas,13,projection_only,0.8461538461538461,-0.40593357247342154
R_64MjAxTXtmHjKMx,choice_only,dailydilemmas,13,projection_alpha,0.9230769230769231,-0.6698698736983961
R_64MjAxTXtmHjKMx,choice_only,dailydilemmas,14,random_projection,0.42857142857142855,-0.6957842815175841
R_64MjAxTXtmHjKMx,choice_only,dailydilemmas,14,projection_only,0.8571428571428571,-0.4533000681109098
R_64MjAxTXtmHjKMx,choice_only,dailydilemmas,14,projection_alpha,0.8571428571428571,-0.6723814843796826
R_64MjAxTXtmHjKMx,choice_only,dailydilemmas,15,random_projection,0.3333333333333333,-0.6966458469410587
R_64MjAxTXtmHjKMx,choice_only,dailydilemmas,15,projection_only,0.8,-0.4512232669353497
R_64MjAxTXtmHjKMx,choice_only,dailydilemmas,15,projection_alpha,0.8666666666666667,-0.6720530555079642
R_64MjAxTXtmHjKMx,choice_only,dailydilemmas,16,random_projection,0.4375,-0.6955170695407686
R_64MjAxTXtmHjKMx,choice_only,dailydilemmas,16,projection_only,0.875,-0.42945441071020973
R_64MjAxTXtmHjKMx,choice_only,dailydilemmas,16,projection_alpha,0.875,-0.6695696681064773
R_64MjAxTXtmHjKMx,choice_only,dailydilemmas,17,random_projection,0.47058823529411764,-0.6959956604695889
R_64MjAxTXtmHjKMx,choice_only,dailydilemmas,17,projection_only,0.8235294117647058,-0.5045029749975473
R_64MjAxTXtmHjKMx,choice_only,dailydilemmas,17,projection_alpha,0.8235294117647058,-0.6741955524855506
R_64MjAxTXtmHjKMx,choice_only,dailydilemmas,18,random_projection,0.2777777777777778,-0.6964362046376443
R_64MjAxTXtmHjKMx,choice_only,dailydilemmas,18,projection_only,0.7777777777777778,-0.6548462076932764
R_64MjAxTXtmHjKMx,choice_only,dailydilemmas,18,projection_alpha,0.7222222222222222,-0.6831729484996719
R_64MjAxTXtmHjKMx,choice_only,dailydilemmas,19,random_projection,0.3157894736842105,-0.6965093149255832
R_64MjAxTXtmHjKMx,choice_only,dailydilemmas,19,projection_only,0.7368421052631579,-0.6616582281152956
R_64MjAxTXtmHjKMx,choice_only,dailydilemmas,19,projection_alpha,0.7368421052631579,-0.6840069134514868
R_64MjAxTXtmHjKMx,choice_only,dailydilemmas,20,random_projection,0.3,-0.6964011068042735
R_64MjAxTXtmHjKMx,choice_only,dailydilemmas,20,projection_only,0.75,-0.6369293904098257
R_64MjAxTXtmHjKMx,choice_only,dailydilemmas,20,projection_alpha,0.75,-0.6799614191531552
R_5B7Sbr53fSq1D3z,inference_affirm,dailydilemmas,3,random_projection,0.0,-0.6942102434646124
R_5B7Sbr53fSq1D3z,inference_affirm,dailydilemmas,3,projection_only,0.0,-0.7378239562272086
R_5B7Sbr53fSq1D3z,inference_affirm,dailydilemmas,3,projection_alpha,0.0,-0.6940714898898066
R_5B7Sbr53fSq1D3z,inference_affirm,dailydilemmas,4,random_projection,0.25,-0.6935894175345589
R_5B7Sbr53fSq1D3z,inference_affirm,dailydilemmas,4,projection_only,0.0,-0.7199446155311533
R_5B7Sbr53fSq1D3z,inference_affirm,dailydilemmas,4,projection_alpha,0.25,-0.6935351083895175
R_5B7Sbr53fSq1D3z,inference_affirm,dailydilemmas,5,random_projection,0.0,-0.6948061012941282
R_5B7Sbr53fSq1D3z,inference_affirm,dailydilemmas,5,projection_only,0.4,-0.701020966756114
R_5B7Sbr53fSq1D3z,inference_affirm,dailydilemmas,5,projection_alpha,0.4,-0.6931328951962256
R_5B7Sbr53fSq1D3z,inference_affirm,dailydilemmas,6,random_projection,0.0,-0.6951996200428314
R_5B7Sbr53fSq1D3z,inference_affirm,dailydilemmas,6,projection_only,0.16666666666666666,-0.7477722281170557
R_5B7Sbr53fSq1D3z,inference_affirm,dailydilemmas,6,projection_alpha,0.16666666666666666,-0.6944641602605302
R_5B7Sbr53fSq1D3z,inference_affirm,dailydilemmas,7,random_projection,0.2857142857142857,-0.6951415521803924
R_5B7Sbr53fSq1D3z,inference_affirm,dailydilemmas,7,projection_only,0.42857142857142855,-0.7407598339260402
R_5B7Sbr53fSq1D3z,inference_affirm,dailydilemmas,7,projection_alpha,0.42857142857142855,-0.694389756963829
R_5B7Sbr53fSq1D3z,inference_affirm,dailydilemmas,8,random_projection,0.125,-0.6952145222343735
R_5B7Sbr53fSq1D3z,inference_affirm,dailydilemmas,8,projection_only,0.625,-0.6622411097268921
R_5B7Sbr53fSq1D3z,inference_affirm,dailydilemmas,8,projection_alpha,0.625,-0.6911388046532472
R_5B7Sbr53fSq1D3z,inference_affirm,dailydilemmas,9,random_projection,0.1111111111111111,-0.6953224832981559
R_5B7Sbr53fSq1D3z,inference_affirm,dailydilemmas,9,projection_only,0.5555555555555556,-0.660926867538404
R_5B7Sbr53fSq1D3z,inference_affirm,dailydilemmas,9,projection_alpha,0.5555555555555556,-0.6924177466344835
R_5B7Sbr53fSq1D3z,inference_affirm,dailydilemmas,10,random_projection,0.5,-0.6935775394748107
R_5B7Sbr53fSq1D3z,inference_affirm,dailydilemmas,10,projection_only,0.6,-0.6137738711749338
R_5B7Sbr53fSq1D3z,inference_affirm,dailydilemmas,10,projection_alpha,0.6,-0.6889880830796582
R_5B7Sbr53fSq1D3z,inference_affirm,dailydilemmas,11,random_projection,0.45454545454545453,-0.6933227347097755
R_5B7Sbr53fSq1D3z,inference_affirm,dailydilemmas,11,projection_only,0.6363636363636364,-0.6274161592242756
R_5B7Sbr53fSq1D3z,inference_affirm,dailydilemmas,11,projection_alpha,0.5454545454545454,-0.6910257678685192
R_5B7Sbr53fSq1D3z,inference_affirm,dailydilemmas,12,random_projection,0.6666666666666666,-0.6924203974747272
R_5B7Sbr53fSq1D3z,inference_affirm,dailydilemmas,12,projection_only,0.5833333333333334,-0.6556244163651462
R_5B7Sbr53fSq1D3z,inference_affirm,dailydilemmas,12,projection_alpha,0.5,-0.6918065556733125
R_5B7Sbr53fSq1D3z,inference_affirm,dailydilemmas,13,random_projection,0.5384615384615384,-0.6925821803454622
R_5B7Sbr53fSq1D3z,inference_affirm,dailydilemmas,13,projection_only,0.5384615384615384,-0.6466282368476026
R_5B7Sbr53fSq1D3z,inference_affirm,dailydilemmas,13,projection_alpha,0.5384615384615384,-0.6910789279720005
R_5B7Sbr53fSq1D3z,inference_affirm,dailydilemmas,14,random_projection,0.5714285714285714,-0.6924600080390275
R_5B7Sbr53fSq1D3z,inference_affirm,dailydilemmas,14,projection_only,0.5714285714285714,-0.6674021716400846
R_5B7Sbr53fSq1D3z,inference_affirm,dailydilemmas,14,projection_alpha,0.5,-0.6921906111344952
R_5B7Sbr53fSq1D3z,inference_affirm,dailydilemmas,15,random_projection,0.5333333333333333,-0.6929236688114812
R_5B7Sbr53fSq1D3z,inference_affirm,dailydilemmas,15,projection_only,0.5333333333333333,-0.6694321817472795
R_5B7Sbr53fSq1D3z,inference_affirm,dailydilemmas,15,projection_alpha,0.5333333333333333,-0.6916648109763875
R_5B7Sbr53fSq1D3z,inference_affirm,dailydilemmas,16,random_projection,0.5625,-0.6922820050664793
R_5B7Sbr53fSq1D3z,inference_affirm,dailydilemmas,16,projection_only,0.5,-0.670341856366818
R_5B7Sbr53fSq1D3z,inference_affirm,dailydilemmas,16,projection_alpha,0.5,-0.6921829018427302
R_5B7Sbr53fSq1D3z,inference_affirm,dailydilemmas,17,random_projection,0.5294117647058824,-0.6924071797559118
R_5B7Sbr53fSq1D3z,inference_affirm,dailydilemmas,17,projection_only,0.5294117647058824,-0.6415542408943689
R_5B7Sbr53fSq1D3z,inference_affirm,dailydilemmas,17,projection_alpha,0.5294117647058824,-0.6892941497809763
R_5B7Sbr53fSq1D3z,inference_affirm,dailydilemmas,18,random_projection,0.6111111111111112,-0.6924709184767184
R_5B7Sbr53fSq1D3z,inference_affirm,dailydilemmas,18,projection_only,0.5555555555555556,-0.6122205696213273
R_5B7Sbr53fSq1D3z,inference_affirm,dailydilemmas,18,projection_alpha,0.5555555555555556,-0.6843554936699789
R_5B7Sbr53fSq1D3z,inference_affirm,dailydilemmas,19,random_projection,0.631578947368421,-0.6927565295544827
R_5B7Sbr53fSq1D3z,inference_affirm,dailydilemmas,19,projection_only,0.5263157894736842,-0.6270357712603529
R_5B7Sbr53fSq1D3z,inference_affirm,dailydilemmas,19,projection_alpha,0.5789473684210527,-0.6847645206736916
R_5B7Sbr53fSq1D3z,inference_affirm,dailydilemmas,20,random_projection,0.55,-0.6931693943483946
R_5B7Sbr53fSq1D3z,inference_affirm,dailydilemmas,20,projection_only,0.5,-0.6367747655525638
R_5B7Sbr53fSq1D3z,inference_affirm,dailydilemmas,20,projection_alpha,0.55,-0.6854237450183696
R_7fTeTaHgGhgcqkN,inference_affirm,dailydilemmas,3,random_projection,0.6666666666666666,-0.6926836139865706
R_7fTeTaHgGhgcqkN,inference_affirm,dailydilemmas,3,projection_only,0.3333333333333333,-0.7523187395316179
R_7fTeTaHgGhgcqkN,inference_affirm,dailydilemmas,3,projection_alpha,0.0,-0.6947124136102337
R_7fTeTaHgGhgcqkN,inference_affirm,dailydilemmas,4,random_projection,0.75,-0.6918597992669493
R_7fTeTaHgGhgcqkN,inference_affirm,dailydilemmas,4,projection_only,1.0,-0.5706097478493446
R_7fTeTaHgGhgcqkN,inference_affirm,dailydilemmas,4,projection_alpha,0.75,-0.6895587666898215
R_7fTeTaHgGhgcqkN,inference_affirm,dailydilemmas,5,random_projection,0.8,-0.693307389361988
R_7fTeTaHgGhgcqkN,inference_affirm,dailydilemmas,5,projection_only,0.4,-0.7278215818852916
R_7fTeTaHgGhgcqkN,inference_affirm,dailydilemmas,5,projection_alpha,0.4,-0.693857761479897
R_7fTeTaHgGhgcqkN,inference_affirm,dailydilemmas,6,random_projection,0.3333333333333333,-0.6941680615649669
R_7fTeTaHgGhgcqkN,inference_affirm,dailydilemmas,6,projection_only,0.6666666666666666,-0.7233013390311537
R_7fTeTaHgGhgcqkN,inference_affirm,dailydilemmas,6,projection_alpha,0.6666666666666666,-0.6935482957001491
R_7fTeTaHgGhgcqkN,inference_affirm,dailydilemmas,7,random_projection,0.5714285714285714,-0.6930516793713551
R_7fTeTaHgGhgcqkN,inference_affirm,dailydilemmas,7,projection_only,0.8571428571428571,-0.6385168052626511
R_7fTeTaHgGhgcqkN,inference_affirm,dailydilemmas,7,projection_alpha,0.8571428571428571,-0.6894128757295642
R_7fTeTaHgGhgcqkN,inference_affirm,dailydilemmas,8,random_projection,0.625,-0.6919779568576729
R_7fTeTaHgGhgcqkN,inference_affirm,dailydilemmas,8,projection_only,0.875,-0.6067755023783554
R_7fTeTaHgGhgcqkN,inference_affirm,dailydilemmas,8,projection_alpha,0.875,-0.6880579838854406
R_7fTeTaHgGhgcqkN,inference_affirm,dailydilemmas,9,random_projection,0.5555555555555556,-0.6927899236963552
R_7fTeTaHgGhgcqkN,inference_affirm,dailydilemmas,9,projection_only,0.7777777777777778,-0.622676812391479
R_7fTeTaHgGhgcqkN,inference_affirm,dailydilemmas,9,projection_alpha,0.7777777777777778,-0.6886784531176638
R_7fTeTaHgGhgcqkN,inference_affirm,dailydilemmas,10,random_projection,0.6,-0.6912073587246592
R_7fTeTaHgGhgcqkN,inference_affirm,dailydilemmas,10,projection_only,0.8,-0.6165678088323152
R_7fTeTaHgGhgcqkN,inference_affirm,dailydilemmas,10,projection_alpha,0.7,-0.6876021293839238
R_7fTeTaHgGhgcqkN,inference_affirm,dailydilemmas,11,random_projection,0.5454545454545454,-0.6919136092761913
R_7fTeTaHgGhgcqkN,inference_affirm,dailydilemmas,11,projection_only,0.8181818181818182,-0.6496835043038378
R_7fTeTaHgGhgcqkN,inference_affirm,dailydilemmas,11,projection_alpha,0.8181818181818182,-0.690276007778758
R_7fTeTaHgGhgcqkN,inference_affirm,dailydilemmas,12,random_projection,0.4166666666666667,-0.6942677476893228
R_7fTeTaHgGhgcqkN,inference_affirm,dailydilemmas,12,projection_only,0.6666666666666666,-0.679016275078784
R_7fTeTaHgGhgcqkN,inference_affirm,dailydilemmas,12,projection_alpha,0.6666666666666666,-0.693309654158695
R_7fTeTaHgGhgcqkN,inference_affirm,dailydilemmas,13,random_projection,0.5384615384615384,-0.6937115773885318
R_7fTeTaHgGhgcqkN,inference_affirm,dailydilemmas,13,projection_only,0.6923076923076923,-0.6500293827593779
R_7fTeTaHgGhgcqkN,inference_affirm,dailydilemmas,13,projection_alpha,0.6153846153846154,-0.6923313642046203
R_7fTeTaHgGhgcqkN,inference_affirm,dailydilemmas,14,random_projection,0.6428571428571429,-0.6908375569741796
R_7fTeTaHgGhgcqkN,inference_affirm,dailydilemmas,14,projection_only,0.7142857142857143,-0.614164985088575
R_7fTeTaHgGhgcqkN,inference_affirm,dailydilemmas,14,projection_alpha,0.6428571428571429,-0.6894090958808228
R_7fTeTaHgGhgcqkN,inference_affirm,dailydilemmas,15,random_projection,0.6666666666666666,-0.6901606312761562
R_7fTeTaHgGhgcqkN,inference_affirm,dailydilemmas,15,projection_only,0.8,-0.5917160604291641
R_7fTeTaHgGhgcqkN,inference_affirm,dailydilemmas,15,projection_alpha,0.8,-0.6879139875805124
R_7fTeTaHgGhgcqkN,inference_affirm,dailydilemmas,16,random_projection,0.625,-0.6913391019594322
R_7fTeTaHgGhgcqkN,inference_affirm,dailydilemmas,16,projection_only,0.8125,-0.5883784944838111
R_7fTeTaHgGhgcqkN,inference_affirm,dailydilemmas,16,projection_alpha,0.8125,-0.6874889456094009
R_7fTeTaHgGhgcqkN,inference_affirm,dailydilemmas,17,random_projection,0.5882352941176471,-0.6927185288293635
R_7fTeTaHgGhgcqkN,inference_affirm,dailydilemmas,17,projection_only,0.7647058823529411,-0.5900948036766396
R_7fTeTaHgGhgcqkN,inference_affirm,dailydilemmas,17,projection_alpha,0.8235294117647058,-0.6871565476603992
R_7fTeTaHgGhgcqkN,inference_affirm,dailydilemmas,18,random_projection,0.6111111111111112,-0.6923730223531027
R_7fTeTaHgGhgcqkN,inference_affirm,dailydilemmas,18,projection_only,0.7777777777777778,-0.5596802121808837
R_7fTeTaHgGhgcqkN,inference_affirm,dailydilemmas,18,projection_alpha,0.8333333333333334,-0.6832951228538133
R_7fTeTaHgGhgcqkN,inference_affirm,dailydilemmas,19,random_projection,0.631578947368421,-0.6921804704310609
R_7fTeTaHgGhgcqkN,inference_affirm,dailydilemmas,19,projection_only,0.7894736842105263,-0.5298312185709366
R_7fTeTaHgGhgcqkN,inference_affirm,dailydilemmas,19,projection_alpha,0.8421052631578947,-0.6783864470764118
R_7fTeTaHgGhgcqkN,inference_affirm,dailydilemmas,20,random_projection,0.6,-0.6909891658305722
R_7fTeTaHgGhgcqkN,inference_affirm,dailydilemmas,20,projection_only,0.8,-0.5165251694849146
R_7fTeTaHgGhgcqkN,inference_affirm,dailydilemmas,20,projection_alpha,0.85,-0.6754858371019559
R_12tlw5u4cVbNiP1,inference_affirm,dailydilemmas,3,random_projection,0.3333333333333333,-0.6925822809107354
R_12tlw5u4cVbNiP1,inference_affirm,dailydilemmas,3,projection_only,0.6666666666666666,-0.6187039068582311
R_12tlw5u4cVbNiP1,inference_affirm,dailydilemmas,3,projection_alpha,0.6666666666666666,-0.6910405497385074
R_12tlw5u4cVbNiP1,inference_affirm,dailydilemmas,4,random_projection,0.25,-0.6940980136091752
R_12tlw5u4cVbNiP1,inference_affirm,dailydilemmas,4,projection_only,0.5,-0.75286937821305
R_12tlw5u4cVbNiP1,inference_affirm,dailydilemmas,4,projection_alpha,0.25,-0.6958174833431
R_12tlw5u4cVbNiP1,inference_affirm,dailydilemmas,5,random_projection,0.6,-0.692937815549458
R_12tlw5u4cVbNiP1,inference_affirm,dailydilemmas,5,projection_only,0.8,-0.6692814077136813
R_12tlw5u4cVbNiP1,inference_affirm,dailydilemmas,5,projection_alpha,0.6,-0.6933276629744808
R_12tlw5u4cVbNiP1,inference_affirm,dailydilemmas,6,random_projection,0.6666666666666666,-0.6929440636618303
R_12tlw5u4cVbNiP1,inference_affirm,dailydilemmas,6,projection_only,0.8333333333333334,-0.655276385288605
R_12tlw5u4cVbNiP1,inference_affirm,dailydilemmas,6,projection_alpha,0.6666666666666666,-0.6924551605317535
R_12tlw5u4cVbNiP1,inference_affirm,dailydilemmas,7,random_projection,0.5714285714285714,-0.6923209282670547
R_12tlw5u4cVbNiP1,inference_affirm,dailydilemmas,7,projection_only,0.7142857142857143,-0.5866370332938395
R_12tlw5u4cVbNiP1,inference_affirm,dailydilemmas,7,projection_alpha,0.7142857142857143,-0.6875746238851184
R_12tlw5u4cVbNiP1,inference_affirm,dailydilemmas,8,random_projection,0.625,-0.6927108048629116
R_12tlw5u4cVbNiP1,inference_affirm,dailydilemmas,8,projection_only,0.875,-0.5704527539536819
R_12tlw5u4cVbNiP1,inference_affirm,dailydilemmas,8,projection_alpha,0.75,-0.6875008736038175
R_12tlw5u4cVbNiP1,inference_affirm,dailydilemmas,9,random_projection,0.5555555555555556,-0.692171057344948
R_12tlw5u4cVbNiP1,inference_affirm,dailydilemmas,9,projection_only,0.8888888888888888,-0.5259139725570352
R_12tlw5u4cVbNiP1,inference_affirm,dailydilemmas,9,projection_alpha,0.7777777777777778,-0.684925623035257
R_12tlw5u4cVbNiP1,inference_affirm,dailydilemmas,10,random_projection,0.6,-0.6925432920381102
R_12tlw5u4cVbNiP1,inference_affirm,dailydilemmas,10,projection_only,0.8,-0.5949027121126559
R_12tlw5u4cVbNiP1,inference_affirm,dailydilemmas,10,projection_alpha,0.7,-0.6875729470851418
R_12tlw5u4cVbNiP1,inference_affirm,dailydilemmas,11,random_projection,0.6363636363636364,-0.6919855152895192
R_12tlw5u4cVbNiP1,inference_affirm,dailydilemmas,11,projection_only,0.7272727272727273,-0.6314203955454534
R_12tlw5u4cVbNiP1,inference_affirm,dailydilemmas,11,projection_alpha,0.6363636363636364,-0.6902556731191267
R_12tlw5u4cVbNiP1,inference_affirm,dailydilemmas,12,random_projection,0.6666666666666666,-0.6917107448582946
R_12tlw5u4cVbNiP1,inference_affirm,dailydilemmas,12,projection_only,0.75,-0.6054503202653232
R_12tlw5u4cVbNiP1,inference_affirm,dailydilemmas,12,projection_alpha,0.6666666666666666,-0.6897445616546715
R_12tlw5u4cVbNiP1,inference_affirm,dailydilemmas,13,random_projection,0.6153846153846154,-0.6915936024428735
R_12tlw5u4cVbNiP1,inference_affirm,dailydilemmas,13,projection_only,0.7692307692307693,-0.6049721524919373
R_12tlw5u4cVbNiP1,inference_affirm,dailydilemmas,13,projection_alpha,0.6923076923076923,-0.6885250411032724
R_12tlw5u4cVbNiP1,inference_affirm,dailydilemmas,14,random_projection,0.6428571428571429,-0.6909011530214043
R_12tlw5u4cVbNiP1,inference_affirm,dailydilemmas,14,projection_only,0.7857142857142857,-0.5886128529085591
R_12tlw5u4cVbNiP1,inference_affirm,dailydilemmas,14,projection_alpha,0.7142857142857143,-0.6877612102837045
R_12tlw5u4cVbNiP1,inference_affirm,dailydilemmas,15,random_projection,0.6666666666666666,-0.6909544942926124
R_12tlw5u4cVbNiP1,inference_affirm,dailydilemmas,15,projection_only,0.8,-0.5604484874980062
R_12tlw5u4cVbNiP1,inference_affirm,dailydilemmas,15,projection_alpha,0.7333333333333333,-0.684930949020903
R_12tlw5u4cVbNiP1,inference_affirm,dailydilemmas,16,random_projection,0.5625,-0.6920805209004133
R_12tlw5u4cVbNiP1,inference_affirm,dailydilemmas,16,projection_only,0.8125,-0.5545003769831048
R_12tlw5u4cVbNiP1,inference_affirm,dailydilemmas,16,projection_alpha,0.75,-0.6851998232122034
R_12tlw5u4cVbNiP1,inference_affirm,dailydilemmas,17,random_projection,0.7058823529411765,-0.6908788100282273
R_12tlw5u4cVbNiP1,inference_affirm,dailydilemmas,17,projection_only,0.8235294117647058,-0.5205448986904764
R_12tlw5u4cVbNiP1,inference_affirm,dailydilemmas,17,projection_alpha,0.7647058823529411,-0.6797962190432999
R_12tlw5u4cVbNiP1,inference_affirm,dailydilemmas,18,random_projection,0.6666666666666666,-0.6907995052822334
R_12tlw5u4cVbNiP1,inference_affirm,dailydilemmas,18,projection_only,0.8333333333333334,-0.5003348870912485
R_12tlw5u4cVbNiP1,inference_affirm,dailydilemmas,18,projection_alpha,0.7777777777777778,-0.6800258635429892
R_12tlw5u4cVbNiP1,inference_affirm,dailydilemmas,19,random_projection,0.631578947368421,-0.6896644907812336
R_12tlw5u4cVbNiP1,inference_affirm,dailydilemmas,19,projection_only,0.8421052631578947,-0.47650550598876196
R_12tlw5u4cVbNiP1,inference_affirm,dailydilemmas,19,projection_alpha,0.7894736842105263,-0.6755601049634211
R_12tlw5u4cVbNiP1,inference_affirm,dailydilemmas,20,random_projection,0.65,-0.6890384618777564
R_12tlw5u4cVbNiP1,inference_affirm,dailydilemmas,20,projection_only,0.85,-0.46211268937234734
R_12tlw5u4cVbNiP1,inference_affirm,dailydilemmas,20,projection_alpha,0.8,-0.6757668529530427
