user_id,condition,fit_type,n_trials,test_acc,test_ll,spearman,combined
0,choice_only,standard,1,0.46,-0.6931539927069322,0.0008033618734940028,-0.199598319063253
0,choice_only,projected,1,0.44,-0.6935367372825759,0.0008033618734940028,-0.199598319063253
0,choice_only,partial,1,0.44,-0.6935367372825759,0.0008033618734940028,-0.199598319063253
0,choice_only,standard,2,0.43,-0.693159731884049,0.04418490304217016,-0.17790754847891493
0,choice_only,projected,2,0.48,-0.6936306660903597,0.04418490304217016,-0.17790754847891493
0,choice_only,partial,2,0.48,-0.6936306660903597,0.04418490304217016,-0.17790754847891493
0,choice_only,standard,3,0.44,-0.693198560750107,-0.02410085620482009,-0.21205042810241007
0,choice_only,projected,3,0.46,-0.6941910394351067,-0.02410085620482009,-0.21205042810241007
0,choice_only,partial,3,0.46,-0.6941910394351067,-0.02410085620482009,-0.21205042810241007
0,choice_only,standard,4,0.47,-0.6931859253996051,0.02088740871084407,-0.28955629564457797
0,choice_only,projected,4,0.42,-0.6940882527612915,0.02088740871084407,-0.28955629564457797
0,choice_only,partial,4,0.42,-0.6940882527612915,0.02088740871084407,-0.28955629564457797
0,choice_only,standard,5,0.53,-0.6931505951566257,0.08917316795783432,-0.2554134160210828
0,choice_only,projected,5,0.5,-0.69346465016323,0.06346558800602624,-0.2682672059969869
0,choice_only,partial,5,0.5,-0.69346465016323,0.06346558800602624,-0.2682672059969869
0,choice_only,standard,6,0.5,-0.6931208573766312,-0.027314303698796095,-0.41365715184939805
0,choice_only,projected,6,0.46,-0.6933420850887033,-0.027314303698796095,-0.41365715184939805
0,choice_only,partial,6,0.46,-0.6933420850887033,-0.027314303698796095,-0.41365715184939805
0,choice_only,standard,7,0.53,-0.693127039846464,0.0024100856204820084,-0.29879495718975896
0,choice_only,projected,7,0.45,-0.693421446636386,0.0024100856204820084,-0.29879495718975896
0,choice_only,partial,7,0.45,-0.693421446636386,0.0024100856204820084,-0.29879495718975896
0,choice_only,standard,8,0.52,-0.6931115654668025,0.03293783681325412,-0.08353108159337291
0,choice_only,projected,8,0.54,-0.693032408960158,0.02249413245783208,-0.08875293377108394
0,choice_only,partial,8,0.54,-0.693032408960158,0.02249413245783208,-0.08875293377108394
0,choice_only,standard,9,0.51,-0.693115800651058,-0.023297494331326083,-0.31164874716566304
0,choice_only,projected,9,0.54,-0.6929880583342541,-0.012853789975904044,-0.306426894987952
0,choice_only,partial,9,0.54,-0.6929880583342541,-0.012853789975904044,-0.306426894987952
0,choice_only,standard,10,0.48,-0.6931373190804089,0.04418490304217016,-0.17790754847891493
0,choice_only,projected,10,0.54,-0.6934627477258123,0.04418490304217016,-0.17790754847891493
0,choice_only,partial,10,0.54,-0.6934627477258123,0.04418490304217016,-0.17790754847891493
0,choice_only,standard,11,0.44,-0.6931912055458116,0.1381782422409685,-0.030910878879515727
0,choice_only,projected,11,0.44,-0.6941170578875667,0.12773453788554648,-0.03613273105722674
0,choice_only,partial,11,0.44,-0.6941170578875667,0.12773453788554648,-0.03613273105722674
0,choice_only,standard,12,0.46,-0.6931989963461342,0.06587567362650824,-0.16706216318674588
0,choice_only,projected,12,0.42,-0.694619773020653,0.06587567362650824,-0.16706216318674588
0,choice_only,partial,12,0.42,-0.694619773020653,0.06587567362650824,-0.16706216318674588
0,choice_only,standard,13,0.48,-0.6932114702766952,-0.020084046837350072,-0.21004202341867506
0,choice_only,projected,13,0.43,-0.6949642449810947,-0.020084046837350072,-0.21004202341867506
0,choice_only,partial,13,0.43,-0.6949642449810947,-0.020084046837350072,-0.21004202341867506
0,choice_only,standard,14,0.48,-0.6932221955966098,-0.0562353311445802,-0.3281176655722901
0,choice_only,projected,14,0.47,-0.6949534601930972,-0.007230256861446026,-0.303615128430723
0,choice_only,partial,14,0.47,-0.6949534601930972,-0.007230256861446026,-0.303615128430723
0,choice_only,standard,15,0.48,-0.6931661730616699,0.030527751192772113,-0.28473612440361395
0,choice_only,projected,15,0.51,-0.6945282053310852,0.0,-0.3
0,choice_only,partial,15,0.51,-0.6945282053310852,0.0,-0.3
0,choice_only,standard,16,0.49,-0.6931301289923543,-0.038561369927712134,-0.21928068496385608
0,choice_only,projected,16,0.53,-0.6940373797957617,-0.0281176655722901,-0.21405883278614507
0,choice_only,partial,16,0.53,-0.6940373797957617,-0.0281176655722901,-0.21405883278614507
0,choice_only,standard,17,0.51,-0.6931090196448929,-0.057038693018074196,-0.2285193465090371
0,choice_only,projected,17,0.52,-0.6938837583925894,-0.057038693018074196,-0.2285193465090371
0,choice_only,partial,17,0.52,-0.6938837583925894,-0.057038693018074196,-0.2285193465090371
0,choice_only,standard,18,0.53,-0.6930375504539296,0.004016809367470014,-0.197991595316265
0,choice_only,projected,18,0.52,-0.6931525949994958,0.034544560560242125,-0.18272771971987894
0,choice_only,partial,18,0.52,-0.6931525949994958,0.034544560560242125,-0.18272771971987894
0,choice_only,standard,19,0.58,-0.6930036899047226,0.04257817929518215,-0.17871091035240894
0,choice_only,projected,19,0.54,-0.6925854433196946,0.059448778638556216,-0.1702756106807219
0,choice_only,partial,19,0.54,-0.6925854433196946,0.059448778638556216,-0.1702756106807219
0,choice_only,standard,20,0.55,-0.6930218274903194,0.01687059934337406,-0.191564700328313
0,choice_only,projected,20,0.53,-0.6929229972727846,0.006426894987952022,-0.296786552506024
0,choice_only,partial,20,0.53,-0.6929229972727846,0.006426894987952022,-0.296786552506024
0,inference_affirm,standard,1,0.46,-0.6931539927069322,0.0008033618734940028,-0.199598319063253
0,inference_affirm,projected,1,0.44,-0.6935367372825759,0.0008033618734940028,-0.199598319063253
0,inference_affirm,partial,1,0.54,-0.6931945740521747,0.2949447098924041,0.04747235494620208
0,inference_affirm,standard,2,0.53,-0.693148427788646,0.17513288842169264,-0.21243355578915368
0,inference_affirm,projected,2,0.52,-0.693486818185492,0.17513288842169264,-0.21243355578915368
0,inference_affirm,partial,2,0.64,-0.6919709517606553,0.00562353311445802,-0.29718823344277095
0,inference_affirm,standard,3,0.5,-0.6931874618513153,0.0,-0.3
0,inference_affirm,projected,3,0.54,-0.6940960572110526,0.0,-0.3
0,inference_affirm,partial,3,0.54,-0.6926144939124731,-0.09640342481928035,-0.34820171240964015
0,inference_affirm,standard,4,0.39,-0.6932000141025704,0.09318997732530433,-0.15340501133734785
0,inference_affirm,projected,4,0.43,-0.694177302252073,0.09318997732530433,-0.15340501133734785
0,inference_affirm,partial,4,0.54,-0.6927211343072917,-0.10524040542771437,-0.3526202027138572
0,inference_affirm,standard,5,0.48,-0.6931646285683857,0.04177481742168814,-0.0791125912891559
0,inference_affirm,projected,5,0.44,-0.6935367683574729,0.04177481742168814,-0.0791125912891559
0,inference_affirm,partial,5,0.58,-0.6921853735339978,-0.18798667839759667,-0.3939933391987983
0,inference_affirm,standard,6,0.48,-0.6931946739335888,-0.046594988662652166,-0.2232974943313261
0,inference_affirm,projected,6,0.48,-0.6937325144093444,-0.046594988662652166,-0.2232974943313261
0,inference_affirm,partial,6,0.5,-0.6925434686334225,-0.040168093674700145,-0.22008404683735008
0,inference_affirm,standard,7,0.44,-0.6932012494070843,-0.12612781413855845,-0.26306390706927923
0,inference_affirm,projected,7,0.47,-0.69389702733769,-0.12612781413855845,-0.26306390706927923
0,inference_affirm,partial,7,0.5,-0.6927777132637619,-0.07792610172891828,-0.23896305086445915
0,inference_affirm,standard,8,0.47,-0.6931863890952752,-0.1124706622891604,-0.2562353311445802
0,inference_affirm,projected,8,0.53,-0.693662100464299,-0.09881351043976236,-0.2494067552198812
0,inference_affirm,partial,8,0.53,-0.6926564480685409,-0.03695464618072414,-0.21847732309036208
0,inference_affirm,standard,9,0.48,-0.6931905723553049,-0.09720678669277436,-0.2486033933463872
0,inference_affirm,projected,9,0.55,-0.6935968131325589,-0.09720678669277436,-0.2486033933463872
0,inference_affirm,partial,9,0.53,-0.6924494401033792,0.02249413245783208,-0.08875293377108394
0,inference_affirm,standard,10,0.5,-0.6931687680189091,-0.0859597204638583,-0.24297986023192916
0,inference_affirm,projected,10,0.52,-0.6930560006079548,-0.07712273985542427,-0.23856136992771215
0,inference_affirm,partial,10,0.59,-0.6917750803990355,-0.0016067237469880055,-0.10080336187349398
0,inference_affirm,standard,11,0.48,-0.6932227320887742,-0.0811395492228943,-0.24056977461144716
0,inference_affirm,projected,11,0.52,-0.6937112228134457,-0.0811395492228943,-0.24056977461144716
0,inference_affirm,partial,11,0.55,-0.6924115046964071,0.1108639385421724,-0.1445680307289138
0,inference_affirm,standard,12,0.46,-0.6932149552561756,-0.057038693018074196,-0.2285193465090371
0,inference_affirm,projected,12,0.53,-0.6932170285367552,-0.04498826491566416,-0.2224941324578321
0,inference_affirm,partial,12,0.55,-0.69216021481912,0.1389816041144625,-0.030509197942768726
0,inference_affirm,standard,13,0.48,-0.6932273485945282,-0.06908912112048425,-0.3345445605602421
0,inference_affirm,projected,13,0.52,-0.6935308806770424,-0.06908912112048425,-0.3345445605602421
0,inference_affirm,partial,13,0.55,-0.6926583714260187,0.11568410978313641,-0.04215794510843177
0,inference_affirm,standard,14,0.47,-0.6932385198297325,-0.05302188365060419,-0.3265109418253021
0,inference_affirm,projected,14,0.53,-0.693631079187925,-0.05302188365060419,-0.3265109418253021
0,inference_affirm,partial,14,0.54,-0.6935546522955528,0.1413916897349445,-0.12930415513252774
0,inference_affirm,standard,15,0.49,-0.6931824484370859,-0.03615128430723013,-0.31807564215361506
0,inference_affirm,projected,15,0.53,-0.6932497982129219,-0.03615128430723013,-0.31807564215361506
0,inference_affirm,partial,15,0.55,-0.6939960068588276,-0.06346558800602624,-0.23173279400301314
0,inference_affirm,standard,16,0.5,-0.6931464270776481,-0.057038693018074196,-0.2285193465090371
0,inference_affirm,projected,16,0.54,-0.6927651440675355,-0.057038693018074196,-0.2285193465090371
0,inference_affirm,partial,16,0.53,-0.6934638375438831,-0.02490421807831409,-0.31245210903915704
0,inference_affirm,standard,17,0.52,-0.693125254977041,-0.017673961216868064,-0.20883698060843403
0,inference_affirm,projected,17,0.52,-0.692598425585649,-0.017673961216868064,-0.20883698060843403
0,inference_affirm,partial,17,0.53,-0.6929740655754348,0.012853789975904044,-0.193573105012048
0,inference_affirm,standard,18,0.5,-0.6931967650831652,-0.0859597204638583,-0.24297986023192916
0,inference_affirm,projected,18,0.55,-0.693345649877042,-0.0859597204638583,-0.24297986023192916
0,inference_affirm,partial,18,0.53,-0.6935776151572227,-0.03615128430723013,-0.31807564215361506
0,inference_affirm,standard,19,0.49,-0.6931625415977192,-0.02249413245783208,-0.21124706622891606
0,inference_affirm,projected,19,0.53,-0.6927001634568584,-0.013657151849398048,-0.20682857592469903
0,inference_affirm,partial,19,0.51,-0.6935694305500077,0.09479670107229235,-0.15260164946385385
0,inference_affirm,standard,20,0.47,-0.6931808291376779,-0.012050428102410044,-0.20602521405120502
0,inference_affirm,projected,20,0.54,-0.6930621563469193,-0.012050428102410044,-0.20602521405120502
0,inference_affirm,partial,20,0.52,-0.6935774925969989,0.04177481742168814,-0.27911259128915594
0,inference_categories,standard,1,0.46,-0.6931539927069322,0.0008033618734940028,-0.199598319063253
0,inference_categories,projected,1,0.44,-0.6935367372825759,0.0008033618734940028,-0.199598319063253
0,inference_categories,partial,1,0.49,-0.6934071968749782,0.09640342481928035,-0.0517982875903598
0,inference_categories,standard,2,0.53,-0.693148427788646,0.17513288842169264,-0.21243355578915368
0,inference_categories,projected,2,0.52,-0.693486818185492,0.17513288842169264,-0.21243355578915368
0,inference_categories,partial,2,0.65,-0.69250550973028,0.017673961216868064,-0.29116301939156597
0,inference_categories,standard,3,0.5,-0.6931874618513153,0.0,-0.3
0,inference_categories,projected,3,0.54,-0.6940960572110526,0.0,-0.3
0,inference_categories,partial,3,0.5,-0.6930261989609595,-0.12612781413855845,-0.3630639070692792
0,inference_categories,standard,4,0.52,-0.6931749790236493,-0.09881351043976236,-0.3494067552198812
0,inference_categories,projected,4,0.52,-0.6940215373002064,-0.09881351043976236,-0.3494067552198812
0,inference_categories,partial,4,0.54,-0.6929790374135534,-0.15424547971084854,-0.37712273985542427
0,inference_categories,standard,5,0.51,-0.6931396142532721,-0.06667903550000225,-0.23333951775000114
0,inference_categories,projected,5,0.57,-0.6933798538500965,-0.06667903550000225,-0.23333951775000114
0,inference_categories,partial,5,0.54,-0.6924224546074899,-0.09479670107229235,-0.24739835053614617
0,inference_categories,standard,6,0.57,-0.6931095802344022,-0.0843529967168703,-0.3421764983584351
0,inference_categories,projected,6,0.59,-0.6931878911442171,-0.0843529967168703,-0.3421764983584351
0,inference_categories,partial,6,0.63,-0.6921839773881834,-0.0843529967168703,-0.24217649835843516
0,inference_categories,standard,7,0.53,-0.69311599268176,-0.15745892720482457,-0.2787294636024123
0,inference_categories,projected,7,0.54,-0.6933235172860378,-0.15745892720482457,-0.2787294636024123
0,inference_categories,partial,7,0.55,-0.6927240176429593,-0.29483380757229904,-0.4474169037861495
0,inference_categories,standard,8,0.54,-0.6931009821179097,-0.11648747165663041,-0.2582437358283152
0,inference_categories,projected,8,0.54,-0.6930471463462722,-0.11648747165663041,-0.2582437358283152
0,inference_categories,partial,8,0.52,-0.692743180273477,-0.08756644421084632,-0.24378322210542316
0,inference_categories,standard,9,0.53,-0.6931051957264824,-0.08836980608434032,-0.34418490304217014
0,inference_categories,projected,9,0.56,-0.6929903522473535,-0.0851563585903643,-0.34257817929518214
0,inference_categories,partial,9,0.57,-0.6925410716459268,-0.06587567362650824,-0.1329378368132541
0,inference_categories,standard,10,0.58,-0.6930835202473737,-0.18155978340964463,-0.3907798917048223
0,inference_categories,projected,10,0.56,-0.6924762613820318,-0.19200348776506668,-0.39600174388253334
0,inference_categories,partial,10,0.61,-0.6919106883733797,-0.038561369927712134,-0.21928068496385608
0,inference_categories,standard,11,0.58,-0.6930296829712183,-0.15424547971084854,-0.37712273985542427
0,inference_categories,projected,11,0.53,-0.691830777852669,-0.15424547971084854,-0.37712273985542427
0,inference_categories,partial,11,0.62,-0.6914004871336222,-0.038561369927712134,-0.21928068496385608
0,inference_categories,standard,12,0.59,-0.6930219655265568,-0.0819429110963883,-0.34097145554819414
0,inference_categories,projected,12,0.59,-0.6913470486382494,-0.09720678669277436,-0.3486033933463872
0,inference_categories,partial,12,0.62,-0.6911232901540825,0.059448778638556216,-0.1702756106807219
0,inference_categories,standard,13,0.56,-0.6930343708844763,-0.1887900402710907,-0.39439502013554534
0,inference_categories,projected,13,0.59,-0.6916717869813016,-0.1887900402710907,-0.39439502013554534
0,inference_categories,partial,13,0.59,-0.6915918854834843,-0.06185886425903822,-0.2309294321295191
0,inference_categories,standard,14,0.55,-0.6930450764961159,-0.1389816041144625,-0.3694908020572312
0,inference_categories,projected,14,0.56,-0.691713602804851,-0.13416143287349847,-0.3670807164367492
0,inference_categories,partial,14,0.59,-0.6923639396347567,-0.14380177535542651,-0.27190088767771325
0,inference_categories,standard,15,0.54,-0.6929892990674957,-0.034544560560242125,-0.21727228028012108
0,inference_categories,projected,15,0.55,-0.6913283528885816,-0.06025214051205022,-0.2301260702560251
0,inference_categories,partial,15,0.57,-0.6926184812918376,-0.09961687231325636,-0.24980843615662818
0,inference_categories,standard,16,0.57,-0.6929534706302676,-0.04498826491566416,-0.2224941324578321
0,inference_categories,projected,16,0.58,-0.6908622129342123,-0.07069584486747225,-0.23534792243373615
0,inference_categories,partial,16,0.6,-0.6921562971696003,-0.07551601610843627,-0.23775800805421815
0,inference_categories,standard,17,0.57,-0.6929323740548462,-0.050611798030122175,-0.2253058990150611
0,inference_categories,projected,17,0.58,-0.6907054149041795,-0.0867630823373523,-0.24338154116867616
0,inference_categories,partial,17,0.58,-0.6916689561071118,-0.08997652983132833,-0.24498826491566417
0,inference_categories,standard,18,0.6,-0.6928611499912606,-0.05462860739759219,-0.2273143036987961
0,inference_categories,projected,18,0.6,-0.689983141088227,-0.06507231175301423,-0.2325361558765071
0,inference_categories,partial,18,0.61,-0.6910441108509962,-0.10202695793373838,-0.15101347896686917
0,inference_categories,standard,19,0.64,-0.6928272677663397,-0.06507231175301423,-0.2325361558765071
0,inference_categories,projected,19,0.61,-0.6894082240486568,-0.07230256861446026,-0.23615128430723015
0,inference_categories,partial,19,0.6,-0.6906309384849568,-0.02570757995180809,-0.11285378997590402
0,inference_categories,standard,20,0.61,-0.6928453718296451,-0.03936473180120614,-0.21968236590060308
0,inference_categories,projected,20,0.62,-0.6897468004146764,-0.0562353311445802,-0.2281176655722901
0,inference_categories,partial,20,0.6,-0.6905931743810987,-0.05462860739759219,-0.12731430369879607
1,choice_only,standard,1,0.62,-0.6931104768229188,-0.044143780266682475,-0.32207189013334125
1,choice_only,projected,1,0.55,-0.69272397142844,-0.044143780266682475,-0.32207189013334125
1,choice_only,partial,1,0.55,-0.69272397142844,-0.044143780266682475,-0.32207189013334125
1,choice_only,standard,2,0.58,-0.6930337979781495,-0.10720632350480029,-0.4536031617524002
1,choice_only,projected,2,0.56,-0.6914187762882986,-0.10720632350480029,-0.4536031617524002
1,choice_only,partial,2,0.56,-0.6914187762882986,-0.10720632350480029,-0.4536031617524002
1,choice_only,standard,3,0.55,-0.6930876916487566,0.034684398780964805,-0.1826578006095176
1,choice_only,projected,3,0.56,-0.6923666537395158,0.034684398780964805,-0.1826578006095176
1,choice_only,partial,3,0.56,-0.6923666537395158,0.034684398780964805,-0.1826578006095176
1,choice_only,standard,4,0.48,-0.6931545584444498,0.14977354019052982,-0.1251132299047351
1,choice_only,projected,4,0.46,-0.6934732437567875,0.14977354019052982,-0.1251132299047351
1,choice_only,partial,4,0.46,-0.6934732437567875,0.14977354019052982,-0.1251132299047351
1,choice_only,standard,5,0.47,-0.6931570424591631,0.14977354019052982,-0.1251132299047351
1,choice_only,projected,5,0.45,-0.6934213085757509,0.14977354019052982,-0.1251132299047351
1,choice_only,partial,5,0.45,-0.6934213085757509,0.14977354019052982,-0.1251132299047351
1,choice_only,standard,6,0.47,-0.6931802951067056,0.27274549950485955,-0.06362725024757024
1,choice_only,projected,6,0.48,-0.6939354189119252,0.27274549950485955,-0.06362725024757024
1,choice_only,partial,6,0.48,-0.6939354189119252,0.27274549950485955,-0.06362725024757024
1,choice_only,standard,7,0.45,-0.6932129717860727,0.23806110072389475,-0.28096944963805265
1,choice_only,projected,7,0.46,-0.6944418812399085,0.23806110072389475,-0.28096944963805265
1,choice_only,partial,7,0.46,-0.6944418812399085,0.23806110072389475,-0.28096944963805265
1,choice_only,standard,8,0.5,-0.6931750784482585,0.20968295626674174,-0.19515852186662913
1,choice_only,projected,8,0.48,-0.6939574213450014,0.17342199390482396,-0.21328900304758802
1,choice_only,partial,8,0.48,-0.6939574213450014,0.17342199390482396,-0.21328900304758802
1,choice_only,standard,9,0.47,-0.6932448947686168,0.26328611801914187,-0.06835694099042908
1,choice_only,projected,9,0.46,-0.6951511860229104,0.26328611801914187,-0.06835694099042908
1,choice_only,partial,9,0.46,-0.6951511860229104,0.26328611801914187,-0.06835694099042908
1,choice_only,standard,10,0.46,-0.6932011474689862,0.24594391862865944,-0.17702804068567027
1,choice_only,projected,10,0.47,-0.6944741230534305,0.23017828281913005,-0.18491085859043496
1,choice_only,partial,10,0.47,-0.6944741230534305,0.23017828281913005,-0.18491085859043496
1,choice_only,standard,11,0.46,-0.6931756464565051,0.3358080427429774,-0.032095978628511324
1,choice_only,projected,11,0.46,-0.6940305277282216,0.3358080427429774,-0.032095978628511324
1,choice_only,partial,11,0.46,-0.6940305277282216,0.3358080427429774,-0.032095978628511324
1,choice_only,standard,12,0.45,-0.6931614455108928,0.2806283174096243,-0.059685841295187864
1,choice_only,projected,12,0.47,-0.6933716276723395,0.2648626816000948,-0.06756865919995261
1,choice_only,partial,12,0.47,-0.6933716276723395,0.2648626816000948,-0.06756865919995261
1,choice_only,standard,13,0.46,-0.6931317295969425,0.21283608342864763,-0.19358195828567618
1,choice_only,projected,13,0.49,-0.693043253876328,0.21283608342864763,-0.19358195828567618
1,choice_only,partial,13,0.49,-0.693043253876328,0.21283608342864763,-0.19358195828567618
1,choice_only,standard,14,0.47,-0.6931625383579885,0.2806283174096243,-0.059685841295187864
1,choice_only,projected,14,0.49,-0.6933483949140633,0.2806283174096243,-0.059685841295187864
1,choice_only,partial,14,0.49,-0.6933483949140633,0.2806283174096243,-0.059685841295187864
1,choice_only,standard,15,0.49,-0.6931284691939221,0.17499855748577695,-0.11250072125711154
1,choice_only,projected,15,0.51,-0.6928054418832746,0.1702688667429181,-0.11486556662854096
1,choice_only,partial,15,0.51,-0.6928054418832746,0.1702688667429181,-0.11486556662854096
1,choice_only,standard,16,0.48,-0.6931108538738904,0.1245485228952827,-0.13772573855235865
1,choice_only,projected,16,0.52,-0.6926210541711133,0.13400790438100038,-0.1329960478094998
1,choice_only,partial,16,0.52,-0.6926210541711133,0.13400790438100038,-0.1329960478094998
1,choice_only,standard,17,0.46,-0.6931944028397592,0.22860171923817707,-0.08569914038091148
1,choice_only,projected,17,0.47,-0.6938151890908952,0.20652982910483586,-0.09673508544758208
1,choice_only,partial,17,0.47,-0.6938151890908952,0.20652982910483586,-0.09673508544758208
1,choice_only,standard,18,0.47,-0.6931650909682857,0.24752048220961245,0.02376024110480625
1,choice_only,projected,18,0.48,-0.6933932797981143,0.22860171923817707,0.014300859619088557
1,choice_only,partial,18,0.48,-0.6933932797981143,0.22860171923817707,0.014300859619088557
1,choice_only,standard,19,0.46,-0.6932152341082439,0.28693457173343606,-0.05653271413328198
1,choice_only,projected,19,0.47,-0.6940923617942509,0.2790517538286713,0.03952587691433568
1,choice_only,partial,19,0.47,-0.6940923617942509,0.2790517538286713,0.03952587691433568
1,choice_only,standard,20,0.46,-0.6931835801616443,0.30427677112391843,0.05213838556195924
1,choice_only,projected,20,0.47,-0.693621873884007,0.29481738963820076,0.0474086948191004
1,choice_only,partial,20,0.47,-0.693621873884007,0.29481738963820076,0.0474086948191004
1,inference_affirm,standard,1,0.38,-0.6931839299822348,0.044143780266682475,-0.17792810986665877
1,inference_affirm,projected,1,0.45,-0.6935776483975505,0.044143780266682475,-0.17792810986665877
1,inference_affirm,partial,1,0.45,-0.6935022516664313,0.01421045742869744,-0.1928947712856513
1,inference_affirm,standard,2,0.6,-0.6931070585657598,-0.018918762971435344,-0.30945938148571767
1,inference_affirm,projected,2,0.62,-0.6922263793461962,-0.018918762971435344,-0.30945938148571767
1,inference_affirm,partial,2,0.55,-0.6930656847619158,0.05202659817144719,-0.37398670091427644
1,inference_affirm,standard,3,0.59,-0.6930533535133931,-0.20968295626674174,-0.40484147813337085
1,inference_affirm,projected,3,0.61,-0.691307390416362,-0.20968295626674174,-0.40484147813337085
1,inference_affirm,partial,3,0.5,-0.693640001913171,0.09144068769527083,-0.1542796561523646
1,inference_affirm,standard,4,0.51,-0.6931199313992354,0.026801580876200073,-0.28659920956189994
1,inference_affirm,projected,4,0.57,-0.6923668840286061,0.026801580876200073,-0.28659920956189994
1,inference_affirm,partial,4,0.45,-0.6941210874857714,0.16711573958101222,-0.21644213020949388
1,inference_affirm,standard,5,0.49,-0.6931223901128092,0.048873471009541314,-0.27556326449522933
1,inference_affirm,projected,5,0.57,-0.6922991899315087,0.09301725127622379,-0.25349137436188807
1,inference_affirm,partial,5,0.44,-0.6943771805523145,0.16711573958101222,-0.21644213020949388
1,inference_affirm,standard,6,0.59,-0.6930994837357436,-0.03941408952382364,-0.3197070447619118
1,inference_affirm,projected,6,0.55,-0.6918679763884016,-0.02049532655238829,-0.31024766327619413
1,inference_affirm,partial,6,0.44,-0.6940009179214193,0.015765635809529454,-0.1921171820952353
1,inference_affirm,standard,7,0.57,-0.69306745537977,-0.15135010377148275,-0.37567505188574135
1,inference_affirm,projected,7,0.57,-0.6915117065139432,-0.14346728586671803,-0.371733642933359
1,inference_affirm,partial,7,0.45,-0.6936899230879879,-0.034684398780964805,-0.2173421993904824
1,inference_affirm,standard,8,0.55,-0.6931050314019859,-0.16238604883815339,-0.38119302441907665
1,inference_affirm,projected,8,0.57,-0.6919120639482595,-0.16238604883815339,-0.38119302441907665
1,inference_affirm,partial,8,0.45,-0.694098209793647,0.029954708038105966,-0.285022645980947
1,inference_affirm,standard,9,0.58,-0.6930365255369856,-0.28693457173343606,-0.443467285866718
1,inference_affirm,projected,9,0.56,-0.6909661949461211,-0.2711689359239066,-0.43558446796195327
1,inference_affirm,partial,9,0.49,-0.6934085674307353,-0.05675628891430603,-0.12837814445715298
1,inference_affirm,standard,10,0.58,-0.6929935121342026,-0.2758986266667654,-0.5379493133333827
1,inference_affirm,projected,10,0.59,-0.6904451185970839,-0.2664392451810477,-0.5332196225905239
1,inference_affirm,partial,10,0.54,-0.6928601665860218,0.011035945066670619,-0.09448202746666468
1,inference_affirm,standard,11,0.59,-0.6930187671206056,-0.27274549950485955,-0.4363727497524298
1,inference_affirm,projected,11,0.57,-0.6908354750502262,-0.27274549950485955,-0.4363727497524298
1,inference_affirm,partial,11,0.5,-0.6935335569611454,0.003153127161905891,0.0015765635809529455
1,inference_affirm,standard,12,0.57,-0.6930326240465493,-0.28378144457153015,-0.5418907222857651
1,inference_affirm,projected,12,0.56,-0.6914105825717423,-0.28378144457153015,-0.5418907222857651
1,inference_affirm,partial,12,0.46,-0.6942318694484705,-0.034684398780964805,-0.2173421993904824
1,inference_affirm,standard,13,0.58,-0.6930026666662523,-0.19234075687625934,-0.39617037843812963
1,inference_affirm,projected,13,0.54,-0.6910627849632666,-0.17972824822863578,-0.38986412411431787
1,inference_affirm,partial,13,0.46,-0.6943535669542429,-0.034684398780964805,-0.11734219939048238
1,inference_affirm,standard,14,0.6,-0.6929723931122411,-0.25067360937151834,-0.4253368046857592
1,inference_affirm,projected,14,0.53,-0.6908409505336369,-0.23017828281913005,-0.415089141409565
1,inference_affirm,partial,14,0.48,-0.6941910146809097,-0.05675628891430603,-0.12837814445715298
1,inference_affirm,standard,15,0.59,-0.6930067432634774,-0.29481738963820076,-0.5474086948191004
1,inference_affirm,projected,15,0.56,-0.6913836431279637,-0.25067360937151834,-0.5253368046857592
1,inference_affirm,partial,15,0.47,-0.6945153059382863,-0.06936879756192961,-0.13468439878096478
1,inference_affirm,standard,16,0.61,-0.6929889381248716,-0.17815168464768283,-0.3890758423238414
1,inference_affirm,projected,16,0.55,-0.6911767898533442,-0.15765635809529455,-0.37882817904764726
1,inference_affirm,partial,16,0.42,-0.6944039325970864,-0.08513443337145905,-0.1425672166857295
1,inference_affirm,standard,17,0.59,-0.6930714918087407,-0.07725161546669433,-0.23862580773334718
1,inference_affirm,projected,17,0.54,-0.6921930219693586,-0.07725161546669433,-0.23862580773334718
1,inference_affirm,partial,17,0.45,-0.6949593930200016,-0.050450034590494255,-0.3252250172952471
1,inference_affirm,standard,18,0.52,-0.6930999629055861,-0.004729690742858836,-0.3023648453714294
1,inference_affirm,projected,18,0.5,-0.6924725611089352,-0.014189072228576507,-0.3070945361142882
1,inference_affirm,partial,18,0.46,-0.6958676340224403,-0.003153127161905891,-0.3015765635809529
1,inference_affirm,standard,19,0.51,-0.693149470607715,0.03941408952382364,-0.1802929552380882
1,inference_affirm,projected,19,0.49,-0.6930599169195005,0.047296907428588365,-0.2763515462857058
1,inference_affirm,partial,19,0.43,-0.6955142799840373,0.08828756053336495,-0.15585621973331754
1,inference_affirm,standard,20,0.56,-0.6931185640510549,-0.02049532655238829,-0.31024766327619413
1,inference_affirm,projected,20,0.51,-0.6927074539191241,0.006306254323811782,-0.2968468728380941
1,inference_affirm,partial,20,0.43,-0.6952018010292265,0.044143780266682475,-0.2779281098666587
1,inference_categories,standard,1,0.38,-0.6931839299822348,0.044143780266682475,-0.17792810986665877
1,inference_categories,projected,1,0.45,-0.6935776483975505,0.044143780266682475,-0.17792810986665877
1,inference_categories,partial,1,0.45,-0.6935613959896387,0.11355527580936929,-0.14322236209531536
1,inference_categories,standard,2,0.6,-0.6931070585657598,-0.018918762971435344,-0.30945938148571767
1,inference_categories,projected,2,0.62,-0.6922263793461962,-0.018918762971435344,-0.30945938148571767
1,inference_categories,partial,2,0.55,-0.6929436006026926,0.05202659817144719,-0.2739867009142764
1,inference_categories,standard,3,0.59,-0.6930533535133931,-0.20968295626674174,-0.40484147813337085
1,inference_categories,projected,3,0.61,-0.691307390416362,-0.20968295626674174,-0.40484147813337085
1,inference_categories,partial,3,0.53,-0.693336822930795,0.14346728586671803,-0.028266357066640962
1,inference_categories,standard,4,0.51,-0.6931199313992354,0.026801580876200073,-0.28659920956189994
1,inference_categories,projected,4,0.57,-0.6923668840286061,0.026801580876200073,-0.28659920956189994
1,inference_categories,partial,4,0.51,-0.6930739221291009,-0.050450034590494255,-0.42522501729524714
1,inference_categories,standard,5,0.49,-0.6931223901128092,0.048873471009541314,-0.27556326449522933
1,inference_categories,projected,5,0.57,-0.6922991899315087,0.09301725127622379,-0.25349137436188807
1,inference_categories,partial,5,0.46,-0.6930412536125807,-0.07094536114288254,-0.4354726805714413
1,inference_categories,standard,6,0.53,-0.693145444237785,0.09617037843812967,-0.25191481078093514
1,inference_categories,projected,6,0.48,-0.6927696646014486,0.09617037843812967,-0.25191481078093514
1,inference_categories,partial,6,0.48,-0.6940395700600468,0.07252192472383549,-0.26373903763808226
1,inference_categories,standard,7,0.5,-0.6931131103742243,0.07882817904764727,-0.3605859104761764
1,inference_categories,projected,7,0.54,-0.6923340346954889,0.07882817904764727,-0.3605859104761764
1,inference_categories,partial,7,0.53,-0.6926156086641929,0.004729690742858836,-0.2976351546285706
1,inference_categories,standard,8,0.54,-0.6930755377425676,0.029954708038105966,-0.285022645980947
1,inference_categories,projected,8,0.52,-0.6919151287957483,0.03941408952382364,-0.28029295523808817
1,inference_categories,partial,8,0.59,-0.6919771383524688,0.007882817904764727,-0.2960585910476176
1,inference_categories,standard,9,0.56,-0.6930067099708532,-0.1529266673524357,-0.37646333367621787
1,inference_categories,projected,9,0.62,-0.6909125631145683,-0.14346728586671803,-0.371733642933359
1,inference_categories,partial,9,0.54,-0.6923667756977919,0.12297195931432972,-0.13851402034283516
1,inference_categories,standard,10,0.57,-0.6929636358162224,-0.18918762971435346,-0.29459381485717673
1,inference_categories,projected,10,0.63,-0.6903727947982133,-0.19864701120007114,-0.39932350560003554
1,inference_categories,partial,10,0.49,-0.6925506362919758,0.12612508647623563,-0.13693745676188218
1,inference_categories,standard,11,0.57,-0.6929384058751237,-0.16869230316196515,-0.2843461515809826
1,inference_categories,projected,11,0.62,-0.6899839920235769,-0.16869230316196515,-0.2843461515809826
1,inference_categories,partial,11,0.53,-0.6921481092144147,0.14977354019052982,-0.025113229904735065
1,inference_categories,standard,12,0.57,-0.6929245593143321,-0.1560797945143416,-0.1780398972571708
1,inference_categories,projected,12,0.6,-0.6894237332979746,-0.1466204130286239,-0.17331020651431195
1,inference_categories,partial,12,0.57,-0.6916155849610413,0.1876110661334005,0.09380553306670025
1,inference_categories,standard,13,0.55,-0.6929545379246737,-0.14504384944767099,-0.2725219247238355
1,inference_categories,projected,13,0.58,-0.6897750567483931,-0.14504384944767099,-0.2725219247238355
1,inference_categories,partial,13,0.57,-0.6914363884404355,0.20652982910483586,0.10326491455241793
1,inference_categories,standard,14,0.6,-0.6929242879926194,-0.17184543032387103,-0.2859227151619355
1,inference_categories,projected,14,0.58,-0.6895566886432603,-0.16238604883815339,-0.2811930244190767
1,inference_categories,partial,14,0.56,-0.6915072546151615,0.19549388403816526,0.09774694201908263
1,inference_categories,standard,15,0.6,-0.6928899899152908,-0.20495326552388293,-0.3024766327619415
1,inference_categories,projected,15,0.59,-0.6890250999499772,-0.18445793897149462,-0.29222896948574734
1,inference_categories,partial,15,0.56,-0.6910794500181067,0.21283608342864763,0.10641804171432381
1,inference_categories,standard,16,0.59,-0.6929077811182041,-0.20180013836197702,-0.4009000691809885
1,inference_categories,projected,16,0.59,-0.6892346767120944,-0.17499855748577695,-0.2874992787428885
1,inference_categories,partial,16,0.6,-0.6913569487948752,0.22702515565722411,0.11351257782861206
1,inference_categories,standard,17,0.59,-0.692825841001002,-0.25697986369533005,-0.32848993184766506
1,inference_categories,projected,17,0.61,-0.6883274103287458,-0.25697986369533005,-0.32848993184766506
1,inference_categories,partial,17,0.6,-0.6901365946790864,0.2554033001143771,0.02770165005718858
1,inference_categories,standard,18,0.58,-0.6927979162311355,-0.25697986369533005,-0.32848993184766506
1,inference_categories,projected,18,0.59,-0.6881347768138347,-0.26801580876200076,-0.33400790438100036
1,inference_categories,partial,18,0.6,-0.6895150477137422,0.23490797356198886,0.017453986780994454
1,inference_categories,standard,19,0.57,-0.6928469218804217,-0.2790517538286713,-0.33952587691433567
1,inference_categories,projected,19,0.57,-0.6886236007392607,-0.2695923723429537,-0.3347961861714769
1,inference_categories,partial,19,0.64,-0.6891872469010645,0.2554033001143771,0.12770165005718856
1,inference_categories,standard,20,0.55,-0.6928165725440348,-0.25067360937151834,-0.3253368046857592
1,inference_categories,projected,20,0.57,-0.6883655960300794,-0.2427907914667536,-0.32139539573337683
1,inference_categories,partial,20,0.59,-0.6897056219587989,0.2695923723429537,0.03479618617147687
2,choice_only,standard,1,0.55,-0.6931239863859837,0.29052007482375136,-0.25473996258812437
2,choice_only,projected,1,0.67,-0.6925253914224446,0.29052007482375136,-0.25473996258812437
2,choice_only,partial,1,0.67,-0.6925253914224446,0.29052007482375136,-0.25473996258812437
2,choice_only,standard,2,0.47,-0.6931211690760065,0.17786943356556204,-0.311065283217219
2,choice_only,projected,2,0.66,-0.6914869478783876,0.17786943356556204,-0.311065283217219
2,choice_only,partial,2,0.66,-0.6914869478783876,0.17786943356556204,-0.311065283217219
2,choice_only,standard,3,0.47,-0.6931809285916597,0.32807028857648113,-0.03596485571175945
2,choice_only,projected,3,0.57,-0.6919940154582962,0.32807028857648113,-0.03596485571175945
2,choice_only,partial,3,0.57,-0.6919940154582962,0.32807028857648113,-0.03596485571175945
2,choice_only,standard,4,0.47,-0.6931727414352049,0.3241176344972464,-0.1379411827513768
2,choice_only,projected,4,0.53,-0.6921179186738403,0.3241176344972464,-0.1379411827513768
2,choice_only,partial,4,0.53,-0.6921179186738403,0.3241176344972464,-0.1379411827513768
2,choice_only,standard,5,0.42,-0.6932686580159939,0.32016498041801167,-0.13991750979099415
2,choice_only,projected,5,0.54,-0.693092742972365,0.32016498041801167,-0.13991750979099415
2,choice_only,partial,5,0.54,-0.693092742972365,0.32016498041801167,-0.13991750979099415
2,choice_only,standard,6,0.48,-0.6931253407423007,0.38538377272538443,-0.007308113637307795
2,choice_only,projected,6,0.7,-0.6909105606961303,0.38538377272538443,-0.007308113637307795
2,choice_only,partial,6,0.7,-0.6909105606961303,0.38538377272538443,-0.007308113637307795
2,choice_only,standard,7,0.74,-0.6928208973023618,0.377478464566915,-0.011260767716542525
2,choice_only,projected,7,0.81,-0.6863083853908338,0.377478464566915,-0.011260767716542525
2,choice_only,partial,7,0.81,-0.6863083853908338,0.377478464566915,-0.011260767716542525
2,choice_only,standard,8,0.74,-0.692794850229662,0.35969152121035874,-0.02015423939482064
2,choice_only,projected,8,0.81,-0.6856522660882252,0.35969152121035874,-0.02015423939482064
2,choice_only,partial,8,0.81,-0.6856522660882252,0.35969152121035874,-0.02015423939482064
2,choice_only,standard,9,0.76,-0.6926197986091229,0.1897273958032662,-0.30513630209836695
2,choice_only,projected,9,0.83,-0.683523361974694,0.1897273958032662,-0.30513630209836695
2,choice_only,partial,9,0.83,-0.683523361974694,0.1897273958032662,-0.30513630209836695
2,choice_only,standard,10,0.77,-0.692406519068982,0.18775106876364883,-0.30612446561817563
2,choice_only,projected,10,0.83,-0.6802727525913548,0.18775106876364883,-0.30612446561817563
2,choice_only,partial,10,0.83,-0.6802727525913548,0.18775106876364883,-0.30612446561817563
2,choice_only,standard,11,0.76,-0.6923915475158688,0.08300573566392895,-0.2584971321680355
2,choice_only,projected,11,0.82,-0.6804744959387261,0.08300573566392895,-0.2584971321680355
2,choice_only,partial,11,0.82,-0.6804744959387261,0.08300573566392895,-0.2584971321680355
2,choice_only,standard,12,0.79,-0.6921914067486719,0.07905308158469425,-0.26047345920765286
2,choice_only,projected,12,0.81,-0.6776854360830284,0.0948636979016331,-0.25256815104918345
2,choice_only,partial,12,0.81,-0.6776854360830284,0.0948636979016331,-0.25256815104918345
2,choice_only,standard,13,0.76,-0.6920922251544269,0.08695838974316368,-0.25652080512841813
2,choice_only,projected,13,0.8,-0.6764478150239995,0.08695838974316368,-0.25652080512841813
2,choice_only,partial,13,0.8,-0.6764478150239995,0.08695838974316368,-0.25652080512841813
2,choice_only,standard,14,0.75,-0.6919275873238901,0.14229554685244963,-0.22885222657377519
2,choice_only,projected,14,0.78,-0.6742328676552998,0.14229554685244963,-0.22885222657377519
2,choice_only,partial,14,0.78,-0.6742328676552998,0.14229554685244963,-0.22885222657377519
2,choice_only,standard,15,0.72,-0.691844706869742,0.1837984146844141,-0.20810079265779294
2,choice_only,projected,15,0.75,-0.6730887647472783,0.1837984146844141,-0.20810079265779294
2,choice_only,partial,15,0.75,-0.6730887647472783,0.1837984146844141,-0.20810079265779294
2,choice_only,standard,16,0.7,-0.6915771164025196,0.18182208764479676,-0.2090889561776016
2,choice_only,projected,16,0.75,-0.670090238031042,0.18182208764479676,-0.2090889561776016
2,choice_only,partial,16,0.75,-0.670090238031042,0.18182208764479676,-0.2090889561776016
2,choice_only,standard,17,0.7,-0.691445797142711,0.21344332027867446,-0.19327833986066276
2,choice_only,projected,17,0.75,-0.6680818691600574,0.21344332027867446,-0.19327833986066276
2,choice_only,partial,17,0.75,-0.6680818691600574,0.21344332027867446,-0.19327833986066276
2,choice_only,standard,18,0.71,-0.6916197996669848,0.17786943356556204,-0.21106528321721896
2,choice_only,projected,18,0.75,-0.6704515668266704,0.19565637692211824,-0.20217181153894087
2,choice_only,partial,18,0.75,-0.6704515668266704,0.19565637692211824,-0.20217181153894087
2,choice_only,standard,19,0.73,-0.6915770584882698,0.12253227645627607,-0.23873386177186195
2,choice_only,projected,19,0.77,-0.6699881889461133,0.12450860349589343,-0.23774569825205327
2,choice_only,partial,19,0.77,-0.6699881889461133,0.12450860349589343,-0.23774569825205327
2,choice_only,standard,20,0.7,-0.6915014743331162,0.14229554685244963,-0.22885222657377519
2,choice_only,projected,20,0.75,-0.6695700500685997,0.14229554685244963,-0.22885222657377519
2,choice_only,partial,20,0.75,-0.6695700500685997,0.14229554685244963,-0.22885222657377519
2,inference_affirm,standard,1,0.45,-0.6931704146717714,-0.29052007482375136,-0.6452600374118757
2,inference_affirm,projected,1,0.33,-0.6937720573742974,-0.29052007482375136,-0.6452600374118757
2,inference_affirm,partial,1,0.42,-0.6934477197983029,0.023724845267326326,-0.38813757736633686
2,inference_affirm,standard,2,0.53,-0.6931733970200811,-0.17786943356556204,-0.48893471678278105
2,inference_affirm,projected,2,0.34,-0.6948313857588095,-0.17786943356556204,-0.48893471678278105
2,inference_affirm,partial,2,0.3,-0.6950709887393053,-0.10672166013933723,-0.45336083006966865
2,inference_affirm,standard,3,0.43,-0.6932330903643016,-0.18182208764479676,-0.4909110438223984
2,inference_affirm,projected,3,0.33,-0.6953420944751032,-0.18182208764479676,-0.4909110438223984
2,inference_affirm,partial,3,0.33,-0.6946189882478603,0.01581061631693885,-0.3920946918415306
2,inference_affirm,standard,4,0.44,-0.6932248283190786,-0.18577474172403147,-0.49288737086201573
2,inference_affirm,projected,4,0.35,-0.6954605569025722,-0.20751433915982237,-0.5037571695799112
2,inference_affirm,partial,4,0.36,-0.6945956731708312,0.023715924475408275,-0.28814203776229586
2,inference_affirm,standard,5,0.45,-0.6933205941934625,0.023715924475408275,-0.3881420377622959
2,inference_affirm,projected,5,0.37,-0.6964426191788422,0.023715924475408275,-0.3881420377622959
2,inference_affirm,partial,5,0.44,-0.6943167858336029,0.24901720699178687,-0.17549139650410656
2,inference_affirm,standard,6,0.45,-0.6934635878195983,-0.02173959743579092,-0.4108697987178955
2,inference_affirm,projected,6,0.32,-0.6986199919623185,-0.02173959743579092,-0.4108697987178955
2,inference_affirm,partial,6,0.56,-0.6926078748302564,0.005928981118852069,-0.29703550944057394
2,inference_affirm,standard,7,0.41,-0.6937681990789061,-0.16008249020900583,-0.48004124510450297
2,inference_affirm,projected,7,0.31,-0.7032974158186339,-0.16008249020900583,-0.48004124510450297
2,inference_affirm,partial,7,0.47,-0.6937426289873369,-0.10474533309971985,-0.45237266654985997
2,inference_affirm,standard,8,0.41,-0.6937942724954494,-0.1758931065259447,-0.48794655326297237
2,inference_affirm,projected,8,0.29,-0.7039763841335036,-0.1758931065259447,-0.48794655326297237
2,inference_affirm,partial,8,0.45,-0.6941451379598415,-0.1343902386939802,-0.4671951193469901
2,inference_affirm,standard,9,0.34,-0.6939698784636531,-0.1699641254070926,-0.5849820627035462
2,inference_affirm,projected,9,0.27,-0.7062055034083301,-0.1699641254070926,-0.4849820627035463
2,inference_affirm,partial,9,0.28,-0.6968012063372399,-0.04743184895081655,-0.4237159244754083
2,inference_affirm,standard,10,0.39,-0.6937552577914158,-0.07905308158469425,-0.3395265407923471
2,inference_affirm,projected,10,0.31,-0.7025846346204966,-0.0632424652677554,-0.33162123263387766
2,inference_affirm,partial,10,0.53,-0.6928866175090103,-0.21739597435790914,-0.5086979871789545
2,inference_affirm,standard,11,0.4,-0.6937399263268957,-0.11265064125818931,-0.4563253206290947
2,inference_affirm,projected,11,0.32,-0.7027776161595085,-0.11265064125818931,-0.4563253206290947
2,inference_affirm,partial,11,0.53,-0.6924894462676413,-0.19763270396173557,-0.4988163519808678
2,inference_affirm,standard,12,0.38,-0.6939412186014847,-0.12253227645627607,-0.46126613822813806
2,inference_affirm,projected,12,0.3,-0.7057643365851533,-0.12253227645627607,-0.46126613822813806
2,inference_affirm,partial,12,0.51,-0.6936718295254789,-0.10079267902048517,-0.4503963395102426
2,inference_affirm,standard,13,0.4,-0.6940415343370083,-0.116603295337424,-0.458301647668712
2,inference_affirm,projected,13,0.31,-0.7071547609053974,-0.116603295337424,-0.458301647668712
2,inference_affirm,partial,13,0.52,-0.6933119994445762,-0.06917144638660747,-0.43458572319330374
2,inference_affirm,standard,14,0.38,-0.694207603377155,-0.1521771820505364,-0.47608859102526824
2,inference_affirm,projected,14,0.31,-0.7096318530473547,-0.1521771820505364,-0.47608859102526824
2,inference_affirm,partial,14,0.42,-0.6953085574348961,-0.14229554685244963,-0.4711477734262248
2,inference_affirm,standard,15,0.37,-0.6941231945327039,-0.15415350909015374,-0.5770767545450769
2,inference_affirm,projected,15,0.29,-0.7082671736437063,-0.13834289277321493,-0.5691714463866074
2,inference_affirm,partial,15,0.47,-0.6947897411208614,-0.11067431421857193,-0.455337157109286
2,inference_affirm,standard,16,0.4,-0.693850326641791,-0.10672166013933723,-0.45336083006966865
2,inference_affirm,projected,16,0.3,-0.7045707658304831,-0.08893471678278102,-0.4444673583913905
2,inference_affirm,partial,16,0.42,-0.694944000351056,-0.005928981118852069,-0.30296449055942604
2,inference_affirm,standard,17,0.43,-0.693717917811508,-0.009881635198086781,-0.40494081759904343
2,inference_affirm,projected,17,0.31,-0.7022664925744718,-0.009881635198086781,-0.40494081759904343
2,inference_affirm,partial,17,0.55,-0.6931296918099674,0.09091104382239838,-0.2545444780888008
2,inference_affirm,standard,18,0.4,-0.6935422789152921,0.041502867831964475,-0.27924856608401777
2,inference_affirm,projected,18,0.34,-0.6996746339422539,0.041502867831964475,-0.27924856608401777
2,inference_affirm,partial,18,0.59,-0.6908218506960633,0.1027690060601025,-0.24861549696994872
2,inference_affirm,standard,19,0.43,-0.6934991214467554,-0.0316212326338777,-0.4158106163169389
2,inference_affirm,projected,19,0.34,-0.6991714776882799,-0.0316212326338777,-0.4158106163169389
2,inference_affirm,partial,19,0.6,-0.6910934429629363,0.1482245279713017,-0.22588773601434914
2,inference_affirm,standard,20,0.43,-0.6935762766449528,0.003952654079234712,-0.39802367296038266
2,inference_affirm,projected,20,0.34,-0.6996816148110664,0.003952654079234712,-0.39802367296038266
2,inference_affirm,partial,20,0.58,-0.6909879051734186,0.1699641254070926,-0.2150179372964537
2,inference_categories,standard,1,0.45,-0.6931704146717714,-0.29052007482375136,-0.6452600374118757
2,inference_categories,projected,1,0.33,-0.6937720573742974,-0.29052007482375136,-0.6452600374118757
2,inference_categories,partial,1,0.47,-0.6934383182808351,-0.04545552191119919,-0.4227277609555996
2,inference_categories,standard,2,0.43,-0.6931675038956882,0.07905308158469425,-0.46047345920765287
2,inference_categories,projected,2,0.58,-0.6927163537682098,0.05928981118852069,-0.47035509440573964
2,inference_categories,partial,2,0.66,-0.6903941406238709,0.061266138228138034,-0.369366930885931
2,inference_categories,standard,3,0.51,-0.6932272333107987,0.23518291771446534,-0.28240854114276737
2,inference_categories,projected,3,0.5,-0.6932240840148064,0.23518291771446534,-0.28240854114276737
2,inference_categories,partial,3,0.71,-0.6899355937735985,0.27273313146719513,-0.26363343426640246
2,inference_categories,standard,4,0.47,-0.6932190170336652,0.2529698610710216,-0.2735150694644892
2,inference_categories,projected,4,0.48,-0.6933454715089176,0.2529698610710216,-0.2735150694644892
2,inference_categories,partial,4,0.76,-0.6898808091511094,0.32609396153686376,-0.1369530192315681
2,inference_categories,standard,5,0.46,-0.6933148818106736,0.23518291771446534,-0.18240854114276733
2,inference_categories,projected,5,0.47,-0.6943224871904099,0.23518291771446534,-0.18240854114276733
2,inference_categories,partial,5,0.81,-0.6896981063748361,0.5296556466174515,0.16482782330872575
2,inference_categories,standard,6,0.48,-0.6931716898182698,0.233206590674848,-0.183396704662576
2,inference_categories,projected,6,0.66,-0.6921464627059771,0.233206590674848,-0.183396704662576
2,inference_categories,partial,6,0.74,-0.687806802342321,0.43874460279505306,0.01937230139752652
2,inference_categories,standard,7,0.41,-0.6934761035302001,0.14031921981283227,-0.22984039009358387
2,inference_categories,projected,7,0.39,-0.6968078779738256,0.14031921981283227,-0.22984039009358387
2,inference_categories,partial,7,0.72,-0.6894338610707339,0.21739597435790914,-0.09130201282104544
2,inference_categories,standard,8,0.45,-0.6934500761276783,0.1343902386939802,-0.33280488065300995
2,inference_categories,projected,8,0.42,-0.6961411289218554,0.1343902386939802,-0.33280488065300995
2,inference_categories,partial,8,0.73,-0.6887935694212958,0.15415350909015374,-0.3229232454549231
2,inference_categories,standard,9,0.46,-0.6932743597998936,0.13043758461474547,-0.23478120769262725
2,inference_categories,projected,9,0.47,-0.6939291738027035,0.13043758461474547,-0.23478120769262725
2,inference_categories,partial,9,0.75,-0.6865018312366753,0.15612983612977113,-0.2219350819351144
2,inference_categories,standard,10,0.54,-0.6930603026354056,0.11857962237704138,-0.34071018881147935
2,inference_categories,projected,10,0.7,-0.6905011803782533,0.11857962237704138,-0.34071018881147935
2,inference_categories,partial,10,0.76,-0.6830110256268604,0.25099353403140423,-0.0745032329842979
2,inference_categories,standard,11,0.58,-0.6930451237237913,0.007905308158469425,-0.3960473459207653
2,inference_categories,projected,11,0.74,-0.6906949372907577,0.007905308158469425,-0.3960473459207653
2,inference_categories,partial,11,0.76,-0.6826419579456706,0.23518291771446534,-0.08240854114276734
2,inference_categories,standard,12,0.8,-0.6928438960284903,-0.027668578554642984,-0.4138342892773215
2,inference_categories,projected,12,0.83,-0.6877515993837418,-0.027668578554642984,-0.4138342892773215
2,inference_categories,partial,12,0.75,-0.679753253519997,0.2114669932390571,-0.19426650338047144
2,inference_categories,standard,13,0.72,-0.6929437200328585,-0.011857962237704137,-0.5059289811188521
2,inference_categories,projected,13,0.8,-0.6890772626992198,-0.011857962237704137,-0.5059289811188521
2,inference_categories,partial,13,0.73,-0.6796919344292895,0.27668578554642986,-0.06165710722678508
2,inference_categories,standard,14,0.81,-0.6927780653801848,0.0671951193469901,-0.26640244032650495
2,inference_categories,projected,14,0.82,-0.6867016212596876,0.08695838974316368,-0.25652080512841813
2,inference_categories,partial,14,0.72,-0.6779204166285037,0.2826147666652819,-0.05869261666735906
2,inference_categories,standard,15,0.75,-0.6928616216011869,0.09881635198086779,-0.3505918240095661
2,inference_categories,projected,15,0.83,-0.68793571835114,0.09881635198086779,-0.3505918240095661
2,inference_categories,partial,15,0.73,-0.6784082987716229,0.32807028857648113,-0.03596485571175945
2,inference_categories,standard,16,0.79,-0.6925913139206401,0.09881635198086779,-0.2505918240095661
2,inference_categories,projected,16,0.82,-0.6846028860426477,0.09881635198086779,-0.2505918240095661
2,inference_categories,partial,16,0.76,-0.6780584940260833,0.3399282508141852,-0.030035874592907408
2,inference_categories,standard,17,0.82,-0.6924594527976902,0.1521771820505364,-0.22391140897473177
2,inference_categories,projected,17,0.8,-0.6824617600891025,0.1521771820505364,-0.22391140897473177
2,inference_categories,partial,17,0.75,-0.6765748793262736,0.4229339864781142,0.011466993239057088
2,inference_categories,standard,18,0.83,-0.6926340376205197,0.1521771820505364,-0.22391140897473177
2,inference_categories,projected,18,0.83,-0.6849029053123027,0.16798779836747527,-0.21600610081626237
2,inference_categories,partial,18,0.76,-0.6787776454959945,0.3458572319330373,-0.02707138403348136
2,inference_categories,standard,19,0.78,-0.6925910538929659,0.11857962237704138,-0.2407101888114793
2,inference_categories,projected,19,0.84,-0.6844129076711931,0.11857962237704138,-0.2407101888114793
2,inference_categories,partial,19,0.79,-0.6790498845339499,0.3537625400915067,0.07688127004575337
2,inference_categories,standard,20,0.8,-0.692514304936816,0.10079267902048517,-0.2496036604897574
2,inference_categories,projected,20,0.8,-0.6839316971630738,0.10079267902048517,-0.2496036604897574
2,inference_categories,partial,20,0.78,-0.6782440526069204,0.3616678482499762,-0.0191660758750119
3,choice_only,standard,1,0.41,-0.6931742311517357,0.05593036516162364,-0.27203481741918817
3,choice_only,projected,1,0.37,-0.6935708858887953,0.05593036516162364,-0.27203481741918817
3,choice_only,partial,1,0.37,-0.6935708858887953,0.05593036516162364,-0.27203481741918817
3,choice_only,standard,2,0.5,-0.6931402336184266,0.01631302317214023,-0.1918434884139299
3,choice_only,projected,2,0.5,-0.6930383227319377,0.01631302317214023,-0.1918434884139299
3,choice_only,partial,2,0.5,-0.6930383227319377,0.01631302317214023,-0.1918434884139299
3,choice_only,standard,3,0.61,-0.6930240088831009,0.09011003276039364,0.04505501638019682
3,choice_only,projected,3,0.63,-0.691704846513948,0.09011003276039364,0.04505501638019682
3,choice_only,partial,3,0.63,-0.691704846513948,0.09011003276039364,0.04505501638019682
3,choice_only,standard,4,0.58,-0.6931167610089193,0.09710132840559661,-0.1514493357972017
3,choice_only,projected,4,0.47,-0.6934597170691292,0.09710132840559661,-0.1514493357972017
3,choice_only,partial,4,0.47,-0.6934597170691292,0.09710132840559661,-0.1514493357972017
3,choice_only,standard,5,0.42,-0.6932088378983435,0.04816225888917591,-0.17591887055541205
3,choice_only,projected,5,0.39,-0.6951422394142786,0.04816225888917591,-0.17591887055541205
3,choice_only,partial,5,0.39,-0.6951422394142786,0.04816225888917591,-0.17591887055541205
3,choice_only,standard,6,0.47,-0.693187737450413,0.07302019896100864,-0.1634899005194957
3,choice_only,projected,6,0.38,-0.6950493408242591,0.07302019896100864,-0.1634899005194957
3,choice_only,partial,6,0.38,-0.6950493408242591,0.07302019896100864,-0.1634899005194957
3,choice_only,standard,7,0.51,-0.6931255312197654,0.02641156132632227,-0.28679421933683885
3,choice_only,projected,7,0.46,-0.6940956566333827,0.02641156132632227,-0.28679421933683885
3,choice_only,partial,7,0.46,-0.6940956566333827,0.02641156132632227,-0.28679421933683885
3,choice_only,standard,8,0.52,-0.6932163990009663,0.05670717578886842,-0.1716464121055658
3,choice_only,projected,8,0.43,-0.6951347271988426,0.046608637634686374,-0.17669568118265683
3,choice_only,partial,8,0.43,-0.6951347271988426,0.046608637634686374,-0.17669568118265683
3,choice_only,standard,9,0.45,-0.6932923454023882,0.04117096324397296,-0.17941451837801353
3,choice_only,projected,9,0.4,-0.6960687146957636,0.04117096324397296,-0.17941451837801353
3,choice_only,partial,9,0.4,-0.6960687146957636,0.04117096324397296,-0.17941451837801353
3,choice_only,standard,10,0.56,-0.6930853934998241,0.05670717578886842,-0.07164641210556577
3,choice_only,projected,10,0.47,-0.6932263629600816,0.05670717578886842,-0.07164641210556577
3,choice_only,partial,10,0.47,-0.6932263629600816,0.05670717578886842,-0.07164641210556577
3,choice_only,standard,11,0.6,-0.693040839011875,0.05670717578886842,-0.07164641210556577
3,choice_only,projected,11,0.51,-0.6924478373527404,0.05670717578886842,-0.07164641210556577
3,choice_only,partial,11,0.51,-0.6924478373527404,0.05670717578886842,-0.07164641210556577
3,choice_only,standard,12,0.58,-0.6930439511848787,0.06991295645202955,-0.0650435217739852
3,choice_only,projected,12,0.5,-0.6924405318100594,0.06991295645202955,-0.0650435217739852
3,choice_only,partial,12,0.5,-0.6924405318100594,0.06991295645202955,-0.0650435217739852
3,choice_only,standard,13,0.61,-0.6928707697688438,0.04738544826193114,-0.17630727586903444
3,choice_only,projected,13,0.52,-0.6908423587536673,0.06525209268856091,-0.16737395365571955
3,choice_only,partial,13,0.52,-0.6908423587536673,0.06525209268856091,-0.16737395365571955
3,choice_only,standard,14,0.64,-0.6929076603961285,0.0769042520972325,-0.16154787395138376
3,choice_only,projected,14,0.51,-0.6907448565108099,0.0769042520972325,-0.16154787395138376
3,choice_only,partial,14,0.51,-0.6907448565108099,0.0769042520972325,-0.16154787395138376
3,choice_only,standard,15,0.68,-0.6925358048700477,0.17711282301180822,-0.1114435884940959
3,choice_only,projected,15,0.69,-0.6855134692043882,0.17711282301180822,-0.1114435884940959
3,choice_only,partial,15,0.69,-0.6855134692043882,0.17711282301180822,-0.1114435884940959
3,choice_only,standard,16,0.67,-0.6925259630834754,0.31771554654311207,0.15885777327155604
3,choice_only,projected,16,0.69,-0.6848111658037459,0.3161619252886225,0.15808096264431126
3,choice_only,partial,16,0.69,-0.6848111658037459,0.3161619252886225,0.15808096264431126
3,choice_only,standard,17,0.66,-0.692259902302032,0.33713581222423145,0.16856790611211572
3,choice_only,projected,17,0.7,-0.6816248015527989,0.33713581222423145,0.16856790611211572
3,choice_only,partial,17,0.7,-0.6816248015527989,0.33713581222423145,0.16856790611211572
3,choice_only,standard,18,0.66,-0.6921694900218298,0.31383149340688826,0.15691574670344413
3,choice_only,projected,18,0.71,-0.6805401951692122,0.29518803835301366,0.14759401917650683
3,choice_only,partial,18,0.71,-0.6805401951692122,0.29518803835301366,0.14759401917650683
3,choice_only,standard,19,0.65,-0.6921118890045264,0.23615043068241096,0.0180752153412055
3,choice_only,projected,19,0.69,-0.6800582090174224,0.23615043068241096,0.0180752153412055
3,choice_only,partial,19,0.69,-0.6800582090174224,0.23615043068241096,0.0180752153412055
3,choice_only,standard,20,0.67,-0.6919973630224415,0.24624896883659297,0.12312448441829649
3,choice_only,projected,20,0.71,-0.6784668000013382,0.20896205872884388,0.004481029364421962
3,choice_only,partial,20,0.71,-0.6784668000013382,0.20896205872884388,0.004481029364421962
3,inference_affirm,standard,1,0.41,-0.6931742311517357,0.05593036516162364,-0.27203481741918817
3,inference_affirm,projected,1,0.37,-0.6935708858887953,0.05593036516162364,-0.27203481741918817
3,inference_affirm,partial,1,0.49,-0.693279522862165,0.39282547859318795,0.19641273929659397
3,inference_affirm,standard,2,0.5,-0.6931402336184266,0.01631302317214023,-0.1918434884139299
3,inference_affirm,projected,2,0.5,-0.6930383227319377,0.01631302317214023,-0.1918434884139299
3,inference_affirm,partial,2,0.5,-0.6927301557578056,-0.0054376743907134095,-0.3027188371953567
3,inference_affirm,standard,3,0.61,-0.6930240088831009,0.09011003276039364,0.04505501638019682
3,inference_affirm,projected,3,0.63,-0.691704846513948,0.09011003276039364,0.04505501638019682
3,inference_affirm,partial,3,0.61,-0.6915140230790697,0.03651009948050432,-0.18174495025974785
3,inference_affirm,standard,4,0.58,-0.6931167610089193,0.09710132840559661,-0.1514493357972017
3,inference_affirm,projected,4,0.47,-0.6934597170691292,0.09710132840559661,-0.1514493357972017
3,inference_affirm,partial,4,0.63,-0.6906568014991624,0.08156511586070114,-0.059217442069649406
3,inference_affirm,standard,5,0.42,-0.6932088378983435,0.04816225888917591,-0.17591887055541205
3,inference_affirm,projected,5,0.39,-0.6951422394142786,0.04816225888917591,-0.17591887055541205
3,inference_affirm,partial,5,0.61,-0.6911838998393028,0.06369847143407138,-0.16815076428296433
3,inference_affirm,standard,6,0.47,-0.693187737450413,0.07302019896100864,-0.1634899005194957
3,inference_affirm,projected,6,0.38,-0.6950493408242591,0.07302019896100864,-0.1634899005194957
3,inference_affirm,partial,6,0.6,-0.6908250819055565,0.1312809960043666,-0.1343595019978167
3,inference_affirm,standard,7,0.51,-0.6931255312197654,0.02641156132632227,-0.28679421933683885
3,inference_affirm,projected,7,0.46,-0.6940956566333827,0.02641156132632227,-0.28679421933683885
3,inference_affirm,partial,7,0.66,-0.6897317856835942,0.04971588014366546,-0.17514205992816728
3,inference_affirm,standard,8,0.58,-0.6930348102672198,0.07612744146998775,-0.2619362792650061
3,inference_affirm,projected,8,0.51,-0.6930605877910461,0.07612744146998775,-0.2619362792650061
3,inference_affirm,partial,8,0.65,-0.6890732231869837,-0.003107242508979091,-0.20155362125448956
3,inference_affirm,standard,9,0.54,-0.6931106518616674,0.048939069516420686,-0.27553046524178965
3,inference_affirm,projected,9,0.45,-0.6939741460873335,0.048939069516420686,-0.27553046524178965
3,inference_affirm,partial,9,0.64,-0.6891840988169635,0.06680571394305046,-0.16659714302847478
3,inference_affirm,standard,10,0.63,-0.6929042145208737,0.06447528206131614,-0.16776235896934194
3,inference_affirm,projected,10,0.57,-0.6912040032382727,0.07612744146998775,-0.16193627926500614
3,inference_affirm,partial,10,0.64,-0.6869402731939073,0.014759401917650685,-0.19262029904117467
3,inference_affirm,standard,11,0.6,-0.6929487647231675,0.07535063084274296,-0.2623246845786285
3,inference_affirm,projected,11,0.54,-0.6919819719905231,0.07535063084274296,-0.2623246845786285
3,inference_affirm,partial,11,0.65,-0.6874446766978077,0.04505501638019682,-0.1774724918099016
3,inference_affirm,standard,12,0.61,-0.6929518674803997,0.09554770715110705,-0.15222614642444648
3,inference_affirm,projected,12,0.55,-0.6919666880510326,0.10409262405079955,-0.14795368797460023
3,inference_affirm,partial,12,0.65,-0.6870398988644314,0.07224338833376387,-0.16387830583311808
3,inference_affirm,standard,13,0.65,-0.6927787258391372,0.08855641150590411,-0.05572179424704792
3,inference_affirm,projected,13,0.59,-0.6903595685382505,0.08156511586070114,-0.059217442069649406
3,inference_affirm,partial,13,0.66,-0.6852055810614973,0.03262604634428046,-0.18368697682785978
3,inference_affirm,standard,14,0.64,-0.692815575813857,0.08933322213314888,-0.055333388933425535
3,inference_affirm,projected,14,0.59,-0.6902585101138158,0.07302019896100864,-0.06348990051949566
3,inference_affirm,partial,14,0.67,-0.6859493717305482,-0.013205780663161136,-0.20660289033158058
3,inference_affirm,standard,15,0.67,-0.6924443125922963,0.15536212544895456,-0.0223189372755227
3,inference_affirm,projected,15,0.7,-0.685132872799145,0.15536212544895456,-0.0223189372755227
3,inference_affirm,partial,15,0.65,-0.6825578178125642,-0.012428970035916365,-0.2062144850179582
3,inference_affirm,standard,16,0.67,-0.6924345506786466,0.30994744027066434,0.054973720135332194
3,inference_affirm,projected,16,0.71,-0.6844644890019451,0.30140252337097184,0.05070126168548594
3,inference_affirm,partial,16,0.66,-0.6822722365087954,0.11030710906875774,-0.04484644546562111
3,inference_affirm,standard,17,0.66,-0.692168779159549,0.2998489021164823,0.14992445105824115
3,inference_affirm,projected,17,0.72,-0.6813147527990597,0.2998489021164823,0.14992445105824115
3,inference_affirm,partial,17,0.68,-0.6849265508498702,0.09399408589661752,0.04699704294830876
3,inference_affirm,standard,18,0.68,-0.6922594793140877,0.30606338713444053,0.15303169356722027
3,inference_affirm,projected,18,0.71,-0.6824339125627471,0.30606338713444053,0.15303169356722027
3,inference_affirm,partial,18,0.67,-0.6858230507980098,0.11341435157773684,-0.04329282421113156
3,inference_affirm,standard,19,0.66,-0.6922017994093721,0.2602315601269989,0.13011578006349944
3,inference_affirm,projected,19,0.7,-0.6819403447025713,0.2338199988006766,0.1169099994003383
3,inference_affirm,partial,19,0.66,-0.6857368975478316,0.11729840471396069,0.058649202356980346
3,inference_affirm,standard,20,0.67,-0.6920872911503448,0.25557069636353025,0.12778534818176512
3,inference_affirm,projected,20,0.71,-0.6803462646680868,0.24702577946383777,0.12351288973191889
3,inference_affirm,partial,20,0.68,-0.6838542439937819,0.1522548829399755,0.07612744146998775
3,inference_categories,standard,1,0.41,-0.6931742311517357,0.05593036516162364,-0.27203481741918817
3,inference_categories,projected,1,0.37,-0.6935708858887953,0.05593036516162364,-0.27203481741918817
3,inference_categories,partial,1,0.46,-0.6934234391387278,0.44278205752952055,0.22139102876476027
3,inference_categories,standard,2,0.5,-0.6931402336184266,0.01631302317214023,-0.1918434884139299
3,inference_categories,projected,2,0.5,-0.6930383227319377,0.01631302317214023,-0.1918434884139299
3,inference_categories,partial,2,0.5,-0.6929261152202768,0.2913039852167898,0.1456519926083949
3,inference_categories,standard,3,0.61,-0.6930240088831009,0.09011003276039364,0.04505501638019682
3,inference_categories,projected,3,0.63,-0.691704846513948,0.09011003276039364,0.04505501638019682
3,inference_categories,partial,3,0.63,-0.6917221302693499,0.23148956691894232,0.01574478345947118
3,inference_categories,standard,4,0.6,-0.6929315313098436,-0.02485794007183273,-0.11242897003591634
3,inference_categories,projected,4,0.62,-0.6899766437997437,-0.038063720734993874,-0.11903186036749691
3,inference_categories,partial,4,0.6,-0.6923400640249392,0.013205780663161136,-0.09339710966841941
3,inference_categories,standard,5,0.61,-0.6930234665949818,0.01631302317214023,-0.09184348841392986
3,inference_categories,projected,5,0.68,-0.6916273643403518,0.01631302317214023,-0.09184348841392986
3,inference_categories,partial,5,0.59,-0.6921428668469244,-0.06447528206131614,-0.33223764103065806
3,inference_categories,standard,6,0.59,-0.6930023615956835,-0.007768106272447728,-0.20388405313622388
3,inference_categories,projected,6,0.65,-0.6915205102917186,-0.007768106272447728,-0.20388405313622388
3,inference_categories,partial,6,0.58,-0.6921256760688341,-0.11652159408671592,-0.25826079704335797
3,inference_categories,standard,7,0.63,-0.6929402449160537,-0.0015536212544895456,-0.20077681062724478
3,inference_categories,projected,7,0.7,-0.6905778089554166,-0.0015536212544895456,-0.20077681062724478
3,inference_categories,partial,7,0.64,-0.6910577967698085,-0.11729840471396069,-0.25864920235698036
3,inference_categories,standard,8,0.56,-0.6930309366509466,-0.017089833799385005,-0.2085449168996925
3,inference_categories,projected,8,0.59,-0.6915884008440644,-0.017089833799385005,-0.2085449168996925
3,inference_categories,partial,8,0.55,-0.6923114980723075,-0.1693447167393605,-0.3846723583696802
3,inference_categories,standard,9,0.6,-0.6929551959096737,0.020197076308364093,-0.18990146184581796
3,inference_categories,projected,9,0.7,-0.6906803988038098,0.020197076308364093,-0.18990146184581796
3,inference_categories,partial,9,0.56,-0.6925160732316484,-0.19342584618394845,-0.3967129230919742
3,inference_categories,standard,10,0.67,-0.6927490670714087,0.1514780723127307,-0.12426096384363466
3,inference_categories,projected,10,0.75,-0.6879986407585251,0.15613893607619933,-0.12193053196190035
3,inference_categories,partial,10,0.62,-0.6902379525096234,-0.16623747423038138,-0.2831187371151907
3,inference_categories,standard,11,0.68,-0.6927935485359779,0.05826079704335796,-0.17086960147832103
3,inference_categories,projected,11,0.74,-0.6887627612952525,0.05826079704335796,-0.17086960147832103
3,inference_categories,partial,11,0.6,-0.6907865046956455,-0.16701428485762618,-0.2835071424288131
3,inference_categories,standard,12,0.65,-0.6927904936923656,0.030295614462546135,-0.08485219276872691
3,inference_categories,projected,12,0.74,-0.6887942681468044,0.030295614462546135,-0.08485219276872691
3,inference_categories,partial,12,0.58,-0.6911745394803254,-0.11341435157773684,-0.2567071757888684
3,inference_categories,standard,13,0.68,-0.6926175930042703,0.017866644426629774,-0.19106667778668512
3,inference_categories,projected,13,0.73,-0.6871952163316366,-0.003884053136223864,-0.20194202656811194
3,inference_categories,partial,13,0.62,-0.6888892979402033,-0.10953029844151298,-0.15476514922075646
3,inference_categories,standard,14,0.65,-0.692654404033242,0.07379700958825341,-0.06310149520587327
3,inference_categories,projected,14,0.72,-0.6870891892805879,0.05670717578886842,-0.07164641210556577
3,inference_categories,partial,14,0.58,-0.6894809776575116,-0.12817375349538754,-0.16408687674769373
3,inference_categories,standard,15,0.7,-0.6922843237226947,0.212069301237823,0.006034650618911522
3,inference_categories,projected,15,0.72,-0.6822488055595511,0.2252750819009841,0.012637540950492077
3,inference_categories,partial,15,0.63,-0.687186027744056,-0.2734373407901601,-0.23671867039508002
3,inference_categories,standard,16,0.68,-0.6922940120157561,0.017866644426629774,0.008933322213314887
3,inference_categories,projected,16,0.72,-0.6828847111311204,0.017866644426629774,0.008933322213314887
3,inference_categories,partial,16,0.61,-0.6876320850539612,-0.3736459117047357,-0.28682295585236783
3,inference_categories,standard,17,0.68,-0.6920287007281807,0.0427245844984625,0.02136229224923125
3,inference_categories,projected,17,0.71,-0.6797827169378569,0.0427245844984625,0.02136229224923125
3,inference_categories,partial,17,0.56,-0.6910155698130426,-0.37209229045024617,-0.28604614522512306
3,inference_categories,standard,18,0.68,-0.6921193426051968,0.05049269077091024,0.02524634538545512
3,inference_categories,projected,18,0.73,-0.680898045468239,0.02252750819009841,0.011263754095049205
3,inference_categories,partial,18,0.55,-0.6916181276191454,-0.3643241841777985,-0.3821620920888993
3,inference_categories,standard,19,0.68,-0.6920617490142038,-0.017089833799385005,-0.008544916899692502
3,inference_categories,projected,19,0.72,-0.6804067700612587,-0.015536212544895456,-0.007768106272447728
3,inference_categories,partial,19,0.52,-0.6914774171142196,-0.37442272233198054,-0.2872113611659902
3,inference_categories,standard,20,0.67,-0.6919473010497689,-0.0007768106272447728,-0.0003884053136223864
3,inference_categories,projected,20,0.71,-0.6788234470429593,-0.0007768106272447728,-0.0003884053136223864
3,inference_categories,partial,20,0.59,-0.6896194493278262,-0.29285760647127934,-0.24642880323563965
4,choice_only,standard,1,0.78,-0.6928526730394965,0.399218062002706,0.09960903100135302
4,choice_only,projected,1,0.82,-0.6886049637738252,0.399218062002706,0.09960903100135302
4,choice_only,partial,1,0.82,-0.6886049637738252,0.399218062002706,0.09960903100135302
4,choice_only,standard,2,0.8,-0.6926692235598653,0.5118687032608952,0.2559343516304476
4,choice_only,projected,2,0.85,-0.685296536821425,0.5118687032608952,0.2559343516304476
4,choice_only,partial,2,0.85,-0.685296536821425,0.5118687032608952,0.2559343516304476
4,choice_only,standard,3,0.78,-0.6924140555426938,0.4921054328647217,0.14605271643236087
4,choice_only,projected,3,0.85,-0.6817592013074564,0.4921054328647217,0.14605271643236087
4,choice_only,partial,3,0.85,-0.6817592013074564,0.4921054328647217,0.14605271643236087
4,choice_only,standard,4,0.77,-0.6925373174190625,0.5909217848455895,0.2954608924227948
4,choice_only,projected,4,0.85,-0.6828057757138639,0.5909217848455895,0.2954608924227948
4,choice_only,partial,4,0.85,-0.6828057757138639,0.5909217848455895,0.2954608924227948
4,choice_only,standard,5,0.84,-0.6926269524283878,0.6284719985983193,0.21423599929915965
4,choice_only,projected,5,0.88,-0.6833948322016096,0.6284719985983193,0.21423599929915965
4,choice_only,partial,5,0.88,-0.6833948322016096,0.6284719985983193,0.21423599929915965
4,choice_only,standard,6,0.79,-0.6926772508474802,0.5533715710928597,0.27668578554642986
4,choice_only,projected,6,0.88,-0.6841951371967429,0.549418917013625,0.2747094585068125
4,choice_only,partial,6,0.88,-0.6841951371967429,0.549418917013625,0.2747094585068125
4,choice_only,standard,7,0.82,-0.6926098723871281,0.6423062878756407,0.22115314393782037
4,choice_only,projected,7,0.88,-0.6831069811768417,0.6225430174794672,0.2112715087397336
4,choice_only,partial,7,0.88,-0.6831069811768417,0.6225430174794672,0.2112715087397336
4,choice_only,standard,8,0.76,-0.6926539143918613,0.5790638226078854,0.2895319113039427
4,choice_only,projected,8,0.88,-0.6835995614233629,0.5790638226078854,0.2895319113039427
4,choice_only,partial,8,0.88,-0.6835995614233629,0.5790638226078854,0.2895319113039427
4,choice_only,standard,9,0.81,-0.6924663166810716,0.5869691307663547,0.19348456538317738
4,choice_only,projected,9,0.89,-0.6806800140662805,0.6027797470832935,0.20138987354164678
4,choice_only,partial,9,0.89,-0.6806800140662805,0.6027797470832935,0.20138987354164678
4,choice_only,standard,10,0.85,-0.6922324175486751,0.58301647668712,0.19150823834356
4,choice_only,projected,10,0.86,-0.6766128607410856,0.58301647668712,0.19150823834356
4,choice_only,partial,10,0.86,-0.6766128607410856,0.58301647668712,0.19150823834356
4,choice_only,standard,11,0.84,-0.6920947375658478,0.6462589419548754,0.22312947097743774
4,choice_only,projected,11,0.85,-0.6752090620563375,0.6462589419548754,0.22312947097743774
4,choice_only,partial,11,0.85,-0.6752090620563375,0.6462589419548754,0.22312947097743774
4,choice_only,standard,12,0.9,-0.6920294380827307,0.6917144638660746,0.24585723193303732
4,choice_only,projected,12,0.88,-0.6736660871853039,0.6917144638660746,0.24585723193303732
4,choice_only,partial,12,0.88,-0.6736660871853039,0.6917144638660746,0.24585723193303732
4,choice_only,standard,13,0.91,-0.6919693879315462,0.7114777342622481,0.2557388671311241
4,choice_only,projected,13,0.89,-0.6725859779050509,0.7114777342622481,0.2557388671311241
4,choice_only,partial,13,0.89,-0.6725859779050509,0.7114777342622481,0.2557388671311241
4,choice_only,standard,14,0.91,-0.6917060802197487,0.7430989668961259,0.27154948344806296
4,choice_only,projected,14,0.88,-0.669099354877635,0.7430989668961259,0.27154948344806296
4,choice_only,partial,14,0.88,-0.669099354877635,0.7430989668961259,0.27154948344806296
4,choice_only,standard,15,0.89,-0.6914832163260197,0.6976434449849267,0.24882172249246337
4,choice_only,projected,15,0.87,-0.6663198916490175,0.6976434449849267,0.24882172249246337
4,choice_only,partial,15,0.87,-0.6663198916490175,0.6976434449849267,0.24882172249246337
4,choice_only,standard,16,0.89,-0.6913523919108946,0.6976434449849267,0.24882172249246337
4,choice_only,projected,16,0.87,-0.6642319489022,0.6976434449849267,0.24882172249246337
4,choice_only,partial,16,0.87,-0.6642319489022,0.6976434449849267,0.24882172249246337
4,choice_only,standard,17,0.88,-0.6913082641924063,0.6798565016283704,0.23992825081418523
4,choice_only,projected,17,0.87,-0.6635559954374939,0.6798565016283704,0.23992825081418523
4,choice_only,partial,17,0.87,-0.6635559954374939,0.6798565016283704,0.23992825081418523
4,choice_only,standard,18,0.86,-0.6912263688997559,0.677880174588753,0.23894008729437655
4,choice_only,projected,18,0.87,-0.6623385107995796,0.677880174588753,0.23894008729437655
4,choice_only,partial,18,0.87,-0.6623385107995796,0.677880174588753,0.23894008729437655
4,choice_only,standard,19,0.86,-0.6912456965724003,0.6521879230737275,0.22609396153686379
4,choice_only,projected,19,0.86,-0.6628683124496305,0.6521879230737275,0.22609396153686379
4,choice_only,partial,19,0.86,-0.6628683124496305,0.6521879230737275,0.22609396153686379
4,choice_only,standard,20,0.86,-0.6913401028135042,0.6521879230737275,0.22609396153686379
4,choice_only,projected,20,0.86,-0.663596679851149,0.6679985393906662,0.23399926969533313
4,choice_only,partial,20,0.86,-0.663596679851149,0.6679985393906662,0.23399926969533313
4,inference_affirm,standard,1,0.78,-0.6928526730394965,0.399218062002706,0.09960903100135302
4,inference_affirm,projected,1,0.82,-0.6886049637738252,0.399218062002706,0.09960903100135302
4,inference_affirm,partial,1,0.88,-0.6889694259463027,0.4308392946365836,0.11541964731829182
4,inference_affirm,standard,2,0.8,-0.6926692235598653,0.5118687032608952,0.2559343516304476
4,inference_affirm,projected,2,0.85,-0.685296536821425,0.5118687032608952,0.2559343516304476
4,inference_affirm,partial,2,0.91,-0.6880132330987279,0.7174067153811002,0.3587033576905501
4,inference_affirm,standard,3,0.78,-0.6924140555426938,0.4921054328647217,0.14605271643236087
4,inference_affirm,projected,3,0.85,-0.6817592013074564,0.4921054328647217,0.14605271643236087
4,inference_affirm,partial,3,0.84,-0.6840269352112851,0.6245193445190845,0.31225967225954226
4,inference_affirm,standard,4,0.77,-0.6925373174190625,0.5909217848455895,0.2954608924227948
4,inference_affirm,projected,4,0.85,-0.6828057757138639,0.5909217848455895,0.2954608924227948
4,inference_affirm,partial,4,0.91,-0.6841900717762074,0.7035724261037788,0.3517862130518894
4,inference_affirm,standard,5,0.84,-0.6926269524283878,0.6284719985983193,0.21423599929915965
4,inference_affirm,projected,5,0.88,-0.6833948322016096,0.6284719985983193,0.21423599929915965
4,inference_affirm,partial,5,0.89,-0.6852969715269771,0.7430989668961259,0.27154948344806296
4,inference_affirm,standard,6,0.79,-0.6926772508474802,0.5533715710928597,0.27668578554642986
4,inference_affirm,projected,6,0.88,-0.6841951371967429,0.549418917013625,0.2747094585068125
4,inference_affirm,partial,6,0.9,-0.6852040286873011,0.7490279480149779,0.3745139740074889
4,inference_affirm,standard,7,0.82,-0.6926098723871281,0.6423062878756407,0.22115314393782037
4,inference_affirm,projected,7,0.88,-0.6831069811768417,0.6225430174794672,0.2112715087397336
4,inference_affirm,partial,7,0.9,-0.6848662904889369,0.7490279480149779,0.3745139740074889
4,inference_affirm,standard,8,0.76,-0.6926539143918613,0.5790638226078854,0.2895319113039427
4,inference_affirm,projected,8,0.88,-0.6835995614233629,0.5790638226078854,0.2895319113039427
4,inference_affirm,partial,8,0.92,-0.6849315460889241,0.7470516209753606,0.3735258104876803
4,inference_affirm,standard,9,0.81,-0.6924663166810716,0.5869691307663547,0.19348456538317738
4,inference_affirm,projected,9,0.89,-0.6806800140662805,0.6027797470832935,0.20138987354164678
4,inference_affirm,partial,9,0.91,-0.6818887029127606,0.7470516209753606,0.3735258104876803
4,inference_affirm,standard,10,0.85,-0.6922324175486751,0.58301647668712,0.19150823834356
4,inference_affirm,projected,10,0.86,-0.6766128607410856,0.58301647668712,0.19150823834356
4,inference_affirm,partial,10,0.87,-0.6794151537232661,0.45060256503275725,0.12530128251637865
4,inference_affirm,standard,11,0.84,-0.6920947375658478,0.6462589419548754,0.22312947097743774
4,inference_affirm,projected,11,0.85,-0.6752090620563375,0.6462589419548754,0.22312947097743774
4,inference_affirm,partial,11,0.86,-0.6778385274321096,0.4585078731912266,0.12925393659561332
4,inference_affirm,standard,12,0.8,-0.6921601199674123,0.5019870680628085,0.15099353403140425
4,inference_affirm,projected,12,0.82,-0.676776598638624,0.5019870680628085,0.15099353403140425
4,inference_affirm,partial,12,0.81,-0.6799111302952215,0.44269725687428774,0.12134862843714389
4,inference_affirm,standard,13,0.82,-0.692099935152915,0.5968507659644415,0.1984253829822208
4,inference_affirm,projected,13,0.81,-0.6756624204436018,0.5968507659644415,0.1984253829822208
4,inference_affirm,partial,13,0.85,-0.6788928524406831,0.4585078731912266,0.12925393659561332
4,inference_affirm,standard,14,0.83,-0.6918365475450448,0.5909217848455895,0.1954608924227948
4,inference_affirm,projected,14,0.83,-0.6721441770612582,0.5928981118852068,0.19644905594260342
4,inference_affirm,partial,14,0.79,-0.677685952193071,0.5197740114193646,0.15988700570968234
4,inference_affirm,standard,15,0.86,-0.6916135173406088,0.6087087282021456,0.20435436410107283
4,inference_affirm,projected,15,0.83,-0.6693167425532752,0.6087087282021456,0.20435436410107283
4,inference_affirm,partial,15,0.81,-0.6772208839418458,0.48222379766663487,0.24111189883331743
4,inference_affirm,standard,16,0.86,-0.6914826622652532,0.6067324011625282,0.20336620058126414
4,inference_affirm,projected,16,0.84,-0.6672115061295321,0.6067324011625282,0.20336620058126414
4,inference_affirm,partial,16,0.83,-0.6760726024277182,0.5039633951024258,0.2519816975512129
4,inference_affirm,standard,17,0.85,-0.6914385915594545,0.6067324011625282,0.20336620058126414
4,inference_affirm,projected,17,0.82,-0.6665462133302985,0.6067324011625282,0.20336620058126414
4,inference_affirm,partial,17,0.82,-0.6750738590497802,0.5059397221420432,0.2529698610710216
4,inference_affirm,standard,18,0.87,-0.6913565803052815,0.6067324011625282,0.20336620058126414
4,inference_affirm,projected,18,0.82,-0.6653122584164375,0.6067324011625282,0.20336620058126414
4,inference_affirm,partial,18,0.81,-0.6739490978950987,0.5059397221420432,0.2529698610710216
4,inference_affirm,standard,19,0.86,-0.6913372400782507,0.6067324011625282,0.20336620058126414
4,inference_affirm,projected,19,0.84,-0.6647699665678565,0.6067324011625282,0.20336620058126414
4,inference_affirm,partial,19,0.87,-0.6744994526513868,0.5257029925382167,0.26285149626910836
4,inference_affirm,standard,20,0.85,-0.691431651701269,0.5889454578059721,0.19447272890298606
4,inference_affirm,projected,20,0.83,-0.6655011777750356,0.5889454578059721,0.19447272890298606
4,inference_affirm,partial,20,0.82,-0.6752544982215231,0.5059397221420432,0.2529698610710216
4,inference_categories,standard,1,0.78,-0.6928526730394965,0.399218062002706,0.09960903100135302
4,inference_categories,projected,1,0.82,-0.6886049637738252,0.399218062002706,0.09960903100135302
4,inference_categories,partial,1,0.84,-0.6890894195589499,0.44664991095352247,0.12332495547676126
4,inference_categories,standard,2,0.8,-0.6926692235598653,0.5118687032608952,0.2559343516304476
4,inference_categories,projected,2,0.85,-0.685296536821425,0.5118687032608952,0.2559343516304476
4,inference_categories,partial,2,0.84,-0.6881371759280761,0.7174067153811002,0.3587033576905501
4,inference_categories,standard,3,0.78,-0.6924140555426938,0.4921054328647217,0.14605271643236087
4,inference_categories,projected,3,0.85,-0.6817592013074564,0.4921054328647217,0.14605271643236087
4,inference_categories,partial,3,0.84,-0.6839056644112379,0.6620695582718142,0.3310347791359071
4,inference_categories,standard,4,0.77,-0.6925373174190625,0.5909217848455895,0.2954608924227948
4,inference_categories,projected,4,0.85,-0.6828057757138639,0.5909217848455895,0.2954608924227948
4,inference_categories,partial,4,0.86,-0.6838040266767816,0.604756074122911,0.20237803706145552
4,inference_categories,standard,5,0.75,-0.6924478046792037,0.51582135734013,0.15791067867006503
4,inference_categories,projected,5,0.84,-0.6822262585463073,0.51582135734013,0.15791067867006503
4,inference_categories,partial,5,0.85,-0.6838281241834184,0.5434899358947729,0.17174496794738647
4,inference_categories,standard,6,0.75,-0.6923975342199188,0.5395372818155383,0.26976864090776914
4,inference_categories,projected,6,0.83,-0.6814355096449387,0.5395372818155383,0.26976864090776914
4,inference_categories,partial,6,0.83,-0.6839213187786808,0.5948744389248242,0.1974372194624121
4,inference_categories,standard,7,0.8,-0.6923301442603521,0.5711585144494159,0.28557925722470795
4,inference_categories,projected,7,0.81,-0.680359868773483,0.5869691307663547,0.29348456538317735
4,inference_categories,partial,7,0.82,-0.6835849048761447,0.6067324011625282,0.20336620058126414
4,inference_categories,standard,8,0.81,-0.692374135300282,0.549418917013625,0.17470945850681252
4,inference_categories,projected,8,0.82,-0.6808490031540668,0.549418917013625,0.17470945850681252
4,inference_categories,partial,8,0.83,-0.6836625812635662,0.6225430174794672,0.2112715087397336
4,inference_categories,standard,9,0.8,-0.6921867117546617,0.5869691307663547,0.19348456538317738
4,inference_categories,projected,9,0.83,-0.6779561560093866,0.5869691307663547,0.19348456538317738
4,inference_categories,partial,9,0.85,-0.680520745111885,0.5415136088551555,0.1707568044275778
4,inference_categories,standard,10,0.8,-0.6919533328303636,0.5316319736570687,0.26581598682853436
4,inference_categories,projected,10,0.8,-0.6739757898598788,0.5316319736570687,0.26581598682853436
4,inference_categories,partial,10,0.8,-0.6778921479905791,0.42886296759696624,0.11443148379848314
4,inference_categories,standard,11,0.8,-0.6918159185670825,0.5672058603701812,0.2836029301850906
4,inference_categories,projected,11,0.8,-0.672594940716709,0.5672058603701812,0.2836029301850906
4,inference_categories,partial,11,0.8,-0.6763706372293714,0.41107602424041,0.10553801212020503
4,inference_categories,standard,12,0.82,-0.6917505825986329,0.638353633796406,0.219176816898203
4,inference_categories,projected,12,0.84,-0.6710410520082908,0.638353633796406,0.219176816898203
4,inference_categories,partial,12,0.82,-0.675866503208371,0.46048420023084397,0.130242100115422
4,inference_categories,standard,13,0.84,-0.691690457370974,0.6759038475491358,0.23795192377456792
4,inference_categories,projected,13,0.87,-0.6699605096596228,0.6759038475491358,0.23795192377456792
4,inference_categories,partial,13,0.85,-0.6748619865077751,0.48617645174586954,0.1430882258729348
4,inference_categories,standard,14,0.82,-0.6914275263370719,0.6917144638660746,0.24585723193303732
4,inference_categories,projected,14,0.86,-0.6665203216980876,0.6917144638660746,0.24585723193303732
4,inference_categories,partial,14,0.83,-0.6736782901923816,0.5019870680628085,0.15099353403140425
4,inference_categories,standard,15,0.82,-0.6912052810934636,0.638353633796406,0.219176816898203
4,inference_categories,projected,15,0.86,-0.6637805191366998,0.638353633796406,0.219176816898203
4,inference_categories,partial,15,0.83,-0.6729480732292648,0.42688664055734893,0.013443320278674453
4,inference_categories,standard,16,0.84,-0.6910745832690401,0.638353633796406,0.219176816898203
4,inference_categories,projected,16,0.86,-0.6617156237744095,0.6541642501133448,0.2270821250566724
4,inference_categories,partial,16,0.83,-0.6717996829497548,0.46838950838931337,0.1341947541946567
4,inference_categories,standard,17,0.82,-0.6910305796812569,0.6205666904398498,0.21028334521992492
4,inference_categories,projected,17,0.85,-0.6610498892045402,0.6205666904398498,0.21028334521992492
4,inference_categories,partial,17,0.83,-0.6708482134242881,0.5079160491816604,0.15395802459083024
4,inference_categories,standard,18,0.83,-0.6909487698028185,0.5869691307663547,0.19348456538317738
4,inference_categories,projected,18,0.86,-0.6598437428465186,0.604756074122911,0.20237803706145552
4,inference_categories,partial,18,0.83,-0.6695505234014252,0.5079160491816604,0.15395802459083024
4,inference_categories,standard,19,0.84,-0.6909294541642099,0.6087087282021456,0.20435436410107283
4,inference_categories,projected,19,0.86,-0.6593305308559206,0.6245193445190845,0.2122596722595423
4,inference_categories,partial,19,0.84,-0.6701885676042083,0.49012910582510427,0.14506455291255216
4,inference_categories,standard,20,0.84,-0.6910237969595089,0.6027797470832935,0.20138987354164678
4,inference_categories,projected,20,0.86,-0.6600528579457542,0.6008034200436763,0.20040171002183815
4,inference_categories,partial,20,0.83,-0.6709163098244757,0.4486262379931398,0.12431311899656991
5,choice_only,standard,1,0.49,-0.6931883918948369,0.08700279025141455,0.14350139512570725
5,choice_only,projected,1,0.47,-0.6933367031276623,0.08700279025141455,0.14350139512570725
5,choice_only,partial,1,0.47,-0.6933367031276623,0.08700279025141455,0.14350139512570725
5,choice_only,standard,2,0.56,-0.6930980517340215,-0.04117096324397296,0.0794145183780135
5,choice_only,projected,2,0.66,-0.6916296519763102,-0.04117096324397296,0.0794145183780135
5,choice_only,partial,2,0.66,-0.6916296519763102,-0.04117096324397296,0.0794145183780135
5,choice_only,standard,3,0.68,-0.692954206567572,-0.05515355453437887,0.07242322273281054
5,choice_only,projected,3,0.73,-0.6901745968064413,-0.05515355453437887,0.07242322273281054
5,choice_only,partial,3,0.73,-0.6901745968064413,-0.05515355453437887,0.07242322273281054
5,choice_only,standard,4,0.73,-0.6928399198082279,0.04738544826193114,0.12369272413096555
5,choice_only,projected,4,0.74,-0.6888865636003304,0.04738544826193114,0.12369272413096555
5,choice_only,partial,4,0.74,-0.6888865636003304,0.04738544826193114,0.12369272413096555
5,choice_only,standard,5,0.76,-0.6927819126135129,0.05903760767060274,0.22951880383530132
5,choice_only,projected,5,0.77,-0.6880059787862501,0.05903760767060274,0.22951880383530132
5,choice_only,partial,5,0.77,-0.6880059787862501,0.05903760767060274,0.22951880383530132
5,choice_only,standard,6,0.73,-0.6926798308019909,0.03340285697152523,0.11670142848576259
5,choice_only,projected,6,0.75,-0.6866410802612194,0.05359993327988932,0.12679996663994464
5,choice_only,partial,6,0.75,-0.6866410802612194,0.05359993327988932,0.12679996663994464
5,choice_only,standard,7,0.73,-0.6927737087688619,0.02641156132632227,0.2132057806631611
5,choice_only,projected,7,0.75,-0.6877211242060379,0.006991295645202955,0.20349564782260143
5,choice_only,partial,7,0.75,-0.6877211242060379,0.006991295645202955,0.20349564782260143
5,choice_only,standard,8,0.66,-0.6928737848431319,-0.02252750819009841,-0.011263754095049205
5,choice_only,projected,8,0.73,-0.6883944854437096,-0.02252750819009841,-0.011263754095049205
5,choice_only,partial,8,0.73,-0.6883944854437096,-0.02252750819009841,-0.011263754095049205
5,choice_only,standard,9,0.67,-0.6927228323213752,0.03184923571703569,0.11592461785851782
5,choice_only,projected,9,0.73,-0.6867364726955206,0.03184923571703569,0.11592461785851782
5,choice_only,partial,9,0.73,-0.6867364726955206,0.03184923571703569,0.11592461785851782
5,choice_only,standard,10,0.69,-0.6925351934218701,0.054376743907134095,0.027188371953567048
5,choice_only,projected,10,0.72,-0.6846899948622245,0.054376743907134095,0.027188371953567048
5,choice_only,partial,10,0.72,-0.6846899948622245,0.054376743907134095,0.027188371953567048
5,choice_only,standard,11,0.72,-0.6928511514334018,0.03107242508979091,0.11553621254489543
5,choice_only,projected,11,0.74,-0.6885788782174371,0.03107242508979091,0.11553621254489543
5,choice_only,partial,11,0.74,-0.6885788782174371,0.03107242508979091,0.11553621254489543
5,choice_only,standard,12,0.62,-0.6930160391167689,0.24391853695485868,0.12195926847742934
5,choice_only,projected,12,0.63,-0.6905811307628541,0.25246345385455116,0.12623172692727558
5,choice_only,partial,12,0.63,-0.6905811307628541,0.25246345385455116,0.12623172692727558
5,choice_only,standard,13,0.62,-0.6929982894569497,0.13594185976783524,0.06797092988391762
5,choice_only,projected,13,0.67,-0.6900635042526357,0.12972737474987706,0.06486368737493853
5,choice_only,partial,13,0.67,-0.6900635042526357,0.12972737474987706,0.06486368737493853
5,choice_only,standard,14,0.67,-0.6929186559826773,0.23226637754618706,0.11613318877309353
5,choice_only,projected,14,0.66,-0.689496900676411,0.21362292249231252,0.10681146124615626
5,choice_only,partial,14,0.66,-0.689496900676411,0.21362292249231252,0.10681146124615626
5,choice_only,standard,15,0.71,-0.692848403797477,0.2081852481015991,0.10409262405079955
5,choice_only,projected,15,0.68,-0.6885343019545307,0.2081852481015991,0.10409262405079955
5,choice_only,partial,15,0.68,-0.6885343019545307,0.2081852481015991,0.10409262405079955
5,choice_only,standard,16,0.68,-0.6928788586631452,0.21983740751027067,0.10991870375513534
5,choice_only,projected,16,0.67,-0.688740852380096,0.21983740751027067,0.10991870375513534
5,choice_only,partial,16,0.67,-0.688740852380096,0.21983740751027067,0.10991870375513534
5,choice_only,standard,17,0.65,-0.692816465742396,0.1864345505387455,0.1932172752693727
5,choice_only,projected,17,0.64,-0.6879794565100429,0.1864345505387455,0.1932172752693727
5,choice_only,partial,17,0.64,-0.6879794565100429,0.1864345505387455,0.1932172752693727
5,choice_only,standard,18,0.76,-0.692612413424893,0.14914764043099638,0.17457382021549817
5,choice_only,projected,18,0.75,-0.6859744284580035,0.14914764043099638,0.17457382021549817
5,choice_only,partial,18,0.75,-0.6859744284580035,0.14914764043099638,0.17457382021549817
5,choice_only,standard,19,0.76,-0.6924575655447934,0.13283461725885617,0.26641730862942803
5,choice_only,projected,19,0.76,-0.6844829007475853,0.13904910227681433,0.2695245511384071
5,choice_only,partial,19,0.76,-0.6844829007475853,0.13904910227681433,0.2695245511384071
5,choice_only,standard,20,0.78,-0.6925802234038554,0.23304318817343184,0.11652159408671592
5,choice_only,projected,20,0.74,-0.685730847925415,0.23304318817343184,0.11652159408671592
5,choice_only,partial,20,0.74,-0.685730847925415,0.23304318817343184,0.11652159408671592
5,inference_affirm,standard,1,0.49,-0.6931883918948369,0.08700279025141455,0.14350139512570725
5,inference_affirm,projected,1,0.47,-0.6933367031276623,0.08700279025141455,0.14350139512570725
5,inference_affirm,partial,1,0.52,-0.6932212212103647,0.3029561446254614,0.25147807231273067
5,inference_affirm,standard,2,0.56,-0.6930980517340215,-0.04117096324397296,0.0794145183780135
5,inference_affirm,projected,2,0.66,-0.6916296519763102,-0.04117096324397296,0.0794145183780135
5,inference_affirm,partial,2,0.63,-0.691575874090205,0.14759401917650683,0.1737970095882534
5,inference_affirm,standard,3,0.68,-0.692954206567572,-0.05515355453437887,0.07242322273281054
5,inference_affirm,projected,3,0.73,-0.6901745968064413,-0.05515355453437887,0.07242322273281054
5,inference_affirm,partial,3,0.7,-0.6904695604015412,-0.11186073032324728,-0.05593036516162364
5,inference_affirm,standard,4,0.73,-0.6928399198082279,0.04738544826193114,0.12369272413096555
5,inference_affirm,projected,4,0.74,-0.6888865636003304,0.04738544826193114,0.12369272413096555
5,inference_affirm,partial,4,0.58,-0.6895480049374266,-0.22993594566445275,-0.11496797283222637
5,inference_affirm,standard,5,0.76,-0.6927819126135129,0.05903760767060274,0.22951880383530132
5,inference_affirm,projected,5,0.77,-0.6880059787862501,0.05903760767060274,0.22951880383530132
5,inference_affirm,partial,5,0.67,-0.6887942171893218,-0.10719986655977864,-0.05359993327988932
5,inference_affirm,standard,6,0.73,-0.6926798308019909,0.03340285697152523,0.11670142848576259
5,inference_affirm,projected,6,0.75,-0.6866410802612194,0.05359993327988932,0.12679996663994464
5,inference_affirm,partial,6,0.69,-0.6877323010028944,-0.16390704234864706,-0.08195352117432353
5,inference_affirm,standard,7,0.74,-0.6925862143549846,-0.0007768106272447728,0.09961159468637759
5,inference_affirm,projected,7,0.74,-0.6856095763726803,-0.0007768106272447728,0.09961159468637759
5,inference_affirm,partial,7,0.65,-0.6869470046423415,-0.24003448381863482,-0.12001724190931741
5,inference_affirm,standard,8,0.73,-0.6924862243684945,0.11030710906875774,0.15515355453437885
5,inference_affirm,projected,8,0.76,-0.6849260814308639,0.11030710906875774,0.15515355453437885
5,inference_affirm,partial,8,0.69,-0.6861512347192638,-0.12195926847742934,-0.16097963423871464
5,inference_affirm,standard,9,0.74,-0.692335621631456,0.11652159408671592,0.15826079704335794
5,inference_affirm,projected,9,0.72,-0.6833086013243643,0.1374954810223248,0.16874774051116237
5,inference_affirm,partial,9,0.7,-0.6846318862948009,-0.085449168996925,-0.14272458449846248
5,inference_affirm,standard,10,0.75,-0.6921484844125952,0.11652159408671592,0.15826079704335794
5,inference_affirm,projected,10,0.75,-0.6813118985907752,0.11652159408671592,0.15826079704335794
5,inference_affirm,partial,10,0.67,-0.6828319355624113,-0.10642305593253389,-0.05321152796626694
5,inference_affirm,standard,11,0.71,-0.6918382397648354,0.11263754095049205,0.156318770475246
5,inference_affirm,projected,11,0.73,-0.678277977973169,0.10176219216906525,0.050881096084532625
5,inference_affirm,partial,11,0.63,-0.6834492577546675,-0.06369847143407138,-0.03184923571703569
5,inference_affirm,standard,12,0.72,-0.6920025111102268,0.14837082980375163,0.17418541490187578
5,inference_affirm,projected,12,0.74,-0.6801403495817782,0.14837082980375163,0.17418541490187578
5,inference_affirm,partial,12,0.67,-0.6847827115777205,-0.015536212544895456,-0.007768106272447728
5,inference_affirm,standard,13,0.72,-0.6920199082457716,0.14837082980375163,0.17418541490187578
5,inference_affirm,projected,13,0.73,-0.6806069364213471,0.14837082980375163,0.17418541490187578
5,inference_affirm,partial,13,0.68,-0.6849110690604614,0.008544916899692502,0.004272458449846251
5,inference_affirm,standard,14,0.75,-0.6919405647163042,0.17322876987558433,0.18661438493779214
5,inference_affirm,projected,14,0.75,-0.6800352877552766,0.20740843747435433,0.20370421873717715
5,inference_affirm,partial,14,0.69,-0.6843514545946893,-0.025634750699077502,-0.012817375349538751
5,inference_affirm,standard,15,0.75,-0.6918707516168807,0.16468385297589183,0.1823419264879459
5,inference_affirm,projected,15,0.74,-0.6791251439424052,0.15613893607619933,0.17806946803809964
5,inference_affirm,partial,15,0.69,-0.6833466823474622,-0.021750697562853638,-0.010875348781426819
5,inference_affirm,standard,16,0.72,-0.6918410080760308,0.1600229892124232,0.18001149460621158
5,inference_affirm,projected,16,0.74,-0.6790008989934624,0.16313023172140229,0.18156511586070112
5,inference_affirm,partial,16,0.68,-0.6838586753059789,-0.018643455053874547,-0.009321727526937273
5,inference_affirm,standard,17,0.73,-0.6917789541260998,0.16313023172140229,0.18156511586070112
5,inference_affirm,projected,17,0.74,-0.6782910982733746,0.16313023172140229,0.18156511586070112
5,inference_affirm,partial,17,0.68,-0.6830812563651351,-0.044278205752952056,-0.022139102876476028
5,inference_affirm,standard,18,0.72,-0.6915785709995759,0.14137953415854865,0.2706897670792743
5,inference_affirm,projected,18,0.72,-0.676656339415785,0.18099687614803206,0.290498438074016
5,inference_affirm,partial,18,0.65,-0.6826490511556211,-0.09321727526937275,-0.046608637634686374
5,inference_affirm,standard,19,0.72,-0.6914252087748151,0.18099687614803206,0.290498438074016
5,inference_affirm,projected,19,0.72,-0.6753389971802719,0.18099687614803206,0.290498438074016
5,inference_affirm,partial,19,0.67,-0.6823521283328207,-0.057483986416113186,-0.028741993208056593
5,inference_affirm,standard,20,0.73,-0.6913045235996571,0.10176219216906525,0.1508810960845326
5,inference_affirm,projected,20,0.73,-0.674354504342836,0.13050418537712183,0.1652520926885609
5,inference_affirm,partial,20,0.66,-0.6812783938389916,-0.14992445105824115,-0.07496222552912057
5,inference_categories,standard,1,0.49,-0.6931883918948369,0.08700279025141455,0.14350139512570725
5,inference_categories,projected,1,0.47,-0.6933367031276623,0.08700279025141455,0.14350139512570725
5,inference_categories,partial,1,0.43,-0.6934800764060579,0.2369272413096557,0.21846362065482783
5,inference_categories,standard,2,0.56,-0.6930980517340215,-0.04117096324397296,0.0794145183780135
5,inference_categories,projected,2,0.66,-0.6916296519763102,-0.04117096324397296,0.0794145183780135
5,inference_categories,partial,2,0.51,-0.692293973007356,-0.21595335437404684,-0.10797667718702342
5,inference_categories,standard,3,0.68,-0.692954206567572,-0.05515355453437887,0.07242322273281054
5,inference_categories,projected,3,0.73,-0.6901745968064413,-0.05515355453437887,0.07242322273281054
5,inference_categories,partial,3,0.57,-0.6909947968500334,-0.2936344170985241,-0.24681720854926203
5,inference_categories,standard,4,0.73,-0.6928399198082279,0.04738544826193114,0.12369272413096555
5,inference_categories,projected,4,0.74,-0.6888865636003304,0.04738544826193114,0.12369272413096555
5,inference_categories,partial,4,0.57,-0.6888865607536688,-0.36743142668677753,-0.28371571334338874
5,inference_categories,standard,5,0.76,-0.6927819126135129,0.05903760767060274,0.22951880383530132
5,inference_categories,projected,5,0.77,-0.6880059787862501,0.05903760767060274,0.22951880383530132
5,inference_categories,partial,5,0.62,-0.6882381149561984,-0.31849235717035684,-0.2592461785851784
5,inference_categories,standard,6,0.71,-0.6928842943392748,0.08234192648794592,0.14117096324397294
5,inference_categories,projected,6,0.75,-0.6894144261696157,0.08234192648794592,0.14117096324397294
5,inference_categories,partial,6,0.6,-0.6891907037341146,-0.29674165960750326,-0.2483708298037516
5,inference_categories,standard,7,0.62,-0.6929783543067579,0.13361142788610092,0.06680571394305046
5,inference_categories,projected,7,0.65,-0.6905271278769013,0.13361142788610092,0.06680571394305046
5,inference_categories,partial,7,0.66,-0.690283075594539,-0.1802200655207873,-0.19011003276039362
5,inference_categories,standard,8,0.67,-0.6928785245486219,0.25013302197281684,0.12506651098640842
5,inference_categories,projected,8,0.62,-0.6899077172623891,0.25013302197281684,0.12506651098640842
5,inference_categories,partial,8,0.69,-0.6893751975050812,-0.02641156132632227,-0.11320578066316112
5,inference_categories,standard,9,0.68,-0.6927272332303356,0.18099687614803206,0.09049843807401603
5,inference_categories,projected,9,0.7,-0.6881762406491186,0.18099687614803206,0.09049843807401603
5,inference_categories,partial,9,0.7,-0.6878228621688014,-0.01631302317214023,-0.10815651158607009
5,inference_categories,standard,10,0.75,-0.692538853835422,0.16779109548487092,0.2838955477424354
5,inference_categories,projected,10,0.77,-0.6859694207068404,0.16779109548487092,0.2838955477424354
5,inference_categories,partial,10,0.68,-0.6857952567638328,-0.09787813903284137,-0.14893906951642066
5,inference_categories,standard,11,0.6,-0.6928549091444427,0.2889735533350555,0.04448677666752776
5,inference_categories,projected,11,0.6,-0.6898957457828669,0.29674165960750326,0.04837082980375165
5,inference_categories,partial,11,0.73,-0.6892966280794424,0.02252750819009841,-0.08873624590495077
5,inference_categories,standard,12,0.54,-0.6930200682040183,0.29596484898025843,-0.15201757550987077
5,inference_categories,projected,12,0.54,-0.6919504084467772,0.31383149340688826,-0.14308425329655586
5,inference_categories,partial,12,0.66,-0.6903111845795148,0.10409262405079955,-0.2479536879746002
5,inference_categories,standard,13,0.57,-0.6930021368841601,0.304509765879951,-0.1477451170600245
5,inference_categories,projected,13,0.56,-0.6914003383156215,0.304509765879951,-0.1477451170600245
5,inference_categories,partial,13,0.68,-0.6900335390846792,0.03340285697152523,-0.1832985715142374
5,inference_categories,standard,14,0.56,-0.6929226162965694,0.2998489021164823,-0.15007554894175884
5,inference_categories,projected,14,0.57,-0.6908519597536679,0.3223764103065807,-0.03881179484670966
5,inference_categories,partial,14,0.68,-0.6892633856381133,0.0427245844984625,-0.27863770775076874
5,inference_categories,standard,15,0.57,-0.6928523140925479,0.3860748817406521,-0.10696255912967395
5,inference_categories,projected,15,0.58,-0.6898807666895472,0.3775299648409596,-0.011235017579520223
5,inference_categories,partial,15,0.69,-0.6882527058446203,0.02485794007183273,-0.2875710299640836
5,inference_categories,standard,16,0.59,-0.6928216394953866,0.30839381901617485,-0.045803090491912585
5,inference_categories,projected,16,0.59,-0.6896405485001713,0.2742141514174048,-0.06289292429129761
5,inference_categories,partial,16,0.66,-0.6883743261334537,-0.021750697562853638,-0.21087534878142683
5,inference_categories,standard,17,0.6,-0.6927592728206733,0.32393003156107025,-0.038034984219464885
5,inference_categories,projected,17,0.61,-0.6888629282639158,0.32393003156107025,-0.038034984219464885
5,inference_categories,partial,17,0.68,-0.687538678402044,-0.015536212544895456,-0.20776810627244774
5,inference_categories,standard,18,0.68,-0.6925547499205892,0.26722285577220184,-0.06638857211389909
5,inference_categories,projected,18,0.68,-0.6867644869121265,0.2819822576898525,0.04099112884492628
5,inference_categories,partial,18,0.66,-0.6867103386941387,-0.08311873711519069,-0.14155936855759532
5,inference_categories,standard,19,0.72,-0.6923997850384697,0.2765445832991391,0.03827229164956958
5,inference_categories,projected,19,0.73,-0.6852406264603158,0.2765445832991391,0.03827229164956958
5,inference_categories,partial,19,0.66,-0.685467383983392,-0.08311873711519069,-0.14155936855759532
5,inference_categories,standard,20,0.75,-0.6922775351308694,0.23148956691894232,0.11574478345947116
5,inference_categories,projected,20,0.78,-0.6839918145904375,0.23148956691894232,0.11574478345947116
5,inference_categories,partial,20,0.64,-0.6845228412612737,-0.10176219216906525,-0.1508810960845326
6,choice_only,standard,1,0.54,-0.693170313528451,0.044377588696799336,-0.07781120565160031
6,choice_only,projected,1,0.54,-0.6933472565105765,0.044377588696799336,-0.07781120565160031
6,choice_only,partial,1,0.54,-0.6933472565105765,0.044377588696799336,-0.07781120565160031
6,choice_only,standard,2,0.6,-0.6931260125012328,0.19481009275374622,0.09740504637687311
6,choice_only,projected,2,0.61,-0.6928440726347954,0.19481009275374622,0.09740504637687311
6,choice_only,partial,2,0.61,-0.6928440726347954,0.19481009275374622,0.09740504637687311
6,choice_only,standard,3,0.56,-0.693137320756083,-0.0015043250405694692,-0.0007521625202847346
6,choice_only,projected,3,0.53,-0.6932534703347395,-0.0015043250405694692,-0.0007521625202847346
6,choice_only,partial,3,0.53,-0.6932534703347395,-0.0015043250405694692,-0.0007521625202847346
6,choice_only,standard,4,0.58,-0.6930813288131522,0.0,0.0
6,choice_only,projected,4,0.66,-0.6926152168805203,-0.010530275283986283,-0.005265137641993141
6,choice_only,partial,4,0.66,-0.6926152168805203,-0.010530275283986283,-0.005265137641993141
6,choice_only,standard,5,0.61,-0.6930412420590416,0.08349003975160553,0.041745019875802765
6,choice_only,projected,5,0.61,-0.6922992733458432,0.07596841454875819,0.037984207274379095
6,choice_only,partial,5,0.61,-0.6922992733458432,0.07596841454875819,0.037984207274379095
6,choice_only,standard,6,0.58,-0.6930054777118739,0.2512222817751013,0.22561114088755063
6,choice_only,projected,6,0.56,-0.6920682800801607,0.2331703812882677,0.21658519064413384
6,choice_only,partial,6,0.56,-0.6920682800801607,0.2331703812882677,0.21658519064413384
6,choice_only,standard,7,0.57,-0.6930293291326641,0.2075968555985867,0.20379842779929333
6,choice_only,projected,7,0.57,-0.6921672083178347,0.2075968555985867,0.20379842779929333
6,choice_only,partial,7,0.57,-0.6921672083178347,0.2075968555985867,0.20379842779929333
6,choice_only,standard,8,0.59,-0.6929768327110266,0.24069200649111505,0.12034600324555753
6,choice_only,projected,8,0.61,-0.6914538668503273,0.2331703812882677,0.11658519064413385
6,choice_only,partial,8,0.61,-0.6914538668503273,0.2331703812882677,0.11658519064413385
6,choice_only,standard,9,0.64,-0.692961100501601,0.24896579421424708,0.12448289710712354
6,choice_only,projected,9,0.63,-0.6911654280233657,0.24896579421424708,0.12448289710712354
6,choice_only,partial,9,0.63,-0.6911654280233657,0.24896579421424708,0.12448289710712354
6,choice_only,standard,10,0.67,-0.6929032796044848,0.3053779832356022,0.2526889916178011
6,choice_only,projected,10,0.66,-0.6905798637219395,0.27378715738364334,0.23689357869182165
6,choice_only,partial,10,0.66,-0.6905798637219395,0.27378715738364334,0.23689357869182165
6,choice_only,standard,11,0.68,-0.6928596233782764,0.24971795673453184,0.2248589783672659
6,choice_only,projected,11,0.7,-0.6900264858198483,0.25799174445766393,0.22899587222883194
6,choice_only,partial,11,0.7,-0.6900264858198483,0.25799174445766393,0.22899587222883194
6,choice_only,standard,12,0.66,-0.6928694214210677,0.24595714413310815,0.22297857206655405
6,choice_only,projected,12,0.68,-0.689986577080755,0.2722828323430739,0.23614141617153692
6,choice_only,partial,12,0.68,-0.689986577080755,0.2722828323430739,0.23614141617153692
6,choice_only,standard,13,0.63,-0.69286446706215,0.232418218767983,0.21620910938399146
6,choice_only,projected,13,0.62,-0.6900641299680604,0.229409568686844,0.214704784343422
6,choice_only,partial,13,0.62,-0.6900641299680604,0.229409568686844,0.214704784343422
6,choice_only,standard,14,0.64,-0.6928037142657102,0.16547575446264157,0.18273787723132076
6,choice_only,projected,14,0.67,-0.6890569339579018,0.14291087885409956,0.17145543942704977
6,choice_only,partial,14,0.67,-0.6890569339579018,0.14291087885409956,0.17145543942704977
6,choice_only,standard,15,0.64,-0.6927774655509324,0.1572019667395095,0.17860098336975472
6,choice_only,projected,15,0.63,-0.6891352989973505,0.13463709113096747,0.1673185455654837
6,choice_only,partial,15,0.63,-0.6891352989973505,0.13463709113096747,0.1673185455654837
6,choice_only,standard,16,0.66,-0.6926994042924602,0.21436631828114935,0.20718315914057467
6,choice_only,projected,16,0.65,-0.6882302163182784,0.16923656706406526,0.1846182835320326
6,choice_only,partial,16,0.65,-0.6882302163182784,0.16923656706406526,0.1846182835320326
6,choice_only,standard,17,0.65,-0.6926877418956279,0.18653630503061416,0.19326815251530705
6,choice_only,projected,17,0.67,-0.6878405816715225,0.17149305462491948,0.18574652731245972
6,choice_only,partial,17,0.67,-0.6878405816715225,0.17149305462491948,0.18574652731245972
6,choice_only,standard,18,0.67,-0.6926529190773105,0.17826251730748208,0.18913125865374103
6,choice_only,projected,18,0.67,-0.6868097020757502,0.15118466657723162,0.1755923332886158
6,choice_only,partial,18,0.67,-0.6868097020757502,0.15118466657723162,0.1755923332886158
6,choice_only,standard,19,0.66,-0.6925909978252595,0.1827754924291905,0.19138774621459523
6,choice_only,projected,19,0.67,-0.6861330415504889,0.1827754924291905,0.19138774621459523
6,choice_only,partial,19,0.67,-0.6861330415504889,0.1827754924291905,0.19138774621459523
6,choice_only,standard,20,0.67,-0.6924764265796058,0.24971795673453184,0.32485897836726585
6,choice_only,projected,20,0.66,-0.6852090152929834,0.2617525570590876,0.33087627852954377
6,choice_only,partial,20,0.66,-0.6852090152929834,0.2617525570590876,0.33087627852954377
6,inference_affirm,standard,1,0.54,-0.693170313528451,0.044377588696799336,-0.07781120565160031
6,inference_affirm,projected,1,0.54,-0.6933472565105765,0.044377588696799336,-0.07781120565160031
6,inference_affirm,partial,1,0.33,-0.693604592613555,0.036103800973667256,-0.18194809951316637
6,inference_affirm,standard,2,0.6,-0.6931260125012328,0.19481009275374622,0.09740504637687311
6,inference_affirm,projected,2,0.61,-0.6928440726347954,0.19481009275374622,0.09740504637687311
6,inference_affirm,partial,2,0.49,-0.6932086257270825,0.24821363169396238,0.12410681584698119
6,inference_affirm,standard,3,0.56,-0.693137320756083,-0.0015043250405694692,-0.0007521625202847346
6,inference_affirm,projected,3,0.53,-0.6932534703347395,-0.0015043250405694692,-0.0007521625202847346
6,inference_affirm,partial,3,0.47,-0.6936334906185765,-0.07371192698790399,-0.036855963493951996
6,inference_affirm,standard,4,0.58,-0.6930813288131522,0.0,0.0
6,inference_affirm,projected,4,0.66,-0.6926152168805203,-0.010530275283986283,-0.005265137641993141
6,inference_affirm,partial,4,0.59,-0.6922627908094064,-0.3121474459181648,-0.2560737229590824
6,inference_affirm,standard,5,0.48,-0.6931219980635894,-0.13689357869182167,-0.1684467893459108
6,inference_affirm,projected,5,0.47,-0.6930055469978698,-0.12711546592812012,-0.06355773296406006
6,inference_affirm,partial,5,0.59,-0.6919687117898131,-0.2873260827487686,-0.3436630413743843
6,inference_affirm,standard,6,0.61,-0.6930851455818678,0.26927418226193495,0.3346370911309674
6,inference_affirm,projected,6,0.58,-0.6925654964267823,0.2504701192548166,0.22523505962740828
6,inference_affirm,partial,6,0.49,-0.6934161946372711,0.16397142942207213,0.281985714711036
6,inference_affirm,standard,7,0.59,-0.6931088389382357,0.12711546592812012,0.16355773296406004
6,inference_affirm,projected,7,0.54,-0.6926341879981197,0.1113200530021407,0.15566002650107033
6,inference_affirm,partial,7,0.49,-0.693446298609938,0.18578414251032943,0.1928920712551647
6,inference_affirm,standard,8,0.5,-0.6931609048835118,0.16923656706406526,0.08461828353203263
6,inference_affirm,projected,8,0.51,-0.693279109356249,0.16923656706406526,0.08461828353203263
6,inference_affirm,partial,8,0.48,-0.6939057203882356,0.14667169145552322,0.07333584572776161
6,inference_affirm,standard,9,0.45,-0.6931765947801639,0.15870629178007897,0.07935314589003949
6,inference_affirm,projected,9,0.51,-0.6935596468572324,0.15870629178007897,0.07935314589003949
6,inference_affirm,partial,9,0.48,-0.6942668639416755,0.09702896511673074,0.04851448255836537
6,inference_affirm,standard,10,0.5,-0.6931187812733833,0.19781874283488515,0.19890937141744255
6,inference_affirm,projected,10,0.55,-0.6929729268622868,0.19781874283488515,0.19890937141744255
6,inference_affirm,partial,10,0.49,-0.6935058640083941,0.16622791698292633,0.18311395849146314
6,inference_affirm,standard,11,0.53,-0.6930752784619305,0.22564875608542034,0.3128243780427101
6,inference_affirm,projected,11,0.52,-0.6924310142822472,0.2391876814505456,0.31959384072527275
6,inference_affirm,partial,11,0.49,-0.6934677930120781,0.15344115413808584,0.27672057706904285
6,inference_affirm,standard,12,0.54,-0.6930850767905185,0.1940579302334615,0.2970289651167307
6,inference_affirm,projected,12,0.56,-0.6923909522207269,0.20985334315944093,0.3049266715797204
6,inference_affirm,partial,12,0.5,-0.6933195076347721,0.13012411600925905,0.26506205800462945
6,inference_affirm,standard,13,0.52,-0.6930799154197467,0.19556225527403098,0.19778112763701547
6,inference_affirm,projected,13,0.53,-0.6924482274253033,0.19556225527403098,0.19778112763701547
6,inference_affirm,partial,13,0.5,-0.6940319152335607,0.21135766820001037,0.10567883410000518
6,inference_affirm,standard,14,0.49,-0.6931405851745265,0.21887929340285772,0.20943964670142884
6,inference_affirm,projected,14,0.49,-0.6934515691557175,0.21887929340285772,0.20943964670142884
6,inference_affirm,partial,14,0.46,-0.6947944873169244,0.20834901811887144,0.10417450905943572
6,inference_affirm,standard,15,0.5,-0.6931144747196689,0.22339226852456615,0.21169613426228306
6,inference_affirm,projected,15,0.48,-0.6935835874593859,0.21436631828114935,0.20718315914057467
6,inference_affirm,partial,15,0.43,-0.6945781247244202,0.18427981746975994,0.09213990873487997
6,inference_affirm,standard,16,0.54,-0.6930362551371398,0.22038361844342721,0.2101918092217136
6,inference_affirm,projected,16,0.53,-0.6926503977830808,0.19932306787545462,0.1996615339377273
6,inference_affirm,partial,16,0.49,-0.6938045228668485,0.28055662006620596,0.24027831003310296
6,inference_affirm,standard,17,0.53,-0.6930480224539799,0.22564875608542034,0.21282437804271015
6,inference_affirm,projected,17,0.51,-0.6930591289329656,0.21436631828114935,0.20718315914057467
6,inference_affirm,partial,17,0.47,-0.6942153301333149,0.19706658031460042,0.09853329015730021
6,inference_affirm,standard,18,0.57,-0.6930129047901117,0.24069200649111505,0.2203460032455575
6,inference_affirm,projected,18,0.54,-0.6919348216812347,0.26325688209965703,0.2316284410498285
6,inference_affirm,partial,18,0.49,-0.6932171153532094,0.3128996084384495,0.2564498042192247
6,inference_affirm,standard,19,0.58,-0.6929511050232652,0.2640090446199418,0.23200452230997087
6,inference_affirm,projected,19,0.56,-0.6912928428180767,0.2640090446199418,0.23200452230997087
6,inference_affirm,partial,19,0.51,-0.6928333750881457,0.365550984858381,0.2827754924291905
6,inference_affirm,standard,20,0.6,-0.6928363641846744,0.2587439069779487,0.22937195348897432
6,inference_affirm,projected,20,0.6,-0.6903639756004191,0.21737496836228826,0.10868748418114413
6,inference_affirm,partial,20,0.53,-0.6917084014685719,0.46032346241425753,0.3301617312071288
6,inference_categories,standard,1,0.54,-0.693170313528451,0.044377588696799336,-0.07781120565160031
6,inference_categories,projected,1,0.54,-0.6933472565105765,0.044377588696799336,-0.07781120565160031
6,inference_categories,partial,1,0.42,-0.6937484424765427,0.04813840129822301,0.024069200649111507
6,inference_categories,standard,2,0.6,-0.6931260125012328,0.19481009275374622,0.09740504637687311
6,inference_categories,projected,2,0.61,-0.6928440726347954,0.19481009275374622,0.09740504637687311
6,inference_categories,partial,2,0.47,-0.6933389564816914,0.2625047195793723,0.13125235978968616
6,inference_categories,standard,3,0.52,-0.6931147274051933,0.34975557193240153,0.3748777859662007
6,inference_categories,projected,3,0.72,-0.6924359319991545,0.34975557193240153,0.3748777859662007
6,inference_categories,partial,3,0.52,-0.6928128894020233,0.5220007890776058,0.5610003945388029
6,inference_categories,standard,4,0.66,-0.6930587817263119,0.13463709113096747,0.2673185455654837
6,inference_categories,projected,4,0.69,-0.6918038199264998,0.13463709113096747,0.2673185455654837
6,inference_categories,partial,4,0.58,-0.6916865188460836,0.2617525570590876,0.43087627852954385
6,inference_categories,standard,5,0.61,-0.6930185314159979,0.31139528339788003,0.25569764169894
6,inference_categories,projected,5,0.62,-0.6914749529027795,0.31139528339788003,0.25569764169894
6,inference_categories,partial,5,0.49,-0.6923313652451195,0.4806318504619453,0.5403159252309727
6,inference_categories,standard,6,0.59,-0.6929826290798053,0.33320799648613736,0.2666039982430687
6,inference_categories,projected,6,0.6,-0.6912253387084921,0.33320799648613736,0.2666039982430687
6,inference_categories,partial,6,0.47,-0.6929755219576366,0.5400526895644394,0.5700263447822198
6,inference_categories,standard,7,0.57,-0.6930064515677415,0.24971795673453184,0.12485897836726592
6,inference_categories,projected,7,0.58,-0.6913200122124645,0.24971795673453184,0.12485897836726592
6,inference_categories,partial,7,0.47,-0.6930624158256679,0.5280180892398836,0.5640090446199418
6,inference_categories,standard,8,0.62,-0.6929540735099817,0.3354644840469916,0.26773224202349577
6,inference_categories,projected,8,0.63,-0.6906191697403876,0.3226777212021511,0.26133886060107553
6,inference_categories,partial,8,0.51,-0.6920993446127102,0.5129748388341889,0.5564874194170946
6,inference_categories,standard,9,0.64,-0.6929383712130989,0.3557728720946794,0.27788643604733965
6,inference_categories,projected,9,0.65,-0.6903345809574306,0.3557728720946794,0.27788643604733965
6,inference_categories,partial,9,0.49,-0.6918111425829769,0.5069575386719111,0.5534787693359555
6,inference_categories,standard,10,0.61,-0.6929961635997237,0.34373827177012367,0.2718691358850618
6,inference_categories,projected,10,0.62,-0.6909150685960954,0.3204212336412969,0.2602106168206484
6,inference_categories,partial,10,0.48,-0.6924102202805564,0.535539714442731,0.5677698572213655
6,inference_categories,standard,11,0.66,-0.6929524906250193,0.34524259681069314,0.27262129840534655
6,inference_categories,projected,11,0.63,-0.6903572274989547,0.3339601590064221,0.266980079503211
6,inference_categories,partial,11,0.5,-0.6922913669059626,0.48664915062422326,0.5433245753121116
6,inference_categories,standard,12,0.65,-0.6929622871471628,0.3587815221758183,0.27939076108790917
6,inference_categories,projected,12,0.65,-0.6903148628266691,0.3813463977843604,0.2906731988921802
6,inference_categories,partial,12,0.49,-0.6918986856684293,0.45280183721141015,0.42640091860570506
6,inference_categories,standard,13,0.58,-0.6929573580605632,0.28883040778933805,0.244415203894669
6,inference_categories,projected,13,0.59,-0.6904171410510318,0.2572395819373792,0.2286197909686896
6,inference_categories,partial,13,0.48,-0.6925017768373791,0.48890563818507743,0.44445281909253864
6,inference_categories,standard,14,0.62,-0.6928965308498356,0.29334338291104645,0.2466716914555232
6,inference_categories,projected,14,0.64,-0.6893846962369282,0.24370065657225398,0.22185032828612697
6,inference_categories,partial,14,0.44,-0.6919416759312843,0.447536699569417,0.42376834978470845
6,inference_categories,standard,15,0.6,-0.692870304693374,0.27604364494449757,0.23802182247224876
6,inference_categories,projected,15,0.61,-0.6894836743593159,0.26927418226193495,0.23463709113096745
6,inference_categories,partial,15,0.43,-0.6921495784377679,0.44076723688685443,0.5203836184434273
6,inference_categories,standard,16,0.62,-0.6927921848012738,0.3226777212021511,0.26133886060107553
6,inference_categories,projected,16,0.63,-0.6885752581957528,0.3053779832356022,0.2526889916178011
6,inference_categories,partial,16,0.46,-0.6913276956832323,0.4347499367245765,0.5173749683622884
6,inference_categories,standard,17,0.63,-0.6927805076673367,0.3008650081138938,0.25043250405694684
6,inference_categories,projected,17,0.67,-0.688177330993604,0.3076344707964564,0.2538172353982282
6,inference_categories,partial,17,0.46,-0.6907874224904517,0.4099285735551803,0.5049642867775902
6,inference_categories,standard,18,0.66,-0.6927456345270508,0.2880782452690533,0.34403912263452663
6,inference_categories,projected,18,0.68,-0.6871251716981017,0.2865739202284838,0.34328696011424187
6,inference_categories,partial,18,0.47,-0.689761498832833,0.3474990843715473,0.4737495421857737
6,inference_categories,standard,19,0.67,-0.6926836937524253,0.31365177095873426,0.3568258854793671
6,inference_categories,projected,19,0.67,-0.6864606909118721,0.27754796998506703,0.3387739849925335
6,inference_categories,partial,19,0.49,-0.6891170357269181,0.4302369616028681,0.5151184808014341
6,inference_categories,standard,20,0.68,-0.6925690602364862,0.33320799648613736,0.36660399824306866
6,inference_categories,projected,20,0.67,-0.6855423051177021,0.2971041955124701,0.34855209775623497
6,inference_categories,partial,20,0.55,-0.6878664850114988,0.436254261765146,0.518127130882573
7,choice_only,standard,1,0.61,-0.6929978726409398,0.13213501319919932,-0.03393249340040032
7,choice_only,projected,1,0.74,-0.6903955202637411,0.13213501319919932,-0.03393249340040032
7,choice_only,partial,1,0.74,-0.6903955202637411,0.13213501319919932,-0.03393249340040032
7,choice_only,standard,2,0.56,-0.6930683891156179,0.08911431122736697,-0.05544284438631649
7,choice_only,projected,2,0.73,-0.6917176264601202,0.08911431122736697,-0.05544284438631649
7,choice_only,partial,2,0.73,-0.6917176264601202,0.08911431122736697,-0.05544284438631649
7,choice_only,standard,3,0.64,-0.693004786804171,0.11523402313883663,-0.1423829884305817
7,choice_only,projected,3,0.79,-0.6907789708476081,0.11523402313883663,-0.1423829884305817
7,choice_only,partial,3,0.79,-0.6907789708476081,0.11523402313883663,-0.1423829884305817
7,choice_only,standard,4,0.53,-0.6930880662999991,0.05531233110664158,-0.07234383444667919
7,choice_only,projected,4,0.62,-0.6922754985565577,0.05531233110664158,-0.07234383444667919
7,choice_only,partial,4,0.62,-0.6922754985565577,0.05531233110664158,-0.07234383444667919
7,choice_only,standard,5,0.56,-0.692984961377462,0.13828082776660394,-0.13085958611669804
7,choice_only,projected,5,0.73,-0.6905646738524506,0.1367443741247528,-0.1316278129376236
7,choice_only,partial,5,0.73,-0.6905646738524506,0.1367443741247528,-0.1316278129376236
7,choice_only,standard,6,0.66,-0.6928131396989181,0.2504419436217382,-0.0747790281891309
7,choice_only,projected,6,0.77,-0.687581154117758,0.2504419436217382,-0.0747790281891309
7,choice_only,partial,6,0.77,-0.687581154117758,0.2504419436217382,-0.0747790281891309
7,choice_only,standard,7,0.72,-0.6926016589111655,0.2704158409658033,0.03520792048290167
7,choice_only,projected,7,0.76,-0.6840512387191418,0.2765616555332079,0.038280827766603964
7,choice_only,partial,7,0.76,-0.6840512387191418,0.2765616555332079,0.038280827766603964
7,choice_only,standard,8,0.7,-0.6924613140815018,0.2934626455935706,0.046731322796785324
7,choice_only,projected,8,0.77,-0.6822603126397191,0.29653555287727285,0.048267776438636445
7,choice_only,partial,8,0.77,-0.6822603126397191,0.29653555287727285,0.048267776438636445
7,choice_only,standard,9,0.73,-0.6922534354819706,0.14442664233400854,-0.12778667883299574
7,choice_only,projected,9,0.78,-0.6795271162285647,0.1505724569014132,-0.12471377154929342
7,choice_only,partial,9,0.78,-0.6795271162285647,0.1505724569014132,-0.12471377154929342
7,choice_only,standard,10,0.72,-0.6922209725288853,0.17208280788732935,-0.11395859605633533
7,choice_only,projected,10,0.76,-0.6792940700199265,0.17208280788732935,-0.11395859605633533
7,choice_only,partial,10,0.76,-0.6792940700199265,0.17208280788732935,-0.11395859605633533
7,choice_only,standard,11,0.71,-0.6921116128881366,0.149036003259562,-0.125481998370219
7,choice_only,projected,11,0.77,-0.6775387442992282,0.149036003259562,-0.125481998370219
7,choice_only,partial,11,0.77,-0.6775387442992282,0.149036003259562,-0.125481998370219
7,choice_only,standard,12,0.71,-0.6919659089759126,0.1567182714688178,-0.1216408642655911
7,choice_only,projected,12,0.78,-0.6756397453202923,0.16132763239437128,-0.11933618380281437
7,choice_only,partial,12,0.78,-0.6756397453202923,0.16132763239437128,-0.11933618380281437
7,choice_only,standard,13,0.73,-0.6917559266056085,0.14289018869215742,-0.1285549056539213
7,choice_only,projected,13,0.79,-0.6727479327406525,0.15518181782696663,-0.1224090910865167
7,choice_only,partial,13,0.79,-0.6727479327406525,0.15518181782696663,-0.1224090910865167
7,choice_only,standard,14,0.73,-0.6915488727105301,0.14289018869215742,-0.1285549056539213
7,choice_only,projected,14,0.79,-0.6698588886740576,0.14289018869215742,-0.1285549056539213
7,choice_only,partial,14,0.79,-0.6698588886740576,0.14289018869215742,-0.1285549056539213
7,choice_only,standard,15,0.74,-0.6915493350092484,0.14749954961771086,-0.1262502251911446
7,choice_only,projected,15,0.79,-0.6699843250318402,0.14749954961771086,-0.1262502251911446
7,choice_only,partial,15,0.79,-0.6699843250318402,0.14749954961771086,-0.1262502251911446
7,choice_only,standard,16,0.73,-0.6913378884847579,0.11677047678068779,-0.1416147616096561
7,choice_only,projected,16,0.79,-0.6673136350157788,0.10908820857143199,-0.14545589571428402
7,choice_only,partial,16,0.79,-0.6673136350157788,0.10908820857143199,-0.14545589571428402
7,choice_only,standard,17,0.76,-0.6912523470931201,0.14442664233400854,-0.12778667883299574
7,choice_only,projected,17,0.79,-0.6661044240129,0.1567182714688178,-0.1216408642655911
7,choice_only,partial,17,0.79,-0.6661044240129,0.1567182714688178,-0.1216408642655911
7,choice_only,standard,18,0.76,-0.6912481373443545,0.11062466221328315,-0.14468766889335843
7,choice_only,projected,18,0.79,-0.6658825903091927,0.11062466221328315,-0.14468766889335843
7,choice_only,partial,18,0.79,-0.6658825903091927,0.11062466221328315,-0.14468766889335843
7,choice_only,standard,19,0.77,-0.6911924699371705,0.10755175492958084,-0.14622412253520958
7,choice_only,projected,19,0.79,-0.6651684690963638,0.09833303307847391,-0.15083348346076306
7,choice_only,partial,19,0.79,-0.6651684690963638,0.09833303307847391,-0.15083348346076306
7,choice_only,standard,20,0.74,-0.6910148616625491,0.07989558937626004,-0.16005220531186998
7,choice_only,projected,20,0.79,-0.6626398775543676,0.10294239400402738,-0.14852880299798632
7,choice_only,partial,20,0.79,-0.6626398775543676,0.10294239400402738,-0.14852880299798632
7,inference_affirm,standard,1,0.61,-0.6929978726409398,0.13213501319919932,-0.03393249340040032
7,inference_affirm,projected,1,0.74,-0.6903955202637411,0.13213501319919932,-0.03393249340040032
7,inference_affirm,partial,1,0.6,-0.6918533367583385,0.43036884294003974,0.31518442147001985
7,inference_affirm,standard,2,0.56,-0.6930683891156179,0.08911431122736697,-0.05544284438631649
7,inference_affirm,projected,2,0.73,-0.6917176264601202,0.08911431122736697,-0.05544284438631649
7,inference_affirm,partial,2,0.57,-0.6928974438264008,0.5085661554527322,0.45428307772636606
7,inference_affirm,standard,3,0.64,-0.693004786804171,0.11523402313883663,-0.1423829884305817
7,inference_affirm,projected,3,0.79,-0.6907789708476081,0.11523402313883663,-0.1423829884305817
7,inference_affirm,partial,3,0.6,-0.6921028886273768,0.44864446342053727,0.22432223171026863
7,inference_affirm,standard,4,0.53,-0.6930880662999991,0.05531233110664158,-0.07234383444667919
7,inference_affirm,projected,4,0.62,-0.6922754985565577,0.05531233110664158,-0.07234383444667919
7,inference_affirm,partial,4,0.52,-0.6934898709638806,0.4593996389134953,0.22969981945674764
7,inference_affirm,standard,5,0.56,-0.692984961377462,0.13828082776660394,-0.13085958611669804
7,inference_affirm,projected,5,0.73,-0.6905646738524506,0.1367443741247528,-0.1316278129376236
7,inference_affirm,partial,5,0.61,-0.692007830431309,0.5039567945271789,0.25197839726358945
7,inference_affirm,standard,6,0.66,-0.6928131396989181,0.2504419436217382,-0.0747790281891309
7,inference_affirm,projected,6,0.77,-0.687581154117758,0.2504419436217382,-0.0747790281891309
7,inference_affirm,partial,6,0.65,-0.6904510658184226,0.48090998989941147,0.24045499494970574
7,inference_affirm,standard,7,0.72,-0.6926016589111655,0.2704158409658033,0.03520792048290167
7,inference_affirm,projected,7,0.76,-0.6840512387191418,0.2765616555332079,0.038280827766603964
7,inference_affirm,partial,7,0.65,-0.6904089507244704,0.5899981984708434,0.2949990992354217
7,inference_affirm,standard,8,0.7,-0.6924613140815018,0.2934626455935706,0.046731322796785324
7,inference_affirm,projected,8,0.77,-0.6822603126397191,0.29653555287727285,0.048267776438636445
7,inference_affirm,partial,8,0.66,-0.689130601904487,0.5223942382293927,0.16119711911469636
7,inference_affirm,standard,9,0.68,-0.6926702012140623,0.36567596676057484,0.08283798338028744
7,inference_affirm,projected,9,0.76,-0.6851522419114738,0.36567596676057484,0.08283798338028744
7,inference_affirm,partial,9,0.65,-0.6885789050542731,0.4501809170623884,0.12509045853119422
7,inference_affirm,standard,10,0.7,-0.6926373822471664,0.33801980120725406,0.06900990060362705
7,inference_affirm,projected,10,0.73,-0.6848874350992873,0.33801980120725406,0.06900990060362705
7,inference_affirm,partial,10,0.65,-0.688071610855894,0.44403510249498374,0.22201755124749187
7,inference_affirm,standard,11,0.61,-0.6927472699090096,0.29653555287727285,0.048267776438636445
7,inference_affirm,projected,11,0.74,-0.6867576121741032,0.29653555287727285,0.048267776438636445
7,inference_affirm,partial,11,0.67,-0.6894030118683737,0.45786318527164416,0.22893159263582208
7,inference_affirm,standard,12,0.68,-0.6926005800558134,0.3426291621328076,0.07131458106640381
7,inference_affirm,projected,12,0.78,-0.6846965650443263,0.3426291621328076,0.07131458106640381
7,inference_affirm,partial,12,0.71,-0.6874480595520744,0.485519350824965,0.2427596754124825
7,inference_affirm,standard,13,0.74,-0.6923894923399365,0.2949990992354217,0.047499549617710884
7,inference_affirm,projected,13,0.77,-0.6815891402657915,0.2949990992354217,0.047499549617710884
7,inference_affirm,partial,13,0.69,-0.6870422205823928,0.5085661554527322,0.2542830777263661
7,inference_affirm,standard,14,0.77,-0.6921812334575982,0.23968676812878015,0.019843384064390096
7,inference_affirm,projected,14,0.77,-0.6784988032565457,0.23815031448692897,0.019075157243464508
7,inference_affirm,partial,14,0.74,-0.6836998568548825,0.5193213309456902,0.2596606654728451
7,inference_affirm,standard,15,0.77,-0.6921819317157066,0.28731683102616595,0.043658415513083
7,inference_affirm,projected,15,0.78,-0.6786522627653271,0.2934626455935706,0.046731322796785324
7,inference_affirm,partial,15,0.72,-0.6847058948820403,0.525467145513095,0.2627335727565475
7,inference_affirm,standard,16,0.77,-0.6919688926678746,0.17361926152918047,-0.01319036923540974
7,inference_affirm,projected,16,0.78,-0.6757413199160424,0.15518181782696663,-0.02240909108651666
7,inference_affirm,partial,16,0.71,-0.6829333466914629,0.5300765064386483,0.36503825321932415
7,inference_affirm,standard,17,0.78,-0.6918835684262542,0.20281188072435244,0.0014059403621762417
7,inference_affirm,projected,17,0.79,-0.6745240062321386,0.21510350985916168,0.0075517549295808645
7,inference_affirm,partial,17,0.72,-0.6820886314696366,0.516248423661988,0.258124211830994
7,inference_affirm,standard,18,0.76,-0.691887753992569,0.2427596754124825,0.021379837706241273
7,inference_affirm,projected,18,0.79,-0.6747456221520559,0.298072006519124,0.04903600325956203
7,inference_affirm,partial,18,0.73,-0.6829201330592116,0.5039567945271789,0.25197839726358945
7,inference_affirm,standard,19,0.79,-0.6918319067445161,0.21663996350101283,0.008319981750506439
7,inference_affirm,projected,19,0.78,-0.6740015587787715,0.2135670562173105,0.006783528108655276
7,inference_affirm,partial,19,0.73,-0.6824761731465755,0.5346858673642019,0.3673429336821009
7,inference_affirm,standard,20,0.79,-0.6916527283429394,0.19666606615694782,-0.1016669669215261
7,inference_affirm,projected,20,0.78,-0.6712343439847479,0.19205670523139434,-0.003971647384302807
7,inference_affirm,partial,20,0.71,-0.6822953667947648,0.5792430229778854,0.3896215114889427
7,inference_categories,standard,1,0.61,-0.6929978726409398,0.13213501319919932,-0.03393249340040032
7,inference_categories,projected,1,0.74,-0.6903955202637411,0.13213501319919932,-0.03393249340040032
7,inference_categories,partial,1,0.64,-0.691957347228324,0.3917956786720445,0.2958978393360222
7,inference_categories,standard,2,0.56,-0.6930683891156179,0.08911431122736697,-0.05544284438631649
7,inference_categories,projected,2,0.73,-0.6917176264601202,0.08911431122736697,-0.05544284438631649
7,inference_categories,partial,2,0.5,-0.6931383785866216,0.4240612051509188,0.4120306025754593
7,inference_categories,standard,3,0.48,-0.6931320467012086,-0.09526012579477161,-0.14763006289738578
7,inference_categories,projected,3,0.61,-0.6926631083323003,-0.09526012579477161,-0.14763006289738578
7,inference_categories,partial,3,0.43,-0.6938100739945149,0.35031143034206336,0.37515571517103163
7,inference_categories,standard,4,0.58,-0.6930488499288073,0.09679657943662276,-0.0516017102816886
7,inference_categories,projected,4,0.7,-0.6911769356346652,0.09679657943662276,-0.0516017102816886
7,inference_categories,partial,4,0.62,-0.6918628185545002,0.39333213231389563,0.2966660661569478
7,inference_categories,standard,5,0.6,-0.6929458506496691,0.2012754270825013,0.20063771354125062
7,inference_categories,projected,5,0.82,-0.6894743151529285,0.2012754270825013,0.20063771354125062
7,inference_categories,partial,5,0.66,-0.6904354494809769,0.41330602965796065,0.30665301482898033
7,inference_categories,standard,6,0.67,-0.6927741360874536,0.2719522946076544,0.1359761473038272
7,inference_categories,projected,6,0.77,-0.686510458412653,0.2719522946076544,0.1359761473038272
7,inference_categories,partial,6,0.64,-0.6908313998781473,0.43327992700202567,0.21663996350101283
7,inference_categories,standard,7,0.73,-0.6925630038265403,0.2458325826961848,0.1229162913480924
7,inference_categories,projected,7,0.76,-0.6830245601802898,0.2458325826961848,0.1229162913480924
7,inference_categories,partial,7,0.58,-0.6915725715142337,0.5638784865593739,0.4819392432796869
7,inference_categories,standard,8,0.75,-0.6924226563592738,0.23815031448692897,0.11907515724346449
7,inference_categories,projected,8,0.76,-0.6812410283824321,0.22432223171026863,0.11216111585513432
7,inference_categories,partial,8,0.62,-0.6902920852188188,0.46708190712275116,0.3335409535613756
7,inference_categories,standard,9,0.7,-0.6926313793435205,0.30729072837023097,0.25364536418511546
7,inference_categories,projected,9,0.79,-0.6841044256591101,0.30729072837023097,0.25364536418511546
7,inference_categories,partial,9,0.64,-0.6896465187872675,0.34109270849095635,0.17054635424547818
7,inference_categories,standard,10,0.75,-0.6925985972461584,0.3288010793561471,0.16440053967807355
7,inference_categories,projected,10,0.76,-0.6838362805397376,0.3288010793561471,0.16440053967807355
7,inference_categories,partial,10,0.68,-0.6890249073102241,0.2719522946076544,0.1359761473038272
7,inference_categories,standard,11,0.69,-0.6927084177535417,0.3364833475654029,0.16824167378270144
7,inference_categories,projected,11,0.77,-0.685708473150949,0.32726462571429593,0.16363231285714797
7,inference_categories,partial,11,0.6,-0.6904449621185084,0.22893159263582208,0.11446579631791104
7,inference_categories,standard,12,0.74,-0.6925617988283984,0.3687488740442772,0.1843744370221386
7,inference_categories,projected,12,0.79,-0.683655327470519,0.3687488740442772,0.1843744370221386
7,inference_categories,partial,12,0.72,-0.6875470866695338,0.29960846016097514,0.14980423008048757
7,inference_categories,standard,13,0.73,-0.6923508632698736,0.31804590386318904,0.05902295193159454
7,inference_categories,projected,13,0.78,-0.6805731277827207,0.31804590386318904,0.05902295193159454
7,inference_categories,partial,13,0.7,-0.6876611176873724,0.34109270849095635,0.17054635424547818
7,inference_categories,standard,14,0.77,-0.6921426493596597,0.2919261919517195,0.045963095975859763
7,inference_categories,projected,14,0.78,-0.677485392988267,0.31804590386318904,0.05902295193159454
7,inference_categories,partial,14,0.79,-0.6843730177915691,0.3533843376257656,0.1766921688128828
7,inference_categories,standard,15,0.75,-0.6921432954610242,0.3334104402817006,0.1667052201408503
7,inference_categories,projected,15,0.78,-0.6776363738899432,0.3334104402817006,0.1667052201408503
7,inference_categories,partial,15,0.79,-0.6853743827962007,0.32265526478874257,0.16132763239437128
7,inference_categories,standard,16,0.78,-0.6919304646378462,0.278098109175059,0.039049054587529525
7,inference_categories,projected,16,0.78,-0.6747456190896564,0.278098109175059,0.039049054587529525
7,inference_categories,partial,16,0.81,-0.6822620550689497,0.3579936985513191,0.17899684927565954
7,inference_categories,standard,17,0.79,-0.6918451239311862,0.26734293368210094,0.03367146684105049
7,inference_categories,projected,17,0.78,-0.6735378181320674,0.26734293368210094,0.03367146684105049
7,inference_categories,partial,17,0.81,-0.6819777176365398,0.37335823496983067,0.18667911748491534
7,inference_categories,standard,18,0.79,-0.691849337016829,0.2919261919517195,0.045963095975859763
7,inference_categories,projected,18,0.78,-0.6737604977010172,0.2919261919517195,0.045963095975859763
7,inference_categories,partial,18,0.78,-0.6826416895048397,0.3994779468813003,0.19973897344065014
7,inference_categories,standard,19,0.79,-0.6919052945685304,0.3042178210865287,0.05210891054326436
7,inference_categories,projected,19,0.77,-0.6745163196799824,0.30729072837023097,0.15364536418511548
7,inference_categories,partial,19,0.76,-0.6830685039611483,0.3718217813279795,0.18591089066398975
7,inference_categories,standard,20,0.76,-0.6917263044785744,0.30729072837023097,0.05364536418511551
7,inference_categories,projected,20,0.78,-0.6717367089566213,0.30729072837023097,0.05364536418511551
7,inference_categories,partial,20,0.69,-0.6840041391451638,0.4056237614487049,0.20281188072435244
8,choice_only,standard,1,0.63,-0.6930463929529246,0.2944783730110459,0.04723918650552297
8,choice_only,projected,1,0.59,-0.6926373297271285,0.2944783730110459,0.04723918650552297
8,choice_only,partial,1,0.59,-0.6926373297271285,0.2944783730110459,0.04723918650552297
8,choice_only,standard,2,0.53,-0.6931342023137926,0.25204633079043404,0.02602316539521704
8,choice_only,projected,2,0.57,-0.6937241415555647,0.25204633079043404,0.02602316539521704
8,choice_only,partial,2,0.57,-0.6937241415555647,0.25204633079043404,0.02602316539521704
8,choice_only,standard,3,0.64,-0.6929785739978064,0.38443430251874294,0.0922171512593715
8,choice_only,projected,3,0.63,-0.6911090369001179,0.38443430251874294,0.0922171512593715
8,choice_only,partial,3,0.63,-0.6911090369001179,0.38443430251874294,0.0922171512593715
8,choice_only,standard,4,0.65,-0.6929284089943119,0.38019109829668174,0.09009554914834089
8,choice_only,projected,4,0.63,-0.690525789161606,0.39461799265168973,0.09730899632584489
8,choice_only,partial,4,0.63,-0.690525789161606,0.39461799265168973,0.09730899632584489
8,choice_only,standard,5,0.56,-0.6931046700354554,0.3403049786093067,0.07015248930465337
8,choice_only,projected,5,0.59,-0.6923160836347532,0.3403049786093067,0.07015248930465337
8,choice_only,partial,5,0.59,-0.6923160836347532,0.3403049786093067,0.07015248930465337
8,choice_only,standard,6,0.76,-0.6927479749763447,0.4260177038949424,0.11300885194747123
8,choice_only,projected,6,0.84,-0.687586588794207,0.4260177038949424,0.11300885194747123
8,choice_only,partial,6,0.84,-0.687586588794207,0.4260177038949424,0.11300885194747123
8,choice_only,standard,7,0.73,-0.6927013776982437,0.41668265460640785,0.10834132730320395
8,choice_only,projected,7,0.83,-0.6874164201974656,0.4217744996728813,0.11088724983644066
8,choice_only,partial,7,0.83,-0.6874164201974656,0.4217744996728813,0.11088724983644066
8,choice_only,standard,8,0.75,-0.6926654073673687,0.4837252813149745,0.14186264065748727
8,choice_only,projected,8,0.81,-0.6871109932311108,0.4837252813149745,0.14186264065748727
8,choice_only,partial,8,0.81,-0.6871109932311108,0.4837252813149745,0.14186264065748727
8,choice_only,standard,9,0.72,-0.6927154044330444,0.3903747884296286,0.09518739421481431
8,choice_only,projected,9,0.79,-0.6879666230528311,0.3903747884296286,0.09518739421481431
8,choice_only,partial,9,0.79,-0.6879666230528311,0.3903747884296286,0.09518739421481431
8,choice_only,standard,10,0.61,-0.6929281229635045,0.38103973914109396,0.090519869570547
8,choice_only,projected,10,0.6,-0.6900726441106939,0.38103973914109396,0.090519869570547
8,choice_only,partial,10,0.6,-0.6900726441106939,0.38103973914109396,0.090519869570547
8,choice_only,standard,11,0.7,-0.692850392349928,0.36661284478608597,0.083306422393043
8,choice_only,projected,11,0.67,-0.6886797676872789,0.37764517576344503,0.08882258788172254
8,choice_only,partial,11,0.67,-0.6886797676872789,0.37764517576344503,0.08882258788172254
8,choice_only,standard,12,0.66,-0.6928220247242622,0.5057899432696926,0.15289497163484633
8,choice_only,projected,12,0.71,-0.6884490208052463,0.5312491686020597,0.1656245843010299
8,choice_only,partial,12,0.71,-0.6884490208052463,0.5312491686020597,0.1656245843010299
8,choice_only,standard,13,0.61,-0.6929113251856371,0.4081962461622855,0.10409812308114277
8,choice_only,projected,13,0.66,-0.6890629400885419,0.4557201334493707,0.12786006672468536
8,choice_only,partial,13,0.66,-0.6890629400885419,0.4557201334493707,0.12786006672468536
8,choice_only,standard,14,0.71,-0.6927564359826367,0.5354923728241209,0.16774618641206046
8,choice_only,projected,14,0.75,-0.6872052402022365,0.5354923728241209,0.16774618641206046
8,choice_only,partial,14,0.75,-0.6872052402022365,0.5354923728241209,0.16774618641206046
8,choice_only,standard,15,0.76,-0.6927089338900548,0.5337950911352964,0.16689754556764824
8,choice_only,projected,15,0.8,-0.6864813163169188,0.5592543164676635,0.1796271582338318
8,choice_only,partial,15,0.8,-0.6864813163169188,0.5592543164676635,0.1796271582338318
8,choice_only,standard,16,0.82,-0.6925846301728825,0.5405842178905943,0.17029210894529717
8,choice_only,projected,16,0.81,-0.6851502417974109,0.5405842178905943,0.17029210894529717
8,choice_only,partial,16,0.81,-0.6851502417974109,0.5405842178905943,0.17029210894529717
8,choice_only,standard,17,0.78,-0.6925572704420975,0.5083358658029293,0.1541679329014647
8,choice_only,projected,17,0.76,-0.6849376865469506,0.5083358658029293,0.1541679329014647
8,choice_only,partial,17,0.76,-0.6849376865469506,0.5083358658029293,0.1541679329014647
8,choice_only,standard,18,0.79,-0.6924582493905953,0.5100331474917538,0.1550165737458769
8,choice_only,projected,18,0.76,-0.6839798893370934,0.5100331474917538,0.1550165737458769
8,choice_only,partial,18,0.76,-0.6839798893370934,0.5100331474917538,0.1550165737458769
8,choice_only,standard,19,0.77,-0.6924445526777073,0.5100331474917538,0.1550165737458769
8,choice_only,projected,19,0.79,-0.6834420590780474,0.5100331474917538,0.1550165737458769
8,choice_only,partial,19,0.79,-0.6834420590780474,0.5100331474917538,0.1550165737458769
8,choice_only,standard,20,0.78,-0.6924320261460924,0.5371896545129453,0.16859482725647268
8,choice_only,projected,20,0.79,-0.6831607287186818,0.5100331474917538,0.1550165737458769
8,choice_only,partial,20,0.79,-0.6831607287186818,0.5100331474917538,0.1550165737458769
8,inference_affirm,standard,1,0.63,-0.6930463929529246,0.2944783730110459,0.04723918650552297
8,inference_affirm,projected,1,0.59,-0.6926373297271285,0.2944783730110459,0.04723918650552297
8,inference_affirm,partial,1,0.59,-0.6925720098221032,0.40155810948921555,0.1007790547446078
8,inference_affirm,standard,2,0.53,-0.6931342023137926,0.25204633079043404,0.02602316539521704
8,inference_affirm,projected,2,0.57,-0.6937241415555647,0.25204633079043404,0.02602316539521704
8,inference_affirm,partial,2,0.58,-0.6930697011692369,0.35727779549755134,0.0786388977487757
8,inference_affirm,standard,3,0.64,-0.6929785739978064,0.38443430251874294,0.0922171512593715
8,inference_affirm,projected,3,0.63,-0.6911090369001179,0.38443430251874294,0.0922171512593715
8,inference_affirm,partial,3,0.71,-0.6898242234668684,0.5685893657561981,0.28429468287809906
8,inference_affirm,standard,4,0.65,-0.6929284089943119,0.38019109829668174,0.09009554914834089
8,inference_affirm,projected,4,0.63,-0.690525789161606,0.39461799265168973,0.09730899632584489
8,inference_affirm,partial,4,0.7,-0.6894532126487196,0.5422814995794187,0.1711407497897094
8,inference_affirm,standard,5,0.56,-0.6931046700354554,0.3403049786093067,0.07015248930465337
8,inference_affirm,projected,5,0.59,-0.6923160836347532,0.3403049786093067,0.07015248930465337
8,inference_affirm,partial,5,0.61,-0.6911248507912653,0.5626488798453124,0.2813244399226562
8,inference_affirm,standard,6,0.76,-0.6927479749763447,0.4260177038949424,0.11300885194747123
8,inference_affirm,projected,6,0.84,-0.687586588794207,0.4260177038949424,0.11300885194747123
8,inference_affirm,partial,6,0.57,-0.6910411124754035,0.7137069501506904,0.4568534750753452
8,inference_affirm,standard,7,0.74,-0.6927946690764384,0.4548714926049585,0.12743574630247928
8,inference_affirm,projected,7,0.82,-0.6877626147250434,0.45147692922730953,0.1257384646136548
8,inference_affirm,partial,7,0.57,-0.6913667905922556,0.7451066613939432,0.4725533306969716
8,inference_affirm,standard,8,0.71,-0.6928306829872584,0.36661284478608597,0.083306422393043
8,inference_affirm,projected,8,0.79,-0.6880746446859024,0.38273702082991845,0.09136851041495925
8,inference_affirm,partial,8,0.57,-0.6913455945745074,0.7366202529498208,0.4683101264749104
8,inference_affirm,standard,9,0.68,-0.692780766003608,0.41413673207317114,0.1070683660365856
8,inference_affirm,projected,9,0.76,-0.6872329935525159,0.41413673207317114,0.1070683660365856
8,inference_affirm,partial,9,0.57,-0.6915902969919047,0.7671713233486613,0.48358566167433065
8,inference_affirm,standard,10,0.62,-0.6929936711636117,0.44553644331642395,0.122768221658212
8,inference_affirm,projected,10,0.77,-0.6893185359130349,0.44553644331642395,0.122768221658212
8,inference_affirm,partial,10,0.58,-0.6911479057963509,0.7137069501506904,0.3568534750753452
8,inference_affirm,standard,11,0.63,-0.6929160196731217,0.4616606193602564,0.030830309680128176
8,inference_affirm,projected,11,0.83,-0.6879344016889938,0.4616606193602564,0.030830309680128176
8,inference_affirm,partial,11,0.56,-0.6909409817358534,0.7374688937942332,0.4687344468971166
8,inference_affirm,standard,12,0.64,-0.6928876640423032,0.4726929503376155,0.036346475168807735
8,inference_affirm,projected,12,0.83,-0.6877117300883296,0.4548714926049585,0.027435746302479247
8,inference_affirm,partial,12,0.58,-0.6907229370463718,0.7680199641930736,0.4840099820965368
8,inference_affirm,standard,13,0.6,-0.6929769189002432,0.5023953798920436,0.05119768994602181
8,inference_affirm,projected,13,0.81,-0.6883035351028667,0.4862712038482112,0.04313560192410559
8,inference_affirm,partial,13,0.55,-0.6913412057174254,0.773111809259547,0.5865559046297735
8,inference_affirm,standard,14,0.64,-0.6928226345330747,0.48542256300379905,0.04271128150189951
8,inference_affirm,projected,14,0.79,-0.6865191384294846,0.48542256300379905,0.04271128150189951
8,inference_affirm,partial,14,0.58,-0.6898441079071017,0.8011169571251509,0.5005584785625754
8,inference_affirm,standard,15,0.64,-0.6928700586830172,0.4608119785158441,0.03040598925792204
8,inference_affirm,projected,15,0.78,-0.687230974800365,0.4446878024720117,0.022343901236005825
8,inference_affirm,partial,15,0.59,-0.6899707110335644,0.8265761824575178,0.513288091228759
8,inference_affirm,standard,16,0.68,-0.6927452733130175,0.4726929503376155,0.036346475168807735
8,inference_affirm,projected,16,0.83,-0.6858756375015769,0.48542256300379905,0.14271128150189955
8,inference_affirm,partial,16,0.6,-0.6895407080955387,0.8028142388139752,0.5014071194069876
8,inference_affirm,standard,17,0.71,-0.6927178726519101,0.46844974611555423,0.034224873057777105
8,inference_affirm,projected,17,0.86,-0.6856438203757941,0.46844974611555423,0.034224873057777105
8,inference_affirm,partial,17,0.64,-0.688818949046821,0.7824468585480816,0.5912234292740408
8,inference_affirm,standard,18,0.73,-0.6926187373108871,0.4701470278043787,0.03507351390218935
8,inference_affirm,projected,18,0.87,-0.6846701774907297,0.4701470278043787,0.03507351390218935
8,inference_affirm,partial,18,0.63,-0.6880078442713295,0.795176471214265,0.5975882356071325
8,inference_affirm,standard,19,0.74,-0.6926050136503025,0.4667524644267298,0.03337623221336489
8,inference_affirm,projected,19,0.85,-0.6841440024804468,0.4667524644267298,0.03337623221336489
8,inference_affirm,partial,19,0.65,-0.6878451615623091,0.784144140236906,0.492072070118453
8,inference_affirm,standard,20,0.74,-0.692592431102465,0.4667524644267298,0.03337623221336489
8,inference_affirm,projected,20,0.85,-0.6838627370316764,0.4667524644267298,0.03337623221336489
8,inference_affirm,partial,20,0.64,-0.6875645841690199,0.7968737529030896,0.4984368764515448
8,inference_categories,standard,1,0.63,-0.6930463929529246,0.2944783730110459,0.04723918650552297
8,inference_categories,projected,1,0.59,-0.6926373297271285,0.2944783730110459,0.04723918650552297
8,inference_categories,partial,1,0.57,-0.6928283910627634,0.26138138007896866,0.030690690039484353
8,inference_categories,standard,2,0.53,-0.6931342023137926,0.25204633079043404,0.02602316539521704
8,inference_categories,projected,2,0.57,-0.6937241415555647,0.25204633079043404,0.02602316539521704
8,inference_categories,partial,2,0.56,-0.6932505455209832,0.2953270138554581,0.14766350692772906
8,inference_categories,standard,3,0.64,-0.6929785739978064,0.38443430251874294,0.0922171512593715
8,inference_categories,projected,3,0.63,-0.6911090369001179,0.38443430251874294,0.0922171512593715
8,inference_categories,partial,3,0.7,-0.689985754614924,0.49221168975909685,0.24610584487954842
8,inference_categories,standard,4,0.65,-0.6929284089943119,0.38019109829668174,0.09009554914834089
8,inference_categories,projected,4,0.63,-0.690525789161606,0.39461799265168973,0.09730899632584489
8,inference_categories,partial,4,0.69,-0.6894775438676889,0.49900081651439476,0.24950040825719738
8,inference_categories,standard,5,0.69,-0.6927523124009024,0.4378986757167137,0.11894933785835687
8,inference_categories,projected,5,0.69,-0.6887634113025589,0.4378986757167137,0.11894933785835687
8,inference_categories,partial,5,0.71,-0.6878868030822082,0.5227627601579373,0.26138138007896866
8,inference_categories,standard,6,0.79,-0.6923967505660797,0.5125790700249905,0.15628953501249526
8,inference_categories,projected,6,0.81,-0.6841767629884213,0.5125790700249905,0.15628953501249526
8,inference_categories,partial,6,0.8,-0.687585855551662,0.6840045205962623,0.34200226029813113
8,inference_categories,standard,7,0.78,-0.6923502022699989,0.4888171263814479,0.24440856319072396
8,inference_categories,projected,7,0.8,-0.68400725012813,0.4888171263814479,0.24440856319072396
8,inference_categories,partial,7,0.76,-0.6876893118806039,0.636480633309177,0.3182403166545885
8,inference_categories,standard,8,0.76,-0.6923861704555082,0.4888171263814479,0.24440856319072396
8,inference_categories,projected,8,0.82,-0.6843147515084125,0.49984945735880704,0.24992472867940352
8,inference_categories,partial,8,0.76,-0.6876604657716028,0.5948972319329775,0.29744861596648875
8,inference_categories,standard,9,0.77,-0.6923363995347478,0.49136304891468463,0.24568152445734232
8,inference_categories,projected,9,0.81,-0.6834910057470895,0.5091845066473416,0.2545922533236708
8,inference_categories,partial,9,0.76,-0.6878954092693371,0.6220537389541689,0.31102686947708447
8,inference_categories,standard,10,0.8,-0.692549321787885,0.4905144080702724,0.14525720403513623
8,inference_categories,projected,10,0.84,-0.6855792142827443,0.47439023202643993,0.13719511601322
8,inference_categories,partial,10,0.81,-0.6871145795244038,0.575378492511496,0.287689246255748
8,inference_categories,standard,11,0.82,-0.6924718434570168,0.4642065418934931,0.13210327094674656
8,inference_categories,projected,11,0.84,-0.6842250195115078,0.4642065418934931,0.13210327094674656
8,inference_categories,partial,11,0.81,-0.6867882256120034,0.5864108234888551,0.3932054117444275
8,inference_categories,standard,12,0.81,-0.6924435154872554,0.5422814995794187,0.1711407497897094
8,inference_categories,projected,12,0.85,-0.6839970570995433,0.5422814995794187,0.1711407497897094
8,inference_categories,partial,12,0.79,-0.6866526141399634,0.5991404361550386,0.3995702180775193
8,inference_categories,standard,13,0.78,-0.6925326434973195,0.49815217566998254,0.1490760878349913
8,inference_categories,projected,13,0.81,-0.6845868788796545,0.49815217566998254,0.1490760878349913
8,inference_categories,partial,13,0.75,-0.6871895502398695,0.564346161534137,0.2821730807670685
8,inference_categories,standard,14,0.8,-0.6923787573147366,0.5422814995794187,0.1711407497897094
8,inference_categories,projected,14,0.85,-0.6828105270276403,0.5422814995794187,0.1711407497897094
8,inference_categories,partial,14,0.81,-0.6855832147194509,0.6322374290871159,0.31611871454355794
8,inference_categories,standard,15,0.78,-0.6923314196443825,0.5117304291805783,0.15586521459028918
8,inference_categories,projected,15,0.85,-0.6821124366114302,0.5117304291805783,0.15586521459028918
8,inference_categories,partial,15,0.82,-0.6847545718541989,0.6322374290871159,0.31611871454355794
8,inference_categories,standard,16,0.79,-0.6922069730340459,0.5185195559358762,0.1592597779679381
8,inference_categories,projected,16,0.87,-0.6807788867820201,0.5185195559358762,0.1592597779679381
8,inference_categories,partial,16,0.83,-0.6842524759369185,0.6356319924647648,0.41781599623238236
8,inference_categories,standard,17,0.81,-0.6922344553953947,0.521914119313525,0.16095705965676255
8,inference_categories,projected,17,0.83,-0.681014039089795,0.521914119313525,0.16095705965676255
8,inference_categories,partial,17,0.84,-0.6847924479612612,0.6882477248183233,0.44412386240916163
8,inference_categories,standard,18,0.79,-0.6921355755204042,0.5202168376247007,0.16010841881235038
8,inference_categories,projected,18,0.86,-0.6800605836918392,0.5202168376247007,0.16010841881235038
8,inference_categories,partial,18,0.83,-0.683947952274443,0.6356319924647648,0.41781599623238236
8,inference_categories,standard,19,0.8,-0.6921492928739871,0.5473733446458922,0.1736866723229461
8,inference_categories,projected,19,0.86,-0.6805844197996067,0.5473733446458922,0.1736866723229461
8,inference_categories,partial,19,0.8,-0.6840711932382613,0.6339347107759402,0.4169673553879701
8,inference_categories,standard,20,0.8,-0.6921365963998444,0.5473733446458922,0.1736866723229461
8,inference_categories,projected,20,0.87,-0.6802972176752092,0.5473733446458922,0.1736866723229461
8,inference_categories,partial,20,0.82,-0.6838304985429429,0.6229023797985812,0.4114511898992906
9,choice_only,standard,1,0.48,-0.6931241733779956,-0.008822377083093068,-0.30441118854154653
9,choice_only,projected,1,0.51,-0.6929270760873572,-0.008822377083093068,-0.30441118854154653
9,choice_only,partial,1,0.51,-0.6929270760873572,-0.008822377083093068,-0.30441118854154653
9,choice_only,standard,2,0.64,-0.6930311554890887,0.17468306624524274,-0.2126584668773786
9,choice_only,projected,2,0.63,-0.6917195363867162,0.17468306624524274,-0.2126584668773786
9,choice_only,partial,2,0.63,-0.6917195363867162,0.17468306624524274,-0.2126584668773786
9,choice_only,standard,3,0.52,-0.6930913188228266,0.2064436237443778,-0.1967781881278111
9,choice_only,projected,3,0.55,-0.6921710769859607,0.2064436237443778,-0.1967781881278111
9,choice_only,partial,3,0.55,-0.6921710769859607,0.2064436237443778,-0.1967781881278111
9,choice_only,standard,4,0.46,-0.6931374448287219,-0.10057509874726096,-0.4502875493736305
9,choice_only,projected,4,0.45,-0.6933373998750418,-0.10057509874726096,-0.4502875493736305
9,choice_only,partial,4,0.45,-0.6933373998750418,-0.10057509874726096,-0.4502875493736305
9,choice_only,standard,5,0.51,-0.6930912083871524,-0.08822377083093068,-0.44411188541546537
9,choice_only,projected,5,0.5,-0.6927597136292901,-0.08822377083093068,-0.44411188541546537
9,choice_only,partial,5,0.5,-0.6927597136292901,-0.08822377083093068,-0.44411188541546537
9,choice_only,standard,6,0.55,-0.6930298834600545,0.13410013166301463,-0.3329499341684927
9,choice_only,projected,6,0.59,-0.6912568526537668,0.13410013166301463,-0.3329499341684927
9,choice_only,partial,6,0.59,-0.6912568526537668,0.13410013166301463,-0.3329499341684927
9,choice_only,standard,7,0.55,-0.6929590999083611,0.19938572207790334,-0.3003071389610483
9,choice_only,projected,7,0.59,-0.6899817839985296,0.19938572207790334,-0.3003071389610483
9,choice_only,partial,7,0.59,-0.6899817839985296,0.19938572207790334,-0.3003071389610483
9,choice_only,standard,8,0.58,-0.6929220322604805,0.2223239024939453,-0.18883804875302734
9,choice_only,projected,8,0.6,-0.6897253486651603,0.2223239024939453,-0.18883804875302734
9,choice_only,partial,8,0.6,-0.6897253486651603,0.2223239024939453,-0.18883804875302734
9,choice_only,standard,9,0.55,-0.6928991469589743,0.17115411541200548,-0.31442294229399725
9,choice_only,projected,9,0.58,-0.6895463642454865,0.18526991874495444,-0.3073650406275228
9,choice_only,partial,9,0.58,-0.6895463642454865,0.18526991874495444,-0.3073650406275228
9,choice_only,standard,10,0.55,-0.6928433735157279,0.20997257457761498,-0.1950137127111925
9,choice_only,projected,10,0.59,-0.6889173148415731,0.1958567712446661,-0.20207161437766694
9,choice_only,partial,10,0.59,-0.6889173148415731,0.1958567712446661,-0.20207161437766694
9,choice_only,standard,11,0.56,-0.692760514830609,0.20115019749452193,-0.2994249012527391
9,choice_only,projected,11,0.6,-0.6874081788044739,0.22761732874380114,-0.18619133562809942
9,choice_only,partial,11,0.6,-0.6874081788044739,0.22761732874380114,-0.18619133562809942
9,choice_only,standard,12,0.58,-0.6927066562667398,0.2981963454085456,-0.15090182729572718
9,choice_only,projected,12,0.62,-0.6865911061904051,0.2981963454085456,-0.15090182729572718
9,choice_only,partial,12,0.62,-0.6865911061904051,0.2981963454085456,-0.15090182729572718
9,choice_only,standard,13,0.58,-0.692705204913517,0.2593778862429362,-0.1703110568785319
9,choice_only,projected,13,0.62,-0.6858722775509465,0.25761341082631756,-0.1711932945868412
9,choice_only,partial,13,0.62,-0.6858722775509465,0.25761341082631756,-0.1711932945868412
9,choice_only,standard,14,0.58,-0.6925943702007392,0.310547673324876,-0.144726163337562
9,choice_only,projected,14,0.62,-0.6841983961992605,0.29466739457530844,-0.15266630271234577
9,choice_only,partial,14,0.62,-0.6841983961992605,0.29466739457530844,-0.15266630271234577
9,choice_only,standard,15,0.6,-0.6925821889555877,0.35642403415696,-0.12178798292151999
9,choice_only,projected,15,0.62,-0.6837885237864576,0.3705398374899089,-0.11473008125504555
9,choice_only,partial,15,0.62,-0.6837885237864576,0.3705398374899089,-0.11473008125504555
9,choice_only,standard,16,0.65,-0.6926511104594765,0.36701088665667153,-0.016494556671664246
9,choice_only,projected,16,0.67,-0.6849748675417813,0.3811266899896205,-0.009436655005189754
9,choice_only,partial,16,0.67,-0.6849748675417813,0.3811266899896205,-0.009436655005189754
9,choice_only,standard,17,0.66,-0.6926440423791398,0.3917135424893322,-0.004143228755333905
9,choice_only,projected,17,0.7,-0.6849051144748995,0.3917135424893322,-0.004143228755333905
9,choice_only,partial,17,0.7,-0.6849051144748995,0.3917135424893322,-0.004143228755333905
9,choice_only,standard,18,0.66,-0.6927353846228668,0.46405703457069536,0.03202851728534767
9,choice_only,projected,18,0.67,-0.6856993256508684,0.46229255915407674,0.1311462795770384
9,choice_only,partial,18,0.67,-0.6856993256508684,0.46229255915407674,0.1311462795770384
9,choice_only,standard,19,0.69,-0.6925769908132712,0.4375899033214161,0.11879495166070808
9,choice_only,projected,19,0.75,-0.6837041686630003,0.44994123123774643,0.12497061561887324
9,choice_only,partial,19,0.75,-0.6837041686630003,0.44994123123774643,0.12497061561887324
9,choice_only,standard,20,0.68,-0.6925351266532388,0.41465172290537416,0.1073258614526871
9,choice_only,projected,20,0.68,-0.6831246938726154,0.41465172290537416,0.1073258614526871
9,choice_only,partial,20,0.68,-0.6831246938726154,0.41465172290537416,0.1073258614526871
9,inference_affirm,standard,1,0.48,-0.6931241733779956,-0.008822377083093068,-0.30441118854154653
9,inference_affirm,projected,1,0.51,-0.6929270760873572,-0.008822377083093068,-0.30441118854154653
9,inference_affirm,partial,1,0.43,-0.6933378669494042,-0.03705398374899088,-0.3185269918744954
9,inference_affirm,standard,2,0.64,-0.6930311554890887,0.17468306624524274,-0.2126584668773786
9,inference_affirm,projected,2,0.63,-0.6917195363867162,0.17468306624524274,-0.2126584668773786
9,inference_affirm,partial,2,0.53,-0.6928750528977851,0.12704222999654016,-0.23647888500172992
9,inference_affirm,standard,3,0.52,-0.6930913188228266,0.2064436237443778,-0.1967781881278111
9,inference_affirm,projected,3,0.55,-0.6921710769859607,0.2064436237443778,-0.1967781881278111
9,inference_affirm,partial,3,0.44,-0.6933509968748417,0.2611423616595548,-0.1694288191702226
9,inference_affirm,standard,4,0.58,-0.6930452258270879,0.2717292141592665,-0.16413539292036675
9,inference_affirm,projected,4,0.63,-0.6910144452218375,0.2717292141592665,-0.16413539292036675
9,inference_affirm,partial,4,0.51,-0.6923482099423691,0.45170570665436505,0.025852853327182512
9,inference_affirm,standard,5,0.62,-0.6929990021307134,0.287609492908834,-0.156195253545583
9,inference_affirm,projected,5,0.63,-0.6904398679208497,0.287609492908834,-0.156195253545583
9,inference_affirm,partial,5,0.58,-0.6919769056527868,0.35642403415696,-0.02178798292152001
9,inference_affirm,standard,6,0.6,-0.692937829524306,0.3211345258245876,-0.13943273708770618
9,inference_affirm,projected,6,0.63,-0.6889797923248224,0.3211345258245876,-0.13943273708770618
9,inference_affirm,partial,6,0.63,-0.690429818547448,0.40230039498904385,-0.09884980250547806
9,inference_affirm,standard,7,0.59,-0.692867148118928,0.2929029191586898,-0.15354854042065508
9,inference_affirm,projected,7,0.61,-0.6877378271443031,0.2929029191586898,-0.15354854042065508
9,inference_affirm,partial,7,0.6,-0.6892143228355754,0.30525424707502014,-0.04737287646248994
9,inference_affirm,standard,8,0.59,-0.6928300674715082,0.35113060790710404,-0.02443469604644799
9,inference_affirm,projected,8,0.62,-0.687479468432278,0.35113060790710404,-0.02443469604644799
9,inference_affirm,partial,8,0.6,-0.6889883445583364,0.32466347665782486,-0.03766826167108758
9,inference_affirm,standard,9,0.58,-0.6928072397541666,0.24526208290998727,-0.17736895854500634
9,inference_affirm,projected,9,0.6,-0.6873197608733641,0.2717292141592665,-0.06413539292036677
9,inference_affirm,partial,9,0.59,-0.6887381422849734,0.16762516457876828,-0.21618741771061584
9,inference_affirm,standard,10,0.57,-0.6927515113650705,0.2734936895758851,-0.06325315521205746
9,inference_affirm,projected,10,0.62,-0.6866977248447828,0.2734936895758851,-0.06325315521205746
9,inference_affirm,partial,10,0.59,-0.688716642414835,0.22938180416041976,-0.08530909791979013
9,inference_affirm,standard,11,0.58,-0.6926687428172279,0.34230823082401096,-0.1288458845879945
9,inference_affirm,projected,11,0.62,-0.6852154996817194,0.34230823082401096,-0.1288458845879945
9,inference_affirm,partial,11,0.61,-0.6868957365891556,0.27702264040912233,-0.061488679795438844
9,inference_affirm,standard,12,0.59,-0.6926148794490696,0.3158410995747318,-0.04207945021263412
9,inference_affirm,projected,12,0.62,-0.6844031226600119,0.3158410995747318,-0.04207945021263412
9,inference_affirm,partial,12,0.62,-0.686159291474807,0.29113844374207126,-0.05443077812896438
9,inference_affirm,standard,13,0.63,-0.6926164778063195,0.3281924274910621,-0.03590378625446897
9,inference_affirm,projected,13,0.63,-0.6851937331966202,0.3281924274910621,-0.03590378625446897
9,inference_affirm,partial,13,0.66,-0.6868275266840973,0.2929029191586898,-0.0535485404206551
9,inference_affirm,standard,14,0.65,-0.6925056635469751,0.3405437554073924,-0.1297281222963038
9,inference_affirm,projected,14,0.65,-0.6835176353572087,0.33701480457415517,-0.1314925977129224
9,inference_affirm,partial,14,0.72,-0.6850170295696942,0.3546595587403413,0.07732977937017066
9,inference_affirm,standard,15,0.69,-0.6924937937020972,0.3687753620732902,-0.01561231896335491
9,inference_affirm,projected,15,0.65,-0.6831530878795311,0.3687753620732902,-0.01561231896335491
9,inference_affirm,partial,15,0.71,-0.6844230241735245,0.3123121487414946,0.05615607437074732
9,inference_affirm,standard,16,0.76,-0.6925632248713341,0.35642403415696,-0.02178798292152001
9,inference_affirm,projected,16,0.78,-0.6844198563623266,0.35642403415696,-0.02178798292152001
9,inference_affirm,partial,16,0.79,-0.6853731168484619,0.4464122804045092,0.12320614020225462
9,inference_affirm,standard,17,0.74,-0.6925703115315869,0.38289116540623913,-0.008554417296880445
9,inference_affirm,projected,17,0.74,-0.6844763854391566,0.38289116540623913,-0.008554417296880445
9,inference_affirm,partial,17,0.73,-0.6852801522446051,0.41641619832199284,0.10820809916099644
9,inference_affirm,standard,18,0.75,-0.692479117839699,0.3476016570738669,-0.12619917146306653
9,inference_affirm,projected,18,0.74,-0.6837082171184984,0.33348585374091794,-0.13325707312954102
9,inference_affirm,partial,18,0.69,-0.6849438975319327,0.41465172290537416,0.1073258614526871
9,inference_affirm,standard,19,0.77,-0.692321074683278,0.36348193582343435,-0.018259032088282834
9,inference_affirm,projected,19,0.76,-0.6817368456647551,0.36348193582343435,-0.018259032088282834
9,inference_affirm,partial,19,0.78,-0.6833866935527197,0.41465172290537416,0.1073258614526871
9,inference_affirm,standard,20,0.74,-0.6923633440589722,0.33348585374091794,-0.03325707312954104
9,inference_affirm,projected,20,0.79,-0.6823784804727403,0.3176055749913504,-0.041197212504324815
9,inference_affirm,partial,20,0.77,-0.6845152449448639,0.41641619832199284,0.008208099160996407
9,inference_categories,standard,1,0.52,-0.6931703180253582,0.008822377083093068,-0.19558881145845347
9,inference_categories,projected,1,0.49,-0.693388684553765,0.008822377083093068,-0.19558881145845347
9,inference_categories,partial,1,0.61,-0.6927611202132761,0.03706792167829667,-0.1814660391608517
9,inference_categories,standard,2,0.6,-0.6930773795503998,0.17644754166186136,-0.11177622916906933
9,inference_categories,projected,2,0.62,-0.6921850828632682,0.17644754166186136,-0.11177622916906933
9,inference_categories,partial,2,0.61,-0.6923120970773605,0.3228990012412063,0.06144950062060317
9,inference_categories,standard,3,0.49,-0.6931373992131689,0.3264279520744435,0.06321397603722176
9,inference_categories,projected,3,0.61,-0.6926163711016562,0.3264279520744435,0.06321397603722176
9,inference_categories,partial,3,0.58,-0.6927367740760269,0.28937396832545265,0.044686984162726345
9,inference_categories,standard,4,0.6,-0.6930912765523964,0.4040648704056625,0.002032435202831251
9,inference_categories,projected,4,0.69,-0.6914485430344418,0.4040648704056625,0.002032435202831251
9,inference_categories,partial,4,0.69,-0.6916164211305977,0.310547673324876,-0.04472616333756202
9,inference_categories,standard,5,0.64,-0.6930450698722644,0.34583718165724825,-0.2270814091713759
9,inference_categories,projected,5,0.74,-0.6908732835488675,0.34583718165724825,-0.2270814091713759
9,inference_categories,partial,5,0.7,-0.691227607252253,0.3176055749913504,-0.1411972125043248
9,inference_categories,standard,6,0.61,-0.6929835775225396,0.45347018207098366,-0.07326490896450816
9,inference_categories,projected,6,0.7,-0.6893354810079028,0.45347018207098366,-0.07326490896450816
9,inference_categories,partial,6,0.72,-0.6898205470751106,0.30525424707502014,-0.14737287646248992
9,inference_categories,standard,7,0.65,-0.6929125288025467,0.44817675582112787,0.024088377910563924
9,inference_categories,projected,7,0.67,-0.6880227876168594,0.4305320016549417,0.015266000827470844
9,inference_categories,partial,7,0.7,-0.6886365226791515,0.3528950833237227,-0.023552458338138654
9,inference_categories,standard,8,0.64,-0.6929496550622075,0.44994123123774643,0.024970615618873204
9,inference_categories,projected,8,0.68,-0.6882804137610737,0.44994123123774643,0.024970615618873204
9,inference_categories,partial,8,0.66,-0.6886735375621899,0.35818850957357856,-0.02090574521321073
9,inference_categories,standard,9,0.62,-0.6929264756001391,0.33525032915753655,-0.23237483542123175
9,inference_categories,projected,9,0.61,-0.6880568671706072,0.33525032915753655,-0.23237483542123175
9,inference_categories,partial,9,0.6,-0.6883765311077563,0.24879103374322448,-0.17560448312838775
9,inference_categories,standard,10,0.56,-0.6929824994906377,0.3123121487414946,-0.1438439256292527
9,inference_categories,projected,10,0.6,-0.6887004649151595,0.3123121487414946,-0.1438439256292527
9,inference_categories,partial,10,0.58,-0.688808589991886,0.24879103374322448,-0.17560448312838775
9,inference_categories,standard,11,0.56,-0.6928993986175144,0.34583718165724825,-0.12708140917137586
9,inference_categories,projected,11,0.61,-0.6871472978366594,0.34583718165724825,-0.12708140917137586
9,inference_categories,partial,11,0.6,-0.6867748201427708,0.2929029191586898,-0.15354854042065508
9,inference_categories,standard,12,0.58,-0.6928457709013549,0.3917135424893322,-0.10414322875533388
9,inference_categories,projected,12,0.64,-0.6863577097874392,0.3917135424893322,-0.10414322875533388
9,inference_categories,partial,12,0.62,-0.6860484915882181,0.3228990012412063,-0.13855049937939684
9,inference_categories,standard,13,0.65,-0.692847804245026,0.42170962457184863,0.010854812285924303
9,inference_categories,projected,13,0.63,-0.6872031961109011,0.4093582966555183,0.004679148327759147
9,inference_categories,partial,13,0.64,-0.6867497209739157,0.3228990012412063,-0.13855049937939684
9,inference_categories,standard,14,0.66,-0.6927368581246997,0.44994123123774643,0.024970615618873204
9,inference_categories,projected,14,0.7,-0.6855107913307615,0.44994123123774643,0.024970615618873204
9,inference_categories,partial,14,0.71,-0.6850133974880438,0.40230039498904385,0.0011501974945219151
9,inference_categories,standard,15,0.66,-0.6927254461273806,0.45699913290422084,0.02849956645211041
9,inference_categories,projected,15,0.68,-0.6851983983014891,0.45699913290422084,0.02849956645211041
9,inference_categories,partial,15,0.74,-0.6844248450390702,0.41465172290537416,0.1073258614526871
9,inference_categories,standard,16,0.64,-0.6927956067797443,0.4446478049878906,0.12232390249394531
9,inference_categories,projected,16,0.76,-0.6865658348421385,0.4446478049878906,0.12232390249394531
9,inference_categories,partial,16,0.75,-0.6853838608249899,0.44994123123774643,0.12497061561887324
9,inference_categories,standard,17,0.6,-0.6928025498662356,0.44111885415465335,0.020559427077326664
9,inference_categories,projected,17,0.7,-0.6865919833902601,0.4058293458222811,0.002914672911140531
9,inference_categories,partial,17,0.75,-0.6852551098804901,0.3775977391563833,0.08879886957819166
9,inference_categories,standard,18,0.65,-0.6927109943956934,0.397006968739188,-0.10149651563040599
9,inference_categories,projected,18,0.7,-0.685791551024025,0.397006968739188,-0.10149651563040599
9,inference_categories,partial,18,0.75,-0.684782869950913,0.3617174604068158,0.08085873020340792
9,inference_categories,standard,19,0.63,-0.6925531673718871,0.37936221457300195,-0.11031889271349901
9,inference_categories,projected,19,0.72,-0.6838316290139947,0.37936221457300195,-0.010318892713499034
9,inference_categories,partial,19,0.74,-0.6832368154450902,0.4093582966555183,0.10467914832775918
9,inference_categories,standard,20,0.69,-0.6925105490796271,0.38642011623947636,-0.10678994188026181
9,inference_categories,projected,20,0.71,-0.6831767930856611,0.38642011623947636,-0.10678994188026181
9,inference_categories,partial,20,0.74,-0.6824877394718706,0.3881845916560949,-0.005907704171952549
10,choice_only,standard,1,0.69,-0.6930823689904858,0.16963725752531172,-0.21518137123734413
10,choice_only,projected,1,0.67,-0.6923656027293198,0.16963725752531172,-0.21518137123734413
10,choice_only,partial,1,0.67,-0.6923656027293198,0.16963725752531172,-0.21518137123734413
10,choice_only,standard,2,0.78,-0.692772943848443,0.43475340863044365,0.017376704315221814
10,choice_only,projected,2,0.82,-0.6876916329405361,0.43475340863044365,0.017376704315221814
10,choice_only,partial,2,0.82,-0.6876916329405361,0.43475340863044365,0.017376704315221814
10,choice_only,standard,3,0.73,-0.6925566701809268,0.4412422654756741,0.020621132737837028
10,choice_only,projected,3,0.82,-0.6843020523565088,0.4412422654756741,0.020621132737837028
10,choice_only,partial,3,0.82,-0.6843020523565088,0.4412422654756741,0.020621132737837028
10,choice_only,standard,4,0.74,-0.6925405218686751,0.4328994495318063,0.016449724765903145
10,choice_only,projected,4,0.77,-0.6843755964753757,0.4328994495318063,0.016449724765903145
10,choice_only,partial,4,0.77,-0.6843755964753757,0.4328994495318063,0.016449724765903145
10,choice_only,standard,5,0.75,-0.6925207821251821,0.47461352925114525,0.13730676462557265
10,choice_only,projected,5,0.77,-0.6837784085623033,0.47461352925114525,0.13730676462557265
10,choice_only,partial,5,0.77,-0.6837784085623033,0.47461352925114525,0.13730676462557265
10,choice_only,standard,6,0.77,-0.6925303130071078,0.46627071330727754,0.03313535665363876
10,choice_only,projected,6,0.8,-0.6838511631189526,0.46627071330727754,0.03313535665363876
10,choice_only,partial,6,0.8,-0.6838511631189526,0.46627071330727754,0.03313535665363876
10,choice_only,standard,7,0.74,-0.6925902233912525,0.44680414277158603,0.12340207138579304
10,choice_only,projected,7,0.78,-0.6847781021551804,0.4310454904331691,0.11552274521658457
10,choice_only,partial,7,0.78,-0.6847781021551804,0.4310454904331691,0.11552274521658457
10,choice_only,standard,8,0.71,-0.692095408687611,0.3466903514451725,-0.026654824277413752
10,choice_only,projected,8,0.76,-0.6783362425323431,0.3466903514451725,-0.026654824277413752
10,choice_only,partial,8,0.76,-0.6783362425323431,0.3466903514451725,-0.026654824277413752
10,choice_only,standard,9,0.71,-0.6922144695588563,0.37542671747405043,-0.012286641262974796
10,choice_only,projected,9,0.77,-0.680324088099467,0.36152202423427077,-0.019238987882864628
10,choice_only,partial,9,0.77,-0.680324088099467,0.36152202423427077,-0.019238987882864628
10,choice_only,standard,10,0.71,-0.6922804181787194,0.34761733099449116,-0.026191334502754432
10,choice_only,projected,10,0.8,-0.6813582307916402,0.3633759833329081,-0.01831200833354596
10,choice_only,partial,10,0.8,-0.6813582307916402,0.3633759833329081,-0.01831200833354596
10,choice_only,standard,11,0.77,-0.6923348554554487,0.39489328800974194,-0.002553355995129042
10,choice_only,projected,11,0.81,-0.6820123498025431,0.3809885947699624,-0.009505702615018818
10,choice_only,partial,11,0.81,-0.6820123498025431,0.3809885947699624,-0.009505702615018818
10,choice_only,standard,12,0.79,-0.6921417642955299,0.4115789198974776,0.005789459948738779
10,choice_only,projected,12,0.81,-0.6788905757252812,0.41528683809475214,0.00764341904737606
10,choice_only,partial,12,0.81,-0.6788905757252812,0.41528683809475214,0.00764341904737606
10,choice_only,standard,13,0.82,-0.6921914270725036,0.4115789198974776,0.005789459948738779
10,choice_only,projected,13,0.81,-0.6792706710525378,0.39767422665769786,-0.001162886671151081
10,choice_only,partial,13,0.81,-0.6792706710525378,0.39767422665769786,-0.001162886671151081
10,choice_only,standard,14,0.74,-0.6921775520227261,0.433826429081125,0.11691321454056253
10,choice_only,projected,14,0.78,-0.6787770084235812,0.4041630835029284,0.10208154175146422
10,choice_only,partial,14,0.78,-0.6787770084235812,0.4041630835029284,0.10208154175146422
10,choice_only,standard,15,0.77,-0.6921671915108919,0.3726457788260945,0.08632288941304728
10,choice_only,projected,15,0.78,-0.6783720743474649,0.41992173584134534,0.1099608679206727
10,choice_only,partial,15,0.78,-0.6783720743474649,0.41992173584134534,0.1099608679206727
10,choice_only,standard,16,0.76,-0.6918342937654539,0.32166190361356917,-0.03916904819321543
10,choice_only,projected,16,0.77,-0.6735094834746964,0.32536982181084373,-0.03731508909457815
10,choice_only,partial,16,0.77,-0.6735094834746964,0.32536982181084373,-0.03731508909457815
10,choice_only,standard,17,0.76,-0.6917141085998485,0.28458272164082343,-0.057708639179588295
10,choice_only,projected,17,0.79,-0.6715953938658417,0.28829063983809805,-0.055854680080950986
10,choice_only,partial,17,0.79,-0.6715953938658417,0.28829063983809805,-0.055854680080950986
10,choice_only,standard,18,0.79,-0.691626290089379,0.3568871264876776,-0.0215564367561612
10,choice_only,projected,18,0.77,-0.6699594178898036,0.3744997379247318,-0.012750131037634116
10,choice_only,partial,18,0.77,-0.6699594178898036,0.3744997379247318,-0.012750131037634116
10,choice_only,standard,19,0.77,-0.6912748155410149,0.2651161511051319,-0.16744192444743403
10,choice_only,projected,19,0.77,-0.6654748394240326,0.2688240693024065,-0.16558796534879675
10,choice_only,partial,19,0.77,-0.6654748394240326,0.2688240693024065,-0.16558796534879675
10,choice_only,standard,20,0.78,-0.691179722852382,0.26326219200649464,-0.06836890399675269
10,choice_only,projected,20,0.77,-0.6640067009166473,0.3003413739792404,-0.04982931301037982
10,choice_only,partial,20,0.77,-0.6640067009166473,0.3003413739792404,-0.04982931301037982
10,inference_affirm,standard,1,0.69,-0.6930823689904858,0.16963725752531172,-0.21518137123734413
10,inference_affirm,projected,1,0.67,-0.6923656027293198,0.16963725752531172,-0.21518137123734413
10,inference_affirm,partial,1,0.57,-0.6929484874411809,0.1501706869896202,-0.22491465650518988
10,inference_affirm,standard,2,0.78,-0.692772943848443,0.43475340863044365,0.017376704315221814
10,inference_affirm,projected,2,0.82,-0.6876916329405361,0.43475340863044365,0.017376704315221814
10,inference_affirm,partial,2,0.83,-0.6893403038992376,0.5061308339279792,0.05306541696398959
10,inference_affirm,standard,3,0.73,-0.6925566701809268,0.4412422654756741,0.020621132737837028
10,inference_affirm,projected,3,0.82,-0.6843020523565088,0.4412422654756741,0.020621132737837028
10,inference_affirm,partial,3,0.76,-0.687145994952607,0.5793622183241519,0.28968110916207596
10,inference_affirm,standard,4,0.78,-0.6925728486716697,0.49871499753342996,0.149357498766715
10,inference_affirm,projected,4,0.82,-0.6842287582100538,0.49871499753342996,0.149357498766715
10,inference_affirm,partial,4,0.76,-0.6869898301205635,0.5914129524652942,0.2957064762326471
10,inference_affirm,standard,5,0.76,-0.6925531612124338,0.4403152859263555,0.22015764296317775
10,inference_affirm,projected,5,0.78,-0.6836320979243937,0.43475340863044365,0.21737670431522182
10,inference_affirm,partial,5,0.73,-0.6862491383521493,0.5154006294211656,0.2577003147105828
10,inference_affirm,standard,6,0.71,-0.692543699210033,0.42919153133453175,0.1145957656672659
10,inference_affirm,projected,6,0.78,-0.683563735181594,0.42919153133453175,0.1145957656672659
10,inference_affirm,partial,6,0.71,-0.6862432990612095,0.4644167542086402,0.2322083771043201
10,inference_affirm,standard,7,0.74,-0.6924838408425761,0.4625627951100029,0.13128139755500148
10,inference_affirm,projected,7,0.79,-0.6826482248814706,0.4625627951100029,0.13128139755500148
10,inference_affirm,partial,7,0.74,-0.6855488449070865,0.5608226273377791,0.28041131366888955
10,inference_affirm,standard,8,0.74,-0.691989207229842,0.3420554536985793,-0.028972273150710354
10,inference_affirm,projected,8,0.78,-0.6763191664347933,0.3420554536985793,-0.028972273150710354
10,inference_affirm,partial,8,0.69,-0.683692170862571,0.27345896704899975,0.036729483524499895
10,inference_affirm,standard,9,0.73,-0.6918708174807311,0.28921761938741664,-0.05539119030629169
10,inference_affirm,projected,9,0.77,-0.6744425680449255,0.2836557420915048,-0.058172128954247615
10,inference_affirm,partial,9,0.69,-0.6826907076989448,0.23174488732966075,-0.08412755633516963
10,inference_affirm,standard,10,0.77,-0.691936592134282,0.38562349251655553,0.09281174625827779
10,inference_affirm,projected,10,0.78,-0.6754493039179396,0.41899475629202665,0.10949737814601335
10,inference_affirm,partial,10,0.7,-0.683677755940579,0.24935749876671498,-0.07532125061664252
10,inference_affirm,standard,11,0.75,-0.6918825703623419,0.3420554536985793,-0.028972273150710354
10,inference_affirm,projected,11,0.78,-0.6748463245358295,0.3420554536985793,-0.028972273150710354
10,inference_affirm,partial,11,0.68,-0.6826097507720487,0.2706780284010438,-0.0646609857994781
10,inference_affirm,standard,12,0.74,-0.6916904933942017,0.3244428422615251,-0.03777857886923747
10,inference_affirm,projected,12,0.77,-0.6718792020009381,0.3244428422615251,-0.03777857886923747
10,inference_affirm,partial,12,0.71,-0.6796468887349701,0.2706780284010438,0.035339014200521934
10,inference_affirm,standard,13,0.75,-0.6917400147517776,0.3327856582053929,-0.03360717089730356
10,inference_affirm,projected,13,0.77,-0.6722384021385465,0.366156921980864,0.08307846099043203
10,inference_affirm,partial,13,0.71,-0.6802596809773065,0.28458272164082343,0.04229136082041174
10,inference_affirm,standard,14,0.72,-0.6917265628473692,0.327223780909481,-0.036388109545259506
10,inference_affirm,projected,14,0.76,-0.6717916851071797,0.327223780909481,0.06361189045474053
10,inference_affirm,partial,14,0.69,-0.6787881461518342,0.2169132145405625,0.008456607270281274
10,inference_affirm,standard,15,0.71,-0.6917369722919663,0.31331908766970135,-0.04334045616514934
10,inference_affirm,projected,15,0.75,-0.6722013906859859,0.34298243324789796,0.071491216623949
10,inference_affirm,partial,15,0.69,-0.6791806236620475,0.2030085213007828,0.0015042606503914285
10,inference_affirm,standard,16,0.69,-0.6914059477086185,0.2641891715558133,-0.06790541422209337
10,inference_affirm,projected,16,0.75,-0.6676661751070199,0.2641891715558133,-0.06790541422209337
10,inference_affirm,partial,16,0.72,-0.6744704807599404,0.16222142113076254,-0.11888928943461874
10,inference_affirm,standard,17,0.69,-0.6912862233160949,0.2641891715558133,-0.06790541422209337
10,inference_affirm,projected,17,0.75,-0.665831257339091,0.2641891715558133,-0.06790541422209337
10,inference_affirm,partial,17,0.73,-0.6727500279721765,0.11309150501687446,-0.24345424749156275
10,inference_affirm,standard,18,0.73,-0.6911981859226463,0.24843051921739637,-0.07578474039130183
10,inference_affirm,projected,18,0.77,-0.6641875616653594,0.2641891715558133,-0.06790541422209337
10,inference_affirm,partial,18,0.74,-0.6709509578057152,0.13255807555256596,-0.23372096222371702
10,inference_affirm,standard,19,0.73,-0.6908491736360028,0.25399239651330824,-0.07300380174334589
10,inference_affirm,projected,19,0.77,-0.6600554450247204,0.24843051921739637,-0.07578474039130183
10,inference_affirm,partial,19,0.72,-0.6690475839664879,0.11494546411551175,-0.14252726794224413
10,inference_affirm,standard,20,0.7,-0.6909445983241349,0.26975104885172513,-0.06512447557413745
10,inference_affirm,projected,20,0.75,-0.6615970169890051,0.26975104885172513,-0.06512447557413745
10,inference_affirm,partial,20,0.71,-0.6699858170159394,0.11494546411551175,-0.14252726794224413
10,inference_categories,standard,1,0.69,-0.6930823689904858,0.16963725752531172,-0.21518137123734413
10,inference_categories,projected,1,0.67,-0.6923656027293198,0.16963725752531172,-0.21518137123734413
10,inference_categories,partial,1,0.58,-0.6928574660107069,0.134462594003998,-0.232768702998001
10,inference_categories,standard,2,0.78,-0.692772943848443,0.43475340863044365,0.017376704315221814
10,inference_categories,projected,2,0.82,-0.6876916329405361,0.43475340863044365,0.017376704315221814
10,inference_categories,partial,2,0.77,-0.6892642237801181,0.4069440221508843,0.0034720110754421496
10,inference_categories,standard,3,0.73,-0.6925566701809268,0.4412422654756741,0.020621132737837028
10,inference_categories,projected,3,0.82,-0.6843020523565088,0.4412422654756741,0.020621132737837028
10,inference_categories,partial,3,0.76,-0.6869247002750568,0.4588548769127283,0.02942743845636414
10,inference_categories,standard,4,0.78,-0.6925728486716697,0.49871499753342996,0.149357498766715
10,inference_categories,projected,4,0.82,-0.6842287582100538,0.49871499753342996,0.149357498766715
10,inference_categories,partial,4,0.77,-0.6866504311187192,0.45514695871545374,0.1275734793577269
10,inference_categories,standard,5,0.76,-0.6925531612124338,0.4403152859263555,0.22015764296317775
10,inference_categories,projected,5,0.78,-0.6836320979243937,0.43475340863044365,0.21737670431522182
10,inference_categories,partial,5,0.75,-0.6859899725089569,0.43475340863044365,0.21737670431522182
10,inference_categories,standard,6,0.79,-0.6925626877828122,0.43753434727839957,0.11876717363919981
10,inference_categories,projected,6,0.83,-0.6837055935395103,0.43753434727839957,0.11876717363919981
10,inference_categories,partial,6,0.76,-0.6860114271810989,0.4532929996168165,0.12664649980840828
10,inference_categories,standard,7,0.81,-0.6925029028799325,0.4616358155606843,0.13081790778034216
10,inference_categories,projected,7,0.83,-0.6827945507904833,0.4560739382647724,0.1280369691323862
10,inference_categories,partial,7,0.8,-0.6854635343661386,0.39860120620701656,0.0993006031035083
10,inference_categories,standard,8,0.78,-0.6920075297711894,0.4125058994467962,0.10625294972339813
10,inference_categories,projected,8,0.77,-0.6763489079521114,0.42826455178521305,0.11413227589260655
10,inference_categories,partial,8,0.73,-0.6820997662877288,0.23081790778034214,-0.08459104610982894
10,inference_categories,standard,9,0.76,-0.6918889976890078,0.37542671747405043,-0.012286641262974796
10,inference_categories,projected,9,0.77,-0.6744637194738898,0.42270267448930127,0.11135133724465066
10,inference_categories,partial,9,0.75,-0.6810401842179239,0.25862729425990144,0.029313647129950743
10,inference_categories,standard,10,0.82,-0.6919548814382236,0.44402320412363,0.12201160206181502
10,inference_categories,projected,10,0.82,-0.6754799320762698,0.44402320412363,0.12201160206181502
10,inference_categories,partial,10,0.78,-0.6820148433512094,0.2169132145405625,-0.09154339272971876
10,inference_categories,standard,11,0.83,-0.6920092481792698,0.482956345195013,0.14147817259750653
10,inference_categories,projected,11,0.84,-0.6761211049882876,0.49686103843479273,0.1484305192173964
10,inference_categories,partial,11,0.83,-0.6827257149220537,0.1872498689623659,-0.20637506551881704
10,inference_categories,standard,12,0.83,-0.6918165724914569,0.3967472471083792,-0.0016263764458104013
10,inference_categories,projected,12,0.82,-0.6730940177924293,0.41435985854543345,0.10717992927271675
10,inference_categories,partial,12,0.78,-0.6798715010871922,0.24286864192148447,-0.07856567903925778
10,inference_categories,standard,13,0.85,-0.6918661957378923,0.43846132682771816,0.1192306634138591
10,inference_categories,projected,13,0.83,-0.6734679346943067,0.41714079719338937,0.1085703985966947
10,inference_categories,partial,13,0.81,-0.6804119013904107,0.20393550085010148,-0.09803224957494927
10,inference_categories,standard,14,0.79,-0.6918523836867326,0.3995281857563352,0.09976409287816762
10,inference_categories,projected,14,0.82,-0.672982972115491,0.3995281857563352,0.09976409287816762
10,inference_categories,partial,14,0.77,-0.6788633903130363,0.19466570535691508,-0.00266714732154244
10,inference_categories,standard,15,0.81,-0.6918420383095354,0.3995281857563352,0.09976409287816762
10,inference_categories,projected,15,0.82,-0.6725837641292913,0.3995281857563352,0.09976409287816762
10,inference_categories,partial,15,0.79,-0.6782663367352222,0.21784019408988112,0.00892009704494058
10,inference_categories,standard,16,0.81,-0.6915099408432613,0.3735727583754132,0.08678637918770662
10,inference_categories,projected,16,0.78,-0.6678614650579229,0.36430296288222674,0.0821514814411134
10,inference_categories,partial,16,0.78,-0.6736770702799957,0.1659293393280371,-0.11703533033598146
10,inference_categories,standard,17,0.8,-0.6913899659397968,0.36986484017813864,-0.01506757991093069
10,inference_categories,projected,17,0.78,-0.665987916661146,0.39767422665769786,0.09883711332884895
10,inference_categories,partial,17,0.77,-0.6724238498238093,0.14646276879234563,-0.12676861560382718
10,inference_categories,standard,18,0.81,-0.6913023414058589,0.4032361039536097,0.10161805197680487
10,inference_categories,projected,18,0.81,-0.6643937843573324,0.39767422665769786,0.09883711332884895
10,inference_categories,partial,18,0.8,-0.6706569726515034,0.16036746203212526,-0.11981626898393738
10,inference_categories,standard,19,0.79,-0.6909517191946156,0.33649357640266747,-0.031753211798666275
10,inference_categories,projected,19,0.77,-0.6600790395895092,0.3541061878397217,0.07705309391986087
10,inference_categories,partial,19,0.77,-0.6680389852230431,0.1548055847362134,-0.12259720763189332
10,inference_categories,standard,20,0.79,-0.6908567337790753,0.3541061878397217,-0.022946906080139162
10,inference_categories,projected,20,0.8,-0.6586433267852424,0.37171879927677587,0.08585939963838796
10,inference_categories,partial,20,0.79,-0.6667730436591145,0.1548055847362134,-0.12259720763189332
11,choice_only,standard,1,0.75,-0.6929092002170671,0.3831049501715657,0.09155247508578288
11,choice_only,projected,1,0.75,-0.6907343222121476,0.3831049501715657,0.09155247508578288
11,choice_only,partial,1,0.75,-0.6907343222121476,0.3831049501715657,0.09155247508578288
11,choice_only,standard,2,0.68,-0.692868293720738,0.3263486612572597,0.06317433062862987
11,choice_only,projected,2,0.69,-0.6906895763240096,0.3263486612572597,0.06317433062862987
11,choice_only,partial,2,0.69,-0.6906895763240096,0.3263486612572597,0.06317433062862987
11,choice_only,standard,3,0.55,-0.6929993779671199,0.21756577417150644,0.008782887085753241
11,choice_only,projected,3,0.53,-0.6919023560437347,0.21756577417150644,0.008782887085753241
11,choice_only,partial,3,0.53,-0.6919023560437347,0.21756577417150644,0.008782887085753241
11,choice_only,standard,4,0.62,-0.6929905942695157,0.22071890133341238,0.01035945066670621
11,choice_only,projected,4,0.59,-0.6914998557212801,0.22071890133341238,0.01035945066670621
11,choice_only,partial,4,0.59,-0.6914998557212801,0.22071890133341238,0.01035945066670621
11,choice_only,standard,5,0.68,-0.6929730784459148,0.1907641932953064,-0.004617903352346783
11,choice_only,projected,5,0.75,-0.6908854382029217,0.1907641932953064,-0.004617903352346783
11,choice_only,partial,5,0.75,-0.6908854382029217,0.1907641932953064,-0.004617903352346783
11,choice_only,standard,6,0.76,-0.6927458660474946,0.2790517538286713,0.03952587691433568
11,choice_only,projected,6,0.74,-0.6886371395406621,0.2790517538286713,0.03952587691433568
11,choice_only,partial,6,0.74,-0.6886371395406621,0.2790517538286713,0.03952587691433568
11,choice_only,standard,7,0.75,-0.6925766756132771,0.15765635809529455,-0.021171820952352705
11,choice_only,projected,7,0.74,-0.6863060613890717,0.15765635809529455,-0.021171820952352705
11,choice_only,partial,7,0.74,-0.6863060613890717,0.15765635809529455,-0.021171820952352705
11,choice_only,standard,8,0.7,-0.6924578482867456,0.1324313408000474,-0.03378432959997628
11,choice_only,projected,8,0.7,-0.6851191213740477,0.1324313408000474,-0.03378432959997628
11,choice_only,partial,8,0.7,-0.6851191213740477,0.1324313408000474,-0.03378432959997628
11,choice_only,standard,9,0.73,-0.6925764742916444,0.009459381485717672,-0.29527030925714115
11,choice_only,projected,9,0.69,-0.6865378972540563,0.009459381485717672,-0.29527030925714115
11,choice_only,partial,9,0.69,-0.6865378972540563,0.009459381485717672,-0.29527030925714115
11,choice_only,standard,10,0.71,-0.6924222572134698,0.06306254323811782,-0.1684687283809411
11,choice_only,projected,10,0.69,-0.6849833043143144,0.06306254323811782,-0.1684687283809411
11,choice_only,partial,10,0.69,-0.6849833043143144,0.06306254323811782,-0.1684687283809411
11,choice_only,standard,11,0.72,-0.6924172546669266,0.06463910681907077,-0.16768044659046463
11,choice_only,projected,11,0.7,-0.684785305937602,0.03153127161905891,-0.18423436419047057
11,choice_only,partial,11,0.7,-0.684785305937602,0.03153127161905891,-0.18423436419047057
11,choice_only,standard,12,0.7,-0.6922324660529321,0.08986412411431789,-0.15506793794284107
11,choice_only,projected,12,0.7,-0.6824777987427239,0.10247663276194147,-0.14876168361902928
11,choice_only,partial,12,0.7,-0.6824777987427239,0.10247663276194147,-0.14876168361902928
11,choice_only,standard,13,0.7,-0.6921772519392364,0.023648453714294183,-0.18817577314285291
11,choice_only,projected,13,0.7,-0.681434471874539,0.023648453714294183,-0.18817577314285291
11,choice_only,partial,13,0.7,-0.681434471874539,0.023648453714294183,-0.18817577314285291
11,choice_only,standard,14,0.7,-0.6922888938123515,0.03153127161905891,-0.18423436419047057
11,choice_only,projected,14,0.7,-0.683098681810709,0.03153127161905891,-0.18423436419047057
11,choice_only,partial,14,0.7,-0.683098681810709,0.03153127161905891,-0.18423436419047057
11,choice_only,standard,15,0.69,-0.692251543682882,0.18288137539054167,-0.008559312304729144
11,choice_only,projected,15,0.71,-0.6827173143036575,0.16238604883815339,-0.018806975580923285
11,choice_only,partial,15,0.71,-0.6827173143036575,0.16238604883815339,-0.018806975580923285
11,choice_only,standard,16,0.7,-0.6921878272245213,0.1324313408000474,-0.03378432959997628
11,choice_only,projected,16,0.71,-0.6819813774933493,0.12612508647623563,-0.03693745676188216
11,choice_only,partial,16,0.71,-0.6819813774933493,0.12612508647623563,-0.03693745676188216
11,choice_only,standard,17,0.76,-0.6921259259908207,0.25697986369533005,0.12848993184766502
11,choice_only,projected,17,0.75,-0.6818289396263534,0.25697986369533005,0.12848993184766502
11,choice_only,partial,17,0.75,-0.6818289396263534,0.25697986369533005,0.12848993184766502
11,choice_only,standard,18,0.74,-0.6919526094182712,0.17972824822863578,0.08986412411431789
11,choice_only,projected,18,0.73,-0.6797493696222553,0.17972824822863578,0.08986412411431789
11,choice_only,partial,18,0.73,-0.6797493696222553,0.17972824822863578,0.08986412411431789
11,choice_only,standard,19,0.72,-0.6919147142275898,0.19391732045721227,-0.0030413397713938417
11,choice_only,projected,19,0.7,-0.6796703554488129,0.1813048118095887,0.09065240590479436
11,choice_only,partial,19,0.7,-0.6796703554488129,0.1813048118095887,0.09065240590479436
11,choice_only,standard,20,0.72,-0.6918732402167801,0.053603161752400146,-0.17319841912379993
11,choice_only,projected,20,0.71,-0.6787282467375553,0.08513443337145905,-0.05743278331427045
11,choice_only,partial,20,0.71,-0.6787282467375553,0.08513443337145905,-0.05743278331427045
11,inference_affirm,standard,1,0.75,-0.6929092002170671,0.3831049501715657,0.09155247508578288
11,inference_affirm,projected,1,0.75,-0.6907343222121476,0.3831049501715657,0.09155247508578288
11,inference_affirm,partial,1,0.73,-0.6908988623995299,0.35945649645727157,0.0797282482286358
11,inference_affirm,standard,2,0.66,-0.6929502293774583,0.004729690742858836,-0.09763515462857056
11,inference_affirm,projected,2,0.62,-0.6907971106850747,0.004729690742858836,-0.09763515462857056
11,inference_affirm,partial,2,0.62,-0.6914680055325418,-0.014189072228576507,-0.10709453611428824
11,inference_affirm,standard,3,0.58,-0.6928196426002708,-0.09932350560003557,-0.14966175280001776
11,inference_affirm,projected,3,0.6,-0.6896527847788263,-0.09932350560003557,-0.14966175280001776
11,inference_affirm,partial,3,0.57,-0.6916162643350242,-0.318465843352495,-0.35923292167624754
11,inference_affirm,standard,4,0.6,-0.6928110669443803,-0.10878288708575322,-0.1543914435428766
11,inference_affirm,projected,4,0.59,-0.6893127506084905,-0.10878288708575322,-0.1543914435428766
11,inference_affirm,partial,4,0.58,-0.6911928174797352,-0.32161897051440086,-0.36080948525720047
11,inference_affirm,standard,5,0.55,-0.6927937969438999,-0.15135010377148275,-0.17567505188574134
11,inference_affirm,projected,5,0.6,-0.6887572377533115,-0.15135010377148275,-0.17567505188574134
11,inference_affirm,partial,5,0.53,-0.6912828352587311,-0.29481738963820076,-0.3474086948191004
11,inference_affirm,standard,6,0.62,-0.6925670207840912,-0.10405319634289438,-0.2520265981714472
11,inference_affirm,projected,6,0.61,-0.6865696844489823,-0.10405319634289438,-0.2520265981714472
11,inference_affirm,partial,6,0.59,-0.6892157635761447,-0.3011236439620126,-0.35056182198100627
11,inference_affirm,standard,7,0.63,-0.6923985455882911,-0.13085477721909447,-0.26542738860954723
11,inference_affirm,projected,7,0.61,-0.6843940811390827,-0.13085477721909447,-0.26542738860954723
11,inference_affirm,partial,7,0.67,-0.6886791513671051,-0.2664392451810477,-0.33321962259052385
11,inference_affirm,standard,8,0.61,-0.6922804387036815,-0.13085477721909447,-0.26542738860954723
11,inference_affirm,projected,8,0.61,-0.6833142137948589,-0.13085477721909447,-0.26542738860954723
11,inference_affirm,partial,8,0.6,-0.688387116472665,-0.26801580876200076,-0.23400790438100036
11,inference_affirm,standard,9,0.61,-0.6923988760695329,-0.15450323093338866,-0.17725161546669432
11,inference_affirm,projected,9,0.61,-0.684705071181422,-0.15450323093338866,-0.17725161546669432
11,inference_affirm,partial,9,0.56,-0.6886862825459446,-0.3231955340953538,-0.3615977670476769
11,inference_affirm,standard,10,0.6,-0.6925533017990823,-0.11666570499051797,-0.15833285249525897
11,inference_affirm,projected,10,0.62,-0.6862651859586526,-0.11666570499051797,-0.15833285249525897
11,inference_affirm,partial,10,0.54,-0.6907101541808934,-0.19864701120007114,-0.29932350560003557
11,inference_affirm,standard,11,0.61,-0.6925481718891682,-0.09301725127622379,-0.14650862563811187
11,inference_affirm,projected,11,0.62,-0.6860482582696197,-0.09301725127622379,-0.14650862563811187
11,inference_affirm,partial,11,0.54,-0.6901504306620946,-0.16553917600005927,-0.28276958800002966
11,inference_affirm,standard,12,0.62,-0.6923639228609803,-0.10562975992384735,-0.15281487996192367
11,inference_affirm,projected,12,0.61,-0.6838540401331538,-0.10562975992384735,-0.15281487996192367
11,inference_affirm,partial,12,0.59,-0.6881514344078556,-0.13400790438100038,-0.2670039521905002
11,inference_affirm,standard,13,0.61,-0.6923088949519398,-0.11981883215242387,-0.1599094160762119
11,inference_affirm,projected,13,0.61,-0.682858771121799,-0.10562975992384735,-0.15281487996192367
11,inference_affirm,partial,13,0.59,-0.687236759256719,-0.058332852495258984,-0.12916642624762947
11,inference_affirm,standard,14,0.61,-0.6924204652041336,-0.12770165005718856,-0.16385082502859427
11,inference_affirm,projected,14,0.63,-0.6844894873268818,-0.1466204130286239,-0.17331020651431195
11,inference_affirm,partial,14,0.56,-0.6889552944696935,-0.1355844679619533,-0.16779223398097665
11,inference_affirm,standard,15,0.61,-0.6923829094397614,-0.07094536114288254,-0.13547268057144124
11,inference_affirm,projected,15,0.62,-0.6840673979192087,-0.050450034590494255,-0.1252250172952471
11,inference_affirm,partial,15,0.58,-0.6885393598048017,-0.09144068769527083,-0.14572034384763538
11,inference_affirm,standard,16,0.6,-0.692319408100109,-0.07094536114288254,-0.13547268057144124
11,inference_affirm,projected,16,0.62,-0.683363025899872,-0.050450034590494255,-0.1252250172952471
11,inference_affirm,partial,16,0.57,-0.688098892231984,-0.10090006918098851,-0.15045003459049422
11,inference_affirm,standard,17,0.64,-0.6922569016305584,-0.0662156704000237,-0.13310783520001182
11,inference_affirm,projected,17,0.63,-0.6831149082212713,-0.047296907428588365,-0.12364845371429416
11,inference_affirm,partial,17,0.57,-0.6878478680881492,-0.13400790438100038,-0.16700395219050018
11,inference_affirm,standard,18,0.66,-0.6920836839840849,-0.06779223398097665,-0.23389611699048835
11,inference_affirm,projected,18,0.63,-0.6810798392346591,-0.04572034384763542,-0.2228601719238177
11,inference_affirm,partial,18,0.64,-0.685802600886432,-0.14504384944767099,-0.17252192472383548
11,inference_affirm,standard,19,0.67,-0.6920458015077068,-0.07409848830478843,-0.23704924415239423
11,inference_affirm,projected,19,0.63,-0.6810141811253004,-0.044143780266682475,-0.22207189013334125
11,inference_affirm,partial,19,0.61,-0.685418707548568,-0.14977354019052982,-0.2748867700952649
11,inference_affirm,standard,20,0.69,-0.6920042913645176,-0.09301725127622379,-0.2465086256381119
11,inference_affirm,projected,20,0.65,-0.6800927699275955,-0.07882817904764727,-0.23941408952382365
11,inference_affirm,partial,20,0.6,-0.6851613716537845,-0.1466204130286239,-0.17331020651431195
11,inference_categories,standard,1,0.75,-0.6929092002170671,0.3831049501715657,0.09155247508578288
11,inference_categories,projected,1,0.75,-0.6907343222121476,0.3831049501715657,0.09155247508578288
11,inference_categories,partial,1,0.71,-0.6909878784714165,0.43355498476205995,0.21677749238102997
11,inference_categories,standard,2,0.66,-0.6929502293774583,0.004729690742858836,-0.09763515462857056
11,inference_categories,projected,2,0.62,-0.6907971106850747,0.004729690742858836,-0.09763515462857056
11,inference_categories,partial,2,0.58,-0.6916009352794341,-0.04572034384763542,-0.02286017192381771
11,inference_categories,standard,3,0.58,-0.6928196426002708,-0.09932350560003557,-0.14966175280001776
11,inference_categories,projected,3,0.6,-0.6896527847788263,-0.09932350560003557,-0.14966175280001776
11,inference_categories,partial,3,0.55,-0.6916688421412078,-0.3815283865906128,-0.39076419329530643
11,inference_categories,standard,4,0.63,-0.6928282894776998,0.025225017295247128,-0.08738749135237642
11,inference_categories,projected,4,0.6,-0.69000889583125,0.025225017295247128,-0.08738749135237642
11,inference_categories,partial,4,0.57,-0.6918048216542916,-0.2932408260572478,-0.3466204130286239
11,inference_categories,standard,5,0.61,-0.6928109575098612,-0.1466204130286239,-0.273310206514312
11,inference_categories,projected,5,0.6,-0.6894327114876683,-0.1466204130286239,-0.273310206514312
11,inference_categories,partial,5,0.55,-0.6921149822618891,-0.3972940224001423,-0.49864701120007116
11,inference_categories,standard,6,0.64,-0.6925841967908937,0.0015765635809529455,-0.19921171820952355
11,inference_categories,projected,6,0.64,-0.6872333486069077,0.0015765635809529455,-0.19921171820952355
11,inference_categories,partial,6,0.65,-0.6900073752445897,-0.2648626816000948,-0.4324313408000474
11,inference_categories,standard,7,0.64,-0.6924155552547044,-0.07252192472383549,-0.23626096236191776
11,inference_categories,projected,7,0.61,-0.6850044228269762,-0.07252192472383549,-0.23626096236191776
11,inference_categories,partial,7,0.71,-0.6894413554290278,-0.19391732045721227,-0.19695866022860611
11,inference_categories,standard,8,0.63,-0.6922972588142539,-0.09301725127622379,-0.2465086256381119
11,inference_categories,projected,8,0.62,-0.6838923441426695,-0.08513443337145905,-0.24256721668572953
11,inference_categories,partial,8,0.68,-0.6889918790200802,-0.260132990857236,-0.330066495428618
11,inference_categories,standard,9,0.62,-0.6924157067599012,-0.1529266673524357,-0.2764633336762179
11,inference_categories,projected,9,0.61,-0.6852913681704682,-0.1529266673524357,-0.2764633336762179
11,inference_categories,partial,9,0.61,-0.6910198038799436,-0.35945649645727157,-0.4797282482286358
11,inference_categories,standard,10,0.62,-0.692261722779021,-0.16238604883815339,-0.2811930244190767
11,inference_categories,projected,10,0.63,-0.6837489291443819,-0.16238604883815339,-0.2811930244190767
11,inference_categories,partial,10,0.67,-0.6893032115906247,-0.35630336929536566,-0.4781516846476828
11,inference_categories,standard,11,0.64,-0.6922566100947033,-0.14977354019052982,-0.2748867700952649
11,inference_categories,projected,11,0.63,-0.6835377121300605,-0.14977354019052982,-0.2748867700952649
11,inference_categories,partial,11,0.7,-0.6886222467803647,-0.24121422788580066,-0.3206071139429003
11,inference_categories,standard,12,0.63,-0.6920724750151092,-0.17972824822863578,-0.2898641241143179
11,inference_categories,projected,12,0.63,-0.6813383281511447,-0.17972824822863578,-0.2898641241143179
11,inference_categories,partial,12,0.74,-0.686568210576793,-0.14504384944767099,-0.2725219247238355
11,inference_categories,standard,13,0.64,-0.6920174221283668,-0.1765751210667299,-0.38828756053336494
11,inference_categories,projected,13,0.63,-0.680335790709332,-0.1765751210667299,-0.38828756053336494
11,inference_categories,partial,13,0.7,-0.6856078134876854,-0.23175484640008298,-0.31587742320004153
11,inference_categories,standard,14,0.62,-0.6921288723773837,-0.16080948525720043,-0.2804047426286002
11,inference_categories,projected,14,0.63,-0.6819648086196096,-0.15450323093338866,-0.27725161546669436
11,inference_categories,partial,14,0.64,-0.6874622328181249,-0.3279252248382126,-0.3639626124191063
11,inference_categories,standard,15,0.65,-0.692091529089567,-0.06779223398097665,-0.23389611699048835
11,inference_categories,projected,15,0.63,-0.6815651532041045,-0.044143780266682475,-0.22207189013334125
11,inference_categories,partial,15,0.69,-0.6870661637289794,-0.1813048118095887,-0.29065240590479435
11,inference_categories,standard,16,0.64,-0.6920279528246795,-0.09932350560003557,-0.2496617528000178
11,inference_categories,projected,16,0.63,-0.6808545436977309,-0.09932350560003557,-0.2496617528000178
11,inference_categories,partial,16,0.69,-0.6863505808559951,-0.2159892105905535,-0.3079946052952768
11,inference_categories,standard,17,0.68,-0.6919656351774357,0.09774694201908263,-0.051126528990458664
11,inference_categories,projected,17,0.68,-0.6806366083063564,0.09774694201908263,-0.051126528990458664
11,inference_categories,partial,17,0.72,-0.6861131225423353,-0.10562975992384735,-0.15281487996192367
11,inference_categories,standard,18,0.68,-0.6917928137273708,0.03783752594287069,-0.18108123702856466
11,inference_categories,projected,18,0.67,-0.6786236148596775,0.03783752594287069,-0.18108123702856466
11,inference_categories,partial,18,0.74,-0.6832748118436254,-0.1182422685714709,-0.15912113428573543
11,inference_categories,standard,19,0.69,-0.6918307575832734,0.011035945066670619,-0.1944820274666647
11,inference_categories,projected,19,0.68,-0.6786945837695673,0.06463910681907077,-0.16768044659046463
11,inference_categories,partial,19,0.73,-0.6835527933454282,-0.03941408952382364,-0.1197070447619118
11,inference_categories,standard,20,0.68,-0.6917892191626287,-0.044143780266682475,-0.22207189013334125
11,inference_categories,projected,20,0.69,-0.6777779694621339,-0.023648453714294183,-0.2118242268571471
11,inference_categories,partial,20,0.72,-0.6834688864230967,-0.10878288708575322,-0.1543914435428766
12,choice_only,standard,1,0.6,-0.6930809798165314,0.306165062206635,0.05308253110331751
12,choice_only,projected,1,0.58,-0.6925961384365276,0.306165062206635,0.05308253110331751
12,choice_only,partial,1,0.58,-0.6925961384365276,0.306165062206635,0.05308253110331751
12,choice_only,standard,2,0.57,-0.6931205534679872,0.340732085358997,-0.029633957320501503
12,choice_only,projected,2,0.54,-0.692721092723668,0.340732085358997,-0.029633957320501503
12,choice_only,partial,2,0.54,-0.692721092723668,0.340732085358997,-0.029633957320501503
12,choice_only,standard,3,0.49,-0.6931544979549384,0.1744811644833511,-0.3127594177583245
12,choice_only,projected,3,0.49,-0.6926750695928358,0.1744811644833511,-0.3127594177583245
12,choice_only,partial,3,0.49,-0.6926750695928358,0.1744811644833511,-0.3127594177583245
12,choice_only,standard,4,0.48,-0.6930968227400831,0.13991414133098912,-0.43004292933450544
12,choice_only,projected,4,0.49,-0.6919489551549239,0.13991414133098912,-0.43004292933450544
12,choice_only,partial,4,0.49,-0.6919489551549239,0.13991414133098912,-0.43004292933450544
12,choice_only,standard,5,0.47,-0.6931080047210544,0.1053471181786271,-0.44732644091068646
12,choice_only,projected,5,0.48,-0.6919018143596055,0.1053471181786271,-0.44732644091068646
12,choice_only,partial,5,0.48,-0.6919018143596055,0.1053471181786271,-0.44732644091068646
12,choice_only,standard,6,0.48,-0.6930807875557428,0.10699316690016815,-0.44650341654991593
12,choice_only,projected,6,0.48,-0.6914457311995349,0.10699316690016815,-0.44650341654991593
12,choice_only,partial,6,0.48,-0.6914457311995349,0.10699316690016815,-0.44650341654991593
12,choice_only,standard,7,0.47,-0.6930710567522298,0.13003784900174284,-0.3349810754991286
12,choice_only,projected,7,0.47,-0.6912630702514946,0.13003784900174284,-0.3349810754991286
12,choice_only,partial,7,0.47,-0.6912630702514946,0.13003784900174284,-0.3349810754991286
12,choice_only,standard,8,0.49,-0.6930067199997764,0.12839180028020175,-0.3358040998598991
12,choice_only,projected,8,0.48,-0.6905464053696896,0.12839180028020175,-0.3358040998598991
12,choice_only,partial,8,0.48,-0.6905464053696896,0.12839180028020175,-0.3358040998598991
12,choice_only,standard,9,0.5,-0.6929403058311527,0.13991414133098912,-0.33004292933450546
12,choice_only,projected,9,0.48,-0.6899779068965582,0.13991414133098912,-0.33004292933450546
12,choice_only,partial,9,0.48,-0.6899779068965582,0.13991414133098912,-0.33004292933450546
12,choice_only,standard,10,0.5,-0.6928818941816753,0.1629588234325638,-0.3185205882837181
12,choice_only,projected,10,0.51,-0.6896183884296092,0.1629588234325638,-0.3185205882837181
12,choice_only,partial,10,0.51,-0.6896183884296092,0.1629588234325638,-0.3185205882837181
12,choice_only,standard,11,0.5,-0.6928279023933744,0.20575609019263105,-0.2971219549036845
12,choice_only,projected,11,0.5,-0.6890497899266864,0.20575609019263105,-0.2971219549036845
12,choice_only,partial,11,0.5,-0.6890497899266864,0.20575609019263105,-0.2971219549036845
12,choice_only,standard,12,0.49,-0.6929004808881083,0.17777326192643322,-0.31111336903678344
12,choice_only,projected,12,0.49,-0.6894556968355969,0.17777326192643322,-0.31111336903678344
12,choice_only,partial,12,0.49,-0.6894556968355969,0.17777326192643322,-0.31111336903678344
12,choice_only,standard,13,0.5,-0.6929005966518593,0.15966672598948167,-0.32016663700525916
12,choice_only,projected,13,0.5,-0.6896216010074512,0.18600350553413847,-0.3069982472329308
12,choice_only,partial,13,0.5,-0.6896216010074512,0.18600350553413847,-0.3069982472329308
12,choice_only,standard,14,0.49,-0.6928780769875726,0.18600350553413847,-0.3069982472329308
12,choice_only,projected,14,0.48,-0.6895310308157597,0.18600350553413847,-0.3069982472329308
12,choice_only,partial,14,0.48,-0.6895310308157597,0.18600350553413847,-0.3069982472329308
12,choice_only,standard,15,0.52,-0.6927740964615832,0.20081794402800787,-0.2995910279859961
12,choice_only,projected,15,0.49,-0.6889219470597787,0.20081794402800787,-0.2995910279859961
12,choice_only,partial,15,0.49,-0.6889219470597787,0.20081794402800787,-0.2995910279859961
12,choice_only,standard,16,0.51,-0.6926874224157676,0.15966672598948167,-0.32016663700525916
12,choice_only,projected,16,0.47,-0.6885304455645115,0.15966672598948167,-0.32016663700525916
12,choice_only,partial,16,0.47,-0.6885304455645115,0.15966672598948167,-0.32016663700525916
12,choice_only,standard,17,0.51,-0.692722579160549,0.17283511576181007,-0.313582442119095
12,choice_only,projected,17,0.48,-0.6887510120692916,0.17283511576181007,-0.313582442119095
12,choice_only,partial,17,0.48,-0.6887510120692916,0.17283511576181007,-0.313582442119095
12,choice_only,standard,18,0.52,-0.6926489283750253,0.22386262612958258,-0.2880686869352087
12,choice_only,projected,18,0.51,-0.6883111824143582,0.2501994056742394,-0.27490029716288034
12,choice_only,partial,18,0.51,-0.6883111824143582,0.2501994056742394,-0.27490029716288034
12,choice_only,standard,19,0.53,-0.6926113389767566,0.2584296492819446,-0.2707851753590277
12,choice_only,projected,19,0.52,-0.6880953274913785,0.2584296492819446,-0.2707851753590277
12,choice_only,partial,19,0.52,-0.6880953274913785,0.2584296492819446,-0.2707851753590277
12,choice_only,standard,20,0.53,-0.692667927476236,0.2584296492819446,-0.2707851753590277
12,choice_only,projected,20,0.52,-0.6884916278484076,0.2584296492819446,-0.2707851753590277
12,choice_only,partial,20,0.52,-0.6884916278484076,0.2584296492819446,-0.2707851753590277
12,inference_affirm,standard,1,0.6,-0.6930809798165314,0.306165062206635,0.05308253110331751
12,inference_affirm,projected,1,0.58,-0.6925961384365276,0.306165062206635,0.05308253110331751
12,inference_affirm,partial,1,0.52,-0.6927641819277988,0.05431960781085459,-0.07284019609457268
12,inference_affirm,standard,2,0.57,-0.6931205534679872,0.340732085358997,-0.029633957320501503
12,inference_affirm,projected,2,0.54,-0.692721092723668,0.340732085358997,-0.029633957320501503
12,inference_affirm,partial,2,0.48,-0.6929811807911335,-0.06748799758318298,-0.3337439987915915
12,inference_affirm,standard,3,0.49,-0.6931544979549384,0.1744811644833511,-0.3127594177583245
12,inference_affirm,projected,3,0.49,-0.6926750695928358,0.1744811644833511,-0.3127594177583245
12,inference_affirm,partial,3,0.49,-0.6931306695572349,0.006584194886164194,-0.3967079025569179
12,inference_affirm,standard,4,0.48,-0.6930968227400831,0.13991414133098912,-0.43004292933450544
12,inference_affirm,projected,4,0.49,-0.6919489551549239,0.13991414133098912,-0.43004292933450544
12,inference_affirm,partial,4,0.52,-0.6917222845441853,0.18271140809105635,-0.30864429595447185
12,inference_affirm,standard,5,0.47,-0.6931080047210544,0.1053471181786271,-0.44732644091068646
12,inference_affirm,projected,5,0.48,-0.6919018143596055,0.1053471181786271,-0.44732644091068646
12,inference_affirm,partial,5,0.51,-0.69164200692838,0.13662204388790702,-0.3316889780560465
12,inference_affirm,standard,6,0.48,-0.6930807875557428,0.10699316690016815,-0.44650341654991593
12,inference_affirm,projected,6,0.48,-0.6914457311995349,0.10699316690016815,-0.44650341654991593
12,inference_affirm,partial,6,0.5,-0.6914208271626181,0.102055020735545,-0.34897248963222754
12,inference_affirm,standard,7,0.47,-0.6930710567522298,0.13003784900174284,-0.3349810754991286
12,inference_affirm,projected,7,0.47,-0.6912630702514946,0.13003784900174284,-0.3349810754991286
12,inference_affirm,partial,7,0.5,-0.6911517085399062,0.08230243607705241,-0.3588487819614738
12,inference_affirm,standard,8,0.49,-0.6930067199997764,0.12839180028020175,-0.3358040998598991
12,inference_affirm,projected,8,0.48,-0.6905464053696896,0.12839180028020175,-0.3358040998598991
12,inference_affirm,partial,8,0.54,-0.6908096319959042,0.12016155667249653,-0.23991922166375174
12,inference_affirm,standard,9,0.5,-0.6929403058311527,0.13991414133098912,-0.33004292933450546
12,inference_affirm,projected,9,0.48,-0.6899779068965582,0.13991414133098912,-0.33004292933450546
12,inference_affirm,partial,9,0.53,-0.6906828641624706,0.11686945922941443,-0.24156527038529277
12,inference_affirm,standard,10,0.5,-0.6928818941816753,0.1629588234325638,-0.3185205882837181
12,inference_affirm,projected,10,0.51,-0.6896183884296092,0.1629588234325638,-0.3185205882837181
12,inference_affirm,partial,10,0.52,-0.6905221624153305,0.10699316690016815,-0.24650341654991592
12,inference_affirm,standard,11,0.5,-0.6928279023933744,0.20575609019263105,-0.2971219549036845
12,inference_affirm,projected,11,0.5,-0.6890497899266864,0.20575609019263105,-0.2971219549036845
12,inference_affirm,partial,11,0.55,-0.6896739436211392,0.1530825311033175,-0.22345873444834125
12,inference_affirm,standard,12,0.51,-0.6927556983049015,0.24361521078807513,-0.17819239460596242
12,inference_affirm,projected,12,0.51,-0.6886575186754657,0.24361521078807513,-0.17819239460596242
12,inference_affirm,partial,12,0.55,-0.6893557325436581,0.18435745681259744,-0.20782127159370128
12,inference_affirm,standard,13,0.52,-0.6927556922663733,0.21892447996495942,-0.19053776001752026
12,inference_affirm,projected,13,0.52,-0.6885205895856046,0.21892447996495942,-0.19053776001752026
12,inference_affirm,partial,13,0.54,-0.6894713939964379,0.17283511576181007,-0.21358244211909494
12,inference_affirm,standard,14,0.53,-0.692733269687559,0.21892447996495942,-0.19053776001752026
12,inference_affirm,projected,14,0.5,-0.6884465214490751,0.21892447996495942,-0.19053776001752026
12,inference_affirm,partial,14,0.55,-0.6894474276931571,0.18435745681259744,-0.20782127159370128
12,inference_affirm,standard,15,0.52,-0.6928379801383359,0.22221657740804152,-0.18889171129597923
12,inference_affirm,projected,15,0.49,-0.6891219785879699,0.2106942363572542,-0.1946528818213729
12,inference_affirm,partial,15,0.54,-0.6899110146267736,0.16131277471102276,-0.2193436126444886
12,inference_affirm,standard,16,0.53,-0.6927511136005552,0.1909416516987616,-0.2045291741506192
12,inference_affirm,projected,16,0.5,-0.6886885082525835,0.20575609019263105,-0.19712195490368445
12,inference_affirm,partial,16,0.57,-0.6893277483581602,0.17941931064797426,-0.21029034467601287
12,inference_affirm,standard,17,0.52,-0.6927863077568774,0.25349150311732144,-0.2732542484413393
12,inference_affirm,projected,17,0.51,-0.6889245005113236,0.25349150311732144,-0.2732542484413393
12,inference_affirm,partial,17,0.55,-0.6900713936281909,0.13826809260944806,-0.23086595369527596
12,inference_affirm,standard,18,0.54,-0.6927126490767266,0.25184545439578043,-0.17407727280210977
12,inference_affirm,projected,18,0.51,-0.6884891527525956,0.26501384416810875,-0.16749307791594562
12,inference_affirm,partial,18,0.55,-0.6895449553789096,0.171189067040269,-0.21440546647986547
12,inference_affirm,standard,19,0.53,-0.6926751115634295,0.2551375518388625,-0.17243122408056874
12,inference_affirm,projected,19,0.52,-0.688286557168976,0.28476642882660136,-0.1576167855866993
12,inference_affirm,partial,19,0.54,-0.6895415959654035,0.1152234105078734,-0.2423882947460633
12,inference_affirm,standard,20,0.53,-0.6926191197916239,0.24032311334499307,-0.17983844332750346
12,inference_affirm,projected,20,0.52,-0.6879301514286672,0.23373891845882885,-0.18313054077058555
12,inference_affirm,partial,20,0.54,-0.6894199647240329,0.08394848479859347,-0.25802575760070323
12,inference_categories,standard,1,0.6,-0.6930809798165314,0.306165062206635,0.05308253110331751
12,inference_categories,projected,1,0.58,-0.6925961384365276,0.306165062206635,0.05308253110331751
12,inference_categories,partial,1,0.53,-0.6926905640161981,0.19587979786338475,-0.0020601010683076043
12,inference_categories,standard,2,0.57,-0.6931205534679872,0.340732085358997,-0.029633957320501503
12,inference_categories,projected,2,0.54,-0.692721092723668,0.340732085358997,-0.029633957320501503
12,inference_categories,partial,2,0.54,-0.6928166250323713,0.13003784900174284,-0.13498107549912858
12,inference_categories,standard,3,0.61,-0.6930866848778908,0.2600756980034857,-0.06996215099825717
12,inference_categories,projected,3,0.61,-0.6927836618355708,0.24361521078807513,-0.07819239460596245
12,inference_categories,partial,3,0.53,-0.6926829195842912,0.0576117052539367,-0.17119414737303165
12,inference_categories,standard,4,0.57,-0.6930289183118554,0.27489013649735505,-0.06255493175132248
12,inference_categories,projected,4,0.57,-0.692006951624775,0.27489013649735505,-0.06255493175132248
12,inference_categories,partial,4,0.54,-0.6916583512087658,0.1053471181786271,-0.14732644091068647
12,inference_categories,standard,5,0.52,-0.6930400045876248,0.22386262612958258,-0.1880686869352087
12,inference_categories,projected,5,0.53,-0.6919338015369072,0.22386262612958258,-0.1880686869352087
12,inference_categories,partial,5,0.55,-0.6914859871421526,0.07078009502626507,-0.2646099524868675
12,inference_categories,standard,6,0.51,-0.6930126808905919,0.21563238252187733,-0.19218380873906132
12,inference_categories,projected,6,0.53,-0.6914378991619398,0.21563238252187733,-0.19218380873906132
12,inference_categories,partial,6,0.53,-0.691001745017092,0.0954708258493808,-0.2522645870753096
12,inference_categories,standard,7,0.54,-0.6930029314618862,0.23703101590191095,-0.08148449204904454
12,inference_categories,projected,7,0.54,-0.6912492865458075,0.23703101590191095,-0.08148449204904454
12,inference_categories,partial,7,0.53,-0.6908329173256995,0.07407219246934717,-0.2629639037653264
12,inference_categories,standard,8,0.53,-0.6929386168440285,0.2880585262696835,-0.05597073686515827
12,inference_categories,projected,8,0.55,-0.6905147401863124,0.27324408777581405,-0.06337795611209299
12,inference_categories,partial,8,0.52,-0.6905611427761482,0.09217872840629872,-0.25391063579685064
12,inference_categories,standard,9,0.53,-0.6928721227519195,0.29628876987738867,-0.05185561506130568
12,inference_categories,projected,9,0.54,-0.6899000974447549,0.29628876987738867,-0.05185561506130568
12,inference_categories,partial,9,0.52,-0.6905205711910862,0.05431960781085459,-0.2728401960945727
12,inference_categories,standard,10,0.53,-0.6928137673926605,0.31768740325742234,-0.04115629837128884
12,inference_categories,projected,10,0.55,-0.6895397330284111,0.31768740325742234,-0.04115629837128884
12,inference_categories,partial,10,0.54,-0.6901259799953624,0.13662204388790702,-0.2316889780560465
12,inference_categories,standard,11,0.52,-0.6927596902309306,0.2567836005604035,-0.17160819971979824
12,inference_categories,projected,11,0.53,-0.6889296708966782,0.27982828266197823,-0.16008585866901087
12,inference_categories,partial,11,0.53,-0.6893798342272673,0.09382477712783976,-0.2530876114360801
12,inference_categories,standard,12,0.55,-0.6928322568921508,0.24361521078807513,-0.27819239460596246
12,inference_categories,projected,12,0.53,-0.689339257659185,0.24361521078807513,-0.27819239460596246
12,inference_categories,partial,12,0.51,-0.6898709448299338,0.0855945335201345,-0.25720273323993276
12,inference_categories,standard,13,0.55,-0.6928324233822614,0.29464272115584766,-0.15267863942207616
12,inference_categories,projected,13,0.54,-0.6895265245763254,0.29464272115584766,-0.15267863942207616
12,inference_categories,partial,13,0.53,-0.6901674116375045,0.09217872840629872,-0.25391063579685064
12,inference_categories,standard,14,0.55,-0.6928098629015771,0.2929966724343066,-0.2535016637828467
12,inference_categories,projected,14,0.53,-0.6894229267160706,0.2929966724343066,-0.2535016637828467
12,inference_categories,partial,14,0.54,-0.6901530725459767,0.09053267968475766,-0.25473366015762117
12,inference_categories,standard,15,0.57,-0.6929150627858089,0.3045190134850939,-0.14774049325745303
12,inference_categories,projected,15,0.52,-0.6902167862986075,0.3045190134850939,-0.14774049325745303
12,inference_categories,partial,15,0.51,-0.6907354331003888,0.06913404630472403,-0.265432976847638
12,inference_categories,standard,16,0.54,-0.6928272777567663,0.21563238252187733,-0.29218380873906136
12,inference_categories,projected,16,0.53,-0.689666831218585,0.2288007722942057,-0.28559961385289717
12,inference_categories,partial,16,0.5,-0.6909162374407198,0.05431960781085459,-0.2728401960945727
12,inference_categories,standard,17,0.55,-0.6928626627175762,0.2617217467250267,-0.2691391266374867
12,inference_categories,projected,17,0.53,-0.6899348813563216,0.2617217467250267,-0.2691391266374867
12,inference_categories,partial,17,0.53,-0.6916170067809024,0.01152234105078734,-0.29423882947460633
12,inference_categories,standard,18,0.52,-0.6929365408627756,0.15637462854639958,-0.3218126857268002
12,inference_categories,projected,18,0.5,-0.6903735964183972,0.13168389772328387,-0.33415805113835806
12,inference_categories,partial,18,0.5,-0.6919570345006605,0.008230243607705242,-0.2958848781961474
12,inference_categories,standard,19,0.55,-0.6928990071469054,0.22715472357266467,-0.2864226382136677
12,inference_categories,projected,19,0.53,-0.6901917047713135,0.2419691620665341,-0.17901541896673295
12,inference_categories,partial,19,0.5,-0.6922100326961563,0.008230243607705242,-0.2958848781961474
12,inference_categories,standard,20,0.58,-0.6929563292041542,0.2880585262696835,-0.15597073686515825
12,inference_categories,projected,20,0.52,-0.690711669640552,0.3028729647635529,-0.14856351761822353
12,inference_categories,partial,20,0.47,-0.6924672546353956,-0.03127492570927992,-0.41563746285464
13,choice_only,standard,1,0.63,-0.6930943933770206,-0.2984934141901143,-0.3492467070950572
13,choice_only,projected,1,0.74,-0.6922712132994511,-0.2984934141901143,-0.3492467070950572
13,choice_only,partial,1,0.74,-0.6922712132994511,-0.2984934141901143,-0.3492467070950572
13,choice_only,standard,2,0.55,-0.6931450584652434,-0.20000573945733546,-0.10000286972866773
13,choice_only,projected,2,0.53,-0.6930172484947111,-0.20000573945733546,-0.10000286972866773
13,choice_only,partial,2,0.53,-0.6930172484947111,-0.20000573945733546,-0.10000286972866773
13,choice_only,standard,3,0.66,-0.6930483351442526,-0.016667144954777956,-0.10833357247738895
13,choice_only,projected,3,0.78,-0.6914833986220104,-0.016667144954777956,-0.10833357247738895
13,choice_only,partial,3,0.78,-0.6914833986220104,-0.016667144954777956,-0.10833357247738895
13,choice_only,standard,4,0.79,-0.692708735691752,0.0287887049218892,0.0143943524609446
13,choice_only,projected,4,0.82,-0.6864368226187573,0.0287887049218892,0.0143943524609446
13,choice_only,partial,4,0.82,-0.6864368226187573,0.0287887049218892,0.0143943524609446
13,choice_only,standard,5,0.78,-0.6925523623503541,-0.02727350992600029,-0.013636754963000146
13,choice_only,projected,5,0.81,-0.684271948149132,-0.02727350992600029,-0.013636754963000146
13,choice_only,partial,5,0.81,-0.684271948149132,-0.02727350992600029,-0.013636754963000146
13,choice_only,standard,6,0.84,-0.692496616233766,0.11667001468344569,0.15833500734172282
13,choice_only,projected,6,0.85,-0.6834109614755203,0.11667001468344569,0.15833500734172282
13,choice_only,partial,6,0.85,-0.6834109614755203,0.11667001468344569,0.15833500734172282
13,choice_only,standard,7,0.83,-0.6923284106547011,0.03333428990955591,0.016667144954777956
13,choice_only,projected,7,0.83,-0.6812152230666416,0.05303182485611168,0.02651591242805584
13,choice_only,partial,7,0.83,-0.6812152230666416,0.05303182485611168,0.02651591242805584
13,choice_only,standard,8,0.83,-0.6922350053361249,0.09242689474922322,0.04621344737461161
13,choice_only,projected,8,0.85,-0.6796047953424553,0.09242689474922322,0.04621344737461161
13,choice_only,partial,8,0.85,-0.6796047953424553,0.09242689474922322,0.04621344737461161
13,choice_only,standard,9,0.8,-0.6919732463852644,0.00606077998355562,0.00303038999177781
13,choice_only,projected,9,0.82,-0.6758651668269883,0.00606077998355562,0.00303038999177781
13,choice_only,partial,9,0.82,-0.6758651668269883,0.00606077998355562,0.00303038999177781
13,choice_only,standard,10,0.83,-0.6919008980253143,0.13182196464233475,0.06591098232116738
13,choice_only,projected,10,0.84,-0.6751578516179176,0.13182196464233475,0.06591098232116738
13,choice_only,partial,10,0.84,-0.6751578516179176,0.13182196464233475,0.06591098232116738
13,choice_only,standard,11,0.84,-0.6918620101098146,0.10151806472455664,0.05075903236227832
13,choice_only,projected,11,0.84,-0.6747296966421239,0.10151806472455664,0.05075903236227832
13,choice_only,partial,11,0.84,-0.6747296966421239,0.10151806472455664,0.05075903236227832
13,choice_only,standard,12,0.85,-0.6919551691269359,0.15758027957244614,0.07879013978622307
13,choice_only,projected,12,0.86,-0.6758789107967682,0.15758027957244614,0.07879013978622307
13,choice_only,partial,12,0.86,-0.6758789107967682,0.15758027957244614,0.07879013978622307
13,choice_only,standard,13,0.87,-0.6919124884005289,0.1227307946670013,0.06136539733350065
13,choice_only,projected,13,0.86,-0.675006121977168,0.1227307946670013,0.06136539733350065
13,choice_only,partial,13,0.86,-0.675006121977168,0.1227307946670013,0.06136539733350065
13,choice_only,standard,14,0.85,-0.691912453878883,0.13182196464233475,0.06591098232116738
13,choice_only,projected,14,0.87,-0.6751265463203496,0.13182196464233475,0.06591098232116738
13,choice_only,partial,14,0.87,-0.6751265463203496,0.13182196464233475,0.06591098232116738
13,choice_only,standard,15,0.84,-0.6918435867058137,0.18788417949022426,0.09394208974511213
13,choice_only,projected,15,0.87,-0.6742793087282584,0.18788417949022426,0.09394208974511213
13,choice_only,partial,15,0.87,-0.6742793087282584,0.18788417949022426,0.09394208974511213
13,choice_only,standard,16,0.86,-0.6916521550068293,0.13182196464233475,0.06591098232116738
13,choice_only,projected,16,0.87,-0.6716985833954738,0.13182196464233475,0.06591098232116738
13,choice_only,partial,16,0.87,-0.6716985833954738,0.13182196464233475,0.06591098232116738
13,choice_only,standard,17,0.86,-0.6916028707112504,0.13485235463411258,0.06742617731705629
13,choice_only,projected,17,0.86,-0.6713696790512321,0.13485235463411258,0.06742617731705629
13,choice_only,partial,17,0.86,-0.6713696790512321,0.13485235463411258,0.06742617731705629
13,choice_only,standard,18,0.85,-0.6914220223673831,0.12121559967111241,0.060607799835556204
13,choice_only,projected,18,0.86,-0.6688369811074295,0.13636754963000144,0.06818377481500072
13,choice_only,partial,18,0.86,-0.6688369811074295,0.13636754963000144,0.06818377481500072
13,choice_only,standard,19,0.84,-0.6914740750709312,0.15758027957244614,0.07879013978622307
13,choice_only,projected,19,0.86,-0.6693511341662414,0.16364105955600178,0.08182052977800089
13,choice_only,partial,19,0.86,-0.6693511341662414,0.16364105955600178,0.08182052977800089
13,choice_only,standard,20,0.84,-0.6914133420310867,0.13485235463411258,0.06742617731705629
13,choice_only,projected,20,0.85,-0.6682184234591549,0.14091313461766816,0.07045656730883408
13,choice_only,partial,20,0.85,-0.6682184234591549,0.14091313461766816,0.07045656730883408
13,inference_affirm,standard,1,0.63,-0.6930943933770206,-0.2984934141901143,-0.3492467070950572
13,inference_affirm,projected,1,0.74,-0.6922712132994511,-0.2984934141901143,-0.3492467070950572
13,inference_affirm,partial,1,0.5,-0.6939008681249974,0.23570144808987403,0.217850724044937
13,inference_affirm,standard,2,0.55,-0.6931450584652434,-0.20000573945733546,-0.10000286972866773
13,inference_affirm,projected,2,0.53,-0.6930172484947111,-0.20000573945733546,-0.10000286972866773
13,inference_affirm,partial,2,0.39,-0.6947574480472327,0.2894022442147809,0.3447011221073904
13,inference_affirm,standard,3,0.66,-0.6930483351442526,-0.016667144954777956,-0.10833357247738895
13,inference_affirm,projected,3,0.78,-0.6914833986220104,-0.016667144954777956,-0.10833357247738895
13,inference_affirm,partial,3,0.65,-0.6920814721048544,0.446982523787227,0.2234912618936135
13,inference_affirm,standard,4,0.79,-0.692708735691752,0.0287887049218892,0.0143943524609446
13,inference_affirm,projected,4,0.82,-0.6864368226187573,0.0287887049218892,0.0143943524609446
13,inference_affirm,partial,4,0.84,-0.6877598427093212,0.21515768941622454,0.20757884470811225
13,inference_affirm,standard,5,0.78,-0.6925523623503541,-0.02727350992600029,-0.013636754963000146
13,inference_affirm,projected,5,0.81,-0.684271948149132,-0.02727350992600029,-0.013636754963000146
13,inference_affirm,partial,5,0.85,-0.6850021607206722,0.1803082045107797,0.2901541022553898
13,inference_affirm,standard,6,0.84,-0.692496616233766,0.11667001468344569,0.15833500734172282
13,inference_affirm,projected,6,0.85,-0.6834109614755203,0.11667001468344569,0.15833500734172282
13,inference_affirm,partial,6,0.85,-0.6842080091208096,0.2636439292846695,0.23182196464233473
13,inference_affirm,standard,7,0.83,-0.6923284106547011,0.03333428990955591,0.016667144954777956
13,inference_affirm,projected,7,0.83,-0.6812152230666416,0.05303182485611168,0.02651591242805584
13,inference_affirm,partial,7,0.84,-0.683102850687818,0.29697821919422546,0.34848910959711266
13,inference_affirm,standard,8,0.83,-0.6922350053361249,0.09242689474922322,0.04621344737461161
13,inference_affirm,projected,8,0.85,-0.6796047953424553,0.09242689474922322,0.04621344737461161
13,inference_affirm,partial,8,0.86,-0.6809921528042971,0.34546445906267037,0.3727322295313351
13,inference_affirm,standard,9,0.8,-0.6919732463852644,0.00606077998355562,0.00303038999177781
13,inference_affirm,projected,9,0.82,-0.6758651668269883,0.00606077998355562,0.00303038999177781
13,inference_affirm,partial,9,0.85,-0.6757057617470283,0.30606938916955884,0.2530346945847794
13,inference_affirm,standard,10,0.83,-0.6919008980253143,0.13182196464233475,0.06591098232116738
13,inference_affirm,projected,10,0.84,-0.6751578516179176,0.13182196464233475,0.06591098232116738
13,inference_affirm,partial,10,0.86,-0.6754782192802121,0.3303125091037813,0.2651562545518906
13,inference_affirm,standard,11,0.82,-0.6919398253826787,0.13333715963822365,0.06666857981911183
13,inference_affirm,projected,11,0.84,-0.675595171837692,0.13333715963822365,0.06666857981911183
13,inference_affirm,partial,11,0.85,-0.6767990004653534,0.36364679901333724,0.28182339950666857
13,inference_affirm,standard,12,0.85,-0.6920329915302383,0.1469739146012238,0.0734869573006119
13,inference_affirm,projected,12,0.85,-0.6767435429245718,0.1469739146012238,0.0734869573006119
13,inference_affirm,partial,12,0.83,-0.678000275707205,0.35455562903800386,0.2772778145190019
13,inference_affirm,standard,13,0.84,-0.6919903728330656,0.1424283296135571,0.07121416480677854
13,inference_affirm,projected,13,0.85,-0.6758756009076393,0.1424283296135571,0.07121416480677854
13,inference_affirm,partial,13,0.86,-0.6774509737055101,0.39849628391878206,0.299248141959391
13,inference_affirm,standard,14,0.83,-0.6919904545927348,0.175762619523113,0.0878813097615565
13,inference_affirm,projected,14,0.84,-0.6757614794840668,0.175762619523113,0.0878813097615565
13,inference_affirm,partial,14,0.86,-0.6782534378723148,0.43334576882422693,0.31667288441211344
13,inference_affirm,standard,15,0.84,-0.6919214547910745,0.18182339950666862,0.09091169975333431
13,inference_affirm,projected,15,0.85,-0.6748980028200033,0.18182339950666862,0.09091169975333431
13,inference_affirm,partial,15,0.86,-0.6772986021802474,0.431830573828338,0.315915286914169
13,inference_affirm,standard,16,0.83,-0.6917301409323956,0.17424742452722408,0.08712371226361204
13,inference_affirm,projected,16,0.84,-0.6723365363556773,0.17424742452722408,0.08712371226361204
13,inference_affirm,partial,16,0.86,-0.6746607604174814,0.3727379689886707,0.28636898449433534
13,inference_affirm,standard,17,0.84,-0.691779454118871,0.17879300951489083,0.08939650475744541
13,inference_affirm,projected,17,0.84,-0.6726587397582853,0.17879300951489083,0.08939650475744541
13,inference_affirm,partial,17,0.85,-0.6750701442197214,0.39092030893933755,0.2954601544696688
13,inference_affirm,standard,18,0.83,-0.6915985142834267,0.18182339950666862,0.09091169975333431
13,inference_affirm,projected,18,0.85,-0.6701183140090627,0.18182339950666862,0.09091169975333431
13,inference_affirm,partial,18,0.86,-0.6717491120999047,0.35607082403389273,0.17803541201694636
13,inference_affirm,standard,19,0.84,-0.6916505804942777,0.16515625455189065,0.08257812727594532
13,inference_affirm,projected,19,0.85,-0.6706337339983031,0.18182339950666862,0.09091169975333431
13,inference_affirm,partial,19,0.85,-0.6726632218088624,0.34091887407500365,0.2704594370375018
13,inference_affirm,standard,20,0.83,-0.6915898354304428,0.1681866445436685,0.08409332227183425
13,inference_affirm,projected,20,0.83,-0.6695012423340687,0.18182339950666862,0.09091169975333431
13,inference_affirm,partial,20,0.85,-0.6714080352191297,0.41667862386944887,0.4083393119347244
13,inference_categories,standard,1,0.63,-0.6930943933770206,-0.2984934141901143,-0.3492467070950572
13,inference_categories,projected,1,0.74,-0.6922712132994511,-0.2984934141901143,-0.3492467070950572
13,inference_categories,partial,1,0.47,-0.6938371122782887,0.25000717432166936,0.22500358716083466
13,inference_categories,standard,2,0.55,-0.6931450584652434,-0.20000573945733546,-0.10000286972866773
13,inference_categories,projected,2,0.53,-0.6930172484947111,-0.20000573945733546,-0.10000286972866773
13,inference_categories,partial,2,0.35,-0.6946407258666457,0.19546015446966877,0.29773007723483436
13,inference_categories,standard,3,0.66,-0.6930483351442526,-0.016667144954777956,-0.10833357247738895
13,inference_categories,projected,3,0.78,-0.6914833986220104,-0.016667144954777956,-0.10833357247738895
13,inference_categories,partial,3,0.68,-0.692035205078539,0.39243550393522636,0.29621775196761313
13,inference_categories,standard,4,0.79,-0.692708735691752,0.0287887049218892,0.0143943524609446
13,inference_categories,projected,4,0.82,-0.6864368226187573,0.0287887049218892,0.0143943524609446
13,inference_categories,partial,4,0.75,-0.6892896257078571,0.2590983442970028,0.3295491721485013
13,inference_categories,standard,5,0.78,-0.6925523623503541,-0.02727350992600029,-0.013636754963000146
13,inference_categories,projected,5,0.81,-0.684271948149132,-0.02727350992600029,-0.013636754963000146
13,inference_categories,partial,5,0.83,-0.6872834824364713,0.2257640543874469,0.21288202719372343
13,inference_categories,standard,6,0.84,-0.692496616233766,0.11667001468344569,0.15833500734172282
13,inference_categories,projected,6,0.85,-0.6834109614755203,0.11667001468344569,0.15833500734172282
13,inference_categories,partial,6,0.81,-0.6864494429535722,0.18333859450255752,0.19166929725127874
13,inference_categories,standard,7,0.83,-0.6923284106547011,0.03333428990955591,0.016667144954777956
13,inference_categories,projected,7,0.83,-0.6812152230666416,0.05303182485611168,0.02651591242805584
13,inference_categories,partial,7,0.73,-0.6874038820336378,0.2666743192764473,0.23333715963822363
13,inference_categories,standard,8,0.83,-0.6922350053361249,0.09242689474922322,0.04621344737461161
13,inference_categories,projected,8,0.85,-0.6796047953424553,0.09242689474922322,0.04621344737461161
13,inference_categories,partial,8,0.75,-0.6855326319397856,0.3287973141078924,0.26439865705394616
13,inference_categories,standard,9,0.8,-0.6919732463852644,0.00606077998355562,0.00303038999177781
13,inference_categories,projected,9,0.82,-0.6758651668269883,0.00606077998355562,0.00303038999177781
13,inference_categories,partial,9,0.83,-0.6809671942661059,0.2787958792435586,0.1393979396217793
13,inference_categories,standard,10,0.78,-0.692045688975925,-0.09697247973688992,-0.04848623986844496
13,inference_categories,projected,10,0.81,-0.6765837159390086,-0.09697247973688992,-0.04848623986844496
13,inference_categories,partial,10,0.84,-0.681491415114602,0.2515223693175582,0.1257611846587791
13,inference_categories,standard,11,0.75,-0.6920846367074571,-0.07424455479855636,-0.13712227739927815
13,inference_categories,projected,11,0.8,-0.6770245174207181,-0.07424455479855636,-0.13712227739927815
13,inference_categories,partial,11,0.82,-0.6831393756122844,0.2484919793257805,0.12424598966289024
13,inference_categories,standard,12,0.78,-0.692177757382171,0.09242689474922322,0.04621344737461161
13,inference_categories,projected,12,0.82,-0.6781710597443618,0.09242689474922322,0.04621344737461161
13,inference_categories,partial,12,0.83,-0.6842350480849325,0.3287973141078924,0.26439865705394616
13,inference_categories,standard,13,0.76,-0.6921351600619629,0.07121416480677854,0.03560708240338927
13,inference_categories,projected,13,0.81,-0.6773058971590088,0.07121416480677854,0.03560708240338927
13,inference_categories,partial,13,0.84,-0.6833756920846805,0.34394926406678145,0.17197463203339072
13,inference_categories,standard,14,0.72,-0.6921352903873749,0.01818233995066686,-0.09090883002466654
13,inference_categories,projected,14,0.81,-0.6771979973532587,0.016667144954777956,-0.091666427522611
13,inference_categories,partial,14,0.8,-0.6846474143766541,0.33788848408322586,0.16894424204161293
13,inference_categories,standard,15,0.79,-0.6920661700692026,0.06666857981911183,0.03333428990955591
13,inference_categories,projected,15,0.82,-0.6763224901689007,0.07727494479033417,0.038637472395167086
13,inference_categories,partial,15,0.77,-0.6837862679709429,0.35607082403389273,0.17803541201694636
13,inference_categories,standard,16,0.78,-0.6918748809105452,0.060607799835556204,0.030303899917778102
13,inference_categories,projected,16,0.81,-0.673764841225235,0.07121416480677854,0.03560708240338927
13,inference_categories,partial,16,0.82,-0.6810543216713775,0.3727379689886707,0.28636898449433534
13,inference_categories,standard,17,0.76,-0.691825732199985,0.03484948490544482,-0.08257525754727757
13,inference_categories,projected,17,0.81,-0.6734545969910117,0.059092604839667294,-0.07045369758016633
13,inference_categories,partial,17,0.78,-0.6805899044915246,0.3469796540585593,0.2734898270292796
13,inference_categories,standard,18,0.76,-0.6920074692351834,0.06212299483144512,0.03106149741572256
13,inference_categories,projected,18,0.8,-0.6761675974104636,0.06212299483144512,0.03106149741572256
13,inference_categories,partial,18,0.85,-0.6838009564416961,0.351525239046226,0.275762619523113
13,inference_categories,standard,19,0.76,-0.6920595663835872,0.04242545988488934,-0.07878727005755531
13,inference_categories,projected,19,0.8,-0.676689771755078,0.06212299483144512,0.03106149741572256
13,inference_categories,partial,19,0.77,-0.6847518566903641,0.3621316040174483,0.2810658020087241
13,inference_categories,standard,20,0.74,-0.6919988098324952,0.06969896981088965,0.03484948490544482
13,inference_categories,projected,20,0.8,-0.6755373947177284,0.06818377481500072,0.03409188740750036
13,inference_categories,partial,20,0.84,-0.683504442018752,0.36364679901333724,0.28182339950666857
14,choice_only,standard,1,0.67,-0.6930401709258348,0.4189813323988794,0.009490666199439696
14,choice_only,projected,1,0.76,-0.6919291084478952,0.4189813323988794,0.009490666199439696
14,choice_only,partial,1,0.76,-0.6919291084478952,0.4189813323988794,0.009490666199439696
14,choice_only,standard,2,0.58,-0.6930900307098109,0.22134862843714387,-0.18932568578142805
14,choice_only,projected,2,0.58,-0.6926400288277834,0.22134862843714387,-0.18932568578142805
14,choice_only,partial,2,0.58,-0.6926400288277834,0.22134862843714387,-0.18932568578142805
14,choice_only,standard,3,0.55,-0.6931254553036216,0.25099353403140423,-0.2745032329842979
14,choice_only,projected,3,0.54,-0.693185897745583,0.25099353403140423,-0.2745032329842979
14,choice_only,partial,3,0.54,-0.693185897745583,0.25099353403140423,-0.2745032329842979
14,choice_only,standard,4,0.54,-0.693130932594179,0.27273313146719513,-0.26363343426640246
14,choice_only,projected,4,0.54,-0.6936125432118907,0.27273313146719513,-0.26363343426640246
14,choice_only,partial,4,0.54,-0.6936125432118907,0.27273313146719513,-0.26363343426640246
14,choice_only,standard,5,0.57,-0.6929909520844956,0.28063843962566454,-0.15968078018716772
14,choice_only,projected,5,0.58,-0.6916852559163553,0.28063843962566454,-0.15968078018716772
14,choice_only,partial,5,0.58,-0.6916852559163553,0.28063843962566454,-0.15968078018716772
14,choice_only,standard,6,0.6,-0.6929201237117585,0.30633069114069017,-0.1468346544296549
14,choice_only,projected,6,0.6,-0.6908200626559782,0.30633069114069017,-0.1468346544296549
14,choice_only,partial,6,0.6,-0.6908200626559782,0.30633069114069017,-0.1468346544296549
14,choice_only,standard,7,0.76,-0.6927075852176414,0.41700500535926216,0.008502502679631069
14,choice_only,projected,7,0.81,-0.6872869632300577,0.41700500535926216,0.008502502679631069
14,choice_only,partial,7,0.81,-0.6872869632300577,0.41700500535926216,0.008502502679631069
14,choice_only,standard,8,0.7,-0.6927346529878116,0.37550213752729766,-0.11224893123635116
14,choice_only,projected,8,0.77,-0.6885218519642207,0.37550213752729766,-0.11224893123635116
14,choice_only,partial,8,0.77,-0.6885218519642207,0.37550213752729766,-0.11224893123635116
14,choice_only,standard,9,0.76,-0.6925913255840264,0.38340744568576707,-0.008296277157116477
14,choice_only,projected,9,0.8,-0.6861232556108315,0.38340744568576707,-0.008296277157116477
14,choice_only,partial,9,0.8,-0.6861232556108315,0.38340744568576707,-0.008296277157116477
14,choice_only,standard,10,0.74,-0.6924725007578582,0.39131275384423647,-0.004343623077881775
14,choice_only,projected,10,0.83,-0.6845883109417548,0.39131275384423647,-0.004343623077881775
14,choice_only,partial,10,0.83,-0.6845883109417548,0.39131275384423647,-0.004343623077881775
14,choice_only,standard,11,0.62,-0.6926906226767806,0.32016498041801167,-0.13991750979099415
14,choice_only,projected,11,0.67,-0.687975957675142,0.3379519237745679,-0.13102403811271604
14,choice_only,partial,11,0.67,-0.687975957675142,0.3379519237745679,-0.13102403811271604
14,choice_only,standard,12,0.62,-0.6926329905236224,0.3735258104876803,-0.11323709475615984
14,choice_only,projected,12,0.68,-0.687094971999407,0.3735258104876803,-0.11323709475615984
14,choice_only,partial,12,0.68,-0.687094971999407,0.3735258104876803,-0.11323709475615984
14,choice_only,standard,13,0.58,-0.692763506453292,0.27866211258604723,-0.16066894370697637
14,choice_only,projected,13,0.62,-0.689263744882013,0.29842538298222077,-0.1507873085088896
14,choice_only,partial,13,0.62,-0.689263744882013,0.29842538298222077,-0.1507873085088896
14,choice_only,standard,14,0.68,-0.692555093234321,0.44664991095352247,0.023324955476761222
14,choice_only,projected,14,0.76,-0.6858753376176255,0.44664991095352247,0.023324955476761222
14,choice_only,partial,14,0.76,-0.6858753376176255,0.44664991095352247,0.023324955476761222
14,choice_only,standard,15,0.59,-0.6926426454596104,0.3537625400915067,-0.02311872995424666
14,choice_only,projected,15,0.64,-0.6873694370420277,0.3537625400915067,-0.02311872995424666
14,choice_only,partial,15,0.64,-0.6873694370420277,0.3537625400915067,-0.02311872995424666
14,choice_only,standard,16,0.66,-0.6925167357061316,0.39328908088385384,-0.003355459558073093
14,choice_only,projected,16,0.7,-0.685826653341844,0.39328908088385384,-0.003355459558073093
14,choice_only,partial,16,0.7,-0.685826653341844,0.39328908088385384,-0.003355459558073093
14,choice_only,standard,17,0.67,-0.6924956424165495,0.4130523512800275,0.006526175640013732
14,choice_only,projected,17,0.72,-0.6856881839968725,0.4130523512800275,0.006526175640013732
14,choice_only,partial,17,0.72,-0.6856881839968725,0.4130523512800275,0.006526175640013732
14,choice_only,standard,18,0.66,-0.6924889469065039,0.41502867831964474,0.0075143391598223586
14,choice_only,projected,18,0.73,-0.685404607776507,0.41502867831964474,0.0075143391598223586
14,choice_only,partial,18,0.73,-0.685404607776507,0.41502867831964474,0.0075143391598223586
14,choice_only,standard,19,0.65,-0.6924655017373127,0.39328908088385384,-0.003355459558073093
14,choice_only,projected,19,0.67,-0.6855381928062839,0.39328908088385384,-0.003355459558073093
14,choice_only,partial,19,0.67,-0.6855381928062839,0.39328908088385384,-0.003355459558073093
14,choice_only,standard,20,0.67,-0.6923610254569306,0.39526540792347115,-0.002367296038264438
14,choice_only,projected,20,0.73,-0.6836926680415968,0.39526540792347115,-0.002367296038264438
14,choice_only,partial,20,0.73,-0.6836926680415968,0.39526540792347115,-0.002367296038264438
14,inference_affirm,standard,1,0.67,-0.6930401709258348,0.4189813323988794,0.009490666199439696
14,inference_affirm,projected,1,0.76,-0.6919291084478952,0.4189813323988794,0.009490666199439696
14,inference_affirm,partial,1,0.75,-0.6917916136868232,0.43874460279505306,0.01937230139752652
14,inference_affirm,standard,2,0.58,-0.6930900307098109,0.22134862843714387,-0.18932568578142805
14,inference_affirm,projected,2,0.58,-0.6926400288277834,0.22134862843714387,-0.18932568578142805
14,inference_affirm,partial,2,0.55,-0.6934192887920045,0.19763270396173557,-0.2011836480191322
14,inference_affirm,standard,3,0.59,-0.6930546285920042,0.233206590674848,-0.183396704662576
14,inference_affirm,projected,3,0.61,-0.6920956468480931,0.233206590674848,-0.183396704662576
14,inference_affirm,partial,3,0.58,-0.692812798966742,0.2470408799521695,-0.17647956002391524
14,inference_affirm,standard,4,0.62,-0.693049395399517,0.29447272890298604,-0.05276363554850699
14,inference_affirm,projected,4,0.82,-0.6916918688724693,0.29447272890298604,-0.05276363554850699
14,inference_affirm,partial,4,0.58,-0.6928305306146137,0.17984576060517937,-0.2100771196974103
14,inference_affirm,standard,5,0.69,-0.692909183093159,0.39526540792347115,-0.002367296038264438
14,inference_affirm,projected,5,0.87,-0.6897612801612679,0.39526540792347115,-0.002367296038264438
14,inference_affirm,partial,5,0.75,-0.6908141081118341,0.399218062002706,-0.00039096899864701773
14,inference_affirm,standard,6,0.77,-0.6928385351349692,0.3794547916065324,-0.010272604196733814
14,inference_affirm,projected,6,0.85,-0.6889209855285663,0.3794547916065324,-0.010272604196733814
14,inference_affirm,partial,6,0.75,-0.6904945047746287,0.41107602424041,0.005538012120204994
14,inference_affirm,standard,7,0.74,-0.6926270952068266,0.4486262379931398,0.024313118996569877
14,inference_affirm,projected,7,0.73,-0.6855676297880141,0.4486262379931398,0.024313118996569877
14,inference_affirm,partial,7,0.68,-0.6895203517871284,0.4328156216762009,-0.08359218916189953
14,inference_affirm,standard,8,0.7,-0.692600504136815,0.466413181349696,-0.06679340932515199
14,inference_affirm,projected,8,0.68,-0.6844126710708126,0.466413181349696,-0.06679340932515199
14,inference_affirm,partial,8,0.63,-0.6891860788404144,0.42491031351773156,0.01245515675886577
14,inference_affirm,standard,9,0.7,-0.6924579527800055,0.4347919487158183,-0.08260402564209085
14,inference_affirm,projected,9,0.67,-0.6821889263303598,0.4347919487158183,-0.08260402564209085
14,inference_affirm,partial,9,0.65,-0.6879176361218058,0.4090996972007927,-0.09545015139960364
14,inference_affirm,standard,10,0.71,-0.692338613880162,0.48222379766663487,-0.058888101166682555
14,inference_affirm,projected,10,0.7,-0.6806314925267799,0.48222379766663487,-0.058888101166682555
14,inference_affirm,partial,10,0.71,-0.6865671448182732,0.42688664055734893,0.013443320278674453
14,inference_affirm,standard,11,0.77,-0.6925560085459707,0.4644368543100787,0.032218427155039336
14,inference_affirm,projected,11,0.81,-0.683939076341604,0.4644368543100787,0.032218427155039336
14,inference_affirm,partial,11,0.62,-0.6901967884966906,0.3438809048934199,-0.12805954755329005
14,inference_affirm,standard,12,0.79,-0.692498289707685,0.46838950838931337,0.034194754194656674
14,inference_affirm,projected,12,0.81,-0.6830866835741577,0.46838950838931337,0.034194754194656674
14,inference_affirm,partial,12,0.63,-0.6893401831606699,0.35573886713112407,-0.12213056643443795
14,inference_affirm,standard,13,0.76,-0.692368837865167,0.48222379766663487,-0.058888101166682555
14,inference_affirm,projected,13,0.74,-0.6811525996154547,0.48222379766663487,0.04111189883331742
14,inference_affirm,partial,13,0.65,-0.6873410976300227,0.44269725687428774,-0.07865137156285612
14,inference_affirm,standard,14,0.68,-0.6921632190386897,0.4347919487158183,-0.08260402564209085
14,inference_affirm,projected,14,0.69,-0.678363313389918,0.466413181349696,-0.06679340932515199
14,inference_affirm,partial,14,0.65,-0.6878483842087388,0.34190457785380257,-0.1290477110730987
14,inference_affirm,standard,15,0.75,-0.6922498349982468,0.466413181349696,-0.06679340932515199
14,inference_affirm,projected,15,0.71,-0.6797339860391053,0.466413181349696,-0.06679340932515199
14,inference_affirm,partial,15,0.64,-0.6888938571106061,0.33004661561609844,-0.13497669219195077
14,inference_affirm,standard,16,0.77,-0.6921242958740261,0.466413181349696,-0.06679340932515199
14,inference_affirm,projected,16,0.71,-0.6782887793449465,0.466413181349696,-0.06679340932515199
14,inference_affirm,partial,16,0.69,-0.6882168128376231,0.32807028857648113,-0.13596485571175942
14,inference_affirm,standard,17,0.73,-0.6921036333011448,0.45060256503275725,-0.07469871748362136
14,inference_affirm,projected,17,0.71,-0.6782046530235355,0.466413181349696,-0.06679340932515199
14,inference_affirm,partial,17,0.65,-0.6879478137910171,0.32807028857648113,-0.13596485571175942
14,inference_affirm,standard,18,0.73,-0.692110416123558,0.45060256503275725,-0.07469871748362136
14,inference_affirm,projected,18,0.7,-0.6784775387836399,0.466413181349696,-0.06679340932515199
14,inference_affirm,partial,18,0.65,-0.688261265787028,0.3083070181803075,-0.14584649090984625
14,inference_affirm,standard,19,0.75,-0.6920860296205081,0.46838950838931337,-0.0658052458053433
14,inference_affirm,projected,19,0.77,-0.6784779847343319,0.46838950838931337,-0.0658052458053433
14,inference_affirm,partial,19,0.65,-0.6891761365972607,0.24111189883331743,-0.17944405058334129
14,inference_affirm,standard,20,0.76,-0.6919825107888472,0.4842001247062522,-0.0578999376468739
14,inference_affirm,projected,20,0.76,-0.6767801348078052,0.46838950838931337,-0.0658052458053433
14,inference_affirm,partial,20,0.69,-0.6867984696377211,0.25889884218987363,-0.17055057890506317
14,inference_categories,standard,1,0.67,-0.6930401709258348,0.4189813323988794,0.009490666199439696
14,inference_categories,projected,1,0.76,-0.6919291084478952,0.4189813323988794,0.009490666199439696
14,inference_categories,partial,1,0.73,-0.6920816993047115,0.43874460279505306,0.01937230139752652
14,inference_categories,standard,2,0.58,-0.6930900307098109,0.22134862843714387,-0.18932568578142805
14,inference_categories,projected,2,0.58,-0.6926400288277834,0.22134862843714387,-0.18932568578142805
14,inference_categories,partial,2,0.51,-0.6936556427823928,0.14031921981283227,-0.22984039009358387
14,inference_categories,standard,3,0.55,-0.6931254553036216,0.25099353403140423,-0.2745032329842979
14,inference_categories,projected,3,0.54,-0.693185897745583,0.25099353403140423,-0.2745032329842979
14,inference_categories,partial,3,0.48,-0.6941793588592777,0.10869798717895457,-0.3456510064105227
14,inference_categories,standard,4,0.54,-0.693130932594179,0.27273313146719513,-0.26363343426640246
14,inference_categories,projected,4,0.54,-0.6936125432118907,0.27273313146719513,-0.26363343426640246
14,inference_categories,partial,4,0.5,-0.6948557045740952,0.11857962237704138,-0.34071018881147935
14,inference_categories,standard,5,0.57,-0.6929909520844956,0.28063843962566454,-0.15968078018716772
14,inference_categories,projected,5,0.58,-0.6916852559163553,0.28063843962566454,-0.15968078018716772
14,inference_categories,partial,5,0.57,-0.692485868349859,0.4011943890423233,0.000597194521161637
14,inference_categories,standard,6,0.6,-0.6929201237117585,0.30633069114069017,-0.1468346544296549
14,inference_categories,projected,6,0.6,-0.6908200626559782,0.30633069114069017,-0.1468346544296549
14,inference_categories,partial,6,0.58,-0.6925856454953389,0.32016498041801167,-0.13991750979099415
14,inference_categories,standard,7,0.76,-0.6927075852176414,0.41700500535926216,0.008502502679631069
14,inference_categories,projected,7,0.81,-0.6872869632300577,0.41700500535926216,0.008502502679631069
14,inference_categories,partial,7,0.6,-0.6915677752902328,0.399218062002706,-0.00039096899864701773
14,inference_categories,standard,8,0.7,-0.6927346529878116,0.37550213752729766,-0.11224893123635116
14,inference_categories,projected,8,0.77,-0.6885218519642207,0.37550213752729766,-0.11224893123635116
14,inference_categories,partial,8,0.58,-0.6927268263282457,0.3438809048934199,-0.12805954755329005
14,inference_categories,standard,9,0.76,-0.6925913255840264,0.38340744568576707,-0.008296277157116477
14,inference_categories,projected,9,0.8,-0.6861232556108315,0.38340744568576707,-0.008296277157116477
14,inference_categories,partial,9,0.61,-0.691038437295571,0.3537625400915067,-0.12311872995424664
14,inference_categories,standard,10,0.74,-0.6924725007578582,0.39131275384423647,-0.004343623077881775
14,inference_categories,projected,10,0.83,-0.6845883109417548,0.39131275384423647,-0.004343623077881775
14,inference_categories,partial,10,0.6,-0.6897181098536258,0.35573886713112407,-0.022130566434437976
14,inference_categories,standard,11,0.62,-0.6926906226767806,0.32016498041801167,-0.13991750979099415
14,inference_categories,projected,11,0.67,-0.687975957675142,0.3379519237745679,-0.13102403811271604
14,inference_categories,partial,11,0.56,-0.6928559209457785,0.18775106876364883,-0.20612446561817557
14,inference_categories,standard,12,0.6,-0.6927483972946935,0.2826147666652819,-0.15869261666735904
14,inference_categories,projected,12,0.62,-0.688866549118152,0.2826147666652819,-0.15869261666735904
14,inference_categories,partial,12,0.51,-0.6939272728969282,0.10079267902048517,-0.2496036604897574
14,inference_categories,standard,13,0.7,-0.6926176911952401,0.42688664055734893,-0.08655667972132552
14,inference_categories,projected,13,0.81,-0.6866725825277655,0.42688664055734893,-0.08655667972132552
14,inference_categories,partial,13,0.58,-0.6922718286511159,0.2292539365956133,-0.18537303170219332
14,inference_categories,standard,14,0.8,-0.6924105187679177,0.4328156216762009,0.016407810838100445
14,inference_categories,projected,14,0.81,-0.6835287772011721,0.4328156216762009,0.016407810838100445
14,inference_categories,partial,14,0.52,-0.6928093016737575,0.25889884218987363,-0.17055057890506317
14,inference_categories,standard,15,0.78,-0.6923235352336223,0.5098923762212778,0.054946188110638894
14,inference_categories,projected,15,0.79,-0.6821418603177516,0.49012910582510427,0.045064552912552125
14,inference_categories,partial,15,0.53,-0.6932071506436364,0.27668578554642986,-0.16165710722678506
14,inference_categories,standard,16,0.78,-0.6921978540544893,0.49605808694395637,-0.051970956528021806
14,inference_categories,projected,16,0.79,-0.6806680554062288,0.494081759904339,0.04704087995216949
14,inference_categories,partial,16,0.57,-0.6923693531019611,0.27273313146719513,-0.16363343426640242
14,inference_categories,standard,17,0.78,-0.6922186337816585,0.5098923762212778,0.054946188110638894
14,inference_categories,projected,17,0.8,-0.6807691646455473,0.5098923762212778,0.15494618811063893
14,inference_categories,partial,17,0.57,-0.6922021395628343,0.288543747784134,-0.155728126107933
14,inference_categories,standard,18,0.78,-0.6922254067299599,0.5059397221420432,0.052969861071021584
14,inference_categories,projected,18,0.79,-0.6810463340422248,0.5059397221420432,0.052969861071021584
14,inference_categories,partial,18,0.57,-0.6925515469550874,0.2687804773879604,-0.1656097613060198
14,inference_categories,standard,19,0.8,-0.692201368979942,0.5177976843797473,0.058898842189873624
14,inference_categories,projected,19,0.81,-0.6810964995316771,0.5019870680628085,0.05099353403140422
14,inference_categories,partial,19,0.52,-0.6933923892360478,0.17786943356556204,-0.21106528321721896
14,inference_categories,standard,20,0.81,-0.6920974723707009,0.48617645174586954,0.04308822587293476
14,inference_categories,projected,20,0.82,-0.6793451302526,0.48617645174586954,0.04308822587293476
14,inference_categories,partial,20,0.54,-0.691652311545972,0.14229554685244963,-0.22885222657377519
15,choice_only,standard,1,0.76,-0.6928109865943864,0.3894112044953776,0.1947056022476888
15,choice_only,projected,1,0.72,-0.6877617389209166,0.3894112044953776,0.1947056022476888
15,choice_only,partial,1,0.72,-0.6877617389209166,0.3894112044953776,0.1947056022476888
15,choice_only,standard,2,0.75,-0.6927783991683524,0.3909877680763305,0.19549388403816526
15,choice_only,projected,2,0.72,-0.6872555647126027,0.3909877680763305,0.19549388403816526
15,choice_only,partial,2,0.72,-0.6872555647126027,0.3909877680763305,0.19549388403816526
15,choice_only,standard,3,0.71,-0.6926880680856158,0.2711689359239066,0.1355844679619533
15,choice_only,projected,3,0.7,-0.6863608379849063,0.2711689359239066,0.1355844679619533
15,choice_only,partial,3,0.7,-0.6863608379849063,0.2711689359239066,0.1355844679619533
15,choice_only,standard,4,0.74,-0.6928112279401114,0.2806283174096243,0.14031415870481215
15,choice_only,projected,4,0.76,-0.6881417837138051,0.29008769889534197,0.14504384944767099
15,choice_only,partial,4,0.76,-0.6881417837138051,0.29008769889534197,0.14504384944767099
15,choice_only,standard,5,0.72,-0.6926256052228712,0.2916642624762949,0.14583213123814745
15,choice_only,projected,5,0.71,-0.685407850475879,0.29008769889534197,0.14504384944767099
15,choice_only,partial,5,0.71,-0.685407850475879,0.29008769889534197,0.14504384944767099
15,choice_only,standard,6,0.74,-0.6926018193327489,0.3137361526096361,0.15686807630481805
15,choice_only,projected,6,0.71,-0.6849063410097134,0.3137361526096361,0.15686807630481805
15,choice_only,partial,6,0.71,-0.6849063410097134,0.3137361526096361,0.15686807630481805
15,choice_only,standard,7,0.68,-0.6925797135771978,0.2979705168001067,0.14898525840005336
15,choice_only,projected,7,0.7,-0.684649712720984,0.2979705168001067,0.14898525840005336
15,choice_only,partial,7,0.7,-0.684649712720984,0.2979705168001067,0.14898525840005336
15,choice_only,standard,8,0.7,-0.6921241520684605,0.318465843352495,0.1592329216762475
15,choice_only,projected,8,0.69,-0.6788007330916583,0.318465843352495,0.1592329216762475
15,choice_only,partial,8,0.69,-0.6788007330916583,0.318465843352495,0.1592329216762475
15,choice_only,standard,9,0.71,-0.6919708440786444,0.3153127161905891,0.15765635809529455
15,choice_only,projected,9,0.7,-0.677094460532639,0.3153127161905891,0.15765635809529455
15,choice_only,partial,9,0.7,-0.677094460532639,0.3153127161905891,0.15765635809529455
15,choice_only,standard,10,0.71,-0.6918871727132108,0.3153127161905891,0.15765635809529455
15,choice_only,projected,10,0.71,-0.6760314998145107,0.3153127161905891,0.15765635809529455
15,choice_only,partial,10,0.71,-0.6760314998145107,0.3153127161905891,0.15765635809529455
15,choice_only,standard,11,0.72,-0.691742425928473,0.3121595890286832,0.1560797945143416
15,choice_only,projected,11,0.71,-0.6742398412683426,0.3153127161905891,0.15765635809529455
15,choice_only,partial,11,0.71,-0.6742398412683426,0.3153127161905891,0.15765635809529455
15,choice_only,standard,12,0.7,-0.691722787203295,0.3153127161905891,0.15765635809529455
15,choice_only,projected,12,0.7,-0.6740327404113539,0.29954708038105965,0.14977354019052982
15,choice_only,partial,12,0.7,-0.6740327404113539,0.29954708038105965,0.14977354019052982
15,choice_only,standard,13,0.71,-0.6915712393829958,0.3405377334858362,0.1702688667429181
15,choice_only,projected,13,0.7,-0.6725157301442926,0.32477209767630677,0.16238604883815339
15,choice_only,partial,13,0.7,-0.6725157301442926,0.32477209767630677,0.16238604883815339
15,choice_only,standard,14,0.71,-0.691380800740303,0.31058302544773025,0.15529151272386513
15,choice_only,projected,14,0.7,-0.6704447465797695,0.32477209767630677,0.16238604883815339
15,choice_only,partial,14,0.7,-0.6704447465797695,0.32477209767630677,0.16238604883815339
15,choice_only,standard,15,0.71,-0.6913318943749251,0.35630336929536566,0.17815168464768283
15,choice_only,projected,15,0.72,-0.6700884119521247,0.33265491558107146,0.16632745779053573
15,choice_only,partial,15,0.72,-0.6700884119521247,0.33265491558107146,0.16632745779053573
15,choice_only,standard,16,0.73,-0.6913900815878941,0.3815283865906128,0.1907641932953064
15,choice_only,projected,16,0.71,-0.6705634066690856,0.3295017884191656,0.1647508942095828
15,choice_only,partial,16,0.71,-0.6705634066690856,0.3295017884191656,0.1647508942095828
15,choice_only,standard,17,0.72,-0.6913273320324403,0.33896116990488323,0.16948058495244162
15,choice_only,projected,17,0.71,-0.6697303588540773,0.3263486612572597,0.16317433062862985
15,choice_only,partial,17,0.71,-0.6697303588540773,0.3263486612572597,0.16317433062862985
15,choice_only,standard,18,0.75,-0.6913633007572147,0.33265491558107146,0.16632745779053573
15,choice_only,projected,18,0.72,-0.6701042827111461,0.33896116990488323,0.16948058495244162
15,choice_only,partial,18,0.72,-0.6701042827111461,0.33896116990488323,0.16948058495244162
15,choice_only,standard,19,0.74,-0.6912786666154364,0.40360027672395404,0.20180013836197702
15,choice_only,projected,19,0.71,-0.6692006013754168,0.37995182300965985,0.18997591150482993
15,choice_only,partial,19,0.71,-0.6692006013754168,0.37995182300965985,0.18997591150482993
15,choice_only,standard,20,0.75,-0.6912398005746547,0.3358080427429774,0.1679040213714887
15,choice_only,projected,20,0.7,-0.6685969085923125,0.36891587794298925,0.18445793897149462
15,choice_only,partial,20,0.7,-0.6685969085923125,0.36891587794298925,0.18445793897149462
15,inference_affirm,standard,1,0.76,-0.6928109865943864,0.3894112044953776,0.1947056022476888
15,inference_affirm,projected,1,0.72,-0.6877617389209166,0.3894112044953776,0.1947056022476888
15,inference_affirm,partial,1,0.63,-0.6895949952728294,0.06936879756192961,-0.06531560121903518
15,inference_affirm,standard,2,0.74,-0.6928436170584824,0.3988705859810952,0.1994352929905476
15,inference_affirm,projected,2,0.76,-0.6882722157895326,0.3988705859810952,0.1994352929905476
15,inference_affirm,partial,2,0.61,-0.6908570669199817,0.017342199390482402,-0.09132890030475878
15,inference_affirm,standard,3,0.74,-0.6927531704934914,0.29481738963820076,0.0474086948191004
15,inference_affirm,projected,3,0.71,-0.6873677318962936,0.29481738963820076,0.0474086948191004
15,inference_affirm,partial,3,0.65,-0.6899753576309386,0.053603161752400146,-0.0731984191237999
15,inference_affirm,standard,4,0.64,-0.6926305077073032,0.20968295626674174,-0.09515852186662914
15,inference_affirm,projected,4,0.68,-0.6856462211445192,0.20968295626674174,-0.09515852186662914
15,inference_affirm,partial,4,0.6,-0.6907284437604584,0.028378144457153014,-0.1858109277714235
15,inference_affirm,standard,5,0.68,-0.6924453169511469,0.2364845371429418,0.018242268571470918
15,inference_affirm,projected,5,0.7,-0.6829914583494481,0.21283608342864763,0.0064180417143238355
15,inference_affirm,partial,5,0.65,-0.6894704335217594,-0.02049532655238829,-0.11024766327619412
15,inference_affirm,standard,6,0.67,-0.6924690221916836,0.23175484640008298,0.015877423200041513
15,inference_affirm,projected,6,0.71,-0.6834899088642197,0.23963766430484773,0.019818832152423888
15,inference_affirm,partial,6,0.63,-0.6904688707948012,-0.050450034590494255,-0.1252250172952471
15,inference_affirm,standard,7,0.65,-0.692491346830287,0.19549388403816526,-0.00225305798091735
15,inference_affirm,projected,7,0.67,-0.6837545105757308,0.14819697660957687,-0.12590151169521158
15,inference_affirm,partial,7,0.64,-0.6902045201106182,-0.036260962361917747,-0.11813048118095885
15,inference_affirm,standard,8,0.57,-0.6929512778658247,0.10090006918098851,0.050450034590494255
15,inference_affirm,projected,8,0.7,-0.6906410543321073,0.08986412411431789,0.044932062057158946
15,inference_affirm,partial,8,0.47,-0.6950554058383129,0.028378144457153014,-0.08581092777142348
15,inference_affirm,standard,9,0.62,-0.6927972731001282,0.20337670194292995,0.10168835097146497
15,inference_affirm,projected,9,0.7,-0.6888000355679839,0.21756577417150644,0.2087828870857532
15,inference_affirm,partial,9,0.48,-0.6962775909386412,-0.15450323093338866,-0.17725161546669432
15,inference_affirm,standard,10,0.65,-0.6928816231113453,0.24594391862865944,0.2229719593143297
15,inference_affirm,projected,10,0.72,-0.6899934798140894,0.23490797356198886,0.21745398678099442
15,inference_affirm,partial,10,0.39,-0.6968544038245654,-0.1702688667429181,-0.18513443337145902
15,inference_affirm,standard,11,0.67,-0.6927359094419971,0.3011236439620126,0.1505618219810063
15,inference_affirm,projected,11,0.72,-0.6880027472974568,0.2554033001143771,0.02770165005718858
15,inference_affirm,partial,11,0.5,-0.6951026555547467,-0.16869230316196515,-0.2843461515809826
15,inference_affirm,standard,12,0.69,-0.6927555577672895,0.2822048809905772,0.1411024404952886
15,inference_affirm,projected,12,0.72,-0.6882139368029015,0.2554033001143771,0.12770165005718856
15,inference_affirm,partial,12,0.48,-0.6958461779941224,-0.14504384944767099,-0.17252192472383548
15,inference_affirm,standard,13,0.72,-0.6926031012858063,0.25697986369533005,0.12848993184766502
15,inference_affirm,projected,13,0.72,-0.6865581610758434,0.2490970457905654,0.1245485228952827
15,inference_affirm,partial,13,0.52,-0.6938094594327133,-0.13873759512385922,-0.2693687975619296
15,inference_affirm,standard,14,0.74,-0.6924113411419249,0.2490970457905654,0.024548522895282726
15,inference_affirm,projected,14,0.73,-0.6842499901552925,0.2490970457905654,0.024548522895282726
15,inference_affirm,partial,14,0.52,-0.6923748678526296,-0.11035945066670619,-0.2551797253333531
15,inference_affirm,standard,15,0.71,-0.6923623139933371,0.3137361526096361,0.15686807630481805
15,inference_affirm,projected,15,0.72,-0.683904385708929,0.30427677112391843,0.15213838556195922
15,inference_affirm,partial,15,0.61,-0.6913585547873066,-0.12927821363814154,-0.16463910681907074
15,inference_affirm,standard,16,0.72,-0.6924210139512066,0.32161897051440086,0.16080948525720043
15,inference_affirm,projected,16,0.72,-0.6844163801619003,0.3090064618667773,0.15450323093338866
15,inference_affirm,partial,16,0.55,-0.6922145478399502,-0.11035945066670619,-0.15517972533335306
15,inference_affirm,standard,17,0.73,-0.69248420353834,0.3909877680763305,0.19549388403816526
15,inference_affirm,projected,17,0.72,-0.6853345213088917,0.3783752594287069,0.18918762971435346
15,inference_affirm,partial,17,0.56,-0.6928552182437508,-0.06936879756192961,-0.13468439878096478
15,inference_affirm,standard,18,0.73,-0.6925204237652295,0.3736455686858481,0.18682278434292404
15,inference_affirm,projected,18,0.73,-0.6857501464488166,0.36891587794298925,0.18445793897149462
15,inference_affirm,partial,18,0.57,-0.692613067580377,-0.03310783520001185,-0.1165539176000059
15,inference_affirm,standard,19,0.72,-0.6924352128232905,0.3846815137525187,0.09234075687625937
15,inference_affirm,projected,19,0.72,-0.6847527340645994,0.37206900510489516,0.0860345025524476
15,inference_affirm,partial,19,0.62,-0.6913891639722434,0.044143780266682475,0.022071890133341238
15,inference_affirm,standard,20,0.73,-0.6923961583992235,0.36576275078108333,0.08288137539054169
15,inference_affirm,projected,20,0.73,-0.6841038805437436,0.35945649645727157,0.0797282482286358
15,inference_affirm,partial,20,0.64,-0.6904326202912284,-0.1213953957333768,-0.36069769786668837
15,inference_categories,standard,1,0.76,-0.6928109865943864,0.3894112044953776,0.1947056022476888
15,inference_categories,projected,1,0.72,-0.6877617389209166,0.3894112044953776,0.1947056022476888
15,inference_categories,partial,1,0.65,-0.6890843667768047,0.07409848830478843,-0.06295075584760576
15,inference_categories,standard,2,0.75,-0.6927783991683524,0.3909877680763305,0.19549388403816526
15,inference_categories,projected,2,0.72,-0.6872555647126027,0.3909877680763305,0.19549388403816526
15,inference_categories,partial,2,0.67,-0.688520612645862,0.025225017295247128,-0.08738749135237642
15,inference_categories,standard,3,0.77,-0.6928688672119064,0.43355498476205995,0.21677749238102997
15,inference_categories,projected,3,0.72,-0.6881658639402827,0.43355498476205995,0.21677749238102997
15,inference_categories,partial,3,0.65,-0.6894114925292196,-0.029954708038105966,-0.11497735401905296
15,inference_categories,standard,4,0.65,-0.6929920306976869,0.63693168670499,0.318465843352495
15,inference_categories,projected,4,0.76,-0.6899557294205627,0.6306254323811782,0.3153127161905891
15,inference_categories,partial,4,0.61,-0.6913062303529578,0.16238604883815339,-0.018806975580923285
15,inference_categories,standard,5,0.77,-0.6928061413171345,0.5155362909716131,0.25776814548580657
15,inference_categories,projected,5,0.75,-0.6871747873960693,0.5439144354287662,0.2719572177143831
15,inference_categories,partial,5,0.64,-0.692288611186155,-0.08040474262860021,-0.2402023713143001
15,inference_categories,standard,6,0.75,-0.6927823473858907,0.521842545295425,0.2609212726477125
15,inference_categories,projected,6,0.76,-0.6866711759387717,0.5139597273906601,0.25697986369533005
15,inference_categories,partial,6,0.67,-0.6917968465041325,-0.08671099695241198,-0.243355498476206
15,inference_categories,standard,7,0.7,-0.69280457140869,0.4682393835430248,0.2341196917715124
15,inference_categories,projected,7,0.77,-0.6869378204687044,0.46350969280016596,0.23175484640008298
15,inference_categories,partial,7,0.67,-0.6916563870929521,-0.014189072228576507,-0.20709453611428827
15,inference_categories,standard,8,0.73,-0.6923491046979613,0.36891587794298925,0.18445793897149462
15,inference_categories,projected,8,0.75,-0.6809984020265936,0.38783464091442454,0.19391732045721227
15,inference_categories,partial,8,0.56,-0.6921475480070299,-0.06148597965716486,-0.23074298982858243
15,inference_categories,standard,9,0.71,-0.6925031921518959,0.3531502421334598,0.1765751210667299
15,inference_categories,projected,9,0.76,-0.6828258637872014,0.3783752594287069,0.18918762971435346
15,inference_categories,partial,9,0.53,-0.6939429482028447,-0.09301725127622379,-0.2465086256381119
15,inference_categories,standard,10,0.7,-0.6925873352571287,0.3831049501715657,0.19155247508578285
15,inference_categories,projected,10,0.78,-0.6839894018330063,0.3957174588191893,0.19785872940959465
15,inference_categories,partial,10,0.46,-0.6947256388111215,-0.10405319634289438,-0.2520265981714472
15,inference_categories,standard,11,0.72,-0.6924419924764189,0.37995182300965985,0.18997591150482993
15,inference_categories,projected,11,0.78,-0.6820873635058294,0.37049244152394223,0.18524622076197111
15,inference_categories,partial,11,0.54,-0.6929421109268109,-0.10090006918098851,-0.25045003459049425
15,inference_categories,standard,12,0.73,-0.6924223002556551,0.4209424761144364,0.2104712380572182
15,inference_categories,projected,12,0.77,-0.6818744369710076,0.4193659125334835,0.20968295626674174
15,inference_categories,partial,12,0.59,-0.6921308338354774,-0.09932350560003557,-0.2496617528000178
15,inference_categories,standard,13,0.73,-0.6925750944302979,0.43355498476205995,0.21677749238102997
15,inference_categories,projected,13,0.78,-0.6835583177679463,0.4272487304382482,0.2136243652191241
15,inference_categories,partial,13,0.53,-0.693108056687047,-0.047296907428588365,-0.2236484537142942
15,inference_categories,standard,14,0.72,-0.6923831797725151,0.4114830946287188,0.2057415473143594
15,inference_categories,projected,14,0.76,-0.6812747460380062,0.4146362217906247,0.20731811089531235
15,inference_categories,partial,14,0.59,-0.6906970989164885,-0.10562975992384735,-0.2528148799619237
15,inference_categories,standard,15,0.73,-0.6923341752735354,0.4193659125334835,0.20968295626674174
15,inference_categories,projected,15,0.77,-0.6809341816420179,0.42567216685729525,0.21283608342864763
15,inference_categories,partial,15,0.69,-0.6896722625235361,-0.04572034384763542,-0.2228601719238177
15,inference_categories,standard,16,0.68,-0.6922758691379726,0.40202371314300106,0.20101185657150053
15,inference_categories,projected,16,0.74,-0.6804536740826541,0.3988705859810952,0.1994352929905476
15,inference_categories,partial,16,0.61,-0.6909234465853099,-0.04572034384763542,-0.2228601719238177
15,inference_categories,standard,17,0.7,-0.6922128178381419,0.4083299674668128,0.2041649837334064
15,inference_categories,projected,17,0.76,-0.6795640995085803,0.4240956032763423,0.21204780163817116
15,inference_categories,partial,17,0.65,-0.6900098069608436,-0.07725161546669433,-0.23862580773334718
15,inference_categories,standard,18,0.69,-0.6922489499346675,0.4225190396953894,0.2112595198476947
15,inference_categories,projected,18,0.74,-0.6799691011057278,0.43670811192396586,0.21835405596198293
15,inference_categories,partial,18,0.67,-0.6901493873112189,-0.02049532655238829,-0.21024766327619415
15,inference_categories,standard,19,0.68,-0.6921640875503043,0.3988705859810952,0.1994352929905476
15,inference_categories,projected,19,0.76,-0.6790096819933832,0.40360027672395404,0.20180013836197702
15,inference_categories,partial,19,0.68,-0.6889070852457957,-0.009459381485717672,-0.20472969074285885
15,inference_categories,standard,20,0.69,-0.6921250961300699,0.4240956032763423,0.21204780163817116
15,inference_categories,projected,20,0.74,-0.6783783808779966,0.43986123908587177,0.21993061954293588
15,inference_categories,partial,20,0.7,-0.6880141190308424,-0.04256721668572953,-0.22128360834286478
16,choice_only,standard,1,0.62,-0.6930412521992227,0.11265064125818931,-0.14367467937090536
16,choice_only,projected,1,0.82,-0.6918446830153115,0.11265064125818931,-0.14367467937090536
16,choice_only,partial,1,0.82,-0.6918446830153115,0.11265064125818931,-0.14367467937090536
16,choice_only,standard,2,0.71,-0.6928918061817533,0.22530128251637863,-0.0873493587418107
16,choice_only,projected,2,0.81,-0.688928172971667,0.22530128251637863,-0.0873493587418107
16,choice_only,partial,2,0.81,-0.688928172971667,0.22530128251637863,-0.0873493587418107
16,choice_only,standard,3,0.74,-0.6927038936319498,0.15020085501091907,-0.12489957249454048
16,choice_only,projected,3,0.73,-0.6860174220778846,0.15020085501091907,-0.12489957249454048
16,choice_only,partial,3,0.73,-0.6860174220778846,0.15020085501091907,-0.12489957249454048
16,choice_only,standard,4,0.75,-0.6927442048483019,0.1660114713278579,-0.11699426433607106
16,choice_only,projected,4,0.79,-0.6860823510866048,0.1660114713278579,-0.11699426433607106
16,choice_only,partial,4,0.79,-0.6860823510866048,0.1660114713278579,-0.11699426433607106
16,choice_only,standard,5,0.76,-0.6922678277656839,0.2470408799521695,-0.07647956002391526
16,choice_only,projected,5,0.78,-0.679771150128862,0.2470408799521695,-0.07647956002391526
16,choice_only,partial,5,0.78,-0.679771150128862,0.2470408799521695,-0.07647956002391526
16,choice_only,standard,6,0.75,-0.6920217625000191,0.22134862843714387,-0.08932568578142808
16,choice_only,projected,6,0.77,-0.6775332271833888,0.22134862843714387,-0.08932568578142808
16,choice_only,partial,6,0.77,-0.6775332271833888,0.22134862843714387,-0.08932568578142808
16,choice_only,standard,7,0.76,-0.6919916208890061,0.22134862843714387,-0.08932568578142808
16,choice_only,projected,7,0.77,-0.6774068163942243,0.22134862843714387,-0.08932568578142808
16,choice_only,partial,7,0.77,-0.6774068163942243,0.22134862843714387,-0.08932568578142808
16,choice_only,standard,8,0.76,-0.6921069688641982,0.26680415034834304,-0.06659792482582849
16,choice_only,projected,8,0.78,-0.6787384640408571,0.25692251515025627,-0.07153874242487188
16,choice_only,partial,8,0.78,-0.6787384640408571,0.25692251515025627,-0.07153874242487188
16,choice_only,standard,9,0.74,-0.6919946107003898,0.2865674207445166,-0.05671628962774172
16,choice_only,projected,9,0.74,-0.6776165893172069,0.2549461881106389,-0.07252690594468056
16,choice_only,partial,9,0.74,-0.6776165893172069,0.2549461881106389,-0.07252690594468056
16,choice_only,standard,10,0.77,-0.6920025565449399,0.316212326338777,-0.041893836830611514
16,choice_only,projected,10,0.75,-0.6781770354081376,0.316212326338777,-0.041893836830611514
16,choice_only,partial,10,0.75,-0.6781770354081376,0.316212326338777,-0.041893836830611514
16,choice_only,standard,11,0.76,-0.6919746582696675,0.2687804773879604,-0.1656097613060198
16,choice_only,projected,11,0.75,-0.6780852373722133,0.2747094585068125,-0.16264527074659374
16,choice_only,partial,11,0.75,-0.6780852373722133,0.2747094585068125,-0.16264527074659374
16,choice_only,standard,12,0.74,-0.6918214560720812,0.2687804773879604,-0.1656097613060198
16,choice_only,projected,12,0.75,-0.6764664655470257,0.2687804773879604,-0.1656097613060198
16,choice_only,partial,12,0.75,-0.6764664655470257,0.2687804773879604,-0.1656097613060198
16,choice_only,standard,13,0.74,-0.6917462458112137,0.31225967225954226,-0.14387016387022886
16,choice_only,projected,13,0.75,-0.6759104857895253,0.31225967225954226,-0.14387016387022886
16,choice_only,partial,13,0.75,-0.6759104857895253,0.31225967225954226,-0.14387016387022886
16,choice_only,standard,14,0.74,-0.6916067419989388,0.2687804773879604,-0.1656097613060198
16,choice_only,projected,14,0.75,-0.6739868490655964,0.2687804773879604,-0.1656097613060198
16,choice_only,partial,14,0.75,-0.6739868490655964,0.2687804773879604,-0.1656097613060198
16,choice_only,standard,15,0.75,-0.6915924427967173,0.27668578554642986,-0.06165710722678508
16,choice_only,projected,15,0.76,-0.6733609100268789,0.26680415034834304,-0.16659792482582847
16,choice_only,partial,15,0.76,-0.6733609100268789,0.26680415034834304,-0.16659792482582847
16,choice_only,standard,16,0.74,-0.6910730101715449,0.205538012120205,-0.09723099393989751
16,choice_only,projected,16,0.73,-0.6679912536905128,0.2114669932390571,-0.09426650338047146
16,choice_only,partial,16,0.73,-0.6679912536905128,0.2114669932390571,-0.09426650338047146
16,choice_only,standard,17,0.73,-0.6909498219552889,0.23715924475408276,-0.08142037762295863
16,choice_only,projected,17,0.73,-0.6669068844445022,0.23715924475408276,-0.08142037762295863
16,choice_only,partial,17,0.73,-0.6669068844445022,0.23715924475408276,-0.08142037762295863
16,choice_only,standard,18,0.75,-0.6910602317662178,0.22134862843714387,-0.08932568578142808
16,choice_only,projected,18,0.74,-0.6691081536014977,0.25889884218987363,-0.0705505789050632
16,choice_only,partial,18,0.74,-0.6691081536014977,0.25889884218987363,-0.0705505789050632
16,choice_only,standard,19,0.75,-0.6913654917010466,0.205538012120205,-0.09723099393989751
16,choice_only,projected,19,0.75,-0.6719022963488404,0.233206590674848,-0.183396704662576
16,choice_only,partial,19,0.75,-0.6719022963488404,0.233206590674848,-0.183396704662576
16,choice_only,standard,20,0.75,-0.6913624398916641,0.233206590674848,-0.183396704662576
16,choice_only,projected,20,0.76,-0.6717926855553751,0.233206590674848,-0.183396704662576
16,choice_only,partial,20,0.76,-0.6717926855553751,0.233206590674848,-0.183396704662576
16,inference_affirm,standard,1,0.62,-0.6930412521992227,0.11265064125818931,-0.14367467937090536
16,inference_affirm,projected,1,0.82,-0.6918446830153115,0.11265064125818931,-0.14367467937090536
16,inference_affirm,partial,1,0.81,-0.6917204209615809,0.17800332100158112,-0.11099833949920945
16,inference_affirm,standard,2,0.71,-0.6928918061817533,0.22530128251637863,-0.0873493587418107
16,inference_affirm,projected,2,0.81,-0.688928172971667,0.22530128251637863,-0.0873493587418107
16,inference_affirm,partial,2,0.82,-0.6888693730302584,0.20356168508058767,-0.09821915745970618
16,inference_affirm,standard,3,0.74,-0.6927038936319498,0.15020085501091907,-0.12489957249454048
16,inference_affirm,projected,3,0.73,-0.6860174220778846,0.15020085501091907,-0.12489957249454048
16,inference_affirm,partial,3,0.76,-0.6880807584424262,-0.009881635198086781,-0.2049408175990434
16,inference_affirm,standard,4,0.75,-0.6927442048483019,0.1660114713278579,-0.11699426433607106
16,inference_affirm,projected,4,0.79,-0.6860823510866048,0.1660114713278579,-0.11699426433607106
16,inference_affirm,partial,4,0.76,-0.6882863207606477,-0.017786943356556204,-0.20889347167827813
16,inference_affirm,standard,5,0.76,-0.6922678277656839,0.2470408799521695,-0.07647956002391526
16,inference_affirm,projected,5,0.78,-0.679771150128862,0.2470408799521695,-0.07647956002391526
16,inference_affirm,partial,5,0.51,-0.6932148376128453,-0.4090996972007927,-0.6045498486003964
16,inference_affirm,standard,6,0.75,-0.6920217625000191,0.22134862843714387,-0.08932568578142808
16,inference_affirm,projected,6,0.77,-0.6775332271833888,0.22134862843714387,-0.08932568578142808
16,inference_affirm,partial,6,0.62,-0.6910498414269408,-0.3478335589726547,-0.5739167794863274
16,inference_affirm,standard,7,0.76,-0.6919916208890061,0.22134862843714387,-0.08932568578142808
16,inference_affirm,projected,7,0.77,-0.6774068163942243,0.22134862843714387,-0.08932568578142808
16,inference_affirm,partial,7,0.6,-0.6906619381466306,-0.3083070181803075,-0.5541535090901537
16,inference_affirm,standard,8,0.76,-0.6918766151984002,0.199609031001353,-0.10019548449932351
16,inference_affirm,projected,8,0.76,-0.6761248357640064,0.199609031001353,-0.10019548449932351
16,inference_affirm,partial,8,0.64,-0.6901184222650116,-0.2529698610710216,-0.4264849305355108
16,inference_affirm,standard,9,0.77,-0.6919892988305242,0.1837984146844141,-0.10810079265779296
16,inference_affirm,projected,9,0.8,-0.677287710784004,0.1837984146844141,-0.10810079265779296
16,inference_affirm,partial,9,0.69,-0.6894211483908873,-0.3517862130518894,-0.5758931065259447
16,inference_affirm,standard,10,0.79,-0.6919971784177801,0.1897273958032662,-0.10513630209836691
16,inference_affirm,projected,10,0.8,-0.6778359297344646,0.1897273958032662,-0.10513630209836691
16,inference_affirm,partial,10,0.68,-0.6891145979599368,-0.31423599929915963,-0.5571179996495799
16,inference_affirm,standard,11,0.8,-0.6919691851130945,0.1581061631693885,-0.12094691841530576
16,inference_affirm,projected,11,0.79,-0.6777249107572249,0.1581061631693885,-0.12094691841530576
16,inference_affirm,partial,11,0.67,-0.6889687347853507,-0.3399282508141852,-0.5699641254070926
16,inference_affirm,standard,12,0.79,-0.6918157423752624,0.1581061631693885,-0.12094691841530576
16,inference_affirm,projected,12,0.78,-0.6760796618047027,0.1581061631693885,-0.12094691841530576
16,inference_affirm,partial,12,0.65,-0.6898310687951773,-0.26482782330872573,-0.4324139116543628
16,inference_affirm,standard,13,0.78,-0.6917403999927139,0.18577474172403147,-0.10711262913798428
16,inference_affirm,projected,13,0.81,-0.6755028967509922,0.20158535804097033,-0.09920732097951485
16,inference_affirm,partial,13,0.7,-0.6897392165745501,-0.2470408799521695,-0.42352043997608474
16,inference_affirm,standard,14,0.78,-0.6916011094793523,0.1581061631693885,-0.12094691841530576
16,inference_affirm,projected,14,0.77,-0.6735996225272407,0.14229554685244963,-0.1288522265737752
16,inference_affirm,partial,14,0.61,-0.6906664300107694,-0.22134862843714387,-0.4106743142185719
16,inference_affirm,standard,15,0.78,-0.6915869244343569,0.1897273958032662,-0.10513630209836691
16,inference_affirm,projected,15,0.77,-0.6730001765926132,0.1581061631693885,-0.12094691841530576
16,inference_affirm,partial,15,0.59,-0.6915061816364162,-0.10474533309971985,-0.35237266654985994
16,inference_affirm,standard,16,0.73,-0.6910675406138082,0.199609031001353,-0.10019548449932351
16,inference_affirm,projected,16,0.75,-0.6676657740018919,0.205538012120205,-0.09723099393989751
16,inference_affirm,partial,16,0.73,-0.687391065980025,-0.12055594941665872,-0.36027797470832934
16,inference_affirm,standard,17,0.75,-0.6911914165417123,0.1897273958032662,-0.10513630209836691
16,inference_affirm,projected,17,0.76,-0.6688122756541549,0.1897273958032662,-0.10513630209836691
16,inference_affirm,partial,17,0.75,-0.6871356186471981,-0.1758931065259447,-0.38794655326297234
16,inference_affirm,standard,18,0.76,-0.6910815884033454,0.1897273958032662,-0.10513630209836691
16,inference_affirm,projected,18,0.76,-0.666799846303972,0.1897273958032662,-0.10513630209836691
16,inference_affirm,partial,18,0.69,-0.6883971247494742,-0.2549461881106389,-0.4274730940553194
16,inference_affirm,standard,19,0.77,-0.6913868678133939,0.1897273958032662,-0.10513630209836691
16,inference_affirm,projected,19,0.79,-0.6695713866922474,0.1581061631693885,-0.12094691841530576
16,inference_affirm,partial,19,0.57,-0.6915897335607195,-0.21344332027867446,-0.4067216601393372
16,inference_affirm,standard,20,0.77,-0.6913837780537267,0.1897273958032662,-0.10513630209836691
16,inference_affirm,projected,20,0.79,-0.66945624475221,0.1581061631693885,-0.12094691841530576
16,inference_affirm,partial,20,0.6,-0.6907667936111334,-0.199609031001353,-0.39980451550067647
16,inference_categories,standard,1,0.62,-0.6930412521992227,0.11265064125818931,-0.14367467937090536
16,inference_categories,projected,1,0.82,-0.6918446830153115,0.11265064125818931,-0.14367467937090536
16,inference_categories,partial,1,0.82,-0.6917553493007504,0.17793633950494744,-0.11103183024752629
16,inference_categories,standard,2,0.71,-0.6928918061817533,0.22530128251637863,-0.0873493587418107
16,inference_categories,projected,2,0.81,-0.688928172971667,0.22530128251637863,-0.0873493587418107
16,inference_categories,partial,2,0.79,-0.6885009566611562,0.13834289277321493,-0.13082855361339255
16,inference_categories,standard,3,0.74,-0.6927038936319498,0.15020085501091907,-0.12489957249454048
16,inference_categories,projected,3,0.73,-0.6860174220778846,0.15020085501091907,-0.12489957249454048
16,inference_categories,partial,3,0.72,-0.6894108099049339,-0.25889884218987363,-0.5294494210949369
16,inference_categories,standard,4,0.75,-0.6927442048483019,0.1660114713278579,-0.11699426433607106
16,inference_categories,projected,4,0.79,-0.6860823510866048,0.1660114713278579,-0.11699426433607106
16,inference_categories,partial,4,0.74,-0.6895832670008081,-0.25099353403140423,-0.5254967670157021
16,inference_categories,standard,5,0.76,-0.6922678277656839,0.2470408799521695,-0.07647956002391526
16,inference_categories,projected,5,0.78,-0.679771150128862,0.2470408799521695,-0.07647956002391526
16,inference_categories,partial,5,0.58,-0.6922952382823067,-0.42688664055734893,-0.6134433202786744
16,inference_categories,standard,6,0.75,-0.6920217625000191,0.22134862843714387,-0.08932568578142808
16,inference_categories,projected,6,0.77,-0.6775332271833888,0.22134862843714387,-0.08932568578142808
16,inference_categories,partial,6,0.67,-0.6900536209580441,-0.4328156216762009,-0.6164078108381005
16,inference_categories,standard,7,0.76,-0.6919916208890061,0.22134862843714387,-0.08932568578142808
16,inference_categories,projected,7,0.77,-0.6774068163942243,0.22134862843714387,-0.08932568578142808
16,inference_categories,partial,7,0.67,-0.6895926038983389,-0.3735258104876803,-0.5867629052438401
16,inference_categories,standard,8,0.76,-0.6921069688641982,0.26680415034834304,-0.06659792482582849
16,inference_categories,projected,8,0.78,-0.6787384640408571,0.25692251515025627,-0.07153874242487188
16,inference_categories,partial,8,0.65,-0.6902307541732604,-0.3675968293688282,-0.5837984146844142
16,inference_categories,standard,9,0.76,-0.6922196979702921,0.26680415034834304,-0.06659792482582849
16,inference_categories,projected,9,0.77,-0.6799074656784988,0.25099353403140423,-0.0745032329842979
16,inference_categories,partial,9,0.74,-0.6887976367871619,-0.38538377272538443,-0.5926918863626922
16,inference_categories,standard,10,0.78,-0.6922276582316248,0.2687804773879604,-0.06560976130601981
16,inference_categories,projected,10,0.8,-0.6804727838375335,0.2687804773879604,-0.06560976130601981
16,inference_categories,partial,10,0.73,-0.6885289567068064,-0.42095765943849683,-0.6104788297192485
16,inference_categories,standard,11,0.75,-0.6922556572236739,0.2391355717937001,-0.08043221410314996
16,inference_categories,projected,11,0.79,-0.680575240993472,0.2391355717937001,-0.08043221410314996
16,inference_categories,partial,11,0.72,-0.6883829931042527,-0.3735258104876803,-0.5867629052438401
16,inference_categories,standard,12,0.75,-0.6921020512433408,0.24506455291255214,-0.07746772354372394
16,inference_categories,projected,12,0.76,-0.6789208658533368,0.26680415034834304,-0.06659792482582849
16,inference_categories,partial,12,0.65,-0.6902159452899146,-0.37154948344806293,-0.5857747417240315
16,inference_categories,standard,13,0.76,-0.6920266544757423,0.3320229426557158,-0.03398852867214211
16,inference_categories,projected,13,0.78,-0.6783435956569719,0.3320229426557158,-0.03398852867214211
16,inference_categories,partial,13,0.64,-0.6896125711043277,-0.37154948344806293,-0.5857747417240315
16,inference_categories,standard,14,0.77,-0.6918871009816384,0.22332495547676123,-0.0883375222616194
16,inference_categories,projected,14,0.76,-0.6764125614562346,0.24506455291255214,-0.07746772354372394
16,inference_categories,partial,14,0.62,-0.6905380807195389,-0.2292539365956133,-0.5146269682978066
16,inference_categories,standard,15,0.75,-0.691872869501801,0.23715924475408276,-0.08142037762295863
16,inference_categories,projected,15,0.76,-0.6758006940059202,0.23715924475408276,-0.08142037762295863
16,inference_categories,partial,15,0.6,-0.6913298558774015,-0.24901720699178687,-0.4245086034958934
16,inference_categories,standard,16,0.73,-0.6913524529305995,0.2529698610710216,-0.07351506946448921
16,inference_categories,projected,16,0.74,-0.6703479605635936,0.2529698610710216,-0.07351506946448921
16,inference_categories,partial,16,0.76,-0.6856802844151731,-0.14624820093168434,-0.37312410046584216
16,inference_categories,standard,17,0.75,-0.6914763824188076,0.23715924475408276,-0.08142037762295863
16,inference_categories,projected,17,0.75,-0.6715032187521784,0.23715924475408276,-0.08142037762295863
16,inference_categories,partial,17,0.76,-0.6857616657416884,-0.24111189883331743,-0.4205559494166587
16,inference_categories,standard,18,0.76,-0.6913664360392463,0.22134862843714387,-0.08932568578142808
16,inference_categories,projected,18,0.75,-0.6694681993112512,0.23715924475408276,-0.08142037762295863
16,inference_categories,partial,18,0.72,-0.686209331694314,-0.25889884218987363,-0.4294494210949368
16,inference_categories,standard,19,0.76,-0.6910652185831261,0.20158535804097033,-0.09920732097951485
16,inference_categories,projected,19,0.75,-0.6670595469109551,0.20158535804097033,-0.09920732097951485
16,inference_categories,partial,19,0.64,-0.6886790486068023,-0.2549461881106389,-0.4274730940553194
16,inference_categories,standard,20,0.75,-0.6910620833491662,0.22134862843714387,-0.08932568578142808
16,inference_categories,projected,20,0.75,-0.666940098468238,0.23715924475408276,-0.08142037762295863
16,inference_categories,partial,20,0.64,-0.6880443222905592,-0.2747094585068125,-0.43735472925340624
17,choice_only,standard,1,0.55,-0.6930671632175518,0.041151218038526206,-0.07942439098073688
17,choice_only,projected,1,0.51,-0.6920330386173678,0.041151218038526206,-0.07942439098073688
17,choice_only,partial,1,0.51,-0.6920330386173678,0.041151218038526206,-0.07942439098073688
17,choice_only,standard,2,0.41,-0.6932071608360175,-0.19917189530646684,-0.3995859476532334
17,choice_only,projected,2,0.49,-0.6931495538368633,-0.19917189530646684,-0.3995859476532334
17,choice_only,partial,2,0.49,-0.6931495538368633,-0.19917189530646684,-0.3995859476532334
17,choice_only,standard,3,0.54,-0.6931221638512026,0.037859120595444114,-0.18107043970227796
17,choice_only,projected,3,0.67,-0.6917854588516786,0.037859120595444114,-0.18107043970227796
17,choice_only,partial,3,0.67,-0.6917854588516786,0.037859120595444114,-0.18107043970227796
17,choice_only,standard,4,0.67,-0.6929804927175001,0.0954708258493808,-0.1522645870753096
17,choice_only,projected,4,0.62,-0.6903691063115751,0.0954708258493808,-0.1522645870753096
17,choice_only,partial,4,0.62,-0.6903691063115751,0.0954708258493808,-0.1522645870753096
17,choice_only,standard,5,0.7,-0.6929016362888888,0.21892447996495942,0.009462239982479734
17,choice_only,projected,5,0.69,-0.6896620491526219,0.21892447996495942,0.009462239982479734
17,choice_only,partial,5,0.69,-0.6896620491526219,0.21892447996495942,0.009462239982479734
17,choice_only,standard,6,0.71,-0.6927810495534048,0.23538496718036991,-0.08230751640981505
17,choice_only,projected,6,0.69,-0.6883374807991913,0.22386262612958258,-0.08806868693520872
17,choice_only,partial,6,0.69,-0.6883374807991913,0.22386262612958258,-0.08806868693520872
17,choice_only,standard,7,0.7,-0.6927402781568783,0.17612721320489214,-0.11193639339755394
17,choice_only,projected,7,0.69,-0.6875854527438505,0.17612721320489214,-0.11193639339755394
17,choice_only,partial,7,0.69,-0.6875854527438505,0.17612721320489214,-0.11193639339755394
17,choice_only,standard,8,0.66,-0.6925306641279366,0.25184545439578043,-0.0740772728021098
17,choice_only,projected,8,0.68,-0.6853448255586215,0.22715472357266467,-0.08642263821366768
17,choice_only,partial,8,0.68,-0.6853448255586215,0.22715472357266467,-0.08642263821366768
17,choice_only,standard,9,0.73,-0.6927345729941851,0.14156019005253015,-0.12921990497373492
17,choice_only,projected,9,0.71,-0.6875069913214417,0.14485228749561227,-0.12757385625219386
17,choice_only,partial,9,0.71,-0.6875069913214417,0.14485228749561227,-0.12757385625219386
17,choice_only,standard,10,0.69,-0.6928277632003156,0.2106942363572542,-0.09465288182137291
17,choice_only,projected,10,0.72,-0.6886254547602878,0.2106942363572542,-0.09465288182137291
17,choice_only,partial,10,0.72,-0.6886254547602878,0.2106942363572542,-0.09465288182137291
17,choice_only,standard,11,0.66,-0.6927311344788675,0.2106942363572542,-0.1946528818213729
17,choice_only,projected,11,0.74,-0.6883338182198787,0.20081794402800787,-0.19959102798599604
17,choice_only,partial,11,0.74,-0.6883338182198787,0.20081794402800787,-0.19959102798599604
17,choice_only,standard,12,0.68,-0.6927088012174236,0.24690730823115728,-0.07654634588442137
17,choice_only,projected,12,0.71,-0.6883066004341016,0.24690730823115728,-0.07654634588442137
17,choice_only,partial,12,0.71,-0.6883066004341016,0.24690730823115728,-0.07654634588442137
17,choice_only,standard,13,0.68,-0.6926462991467238,0.22221657740804152,-0.18889171129597923
17,choice_only,projected,13,0.77,-0.6877249036018894,0.22221657740804152,-0.18889171129597923
17,choice_only,partial,13,0.77,-0.6877249036018894,0.22221657740804152,-0.18889171129597923
17,choice_only,standard,14,0.69,-0.6926609405213131,0.2106942363572542,-0.1946528818213729
17,choice_only,projected,14,0.74,-0.6875775030000559,0.18435745681259744,-0.20782127159370128
17,choice_only,partial,14,0.74,-0.6875775030000559,0.18435745681259744,-0.20782127159370128
17,choice_only,standard,15,0.65,-0.6926777993952772,0.11851550795095547,-0.24074224602452227
17,choice_only,projected,15,0.76,-0.6879633974429105,0.12016155667249653,-0.23991922166375174
17,choice_only,partial,15,0.76,-0.6879633974429105,0.12016155667249653,-0.23991922166375174
17,choice_only,standard,16,0.66,-0.6926437294391224,0.12674575155866072,-0.23662712422066962
17,choice_only,projected,16,0.74,-0.6872957978413458,0.12674575155866072,-0.23662712422066962
17,choice_only,partial,16,0.74,-0.6872957978413458,0.12674575155866072,-0.23662712422066962
17,choice_only,standard,17,0.68,-0.6926017821346235,0.13826809260944806,-0.23086595369527596
17,choice_only,projected,17,0.76,-0.6868171867922834,0.13826809260944806,-0.23086595369527596
17,choice_only,partial,17,0.76,-0.6868171867922834,0.13826809260944806,-0.23086595369527596
17,choice_only,standard,18,0.72,-0.692548575634742,0.11357736178633233,-0.24321131910683383
17,choice_only,projected,18,0.74,-0.6862987101431938,0.11357736178633233,-0.24321131910683383
17,choice_only,partial,18,0.74,-0.6862987101431938,0.11357736178633233,-0.24321131910683383
17,choice_only,standard,19,0.69,-0.6926281600010812,0.15143648238177645,-0.22428175880911178
17,choice_only,projected,19,0.77,-0.6869276102918502,0.15143648238177645,-0.22428175880911178
17,choice_only,partial,19,0.77,-0.6869276102918502,0.15143648238177645,-0.22428175880911178
17,choice_only,standard,20,0.69,-0.6925297604423263,0.15143648238177645,-0.22428175880911178
17,choice_only,projected,20,0.72,-0.6862978194661815,0.15143648238177645,-0.22428175880911178
17,choice_only,partial,20,0.72,-0.6862978194661815,0.15143648238177645,-0.22428175880911178
17,inference_affirm,standard,1,0.55,-0.6930671632175518,0.041151218038526206,-0.07942439098073688
17,inference_affirm,projected,1,0.51,-0.6920330386173678,0.041151218038526206,-0.07942439098073688
17,inference_affirm,partial,1,0.56,-0.6918067445255646,0.31110320837125816,0.15555160418562908
17,inference_affirm,standard,2,0.41,-0.6932071608360175,-0.19917189530646684,-0.3995859476532334
17,inference_affirm,projected,2,0.49,-0.6931495538368633,-0.19917189530646684,-0.3995859476532334
17,inference_affirm,partial,2,0.5,-0.6923704476636737,0.3143953058143403,0.15719765290717014
17,inference_affirm,standard,3,0.54,-0.6931221638512026,0.037859120595444114,-0.18107043970227796
17,inference_affirm,projected,3,0.67,-0.6917854588516786,0.037859120595444114,-0.18107043970227796
17,inference_affirm,partial,3,0.62,-0.6912020843068194,0.04938146164623145,-0.17530926917688427
17,inference_affirm,standard,4,0.67,-0.6929804927175001,0.0954708258493808,-0.1522645870753096
17,inference_affirm,projected,4,0.62,-0.6903691063115751,0.0954708258493808,-0.1522645870753096
17,inference_affirm,partial,4,0.64,-0.6895884941179563,0.29793481859892973,0.04896740929946489
17,inference_affirm,standard,5,0.7,-0.6929016362888888,0.21892447996495942,0.009462239982479734
17,inference_affirm,projected,5,0.69,-0.6896620491526219,0.21892447996495942,0.009462239982479734
17,inference_affirm,partial,5,0.64,-0.6888958810270165,0.2831203801050603,-0.05843980994746986
17,inference_affirm,standard,6,0.71,-0.6927810495534048,0.23538496718036991,-0.08230751640981505
17,inference_affirm,projected,6,0.69,-0.6883374807991913,0.22386262612958258,-0.08806868693520872
17,inference_affirm,partial,6,0.68,-0.6884270036636273,0.306165062206635,-0.046917468896682524
17,inference_affirm,standard,7,0.7,-0.6927402781568783,0.17612721320489214,-0.11193639339755394
17,inference_affirm,projected,7,0.69,-0.6875854527438505,0.17612721320489214,-0.11193639339755394
17,inference_affirm,partial,7,0.72,-0.6875738051971635,0.30781111092817603,-0.046094444535911994
17,inference_affirm,standard,8,0.66,-0.6925306641279366,0.25184545439578043,-0.0740772728021098
17,inference_affirm,projected,8,0.68,-0.6853448255586215,0.22715472357266467,-0.08642263821366768
17,inference_affirm,partial,8,0.65,-0.6854966084576938,0.4131582291068031,0.20657911455340155
17,inference_affirm,standard,9,0.65,-0.6923282865407144,0.21234028507879524,-0.09382985746060239
17,inference_affirm,projected,9,0.66,-0.6833874884849637,0.21234028507879524,-0.09382985746060239
17,inference_affirm,partial,9,0.64,-0.6857397839186722,0.3259176468651276,0.06295882343256382
17,inference_affirm,standard,10,0.66,-0.6924211432483653,0.2551375518388625,-0.07243122408056876
17,inference_affirm,projected,10,0.68,-0.6844457967730269,0.26501384416810875,-0.06749307791594564
17,inference_affirm,partial,10,0.63,-0.6871600676776375,0.18435745681259744,-0.00782127159370126
17,inference_affirm,standard,11,0.67,-0.6923248413991212,0.2584296492819446,-0.0707851753590277
17,inference_affirm,projected,11,0.69,-0.6841616614153259,0.2584296492819446,-0.0707851753590277
17,inference_affirm,partial,11,0.65,-0.6866097097479319,0.1909416516987616,-0.004529174150619181
17,inference_affirm,standard,12,0.66,-0.6923470305212471,0.2567836005604035,-0.07160819971979826
17,inference_affirm,projected,12,0.69,-0.6841781686865704,0.2288007722942057,-0.08559961385289716
17,inference_affirm,partial,12,0.65,-0.6866141740109942,0.19423374914184371,-0.0028831254290781205
17,inference_affirm,standard,13,0.67,-0.6922845003099688,0.21563238252187733,-0.09218380873906135
17,inference_affirm,projected,13,0.7,-0.6835861375530174,0.21563238252187733,-0.09218380873906135
17,inference_affirm,partial,13,0.66,-0.6860387907019159,0.15637462854639958,-0.12181268572680022
17,inference_affirm,standard,14,0.67,-0.6922698294884058,0.2584296492819446,-0.0707851753590277
17,inference_affirm,projected,14,0.71,-0.6837122686887916,0.2584296492819446,-0.0707851753590277
17,inference_affirm,partial,14,0.69,-0.6860200708300154,-0.014814438493869434,-0.3074072192469347
17,inference_affirm,standard,15,0.65,-0.6922533906096673,0.35554652385286645,0.07777326192643325
17,inference_affirm,projected,15,0.72,-0.6834118329680494,0.35554652385286645,0.07777326192643325
17,inference_affirm,partial,15,0.63,-0.685694677907357,-0.004938146164623145,-0.10246907308231155
17,inference_affirm,standard,16,0.66,-0.6922193674554902,0.35225442640978427,0.07612721320489216
17,inference_affirm,projected,16,0.68,-0.6827655365197778,0.3637767674605717,0.08188838373028587
17,inference_affirm,partial,16,0.64,-0.6855289768054802,0.034567023152362014,-0.08271648842381897
17,inference_affirm,standard,17,0.67,-0.692177512198694,0.3308557930297507,0.06542789651487538
17,inference_affirm,projected,17,0.68,-0.682310424410919,0.3308557930297507,0.06542789651487538
17,inference_affirm,partial,17,0.64,-0.684731289271273,0.14156019005253015,-0.029219904973734903
17,inference_affirm,standard,18,0.66,-0.6922306055417694,0.28641247754814236,0.043206238774071204
17,inference_affirm,projected,18,0.69,-0.6828017949146041,0.28641247754814236,0.043206238774071204
17,inference_affirm,partial,18,0.66,-0.6851046816124771,0.08394848479859347,-0.15802575760070328
17,inference_affirm,standard,19,0.69,-0.6921516872989691,0.3094571596497171,0.05472857982485857
17,inference_affirm,projected,19,0.68,-0.6822516499844967,0.31274925709279916,0.0563746285463996
17,inference_affirm,partial,19,0.66,-0.684635927450429,0.1250997028371197,-0.037450148581440135
17,inference_affirm,standard,20,0.72,-0.692053171700633,0.27982828266197823,0.03991414133098914
17,inference_affirm,projected,20,0.69,-0.6815491501010028,0.27982828266197823,0.03991414133098914
17,inference_affirm,partial,20,0.63,-0.684186839127284,0.10699316690016815,-0.0465034165499159
17,inference_categories,standard,1,0.45,-0.6932273929399154,-0.041151218038526206,-0.22057560901926312
17,inference_categories,projected,1,0.49,-0.6943070235471563,-0.041151218038526206,-0.22057560901926312
17,inference_categories,partial,1,0.42,-0.6945033423051947,-0.29135062371276554,-0.44567531185638276
17,inference_categories,standard,2,0.39,-0.6933676492597037,-0.3242715981435865,-0.46213579907179325
17,inference_categories,projected,2,0.41,-0.6954445589615843,-0.3242715981435865,-0.46213579907179325
17,inference_categories,partial,2,0.4,-0.6960847596183506,-0.43949500865145996,-0.61974750432573
17,inference_categories,standard,3,0.46,-0.6932827734729402,-0.05267355908931355,-0.3263367795446568
17,inference_categories,projected,3,0.5,-0.694115369379579,-0.06254985141855984,-0.3312749257092799
17,inference_categories,partial,3,0.47,-0.6948992157522385,-0.4592475933099525,-0.7296237966549762
17,inference_categories,standard,4,0.53,-0.6931408072635535,-0.06419590014010088,-0.33209795007005044
17,inference_categories,projected,4,0.59,-0.6926227522589733,-0.06419590014010088,-0.33209795007005044
17,inference_categories,partial,4,0.51,-0.6931549240538979,-0.31110320837125816,-0.5555516041856291
17,inference_categories,standard,5,0.44,-0.6932197245620749,-0.18929560297722056,-0.3946478014886103
17,inference_categories,projected,5,0.52,-0.6933266255525159,-0.18929560297722056,-0.3946478014886103
17,inference_categories,partial,5,0.45,-0.6941183278023014,-0.4608936420314936,-0.6304468210157468
17,inference_categories,standard,6,0.57,-0.6930987638038948,-0.021398633380033626,-0.3106993166900168
17,inference_categories,projected,6,0.6,-0.6919526435760835,-0.021398633380033626,-0.3106993166900168
17,inference_categories,partial,6,0.56,-0.6923840988157682,-0.25184545439578043,-0.5259227271978902
17,inference_categories,standard,7,0.55,-0.6930579863908852,0.03127492570927992,-0.28436253714536003
17,inference_categories,projected,7,0.59,-0.6911998186953818,0.03127492570927992,-0.28436253714536003
17,inference_categories,partial,7,0.61,-0.6915143322160264,-0.24690730823115728,-0.4234536541155786
17,inference_categories,standard,8,0.67,-0.6928476211782622,0.05431960781085459,-0.2728401960945727
17,inference_categories,projected,8,0.73,-0.688828439675092,0.05431960781085459,-0.2728401960945727
17,inference_categories,partial,8,0.75,-0.6889684315963046,0.006584194886164194,-0.29670790255691787
17,inference_categories,standard,9,0.58,-0.6930518502209793,-0.07571824119088823,-0.3378591205954441
17,inference_categories,projected,9,0.63,-0.6910466437969656,-0.07571824119088823,-0.3378591205954441
17,inference_categories,partial,9,0.61,-0.6910528960973208,-0.09711687457092186,-0.34855843728546093
17,inference_categories,standard,10,0.67,-0.6929584089901992,0.018106535936951534,-0.2909467320315242
17,inference_categories,projected,10,0.73,-0.6899022292741406,0.018106535936951534,-0.2909467320315242
17,inference_categories,partial,10,0.74,-0.6899896361876072,-0.004938146164623145,-0.3024690730823116
17,inference_categories,standard,11,0.68,-0.6928617536457423,0.01152234105078734,-0.29423882947460633
17,inference_categories,projected,11,0.74,-0.6896120390711458,0.01152234105078734,-0.29423882947460633
17,inference_categories,partial,11,0.71,-0.6896055187979805,-0.037859120595444114,-0.31892956029772207
17,inference_categories,standard,12,0.72,-0.6928393682631337,0.037859120595444114,-0.2810704397022779
17,inference_categories,projected,12,0.74,-0.6895839063788134,0.02304468210157468,-0.2884776589492126
17,inference_categories,partial,12,0.71,-0.6898068970752843,-0.008230243607705242,-0.3041151218038526
17,inference_categories,standard,13,0.71,-0.6927768509654493,0.0987629232924629,-0.2506185383537685
17,inference_categories,projected,13,0.75,-0.6890010302027276,0.08724058224167555,-0.2563797088791622
17,inference_categories,partial,13,0.72,-0.6892156847005055,-0.014814438493869434,-0.3074072192469347
17,inference_categories,standard,14,0.68,-0.6927622274372528,0.08065638735551138,-0.2596718063222443
17,inference_categories,projected,14,0.74,-0.6891541884282293,0.0576117052539367,-0.27119414737303166
17,inference_categories,partial,14,0.71,-0.6895853384673656,-0.1909416516987616,-0.39547082584938076
17,inference_categories,standard,15,0.65,-0.6927792001596272,0.04608936420314936,-0.37695531789842535
17,inference_categories,projected,15,0.62,-0.689570919126888,0.04608936420314936,-0.37695531789842535
17,inference_categories,partial,15,0.61,-0.6892155587466118,-0.18271140809105635,-0.4913557040455282
17,inference_categories,standard,16,0.6,-0.6928133746710601,0.04279726676006725,-0.3786013666199664
17,inference_categories,projected,16,0.6,-0.6902502231209179,0.018106535936951534,-0.39094673203152425
17,inference_categories,partial,16,0.57,-0.6900341089548324,-0.24361521078807513,-0.5218076053940376
17,inference_categories,standard,17,0.63,-0.6928554422170475,-0.00987629232924629,-0.40493814616462315
17,inference_categories,projected,17,0.6,-0.6907456796785237,-0.00987629232924629,-0.40493814616462315
17,inference_categories,partial,17,0.54,-0.6909448638601754,-0.36213071873903063,-0.5810653593695153
17,inference_categories,standard,18,0.64,-0.6928022616822748,0.02304468210157468,-0.38847765894921266
17,inference_categories,projected,18,0.6,-0.690207072131209,0.02304468210157468,-0.38847765894921266
17,inference_categories,partial,18,0.58,-0.690506294847388,-0.3209795007005044,-0.5604897503502522
17,inference_categories,standard,19,0.69,-0.6927226288861634,0.0987629232924629,-0.2506185383537685
17,inference_categories,projected,19,0.7,-0.6895539763338558,0.0987629232924629,-0.2506185383537685
17,inference_categories,partial,19,0.59,-0.6900495511610467,-0.2501994056742394,-0.5250997028371197
17,inference_categories,standard,20,0.69,-0.6926241479051046,0.03621307187390307,-0.28189346406304844
17,inference_categories,projected,20,0.63,-0.6889218369507522,0.0477354129246904,-0.2761322935376548
17,inference_categories,partial,20,0.59,-0.689206165417859,-0.26830594161119087,-0.5341529708055954
18,choice_only,standard,1,0.56,-0.6931265468317506,0.012050428102410044,-0.29397478594879495
18,choice_only,projected,1,0.55,-0.6928189031754141,0.012050428102410044,-0.29397478594879495
18,choice_only,partial,1,0.55,-0.6928189031754141,0.012050428102410044,-0.29397478594879495
18,choice_only,standard,2,0.49,-0.6931724428987555,-0.0811395492228943,-0.24056977461144716
18,choice_only,projected,2,0.41,-0.6939866320537068,-0.0811395492228943,-0.24056977461144716
18,choice_only,partial,2,0.41,-0.6939866320537068,-0.0811395492228943,-0.24056977461144716
18,choice_only,standard,3,0.65,-0.6929884759541415,0.10443704355422037,-0.14778147822288984
18,choice_only,projected,3,0.7,-0.6911922222949457,0.10443704355422037,-0.14778147822288984
18,choice_only,partial,3,0.7,-0.6911922222949457,0.10443704355422037,-0.14778147822288984
18,choice_only,standard,4,0.7,-0.6929548850269307,0.2618959707590449,-0.06905201462047755
18,choice_only,projected,4,0.74,-0.690287827623184,0.21369425834940478,-0.09315287082529762
18,choice_only,partial,4,0.74,-0.690287827623184,0.21369425834940478,-0.09315287082529762
18,choice_only,standard,5,0.71,-0.692977569469441,0.03374119868674812,-0.18312940065662595
18,choice_only,projected,5,0.78,-0.6904133986025981,0.012050428102410044,-0.193974785948795
18,choice_only,partial,5,0.78,-0.6904133986025981,0.012050428102410044,-0.193974785948795
18,choice_only,standard,6,0.67,-0.6929341605909523,-0.06185886425903822,-0.2309294321295191
18,choice_only,projected,6,0.79,-0.6895814617414154,-0.06185886425903822,-0.2309294321295191
18,choice_only,partial,6,0.79,-0.6895814617414154,-0.06185886425903822,-0.2309294321295191
18,choice_only,standard,7,0.65,-0.6929258237540913,-0.05462860739759219,-0.2273143036987961
18,choice_only,projected,7,0.77,-0.6895478770892047,-0.05462860739759219,-0.2273143036987961
18,choice_only,partial,7,0.77,-0.6895478770892047,-0.05462860739759219,-0.2273143036987961
18,choice_only,standard,8,0.68,-0.6928610933980335,0.13496479474699247,-0.13251760262650378
18,choice_only,projected,8,0.76,-0.6894665025319074,0.1365715184939805,-0.13171424075300975
18,choice_only,partial,8,0.76,-0.6894665025319074,0.1365715184939805,-0.13171424075300975
18,choice_only,standard,9,0.7,-0.6927843002615838,0.21048081085542875,-0.09475959457228564
18,choice_only,projected,9,0.79,-0.688201225769118,0.21048081085542875,-0.09475959457228564
18,choice_only,partial,9,0.79,-0.688201225769118,0.21048081085542875,-0.09475959457228564
18,choice_only,standard,10,0.72,-0.6926628407917583,0.3133111306626611,-0.04334443466866947
18,choice_only,projected,10,0.78,-0.686338210759298,0.29804725506627505,-0.050976372466862485
18,choice_only,partial,10,0.78,-0.686338210759298,0.29804725506627505,-0.050976372466862485
18,choice_only,standard,11,0.72,-0.692507982576457,0.4177481742168815,0.10887408710844076
18,choice_only,projected,11,0.77,-0.6835912028148975,0.4177481742168815,0.10887408710844076
18,choice_only,partial,11,0.77,-0.6835912028148975,0.4177481742168815,0.10887408710844076
18,choice_only,standard,12,0.7,-0.69255607830122,0.57199365392773,0.18599682696386505
18,choice_only,projected,12,0.81,-0.6847226593932417,0.5872575295241161,0.1936287647620581
18,choice_only,partial,12,0.81,-0.6847226593932417,0.5872575295241161,0.1936287647620581
18,choice_only,standard,13,0.71,-0.6922626025176887,0.5077247040482099,0.15386235202410498
18,choice_only,projected,13,0.81,-0.6810488884000339,0.5077247040482099,0.15386235202410498
18,choice_only,partial,13,0.81,-0.6810488884000339,0.5077247040482099,0.15386235202410498
18,choice_only,standard,14,0.74,-0.6922717215305929,0.4739835053614617,0.13699175268073088
18,choice_only,projected,14,0.8,-0.6808130423172614,0.4739835053614617,0.13699175268073088
18,choice_only,partial,14,0.8,-0.6808130423172614,0.4739835053614617,0.13699175268073088
18,choice_only,standard,15,0.73,-0.691979396593171,0.47880367660242573,0.23940183830121287
18,choice_only,projected,15,0.79,-0.6771444904465435,0.48764065721085975,0.24382032860542988
18,choice_only,partial,15,0.79,-0.6771444904465435,0.48764065721085975,0.24382032860542988
18,choice_only,standard,16,0.72,-0.691875970436991,0.4579162678915817,0.12895813394579086
18,choice_only,projected,16,0.79,-0.6759425762503121,0.4338154116867615,0.11690770584338078
18,choice_only,partial,16,0.79,-0.6759425762503121,0.4338154116867615,0.11690770584338078
18,choice_only,standard,17,0.72,-0.6915198952105324,0.40007421300001345,0.10003710650000674
18,choice_only,projected,17,0.79,-0.6711252652542201,0.40891119360844747,0.10445559680422375
18,choice_only,partial,17,0.79,-0.6711252652542201,0.40891119360844747,0.10445559680422375
18,choice_only,standard,18,0.73,-0.6914718782439375,0.3791868042891694,0.08959340214458472
18,choice_only,projected,18,0.78,-0.6709362809282036,0.39686076550603744,0.09843038275301874
18,choice_only,partial,18,0.78,-0.6709362809282036,0.39686076550603744,0.09843038275301874
18,choice_only,standard,19,0.73,-0.6913236143167768,0.37597335679519334,0.08798667839759669
18,choice_only,projected,19,0.78,-0.6690639140598713,0.39686076550603744,0.09843038275301874
18,choice_only,partial,19,0.78,-0.6690639140598713,0.39686076550603744,0.09843038275301874
18,choice_only,standard,20,0.74,-0.6916684502585158,0.48442720971688374,0.1422136048584419
18,choice_only,projected,20,0.81,-0.6733448600393024,0.5069213421747158,0.15346067108735795
18,choice_only,partial,20,0.81,-0.6733448600393024,0.5069213421747158,0.15346067108735795
18,inference_affirm,standard,1,0.56,-0.6931265468317506,0.012050428102410044,-0.29397478594879495
18,inference_affirm,projected,1,0.55,-0.6928189031754141,0.012050428102410044,-0.29397478594879495
18,inference_affirm,partial,1,0.65,-0.6926728057365534,0.003616488268435473,-0.19819175586578228
18,inference_affirm,standard,2,0.64,-0.6930806741092356,0.23538502893374283,0.017692514466871437
18,inference_affirm,projected,2,0.82,-0.6916552775030661,0.23538502893374283,0.017692514466871437
18,inference_affirm,partial,2,0.71,-0.6922960622052564,0.11648747165663041,-0.04175626417168477
18,inference_affirm,standard,3,0.75,-0.6928967745512744,0.2506489045301289,0.025324452265064468
18,inference_affirm,projected,3,0.78,-0.6888850602563997,0.2506489045301289,0.025324452265064468
18,inference_affirm,partial,3,0.78,-0.6888701367284794,0.2610926088855509,0.03054630444277548
18,inference_affirm,standard,4,0.71,-0.6928632386199964,0.283586741343383,0.04179337067169153
18,inference_affirm,projected,4,0.75,-0.6880008706918099,0.283586741343383,0.04179337067169153
18,inference_affirm,partial,4,0.74,-0.6885467587485189,0.18396986903012666,0.09198493451506333
18,inference_affirm,standard,5,0.73,-0.6928405592447175,0.2940304456988051,0.04701522284940257
18,inference_affirm,projected,5,0.77,-0.6878751176592298,0.2940304456988051,0.04701522284940257
18,inference_affirm,partial,5,0.73,-0.6890738594679887,0.1108639385421724,-0.04456803072891378
18,inference_affirm,standard,6,0.75,-0.6927972044943992,0.3036707881807331,0.05183539409036658
18,inference_affirm,projected,6,0.75,-0.6870546200245293,0.3036707881807331,0.05183539409036658
18,inference_affirm,partial,6,0.73,-0.688192892478514,0.20325055399398273,0.10162527699699136
18,inference_affirm,standard,7,0.71,-0.692805588447516,0.2956371694457931,0.04781858472289657
18,inference_affirm,projected,7,0.75,-0.6870900540638761,0.2956371694457931,0.04781858472289657
18,inference_affirm,partial,7,0.72,-0.6884354522374349,0.13014462350602846,0.06507231175301423
18,inference_affirm,standard,8,0.7,-0.6927408919976847,0.31009768316868513,0.05504884158434259
18,inference_affirm,projected,8,0.78,-0.687005094050534,0.31009768316868513,0.05504884158434259
18,inference_affirm,partial,8,0.76,-0.6891144841287228,0.01847732309036207,-0.09076133845481894
18,inference_affirm,standard,9,0.74,-0.6926640481814599,0.31973802565061316,0.0598690128253066
18,inference_affirm,projected,9,0.78,-0.6857513342156051,0.31973802565061316,0.0598690128253066
18,inference_affirm,partial,9,0.7,-0.6900590288011049,0.07872946360241229,-0.060635268198793835
18,inference_affirm,standard,10,0.72,-0.692542554478089,0.3494624149698912,0.07473120748494563
18,inference_affirm,projected,10,0.8,-0.6839063763139737,0.3494624149698912,0.07473120748494563
18,inference_affirm,partial,10,0.74,-0.689513857973633,0.2618959707590449,0.03094798537952248
18,inference_affirm,standard,11,0.71,-0.6923879311376301,0.4434557541686896,0.2217278770843448
18,inference_affirm,projected,11,0.74,-0.681209677582398,0.4434557541686896,0.2217278770843448
18,inference_affirm,partial,11,0.72,-0.6873431314276307,0.09961687231325636,-0.0501915638433718
18,inference_affirm,standard,12,0.69,-0.6923401344718678,0.23056485769277885,0.11528242884638942
18,inference_affirm,projected,12,0.72,-0.680148575199873,0.2506489045301289,0.12532445226506445
18,inference_affirm,partial,12,0.7,-0.6866324432505064,0.04900507428313417,-0.0754974628584329
18,inference_affirm,standard,13,0.71,-0.6920477207579023,0.2498455426566349,0.12492277132831744
18,inference_affirm,projected,13,0.72,-0.6766756937615078,0.2498455426566349,0.12492277132831744
18,inference_affirm,partial,13,0.69,-0.683143029592063,0.12130764289759442,-0.039346178551202766
18,inference_affirm,standard,14,0.7,-0.6920569063038261,0.2056606396144647,0.10283031980723235
18,inference_affirm,projected,14,0.73,-0.6764625588577872,0.2056606396144647,0.10283031980723235
18,inference_affirm,partial,14,0.7,-0.6829307813811356,0.11488074790964242,-0.04255962604517877
18,inference_affirm,standard,15,0.69,-0.6917649248536081,0.272339675114467,0.1361698375572335
18,inference_affirm,projected,15,0.73,-0.6729066838549522,0.272339675114467,0.1361698375572335
18,inference_affirm,partial,15,0.67,-0.6869310335567224,0.015263875596386057,-0.09236806220180695
18,inference_affirm,standard,16,0.7,-0.6918686621385447,0.21771106771687476,0.10885553385843738
18,inference_affirm,projected,16,0.73,-0.6741366505768555,0.21771106771687476,0.10885553385843738
18,inference_affirm,partial,16,0.63,-0.688202907890286,-0.019280684963856067,-0.10964034248192801
18,inference_affirm,standard,17,0.69,-0.6915132302451539,0.19521693525904268,0.09760846762952134
18,inference_affirm,projected,17,0.73,-0.6695389495397842,0.19521693525904268,0.09760846762952134
18,inference_affirm,partial,17,0.64,-0.6842515819476549,0.0024100856204820084,-0.09879495718975898
18,inference_affirm,standard,18,0.68,-0.691561443625863,0.1968236590060307,0.09841182950301534
18,inference_affirm,projected,18,0.73,-0.6697481119501693,0.21771106771687476,0.10885553385843738
18,inference_affirm,partial,18,0.65,-0.6846871117232761,-0.01124706622891604,-0.105623533114458
18,inference_affirm,standard,19,0.7,-0.6917107828461876,0.19521693525904268,0.09760846762952134
18,inference_affirm,projected,19,0.72,-0.6717884933369347,0.1903967640180787,0.09519838200903935
18,inference_affirm,partial,19,0.65,-0.6852509372389943,0.08836980608434032,-0.05581509695782982
18,inference_affirm,standard,20,0.69,-0.6920562972279345,0.21449762022289878,0.10724881011144939
18,inference_affirm,projected,20,0.71,-0.6761368078473321,0.21289089647591078,0.10644544823795539
18,inference_affirm,partial,20,0.63,-0.6862829591733919,0.18155978340964463,-0.009220108295177665
18,inference_categories,standard,1,0.56,-0.6931265468317506,0.012050428102410044,-0.29397478594879495
18,inference_categories,projected,1,0.55,-0.6928189031754141,0.012050428102410044,-0.29397478594879495
18,inference_categories,partial,1,0.64,-0.6926648388191229,0.09077989170482231,-0.15461005414758885
18,inference_categories,standard,2,0.49,-0.6931724428987555,-0.0811395492228943,-0.24056977461144716
18,inference_categories,projected,2,0.41,-0.6939866320537068,-0.0811395492228943,-0.24056977461144716
18,inference_categories,partial,2,0.59,-0.6926715281582697,0.1429984134819325,-0.02850079325903372
18,inference_categories,standard,3,0.65,-0.6929884759541415,0.10443704355422037,-0.14778147822288984
18,inference_categories,projected,3,0.7,-0.6911922222949457,0.10443704355422037,-0.14778147822288984
18,inference_categories,partial,3,0.76,-0.6894450430135513,0.15103203221687253,-0.12448398389156375
18,inference_categories,standard,4,0.7,-0.6929548850269307,0.2618959707590449,-0.06905201462047755
18,inference_categories,projected,4,0.74,-0.690287827623184,0.21369425834940478,-0.09315287082529762
18,inference_categories,partial,4,0.76,-0.6891040459412205,0.18155978340964463,-0.1092201082951777
18,inference_categories,standard,5,0.75,-0.6929322194862418,0.263502694506033,-0.06824865274698352
18,inference_categories,projected,5,0.75,-0.6901636982122981,0.263502694506033,-0.06824865274698352
18,inference_categories,partial,5,0.73,-0.6895196225713743,0.20967744898193474,-0.09516127550903264
18,inference_categories,standard,6,0.73,-0.6928888034168227,0.282783379469889,0.04139168973494453
18,inference_categories,projected,6,0.77,-0.6893279165650597,0.282783379469889,0.04139168973494453
18,inference_categories,partial,6,0.78,-0.6885280762165149,0.1727228028012106,-0.013638598599394675
18,inference_categories,standard,7,0.73,-0.6928804729259772,0.277963208228925,-0.06101839588553751
18,inference_categories,projected,7,0.77,-0.6892939200457171,0.267519503873503,-0.06624024806324852
18,inference_categories,partial,7,0.75,-0.6879926803969648,0.2506489045301289,0.025324452265064468
18,inference_categories,standard,8,0.6,-0.6929452099958744,0.03133111306626611,-0.18433444346686695
18,inference_categories,projected,8,0.79,-0.6893801704829728,0.03133111306626611,-0.18433444346686695
18,inference_categories,partial,8,0.76,-0.6857205541865331,0.16067237469880058,0.08033618734940029
18,inference_categories,standard,9,0.65,-0.6928684862548964,0.1646891840662706,-0.017655407966864683
18,inference_categories,projected,9,0.75,-0.688125574042312,0.1735261646747046,-0.013236917662647674
18,inference_categories,partial,9,0.75,-0.685707963081589,0.19602029713253669,0.09801014856626834
18,inference_categories,standard,10,0.65,-0.6927470499156864,0.20726736336145274,0.0036336816807263916
18,inference_categories,projected,10,0.75,-0.6862797073389121,0.20726736336145274,0.0036336816807263916
18,inference_categories,partial,10,0.72,-0.6845145784855267,0.20646400148795874,0.10323200074397937
18,inference_categories,standard,11,0.67,-0.6925922875033328,0.2514522664036229,0.12572613320181145
18,inference_categories,projected,11,0.74,-0.6835536774284742,0.2514522664036229,0.12572613320181145
18,inference_categories,partial,11,0.69,-0.6821999490948601,0.038561369927712134,-0.08071931503614391
18,inference_categories,standard,12,0.72,-0.692640361649146,0.549499521469898,0.274749760734949
18,inference_categories,projected,12,0.82,-0.6846793290470807,0.55994322582532,0.27997161291266
18,inference_categories,partial,12,0.71,-0.6834503527923615,0.1132740241626544,-0.043362987918672775
18,inference_categories,standard,13,0.73,-0.6923468026222178,0.5157583227831499,0.25787916139157496
18,inference_categories,projected,13,0.78,-0.6810220717767993,0.5245953033915839,0.26229765169579194
18,inference_categories,partial,13,0.71,-0.6800089897539918,0.12371772851807644,0.06185886425903822
18,inference_categories,standard,14,0.7,-0.6923559894331858,0.48121376222290774,0.24060688111145387
18,inference_categories,projected,14,0.76,-0.6807984581025878,0.4964776378192938,0.2482388189096469
18,inference_categories,partial,14,0.71,-0.6799167471598139,0.15344211783735456,0.07672105891867728
18,inference_categories,standard,15,0.7,-0.6920636095829487,0.47077005786748566,0.23538502893374283
18,inference_categories,projected,15,0.76,-0.6771298608128137,0.49165746657832976,0.24582873328916488
18,inference_categories,partial,15,0.71,-0.6827982590454027,0.0851563585903643,0.04257817929518215
18,inference_categories,standard,16,0.72,-0.6919600803184766,0.47639359098194367,0.23819679549097184
18,inference_categories,projected,16,0.77,-0.6759209088685254,0.5021011709337517,0.25105058546687586
18,inference_categories,partial,16,0.71,-0.6815262952208013,0.030527751192772113,-0.08473612440361392
18,inference_categories,standard,17,0.72,-0.6916038410823298,0.3936473180120614,0.1968236590060307
18,inference_categories,projected,17,0.76,-0.6711147717564152,0.3936473180120614,0.1968236590060307
18,inference_categories,partial,17,0.71,-0.6777776646102679,0.05141515990361618,-0.07429242004819189
18,inference_categories,standard,18,0.73,-0.6916520301851884,0.39043387051808537,0.19521693525904268
18,inference_categories,projected,18,0.75,-0.6713154425331866,0.40569774611447146,0.20284887305723573
18,inference_categories,partial,18,0.7,-0.6778685415166177,0.04820171240964018,-0.0758991437951799
18,inference_categories,standard,19,0.72,-0.6918014997836192,0.38159688990965135,0.19079844495482567
18,inference_categories,projected,19,0.76,-0.6733722614677343,0.37275990930121733,0.18637995465060866
18,inference_categories,partial,19,0.7,-0.6758681980809979,0.08917316795783432,-0.055413416021082816
18,inference_categories,standard,20,0.74,-0.6921462940135642,0.4161414504698935,0.20807072523494674
18,inference_categories,projected,20,0.77,-0.6776813859835359,0.49005074283134176,0.24502537141567088
18,inference_categories,partial,20,0.71,-0.6741498455399301,0.1333580710000045,-0.03332096449999773
19,choice_only,standard,1,0.82,-0.6929693867349386,0.17976507609658512,0.08988253804829256
19,choice_only,projected,1,0.83,-0.6903560158430008,0.17976507609658512,0.08988253804829256
19,choice_only,partial,1,0.83,-0.6903560158430008,0.17976507609658512,0.08988253804829256
19,choice_only,standard,2,0.48,-0.693145682928775,-0.018437443702213858,-0.20921872185110693
19,choice_only,projected,2,0.6,-0.6927583279348941,-0.018437443702213858,-0.20921872185110693
19,choice_only,partial,2,0.6,-0.6927583279348941,-0.018437443702213858,-0.20921872185110693
19,choice_only,standard,3,0.57,-0.6930840447890562,-0.07067686752515313,-0.23533843376257657
19,choice_only,projected,3,0.75,-0.6919486239360978,-0.07067686752515313,-0.23533843376257657
19,choice_only,partial,3,0.75,-0.6919486239360978,-0.07067686752515313,-0.23533843376257657
19,choice_only,standard,4,0.64,-0.6930244684216709,0.05377587746479042,-0.1731120612676048
19,choice_only,projected,4,0.77,-0.6911376500314274,0.052239423822939265,-0.17388028808853037
19,choice_only,partial,4,0.77,-0.6911376500314274,0.052239423822939265,-0.17388028808853037
19,choice_only,standard,5,0.39,-0.6932324722380802,0.10140594036217622,-0.04929702981891187
19,choice_only,projected,5,0.35,-0.6941669780428942,0.10140594036217622,-0.04929702981891187
19,choice_only,partial,5,0.35,-0.6941669780428942,0.10140594036217622,-0.04929702981891187
19,choice_only,standard,6,0.43,-0.6931440186896749,-0.03841134104627887,-0.3192056705231394
19,choice_only,projected,6,0.49,-0.6930650873071363,-0.03841134104627887,-0.3192056705231394
19,choice_only,partial,6,0.49,-0.6930650873071363,-0.03841134104627887,-0.3192056705231394
19,choice_only,standard,7,0.46,-0.6931432920866716,0.18130152973843627,-0.009349235130781841
19,choice_only,projected,7,0.59,-0.6927797349232913,0.18130152973843627,-0.009349235130781841
19,choice_only,partial,7,0.59,-0.6927797349232913,0.18130152973843627,-0.009349235130781841
19,choice_only,standard,8,0.43,-0.6931715765333665,0.20281188072435244,0.20140594036217618
19,choice_only,projected,8,0.53,-0.6926304896151607,0.20281188072435244,0.20140594036217618
19,choice_only,partial,8,0.53,-0.6926304896151607,0.20281188072435244,0.20140594036217618
19,choice_only,standard,9,0.48,-0.6932000675424419,0.04609360925553465,-0.2769531953722327
19,choice_only,projected,9,0.47,-0.6933736434376526,0.04609360925553465,-0.2769531953722327
19,choice_only,partial,9,0.47,-0.6933736434376526,0.04609360925553465,-0.2769531953722327
19,choice_only,standard,10,0.36,-0.6934985202485922,0.04609360925553465,-0.1769531953722327
19,choice_only,projected,10,0.31,-0.6979100844844771,0.05377587746479042,-0.1731120612676048
19,choice_only,partial,10,0.31,-0.6979100844844771,0.05377587746479042,-0.1731120612676048
19,choice_only,standard,11,0.35,-0.6934866410506099,-0.007682268209255775,-0.2038411341046279
19,choice_only,projected,11,0.34,-0.6974555602676205,-0.010755175492958085,-0.20537758774647905
19,choice_only,partial,11,0.34,-0.6974555602676205,-0.010755175492958085,-0.20537758774647905
19,choice_only,standard,12,0.31,-0.6935818833664009,0.03994779468813002,-0.180026102655935
19,choice_only,projected,12,0.29,-0.6987382146896557,0.03994779468813002,-0.180026102655935
19,choice_only,partial,12,0.29,-0.6987382146896557,0.03994779468813002,-0.180026102655935
19,choice_only,standard,13,0.37,-0.693366909276364,0.018437443702213858,-0.29078127814889304
19,choice_only,projected,13,0.4,-0.6951315342231094,0.018437443702213858,-0.29078127814889304
19,choice_only,partial,13,0.4,-0.6951315342231094,0.018437443702213858,-0.29078127814889304
19,choice_only,standard,14,0.36,-0.693533862684414,0.0046093609255534644,-0.19769531953722327
19,choice_only,projected,14,0.35,-0.697829695215226,-0.010755175492958085,-0.20537758774647905
19,choice_only,partial,14,0.35,-0.697829695215226,-0.010755175492958085,-0.20537758774647905
19,choice_only,standard,15,0.36,-0.6934945784985616,-0.05377587746479042,-0.2268879387323952
19,choice_only,projected,15,0.35,-0.6972038384084088,-0.058385238390343895,-0.22919261919517195
19,choice_only,partial,15,0.35,-0.6972038384084088,-0.058385238390343895,-0.22919261919517195
19,choice_only,standard,16,0.37,-0.6934477255012663,-0.016900990060362706,-0.20845049503018137
19,choice_only,projected,16,0.44,-0.6961106542020046,-0.016900990060362706,-0.10845049503018134
19,choice_only,partial,16,0.44,-0.6961106542020046,-0.016900990060362706,-0.10845049503018134
19,choice_only,standard,17,0.43,-0.6933185416850866,0.04455715561368349,-0.07772142219315824
19,choice_only,projected,17,0.51,-0.6934001863257183,0.04455715561368349,-0.07772142219315824
19,choice_only,partial,17,0.51,-0.6934001863257183,0.04455715561368349,-0.07772142219315824
19,choice_only,standard,18,0.43,-0.6932282404429917,0.09679657943662276,-0.0516017102816886
19,choice_only,projected,18,0.53,-0.6922960696407527,0.12137983770624125,-0.03931008114687935
19,choice_only,partial,18,0.53,-0.6922960696407527,0.12137983770624125,-0.03931008114687935
19,choice_only,standard,19,0.38,-0.6934192751696743,0.14596309597585974,0.07298154798792987
19,choice_only,projected,19,0.46,-0.69497522571919,0.14596309597585974,0.07298154798792987
19,choice_only,partial,19,0.46,-0.69497522571919,0.14596309597585974,0.07298154798792987
19,choice_only,standard,20,0.42,-0.6932072321002019,0.0752862284507066,0.0376431142253533
19,choice_only,projected,20,0.58,-0.6913991091617624,0.06299459931589736,0.03149729965794868
19,choice_only,partial,20,0.58,-0.6913991091617624,0.06299459931589736,0.03149729965794868
19,inference_affirm,standard,1,0.82,-0.6929693867349386,0.17976507609658512,0.08988253804829256
19,inference_affirm,projected,1,0.83,-0.6903560158430008,0.17976507609658512,0.08988253804829256
19,inference_affirm,partial,1,0.68,-0.6901123273041578,0.33801980120725406,0.16900990060362703
19,inference_affirm,standard,2,0.48,-0.693145682928775,-0.018437443702213858,-0.20921872185110693
19,inference_affirm,projected,2,0.6,-0.6927583279348941,-0.018437443702213858,-0.20921872185110693
19,inference_affirm,partial,2,0.55,-0.6917213635765094,0.3549207912676168,0.27746039563380837
19,inference_affirm,standard,3,0.42,-0.6932073714453065,0.05070297018108811,-0.17464851490945596
19,inference_affirm,projected,3,0.44,-0.693574458664531,0.05070297018108811,-0.17464851490945596
19,inference_affirm,partial,3,0.5,-0.692743737433711,0.32726462571429593,0.26363231285714794
19,inference_affirm,standard,4,0.47,-0.6931477686419144,0.15210891054326434,-0.02394554472836781
19,inference_affirm,projected,4,0.55,-0.692763322765143,0.15210891054326434,-0.02394554472836781
19,inference_affirm,partial,4,0.59,-0.6909829873875527,0.31804590386318904,0.15902295193159452
19,inference_affirm,standard,5,0.66,-0.6929399901690371,0.04609360925553465,-0.07695319537223265
19,inference_affirm,projected,5,0.68,-0.6897590639507395,0.04609360925553465,-0.07695319537223265
19,inference_affirm,partial,5,0.66,-0.6882677151093327,0.21663996350101283,0.10831998175050642
19,inference_affirm,standard,6,0.57,-0.6930285509402853,-0.0015364536418511548,-0.10076822682092555
19,inference_affirm,projected,6,0.74,-0.690858465486728,-0.0015364536418511548,-0.10076822682092555
19,inference_affirm,partial,6,0.66,-0.6892658047612783,0.2504419436217382,0.1252209718108691
19,inference_affirm,standard,7,0.56,-0.6930279084256254,0.20895769529175706,0.004478847645878553
19,inference_affirm,projected,7,0.76,-0.6905768949598159,0.24736903633803592,0.12368451816901796
19,inference_affirm,partial,7,0.71,-0.6886073430296389,0.37950404953723527,0.2897520247686176
19,inference_affirm,standard,8,0.52,-0.6930562059384704,0.19512961251509667,-0.002435193742451644
19,inference_affirm,projected,8,0.73,-0.6904283676061383,0.19512961251509667,-0.002435193742451644
19,inference_affirm,partial,8,0.67,-0.6892984167103422,0.26580648004024976,0.23290324002012486
19,inference_affirm,standard,9,0.55,-0.6930277337183361,0.1874473443058409,-0.10627632784707956
19,inference_affirm,projected,9,0.74,-0.6896910511243868,0.1874473443058409,-0.10627632784707956
19,inference_affirm,partial,9,0.66,-0.6894400432245442,0.278098109175059,0.23904905458752948
19,inference_affirm,standard,10,0.42,-0.6933262506771805,0.23815031448692897,0.019075157243464508
19,inference_affirm,projected,10,0.46,-0.6942130797890598,0.23815031448692897,0.019075157243464508
19,inference_affirm,partial,10,0.42,-0.6953415484968672,0.28731683102616595,0.14365841551308298
19,inference_affirm,standard,11,0.44,-0.6933144046126039,0.17976507609658512,0.08988253804829256
19,inference_affirm,projected,11,0.48,-0.6937660382441021,0.17976507609658512,0.08988253804829256
19,inference_affirm,partial,11,0.43,-0.6949130897549654,0.26119711911469634,0.030598559557348193
19,inference_affirm,standard,12,0.4,-0.6934096498540916,0.24122322177063135,0.12061161088531568
19,inference_affirm,projected,12,0.42,-0.6950391662910514,0.24122322177063135,0.12061161088531568
19,inference_affirm,partial,12,0.34,-0.6964356256197108,0.3994779468813003,0.19973897344065014
19,inference_affirm,standard,13,0.36,-0.6936244791398545,0.20742124164990589,-0.19628937917504705
19,inference_affirm,projected,13,0.28,-0.6986015878091487,0.23200449991952438,-0.1839977500402378
19,inference_affirm,partial,13,0.26,-0.7004327173928516,0.12445274498994353,-0.03777362750502821
19,inference_affirm,standard,14,0.37,-0.6934571539556079,0.26887938732395206,0.13443969366197603
19,inference_affirm,projected,14,0.37,-0.6958742141398626,0.2903897383098683,0.14519486915493415
19,inference_affirm,partial,14,0.39,-0.6967569890113287,0.2350774072032267,0.11753870360161335
19,inference_affirm,standard,15,0.37,-0.6934179334014552,0.25351485090544057,0.12675742545272028
19,inference_affirm,projected,15,0.4,-0.695259221331382,0.25351485090544057,0.12675742545272028
19,inference_affirm,partial,15,0.41,-0.6967876887616824,0.2596606654728451,0.22983033273642253
19,inference_affirm,standard,16,0.39,-0.6933710836055442,0.2903897383098683,0.14519486915493415
19,inference_affirm,projected,16,0.46,-0.6941732097222634,0.2903897383098683,0.14519486915493415
19,inference_affirm,partial,16,0.44,-0.694904606778797,0.3549207912676168,0.37746039563380834
19,inference_affirm,standard,17,0.46,-0.6932416541034381,0.3748946886116818,0.1874473443058409
19,inference_affirm,projected,17,0.59,-0.6914240040970303,0.36106660583502137,0.18053330291751069
19,inference_affirm,partial,17,0.53,-0.6918361442986302,0.3687488740442772,0.3843744370221386
19,inference_affirm,standard,18,0.51,-0.6931512500145824,0.44096219521128144,0.3204810976056407
19,inference_affirm,projected,18,0.65,-0.6903196046427645,0.44096219521128144,0.3204810976056407
19,inference_affirm,partial,18,0.57,-0.6911775012887784,0.40101440052315146,0.4005072002615757
19,inference_affirm,standard,19,0.57,-0.6929607349191802,0.36106660583502137,0.18053330291751069
19,inference_affirm,projected,19,0.69,-0.6877311337771488,0.36106660583502137,0.18053330291751069
19,inference_affirm,partial,19,0.59,-0.6898757361596813,0.4179153905835141,0.30895769529175704
19,inference_affirm,standard,20,0.62,-0.6927488728246961,0.28270747010061253,0.04135373505030629
19,inference_affirm,projected,20,0.76,-0.6842357580211665,0.28270747010061253,0.04135373505030629
19,inference_affirm,partial,20,0.61,-0.6877203002145985,0.31958235750504016,0.25979117875252006
19,inference_categories,standard,1,0.82,-0.6929693867349386,0.17976507609658512,0.08988253804829256
19,inference_categories,projected,1,0.83,-0.6903560158430008,0.17976507609658512,0.08988253804829256
19,inference_categories,partial,1,0.75,-0.690439103406527,0.3273877269508159,0.2636938634754079
19,inference_categories,standard,2,0.87,-0.6927932789962736,0.14749954961771086,0.07374977480885543
19,inference_categories,projected,2,0.82,-0.6879862273909425,0.14749954961771086,0.07374977480885543
19,inference_categories,partial,2,0.8,-0.6884945617436783,0.17976507609658512,0.18988253804829253
19,inference_categories,standard,3,0.79,-0.6927316958058006,0.16900990060362703,-0.015495049698186464
19,inference_categories,projected,3,0.78,-0.6871891904832458,0.15210891054326434,-0.02394554472836781
19,inference_categories,partial,3,0.78,-0.6878855654497658,0.12598919863179472,0.06299459931589736
19,inference_categories,standard,4,0.81,-0.6926721513943884,0.23815031448692897,0.11907515724346449
19,inference_categories,projected,4,0.8,-0.6863876954099336,0.23815031448692897,0.11907515724346449
19,inference_categories,partial,4,0.77,-0.6865628030109303,0.2350774072032267,0.21753870360161331
19,inference_categories,standard,5,0.81,-0.6924647457123911,0.18130152973843627,0.09065076486921814
19,inference_categories,projected,5,0.79,-0.6834716841808572,0.19973897344065014,0.09986948672032507
19,inference_categories,partial,5,0.77,-0.6841395920644645,0.11677047678068779,0.058385238390343895
19,inference_categories,standard,6,0.74,-0.6923765588738344,0.13520792048290164,0.06760396024145082
19,inference_categories,projected,6,0.76,-0.6824102161975256,0.13520792048290164,0.06760396024145082
19,inference_categories,partial,6,0.78,-0.6845226531381223,0.023046804627767325,-0.08847659768611632
19,inference_categories,standard,7,0.8,-0.692375697492104,0.23046804627767326,0.11523402313883663
19,inference_categories,projected,7,0.78,-0.6821288369104728,0.23046804627767326,0.11523402313883663
19,inference_categories,partial,7,0.78,-0.6843580941164106,-0.01997389734406501,-0.10998694867203249
19,inference_categories,standard,8,0.76,-0.692347541260538,0.15825472511066896,0.07912736255533448
19,inference_categories,projected,8,0.77,-0.6822797304441214,0.15825472511066896,0.07912736255533448
19,inference_categories,partial,8,0.74,-0.6840807900071084,0.0030729072837023096,0.0015364536418511548
19,inference_categories,standard,9,0.74,-0.6923759818033919,0.2012754270825013,0.10063771354125065
19,inference_categories,projected,9,0.81,-0.6830033903851822,0.2012754270825013,0.10063771354125065
19,inference_categories,partial,9,0.73,-0.6836993438416066,-0.11523402313883663,-0.1576170115694183
19,inference_categories,standard,10,0.77,-0.6926740219361375,0.09679657943662276,-0.0516017102816886
19,inference_categories,projected,10,0.78,-0.6875122463423271,0.06914041388330197,-0.06542979305834899
19,inference_categories,partial,10,0.71,-0.6893698573838981,-0.3533843376257656,-0.2766921688128828
19,inference_categories,standard,11,0.79,-0.6926621406558824,0.07221332116700427,-0.06389333941649784
19,inference_categories,projected,11,0.81,-0.6870696844760558,0.08757785758551584,-0.05621107120724206
19,inference_categories,partial,11,0.76,-0.6888521824598364,-0.3042178210865287,-0.3521089105432643
19,inference_categories,standard,12,0.79,-0.6927572591039883,0.09526012579477161,-0.1523699371026142
19,inference_categories,projected,12,0.73,-0.6883300661302728,0.08296849665996237,-0.15851575167001883
19,inference_categories,partial,12,0.75,-0.6899823502412055,-0.23968676812878015,-0.31984338406439006
19,inference_categories,standard,13,0.76,-0.6925431099326108,0.02765616555332079,-0.18617191722333962
19,inference_categories,projected,13,0.81,-0.6849008636088153,0.02765616555332079,-0.18617191722333962
19,inference_categories,partial,13,0.74,-0.6861898444996919,0.049166516539236954,0.024583258269618477
19,inference_categories,standard,14,0.77,-0.692376748261071,0.06760396024145082,-0.1661980198792746
19,inference_categories,projected,14,0.8,-0.6823230284958082,0.06760396024145082,-0.1661980198792746
19,inference_categories,partial,14,0.79,-0.6828572389474151,0.22278577806841743,0.11139288903420871
19,inference_categories,standard,15,0.74,-0.6923377739752731,0.05070297018108811,-0.17464851490945596
19,inference_categories,projected,15,0.77,-0.6817399736072629,0.052239423822939265,-0.17388028808853037
19,inference_categories,partial,15,0.8,-0.6821814074154257,0.2949990992354217,0.24749954961771084
19,inference_categories,standard,16,0.78,-0.6922909119712759,0.0614581456740462,-0.16927092716297693
19,inference_categories,projected,16,0.79,-0.6806705842072027,0.04455715561368349,-0.17772142219315826
19,inference_categories,partial,16,0.76,-0.6791667568247997,0.20895769529175706,0.2044788476458785
19,inference_categories,standard,17,0.79,-0.6921616604118248,0.09986948672032507,-0.05006525663983744
19,inference_categories,projected,17,0.82,-0.6780711425562607,0.07067686752515313,-0.16466156623742345
19,inference_categories,partial,17,0.75,-0.6764454475011962,0.2796345628169102,0.23981728140845507
19,inference_categories,standard,18,0.8,-0.6920717139785302,0.1628640860362224,-0.018567956981888775
19,inference_categories,projected,18,0.81,-0.6770209570042854,0.1628640860362224,-0.018567956981888775
19,inference_categories,partial,18,0.75,-0.6756978773809358,0.2949990992354217,0.24749954961771084
19,inference_categories,standard,19,0.8,-0.691882031645369,0.10755175492958084,-0.04622412253520956
19,inference_categories,projected,19,0.82,-0.6745770883822462,0.10755175492958084,-0.04622412253520956
19,inference_categories,partial,19,0.76,-0.6742436529583471,0.2734887482495056,0.23674437412475277
19,inference_categories,standard,20,0.8,-0.6920942286202877,0.18898379794769202,-0.005508101026153969
19,inference_categories,projected,20,0.82,-0.6781648311897969,0.1628640860362224,-0.018567956981888775
19,inference_categories,partial,20,0.76,-0.6789684661857724,0.29960846016097514,0.24980423008048755
20,choice_only,standard,1,0.64,-0.6930127577680993,0.310241315686116,0.255120657843058
20,choice_only,projected,1,0.66,-0.6914118757336583,0.310241315686116,0.255120657843058
20,choice_only,partial,1,0.66,-0.6914118757336583,0.310241315686116,0.255120657843058
20,choice_only,standard,2,0.51,-0.6931271991433081,-0.17771104490758102,-0.1888555224537905
20,choice_only,projected,2,0.42,-0.693289284101422,-0.17771104490758102,-0.1888555224537905
20,choice_only,partial,2,0.42,-0.693289284101422,-0.17771104490758102,-0.1888555224537905
20,choice_only,standard,3,0.38,-0.6931922792214096,-0.10090372888820277,-0.15045186444410136
20,choice_only,projected,3,0.34,-0.6945937634550752,-0.10090372888820277,-0.15045186444410136
20,choice_only,partial,3,0.34,-0.6945937634550752,-0.10090372888820277,-0.15045186444410136
20,choice_only,standard,4,0.44,-0.6931281308718621,-0.022590387064523012,-0.11129519353226149
20,choice_only,projected,4,0.37,-0.6938355198721466,-0.022590387064523012,-0.11129519353226149
20,choice_only,partial,4,0.37,-0.6938355198721466,-0.022590387064523012,-0.11129519353226149
20,choice_only,standard,5,0.63,-0.6927330219914767,0.2274098964495316,0.1137049482247658
20,choice_only,projected,5,0.68,-0.6876401024872457,0.22439784484092856,0.11219892242046428
20,choice_only,partial,5,0.68,-0.6876401024872457,0.22439784484092856,0.11219892242046428
20,choice_only,standard,6,0.61,-0.6928430353456311,0.1641568126688672,0.0820784063344336
20,choice_only,projected,6,0.64,-0.6891488826918223,0.18524117392908865,0.09262058696454432
20,choice_only,partial,6,0.64,-0.6891488826918223,0.18524117392908865,0.09262058696454432
20,choice_only,standard,7,0.68,-0.6926002977071734,0.2605424641441654,0.1302712320720827
20,choice_only,projected,7,0.7,-0.6854558781236587,0.2605424641441654,0.1302712320720827
20,choice_only,partial,7,0.7,-0.6854558781236587,0.2605424641441654,0.1302712320720827
20,choice_only,standard,8,0.66,-0.6926399892266839,0.1822291223204856,-0.008885438839757176
20,choice_only,projected,8,0.67,-0.6862329610393253,0.20030143197210404,0.00015071598605204128
20,choice_only,partial,8,0.67,-0.6862329610393253,0.20030143197210404,0.00015071598605204128
20,choice_only,standard,9,0.63,-0.6928543539662038,-0.11295193532261505,-0.1564759676613075
20,choice_only,projected,9,0.6,-0.6893104462251355,-0.11747001273551963,-0.15873500636775978
20,choice_only,partial,9,0.6,-0.6893104462251355,-0.11747001273551963,-0.15873500636775978
20,choice_only,standard,10,0.71,-0.6926360498000461,0.19879540616780247,0.09939770308390124
20,choice_only,projected,10,0.66,-0.6861867031258615,0.15662668364735952,0.07831334182367976
20,choice_only,partial,10,0.66,-0.6861867031258615,0.15662668364735952,0.07831334182367976
20,choice_only,standard,11,0.69,-0.6925225111533245,0.2605424641441654,0.1302712320720827
20,choice_only,projected,11,0.7,-0.6842779291801803,0.26957861896997454,0.13478930948498727
20,choice_only,partial,11,0.7,-0.6842779291801803,0.26957861896997454,0.13478930948498727
20,choice_only,standard,12,0.68,-0.6924782431773236,0.3072292640775129,0.15361463203875644
20,choice_only,projected,12,0.67,-0.6832938388728225,0.28614490281729144,0.14307245140864572
20,choice_only,partial,12,0.67,-0.6832938388728225,0.28614490281729144,0.14307245140864572
20,choice_only,standard,13,0.66,-0.6924352478879912,0.3057232382732114,0.25286161913660565
20,choice_only,projected,13,0.7,-0.6825685421563259,0.25451836092695923,0.12725918046347962
20,choice_only,partial,13,0.7,-0.6825685421563259,0.25451836092695923,0.12725918046347962
20,choice_only,standard,14,0.67,-0.6924257746636288,0.3192774705119252,0.2596387352559626
20,choice_only,projected,14,0.67,-0.6827445435986264,0.3117473414904175,0.15587367074520875
20,choice_only,partial,14,0.67,-0.6827445435986264,0.3117473414904175,0.15587367074520875
20,choice_only,standard,15,0.72,-0.6923151154919145,0.3569281156194635,0.2784640578097317
20,choice_only,projected,15,0.7,-0.6810485001954838,0.3253015737291313,0.26265078686456567
20,choice_only,partial,15,0.7,-0.6810485001954838,0.3253015737291313,0.26265078686456567
20,choice_only,standard,16,0.73,-0.6920872727943349,0.3283136253377344,0.26415681266886715
20,choice_only,projected,16,0.71,-0.6776583207059714,0.32680759953343286,0.2634037997667164
20,choice_only,partial,16,0.71,-0.6776583207059714,0.32680759953343286,0.2634037997667164
20,choice_only,standard,17,0.72,-0.6919158296363535,0.4111450445743188,0.30557252228715936
20,choice_only,projected,17,0.71,-0.6752627452894758,0.41716914779152486,0.30858457389576244
20,choice_only,partial,17,0.71,-0.6752627452894758,0.41716914779152486,0.30858457389576244
20,choice_only,standard,18,0.69,-0.6915242550566884,0.39759081233560495,0.2987954061678024
20,choice_only,projected,18,0.71,-0.6704612383900485,0.39759081233560495,0.2987954061678024
20,choice_only,partial,18,0.71,-0.6704612383900485,0.39759081233560495,0.2987954061678024
20,choice_only,standard,19,0.7,-0.6913994942176341,0.3373497801635436,0.2686748900817718
20,choice_only,projected,19,0.71,-0.669098675278981,0.33132567694633747,0.26566283847316874
20,choice_only,partial,19,0.71,-0.669098675278981,0.33132567694633747,0.26566283847316874
20,choice_only,standard,20,0.7,-0.6915027669411288,0.34186785757644816,0.2709339287882241
20,choice_only,projected,20,0.72,-0.6702144065490395,0.3358437543592421,0.267921877179621
20,choice_only,partial,20,0.72,-0.6702144065490395,0.3358437543592421,0.267921877179621
20,inference_affirm,standard,1,0.36,-0.6932817274255718,-0.310241315686116,-0.455120657843058
20,inference_affirm,projected,1,0.34,-0.6949001623326393,-0.310241315686116,-0.455120657843058
20,inference_affirm,partial,1,0.29,-0.6956593028390207,-0.42319325100873106,-0.5115966255043656
20,inference_affirm,standard,2,0.29,-0.6933962844509794,-0.48945838639799855,-0.5447291931989993
20,inference_affirm,projected,2,0.23,-0.6967962882131993,-0.48945838639799855,-0.5447291931989993
20,inference_affirm,partial,2,0.29,-0.6968278357208121,-0.4006028639442081,-0.40030143197210405
20,inference_affirm,standard,3,0.36,-0.6933312305981074,-0.6596393022840719,-0.629819651142036
20,inference_affirm,projected,3,0.28,-0.6954821820880868,-0.6596393022840719,-0.629819651142036
20,inference_affirm,partial,3,0.35,-0.6955309150879644,-0.43674748324744483,-0.41837374162372243
20,inference_affirm,standard,4,0.27,-0.6933954261483973,-0.6972899473916102,-0.6486449736958051
20,inference_affirm,projected,4,0.22,-0.6962426338027612,-0.6972899473916102,-0.6486449736958051
20,inference_affirm,partial,4,0.34,-0.6955432649005595,-0.3629522188366697,-0.48147610941833485
20,inference_affirm,standard,5,0.25,-0.6937918200596387,-0.5180728766797277,-0.5590364383398638
20,inference_affirm,projected,5,0.26,-0.7026140355065587,-0.5256030057012353,-0.5628015028506177
20,inference_affirm,partial,5,0.3,-0.7015486708621295,-0.2048195093850086,-0.3024097546925043
20,inference_affirm,standard,6,0.3,-0.693902183802861,-0.513554799266823,-0.5567773996334116
20,inference_affirm,projected,6,0.26,-0.7041770896485977,-0.513554799266823,-0.5567773996334116
20,inference_affirm,partial,6,0.28,-0.702616538013013,-0.26355451575276845,-0.2317772578763842
20,inference_affirm,standard,7,0.32,-0.693657604853146,-0.53012108311414,-0.56506054155707
20,inference_affirm,projected,7,0.28,-0.7001311995304483,-0.5361451863313461,-0.568072593165673
20,inference_affirm,partial,7,0.33,-0.6992990890585844,0.0843374450408859,-0.057831277479557026
20,inference_affirm,standard,8,0.34,-0.6936178312041377,-0.5030126186367123,-0.5515063093183561
20,inference_affirm,projected,8,0.32,-0.6993485848833274,-0.48795236059369695,-0.5439761802968485
20,inference_affirm,partial,8,0.36,-0.6986460793709258,0.09638565147529818,0.04819282573764909
20,inference_affirm,standard,9,0.37,-0.6934024270385902,-0.3373497801635436,-0.3686748900817718
20,inference_affirm,projected,9,0.4,-0.6961440246579287,-0.32228952212052825,-0.36114476106026416
20,inference_affirm,partial,9,0.45,-0.697003325876549,0.10843385790971044,0.05421692895485522
20,inference_affirm,standard,10,0.31,-0.6936214178762274,-0.4262053026173341,-0.4131026513086671
20,inference_affirm,projected,10,0.34,-0.6994452599432607,-0.4442776122689525,-0.4221388061344763
20,inference_affirm,partial,10,0.39,-0.7002694969062091,-0.01957833545591994,-0.10978916772795995
20,inference_affirm,standard,11,0.31,-0.6935072420353191,-0.3930727349227004,-0.4965363674613502
20,inference_affirm,projected,11,0.39,-0.6974157453443165,-0.378012476879685,-0.3890062384398425
20,inference_affirm,partial,11,0.44,-0.6981963223914844,0.1250001417570273,0.06250007087851366
20,inference_affirm,standard,12,0.32,-0.6934624278001449,-0.20030143197210404,-0.200150715986052
20,inference_affirm,projected,12,0.42,-0.6963087814669351,-0.19728938036350094,-0.19864469018175046
20,inference_affirm,partial,12,0.47,-0.697244838085148,0.2530123351226577,0.02650616756132887
20,inference_affirm,standard,13,0.31,-0.6934192268800484,-0.17319296749467641,-0.18659648374733817
20,inference_affirm,projected,13,0.44,-0.6955649893372517,-0.18373514812478714,-0.19186757406239355
20,inference_affirm,partial,13,0.5,-0.6964162687876716,0.3072292640775129,0.053614632038756466
20,inference_affirm,standard,14,0.28,-0.693409590816227,-0.17319296749467641,-0.18659648374733817
20,inference_affirm,projected,14,0.39,-0.6957133141115576,-0.14006039980004265,-0.1700301999000213
20,inference_affirm,partial,14,0.43,-0.6974455110308532,0.2981931092517037,0.14909655462585186
20,inference_affirm,standard,15,0.35,-0.6932984761064687,0.025602438673126074,0.012801219336563037
20,inference_affirm,projected,15,0.47,-0.6939215155428564,0.018072309651618407,0.009036154825809203
20,inference_affirm,partial,15,0.49,-0.6956174027341164,0.3870486317054942,0.2935243158527471
20,inference_affirm,standard,16,0.56,-0.6930692683154457,0.332831702750639,0.1664158513753195
20,inference_affirm,projected,16,0.8,-0.6902205588452012,0.3057232382732114,0.1528616191366057
20,inference_affirm,partial,16,0.52,-0.6945031768175569,0.4969885154195062,0.34849425770975306
20,inference_affirm,standard,17,0.61,-0.6928968519987362,0.5271090315055369,0.5635545157527685
20,inference_affirm,projected,17,0.8,-0.6875989984189552,0.5271090315055369,0.5635545157527685
20,inference_affirm,partial,17,0.59,-0.6918229037390908,0.5195789024840292,0.35978945124201456
20,inference_affirm,standard,18,0.68,-0.6925012659433449,0.5421692895485521,0.37108464477427605
20,inference_affirm,projected,18,0.77,-0.6819662537513693,0.5436753153528537,0.4718376576764268
20,inference_affirm,partial,18,0.67,-0.6880150917360939,0.5316271089184414,0.4658135544592207
20,inference_affirm,standard,19,0.67,-0.6926273863320082,0.5602415992001706,0.48012079960008525
20,inference_affirm,projected,19,0.77,-0.6835080731671251,0.5692777540259799,0.4846388770129899
20,inference_affirm,partial,19,0.59,-0.6903244514221535,0.5090367218539185,0.3545183609269592
20,inference_affirm,standard,20,0.65,-0.6925238338742333,0.5210849282883308,0.46054246414416533
20,inference_affirm,projected,20,0.74,-0.682335998970186,0.5210849282883308,0.46054246414416533
20,inference_affirm,partial,20,0.62,-0.688503093710527,0.4969885154195062,0.44849425770975304
20,inference_categories,standard,1,0.36,-0.6932817274255718,-0.310241315686116,-0.455120657843058
20,inference_categories,projected,1,0.34,-0.6949001623326393,-0.310241315686116,-0.455120657843058
20,inference_categories,partial,1,0.32,-0.6948197491784738,-0.4292173542259372,-0.5146086771129685
20,inference_categories,standard,2,0.49,-0.6931672650577996,0.17771104490758102,-0.011144477546209466
20,inference_categories,projected,2,0.58,-0.6930195837054803,0.17771104490758102,-0.011144477546209466
20,inference_categories,partial,2,0.6,-0.692700537855546,-0.05421692895485522,-0.12710846447742757
20,inference_categories,standard,3,0.35,-0.6932323240364817,0.17921707071188253,0.08960853535594127
20,inference_categories,projected,3,0.48,-0.6943216226132699,0.17921707071188253,0.08960853535594127
20,inference_categories,partial,3,0.45,-0.6937688025281435,-0.27259067057857767,-0.33629533528928884
20,inference_categories,standard,4,0.47,-0.693168181342596,0.2665665673613715,0.13328328368068576
20,inference_categories,projected,4,0.49,-0.693565484031982,0.2665665673613715,0.13328328368068576
20,inference_categories,partial,4,0.49,-0.693231582761602,-0.28614490281729144,-0.4430724514086457
20,inference_categories,standard,5,0.39,-0.6935639152228691,-0.045180774129046024,-0.122590387064523
20,inference_categories,projected,5,0.35,-0.6999035029287923,-0.05421692895485522,-0.12710846447742757
20,inference_categories,partial,5,0.27,-0.6973915572993863,-0.4548197928990632,-0.5274098964495316
20,inference_categories,standard,6,0.4,-0.6934536047800939,0.028614490281729146,-0.08569275485913541
20,inference_categories,projected,6,0.39,-0.6983359958213203,0.05722898056345829,-0.07138550971827083
20,inference_categories,partial,6,0.35,-0.6961999288928219,-0.3539160640108605,-0.37695803200543027
20,inference_categories,standard,7,0.47,-0.6932094350345452,0.24397618029684848,0.22198809014842422
20,inference_categories,projected,7,0.48,-0.6943752494024964,0.23192797386243622,0.2159639869312181
20,inference_categories,partial,7,0.53,-0.6922613451637613,-0.0798193676279813,-0.13990968381399063
20,inference_categories,standard,8,0.49,-0.6931697760057332,0.30271118666460833,0.15135559333230417
20,inference_categories,projected,8,0.5,-0.6936083594994037,0.30271118666460833,0.15135559333230417
20,inference_categories,partial,8,0.55,-0.6918609632406405,-0.036144619303236813,-0.11807230965161838
20,inference_categories,standard,9,0.63,-0.6929556467457809,0.40813299296571565,0.20406649648285782
20,inference_categories,projected,9,0.66,-0.6905367595298257,0.40813299296571565,0.20406649648285782
20,inference_categories,partial,9,0.61,-0.6896819802777927,0.01957833545591994,0.00978916772795997
20,inference_categories,standard,10,0.69,-0.6927367995494602,0.45933787031196777,0.22966893515598388
20,inference_categories,projected,10,0.72,-0.6872589779024253,0.45933787031196777,0.22966893515598388
20,inference_categories,partial,10,0.73,-0.6864204602516917,0.25150630931835616,0.12575315465917808
20,inference_categories,standard,11,0.74,-0.6926230104481729,0.513554799266823,0.3567773996334115
20,inference_categories,projected,11,0.79,-0.6853182953871543,0.49548248961520464,0.34774124480760227
20,inference_categories,partial,11,0.77,-0.6845284315442466,0.32680759953343286,0.16340379976671643
20,inference_categories,standard,12,0.71,-0.6926677066526945,0.4216872252044295,0.21084361260221476
20,inference_categories,projected,12,0.74,-0.6863849200774382,0.4216872252044295,0.21084361260221476
20,inference_categories,partial,12,0.77,-0.6862454820187415,0.23192797386243622,0.01596398693121813
20,inference_categories,standard,13,0.67,-0.6927108175303879,0.420181199400128,0.210090599700064
20,inference_categories,projected,13,0.75,-0.6871167207439146,0.4277113284216356,0.2138556642108178
20,inference_categories,partial,13,0.78,-0.6870380411207664,0.22439784484092856,0.012198922420464303
20,inference_categories,standard,14,0.7,-0.6927203309550362,0.35843414142376506,0.17921707071188253
20,inference_categories,projected,14,0.73,-0.6869681262528534,0.33885580596784515,0.16942790298392257
20,inference_categories,partial,14,0.75,-0.6868691498697206,0.12951821916993192,-0.03524089041503402
20,inference_categories,standard,15,0.69,-0.6926093915122089,0.4096390187700172,0.2048195093850086
20,inference_categories,projected,15,0.76,-0.6852192254724758,0.4126510703786203,0.20632553518931016
20,inference_categories,partial,15,0.78,-0.6855956882836008,0.24096412868824543,0.12048206434412272
20,inference_categories,standard,16,0.76,-0.6923804694004483,0.43072338003023874,0.3153616900151194
20,inference_categories,projected,16,0.79,-0.6816234351953357,0.43072338003023874,0.3153616900151194
20,inference_categories,partial,16,0.78,-0.6841472549523602,0.3373497801635436,0.1686748900817718
20,inference_categories,standard,17,0.75,-0.6922086239382556,0.46385594772487243,0.4319279738624362
20,inference_categories,projected,17,0.81,-0.67910333314274,0.4728921025506817,0.4364460512753408
20,inference_categories,partial,17,0.78,-0.6818192376195528,0.4216872252044295,0.4108436126022147
20,inference_categories,standard,18,0.74,-0.6918146236314356,0.49548248961520464,0.44774124480760225
20,inference_categories,projected,18,0.79,-0.6736880945290502,0.507530696049617,0.35376534802480847
20,inference_categories,partial,18,0.82,-0.6794288810052587,0.4216872252044295,0.4108436126022147
20,inference_categories,standard,19,0.74,-0.6916892130698054,0.5617476250044722,0.38087381250223606
20,inference_categories,projected,19,0.8,-0.672231290216204,0.5466873669614568,0.3733436834807284
20,inference_categories,partial,19,0.83,-0.6780460879860781,0.48192825737649087,0.5409641286882455
20,inference_categories,standard,20,0.74,-0.69158626255097,0.5737958314388845,0.4868979157194422
20,inference_categories,projected,20,0.79,-0.6711184724511341,0.5572295475915675,0.37861477379578373
20,inference_categories,partial,20,0.82,-0.6766872469021772,0.5316271089184414,0.5658135544592208
21,choice_only,standard,1,0.56,-0.6930933372533795,-0.24526208290998727,-0.5226310414549936
21,choice_only,projected,1,0.55,-0.6924653985527449,-0.24526208290998727,-0.5226310414549936
21,choice_only,partial,1,0.55,-0.6924653985527449,-0.24526208290998727,-0.5226310414549936
21,choice_only,standard,2,0.5,-0.6931593510260661,0.0388184591656095,-0.18059077041719526
21,choice_only,projected,2,0.56,-0.69308695420055,0.0388184591656095,-0.18059077041719526
21,choice_only,partial,2,0.56,-0.69308695420055,0.0388184591656095,-0.18059077041719526
21,choice_only,standard,3,0.57,-0.6930796077294912,0.0388184591656095,-0.18059077041719526
21,choice_only,projected,3,0.58,-0.6921672714361226,0.0388184591656095,-0.18059077041719526
21,choice_only,partial,3,0.58,-0.6921672714361226,0.0388184591656095,-0.18059077041719526
21,choice_only,standard,4,0.59,-0.6930388598627089,0.13586460707963324,-0.1320676964601834
21,choice_only,projected,4,0.62,-0.6917006566033805,0.13586460707963324,-0.1320676964601834
21,choice_only,partial,4,0.62,-0.6917006566033805,0.13586460707963324,-0.1320676964601834
21,choice_only,standard,5,0.52,-0.6930356895119263,0.06881454124812592,-0.26559272937593703
21,choice_only,projected,5,0.55,-0.6917670099206488,0.06881454124812592,-0.26559272937593703
21,choice_only,partial,5,0.55,-0.6917670099206488,0.06881454124812592,-0.26559272937593703
21,choice_only,standard,6,0.51,-0.6930197382181403,0.09175272166416788,-0.254123639167916
21,choice_only,projected,6,0.55,-0.6918033660020692,0.09175272166416788,-0.254123639167916
21,choice_only,partial,6,0.55,-0.6918033660020692,0.09175272166416788,-0.254123639167916
21,choice_only,standard,7,0.48,-0.6930643576147395,0.27525816499250366,-0.06237091750374818
21,choice_only,projected,7,0.57,-0.691973792187834,0.27525816499250366,-0.06237091750374818
21,choice_only,partial,7,0.57,-0.691973792187834,0.27525816499250366,-0.06237091750374818
21,choice_only,standard,8,0.52,-0.6930509221627265,0.21173704999423362,-0.0941314750028832
21,choice_only,projected,8,0.54,-0.6919638021035862,0.21173704999423362,-0.0941314750028832
21,choice_only,partial,8,0.54,-0.6919638021035862,0.21173704999423362,-0.0941314750028832
21,choice_only,standard,9,0.55,-0.6929739745270185,0.25231998457646176,-0.07384000771176913
21,choice_only,projected,9,0.55,-0.6912241827672508,0.25231998457646176,-0.07384000771176913
21,choice_only,partial,9,0.55,-0.6912241827672508,0.25231998457646176,-0.07384000771176913
21,choice_only,standard,10,0.54,-0.6929772828156375,0.18350544332833577,-0.10824727833583213
21,choice_only,projected,10,0.57,-0.6910908086675324,0.18350544332833577,-0.10824727833583213
21,choice_only,partial,10,0.57,-0.6910908086675324,0.18350544332833577,-0.10824727833583213
21,choice_only,standard,11,0.51,-0.6930078438193057,0.3211345258245876,0.060567262912293834
21,choice_only,projected,11,0.54,-0.6916936930870539,0.3211345258245876,0.060567262912293834
21,choice_only,partial,11,0.54,-0.6916936930870539,0.3211345258245876,0.060567262912293834
21,choice_only,standard,12,0.54,-0.692965660700189,0.4446478049878906,0.02232390249394528
21,choice_only,projected,12,0.58,-0.6913023534574749,0.4446478049878906,0.02232390249394528
21,choice_only,partial,12,0.58,-0.6913023534574749,0.4446478049878906,0.02232390249394528
21,choice_only,standard,13,0.63,-0.692914640158315,0.3617174604068158,0.08085873020340792
21,choice_only,projected,13,0.61,-0.6908902650021712,0.3617174604068158,0.08085873020340792
21,choice_only,partial,13,0.61,-0.6908902650021712,0.3617174604068158,0.08085873020340792
21,choice_only,standard,14,0.59,-0.6928935679960491,0.35818850957357856,0.0790942547867893
21,choice_only,projected,14,0.63,-0.6906102113768244,0.35818850957357856,0.0790942547867893
21,choice_only,partial,14,0.63,-0.6906102113768244,0.35818850957357856,0.0790942547867893
21,choice_only,standard,15,0.58,-0.6928872677564452,0.287609492908834,0.04380474645441701
21,choice_only,projected,15,0.61,-0.6902526251804528,0.287609492908834,0.04380474645441701
21,choice_only,partial,15,0.61,-0.6902526251804528,0.287609492908834,0.04380474645441701
21,choice_only,standard,16,0.57,-0.692843109271759,0.22761732874380114,-0.08619133562809944
21,choice_only,projected,16,0.59,-0.6896896383250545,0.22761732874380114,-0.08619133562809944
21,choice_only,partial,16,0.59,-0.6896896383250545,0.22761732874380114,-0.08619133562809944
21,choice_only,standard,17,0.55,-0.6929388298265526,0.3493661324904855,0.07468306624524276
21,choice_only,projected,17,0.61,-0.6904061312248163,0.3617174604068158,0.08085873020340792
21,choice_only,partial,17,0.61,-0.6904061312248163,0.3617174604068158,0.08085873020340792
21,choice_only,standard,18,0.49,-0.693045111035551,0.5769834612342866,0.1884917306171433
21,choice_only,projected,18,0.52,-0.6924198870623987,0.5734545104010494,0.18672725520052474
21,choice_only,partial,18,0.52,-0.6924198870623987,0.5734545104010494,0.18672725520052474
21,choice_only,standard,19,0.48,-0.6930502938230524,0.5222847233191096,0.06114236165955478
21,choice_only,projected,19,0.47,-0.6922687987467733,0.5222847233191096,0.06114236165955478
21,choice_only,partial,19,0.47,-0.6922687987467733,0.5222847233191096,0.06114236165955478
21,choice_only,standard,20,0.46,-0.6930688940094134,0.4375899033214161,-0.08120504833929193
21,choice_only,projected,20,0.46,-0.6924534530480361,0.4375899033214161,-0.08120504833929193
21,choice_only,partial,20,0.46,-0.6924534530480361,0.4375899033214161,-0.08120504833929193
21,inference_affirm,standard,1,0.56,-0.6930933372533795,-0.24526208290998727,-0.5226310414549936
21,inference_affirm,projected,1,0.55,-0.6924653985527449,-0.24526208290998727,-0.5226310414549936
21,inference_affirm,partial,1,0.58,-0.6925613812252571,-0.45170570665436505,-0.5258528533271825
21,inference_affirm,standard,2,0.59,-0.693027654401274,-0.20820809916099642,-0.40410404958049817
21,inference_affirm,projected,2,0.6,-0.6918668732994407,-0.20820809916099642,-0.40410404958049817
21,inference_affirm,partial,2,0.61,-0.6923884673507921,-0.45699913290422084,-0.6284995664521105
21,inference_affirm,standard,3,0.61,-0.6929483918226294,-0.14292250874610768,-0.37146125437305383
21,inference_affirm,projected,3,0.61,-0.690978517404082,-0.14292250874610768,-0.37146125437305383
21,inference_affirm,partial,3,0.64,-0.691651159908656,-0.3493661324904855,-0.4746830662452427
21,inference_affirm,standard,4,0.6,-0.692907564936676,-0.11469090208020988,-0.35734545104010496
21,inference_affirm,projected,4,0.6,-0.6905155303618838,-0.11469090208020988,-0.35734545104010496
21,inference_affirm,partial,4,0.62,-0.6911590733347416,-0.32466347665782486,-0.5623317383289125
21,inference_affirm,standard,5,0.61,-0.6929110976118055,-0.0794013937478376,-0.3397006968739188
21,inference_affirm,projected,5,0.61,-0.6904678833811085,-0.0794013937478376,-0.3397006968739188
21,inference_affirm,partial,5,0.63,-0.6911362059208882,-0.29466739457530844,-0.4473336972876542
21,inference_affirm,standard,6,0.6,-0.6928949314303171,-0.010586852499711683,-0.30529342624985584
21,inference_affirm,projected,6,0.62,-0.6904953116994903,-0.010586852499711683,-0.30529342624985584
21,inference_affirm,partial,6,0.63,-0.6910917641880334,-0.22408837791056394,-0.41204418895528194
21,inference_affirm,standard,7,0.65,-0.6929394465185499,0.11116195124697265,-0.24441902437651367
21,inference_affirm,projected,7,0.63,-0.6906513569019246,0.12351327916330294,-0.2382433604183485
21,inference_affirm,partial,7,0.65,-0.6907962647925484,-0.04058293458222811,-0.320291467291114
21,inference_affirm,standard,8,0.65,-0.6929260635255029,0.017644754166186136,-0.2911776229169069
21,inference_affirm,projected,8,0.63,-0.6906422735635249,0.017644754166186136,-0.2911776229169069
21,inference_affirm,partial,8,0.62,-0.6907181371082768,-0.008822377083093068,-0.30441118854154653
21,inference_affirm,standard,9,0.62,-0.6928494687505262,-0.017644754166186136,-0.4088223770830931
21,inference_affirm,projected,9,0.64,-0.6899381605280768,-0.017644754166186136,-0.4088223770830931
21,inference_affirm,partial,9,0.62,-0.6903711087919437,-0.03528950833237227,-0.21764475416618614
21,inference_affirm,standard,10,0.6,-0.6928529467461799,0.01588027874956752,-0.2920598606252162
21,inference_affirm,projected,10,0.58,-0.689818632372736,0.028231606665897815,-0.28588419666705106
21,inference_affirm,partial,10,0.62,-0.6902913685885518,-0.08293034458107483,-0.3414651722905374
21,inference_affirm,standard,11,0.57,-0.6928236232122319,-0.18350544332833577,-0.4917527216641679
21,inference_affirm,projected,11,0.56,-0.6893536322533526,-0.1411580333294891,-0.3705790166647445
21,inference_affirm,partial,11,0.57,-0.6898952382400668,-0.24349760749336866,-0.42174880374668433
21,inference_affirm,standard,12,0.57,-0.6927815800059229,-0.08116586916445621,-0.3405829345822281
21,inference_affirm,projected,12,0.56,-0.688990424849371,-0.07410796749798176,-0.33705398374899087
21,inference_affirm,partial,12,0.62,-0.6893646249129113,-0.18526991874495444,-0.3926349593724772
21,inference_affirm,standard,13,0.57,-0.6928322917053913,-0.026467131249279203,-0.3132335656246396
21,inference_affirm,projected,13,0.57,-0.6893561304604383,-0.04058293458222811,-0.320291467291114
21,inference_affirm,partial,13,0.59,-0.6898574664805414,-0.155273836662438,-0.377636918331219
21,inference_affirm,standard,14,0.59,-0.6928112311323273,-0.08469481999769346,-0.44234740999884675
21,inference_affirm,projected,14,0.59,-0.6890861594302256,-0.08469481999769346,-0.44234740999884675
21,inference_affirm,partial,14,0.61,-0.6896690247015204,-0.17997649249509856,-0.48998824624754933
21,inference_affirm,standard,15,0.58,-0.6928056179574423,-0.1464514595793449,-0.4732257297896725
21,inference_affirm,projected,15,0.56,-0.6887966749196869,-0.1464514595793449,-0.4732257297896725
21,inference_affirm,partial,15,0.62,-0.6894214787328171,-0.20997257457761498,-0.4049862872888075
21,inference_affirm,standard,16,0.59,-0.6928494054213955,-0.10939747583035403,-0.454698737915177
21,inference_affirm,projected,16,0.58,-0.6893352963180652,-0.10939747583035403,-0.454698737915177
21,inference_affirm,partial,16,0.61,-0.6899944215428299,-0.1958567712446661,-0.4979283856223331
21,inference_affirm,standard,17,0.59,-0.6927543416332316,-0.16938963999538692,-0.4846948199976935
21,inference_affirm,projected,17,0.56,-0.6886854631289561,-0.16938963999538692,-0.4846948199976935
21,inference_affirm,partial,17,0.57,-0.6892809897418155,-0.33348585374091794,-0.46674292687045893
21,inference_affirm,standard,18,0.57,-0.6926521845403242,-0.24173313207675004,-0.520866566038375
21,inference_affirm,projected,18,0.57,-0.6872709973289566,-0.23643970582689422,-0.5182198529134472
21,inference_affirm,partial,18,0.57,-0.6884109828553078,-0.33348585374091794,-0.46674292687045893
21,inference_affirm,standard,19,0.56,-0.6926573269578303,-0.2470265583266059,-0.5235132791633029
21,inference_affirm,projected,19,0.57,-0.6871891785434042,-0.20291467291114054,-0.5014573364555703
21,inference_affirm,partial,19,0.56,-0.6884075841214703,-0.29466739457530844,-0.4473336972876542
21,inference_affirm,standard,20,0.56,-0.6926761167598029,-0.21173704999423362,-0.5058685249971169
21,inference_affirm,projected,20,0.57,-0.6873908724426212,-0.20820809916099642,-0.5041040495804983
21,inference_affirm,partial,20,0.56,-0.688451569560329,-0.287609492908834,-0.443804746454417
21,inference_categories,standard,1,0.56,-0.6930933372533795,-0.24526208290998727,-0.5226310414549936
21,inference_categories,projected,1,0.55,-0.6924653985527449,-0.24526208290998727,-0.5226310414549936
21,inference_categories,partial,1,0.59,-0.69271849698044,-0.4940531166532118,-0.7470265583266059
21,inference_categories,standard,2,0.59,-0.693027654401274,-0.20820809916099642,-0.40410404958049817
21,inference_categories,projected,2,0.6,-0.6918668732994407,-0.20820809916099642,-0.40410404958049817
21,inference_categories,partial,2,0.61,-0.6926080189385269,-0.6016861170669472,-0.8008430585334736
21,inference_categories,standard,3,0.61,-0.6929483918226294,-0.14292250874610768,-0.37146125437305383
21,inference_categories,projected,3,0.61,-0.690978517404082,-0.14292250874610768,-0.37146125437305383
21,inference_categories,partial,3,0.61,-0.6919023776009346,-0.37406878832314605,-0.587034394161573
21,inference_categories,standard,4,0.6,-0.692907564936676,-0.11469090208020988,-0.35734545104010496
21,inference_categories,projected,4,0.6,-0.6905155303618838,-0.11469090208020988,-0.35734545104010496
21,inference_categories,partial,4,0.6,-0.6913275905482931,-0.45170570665436505,-0.6258528533271825
21,inference_categories,standard,5,0.61,-0.6929041399145913,-0.029996082082516425,-0.21499804104125822
21,inference_categories,projected,5,0.6,-0.690568435136194,-0.029996082082516425,-0.21499804104125822
21,inference_categories,partial,5,0.57,-0.6911917510914215,-0.4446478049878906,-0.6223239024939453
21,inference_categories,standard,6,0.58,-0.692888059537706,0.029996082082516425,-0.1850019589587418
21,inference_categories,projected,6,0.6,-0.690599635055632,0.029996082082516425,-0.1850019589587418
21,inference_categories,partial,6,0.58,-0.6911627608974082,-0.3317213783242993,-0.5658606891621497
21,inference_categories,standard,7,0.54,-0.6928436894687535,-0.16233173832891243,-0.3811658691644562
21,inference_categories,projected,7,0.54,-0.6904615633740971,-0.16233173832891243,-0.3811658691644562
21,inference_categories,partial,7,0.53,-0.6909560191060649,-0.34583718165724825,-0.5729185908286242
21,inference_categories,standard,8,0.58,-0.6928303964716176,-0.19409229582804746,-0.49704614791402374
21,inference_categories,projected,8,0.53,-0.6904633759981574,-0.19409229582804746,-0.49704614791402374
21,inference_categories,partial,8,0.51,-0.6907708967339058,-0.28055159124235957,-0.5402757956211798
21,inference_categories,standard,9,0.59,-0.6927539958907326,-0.13762908249625183,-0.3688145412481259
21,inference_categories,projected,9,0.54,-0.6897873740914936,-0.13762908249625183,-0.3688145412481259
21,inference_categories,partial,9,0.54,-0.6904183644588899,-0.2629068370761734,-0.4314534185380867
21,inference_categories,standard,10,0.58,-0.6927574953951704,-0.17468306624524274,-0.3873415331226214
21,inference_categories,projected,10,0.55,-0.6896818178819545,-0.17468306624524274,-0.3873415331226214
21,inference_categories,partial,10,0.52,-0.6902759706276362,-0.28937396832545265,-0.44468698416272634
21,inference_categories,standard,11,0.56,-0.6927281566656124,-0.17644754166186136,-0.3882237708309307
21,inference_categories,projected,11,0.52,-0.6892511167909325,-0.17644754166186136,-0.3882237708309307
21,inference_categories,partial,11,0.54,-0.6898557933469084,-0.34407270624062963,-0.4720363531203148
21,inference_categories,standard,12,0.56,-0.692686169778428,-0.17468306624524274,-0.3873415331226214
21,inference_categories,projected,12,0.52,-0.6888948184610204,-0.17468306624524274,-0.3873415331226214
21,inference_categories,partial,12,0.55,-0.6892698486707468,-0.3158410995747318,-0.45792054978736585
21,inference_categories,standard,13,0.57,-0.6926357953108149,-0.17291859082862412,-0.38645929541431207
21,inference_categories,projected,13,0.54,-0.6885757463898865,-0.17291859082862412,-0.38645929541431207
21,inference_categories,partial,13,0.55,-0.6890659395685327,-0.3281924274910621,-0.464096213745531
21,inference_categories,standard,14,0.6,-0.6926146955589174,-0.1588027874956752,-0.3794013937478376
21,inference_categories,projected,14,0.55,-0.6882929810404704,-0.1588027874956752,-0.3794013937478376
21,inference_categories,partial,14,0.55,-0.6887957273085239,-0.32466347665782486,-0.4623317383289124
21,inference_categories,standard,15,0.6,-0.692620301796059,-0.16938963999538692,-0.38469481999769345
21,inference_categories,projected,15,0.54,-0.688563479301628,-0.16938963999538692,-0.38469481999769345
21,inference_categories,partial,15,0.55,-0.6893273266227042,-0.3917135424893322,-0.4958567712446661
21,inference_categories,standard,16,0.6,-0.6926641691350582,-0.18350544332833577,-0.39175272166416786
21,inference_categories,projected,16,0.55,-0.6890839740753458,-0.18350544332833577,-0.39175272166416786
21,inference_categories,partial,16,0.56,-0.6899779767630058,-0.39524249332256944,-0.4976212466612847
21,inference_categories,standard,17,0.59,-0.6927597460856357,-0.13586460707963324,-0.3679323035398166
21,inference_categories,projected,17,0.57,-0.6897679616906358,-0.10410404958049821,-0.3520520247902491
21,inference_categories,partial,17,0.57,-0.6905183062277297,-0.3687753620732902,-0.4843876810366451
21,inference_categories,standard,18,0.67,-0.6928653985353891,0.21879495166070806,-0.09060252416964598
21,inference_categories,projected,18,0.6,-0.6917343178820033,0.21879495166070806,-0.09060252416964598
21,inference_categories,partial,18,0.57,-0.6912217035599934,-0.310547673324876,-0.555273836662438
21,inference_categories,standard,19,0.68,-0.6928603082347563,0.3034897716584015,-0.04825511417079925
21,inference_categories,projected,19,0.6,-0.6918897462966289,0.3017252962417829,-0.04913735187910856
21,inference_categories,partial,19,0.61,-0.691362008045474,-0.2505555091598431,-0.5252777545799215
21,inference_categories,standard,20,0.68,-0.6928788906694333,0.3264279520744435,0.06321397603722176
21,inference_categories,projected,20,0.57,-0.6920705546483557,0.3264279520744435,0.06321397603722176
21,inference_categories,partial,20,0.61,-0.6914306006437113,-0.2382041812435128,-0.5191020906217564
22,choice_only,standard,1,0.6,-0.6930712864169677,0.3059542141755298,-0.24702289291223511
22,choice_only,projected,1,0.63,-0.6921670273528114,0.3059542141755298,-0.24702289291223511
22,choice_only,partial,1,0.63,-0.6921670273528114,0.3059542141755298,-0.24702289291223511
22,choice_only,standard,2,0.37,-0.6932204097924536,-0.4271813556413058,-0.7135906778206529
22,choice_only,projected,2,0.16,-0.6945416500298346,-0.4271813556413058,-0.7135906778206529
22,choice_only,partial,2,0.16,-0.6945416500298346,-0.4271813556413058,-0.7135906778206529
22,choice_only,standard,3,0.6,-0.6930788424576179,0.12844304274350074,-0.33577847862824967
22,choice_only,projected,3,0.62,-0.6924904995592412,0.12844304274350074,-0.33577847862824967
22,choice_only,partial,3,0.62,-0.6924904995592412,0.12844304274350074,-0.33577847862824967
22,choice_only,standard,4,0.58,-0.6930917800876328,0.13132940325459064,-0.3343352983727047
22,choice_only,projected,4,0.6,-0.6922086034640228,0.13132940325459064,-0.3343352983727047
22,choice_only,partial,4,0.6,-0.6922086034640228,0.13132940325459064,-0.3343352983727047
22,choice_only,standard,5,0.32,-0.6932712726352718,-0.21503385807619785,-0.607516929038099
22,choice_only,projected,5,0.23,-0.6954875838759358,-0.21503385807619785,-0.607516929038099
22,choice_only,partial,5,0.23,-0.6954875838759358,-0.21503385807619785,-0.607516929038099
22,choice_only,standard,6,0.61,-0.6930614617417784,0.037522686644168746,-0.48123865667791565
22,choice_only,projected,6,0.6,-0.692012174822857,0.037522686644168746,-0.48123865667791565
22,choice_only,partial,6,0.6,-0.692012174822857,0.037522686644168746,-0.48123865667791565
22,choice_only,standard,7,0.56,-0.6931077295814273,0.015874982810994472,-0.3920625085945028
22,choice_only,projected,7,0.53,-0.6923515623588353,0.015874982810994472,-0.3920625085945028
22,choice_only,partial,7,0.53,-0.6923515623588353,0.015874982810994472,-0.3920625085945028
22,choice_only,standard,8,0.5,-0.6931547314469176,0.02742042485535409,-0.38628978757232296
22,choice_only,projected,8,0.49,-0.6928918473900229,0.02742042485535409,-0.38628978757232296
22,choice_only,partial,8,0.49,-0.6928918473900229,0.02742042485535409,-0.38628978757232296
22,choice_only,standard,9,0.56,-0.6930918037837371,0.05195448919961828,-0.37402275540019086
22,choice_only,projected,9,0.6,-0.6920081491229475,0.05195448919961828,-0.37402275540019086
22,choice_only,partial,9,0.6,-0.6920081491229475,0.05195448919961828,-0.37402275540019086
22,choice_only,standard,10,0.41,-0.6934229889028112,0.02742042485535409,-0.38628978757232296
22,choice_only,projected,10,0.38,-0.6958131048351335,0.02742042485535409,-0.38628978757232296
22,choice_only,partial,10,0.38,-0.6958131048351335,0.02742042485535409,-0.38628978757232296
22,choice_only,standard,11,0.47,-0.6931896487705537,0.05484084971070818,-0.37257957514464596
22,choice_only,projected,11,0.54,-0.6924069696229246,0.05484084971070818,-0.37257957514464596
22,choice_only,partial,11,0.54,-0.6924069696229246,0.05484084971070818,-0.37257957514464596
22,choice_only,standard,12,0.62,-0.6930033580760668,0.19194297398747864,-0.3040285130062607
22,choice_only,projected,12,0.72,-0.689499366021556,0.19194297398747864,-0.3040285130062607
22,choice_only,partial,12,0.72,-0.689499366021556,0.19194297398747864,-0.3040285130062607
22,choice_only,standard,13,0.56,-0.6930829738544223,0.07937491405497235,-0.36031254297251386
22,choice_only,projected,13,0.71,-0.6909277551140545,0.07937491405497235,-0.36031254297251386
22,choice_only,partial,13,0.71,-0.6909277551140545,0.07937491405497235,-0.36031254297251386
22,choice_only,standard,14,0.59,-0.693016510875718,0.10390897839923656,-0.34804551080038176
22,choice_only,projected,14,0.71,-0.6899480753128324,0.10390897839923656,-0.34804551080038176
22,choice_only,partial,14,0.71,-0.6899480753128324,0.10390897839923656,-0.34804551080038176
22,choice_only,standard,15,0.69,-0.692815304935462,0.29873831289780506,-0.15063084355109746
22,choice_only,projected,15,0.78,-0.6868982219937955,0.271317888042451,-0.26434105597877455
22,choice_only,partial,15,0.78,-0.6868982219937955,0.271317888042451,-0.26434105597877455
22,choice_only,standard,16,0.68,-0.692761847371259,0.271317888042451,-0.26434105597877455
22,choice_only,projected,16,0.77,-0.6858842331675596,0.271317888042451,-0.26434105597877455
22,choice_only,partial,16,0.77,-0.6858842331675596,0.271317888042451,-0.26434105597877455
22,choice_only,standard,17,0.69,-0.6927182711010996,0.1861702529652988,-0.30691487351735064
22,choice_only,projected,17,0.79,-0.6848763952801279,0.1861702529652988,-0.30691487351735064
22,choice_only,partial,17,0.79,-0.6848763952801279,0.1861702529652988,-0.30691487351735064
22,choice_only,standard,18,0.53,-0.6930135409581898,0.07648855354388245,-0.3617557232280588
22,choice_only,projected,18,0.72,-0.6891687258093842,0.07648855354388245,-0.3617557232280588
22,choice_only,partial,18,0.72,-0.6891687258093842,0.07648855354388245,-0.3617557232280588
22,choice_only,standard,19,0.64,-0.6927971940104887,0.21647703833174278,-0.2917614808341286
22,choice_only,projected,19,0.81,-0.6859548456966129,0.18905661347638872,-0.3054716932618057
22,choice_only,partial,19,0.81,-0.6859548456966129,0.18905661347638872,-0.3054716932618057
22,choice_only,standard,20,0.75,-0.6925284731109338,0.3261587377531592,-0.1369206311234204
22,choice_only,projected,20,0.81,-0.6817852278033604,0.3261587377531592,-0.1369206311234204
22,choice_only,partial,20,0.81,-0.6817852278033604,0.3261587377531592,-0.1369206311234204
22,inference_affirm,standard,1,0.6,-0.6930712864169677,0.3059542141755298,-0.24702289291223511
22,inference_affirm,projected,1,0.63,-0.6921670273528114,0.3059542141755298,-0.24702289291223511
22,inference_affirm,partial,1,0.67,-0.6915450626479159,0.36656778490841785,-0.2167161075457911
22,inference_affirm,standard,2,0.65,-0.6929224569726713,0.36656778490841785,-0.11671610754579106
22,inference_affirm,projected,2,0.71,-0.6898336676462984,0.36656778490841785,-0.11671610754579106
22,inference_affirm,partial,2,0.7,-0.6897251883578609,0.3968745702748618,-0.1015627148625691
22,inference_affirm,standard,3,0.68,-0.6927812012615985,0.4271813556413058,-0.08640932217934708
22,inference_affirm,projected,3,0.67,-0.687825394310575,0.4271813556413058,-0.08640932217934708
22,inference_affirm,partial,3,0.74,-0.6880282726751047,0.45748814100774976,-0.07125592949612511
22,inference_affirm,standard,4,0.66,-0.6927941051276116,0.4271813556413058,-0.08640932217934708
22,inference_affirm,projected,4,0.71,-0.6875424806013609,0.4271813556413058,-0.08640932217934708
22,inference_affirm,partial,4,0.7,-0.6881087275180723,0.5181017117406378,-0.04094914412968109
22,inference_affirm,standard,5,0.63,-0.6929735394794777,0.4271813556413058,-0.1864093221793471
22,inference_affirm,projected,5,0.63,-0.6908105766933023,0.4271813556413058,-0.1864093221793471
22,inference_affirm,partial,5,0.65,-0.6887504132663654,0.48779492637419375,-0.056102536812903114
22,inference_affirm,standard,6,0.68,-0.6927637424363562,0.45748814100774976,-0.07125592949612511
22,inference_affirm,projected,6,0.73,-0.6873811217541753,0.4300677161523957,-0.08496614192380214
22,inference_affirm,partial,6,0.71,-0.6861560652310241,0.5181017117406378,-0.04094914412968109
22,inference_affirm,standard,7,0.67,-0.6928099140005101,0.3809995874638673,-0.10950020626806634
22,inference_affirm,projected,7,0.7,-0.6877088251042616,0.3809995874638673,-0.10950020626806634
22,inference_affirm,partial,7,0.71,-0.6866251961338863,0.5181017117406378,-0.04094914412968109
22,inference_affirm,standard,8,0.64,-0.6927631975533405,0.32038601673097933,-0.13980699163451032
22,inference_affirm,projected,8,0.71,-0.6871867860369324,0.32038601673097933,-0.13980699163451032
22,inference_affirm,partial,8,0.7,-0.6863373854538913,0.48779492637419375,-0.056102536812903114
22,inference_affirm,standard,9,0.67,-0.6927003571100656,0.34203372056415365,-0.12898313971792316
22,inference_affirm,projected,9,0.7,-0.6863232759561257,0.34203372056415365,-0.12898313971792316
22,inference_affirm,partial,9,0.75,-0.6848785839787322,0.5181017117406378,-0.04094914412968109
22,inference_affirm,standard,10,0.68,-0.6923702420303739,0.3391473600530638,-0.1304263199734681
22,inference_affirm,projected,10,0.72,-0.6826963261481547,0.3391473600530638,-0.1304263199734681
22,inference_affirm,partial,10,0.73,-0.6810774233188102,0.4271813556413058,-0.08640932217934708
22,inference_affirm,standard,11,0.68,-0.6921385054947136,0.24822700395373176,-0.1758864980231341
22,inference_affirm,projected,11,0.73,-0.6795371828456763,0.24822700395373176,-0.1758864980231341
22,inference_affirm,partial,11,0.74,-0.6777223737326136,0.45748814100774976,-0.07125592949612511
22,inference_affirm,standard,12,0.69,-0.6919531287284173,0.3088405746866197,-0.14557971265669015
22,inference_affirm,projected,12,0.76,-0.6767845512706506,0.3088405746866197,-0.14557971265669015
22,inference_affirm,partial,12,0.78,-0.6742228237818516,0.5181017117406378,-0.04094914412968109
22,inference_affirm,standard,13,0.7,-0.6920325663131075,0.2756474288090858,-0.16217628559545708
22,inference_affirm,projected,13,0.75,-0.6781818273225473,0.2756474288090858,-0.16217628559545708
22,inference_affirm,partial,13,0.75,-0.6748137493852058,0.45748814100774976,-0.07125592949612511
22,inference_affirm,standard,14,0.69,-0.6920989483456305,0.3059542141755298,-0.14702289291223508
22,inference_affirm,projected,14,0.73,-0.679153821958386,0.3059542141755298,-0.14702289291223508
22,inference_affirm,partial,14,0.76,-0.6754692626213021,0.48779492637419375,-0.056102536812903114
22,inference_affirm,standard,15,0.72,-0.6918983691412308,0.3362609995419738,-0.1318695002290131
22,inference_affirm,projected,15,0.77,-0.6762122937111861,0.3362609995419738,-0.1318695002290131
22,inference_affirm,partial,15,0.77,-0.6740550371424174,0.5181017117406378,-0.04094914412968109
22,inference_affirm,standard,16,0.71,-0.691951970917346,0.3362609995419738,-0.1318695002290131
22,inference_affirm,projected,16,0.75,-0.6772281504031021,0.3362609995419738,-0.1318695002290131
22,inference_affirm,partial,16,0.76,-0.674908097319554,0.5181017117406378,-0.04094914412968109
22,inference_affirm,standard,17,0.71,-0.6919077769059602,0.3088405746866197,-0.14557971265669015
22,inference_affirm,projected,17,0.77,-0.6761860646106882,0.3088405746866197,-0.14557971265669015
22,inference_affirm,partial,17,0.76,-0.6741247191873547,0.48779492637419375,-0.056102536812903114
22,inference_affirm,standard,18,0.71,-0.6922026899812014,0.21792021858728775,-0.29103989070635616
22,inference_affirm,projected,18,0.77,-0.6804234565822156,0.21792021858728775,-0.29103989070635616
22,inference_affirm,partial,18,0.77,-0.6771202099809278,0.48779492637419375,-0.056102536812903114
22,inference_affirm,standard,19,0.67,-0.6924193234239516,0.09380671661042189,-0.35309664169478905
22,inference_affirm,projected,19,0.74,-0.6837388242745271,0.03319314587753389,-0.3834034270612331
22,inference_affirm,partial,19,0.75,-0.6795800071233535,0.48779492637419375,-0.056102536812903114
22,inference_affirm,standard,20,0.69,-0.6921522756607967,0.15442028734330984,-0.3227898563283451
22,inference_affirm,projected,20,0.77,-0.6797574380674672,0.15442028734330984,-0.3227898563283451
22,inference_affirm,partial,20,0.78,-0.6750141880036905,0.5181017117406378,-0.04094914412968109
22,inference_categories,standard,1,0.6,-0.6930712864169677,0.3059542141755298,-0.24702289291223511
22,inference_categories,projected,1,0.63,-0.6921670273528114,0.3059542141755298,-0.24702289291223511
22,inference_categories,partial,1,0.64,-0.6921543773936842,0.30606929945858263,-0.2469653502707087
22,inference_categories,standard,2,0.37,-0.6932204097924536,-0.4271813556413058,-0.7135906778206529
22,inference_categories,projected,2,0.16,-0.6945416500298346,-0.4271813556413058,-0.7135906778206529
22,inference_categories,partial,2,0.22,-0.6946624067355524,-0.5209880722517277,-0.7604940361258639
22,inference_categories,standard,3,0.32,-0.6933620540722206,-0.5209880722517277,-0.7604940361258639
22,inference_categories,projected,3,0.24,-0.6966025765647301,-0.5209880722517277,-0.7604940361258639
22,inference_categories,partial,3,0.23,-0.6959915569096552,-0.5209880722517277,-0.7604940361258639
22,inference_categories,standard,4,0.33,-0.693349149639901,-0.4387267976856654,-0.7193633988428327
22,inference_categories,projected,4,0.28,-0.6968935266944736,-0.4387267976856654,-0.7193633988428327
22,inference_categories,partial,4,0.25,-0.6959393854784172,-0.4661472225410195,-0.7330736112705097
22,inference_categories,standard,5,0.49,-0.6931695355352855,-0.16163618862103463,-0.48081809431051736
22,inference_categories,projected,5,0.47,-0.6935803437784063,-0.16163618862103463,-0.48081809431051736
22,inference_categories,partial,5,0.53,-0.6931773178638845,-0.13132940325459064,-0.5656647016272953
22,inference_categories,standard,6,0.68,-0.6929600243346842,0.044738587921893516,-0.37763070603905324
22,inference_categories,projected,6,0.68,-0.6901869225283666,0.044738587921893516,-0.37763070603905324
22,inference_categories,partial,6,0.7,-0.6906139501242434,0.04185222741080361,-0.3790738862945982
22,inference_categories,standard,7,0.66,-0.6930062898814878,0.11978396121023102,-0.3401080193948845
22,inference_categories,projected,7,0.72,-0.6905165592432972,0.11978396121023102,-0.3401080193948845
22,inference_categories,partial,7,0.66,-0.6908853577310035,0.23523838165382716,-0.28238080917308644
22,inference_categories,standard,8,0.65,-0.6929592606583052,-0.05917039047734304,-0.5295851952386715
22,inference_categories,projected,8,0.71,-0.6899743548989342,-0.05917039047734304,-0.5295851952386715
22,inference_categories,partial,8,0.71,-0.6905625998894763,0.11401124018805121,-0.4429943799059744
22,inference_categories,standard,9,0.57,-0.6930221516798578,-0.05339766945516323,-0.5266988347275816
22,inference_categories,projected,9,0.67,-0.6908503248603749,-0.08081809431051731,-0.5404090471552586
22,inference_categories,partial,9,0.6,-0.6918103503578054,0.08947717584378703,-0.4552614120781065
22,inference_categories,standard,10,0.74,-0.6926913205384447,0.050511308944073324,-0.3747443455279634
22,inference_categories,projected,10,0.73,-0.6871084548581241,0.050511308944073324,-0.3747443455279634
22,inference_categories,partial,10,0.73,-0.68776824066948,0.19338615424302358,-0.30330692287848826
22,inference_categories,standard,11,0.73,-0.6924594156043656,0.0721590127772476,-0.36392049361137624
22,inference_categories,projected,11,0.74,-0.6839024434351509,0.044738587921893516,-0.37763070603905324
22,inference_categories,partial,11,0.74,-0.6842834564753622,0.22080657909837767,-0.2895967104508112
22,inference_categories,standard,12,0.74,-0.6922739598616791,0.19338615424302358,-0.30330692287848826
22,inference_categories,projected,12,0.77,-0.68109384956378,0.19338615424302358,-0.30330692287848826
22,inference_categories,partial,12,0.74,-0.6810966584065197,0.3997609307859517,-0.10011953460702414
22,inference_categories,standard,13,0.74,-0.6921946242913074,0.19338615424302358,-0.2033069228784882
22,inference_categories,projected,13,0.78,-0.6797236419860327,0.19338615424302358,-0.2033069228784882
22,inference_categories,partial,13,0.74,-0.6805199624787829,0.3997609307859517,-0.10011953460702414
22,inference_categories,standard,14,0.74,-0.6921285883463199,0.22369293960946754,-0.1881535301952662
22,inference_categories,projected,14,0.77,-0.6787952923491919,0.22369293960946754,-0.1881535301952662
22,inference_categories,partial,14,0.74,-0.679872155176724,0.3449200810752435,-0.12753995946237823
22,inference_categories,standard,15,0.76,-0.6919280109277746,0.31461329570879953,-0.14269335214560022
22,inference_categories,projected,15,0.79,-0.6758793213885054,0.31461329570879953,-0.14269335214560022
22,inference_categories,partial,15,0.77,-0.6776086113568438,0.4084200123192214,-0.09578999384038928
22,inference_categories,standard,16,0.76,-0.6918746103849902,0.28430651034235555,-0.15784674482882222
22,inference_categories,projected,16,0.79,-0.6748967223050082,0.28430651034235555,-0.15784674482882222
22,inference_categories,partial,16,0.76,-0.6766207299297257,0.4055336518081315,-0.09723317409593424
22,inference_categories,standard,17,0.75,-0.6918310436445758,0.2568860854870015,-0.17155695725649925
22,inference_categories,projected,17,0.79,-0.6739228785930739,0.23235202114273726,-0.18382398942863137
22,inference_categories,partial,17,0.78,-0.6752891592144641,0.37811322695277744,-0.11094338652361127
22,inference_categories,standard,18,0.72,-0.6921264663955197,0.1991588752652034,-0.2004205623673983
22,inference_categories,projected,18,0.79,-0.6782487129859409,0.1991588752652034,-0.2004205623673983
22,inference_categories,partial,18,0.77,-0.6783454075021987,0.4084200123192214,-0.09578999384038928
22,inference_categories,standard,19,0.73,-0.692343094233,0.14143166504340532,-0.22928416747829733
22,inference_categories,projected,19,0.78,-0.6815866727343771,0.1111248796769613,-0.3444375601615194
22,inference_categories,partial,19,0.72,-0.6823127566527063,0.3449200810752435,-0.12753995946237823
22,inference_categories,standard,20,0.75,-0.6920753100860475,0.22369293960946754,-0.1881535301952662
22,inference_categories,projected,20,0.78,-0.6775643104308461,0.22369293960946754,-0.1881535301952662
22,inference_categories,partial,20,0.75,-0.6779899700845139,0.4300677161523957,-0.08496614192380214
23,choice_only,standard,1,0.72,-0.6929937089236744,0.07242614374780613,-0.26378692812609694
23,choice_only,projected,1,0.7,-0.6914663469787824,0.07242614374780613,-0.26378692812609694
23,choice_only,partial,1,0.7,-0.6914663469787824,0.07242614374780613,-0.26378692812609694
23,choice_only,standard,2,0.69,-0.6930002453809131,0.013168389772328388,-0.39341580511383584
23,choice_only,projected,2,0.67,-0.69126199110895,0.013168389772328388,-0.39341580511383584
23,choice_only,partial,2,0.67,-0.69126199110895,0.013168389772328388,-0.39341580511383584
23,choice_only,standard,3,0.73,-0.6928188135187118,0.08888663096321661,-0.35555668451839173
23,choice_only,projected,3,0.74,-0.6894566583999169,0.08888663096321661,-0.35555668451839173
23,choice_only,partial,3,0.74,-0.6894566583999169,0.08888663096321661,-0.35555668451839173
23,choice_only,standard,4,0.66,-0.6929074727782708,0.024690730823115726,-0.3876546345884422
23,choice_only,projected,4,0.68,-0.6897511456904093,0.024690730823115726,-0.3876546345884422
23,choice_only,partial,4,0.68,-0.6897511456904093,0.024690730823115726,-0.3876546345884422
23,choice_only,standard,5,0.72,-0.6928845923818535,0.03292097443082097,-0.38353951278458953
23,choice_only,projected,5,0.74,-0.6893877192080327,0.03292097443082097,-0.38353951278458953
23,choice_only,partial,5,0.74,-0.6893877192080327,0.03292097443082097,-0.38353951278458953
23,choice_only,standard,6,0.7,-0.6925031150678342,0.19423374914184371,-0.20288312542907813
23,choice_only,projected,6,0.69,-0.6846488567980864,0.19423374914184371,-0.20288312542907813
23,choice_only,partial,6,0.69,-0.6846488567980864,0.19423374914184371,-0.20288312542907813
23,choice_only,standard,7,0.69,-0.6925378822778376,0.27324408777581405,-0.16337795611209296
23,choice_only,projected,7,0.73,-0.6848751933696131,0.27324408777581405,-0.16337795611209296
23,choice_only,partial,7,0.73,-0.6848751933696131,0.27324408777581405,-0.16337795611209296
23,choice_only,standard,8,0.7,-0.6922729244556232,0.21563238252187733,-0.09218380873906135
23,choice_only,projected,8,0.71,-0.6812333604411791,0.20575609019263105,-0.09712195490368448
23,choice_only,partial,8,0.71,-0.6812333604411791,0.20575609019263105,-0.09712195490368448
23,choice_only,standard,9,0.7,-0.6921694250957293,0.20246399274954896,-0.1987680036252255
23,choice_only,projected,9,0.7,-0.6802580370363768,0.18600350553413847,-0.20699824723293075
23,choice_only,partial,9,0.7,-0.6802580370363768,0.18600350553413847,-0.20699824723293075
23,choice_only,standard,10,0.7,-0.6919676706206076,0.16954301831872798,-0.215228490840636
23,choice_only,projected,10,0.69,-0.67779277277001,0.17941931064797426,-0.21029034467601287
23,choice_only,partial,10,0.69,-0.67779277277001,0.17941931064797426,-0.21029034467601287
23,choice_only,standard,11,0.71,-0.6918545551173503,0.17612721320489214,-0.21193639339755393
23,choice_only,projected,11,0.7,-0.6768619130589545,0.17941931064797426,-0.21029034467601287
23,choice_only,partial,11,0.7,-0.6768619130589545,0.17941931064797426,-0.21029034467601287
23,choice_only,standard,12,0.69,-0.6917254089155626,0.1909416516987616,-0.2045291741506192
23,choice_only,projected,12,0.7,-0.6752887326111524,0.1909416516987616,-0.2045291741506192
23,choice_only,partial,12,0.7,-0.6752887326111524,0.1909416516987616,-0.2045291741506192
23,choice_only,standard,13,0.73,-0.6915693398719976,0.23373891845882885,-0.08313054077058558
23,choice_only,projected,13,0.71,-0.6737516908803584,0.2584296492819446,-0.0707851753590277
23,choice_only,partial,13,0.71,-0.6737516908803584,0.2584296492819446,-0.0707851753590277
23,choice_only,standard,14,0.72,-0.6915425783084419,0.1909416516987616,-0.2045291741506192
23,choice_only,projected,14,0.71,-0.6736003648512778,0.21727843124341836,-0.1913607843782908
23,choice_only,partial,14,0.71,-0.6736003648512778,0.21727843124341836,-0.1913607843782908
23,choice_only,standard,15,0.74,-0.6914882435313824,0.25349150311732144,-0.17325424844133927
23,choice_only,projected,15,0.72,-0.672807958234404,0.25184545439578043,-0.17407727280210977
23,choice_only,partial,15,0.72,-0.672807958234404,0.25184545439578043,-0.17407727280210977
23,choice_only,standard,16,0.75,-0.6915476320076864,0.2995808673204708,-0.050209566339764616
23,choice_only,projected,16,0.72,-0.6738136048216603,0.30122691604201185,-0.049386541978994086
23,choice_only,partial,16,0.72,-0.6738136048216603,0.30122691604201185,-0.049386541978994086
23,choice_only,standard,17,0.75,-0.6915085068908201,0.35225442640978427,-0.023872786795107875
23,choice_only,projected,17,0.73,-0.6735903020751662,0.3571925725744075,-0.021403713712796257
23,choice_only,partial,17,0.73,-0.6735903020751662,0.3571925725744075,-0.021403713712796257
23,choice_only,standard,18,0.74,-0.6917453523076034,0.4197424239929673,0.10987121199648367
23,choice_only,projected,18,0.75,-0.6761207429156455,0.43949500865145996,0.11974750432573
23,choice_only,partial,18,0.75,-0.6761207429156455,0.43949500865145996,0.11974750432573
23,choice_only,standard,19,0.76,-0.6916193285509675,0.40163588805601574,0.0008179440280078609
23,choice_only,projected,19,0.74,-0.6748557954904083,0.4296187163222136,0.11480935816110682
23,choice_only,partial,19,0.74,-0.6748557954904083,0.4296187163222136,0.11480935816110682
23,choice_only,standard,20,0.74,-0.6915067540174991,0.44114105737300097,0.1205705286865005
23,choice_only,projected,20,0.74,-0.6737115723926648,0.44772525225916515,0.1238626261295826
23,choice_only,partial,20,0.74,-0.6737115723926648,0.44772525225916515,0.1238626261295826
23,inference_affirm,standard,1,0.72,-0.6929937089236744,0.07242614374780613,-0.26378692812609694
23,inference_affirm,projected,1,0.7,-0.6914663469787824,0.07242614374780613,-0.26378692812609694
23,inference_affirm,partial,1,0.72,-0.6909752129008103,0.4032819367775568,-0.09835903161122159
23,inference_affirm,standard,2,0.75,-0.692987182203205,0.07078009502626507,-0.16460995248686747
23,inference_affirm,projected,2,0.75,-0.6916725413865166,0.07078009502626507,-0.16460995248686747
23,inference_affirm,partial,2,0.71,-0.6908995785703631,0.48723042157615026,0.04361521078807512
23,inference_affirm,standard,3,0.71,-0.6928057853472086,0.2781822339404371,0.03909111697021858
23,inference_affirm,projected,3,0.72,-0.6898677370926886,0.2781822339404371,0.03909111697021858
23,inference_affirm,partial,3,0.73,-0.6892064174432748,0.513567201120807,0.15678360056040352
23,inference_affirm,standard,4,0.7,-0.6927173564193357,0.31274925709279916,0.15637462854639958
23,inference_affirm,projected,4,0.73,-0.6895859522304629,0.31274925709279916,0.15637462854639958
23,inference_affirm,partial,4,0.77,-0.6889151125846423,0.5415500293870048,0.3707750146935024
23,inference_affirm,standard,5,0.7,-0.6926945618122542,0.28476642882660136,0.14238321441330068
23,inference_affirm,projected,5,0.72,-0.6892331728975662,0.28476642882660136,0.14238321441330068
23,inference_affirm,partial,5,0.73,-0.6886778477703195,0.41645032654988523,0.20822516327494262
23,inference_affirm,standard,6,0.67,-0.6923138392455143,0.4296187163222136,0.2148093581611068
23,inference_affirm,projected,6,0.72,-0.6844635292531754,0.4296187163222136,0.2148093581611068
23,inference_affirm,partial,6,0.73,-0.6832223293342261,0.475708080525363,0.2378540402626815
23,inference_affirm,standard,7,0.72,-0.6923486074232633,0.4362029112083778,0.11810145560418892
23,inference_affirm,projected,7,0.73,-0.6847087022843504,0.4115121803852621,0.10575609019263107
23,inference_affirm,partial,7,0.74,-0.6838024767387842,0.3357939391943739,0.06789696959718697
23,inference_affirm,standard,8,0.67,-0.6926156090612011,0.4279726676006726,0.2139863338003363
23,inference_affirm,projected,8,0.68,-0.6888185999716279,0.4279726676006726,0.2139863338003363
23,inference_affirm,partial,8,0.68,-0.6875553160290286,0.2666598928896498,0.033329946444824926
23,inference_affirm,standard,9,0.68,-0.6925116353257142,0.4510173497022472,0.2255086748511236
23,inference_affirm,projected,9,0.76,-0.6877449049302244,0.44443315481608303,0.22221657740804152
23,inference_affirm,partial,9,0.7,-0.6865862448693691,0.2781822339404371,0.03909111697021858
23,inference_affirm,standard,10,0.67,-0.6923087988218399,0.5036909087915609,0.15184545439578045
23,inference_affirm,projected,10,0.72,-0.6850010047258293,0.48064622668998613,0.24032311334499307
23,inference_affirm,partial,10,0.71,-0.6835548800689896,0.2666598928896498,0.033329946444824926
23,inference_affirm,standard,11,0.74,-0.692422804303866,0.5497802729947101,0.17489013649735508
23,inference_affirm,projected,11,0.74,-0.6859982743614839,0.576117052539367,0.2880585262696835
23,inference_affirm,partial,11,0.72,-0.683868855028204,0.29464272115584766,-0.05267863942207618
23,inference_affirm,standard,12,0.72,-0.6922927303715426,0.543196078108546,0.171598039054273
23,inference_affirm,projected,12,0.73,-0.6842813853221802,0.5382579319439228,0.16912896597196142
23,inference_affirm,partial,12,0.74,-0.6823800449056631,0.35390047513132544,0.07695023756566274
23,inference_affirm,standard,13,0.73,-0.6921365208375773,0.4839383241330682,0.14196916206653412
23,inference_affirm,projected,13,0.73,-0.6827316867504111,0.4362029112083778,0.11810145560418892
23,inference_affirm,partial,13,0.74,-0.6810506933033273,0.27489013649735505,-0.06255493175132248
23,inference_affirm,standard,14,0.72,-0.6921095742757772,0.46912388563919877,0.1345619428195994
23,inference_affirm,projected,14,0.74,-0.6825438612875567,0.46912388563919877,0.1345619428195994
23,inference_affirm,partial,14,0.76,-0.6802555540188326,0.39340564444831055,0.0967028222241553
23,inference_affirm,standard,15,0.74,-0.692055355298988,0.4790001779684451,0.13950008898422256
23,inference_affirm,projected,15,0.74,-0.6817846040936127,0.47076993436073983,0.13538496718036994
23,inference_affirm,partial,15,0.75,-0.6793090829793242,0.4197424239929673,0.10987121199648367
23,inference_affirm,standard,16,0.73,-0.692115138995528,0.4526633984237883,0.22633169921189414
23,inference_affirm,projected,16,0.78,-0.6828679645227463,0.4510173497022472,0.2255086748511236
23,inference_affirm,partial,16,0.74,-0.6806828159423026,0.3818833033975232,0.1909416516987616
23,inference_affirm,standard,17,0.73,-0.6921542827681249,0.4625396907530346,0.2312698453765173
23,inference_affirm,projected,17,0.76,-0.6830937488002915,0.4625396907530346,0.2312698453765173
23,inference_affirm,partial,17,0.73,-0.6805325814609001,0.37200701106827694,0.18600350553413847
23,inference_affirm,standard,18,0.71,-0.6919191535999812,0.510275103677725,0.15513755183886252
23,inference_affirm,projected,18,0.75,-0.6806843539962338,0.5086290549561839,0.154314527478092
23,inference_affirm,partial,18,0.74,-0.6782793800517016,0.43949500865145996,0.11974750432573
23,inference_affirm,standard,19,0.74,-0.6920463034103218,0.49875276262693763,0.24937638131346881
23,inference_affirm,projected,19,0.76,-0.6820924514223284,0.47241598308228083,0.23620799154114042
23,inference_affirm,partial,19,0.74,-0.6800921805617222,0.42632661887913154,0.11316330943956579
23,inference_affirm,standard,20,0.73,-0.6919335667931342,0.5415500293870048,0.2707750146935024
23,inference_affirm,projected,20,0.75,-0.6809157627669051,0.5300276883362175,0.26501384416810875
23,inference_affirm,partial,20,0.75,-0.6791031825345882,0.4246805701575905,0.11234028507879526
23,inference_categories,standard,1,0.72,-0.6929937089236744,0.07242614374780613,-0.26378692812609694
23,inference_categories,projected,1,0.7,-0.6914663469787824,0.07242614374780613,-0.26378692812609694
23,inference_categories,partial,1,0.74,-0.6907785937292771,0.46912388563919877,0.1345619428195994
23,inference_categories,standard,2,0.75,-0.692987182203205,0.07078009502626507,-0.16460995248686747
23,inference_categories,projected,2,0.75,-0.6916725413865166,0.07078009502626507,-0.16460995248686747
23,inference_categories,partial,2,0.76,-0.6907087421176945,0.5991617346409416,0.1995808673204708
23,inference_categories,standard,3,0.71,-0.6928057853472086,0.2781822339404371,0.03909111697021858
23,inference_categories,projected,3,0.72,-0.6898677370926886,0.2781822339404371,0.03909111697021858
23,inference_categories,partial,3,0.76,-0.6889721262481814,0.4822922754115272,0.2411461377057636
23,inference_categories,standard,4,0.7,-0.6927173564193357,0.31274925709279916,0.15637462854639958
23,inference_categories,projected,4,0.73,-0.6895859522304629,0.31274925709279916,0.15637462854639958
23,inference_categories,partial,4,0.72,-0.6889215499574836,0.39340564444831055,0.0967028222241553
23,inference_categories,standard,5,0.7,-0.6926945618122542,0.28476642882660136,0.14238321441330068
23,inference_categories,projected,5,0.72,-0.6892331728975662,0.28476642882660136,0.14238321441330068
23,inference_categories,partial,5,0.69,-0.6886988822268105,0.38517540084060536,0.0925877004203027
23,inference_categories,standard,6,0.54,-0.6930780603344414,0.09217872840629872,-0.25391063579685064
23,inference_categories,projected,6,0.51,-0.6943275381227108,0.09217872840629872,-0.25391063579685064
23,inference_categories,partial,6,0.54,-0.693296680153977,0.23538496718036991,-0.08230751640981505
23,inference_categories,standard,7,0.55,-0.6931132331418598,0.13003784900174284,-0.23498107549912856
23,inference_categories,projected,7,0.51,-0.6946449646161851,0.13003784900174284,-0.23498107549912856
23,inference_categories,partial,7,0.48,-0.6938645094756013,0.1975258465849258,-0.0012370767075370742
23,inference_categories,standard,8,0.61,-0.6928457336730071,0.18929560297722056,0.09464780148861028
23,inference_categories,projected,8,0.63,-0.6903689112895732,0.18929560297722056,0.09464780148861028
23,inference_categories,partial,8,0.61,-0.6901601430990041,0.2485533569526983,-0.07572332152365086
23,inference_categories,standard,9,0.67,-0.692741582941735,0.2304468210157468,0.015223410507873417
23,inference_categories,projected,9,0.72,-0.6892738495728894,0.2304468210157468,0.015223410507873417
23,inference_categories,partial,9,0.65,-0.6889446010411975,0.26336779544656774,0.031683897723283894
23,inference_categories,standard,10,0.72,-0.6925381127217192,0.29464272115584766,0.047321360577923854
23,inference_categories,projected,10,0.79,-0.686441182894938,0.30781111092817603,0.05390555546408804
23,inference_categories,partial,10,0.75,-0.6867064193840526,0.2288007722942057,0.014400386147102873
23,inference_categories,standard,11,0.72,-0.6926522643851872,0.3950516931698516,0.09752584658492583
23,inference_categories,projected,11,0.83,-0.6874443211809235,0.3571925725744075,0.07859628628720378
23,inference_categories,partial,11,0.74,-0.6877472184171763,0.23867706462345198,0.01933853231172601
23,inference_categories,standard,12,0.75,-0.6925216410489483,0.38517540084060536,0.0925877004203027
23,inference_categories,projected,12,0.8,-0.6856828552860709,0.38517540084060536,0.0925877004203027
23,inference_categories,partial,12,0.76,-0.6862236742217975,0.26830594161119087,0.034152970805595456
23,inference_categories,standard,13,0.74,-0.6926787722395725,0.45595549586687034,0.1279777479334352
23,inference_categories,projected,13,0.79,-0.6873137678628193,0.43949500865145996,0.11974750432573
23,inference_categories,partial,13,0.76,-0.6875295186123301,0.25184545439578043,0.02592272719789024
23,inference_categories,standard,14,0.73,-0.6926518475123867,0.3966977418913927,0.09834887094569636
23,inference_categories,projected,14,0.77,-0.6871297180603625,0.3983437906129337,0.09917189530646686
23,inference_categories,partial,14,0.74,-0.6870723885610666,0.21892447996495942,0.009462239982479734
23,inference_categories,standard,15,0.72,-0.6925975104900368,0.4032819367775568,0.10164096838877842
23,inference_categories,projected,15,0.78,-0.6863553224964589,0.43126476504375466,0.11563238252187735
23,inference_categories,partial,15,0.77,-0.686357576146286,0.2781822339404371,0.03909111697021858
23,inference_categories,standard,16,0.76,-0.6926574929996988,0.4576015445884114,0.12880077229420572
23,inference_categories,projected,16,0.84,-0.6874645906858009,0.4576015445884114,0.12880077229420572
23,inference_categories,partial,16,0.74,-0.6879640142696752,0.23867706462345198,0.01933853231172601
23,inference_categories,standard,17,0.76,-0.6926183244330479,0.48558437285460926,0.14279218642730465
23,inference_categories,projected,17,0.85,-0.687235695357774,0.4740620318038219,0.13703101590191097
23,inference_categories,partial,17,0.74,-0.687914684928888,0.2584296492819446,0.1292148246409723
23,inference_categories,standard,18,0.66,-0.6928552739171531,0.340732085358997,0.1703660426794985
23,inference_categories,projected,18,0.65,-0.6898478554065806,0.340732085358997,0.1703660426794985
23,inference_categories,partial,18,0.6,-0.6905718507067242,0.17777326192643322,-0.011113369036783366
23,inference_categories,standard,19,0.74,-0.6927275265640463,0.4345568624868367,0.11727843124341839
23,inference_categories,projected,19,0.79,-0.6883819153516688,0.4246805701575905,0.11234028507879526
23,inference_categories,partial,19,0.64,-0.6893969110238168,0.20246399274954896,0.0012319963747745022
23,inference_categories,standard,20,0.75,-0.6926143746835542,0.4576015445884114,0.12880077229420572
23,inference_categories,projected,20,0.84,-0.6871718219364985,0.45595549586687034,0.1279777479334352
23,inference_categories,partial,20,0.71,-0.6882784014229183,0.25184545439578043,0.12592272719789022
24,choice_only,standard,1,0.52,-0.6931437058631927,0.2858663108260764,0.1429331554130382
24,choice_only,projected,1,0.47,-0.6931940648850593,0.2858663108260764,0.1429331554130382
24,choice_only,partial,1,0.47,-0.6931940648850593,0.2858663108260764,0.1429331554130382
24,choice_only,standard,2,0.6,-0.6930744941309199,-0.1312809960043666,-0.16564049800218328
24,choice_only,projected,2,0.6,-0.6925638748900017,-0.12273607910467411,-0.16136803955233703
24,choice_only,partial,2,0.6,-0.6925638748900017,-0.12273607910467411,-0.16136803955233703
24,choice_only,standard,3,0.58,-0.6931062011776805,-0.13827229164956956,-0.2691361458247848
24,choice_only,projected,3,0.51,-0.6931753961145019,-0.13827229164956956,-0.2691361458247848
24,choice_only,partial,3,0.51,-0.6931753961145019,-0.13827229164956956,-0.2691361458247848
24,choice_only,standard,4,0.58,-0.693114195376761,-0.05515355453437887,-0.1275767772671894
24,choice_only,projected,4,0.52,-0.6930645426618055,-0.05515355453437887,-0.1275767772671894
24,choice_only,partial,4,0.52,-0.6930645426618055,-0.05515355453437887,-0.1275767772671894
24,choice_only,standard,5,0.62,-0.6930594771169774,0.10875348781426819,-0.04562325609286588
24,choice_only,projected,5,0.6,-0.6925779630837254,0.10875348781426819,-0.04562325609286588
24,choice_only,partial,5,0.6,-0.6925779630837254,0.10875348781426819,-0.04562325609286588
24,choice_only,standard,6,0.64,-0.692973844714301,0.21983740751027067,0.009918703755135358
24,choice_only,projected,6,0.67,-0.6916672568666838,0.21517654374680206,0.0075882718734010535
24,choice_only,partial,6,0.67,-0.6916672568666838,0.21517654374680206,0.0075882718734010535
24,choice_only,standard,7,0.65,-0.6929548919411327,0.05670717578886842,0.02835358789443421
24,choice_only,projected,7,0.63,-0.6914592432633634,0.08156511586070114,0.04078255793035057
24,choice_only,partial,7,0.63,-0.6914592432633634,0.08156511586070114,0.04078255793035057
24,choice_only,standard,8,0.63,-0.692971815656249,0.20274757371088573,0.001373786855442885
24,choice_only,projected,8,0.61,-0.6920931964988846,0.20274757371088573,0.001373786855442885
24,choice_only,partial,8,0.61,-0.6920931964988846,0.20274757371088573,0.001373786855442885
24,choice_only,standard,9,0.67,-0.6929649153196916,0.2765445832991391,0.13827229164956956
24,choice_only,projected,9,0.61,-0.6920216033012846,0.2765445832991391,0.13827229164956956
24,choice_only,partial,9,0.61,-0.6920216033012846,0.2765445832991391,0.13827229164956956
24,choice_only,standard,10,0.6,-0.6928872453648921,0.42724584498462503,0.21362292249231252
24,choice_only,projected,10,0.68,-0.6911663561594148,0.42724584498462503,0.21362292249231252
24,choice_only,partial,10,0.68,-0.6911663561594148,0.42724584498462503,0.21362292249231252
24,choice_only,standard,11,0.64,-0.6928243183145695,0.5119182033543053,0.25595910167715263
24,choice_only,projected,11,0.64,-0.6903215277860241,0.5119182033543053,0.25595910167715263
24,choice_only,partial,11,0.64,-0.6903215277860241,0.5119182033543053,0.25595910167715263
24,choice_only,standard,12,0.63,-0.6927754552872636,0.38374444985891776,0.0918722249294589
24,choice_only,projected,12,0.61,-0.6901414391947823,0.38374444985891776,0.0918722249294589
24,choice_only,partial,12,0.61,-0.6901414391947823,0.38374444985891776,0.0918722249294589
24,choice_only,standard,13,0.66,-0.6927849250487754,0.3472343503784134,0.1736171751892067
24,choice_only,projected,13,0.61,-0.6902065131136288,0.3472343503784134,0.1736171751892067
24,choice_only,partial,13,0.61,-0.6902065131136288,0.3472343503784134,0.1736171751892067
24,choice_only,standard,14,0.62,-0.6927891063576235,0.3285908953245389,0.06429544766226947
24,choice_only,projected,14,0.64,-0.6901003965318675,0.3285908953245389,0.06429544766226947
24,choice_only,partial,14,0.64,-0.6901003965318675,0.3285908953245389,0.06429544766226947
24,choice_only,standard,15,0.62,-0.6928411185911972,0.21983740751027067,0.10991870375513534
24,choice_only,projected,15,0.65,-0.6903497976552414,0.23537362005516618,0.11768681002758309
24,choice_only,partial,15,0.65,-0.6903497976552414,0.23537362005516618,0.11768681002758309
24,choice_only,standard,16,0.65,-0.6927695057104454,0.31227787215239866,0.15613893607619933
24,choice_only,projected,16,0.67,-0.6894422602692422,0.31227787215239866,0.05613893607619935
24,choice_only,partial,16,0.67,-0.6894422602692422,0.31227787215239866,0.05613893607619935
24,choice_only,standard,17,0.67,-0.6926661347848077,0.3480111610056582,0.1740055805028291
24,choice_only,projected,17,0.69,-0.6883440888641963,0.3480111610056582,0.1740055805028291
24,choice_only,partial,17,0.69,-0.6883440888641963,0.3480111610056582,0.1740055805028291
24,choice_only,standard,18,0.64,-0.6926380200457569,0.31849235717035684,0.059246178585178444
24,choice_only,projected,18,0.68,-0.6881137464628386,0.31849235717035684,0.059246178585178444
24,choice_only,partial,18,0.68,-0.6881137464628386,0.31849235717035684,0.059246178585178444
24,choice_only,standard,19,0.64,-0.692637278529807,0.24935621134557212,0.12467810567278606
24,choice_only,projected,19,0.71,-0.688278649335504,0.24935621134557212,0.12467810567278606
24,choice_only,partial,19,0.71,-0.688278649335504,0.24935621134557212,0.12467810567278606
24,choice_only,standard,20,0.65,-0.6927326143139826,0.09321727526937275,0.14660863763468635
24,choice_only,projected,20,0.67,-0.6889941646540582,0.11496797283222637,0.15748398641611316
24,choice_only,partial,20,0.67,-0.6889941646540582,0.11496797283222637,0.15748398641611316
24,inference_affirm,standard,1,0.52,-0.6931437058631927,0.2858663108260764,0.1429331554130382
24,inference_affirm,projected,1,0.47,-0.6931940648850593,0.2858663108260764,0.1429331554130382
24,inference_affirm,partial,1,0.46,-0.6932047314163055,0.2718837195356705,0.13594185976783524
24,inference_affirm,standard,2,0.4,-0.6932130936525313,0.1864345505387455,-0.006782724730627229
24,inference_affirm,projected,2,0.46,-0.6938625276485919,0.1864345505387455,-0.006782724730627229
24,inference_affirm,partial,2,0.55,-0.692540802281381,-0.16079979983966797,-0.280399899919834
24,inference_affirm,standard,3,0.44,-0.6932449217579544,0.12972737474987706,-0.03513631262506145
24,inference_affirm,projected,3,0.43,-0.6945098275347706,0.12972737474987706,-0.03513631262506145
24,inference_affirm,partial,3,0.51,-0.6931859306848749,-0.15613893607619933,-0.2780694680380997
24,inference_affirm,standard,4,0.43,-0.6932370333743887,0.153808504194465,-0.02309574790276747
24,inference_affirm,projected,4,0.45,-0.6946491801328354,0.153808504194465,-0.02309574790276747
24,inference_affirm,partial,4,0.43,-0.6934340567076721,-0.22915913503720797,-0.414579567518604
24,inference_affirm,standard,5,0.48,-0.6931823852819298,0.17866644426629777,-0.010666777866851093
24,inference_affirm,projected,5,0.45,-0.694187399887219,0.17866644426629777,-0.010666777866851093
24,inference_affirm,partial,5,0.5,-0.6930114801135602,-0.22682870315547368,-0.4134143515777368
24,inference_affirm,standard,6,0.53,-0.6930966571482398,0.3394662441059657,0.06973312205298288
24,inference_affirm,projected,6,0.48,-0.6932575847278817,0.3394662441059657,0.06973312205298288
24,inference_affirm,partial,6,0.53,-0.6927073976478638,-0.15691574670344413,-0.27845787335172206
24,inference_affirm,standard,7,0.56,-0.6930773616147288,0.3915125561313655,0.19575627806568274
24,inference_affirm,projected,7,0.53,-0.692947008940084,0.3915125561313655,0.19575627806568274
24,inference_affirm,partial,7,0.65,-0.6916203009896713,0.1312809960043666,0.0656404980021833
24,inference_affirm,standard,8,0.53,-0.6930602317544988,0.4715240507375771,0.23576202536878854
24,inference_affirm,projected,8,0.62,-0.6922560029133519,0.4715240507375771,0.23576202536878854
24,inference_affirm,partial,8,0.66,-0.6904938512571254,0.19808670994741706,0.1990433549737085
24,inference_affirm,standard,9,0.57,-0.6930671627692496,0.4373443831388071,0.21867219156940354
24,inference_affirm,projected,9,0.6,-0.6923281379123984,0.4373443831388071,0.21867219156940354
24,inference_affirm,partial,9,0.67,-0.6905556026640288,0.12040564722293978,0.06020282361146989
24,inference_affirm,standard,10,0.58,-0.6929895308683779,0.44511248941125486,0.22255624470562743
24,inference_affirm,projected,10,0.61,-0.6915020762785581,0.44511248941125486,0.22255624470562743
24,inference_affirm,partial,10,0.62,-0.6912051403897036,0.05903760767060274,0.02951880383530137
24,inference_affirm,standard,11,0.61,-0.6929265436513289,0.5422138178168515,0.27110690890842576
24,inference_affirm,projected,11,0.59,-0.6906760675896649,0.5391065753078723,0.26955328765393616
24,inference_affirm,partial,11,0.64,-0.6907071783764404,0.17167514862109481,0.08583757431054741
24,inference_affirm,standard,12,0.59,-0.6929758758046844,0.6097963423871466,0.3048981711935733
24,inference_affirm,projected,12,0.65,-0.6908947232756171,0.6097963423871466,0.3048981711935733
24,inference_affirm,partial,12,0.62,-0.6906503453270662,0.543767439071341,0.47188371953567043
24,inference_affirm,standard,13,0.64,-0.6929855790382176,0.5212399308812425,0.26061996544062127
24,inference_affirm,projected,13,0.62,-0.6910018110462155,0.5328920902899141,0.26644604514495707
24,inference_affirm,partial,13,0.63,-0.6905503396887636,0.5344457115444037,0.3672228557722018
24,inference_affirm,standard,14,0.64,-0.6929902054854813,0.4047183367945266,0.3023591683972633
24,inference_affirm,projected,14,0.64,-0.6909882242094357,0.42336179184840117,0.31168089592420056
24,inference_affirm,partial,14,0.57,-0.6915907454773368,0.5290080371536903,0.3645040185768451
24,inference_affirm,standard,15,0.64,-0.6929378821629161,0.49871242269114424,0.4493562113455721
24,inference_affirm,projected,15,0.65,-0.6906975879122981,0.49560518018216504,0.4478025900910825
24,inference_affirm,partial,15,0.62,-0.6911507287256987,0.5554195984800125,0.37770979924000625
24,inference_affirm,standard,16,0.66,-0.6928662125751367,0.5080341502180814,0.2540170751090407
24,inference_affirm,projected,16,0.64,-0.6897843224213269,0.5165790671177739,0.25828953355888695
24,inference_affirm,partial,16,0.61,-0.6906134220362935,0.5189094989995082,0.3594547494997541
24,inference_affirm,standard,17,0.68,-0.692762760065389,0.5422138178168515,0.37110690890842574
24,inference_affirm,projected,17,0.66,-0.688679460961032,0.5422138178168515,0.27110690890842576
24,inference_affirm,partial,17,0.63,-0.6899067111886902,0.5282312265264456,0.3641156132632228
24,inference_affirm,standard,18,0.68,-0.6927345208529456,0.5484283028348096,0.17421415141740482
24,inference_affirm,projected,18,0.68,-0.6884513544366311,0.5655181366341946,0.18275906831709732
24,inference_affirm,partial,18,0.62,-0.6896545811170245,0.5189094989995082,0.2594547494997541
24,inference_affirm,standard,19,0.67,-0.6927337856883911,0.4388980043932966,0.2194490021966483
24,inference_affirm,projected,19,0.68,-0.6886108882993334,0.4388980043932966,0.2194490021966483
24,inference_affirm,partial,19,0.61,-0.6901395177791197,0.5282312265264456,0.46411561326322276
24,inference_affirm,standard,20,0.65,-0.6926392121533975,0.5593036516162364,0.17965182580811823
24,inference_affirm,projected,20,0.69,-0.6879698868092118,0.5593036516162364,0.17965182580811823
24,inference_affirm,partial,20,0.57,-0.6918274019190993,0.2229446500192498,0.21147232500962487
24,inference_categories,standard,1,0.52,-0.6931437058631927,0.2858663108260764,0.1429331554130382
24,inference_categories,projected,1,0.47,-0.6931940648850593,0.2858663108260764,0.1429331554130382
24,inference_categories,partial,1,0.45,-0.6932316779642571,0.34347944913588346,0.17173972456794173
24,inference_categories,standard,2,0.6,-0.6930744941309199,-0.1312809960043666,-0.16564049800218328
24,inference_categories,projected,2,0.6,-0.6925638748900017,-0.12273607910467411,-0.16136803955233703
24,inference_categories,partial,2,0.55,-0.6933266725731011,0.3161619252886225,0.15808096264431126
24,inference_categories,standard,3,0.58,-0.6931062011776805,-0.13827229164956956,-0.2691361458247848
24,inference_categories,projected,3,0.51,-0.6931753961145019,-0.13827229164956956,-0.2691361458247848
24,inference_categories,partial,3,0.48,-0.6937288710572446,0.33402856971525235,0.16701428485762618
24,inference_categories,standard,4,0.61,-0.693098251874806,-0.10953029844151298,-0.35476514922075647
24,inference_categories,projected,4,0.5,-0.6932913018584259,-0.1033158134235548,-0.3516579067117774
24,inference_categories,partial,4,0.43,-0.693799891010968,0.15691574670344413,0.07845787335172207
24,inference_categories,standard,5,0.62,-0.6930435630383852,0.07068976707927432,-0.16465511646036285
24,inference_categories,projected,5,0.56,-0.6928107652822445,0.07068976707927432,-0.16465511646036285
24,inference_categories,partial,5,0.46,-0.6932439073150773,0.18565773991150072,-0.007171130044249616
24,inference_categories,standard,6,0.64,-0.6929579403673897,0.2858663108260764,0.1429331554130382
24,inference_categories,projected,6,0.69,-0.6918968785054809,0.2858663108260764,0.1429331554130382
24,inference_categories,partial,6,0.48,-0.6928271357872592,0.22605189252822888,0.013025946264114463
24,inference_categories,standard,7,0.65,-0.6929389323875185,0.12662013224089796,-0.036689933879550995
24,inference_categories,projected,7,0.65,-0.6916630423989214,0.12895056412263228,-0.035524717938683836
24,inference_categories,partial,7,0.56,-0.6922589195324694,0.34335029724218963,0.37167514862109474
24,inference_categories,standard,8,0.61,-0.6929559344657583,0.20274757371088573,0.001373786855442885
24,inference_categories,projected,8,0.61,-0.6923160838443575,0.20274757371088573,0.001373786855442885
24,inference_categories,partial,8,0.52,-0.6934769628380701,0.12817375349538754,0.06408687674769377
24,inference_categories,standard,9,0.63,-0.692949023792857,0.2990720914892376,0.04953604574461881
24,inference_categories,projected,9,0.63,-0.6922453220101616,0.2990720914892376,0.04953604574461881
24,inference_categories,partial,9,0.51,-0.6936584758928404,0.21362292249231252,0.10681146124615626
24,inference_categories,standard,10,0.61,-0.6928714282883027,0.28120544706260775,0.14060272353130387
24,inference_categories,projected,10,0.62,-0.6914081964499228,0.28120544706260775,0.14060272353130387
24,inference_categories,partial,10,0.5,-0.6940016118616897,0.06214485017958182,-0.1689275749102091
24,inference_categories,standard,11,0.61,-0.6928084450354409,0.4730776719920667,0.23653883599603334
24,inference_categories,projected,11,0.64,-0.6905691214698778,0.4730776719920667,0.23653883599603334
24,inference_categories,partial,11,0.53,-0.6933203684976107,0.1910954143022141,-0.10445229284889296
24,inference_categories,standard,12,0.62,-0.6928578462973084,0.45676464881992646,0.22838232440996323
24,inference_categories,projected,12,0.71,-0.6908007217228459,0.45676464881992646,0.22838232440996323
24,inference_categories,partial,12,0.55,-0.6920208349650275,0.5655181366341946,0.3827590683170973
24,inference_categories,standard,13,0.68,-0.6928675650799014,0.3285908953245389,0.16429544766226944
24,inference_categories,projected,13,0.68,-0.6909128953626071,0.3285908953245389,0.16429544766226944
24,inference_categories,partial,13,0.51,-0.6918557918360443,0.6105731530143914,0.5052865765071957
24,inference_categories,standard,14,0.61,-0.692863109882543,0.3775299648409596,0.1887649824204798
24,inference_categories,projected,14,0.61,-0.6909744551896086,0.3565560779053507,0.27827803895267533
24,inference_categories,partial,14,0.47,-0.6935763189187135,0.2889735533350555,0.14448677666752774
24,inference_categories,standard,15,0.6,-0.6928112584921764,0.4016110942855476,0.10080554714277382
24,inference_categories,projected,15,0.63,-0.6907753766105472,0.4016110942855476,0.10080554714277382
24,inference_categories,partial,15,0.48,-0.693501200069154,0.304509765879951,0.1522548829399755
24,inference_categories,standard,16,0.61,-0.6927396597983524,0.3992806624038132,0.09964033120190663
24,inference_categories,projected,16,0.63,-0.6898649106595465,0.3992806624038132,0.1996403312019066
24,inference_categories,partial,16,0.5,-0.6929452812540307,0.33402856971525235,0.16701428485762618
24,inference_categories,standard,17,0.63,-0.6926362147057629,0.46453275509237413,0.23226637754618706
24,inference_categories,projected,17,0.64,-0.6887357098622633,0.4808457782645143,0.24042288913225715
24,inference_categories,partial,17,0.49,-0.6923630370194809,0.38296763923167304,0.09148381961583654
24,inference_categories,standard,18,0.63,-0.6926081422596775,0.43967481502054134,0.1198374075102707
24,inference_categories,projected,18,0.63,-0.6885293991801937,0.43967481502054134,0.1198374075102707
24,inference_categories,partial,18,0.51,-0.6922893470120993,0.33247494846076275,0.16623747423038138
24,inference_categories,standard,19,0.64,-0.6926071880470721,0.3860748817406521,0.09303744087032606
24,inference_categories,projected,19,0.65,-0.6886425124811981,0.38918212424963117,0.0945910621248156
24,inference_categories,partial,19,0.47,-0.6927460740429653,0.34101986536045525,0.17050993268022763
24,inference_categories,standard,20,0.63,-0.6925131619567374,0.48239939951900396,0.24119969975950198
24,inference_categories,projected,20,0.6,-0.6881034796125418,0.4474429212929891,0.12372146064649459
24,inference_categories,partial,20,0.5,-0.6931704588090186,0.2509098326000616,0.025454916300030828
25,choice_only,standard,1,0.68,-0.6928348270856695,0.12450860349589343,-0.23774569825205327
25,choice_only,projected,1,0.68,-0.6882660088508631,0.12450860349589343,-0.23774569825205327
25,choice_only,partial,1,0.68,-0.6882660088508631,0.12450860349589343,-0.23774569825205327
25,choice_only,standard,2,0.67,-0.6927802718331648,0.14031921981283227,-0.22984039009358387
25,choice_only,projected,2,0.7,-0.6874224681309264,0.14031921981283227,-0.22984039009358387
25,choice_only,partial,2,0.7,-0.6874224681309264,0.14031921981283227,-0.22984039009358387
25,choice_only,standard,3,0.62,-0.6928531082998525,0.07114777342622482,-0.1644261132868876
25,choice_only,projected,3,0.64,-0.6882418285586077,0.07114777342622482,-0.1644261132868876
25,choice_only,partial,3,0.64,-0.6882418285586077,0.07114777342622482,-0.1644261132868876
25,choice_only,standard,4,0.63,-0.692968534350966,0.04347919487158184,-0.17826040256420908
25,choice_only,projected,4,0.64,-0.6901807544814654,0.04347919487158184,-0.17826040256420908
25,choice_only,partial,4,0.64,-0.6901807544814654,0.04347919487158184,-0.17826040256420908
25,choice_only,standard,5,0.66,-0.6928176437276334,0.0671951193469901,-0.16640244032650497
25,choice_only,projected,5,0.66,-0.6882804020524675,0.0671951193469901,-0.16640244032650497
25,choice_only,partial,5,0.66,-0.6882804020524675,0.0671951193469901,-0.16640244032650497
25,choice_only,standard,6,0.61,-0.6928984585697668,-0.04743184895081655,-0.32371592447540826
25,choice_only,projected,6,0.66,-0.6887201830760459,-0.06521879230737274,-0.33260939615368634
25,choice_only,partial,6,0.66,-0.6887201830760459,-0.06521879230737274,-0.33260939615368634
25,choice_only,standard,7,0.64,-0.6927895430086842,-0.017786943356556204,-0.3088934716782781
25,choice_only,projected,7,0.68,-0.6870486720414477,-0.017786943356556204,-0.3088934716782781
25,choice_only,partial,7,0.68,-0.6870486720414477,-0.017786943356556204,-0.3088934716782781
25,choice_only,standard,8,0.65,-0.6928365216809137,0.007905308158469425,-0.29604734592076526
25,choice_only,projected,8,0.66,-0.6877167479925046,-0.009881635198086781,-0.3049408175990434
25,choice_only,partial,8,0.66,-0.6877167479925046,-0.009881635198086781,-0.3049408175990434
25,choice_only,standard,9,0.6,-0.69290009522484,-0.05138450303005125,-0.3256922515150256
25,choice_only,projected,9,0.64,-0.6886058883150211,-0.0671951193469901,-0.333597559673495
25,choice_only,partial,9,0.64,-0.6886058883150211,-0.0671951193469901,-0.333597559673495
25,choice_only,standard,10,0.65,-0.6928639744982934,0.0316212326338777,-0.2841893836830611
25,choice_only,projected,10,0.66,-0.6879738378310642,0.01581061631693885,-0.2920946918415306
25,choice_only,partial,10,0.66,-0.6879738378310642,0.01581061631693885,-0.2920946918415306
25,choice_only,standard,11,0.61,-0.6929177848597906,0.03359755967349505,-0.28320122016325244
25,choice_only,projected,11,0.66,-0.6881022048178473,0.01581061631693885,-0.2920946918415306
25,choice_only,partial,11,0.66,-0.6881022048178473,0.01581061631693885,-0.2920946918415306
25,choice_only,standard,12,0.68,-0.6926466101091324,0.10474533309971985,-0.1476273334501401
25,choice_only,projected,12,0.71,-0.6848794081728597,0.10474533309971985,-0.1476273334501401
25,choice_only,partial,12,0.71,-0.6848794081728597,0.10474533309971985,-0.1476273334501401
25,choice_only,standard,13,0.66,-0.6924843569047564,0.06521879230737274,-0.26739060384631363
25,choice_only,projected,13,0.68,-0.6828487902424656,0.0849820627035463,-0.15750896864822686
25,choice_only,partial,13,0.68,-0.6828487902424656,0.0849820627035463,-0.15750896864822686
25,choice_only,standard,14,0.66,-0.6924111306282953,0.0632424652677554,-0.2683787673661223
25,choice_only,projected,14,0.69,-0.6816384428994803,0.0632424652677554,-0.2683787673661223
25,choice_only,partial,14,0.69,-0.6816384428994803,0.0632424652677554,-0.2683787673661223
25,choice_only,standard,15,0.71,-0.6923301216392861,0.1581061631693885,-0.22094691841530573
25,choice_only,projected,15,0.71,-0.6811439800928722,0.1758931065259447,-0.21205344673702764
25,choice_only,partial,15,0.71,-0.6811439800928722,0.1758931065259447,-0.21205344673702764
25,choice_only,standard,16,0.69,-0.6922444040916641,0.16008249020900583,-0.1199587548954971
25,choice_only,projected,16,0.73,-0.6801726470139345,0.17786943356556204,-0.111065283217219
25,choice_only,partial,16,0.73,-0.6801726470139345,0.17786943356556204,-0.111065283217219
25,choice_only,standard,17,0.69,-0.6921405152142,0.24901720699178687,-0.07549139650410658
25,choice_only,projected,17,0.71,-0.6791266294016034,0.24901720699178687,-0.07549139650410658
25,choice_only,partial,17,0.71,-0.6791266294016034,0.24901720699178687,-0.07549139650410658
25,choice_only,standard,18,0.68,-0.6919983749098866,0.24901720699178687,-0.07549139650410658
25,choice_only,projected,18,0.74,-0.6774043389762997,0.24901720699178687,-0.07549139650410658
25,choice_only,partial,18,0.74,-0.6774043389762997,0.24901720699178687,-0.07549139650410658
25,choice_only,standard,19,0.69,-0.6917816691286011,0.24901720699178687,-0.07549139650410658
25,choice_only,projected,19,0.72,-0.6746182888717126,0.24901720699178687,-0.07549139650410658
25,choice_only,partial,19,0.72,-0.6746182888717126,0.24901720699178687,-0.07549139650410658
25,choice_only,standard,20,0.7,-0.6917766337394892,0.2292539365956133,-0.18537303170219332
25,choice_only,projected,20,0.7,-0.6745200819798366,0.24901720699178687,-0.17549139650410656
25,choice_only,partial,20,0.7,-0.6745200819798366,0.24901720699178687,-0.17549139650410656
25,inference_affirm,standard,1,0.68,-0.6928348270856695,0.12450860349589343,-0.23774569825205327
25,inference_affirm,projected,1,0.68,-0.6882660088508631,0.12450860349589343,-0.23774569825205327
25,inference_affirm,partial,1,0.66,-0.689413320026233,0.4525788920723745,0.026289446036187242
25,inference_affirm,standard,2,0.67,-0.6927802718331648,0.14031921981283227,-0.22984039009358387
25,inference_affirm,projected,2,0.7,-0.6874224681309264,0.14031921981283227,-0.22984039009358387
25,inference_affirm,partial,2,0.68,-0.6885349195065048,0.3972417349630885,-0.10137913251845573
25,inference_affirm,standard,3,0.69,-0.6927075767301804,0.09288737086201573,-0.25355631456899214
25,inference_affirm,projected,3,0.71,-0.6866278176884554,0.09288737086201573,-0.25355631456899214
25,inference_affirm,partial,3,0.71,-0.687496097942057,0.2391355717937001,-0.18043221410314994
25,inference_affirm,standard,4,0.68,-0.6925923347699302,0.116603295337424,-0.241698352331288
25,inference_affirm,projected,4,0.68,-0.6847499968934184,0.116603295337424,-0.241698352331288
25,inference_affirm,partial,4,0.68,-0.6856005133938128,0.2114669932390571,-0.19426650338047144
25,inference_affirm,standard,5,0.71,-0.6927433953555283,0.116603295337424,-0.241698352331288
25,inference_affirm,projected,5,0.69,-0.6866983018260158,0.116603295337424,-0.241698352331288
25,inference_affirm,partial,5,0.71,-0.6874212210258456,0.27273313146719513,-0.16363343426640242
25,inference_affirm,standard,6,0.74,-0.6928242329224835,0.13636656573359757,-0.2318167171332012
25,inference_affirm,projected,6,0.78,-0.6871418596346149,0.13636656573359757,-0.2318167171332012
25,inference_affirm,partial,6,0.76,-0.6870554881405764,0.3794547916065324,-0.11027260419673379
25,inference_affirm,standard,7,0.75,-0.6927152229301261,0.10079267902048517,-0.2496036604897574
25,inference_affirm,projected,7,0.7,-0.6854536357825615,0.10079267902048517,-0.2496036604897574
25,inference_affirm,partial,7,0.74,-0.6856858401946194,0.30633069114069017,-0.1468346544296549
25,inference_affirm,standard,8,0.77,-0.6927621963733867,0.10474533309971985,-0.24762733345014007
25,inference_affirm,projected,8,0.72,-0.6861226596697899,0.10474533309971985,-0.24762733345014007
25,inference_affirm,partial,8,0.75,-0.6856035588871923,0.30633069114069017,-0.1468346544296549
25,inference_affirm,standard,9,0.78,-0.6928257851850712,0.14031921981283227,-0.22984039009358387
25,inference_affirm,projected,9,0.76,-0.6870135989933437,0.14031921981283227,-0.22984039009358387
25,inference_affirm,partial,9,0.75,-0.6864887628103153,0.3656205023292109,-0.11718974883539454
25,inference_affirm,standard,10,0.7,-0.6928619274763455,0.007905308158469425,-0.29604734592076526
25,inference_affirm,projected,10,0.7,-0.6876387931610826,0.007905308158469425,-0.29604734592076526
25,inference_affirm,partial,10,0.74,-0.6872658930768469,0.34980988601227203,-0.12509505699386397
25,inference_affirm,standard,11,0.76,-0.6928081290697051,0.04940817599043389,-0.27529591200478304
25,inference_affirm,projected,11,0.7,-0.6875085834598426,0.029644905594260345,-0.2851775472028698
25,inference_affirm,partial,11,0.7,-0.6870625700986834,0.3873600997650018,-0.10631995011749909
25,inference_affirm,standard,12,0.76,-0.6925372052150566,0.1620588172486232,-0.2189705913756884
25,inference_affirm,projected,12,0.71,-0.6843071736942455,0.1620588172486232,-0.2189705913756884
25,inference_affirm,partial,12,0.74,-0.6873049520654937,0.5533715710928597,0.07668578554642985
25,inference_affirm,standard,13,0.73,-0.6923750635861738,0.14229554685244963,-0.22885222657377519
25,inference_affirm,projected,13,0.71,-0.6822783528048508,0.14229554685244963,-0.22885222657377519
25,inference_affirm,partial,13,0.73,-0.6858356771359921,0.5751111685286505,0.08755558426432525
25,inference_affirm,standard,14,0.72,-0.6923019372962064,0.1620588172486232,-0.2189705913756884
25,inference_affirm,projected,14,0.7,-0.6810707217858462,0.1620588172486232,-0.2189705913756884
25,inference_affirm,partial,14,0.76,-0.6848749930426123,0.6146377093209978,0.1073188546604989
25,inference_affirm,standard,15,0.71,-0.6922210295527595,0.19763270396173557,-0.2011836480191322
25,inference_affirm,projected,15,0.71,-0.6805951125458785,0.19763270396173557,-0.2011836480191322
25,inference_affirm,partial,15,0.75,-0.6842603684853817,0.6027797470832935,0.10138987354164675
25,inference_affirm,standard,16,0.71,-0.6921353433571917,0.19763270396173557,-0.2011836480191322
25,inference_affirm,projected,16,0.71,-0.6796280803098418,0.19763270396173557,-0.2011836480191322
25,inference_affirm,partial,16,0.75,-0.6834031399448522,0.6225430174794672,0.11127150873973357
25,inference_affirm,standard,17,0.67,-0.6920314820878671,0.19763270396173557,-0.2011836480191322
25,inference_affirm,projected,17,0.71,-0.6785893803033926,0.19763270396173557,-0.2011836480191322
25,inference_affirm,partial,17,0.75,-0.6822390034996165,0.6423062878756407,0.12115314393782034
25,inference_affirm,standard,18,0.66,-0.6918896846261137,0.26680415034834304,-0.16659792482582847
25,inference_affirm,projected,18,0.71,-0.676890740462719,0.26680415034834304,-0.16659792482582847
25,inference_affirm,partial,18,0.75,-0.6806647657513468,0.6106850552417631,0.10534252762088153
25,inference_affirm,standard,19,0.66,-0.6916732405488908,0.19763270396173557,-0.2011836480191322
25,inference_affirm,projected,19,0.71,-0.6741116860474057,0.19763270396173557,-0.2011836480191322
25,inference_affirm,partial,19,0.71,-0.6764426725477891,0.5316319736570687,0.06581598682853435
25,inference_affirm,standard,20,0.68,-0.6916682198678508,0.19763270396173557,-0.2011836480191322
25,inference_affirm,projected,20,0.71,-0.6740179248212429,0.18182208764479676,-0.2090889561776016
25,inference_affirm,partial,20,0.7,-0.6760836262473746,0.5513952440532424,0.07569762202662117
25,inference_categories,standard,1,0.68,-0.6928348270856695,0.12450860349589343,-0.23774569825205327
25,inference_categories,projected,1,0.68,-0.6882660088508631,0.12450860349589343,-0.23774569825205327
25,inference_categories,partial,1,0.46,-0.6939813849341668,0.27085865013530885,-0.06457067493234558
25,inference_categories,standard,2,0.63,-0.6928894471308361,0.199609031001353,-0.10019548449932351
25,inference_categories,projected,2,0.68,-0.6891218024324287,0.20356168508058767,-0.09821915745970618
25,inference_categories,partial,2,0.43,-0.6949944184052781,0.34190457785380257,-0.029047711073098725
25,inference_categories,standard,3,0.58,-0.6929622812181968,0.019763270396173562,-0.39011836480191325
25,inference_categories,projected,3,0.62,-0.6899400954680778,0.019763270396173562,-0.39011836480191325
25,inference_categories,partial,3,0.41,-0.6963351614608341,0.22332495547676123,-0.18833752226161937
25,inference_categories,standard,4,0.58,-0.692847249272503,0.04545552191119919,-0.17727223904440043
25,inference_categories,projected,4,0.62,-0.6880880133253292,0.029644905594260345,-0.18517754720286983
25,inference_categories,partial,4,0.45,-0.6942950157282971,0.3379519237745679,-0.031024038112716062
25,inference_categories,standard,5,0.56,-0.6929983636334472,-0.011857962237704137,-0.3059289811188521
25,inference_categories,projected,5,0.6,-0.6900328536359923,-0.029644905594260345,-0.4148224527971302
25,inference_categories,partial,5,0.36,-0.6961307516606366,0.25692251515025627,-0.17153874242487185
25,inference_categories,standard,6,0.59,-0.6930792766347363,-0.0810294086243116,-0.44051470431215584
25,inference_categories,projected,6,0.62,-0.6904764508485873,-0.0810294086243116,-0.44051470431215584
25,inference_categories,partial,6,0.42,-0.6957459464539749,0.37154948344806293,-0.014225258275968544
25,inference_categories,standard,7,0.46,-0.6931884796293061,-0.0810294086243116,-0.44051470431215584
25,inference_categories,projected,7,0.58,-0.6922093561511588,-0.0810294086243116,-0.44051470431215584
25,inference_categories,partial,7,0.34,-0.6975942489080184,0.33004661561609844,-0.03497669219195079
25,inference_categories,standard,8,0.46,-0.6932355859124154,-0.16008249020900583,-0.48004124510450297
25,inference_categories,projected,8,0.55,-0.6928966727617994,-0.16008249020900583,-0.48004124510450297
25,inference_categories,partial,8,0.35,-0.6984528682911484,0.33004661561609844,-0.03497669219195079
25,inference_categories,standard,9,0.48,-0.6932993605235401,-0.12055594941665872,-0.4602779747083294
25,inference_categories,projected,9,0.54,-0.6938070634331776,-0.12055594941665872,-0.4602779747083294
25,inference_categories,partial,9,0.37,-0.6993310366147975,0.24901720699178687,-0.17549139650410656
25,inference_categories,standard,10,0.48,-0.6932632348272185,-0.13636656573359757,-0.4681832828667988
25,inference_categories,projected,10,0.53,-0.6931749045449171,-0.13636656573359757,-0.4681832828667988
25,inference_categories,partial,10,0.38,-0.6984967302102127,0.26482782330872573,-0.16758608834563712
25,inference_categories,standard,11,0.45,-0.6933171635223545,-0.1699641254070926,-0.4849820627035463
25,inference_categories,projected,11,0.54,-0.6933117371130265,-0.1699641254070926,-0.4849820627035463
25,inference_categories,partial,11,0.39,-0.6984818813580556,0.26482782330872573,-0.16758608834563712
25,inference_categories,standard,12,0.53,-0.6930445116006299,-0.07905308158469425,-0.3395265407923471
25,inference_categories,projected,12,0.66,-0.6899084723320545,-0.07707675454507687,-0.33853837727253844
25,inference_categories,partial,12,0.44,-0.6960926837221197,0.37154948344806293,-0.11422525827596852
25,inference_categories,standard,13,0.59,-0.692881774194488,-0.027668578554642984,-0.3138342892773215
25,inference_categories,projected,13,0.65,-0.6877934249768859,-0.05928981118852069,-0.32964490559426035
25,inference_categories,partial,13,0.51,-0.6947723172676037,0.43676827575543575,0.018384137877717865
25,inference_categories,standard,14,0.63,-0.6928084748780091,-0.027668578554642984,-0.3138342892773215
25,inference_categories,projected,14,0.66,-0.6865456927826509,-0.027668578554642984,-0.3138342892773215
25,inference_categories,partial,14,0.54,-0.6940437876457861,0.488152778785487,0.0440763893927435
25,inference_categories,standard,15,0.64,-0.692727245419242,0.10079267902048517,-0.14960366048975743
25,inference_categories,projected,15,0.67,-0.6860534208223571,0.12055594941665872,-0.13972202529167066
25,inference_categories,partial,15,0.55,-0.6934482805874899,0.5000107410231911,0.05000537051159554
25,inference_categories,standard,16,0.62,-0.6928134133668958,0.04743184895081655,-0.2762840755245917
25,inference_categories,projected,16,0.66,-0.6870815659495315,0.0316212326338777,-0.2841893836830611
25,inference_categories,partial,16,0.51,-0.6944162074400002,0.46838950838931337,0.034194754194656674
25,inference_categories,standard,17,0.65,-0.6927091146866435,0.14229554685244963,-0.1288522265737752
25,inference_categories,projected,17,0.68,-0.6859854664296199,0.1620588172486232,-0.11897059137568841
25,inference_categories,partial,17,0.54,-0.6933449924727951,0.5019870680628085,0.05099353403140422
25,inference_categories,standard,18,0.68,-0.6925661865259768,0.1620588172486232,-0.11897059137568841
25,inference_categories,projected,18,0.72,-0.6841948344727183,0.1620588172486232,-0.11897059137568841
25,inference_categories,partial,18,0.54,-0.6916166207190075,0.6185903634002324,0.1092951817001162
25,inference_categories,standard,19,0.66,-0.6923483969792289,0.22530128251637863,-0.0873493587418107
25,inference_categories,projected,19,0.73,-0.68119919343093,0.2094906661994397,-0.09525466690028016
25,inference_categories,partial,19,0.63,-0.6891883355532308,0.6640458853114316,0.23202294265571582
25,inference_categories,standard,20,0.67,-0.6923434096643436,0.24901720699178687,-0.07549139650410658
25,inference_categories,projected,20,0.72,-0.6811140338604045,0.24901720699178687,-0.07549139650410658
25,inference_categories,partial,20,0.66,-0.6888343187892976,0.6146377093209978,0.1073188546604989
26,choice_only,standard,1,0.72,-0.693050555751351,0.08389554774243546,-0.05805222612878225
26,choice_only,projected,1,0.7,-0.6920772609815657,0.08389554774243546,-0.05805222612878225
26,choice_only,partial,1,0.7,-0.6920772609815657,0.08389554774243546,-0.05805222612878225
26,choice_only,standard,2,0.51,-0.6930776857550021,0.09011003276039364,-0.1549449836198032
26,choice_only,projected,2,0.54,-0.6928438162427933,0.08311873711519069,-0.15844063144240467
26,choice_only,partial,2,0.54,-0.6928438162427933,0.08311873711519069,-0.15844063144240467
26,choice_only,standard,3,0.56,-0.6930616682500147,0.15846936795793365,-0.12076531602103319
26,choice_only,projected,3,0.53,-0.6926203743248152,0.15846936795793365,-0.12076531602103319
26,choice_only,partial,3,0.53,-0.6926203743248152,0.15846936795793365,-0.12076531602103319
26,choice_only,standard,4,0.71,-0.6929384220407432,0.1429331554130382,-0.02853342229348088
26,choice_only,projected,4,0.73,-0.6913160679621119,0.1429331554130382,-0.02853342229348088
26,choice_only,partial,4,0.73,-0.6913160679621119,0.1429331554130382,-0.02853342229348088
26,choice_only,standard,5,0.65,-0.692938365521956,0.21362292249231252,-0.09318853875384375
26,choice_only,projected,5,0.69,-0.6910033411947218,0.21362292249231252,-0.09318853875384375
26,choice_only,partial,5,0.69,-0.6910033411947218,0.21362292249231252,-0.09318853875384375
26,choice_only,standard,6,0.56,-0.6931245145689842,0.10719986655977864,0.05359993327988932
26,choice_only,projected,6,0.48,-0.6930499071217985,0.10719986655977864,0.05359993327988932
26,choice_only,partial,6,0.48,-0.6930499071217985,0.10719986655977864,0.05359993327988932
26,choice_only,standard,7,0.52,-0.6931467234053572,0.09787813903284137,-0.05106093048357929
26,choice_only,projected,7,0.48,-0.6934789726312052,0.09787813903284137,-0.05106093048357929
26,choice_only,partial,7,0.48,-0.6934789726312052,0.09787813903284137,-0.05106093048357929
26,choice_only,standard,8,0.53,-0.6932055243687651,-0.010098538154182046,-0.105049269077091
26,choice_only,projected,8,0.41,-0.6940048194462757,-0.010098538154182046,-0.105049269077091
26,choice_only,partial,8,0.41,-0.6940048194462757,-0.010098538154182046,-0.105049269077091
26,choice_only,standard,9,0.55,-0.6931161756912613,0.06835933519754002,-0.26582033240123
26,choice_only,projected,9,0.57,-0.6927816271352062,0.06835933519754002,-0.26582033240123
26,choice_only,partial,9,0.57,-0.6927816271352062,0.06835933519754002,-0.26582033240123
26,choice_only,standard,10,0.57,-0.6930655241854157,0.18721136116599027,-0.006394319417004843
26,choice_only,projected,10,0.61,-0.6923993880219653,0.18721136116599027,-0.006394319417004843
26,choice_only,partial,10,0.61,-0.6923993880219653,0.18721136116599027,-0.006394319417004843
26,choice_only,standard,11,0.6,-0.6929399762782057,0.25479388573628553,-0.07260305713185725
26,choice_only,projected,11,0.61,-0.6905321960457528,0.24469534758210346,-0.07765232620894828
26,choice_only,partial,11,0.61,-0.6905321960457528,0.24469534758210346,-0.07765232620894828
26,choice_only,standard,12,0.59,-0.6929800517151393,0.06991295645202955,-0.2650435217739852
26,choice_only,projected,12,0.66,-0.6916051712759484,0.06991295645202955,-0.2650435217739852
26,choice_only,partial,12,0.66,-0.6916051712759484,0.06991295645202955,-0.2650435217739852
26,choice_only,standard,13,0.57,-0.6931187693736482,-0.018643455053874547,-0.10932172752693725
26,choice_only,projected,13,0.51,-0.6929696740716103,-0.008544916899692502,-0.10427245844984623
26,choice_only,partial,13,0.51,-0.6929696740716103,-0.008544916899692502,-0.10427245844984623
26,choice_only,standard,14,0.59,-0.6930761228302807,0.07224338833376387,-0.06387830583311804
26,choice_only,projected,14,0.49,-0.6925849001724015,0.057483986416113186,-0.07125800679194338
26,choice_only,partial,14,0.49,-0.6925849001724015,0.057483986416113186,-0.07125800679194338
26,choice_only,standard,15,0.48,-0.6932239857781762,-0.020197076308364093,-0.11009853815418202
26,choice_only,projected,15,0.38,-0.6948359107108146,-0.020197076308364093,-0.11009853815418202
26,choice_only,partial,15,0.38,-0.6948359107108146,-0.020197076308364093,-0.11009853815418202
26,choice_only,standard,16,0.52,-0.6931391588286095,-0.04505501638019682,-0.12252750819009839
26,choice_only,projected,16,0.45,-0.6942177864473603,-0.028741993208056593,-0.11437099660402827
26,choice_only,partial,16,0.45,-0.6942177864473603,-0.028741993208056593,-0.11437099660402827
26,choice_only,standard,17,0.61,-0.6930610901196802,0.054376743907134095,-0.07281162804643293
26,choice_only,projected,17,0.53,-0.6932446174428364,0.054376743907134095,-0.07281162804643293
26,choice_only,partial,17,0.53,-0.6932446174428364,0.054376743907134095,-0.07281162804643293
26,choice_only,standard,18,0.52,-0.6931418577212193,-0.04738544826193114,-0.22369272413096558
26,choice_only,projected,18,0.41,-0.6944663492125117,-0.04738544826193114,-0.22369272413096558
26,choice_only,partial,18,0.41,-0.6944663492125117,-0.04738544826193114,-0.22369272413096558
26,choice_only,standard,19,0.59,-0.6931123792322416,-0.010875348781426819,-0.10543767439071339
26,choice_only,projected,19,0.43,-0.6940542272424578,-0.010875348781426819,-0.10543767439071339
26,choice_only,partial,19,0.43,-0.6940542272424578,-0.010875348781426819,-0.10543767439071339
26,choice_only,standard,20,0.57,-0.6930795873081224,0.08078830523345637,-0.05960584738327179
26,choice_only,projected,20,0.42,-0.6937906358515257,0.08078830523345637,-0.05960584738327179
26,choice_only,partial,20,0.42,-0.6937906358515257,0.08078830523345637,-0.05960584738327179
26,inference_affirm,standard,1,0.72,-0.693050555751351,0.08389554774243546,-0.05805222612878225
26,inference_affirm,projected,1,0.7,-0.6920772609815657,0.08389554774243546,-0.05805222612878225
26,inference_affirm,partial,1,0.61,-0.6921764933349993,-0.024478739022127435,-0.1122393695110637
26,inference_affirm,standard,2,0.51,-0.6930776857550021,0.09011003276039364,-0.1549449836198032
26,inference_affirm,projected,2,0.54,-0.6928438162427933,0.08311873711519069,-0.15844063144240467
26,inference_affirm,partial,2,0.57,-0.6924721136266905,-0.0015536212544895456,-0.20077681062724478
26,inference_affirm,standard,3,0.49,-0.6930937282740776,0.10875348781426819,-0.14562325609286592
26,inference_affirm,projected,3,0.48,-0.6930694940577566,0.10875348781426819,-0.14562325609286592
26,inference_affirm,partial,3,0.56,-0.6927030279311512,-0.20896205872884388,-0.40448102936442193
26,inference_affirm,standard,4,0.62,-0.6929704389211687,0.2571243176180198,0.1285621588090099
26,inference_affirm,projected,4,0.64,-0.6917607815401938,0.2571243176180198,0.1285621588090099
26,inference_affirm,partial,4,0.66,-0.6924017121684857,0.03417966759877001,-0.08291016620061498
26,inference_affirm,standard,5,0.55,-0.6929704193126284,0.1693447167393605,-0.01532764163031973
26,inference_affirm,projected,5,0.6,-0.6914553679312957,0.1693447167393605,-0.01532764163031973
26,inference_affirm,partial,5,0.68,-0.6921243855605185,-0.054376743907134095,-0.22718837195356706
26,inference_affirm,standard,6,0.63,-0.6927849074424165,0.24236491570036908,0.021182457850184563
26,inference_affirm,projected,6,0.63,-0.689492493499384,0.24236491570036908,0.021182457850184563
26,inference_affirm,partial,6,0.72,-0.6897502920459283,0.01942026568111932,-0.09028986715944032
26,inference_affirm,standard,7,0.62,-0.6928068935584656,0.24003448381863482,0.020017241909317432
26,inference_affirm,projected,7,0.65,-0.6898830298545492,0.24003448381863482,0.020017241909317432
26,inference_affirm,partial,7,0.71,-0.6894438750944747,0.01398259129040591,0.006991295645202955
26,inference_affirm,standard,8,0.65,-0.692748069930189,0.2897503639623003,0.14487518198115015
26,inference_affirm,projected,8,0.71,-0.6893435432137884,0.2897503639623003,0.14487518198115015
26,inference_affirm,partial,8,0.73,-0.6888707840901812,0.11263754095049205,-0.04368122952475395
26,inference_affirm,standard,9,0.67,-0.6926591577240349,0.26178518138148843,-0.0691074093092558
26,inference_affirm,projected,9,0.71,-0.6881915772456444,0.26178518138148843,-0.0691074093092558
26,inference_affirm,partial,9,0.72,-0.6877708897396992,0.05515355453437887,-0.17242322273281058
26,inference_affirm,standard,10,0.66,-0.6927097205377641,0.18565773991150072,-0.10717113004424965
26,inference_affirm,projected,10,0.68,-0.6885628331210099,0.18565773991150072,-0.10717113004424965
26,inference_affirm,partial,10,0.73,-0.6880742885666686,0.12040564722293978,-0.13979717638853012
26,inference_affirm,standard,11,0.67,-0.6925847173118862,0.14914764043099638,-0.12542617978450182
26,inference_affirm,projected,11,0.67,-0.6867704559170419,0.14914764043099638,-0.12542617978450182
26,inference_affirm,partial,11,0.71,-0.6861988298933105,0.07224338833376387,-0.26387830583311805
26,inference_affirm,standard,12,0.66,-0.6926246736720606,0.085449168996925,-0.1572754155015375
26,inference_affirm,projected,12,0.71,-0.6878136915903894,0.0769042520972325,-0.16154787395138376
26,inference_affirm,partial,12,0.72,-0.6871059942129216,0.08389554774243546,-0.15805222612878228
26,inference_affirm,standard,13,0.67,-0.692486506911826,0.07068976707927432,-0.16465511646036285
26,inference_affirm,projected,13,0.7,-0.6865192572990988,0.05049269077091024,-0.1747536546145449
26,inference_affirm,partial,13,0.72,-0.6855620925155957,0.09244046464212796,-0.15377976767893603
26,inference_affirm,standard,14,0.72,-0.6924438891751054,0.02641156132632227,-0.28679421933683885
26,inference_affirm,projected,14,0.72,-0.686133546687124,0.02951880383530137,-0.2852405980823493
26,inference_affirm,partial,14,0.73,-0.6851997413249049,0.01631302317214023,-0.2918434884139299
26,inference_affirm,standard,15,0.71,-0.692296661625314,0.13516504914059047,-0.23241747542970476
26,inference_affirm,projected,15,0.74,-0.6840386916506269,0.12972737474987706,-0.23513631262506146
26,inference_affirm,partial,15,0.7,-0.6828033397234798,0.12739694286814277,-0.23630152856592862
26,inference_affirm,standard,16,0.71,-0.6922122636685631,0.07845787335172207,-0.26077106332413896
26,inference_affirm,projected,16,0.73,-0.6834518673664179,0.05670717578886842,-0.2716464121055658
26,inference_affirm,partial,16,0.74,-0.6821791912949579,0.16079979983966797,-0.219600100080166
26,inference_affirm,standard,17,0.72,-0.6921346724657684,0.153808504194465,-0.1230957479027675
26,inference_affirm,projected,17,0.72,-0.6825743120174588,0.153808504194465,-0.1230957479027675
26,inference_affirm,partial,17,0.71,-0.6805921023009489,0.20430119496537524,-0.09784940251731239
26,inference_affirm,standard,18,0.7,-0.6920546084092919,0.1654606636031366,-0.11726966819843171
26,inference_affirm,projected,18,0.73,-0.6815049409080445,0.1654606636031366,-0.11726966819843171
26,inference_affirm,partial,18,0.72,-0.6797464273129341,0.22760551378271845,-0.08619724310864078
26,inference_affirm,standard,19,0.72,-0.6920836904095379,0.12118245785018454,-0.2394087710749077
26,inference_affirm,projected,19,0.7,-0.6818331480860165,0.12118245785018454,-0.2394087710749077
26,inference_affirm,partial,19,0.72,-0.6800178348260492,0.1864345505387455,-0.10678272473062726
26,inference_affirm,standard,20,0.72,-0.6920509660030529,0.16856790611211572,-0.11571604694394215
26,inference_affirm,projected,20,0.73,-0.6815840513183684,0.16856790611211572,-0.11571604694394215
26,inference_affirm,partial,20,0.71,-0.6795270774182157,0.22915913503720797,0.014579567518604009
26,inference_categories,standard,1,0.72,-0.693050555751351,0.08389554774243546,-0.05805222612878225
26,inference_categories,projected,1,0.7,-0.6920772609815657,0.08389554774243546,-0.05805222612878225
26,inference_categories,partial,1,0.7,-0.6921201807035373,0.21370327717730303,0.006851638588651537
26,inference_categories,standard,2,0.7,-0.6930234752899314,0.20740843747435433,0.0037042187371771895
26,inference_categories,projected,2,0.67,-0.6913173256591892,0.20740843747435433,0.0037042187371771895
26,inference_categories,partial,2,0.65,-0.691030775150662,0.4893906951642069,0.24469534758210346
26,inference_categories,standard,3,0.71,-0.6930074798324339,0.16779109548487092,-0.016104452257564517
26,inference_categories,projected,3,0.68,-0.6910936367823158,0.16779109548487092,-0.016104452257564517
26,inference_categories,partial,3,0.68,-0.6909908924478495,0.5445442496985857,0.27227212484929286
26,inference_categories,standard,4,0.58,-0.6931309409045342,0.13361142788610092,-0.03319428605694952
26,inference_categories,projected,4,0.66,-0.6924136123706824,0.13361142788610092,-0.03319428605694952
26,inference_categories,partial,4,0.47,-0.6931851538970583,0.39228936675861026,0.2961446833793051
26,inference_categories,standard,5,0.55,-0.6931310799306007,-0.023304318817343187,-0.2116521594086716
26,inference_categories,projected,5,0.59,-0.692738198650149,-0.023304318817343187,-0.2116521594086716
26,inference_categories,partial,5,0.5,-0.693130779054586,0.1910954143022141,-0.004452292848892925
26,inference_categories,standard,6,0.44,-0.6933173812339648,-0.11729840471396069,-0.25864920235698036
26,inference_categories,projected,6,0.45,-0.6948164606133612,-0.11729840471396069,-0.25864920235698036
26,inference_categories,partial,6,0.43,-0.6950794872232916,-0.10719986655977864,-0.25359993327988933
26,inference_categories,standard,7,0.42,-0.6933397031876875,-0.08933322213314888,-0.24466661106657445
26,inference_categories,projected,7,0.46,-0.6952659266046823,-0.08933322213314888,-0.24466661106657445
26,inference_categories,partial,7,0.42,-0.6952844915600527,-0.10642305593253389,-0.25321152796626695
26,inference_categories,standard,8,0.44,-0.6932810160933012,-0.10253900279631001,-0.251269501398155
26,inference_categories,projected,8,0.5,-0.6947667254018038,-0.10253900279631001,-0.251269501398155
26,inference_categories,partial,8,0.47,-0.6943497377930395,-0.044278205752952056,-0.22213910287647604
26,inference_categories,standard,9,0.48,-0.6931914744134656,-0.06059122892509227,-0.23029561446254615
26,inference_categories,projected,9,0.5,-0.6934987683111892,-0.06059122892509227,-0.23029561446254615
26,inference_categories,partial,9,0.49,-0.6933984923559762,0.030295614462546135,-0.18485219276872694
26,inference_categories,standard,10,0.49,-0.6931406034327371,0.1033158134235548,-0.14834209328822262
26,inference_categories,projected,10,0.55,-0.6930772306164122,0.11341435157773684,-0.1432928242111316
26,inference_categories,partial,10,0.52,-0.6929811919453354,0.17711282301180822,-0.1114435884940959
26,inference_categories,standard,11,0.61,-0.6930146349704617,0.18332730802976638,0.09166365401488319
26,inference_categories,projected,11,0.65,-0.6911508472971833,0.18332730802976638,0.09166365401488319
26,inference_categories,partial,11,0.69,-0.6906557842211464,0.3860748817406521,0.19303744087032604
26,inference_categories,standard,12,0.67,-0.6929744203452701,0.22139102876476027,0.010695514382380159
26,inference_categories,projected,12,0.71,-0.6900544908514664,0.24003448381863482,0.020017241909317432
26,inference_categories,partial,12,0.74,-0.690154766537891,0.485506642027983,0.2427533210139915
26,inference_categories,standard,13,0.57,-0.6931133433484183,0.2773213939263839,0.038660696963191965
26,inference_categories,projected,13,0.64,-0.6914232451035653,0.2773213939263839,0.038660696963191965
26,inference_categories,partial,13,0.71,-0.6911078321714953,0.6028050467419437,0.5014025233709718
26,inference_categories,standard,14,0.55,-0.6930706108729713,0.3814140179771835,0.09070700898859177
26,inference_categories,projected,14,0.64,-0.6910286016386664,0.3814140179771835,0.09070700898859177
26,inference_categories,partial,14,0.69,-0.6908656789119207,0.5259007946447112,0.2629503973223556
26,inference_categories,standard,15,0.62,-0.6929230581862381,0.36898504794126713,0.08449252397063359
26,inference_categories,projected,15,0.61,-0.6888787505407062,0.36898504794126713,0.08449252397063359
26,inference_categories,partial,15,0.68,-0.6892225458503631,0.5662949472614394,0.2831474736307197
26,inference_categories,standard,16,0.64,-0.6928380997495789,0.35733288853259554,0.07866644426629779
26,inference_categories,projected,16,0.69,-0.6882616715665165,0.372869101077491,0.08643455053874552
26,inference_categories,partial,16,0.71,-0.6883765951549158,0.619118069914084,0.309559034957042
26,inference_categories,standard,17,0.68,-0.6927606267172822,0.43501395125707276,0.1175069756285364
26,inference_categories,projected,17,0.66,-0.687362073531733,0.4249154131028907,0.11245770655144538
26,inference_categories,partial,17,0.69,-0.6872592093357162,0.6882542157388687,0.24412710786943437
26,inference_categories,standard,18,0.68,-0.6926802658824914,0.39228936675861026,0.09614468337930515
26,inference_categories,projected,18,0.64,-0.6862509267528387,0.4124864430669744,0.10624322153348723
26,inference_categories,partial,18,0.67,-0.6862082222153137,0.6579586012763226,0.2289793006381613
26,inference_categories,standard,19,0.69,-0.6927094253664821,0.417147306830443,0.10857365341522152
26,inference_categories,projected,19,0.68,-0.6865912572168917,0.3876285029951416,0.09381425149757083
26,inference_categories,partial,19,0.71,-0.6865703817070012,0.6509673056311196,0.22548365281555982
26,inference_categories,standard,20,0.67,-0.6926766637382936,0.4124864430669744,0.10624322153348723
26,inference_categories,projected,20,0.69,-0.6863446591288315,0.417147306830443,0.10857365341522152
26,inference_categories,partial,20,0.7,-0.6861467120901946,0.6727180031939732,0.23635900159698664
27,choice_only,standard,1,0.63,-0.6930536587914807,0.406574034220639,0.10328701711031951
27,choice_only,projected,1,0.63,-0.6922881378077967,0.406574034220639,0.10328701711031951
27,choice_only,partial,1,0.63,-0.6922881378077967,0.406574034220639,0.10328701711031951
27,choice_only,standard,2,0.73,-0.6929225583342271,0.3489623289667022,0.1744811644833511
27,choice_only,projected,2,0.75,-0.6909778115728777,0.3489623289667022,0.1744811644833511
27,choice_only,partial,2,0.75,-0.6909778115728777,0.3489623289667022,0.1744811644833511
27,choice_only,standard,3,0.71,-0.6928078852211214,0.1497904336602354,-0.02510478316988228
27,choice_only,projected,3,0.69,-0.6892183493246756,0.1497904336602354,-0.02510478316988228
27,choice_only,partial,3,0.69,-0.6892183493246756,0.1497904336602354,-0.02510478316988228
27,choice_only,standard,4,0.75,-0.6926100155975417,0.24361521078807513,0.021807605394037588
27,choice_only,projected,4,0.72,-0.6869556435788375,0.24361521078807513,0.021807605394037588
27,choice_only,partial,4,0.72,-0.6869556435788375,0.24361521078807513,0.021807605394037588
27,choice_only,standard,5,0.75,-0.6924830660948857,0.18929560297722056,-0.10535219851138973
27,choice_only,projected,5,0.71,-0.684657686788897,0.18929560297722056,-0.10535219851138973
27,choice_only,partial,5,0.71,-0.684657686788897,0.18929560297722056,-0.10535219851138973
27,choice_only,standard,6,0.74,-0.6924619735888773,0.16954301831872798,-0.11522849084063602
27,choice_only,projected,6,0.69,-0.6842247534335613,0.16954301831872798,-0.11522849084063602
27,choice_only,partial,6,0.69,-0.6842247534335613,0.16954301831872798,-0.11522849084063602
27,choice_only,standard,7,0.74,-0.6924389598898552,0.28641247754814236,0.043206238774071204
27,choice_only,projected,7,0.71,-0.6840720885065572,0.28641247754814236,0.043206238774071204
27,choice_only,partial,7,0.71,-0.6840720885065572,0.28641247754814236,0.043206238774071204
27,choice_only,standard,8,0.74,-0.6924148387220325,0.19917189530646684,-0.000414052346766558
27,choice_only,projected,8,0.74,-0.6836992583819048,0.19917189530646684,-0.000414052346766558
27,choice_only,partial,8,0.74,-0.6836992583819048,0.19917189530646684,-0.000414052346766558
27,choice_only,standard,9,0.75,-0.6923601191469748,0.23209286973728782,0.016046434868643933
27,choice_only,projected,9,0.73,-0.6829682073638483,0.23209286973728782,0.016046434868643933
27,choice_only,partial,9,0.73,-0.6829682073638483,0.23209286973728782,0.016046434868643933
27,choice_only,standard,10,0.79,-0.692395487723854,0.3242715981435865,0.16213579907179326
27,choice_only,projected,10,0.8,-0.683472340081235,0.3242715981435865,0.16213579907179326
27,choice_only,partial,10,0.8,-0.683472340081235,0.3242715981435865,0.16213579907179326
27,choice_only,standard,11,0.79,-0.692340725843332,0.27982828266197823,0.03991414133098914
27,choice_only,projected,11,0.82,-0.6827740457924583,0.27982828266197823,0.03991414133098914
27,choice_only,partial,11,0.82,-0.6827740457924583,0.27982828266197823,0.03991414133098914
27,choice_only,standard,12,0.78,-0.6924852579319629,0.31768740325742234,0.15884370162871117
27,choice_only,projected,12,0.81,-0.6843785207328744,0.3143953058143403,0.15719765290717014
27,choice_only,partial,12,0.81,-0.6843785207328744,0.3143953058143403,0.15719765290717014
27,choice_only,standard,13,0.77,-0.6922331987786188,0.28970457499122454,0.14485228749561227
27,choice_only,projected,13,0.82,-0.6819938424664903,0.28970457499122454,0.14485228749561227
27,choice_only,partial,13,0.82,-0.6819938424664903,0.28970457499122454,0.14485228749561227
27,choice_only,standard,14,0.75,-0.6920708932224114,0.26830594161119087,0.13415297080559543
27,choice_only,projected,14,0.83,-0.679840672907665,0.26830594161119087,0.13415297080559543
27,choice_only,partial,14,0.83,-0.679840672907665,0.26830594161119087,0.13415297080559543
27,choice_only,standard,15,0.73,-0.6920453164707875,0.2501994056742394,0.1250997028371197
27,choice_only,projected,15,0.8,-0.680407726803901,0.2501994056742394,0.1250997028371197
27,choice_only,partial,15,0.8,-0.680407726803901,0.2501994056742394,0.1250997028371197
27,choice_only,standard,16,0.75,-0.6919564837672254,0.21892447996495942,0.10946223998247971
27,choice_only,projected,16,0.81,-0.6793272322981585,0.21892447996495942,0.10946223998247971
27,choice_only,partial,16,0.81,-0.6793272322981585,0.21892447996495942,0.10946223998247971
27,choice_only,standard,17,0.75,-0.6918908646501218,0.2600756980034857,0.03003784900174286
27,choice_only,projected,17,0.81,-0.6784049309283554,0.2600756980034857,0.03003784900174286
27,choice_only,partial,17,0.81,-0.6784049309283554,0.2600756980034857,0.03003784900174286
27,choice_only,standard,18,0.77,-0.6918623822631647,0.20740213891417209,0.0037010694570860647
27,choice_only,projected,18,0.81,-0.6784370789153888,0.2419691620665341,0.020984581033267072
27,choice_only,partial,18,0.81,-0.6784370789153888,0.2419691620665341,0.020984581033267072
27,choice_only,standard,19,0.77,-0.6916499647255974,0.23538496718036991,0.11769248359018496
27,choice_only,projected,19,0.82,-0.6757242446200222,0.23538496718036991,0.11769248359018496
27,choice_only,partial,19,0.82,-0.6757242446200222,0.23538496718036991,0.11769248359018496
27,choice_only,standard,20,0.79,-0.6917883650793002,0.21234028507879524,0.006170142539397641
27,choice_only,projected,20,0.82,-0.6774472149502789,0.21234028507879524,0.006170142539397641
27,choice_only,partial,20,0.82,-0.6774472149502789,0.21234028507879524,0.006170142539397641
27,inference_affirm,standard,1,0.63,-0.6930536587914807,0.406574034220639,0.10328701711031951
27,inference_affirm,projected,1,0.63,-0.6922881378077967,0.406574034220639,0.10328701711031951
27,inference_affirm,partial,1,0.68,-0.6920814617264835,0.36213071873903063,-0.018934640630484695
27,inference_affirm,standard,2,0.73,-0.6929225583342271,0.3489623289667022,0.1744811644833511
27,inference_affirm,projected,2,0.75,-0.6909778115728777,0.3489623289667022,0.1744811644833511
27,inference_affirm,partial,2,0.64,-0.6917719882943371,0.08724058224167555,0.043620291120837776
27,inference_affirm,standard,3,0.71,-0.6928078852211214,0.1497904336602354,-0.02510478316988228
27,inference_affirm,projected,3,0.69,-0.6892183493246756,0.1497904336602354,-0.02510478316988228
27,inference_affirm,partial,3,0.67,-0.6901516962784858,-0.006584194886164194,-0.10329209744308207
27,inference_affirm,standard,4,0.75,-0.6926100155975417,0.24361521078807513,0.021807605394037588
27,inference_affirm,projected,4,0.72,-0.6869556435788375,0.24361521078807513,0.021807605394037588
27,inference_affirm,partial,4,0.66,-0.6882060271003638,0.05267355908931355,-0.17366322045534324
27,inference_affirm,standard,5,0.75,-0.6924830660948857,0.18929560297722056,-0.10535219851138973
27,inference_affirm,projected,5,0.71,-0.684657686788897,0.18929560297722056,-0.10535219851138973
27,inference_affirm,partial,5,0.68,-0.6863505809907348,0.004938146164623145,-0.0975309269176884
27,inference_affirm,standard,6,0.74,-0.6924619735888773,0.16954301831872798,-0.11522849084063602
27,inference_affirm,projected,6,0.69,-0.6842247534335613,0.16954301831872798,-0.11522849084063602
27,inference_affirm,partial,6,0.66,-0.6861246290774097,-0.11357736178633233,-0.2567886808931662
27,inference_affirm,standard,7,0.74,-0.6924389598898552,0.28641247754814236,0.043206238774071204
27,inference_affirm,projected,7,0.71,-0.6840720885065572,0.28641247754814236,0.043206238774071204
27,inference_affirm,partial,7,0.67,-0.6859913901900832,-0.03292097443082097,-0.11646048721541047
27,inference_affirm,standard,8,0.74,-0.6924148387220325,0.19917189530646684,-0.000414052346766558
27,inference_affirm,projected,8,0.74,-0.6836992583819048,0.19917189530646684,-0.000414052346766558
27,inference_affirm,partial,8,0.64,-0.685889085303601,0.034567023152362014,-0.08271648842381897
27,inference_affirm,standard,9,0.75,-0.6923601191469748,0.23209286973728782,0.016046434868643933
27,inference_affirm,projected,9,0.73,-0.6829682073638483,0.23209286973728782,0.016046434868643933
27,inference_affirm,partial,9,0.65,-0.6853478198863137,0.07736428991242927,-0.06131785504378534
27,inference_affirm,standard,10,0.69,-0.6923249266388671,0.17777326192643322,-0.1111133690367834
27,inference_affirm,projected,10,0.7,-0.6825024135205368,0.17777326192643322,-0.1111133690367834
27,inference_affirm,partial,10,0.64,-0.6851461432550271,0.06254985141855984,-0.06872507429072006
27,inference_affirm,standard,11,0.68,-0.6923798175139346,0.07571824119088823,-0.1621408794045559
27,inference_affirm,projected,11,0.65,-0.6832314559547189,0.07571824119088823,-0.1621408794045559
27,inference_affirm,partial,11,0.62,-0.6858887586829931,-0.0987629232924629,-0.24938146164623146
27,inference_affirm,standard,12,0.73,-0.6925242584895764,0.21234028507879524,0.006170142539397641
27,inference_affirm,projected,12,0.69,-0.6847784132848151,0.21234028507879524,0.006170142539397641
27,inference_affirm,partial,12,0.64,-0.6859056585734333,-0.0477354129246904,-0.22386770646234522
27,inference_affirm,standard,13,0.71,-0.6922720696651986,0.2485533569526983,0.02427667847634918
27,inference_affirm,projected,13,0.74,-0.6823814476937597,0.2831203801050603,0.14156019005253015
27,inference_affirm,partial,13,0.67,-0.6862767068274946,0.03292097443082097,-0.08353951278458949
27,inference_affirm,standard,14,0.74,-0.6924349407999931,0.38846749828368743,0.19423374914184371
27,inference_affirm,projected,14,0.79,-0.6845877148553012,0.4032819367775568,0.3016409683887784
27,inference_affirm,partial,14,0.64,-0.686693020190923,0.027982828266197822,-0.1860085858669011
27,inference_affirm,standard,15,0.72,-0.6924608952449849,0.31110320837125816,0.0555516041856291
27,inference_affirm,projected,15,0.74,-0.6840339714890239,0.31110320837125816,0.0555516041856291
27,inference_affirm,partial,15,0.68,-0.6857943997135311,-0.23373891845882885,-0.41686945922941443
27,inference_affirm,standard,16,0.73,-0.6923720355069104,0.3028729647635529,0.05143648238177648
27,inference_affirm,projected,16,0.73,-0.6829524727439866,0.3259176468651276,0.06295882343256382
27,inference_affirm,partial,16,0.69,-0.684991162028536,-0.22386262612958258,-0.41193131306479125
27,inference_affirm,standard,17,0.73,-0.6923062893716811,0.3440241828020791,0.17201209140103954
27,inference_affirm,projected,17,0.76,-0.6819978994063794,0.3818833033975232,0.1909416516987616
27,inference_affirm,partial,17,0.71,-0.6840328024384047,-0.1975258465849258,-0.19876292329246287
27,inference_affirm,standard,18,0.76,-0.6922775766086816,0.340732085358997,0.1703660426794985
27,inference_affirm,projected,18,0.78,-0.6820053737012153,0.340732085358997,0.1703660426794985
27,inference_affirm,partial,18,0.74,-0.6839146773966696,-0.19587979786338475,-0.19793989893169234
27,inference_affirm,standard,19,0.78,-0.6920648569747903,0.31933345197896335,0.15966672598948167
27,inference_affirm,projected,19,0.8,-0.6792609388667655,0.3143953058143403,0.15719765290717014
27,inference_affirm,partial,19,0.73,-0.6812041149567392,-0.14320623877407118,-0.17160311938703557
27,inference_affirm,standard,20,0.79,-0.6919272102850603,0.30781111092817603,0.15390555546408802
27,inference_affirm,projected,20,0.78,-0.6776588611926612,0.30781111092817603,0.15390555546408802
27,inference_affirm,partial,20,0.73,-0.6795257082845038,-0.14156019005253015,-0.17078009502626507
27,inference_categories,standard,1,0.63,-0.6930536587914807,0.406574034220639,0.10328701711031951
27,inference_categories,projected,1,0.63,-0.6922881378077967,0.406574034220639,0.10328701711031951
27,inference_categories,partial,1,0.66,-0.6921924751065606,0.40822008294218,0.004110041471089981
27,inference_categories,standard,2,0.73,-0.6929225583342271,0.3489623289667022,0.1744811644833511
27,inference_categories,projected,2,0.75,-0.6909778115728777,0.3489623289667022,0.1744811644833511
27,inference_categories,partial,2,0.62,-0.6921400465013718,0.05267355908931355,-0.17366322045534324
27,inference_categories,standard,3,0.71,-0.6928078852211214,0.1497904336602354,-0.02510478316988228
27,inference_categories,projected,3,0.69,-0.6892183493246756,0.1497904336602354,-0.02510478316988228
27,inference_categories,partial,3,0.66,-0.6905168530282891,0.01975258465849258,-0.19012370767075373
27,inference_categories,standard,4,0.75,-0.6926100155975417,0.24361521078807513,0.021807605394037588
27,inference_categories,projected,4,0.72,-0.6869556435788375,0.24361521078807513,0.021807605394037588
27,inference_categories,partial,4,0.68,-0.6884319651625824,0.06913404630472403,-0.165432976847638
27,inference_categories,standard,5,0.75,-0.6924830660948857,0.18929560297722056,-0.10535219851138973
27,inference_categories,projected,5,0.71,-0.684657686788897,0.18929560297722056,-0.10535219851138973
27,inference_categories,partial,5,0.67,-0.6871806576263595,-0.006584194886164194,-0.2032920974430821
27,inference_categories,standard,6,0.74,-0.6924619735888773,0.16954301831872798,-0.11522849084063602
27,inference_categories,projected,6,0.69,-0.6842247534335613,0.16954301831872798,-0.11522849084063602
27,inference_categories,partial,6,0.63,-0.6869793254128871,-0.13991414133098912,-0.26995707066549457
27,inference_categories,standard,7,0.74,-0.6924389598898552,0.28641247754814236,0.043206238774071204
27,inference_categories,projected,7,0.71,-0.6840720885065572,0.28641247754814236,0.043206238774071204
27,inference_categories,partial,7,0.64,-0.6868372407290555,-0.06419590014010088,-0.13209795007005043
27,inference_categories,standard,8,0.74,-0.6924148387220325,0.19917189530646684,-0.000414052346766558
27,inference_categories,projected,8,0.74,-0.6836992583819048,0.19917189530646684,-0.000414052346766558
27,inference_categories,partial,8,0.64,-0.6867662957209499,-0.018106535936951534,-0.10905326796847574
27,inference_categories,standard,9,0.75,-0.6923601191469748,0.23209286973728782,0.016046434868643933
27,inference_categories,projected,9,0.73,-0.6829682073638483,0.23209286973728782,0.016046434868643933
27,inference_categories,partial,9,0.64,-0.6863820191413141,-0.003292097443082097,-0.10164604872154102
27,inference_categories,standard,10,0.69,-0.6923249266388671,0.17777326192643322,-0.1111133690367834
27,inference_categories,projected,10,0.7,-0.6825024135205368,0.17777326192643322,-0.1111133690367834
27,inference_categories,partial,10,0.62,-0.6863149277703536,0.018106535936951534,-0.19094673203152424
27,inference_categories,standard,11,0.68,-0.6923798175139346,0.07571824119088823,-0.1621408794045559
27,inference_categories,projected,11,0.65,-0.6832314559547189,0.07571824119088823,-0.1621408794045559
27,inference_categories,partial,11,0.62,-0.6870961305109549,-0.1909416516987616,-0.2954708258493808
27,inference_categories,standard,12,0.73,-0.6925242584895764,0.21234028507879524,0.006170142539397641
27,inference_categories,projected,12,0.69,-0.6847784132848151,0.21234028507879524,0.006170142539397641
27,inference_categories,partial,12,0.63,-0.687222757487362,-0.1497904336602354,-0.3748952168301177
27,inference_categories,standard,13,0.71,-0.6922720696651986,0.2485533569526983,0.02427667847634918
27,inference_categories,projected,13,0.74,-0.6823814476937597,0.2831203801050603,0.14156019005253015
27,inference_categories,partial,13,0.67,-0.6873905806200739,-0.041151218038526206,-0.22057560901926312
27,inference_categories,standard,14,0.7,-0.6921101954086911,0.16460487215410483,-0.1176975639229476
27,inference_categories,projected,14,0.7,-0.6803569695313368,0.16789696959718695,-0.11605151520140654
27,inference_categories,partial,14,0.62,-0.6880904281801848,-0.14156019005253015,-0.3707800950262651
27,inference_categories,standard,15,0.7,-0.6921362597454858,0.13168389772328387,-0.13415805113835808
27,inference_categories,projected,15,0.7,-0.6798659179353538,0.1629588234325638,-0.11852058828371811
27,inference_categories,partial,15,0.64,-0.687249773629867,-0.27324408777581405,-0.33662204388790706
27,inference_categories,standard,16,0.71,-0.6920476266254103,0.11193131306479129,-0.14403434346760435
27,inference_categories,projected,16,0.69,-0.6788232033253374,0.12180760539403757,-0.13909619730298123
27,inference_categories,partial,16,0.65,-0.6866017961819211,-0.2666598928896498,-0.33332994644482494
27,inference_categories,standard,17,0.71,-0.6919818593180662,0.10370106945708604,-0.148149465271457
27,inference_categories,projected,17,0.72,-0.6778636310033415,0.13991414133098912,-0.13004292933450545
27,inference_categories,partial,17,0.67,-0.6854933903923776,-0.24361521078807513,-0.3218076053940376
27,inference_categories,standard,18,0.74,-0.6919530359157109,0.16131277471102276,-0.11934361264448863
27,inference_categories,projected,18,0.73,-0.6778431655418433,0.18271140809105635,-0.10864429595447184
27,inference_categories,partial,18,0.67,-0.6853068156315962,-0.22221657740804152,-0.31110828870402074
27,inference_categories,standard,19,0.77,-0.6917408118609489,0.1497904336602354,-0.12510478316988233
27,inference_categories,projected,19,0.73,-0.6751890259434091,0.1497904336602354,-0.12510478316988233
27,inference_categories,partial,19,0.69,-0.6825864852092904,-0.16625092087564589,-0.1831254604378229
27,inference_categories,standard,20,0.75,-0.6916036667535104,0.1497904336602354,-0.12510478316988233
27,inference_categories,projected,20,0.74,-0.67366847983316,0.1497904336602354,-0.12510478316988233
27,inference_categories,partial,20,0.7,-0.6807357558642185,-0.2139863338003363,-0.2069931669001681
28,choice_only,standard,1,0.27,-0.6933183528942279,0.1405883278614505,-0.22970583606927475
28,choice_only,projected,1,0.23,-0.6950393537499879,0.1405883278614505,-0.22970583606927475
28,choice_only,partial,1,0.23,-0.6950393537499879,0.1405883278614505,-0.22970583606927475
28,choice_only,standard,2,0.3,-0.693289598575924,0.12452109039157044,-0.23773945480421477
28,choice_only,projected,2,0.29,-0.6951103007013912,0.12452109039157044,-0.23773945480421477
28,choice_only,partial,2,0.29,-0.6951103007013912,0.12452109039157044,-0.23773945480421477
28,choice_only,standard,3,0.38,-0.6932225007679313,-0.08354963484337628,-0.34177481742168814
28,choice_only,projected,3,0.31,-0.6943556282898782,-0.08354963484337628,-0.34177481742168814
28,choice_only,partial,3,0.31,-0.6943556282898782,-0.08354963484337628,-0.34177481742168814
28,choice_only,standard,4,0.55,-0.6930363980364693,0.10845385292169038,-0.1457730735391548
28,choice_only,projected,4,0.55,-0.6918456924007438,0.10845385292169038,-0.1457730735391548
28,choice_only,partial,4,0.55,-0.6918456924007438,0.10845385292169038,-0.1457730735391548
28,choice_only,standard,5,0.54,-0.6930746096559094,0.01847732309036207,-0.19076133845481896
28,choice_only,projected,5,0.56,-0.6918261547977536,0.01847732309036207,-0.19076133845481896
28,choice_only,partial,5,0.56,-0.6918261547977536,0.01847732309036207,-0.19076133845481896
28,choice_only,standard,6,0.68,-0.6928951933809638,0.08354963484337628,-0.058225182578311836
28,choice_only,projected,6,0.68,-0.6894089638894697,0.08354963484337628,-0.058225182578311836
28,choice_only,partial,6,0.68,-0.6894089638894697,0.08354963484337628,-0.058225182578311836
28,choice_only,standard,7,0.65,-0.6929731835035333,0.07310593048795426,-0.16344703475602287
28,choice_only,projected,7,0.65,-0.6904812216991766,0.07310593048795426,-0.16344703475602287
28,choice_only,partial,7,0.65,-0.6904812216991766,0.07310593048795426,-0.16344703475602287
28,choice_only,standard,8,0.69,-0.6928227127911109,0.0851563585903643,-0.05742182070481783
28,choice_only,projected,8,0.7,-0.6884839330056617,0.0851563585903643,-0.05742182070481783
28,choice_only,partial,8,0.7,-0.6884839330056617,0.0851563585903643,-0.05742182070481783
28,choice_only,standard,9,0.65,-0.692854919430151,0.14460513722892052,-0.02769743138553972
28,choice_only,projected,9,0.72,-0.6888046956535173,0.14460513722892052,-0.02769743138553972
28,choice_only,partial,9,0.72,-0.6888046956535173,0.14460513722892052,-0.02769743138553972
28,choice_only,standard,10,0.64,-0.6928301818154613,0.04177481742168814,-0.0791125912891559
28,choice_only,projected,10,0.74,-0.6881330331899196,0.04820171240964018,-0.0758991437951799
28,choice_only,partial,10,0.74,-0.6881330331899196,0.04820171240964018,-0.0758991437951799
28,choice_only,standard,11,0.67,-0.6926822218805913,0.1397849659879565,-0.030107517006021725
28,choice_only,projected,11,0.77,-0.6863628218488671,0.1397849659879565,-0.030107517006021725
28,choice_only,partial,11,0.77,-0.6863628218488671,0.1397849659879565,-0.030107517006021725
28,choice_only,standard,12,0.72,-0.6928773916365369,0.21289089647591078,0.006445448237955412
28,choice_only,projected,12,0.77,-0.6891462328621857,0.22976149581928484,0.014880747909642444
28,choice_only,partial,12,0.77,-0.6891462328621857,0.22976149581928484,0.014880747909642444
28,choice_only,standard,13,0.72,-0.6926641244071828,0.12050428102410043,-0.03974785948794976
28,choice_only,projected,13,0.77,-0.6864340939073803,0.12050428102410043,-0.03974785948794976
28,choice_only,partial,13,0.77,-0.6864340939073803,0.12050428102410043,-0.03974785948794976
28,choice_only,standard,14,0.71,-0.6927949781088489,0.18316650715663269,-0.008416746421683635
28,choice_only,projected,14,0.74,-0.6885577574810284,0.1968236590060307,-0.0015881704969846339
28,choice_only,partial,14,0.74,-0.6885577574810284,0.1968236590060307,-0.0015881704969846339
28,choice_only,standard,15,0.69,-0.6926780064570806,0.07230256861446026,-0.06384871569276984
28,choice_only,projected,15,0.74,-0.6871594256628932,0.06185886425903822,-0.06907056787048087
28,choice_only,partial,15,0.74,-0.6871594256628932,0.06185886425903822,-0.06907056787048087
28,choice_only,standard,16,0.7,-0.6925912238874293,0.1116673004156664,-0.04416634979216678
28,choice_only,projected,16,0.74,-0.6861386403656975,0.12211100477108845,-0.03894449761445575
28,choice_only,partial,16,0.74,-0.6861386403656975,0.12211100477108845,-0.03894449761445575
28,choice_only,standard,17,0.71,-0.6927375092041942,0.052218521777110186,-0.17389073911144493
28,choice_only,projected,17,0.75,-0.6885861804676119,0.04177481742168814,-0.17911259128915594
28,choice_only,partial,17,0.75,-0.6885861804676119,0.04177481742168814,-0.17911259128915594
28,choice_only,standard,18,0.7,-0.6928443787028523,0.13014462350602846,-0.03492768824698575
28,choice_only,projected,18,0.68,-0.6903662389605746,0.1333580710000045,-0.03332096449999773
28,choice_only,partial,18,0.68,-0.6903662389605746,0.1333580710000045,-0.03332096449999773
28,choice_only,standard,19,0.71,-0.692731627041171,0.1727228028012106,-0.013638598599394675
28,choice_only,projected,19,0.71,-0.6892554323568063,0.18155978340964463,0.09077989170482231
28,choice_only,partial,19,0.71,-0.6892554323568063,0.18155978340964463,0.09077989170482231
28,choice_only,standard,20,0.48,-0.6930970182375191,0.1638858221927766,-0.11805708890361172
28,choice_only,projected,20,0.44,-0.6943560217621791,0.20003710650000672,-0.09998144674999665
28,choice_only,partial,20,0.44,-0.6943560217621791,0.20003710650000672,-0.09998144674999665
28,inference_affirm,standard,1,0.73,-0.6929761278414185,-0.1405883278614505,-0.27029416393072525
28,inference_affirm,projected,1,0.77,-0.6912693704057077,-0.1405883278614505,-0.27029416393072525
28,inference_affirm,partial,1,0.76,-0.6909161848082561,-0.12371772851807644,-0.1618588642590382
28,inference_affirm,standard,2,0.71,-0.6929474487065582,-0.19843038275301872,-0.39921519137650935
28,inference_affirm,projected,2,0.76,-0.6913419855146639,-0.19843038275301872,-0.39921519137650935
28,inference_affirm,partial,2,0.68,-0.6908597648779947,-0.1413916897349445,-0.37069584486747226
28,inference_affirm,standard,3,0.71,-0.6928805452585685,-0.12291436664458244,-0.26145718332229123
28,inference_affirm,projected,3,0.63,-0.6906170554473671,-0.12291436664458244,-0.26145718332229123
28,inference_affirm,partial,3,0.62,-0.6912158364268326,0.006426894987952022,-0.09678655250602397
28,inference_affirm,standard,4,0.7,-0.6926948665027486,-0.08917316795783432,-0.24458658397891717
28,inference_affirm,projected,4,0.67,-0.6881724019857413,-0.07872946360241229,-0.23936473180120615
28,inference_affirm,partial,4,0.69,-0.6886799688095698,0.08997652983132833,-0.055011735084335815
28,inference_affirm,standard,5,0.7,-0.692733021147476,-0.08354963484337628,-0.24177481742168816
28,inference_affirm,projected,5,0.67,-0.6881477119600861,-0.08354963484337628,-0.24177481742168816
28,inference_affirm,partial,5,0.75,-0.6886570695866377,0.14540849910241452,-0.02729575044879272
28,inference_affirm,standard,6,0.73,-0.6925538625246505,0.053825245524098196,0.026912622762049098
28,inference_affirm,projected,6,0.73,-0.6857771119743465,0.04498826491566416,0.02249413245783208
28,inference_affirm,partial,6,0.74,-0.6884194367565611,0.32134474939760116,0.16067237469880058
28,inference_affirm,standard,7,0.73,-0.692631711558208,0.027314303698796095,-0.08634284815060193
28,inference_affirm,projected,7,0.71,-0.6868357616014491,0.027314303698796095,-0.08634284815060193
28,inference_affirm,partial,7,0.7,-0.6894012291232946,0.3655296524397713,0.18276482621988566
28,inference_affirm,standard,8,0.76,-0.6924815221312626,0.0819429110963883,0.04097145554819415
28,inference_affirm,projected,8,0.72,-0.6848763516855472,0.0819429110963883,0.04097145554819415
28,inference_affirm,partial,8,0.69,-0.689505160612589,0.38159688990965135,0.19079844495482567
28,inference_affirm,standard,9,0.71,-0.6925136757481074,0.06185886425903822,-0.06907056787048087
28,inference_affirm,projected,9,0.72,-0.6851914385254523,0.06185886425903822,-0.06907056787048087
28,inference_affirm,partial,9,0.66,-0.689858973709126,0.46032635351206364,0.23016317675603182
28,inference_affirm,standard,10,0.73,-0.6925384135692465,0.08997652983132833,-0.055011735084335815
28,inference_affirm,projected,10,0.73,-0.685866263223497,0.09720678669277436,-0.0513966066536128
28,inference_affirm,partial,10,0.74,-0.6894617096970488,0.273946398861455,0.1369731994307275
28,inference_affirm,standard,11,0.77,-0.6923906888608977,0.10443704355422037,-0.04778147822288979
28,inference_affirm,projected,11,0.75,-0.6841168682335794,0.10443704355422037,-0.04778147822288979
28,inference_affirm,partial,11,0.73,-0.6892903019560275,0.31170440691567314,0.15585220345783657
28,inference_affirm,standard,12,0.7,-0.6921965123796615,0.046594988662652166,-0.0767025056686739
28,inference_affirm,projected,12,0.72,-0.6815286863169386,0.046594988662652166,-0.0767025056686739
28,inference_affirm,partial,12,0.71,-0.6868371523410934,0.27715984635543095,0.13857992317771547
28,inference_affirm,standard,13,0.75,-0.691984578514196,0.027314303698796095,-0.08634284815060193
28,inference_affirm,projected,13,0.72,-0.6789930933487044,0.012050428102410044,-0.09397478594879495
28,inference_affirm,partial,13,0.72,-0.6865024902815812,0.32375483501808316,0.16187741750904158
28,inference_affirm,standard,14,0.73,-0.6921149562145053,0.027314303698796095,-0.08634284815060193
28,inference_affirm,projected,14,0.72,-0.6810633410896905,0.027314303698796095,-0.08634284815060193
28,inference_affirm,partial,14,0.65,-0.6885080775257787,0.32536155876507117,0.16268077938253558
28,inference_affirm,standard,15,0.72,-0.691998579548856,-0.012853789975904044,-0.106426894987952
28,inference_affirm,projected,15,0.71,-0.679749636568022,0.008033618734940028,-0.09598319063252997
28,inference_affirm,partial,15,0.68,-0.6871575483038181,0.266716142000009,0.1333580710000045
28,inference_affirm,standard,16,0.72,-0.691912043570579,0.01124706622891604,-0.09437646688554195
28,inference_affirm,projected,16,0.71,-0.678757729005806,0.01124706622891604,-0.09437646688554195
28,inference_affirm,partial,16,0.72,-0.6857723652597495,0.3374119868674812,0.1687059934337406
28,inference_affirm,standard,17,0.75,-0.6920580309889709,0.007230256861446026,-0.196384871569277
28,inference_affirm,projected,17,0.73,-0.6811395090908793,0.007230256861446026,-0.196384871569277
28,inference_affirm,partial,17,0.67,-0.6873627085968067,0.27715984635543095,0.13857992317771547
28,inference_affirm,standard,18,0.75,-0.6921644649201791,0.04579162678915817,-0.17710418660542093
28,inference_affirm,projected,18,0.75,-0.6828653989687778,0.030527751192772113,-0.18473612440361395
28,inference_affirm,partial,18,0.61,-0.6891134879006566,0.29242372195181704,0.14621186097590852
28,inference_affirm,standard,19,0.71,-0.6920521374708752,0.06989248299397825,-0.16505375850301088
28,inference_affirm,projected,19,0.73,-0.6818194683109179,0.06989248299397825,-0.16505375850301088
28,inference_affirm,partial,19,0.64,-0.6880537904548146,0.2514522664036229,0.12572613320181145
28,inference_affirm,standard,20,0.75,-0.6924176699273855,0.06667903550000225,-0.16666048224999888
28,inference_affirm,projected,20,0.73,-0.6869210856150814,0.10925721479518438,-0.14537139260240783
28,inference_affirm,partial,20,0.6,-0.6884066034709049,0.2482388189096469,0.12411940945482346
28,inference_categories,standard,1,0.73,-0.6929761278414185,-0.1405883278614505,-0.27029416393072525
28,inference_categories,projected,1,0.77,-0.6912693704057077,-0.1405883278614505,-0.27029416393072525
28,inference_categories,partial,1,0.79,-0.6909629983223666,0.0554319692710862,-0.07228401536445687
28,inference_categories,standard,2,0.71,-0.6929474487065582,-0.19843038275301872,-0.39921519137650935
28,inference_categories,projected,2,0.76,-0.6913419855146639,-0.19843038275301872,-0.39921519137650935
28,inference_categories,partial,2,0.74,-0.6909737753116926,-0.013657151849398048,-0.20682857592469903
28,inference_categories,standard,3,0.69,-0.6930144987371445,0.13416143287349847,-0.13291928356325078
28,inference_categories,projected,3,0.62,-0.6920899479563599,0.13416143287349847,-0.13291928356325078
28,inference_categories,partial,3,0.71,-0.6911339259863347,0.12291436664458244,-0.23854281667770877
28,inference_categories,standard,4,0.7,-0.6928285128014126,0.08917316795783432,-0.055413416021082816
28,inference_categories,projected,4,0.77,-0.6895670186405403,0.07712273985542427,-0.06143863007228784
28,inference_categories,partial,4,0.77,-0.6888386077411872,0.31170440691567314,0.15585220345783657
28,inference_categories,standard,5,0.66,-0.6928667074058467,0.14219505160843854,-0.02890247419578071
28,inference_categories,projected,5,0.74,-0.6895504713112715,0.14219505160843854,-0.02890247419578071
28,inference_categories,partial,5,0.76,-0.6888433641154456,0.3333951775000112,0.1666975887500056
28,inference_categories,standard,6,0.74,-0.6926873427179551,0.20967744898193474,0.004838724490967394
28,inference_categories,projected,6,0.78,-0.6871477476763097,0.20967744898193474,0.004838724490967394
28,inference_categories,partial,6,0.74,-0.6887864832378395,0.4330120498132675,0.21650602490663376
28,inference_categories,standard,7,0.73,-0.6927652720776202,0.15424547971084854,-0.02287726014457571
28,inference_categories,projected,7,0.84,-0.6882169635509634,0.14942530846988453,-0.025287345765057714
28,inference_categories,partial,7,0.71,-0.6898338138269495,0.4667532485000157,0.23337662425000785
28,inference_categories,standard,8,0.74,-0.6926149920390857,0.2217278770843448,0.010863938542172422
28,inference_categories,projected,8,0.78,-0.6862394638954727,0.20646400148795874,0.0032320007439793907
28,inference_categories,partial,8,0.62,-0.6899788619599653,0.5189717702771259,0.35948588513856294
28,inference_categories,standard,9,0.76,-0.6925828354491158,0.1695093553072346,-0.015245322346382678
28,inference_categories,projected,9,0.78,-0.6859253703505749,0.1695093553072346,-0.015245322346382678
28,inference_categories,partial,9,0.62,-0.6900005486071321,0.525398665265078,0.36269933263253895
28,inference_categories,standard,10,0.76,-0.6926075927159034,0.15263875596386056,-0.12368062201806973
28,inference_categories,projected,10,0.81,-0.6866032785202854,0.15263875596386056,-0.12368062201806973
28,inference_categories,partial,10,0.66,-0.6898976921623663,0.4547028203976057,0.22735141019880284
28,inference_categories,standard,11,0.76,-0.6924600372571004,0.276356484481937,0.038178242240968524
28,inference_categories,projected,11,0.81,-0.6848596647403947,0.276356484481937,0.038178242240968524
28,inference_categories,partial,11,0.67,-0.6895461647232675,0.570386930180742,0.285193465090371
28,inference_categories,standard,12,0.8,-0.6922657628366268,0.1325547091265105,-0.03372264543674473
28,inference_categories,projected,12,0.78,-0.682216429575212,0.15103203221687253,-0.024483983891563713
28,inference_categories,partial,12,0.74,-0.6872614959664948,0.5920777007650802,0.39603885038254005
28,inference_categories,standard,13,0.79,-0.6920535514466839,0.0819429110963883,-0.05902854445180583
28,inference_categories,projected,13,0.78,-0.6796300568724051,0.0819429110963883,-0.05902854445180583
28,inference_categories,partial,13,0.67,-0.6890815264145131,0.5406625408614639,0.37033127043073194
28,inference_categories,standard,14,0.79,-0.6921839894963101,0.09399333919879833,-0.05300333040060081
28,inference_categories,projected,14,0.8,-0.6817127669150258,0.09399333919879833,-0.05300333040060081
28,inference_categories,partial,14,0.56,-0.6909713242932364,0.6603634600120704,0.43018173000603516
28,inference_categories,standard,15,0.79,-0.6920674280894893,0.10283031980723235,-0.0485848400963838
28,inference_categories,projected,15,0.78,-0.680364460844086,0.09077989170482231,-0.05461005414758882
28,inference_categories,partial,15,0.59,-0.6900146441445122,0.6394760513012263,0.5197380256506131
28,inference_categories,standard,16,0.79,-0.6919808266774322,0.09720678669277436,-0.0513966066536128
28,inference_categories,projected,16,0.8,-0.6793633995755423,0.12934126163253445,-0.03532936918373275
28,inference_categories,partial,16,0.62,-0.6886414502215225,0.6531332031506244,0.5265666015753121
28,inference_categories,standard,17,0.77,-0.6918358639496054,0.11648747165663041,-0.04175626417168477
28,inference_categories,projected,17,0.76,-0.6771520930565222,0.12612781413855845,-0.036936092930720754
28,inference_categories,partial,17,0.63,-0.6874344996474322,0.6603634600120704,0.43018173000603516
28,inference_categories,standard,18,0.76,-0.6919421603252317,0.18557659277711466,-0.007211703611442646
28,inference_categories,projected,18,0.77,-0.6788480710733341,0.18557659277711466,-0.007211703611442646
28,inference_categories,partial,18,0.61,-0.689294022973562,0.6643802693795404,0.5321901346897702
28,inference_categories,standard,19,0.77,-0.6920550021511801,0.21128417272892275,0.005642086364461396
28,inference_categories,projected,19,0.78,-0.6799216170415179,0.21449762022289878,0.0072488101114494136
28,inference_categories,partial,19,0.56,-0.6903393133097954,0.6330491563132743,0.5165245781566371
28,inference_categories,standard,20,0.76,-0.6916936715642796,0.17995305966265665,0.08997652983132833
28,inference_categories,projected,20,0.76,-0.6755330772928051,0.1936102115120547,0.09680510575602735
28,inference_categories,partial,20,0.76,-0.6857430242529713,0.6330491563132743,0.4165245781566371
29,choice_only,standard,1,0.68,-0.6929178301637949,-0.298072006519124,-0.04903600325956203
29,choice_only,projected,1,0.72,-0.6899031878192382,-0.298072006519124,-0.04903600325956203
29,choice_only,partial,1,0.72,-0.6899031878192382,-0.298072006519124,-0.04903600325956203
29,choice_only,standard,2,0.71,-0.6927020729764467,-0.22278577806841743,-0.011392889034208736
29,choice_only,projected,2,0.74,-0.6866068135923168,-0.22278577806841743,-0.011392889034208736
29,choice_only,partial,2,0.74,-0.6866068135923168,-0.22278577806841743,-0.011392889034208736
29,choice_only,standard,3,0.71,-0.6927378901128977,-0.17361926152918047,0.11319036923540972
29,choice_only,projected,3,0.73,-0.6868770030997416,-0.17361926152918047,0.11319036923540972
29,choice_only,partial,3,0.73,-0.6868770030997416,-0.17361926152918047,0.11319036923540972
29,choice_only,standard,4,0.7,-0.6926428750999918,-0.1628640860362224,0.11856795698188875
29,choice_only,projected,4,0.75,-0.6853627550757061,-0.1628640860362224,0.11856795698188875
29,choice_only,partial,4,0.75,-0.6853627550757061,-0.1628640860362224,0.11856795698188875
29,choice_only,standard,5,0.69,-0.6925757247948884,-0.20281188072435244,-0.0014059403621762417
29,choice_only,projected,5,0.76,-0.684891355663018,-0.20281188072435244,-0.0014059403621762417
29,choice_only,partial,5,0.76,-0.684891355663018,-0.20281188072435244,-0.0014059403621762417
29,choice_only,standard,6,0.76,-0.6923094204989806,-0.0645310529577485,0.06773447352112573
29,choice_only,projected,6,0.77,-0.6816878166688081,-0.0645310529577485,0.06773447352112573
29,choice_only,partial,6,0.77,-0.6816878166688081,-0.0645310529577485,0.06773447352112573
29,choice_only,standard,7,0.73,-0.6917628156385797,-0.0752862284507066,0.06235688577464668
29,choice_only,projected,7,0.76,-0.6750464921683011,-0.0645310529577485,0.06773447352112573
29,choice_only,partial,7,0.76,-0.6750464921683011,-0.0645310529577485,0.06773447352112573
29,choice_only,standard,8,0.72,-0.6916053042482478,-0.06760396024145082,0.06619801987927457
29,choice_only,projected,8,0.74,-0.6728429828334509,-0.06760396024145082,0.06619801987927457
29,choice_only,partial,8,0.74,-0.6728429828334509,-0.06760396024145082,0.06619801987927457
29,choice_only,standard,9,0.72,-0.6915238193927012,-0.09526012579477161,0.05236993710261417
29,choice_only,projected,9,0.77,-0.6717202097803023,-0.07682268209255774,0.06158865895372111
29,choice_only,partial,9,0.77,-0.6717202097803023,-0.07682268209255774,0.06158865895372111
29,choice_only,standard,10,0.75,-0.6914735610040266,-0.058385238390343895,0.07080738080482803
29,choice_only,projected,10,0.78,-0.6704382312227647,-0.06299459931589736,0.0685027003420513
29,choice_only,partial,10,0.78,-0.6704382312227647,-0.06299459931589736,0.0685027003420513
29,choice_only,standard,11,0.76,-0.6912958203626336,-0.10294239400402738,0.04852880299798629
29,choice_only,projected,11,0.77,-0.6678472406079594,-0.0814320430181112,0.059283978490944376
29,choice_only,partial,11,0.77,-0.6678472406079594,-0.0814320430181112,0.059283978490944376
29,choice_only,standard,12,0.75,-0.6912040312018042,-0.03380198012072541,0.08309900993963727
29,choice_only,projected,12,0.77,-0.666496060956787,-0.03380198012072541,0.08309900993963727
29,choice_only,partial,12,0.77,-0.666496060956787,-0.03380198012072541,0.08309900993963727
29,choice_only,standard,13,0.75,-0.6909745411925157,0.006145814567404619,0.10307290728370229
29,choice_only,projected,13,0.77,-0.663733512133214,-0.010755175492958085,0.09462241225352093
29,choice_only,partial,13,0.77,-0.663733512133214,-0.010755175492958085,0.09462241225352093
29,choice_only,standard,14,0.74,-0.6909395570785872,-0.024583258269618477,0.08770837086519073
29,choice_only,projected,14,0.77,-0.6631123912011142,-0.03226552647887425,0.08386723676056285
29,choice_only,partial,14,0.77,-0.6631123912011142,-0.03226552647887425,0.08386723676056285
29,choice_only,standard,15,0.73,-0.690962327405941,-0.0046093609255534644,0.09769531953722324
29,choice_only,projected,15,0.76,-0.6630854251210279,-0.0046093609255534644,0.09769531953722324
29,choice_only,partial,15,0.76,-0.6630854251210279,-0.0046093609255534644,0.09769531953722324
29,choice_only,standard,16,0.74,-0.6905291827110019,-0.024583258269618477,0.08770837086519073
29,choice_only,projected,16,0.76,-0.658404560267134,-0.024583258269618477,0.08770837086519073
29,choice_only,partial,16,0.76,-0.658404560267134,-0.024583258269618477,0.08770837086519073
29,choice_only,standard,17,0.75,-0.690576127643776,-0.06914041388330197,0.06542979305834899
29,choice_only,projected,17,0.77,-0.6594825524609536,-0.0614581456740462,0.06927092716297688
29,choice_only,partial,17,0.77,-0.6594825524609536,-0.0614581456740462,0.06927092716297688
29,choice_only,standard,18,0.73,-0.6902049638915958,-0.06606750659959966,0.06696624670020015
29,choice_only,projected,18,0.77,-0.6559013779626871,-0.04609360925553465,0.07695319537223265
29,choice_only,partial,18,0.77,-0.6559013779626871,-0.04609360925553465,0.07695319537223265
29,choice_only,standard,19,0.73,-0.6900266816220131,-0.07682268209255774,0.06158865895372111
29,choice_only,projected,19,0.77,-0.6541695444397786,-0.06299459931589736,0.0685027003420513
29,choice_only,partial,19,0.77,-0.6541695444397786,-0.06299459931589736,0.0685027003420513
29,choice_only,standard,20,0.73,-0.6900873065612513,-0.06606750659959966,0.06696624670020015
29,choice_only,projected,20,0.76,-0.6542628589005126,-0.07682268209255774,0.06158865895372111
29,choice_only,partial,20,0.76,-0.6542628589005126,-0.07682268209255774,0.06158865895372111
29,inference_affirm,standard,1,0.68,-0.6929178301637949,-0.298072006519124,-0.04903600325956203
29,inference_affirm,projected,1,0.72,-0.6899031878192382,-0.298072006519124,-0.04903600325956203
29,inference_affirm,partial,1,0.65,-0.6898142413284752,-0.07989558937626004,0.06005220531186996
29,inference_affirm,standard,2,0.71,-0.6927020729764467,-0.22278577806841743,-0.011392889034208736
29,inference_affirm,projected,2,0.74,-0.6866068135923168,-0.22278577806841743,-0.011392889034208736
29,inference_affirm,partial,2,0.73,-0.6866798611472474,-0.09526012579477161,0.05236993710261417
29,inference_affirm,standard,3,0.71,-0.6927378901128977,-0.17361926152918047,0.11319036923540972
29,inference_affirm,projected,3,0.73,-0.6868770030997416,-0.17361926152918047,0.11319036923540972
29,inference_affirm,partial,3,0.71,-0.6874670702962028,-0.06760396024145082,0.06619801987927457
29,inference_affirm,standard,4,0.7,-0.6926428750999918,-0.1628640860362224,0.11856795698188875
29,inference_affirm,projected,4,0.75,-0.6853627550757061,-0.1628640860362224,0.11856795698188875
29,inference_affirm,partial,4,0.7,-0.6857754643418942,-0.13059855955734817,0.03470072022132589
29,inference_affirm,standard,5,0.69,-0.6925757247948884,-0.20281188072435244,-0.0014059403621762417
29,inference_affirm,projected,5,0.76,-0.684891355663018,-0.20281188072435244,-0.0014059403621762417
29,inference_affirm,partial,5,0.69,-0.685133427979803,-0.16593699331992473,0.017031503340037613
29,inference_affirm,standard,6,0.76,-0.6923094204989806,-0.0645310529577485,0.06773447352112573
29,inference_affirm,projected,6,0.77,-0.6816878166688081,-0.0645310529577485,0.06773447352112573
29,inference_affirm,partial,6,0.72,-0.6837710345814942,-0.3549207912676168,-0.1774603956338084
29,inference_affirm,standard,7,0.73,-0.6917628156385797,-0.0752862284507066,0.06235688577464668
29,inference_affirm,projected,7,0.76,-0.6750464921683011,-0.0645310529577485,0.06773447352112573
29,inference_affirm,partial,7,0.72,-0.68083616891589,-0.2719522946076544,-0.1359761473038272
29,inference_affirm,standard,8,0.72,-0.6916053042482478,-0.06760396024145082,0.06619801987927457
29,inference_affirm,projected,8,0.74,-0.6728429828334509,-0.06760396024145082,0.06619801987927457
29,inference_affirm,partial,8,0.72,-0.678248212915319,-0.258124211830994,-0.129062105915497
29,inference_affirm,standard,9,0.72,-0.6915238193927012,-0.09526012579477161,0.05236993710261417
29,inference_affirm,projected,9,0.77,-0.6717202097803023,-0.07682268209255774,0.06158865895372111
29,inference_affirm,partial,9,0.72,-0.6767615134948535,-0.26887938732395206,-0.03443969366197605
29,inference_affirm,standard,10,0.75,-0.6914735610040266,-0.058385238390343895,0.07080738080482803
29,inference_affirm,projected,10,0.78,-0.6704382312227647,-0.06299459931589736,0.0685027003420513
29,inference_affirm,partial,10,0.75,-0.6759978594539058,-0.25658775818914287,0.07170612090542852
29,inference_affirm,standard,11,0.76,-0.6912958203626336,-0.10294239400402738,0.04852880299798629
29,inference_affirm,projected,11,0.77,-0.6678472406079594,-0.0814320430181112,0.059283978490944376
29,inference_affirm,partial,11,0.77,-0.6775768349650864,-0.3011449138028264,0.04942754309858677
29,inference_affirm,standard,12,0.75,-0.6912040312018042,-0.03380198012072541,0.08309900993963727
29,inference_affirm,projected,12,0.77,-0.666496060956787,-0.03380198012072541,0.08309900993963727
29,inference_affirm,partial,12,0.77,-0.6779417182776514,-0.28270747010061253,0.05864626494969369
29,inference_affirm,standard,13,0.75,-0.6909745411925157,0.006145814567404619,0.10307290728370229
29,inference_affirm,projected,13,0.77,-0.663733512133214,-0.010755175492958085,0.09462241225352093
29,inference_affirm,partial,13,0.75,-0.6749276819393027,-0.2919261919517195,-0.045963095975859763
29,inference_affirm,standard,14,0.73,-0.6910096859287297,0.006145814567404619,0.10307290728370229
29,inference_affirm,projected,14,0.78,-0.6643929797931492,-0.0046093609255534644,0.09769531953722324
29,inference_affirm,partial,14,0.78,-0.6753354165893232,-0.26580648004024976,0.06709675997987508
29,inference_affirm,standard,15,0.75,-0.6910324733551215,-0.007682268209255775,0.09615886589537209
29,inference_affirm,projected,15,0.77,-0.6643682604826074,-0.007682268209255775,0.09615886589537209
29,inference_affirm,partial,15,0.78,-0.6752690422391597,-0.26580648004024976,0.06709675997987508
29,inference_affirm,standard,16,0.74,-0.690598653568036,-0.03226552647887425,0.08386723676056285
29,inference_affirm,projected,16,0.78,-0.6595898317858935,-0.03226552647887425,0.08386723676056285
29,inference_affirm,partial,16,0.78,-0.674628010122095,-0.38104050317908644,-0.09052025158954324
29,inference_affirm,standard,17,0.75,-0.6906456588861546,-0.07374977480885543,0.06312511259557227
29,inference_affirm,projected,17,0.76,-0.6606799950190936,-0.036874887404427716,0.1815625562977861
29,inference_affirm,partial,17,0.77,-0.6754548180911022,-0.3441656157746587,-0.07208280788732938
29,inference_affirm,standard,18,0.73,-0.6902739026735845,-0.052239423822939265,0.07388028808853034
29,inference_affirm,projected,18,0.78,-0.6570115194148333,-0.07682268209255774,0.06158865895372111
29,inference_affirm,partial,18,0.77,-0.6749031411051745,-0.36413951311872367,-0.08206975655936186
29,inference_affirm,standard,19,0.74,-0.6900955290675972,-0.07682268209255774,0.06158865895372111
29,inference_affirm,projected,19,0.77,-0.6552673932489611,-0.0614581456740462,0.06927092716297688
29,inference_affirm,partial,19,0.79,-0.6723441548547426,-0.4025508541650026,-0.10127542708250131
29,inference_affirm,standard,20,0.75,-0.6900352906944721,-0.0614581456740462,0.06927092716297688
29,inference_affirm,projected,20,0.75,-0.6551848622914678,-0.05070297018108811,0.07464851490945593
29,inference_affirm,partial,20,0.79,-0.671932111036335,-0.41176957601610953,-0.10588478800805479
29,inference_categories,standard,1,0.68,-0.6929178301637949,-0.298072006519124,-0.04903600325956203
29,inference_categories,projected,1,0.72,-0.6899031878192382,-0.298072006519124,-0.04903600325956203
29,inference_categories,partial,1,0.68,-0.6897784255225003,-0.20895769529175706,-0.004478847645878553
29,inference_categories,standard,2,0.71,-0.6927020729764467,-0.22278577806841743,-0.011392889034208736
29,inference_categories,projected,2,0.74,-0.6866068135923168,-0.22278577806841743,-0.011392889034208736
29,inference_categories,partial,2,0.71,-0.686876846737453,-0.2704158409658033,-0.03520792048290167
29,inference_categories,standard,3,0.69,-0.6926662790163199,-0.1874473443058409,0.00627632784707953
29,inference_categories,projected,3,0.77,-0.6863375440772841,-0.1874473443058409,0.00627632784707953
29,inference_categories,partial,3,0.7,-0.6861748997579576,-0.23661386084507785,-0.11830693042253893
29,inference_categories,standard,4,0.73,-0.6925711936396265,-0.129062105915497,0.03546894704225148
29,inference_categories,projected,4,0.76,-0.6848201044433309,-0.129062105915497,0.03546894704225148
29,inference_categories,partial,4,0.72,-0.68480710728286,-0.2596606654728451,-0.029830332736422577
29,inference_categories,standard,5,0.74,-0.6925040896126098,-0.1843744370221386,0.007812781488930678
29,inference_categories,projected,5,0.78,-0.6843542929853195,-0.1843744370221386,0.007812781488930678
29,inference_categories,partial,5,0.72,-0.6841760719745935,-0.36413951311872367,-0.18206975655936183
29,inference_categories,standard,6,0.73,-0.6922380726187961,-0.0814320430181112,0.059283978490944376
29,inference_categories,projected,6,0.78,-0.6811611454133936,-0.10294239400402738,0.04852880299798629
29,inference_categories,partial,6,0.77,-0.6825450631447493,-0.48705580446681607,-0.343527902233408
29,inference_categories,standard,7,0.71,-0.6916916845766156,-0.13828082776660394,0.030859586116698007
29,inference_categories,projected,7,0.79,-0.6745185473848888,-0.15364536418511548,0.023177317907442235
29,inference_categories,partial,7,0.73,-0.6803205074245156,-0.41484248329981177,-0.30742124164990586
29,inference_categories,standard,8,0.72,-0.6915341414774937,-0.12598919863179472,0.037005400684102616
29,inference_categories,projected,8,0.79,-0.6723123776024054,-0.11830693042253893,0.040846534788730515
29,inference_categories,partial,8,0.74,-0.6773609117921793,-0.36567596676057484,-0.2828379833802874
29,inference_categories,standard,9,0.71,-0.691452667146007,-0.10140594036217622,0.04929702981891187
29,inference_categories,projected,9,0.77,-0.6711943813284129,-0.10140594036217622,0.04929702981891187
29,inference_categories,partial,9,0.75,-0.6754449572701253,-0.4240612051509188,-0.11203060257545941
29,inference_categories,standard,10,0.72,-0.6914023804547013,-0.08911431122736697,0.05544284438631649
29,inference_categories,projected,10,0.77,-0.6699147885594392,-0.08757785758551584,0.05621107120724206
29,inference_categories,partial,10,0.76,-0.6741539470310581,-0.4056237614487049,-0.20281188072435244
29,inference_categories,standard,11,0.72,-0.6912246872532859,-0.10908820857143199,0.04545589571428398
29,inference_categories,projected,11,0.76,-0.6673295646080135,-0.11984338406439007,0.04007830796780494
29,inference_categories,partial,11,0.79,-0.6735403915809671,-0.39333213231389563,-0.19666606615694782
29,inference_categories,standard,12,0.72,-0.6911328598700548,-0.08450495030181351,0.05774752484909322
29,inference_categories,projected,12,0.78,-0.6659755404294736,-0.0783591357344089,0.060820432132795525
29,inference_categories,partial,12,0.78,-0.6736645010211233,-0.3841134104627887,-0.09205670523139436
29,inference_categories,standard,13,0.73,-0.690903316246397,-0.03841134104627887,0.08079432947686055
29,inference_categories,projected,13,0.78,-0.6632117123104487,-0.03841134104627887,0.08079432947686055
29,inference_categories,partial,13,0.76,-0.6712251837247146,-0.3579936985513191,-0.07899684927565956
29,inference_categories,standard,14,0.74,-0.6909384752641081,-0.049166516539236954,0.0754167417303815
29,inference_categories,projected,14,0.78,-0.6638729822933298,-0.049166516539236954,0.0754167417303815
29,inference_categories,partial,14,0.77,-0.6713859492639389,-0.3764311422535329,-0.08821557112676648
29,inference_categories,standard,15,0.73,-0.6909612600507997,-0.024583258269618477,0.1877083708651907
29,inference_categories,projected,15,0.77,-0.6638491065251511,-0.018437443702213858,0.19078127814889304
29,inference_categories,partial,15,0.77,-0.6713542985565293,-0.37950404953723527,-0.08975202476861766
29,inference_categories,standard,16,0.73,-0.6905274036820238,-0.06299459931589736,0.0685027003420513
29,inference_categories,projected,16,0.77,-0.6590643840114371,-0.06299459931589736,0.0685027003420513
29,inference_categories,partial,16,0.77,-0.6707521639644258,-0.41023312237425835,-0.20511656118712918
29,inference_categories,standard,17,0.75,-0.6905744371280551,-0.01997389734406501,0.19001305132796745
29,inference_categories,projected,17,0.75,-0.660155032042045,-0.03994779468813002,0.18002610265593494
29,inference_categories,partial,17,0.77,-0.671452618129189,-0.41023312237425835,-0.20511656118712918
29,inference_categories,standard,18,0.73,-0.6902028084500542,-0.06299459931589736,0.0685027003420513
29,inference_categories,projected,18,0.74,-0.6564839043935247,-0.052239423822939265,0.17388028808853032
29,inference_categories,partial,18,0.75,-0.6708677816361521,-0.45786318527164416,-0.22893159263582208
29,inference_categories,standard,19,0.74,-0.6900244456894304,-0.06299459931589736,0.0685027003420513
29,inference_categories,projected,19,0.75,-0.6547399927192075,-0.04148424832998118,0.17925787583500935
29,inference_categories,partial,19,0.77,-0.6683073561043525,-0.4609360925553465,-0.23046804627767326
29,inference_categories,standard,20,0.75,-0.6899642385299087,-0.04148424832998118,0.17925787583500935
29,inference_categories,projected,20,0.76,-0.6546598184880179,-0.049166516539236954,0.17541674173038146
29,inference_categories,partial,20,0.77,-0.6680623511281467,-0.4824464435412627,-0.24122322177063135
30,choice_only,standard,1,0.64,-0.6930499029447945,0.0510275103677725,-0.07448624481611373
30,choice_only,projected,1,0.76,-0.6921027264671586,0.0510275103677725,-0.07448624481611373
30,choice_only,partial,1,0.76,-0.6921027264671586,0.0510275103677725,-0.07448624481611373
30,choice_only,standard,2,0.64,-0.692896790729899,-0.1152234105078734,-0.3576117052539367
30,choice_only,projected,2,0.67,-0.6901782363154325,-0.1152234105078734,-0.3576117052539367
30,choice_only,partial,2,0.67,-0.6901782363154325,-0.1152234105078734,-0.3576117052539367
30,choice_only,standard,3,0.66,-0.6928775659728313,-0.05431960781085459,-0.32715980390542726
30,choice_only,projected,3,0.67,-0.6899453323920249,-0.05431960781085459,-0.32715980390542726
30,choice_only,partial,3,0.67,-0.6899453323920249,-0.05431960781085459,-0.32715980390542726
30,choice_only,standard,4,0.69,-0.6925168108576213,-0.16789696959718695,-0.38394848479859345
30,choice_only,projected,4,0.67,-0.6854048241977071,-0.1497904336602354,-0.3748952168301177
30,choice_only,partial,4,0.67,-0.6854048241977071,-0.1497904336602354,-0.3748952168301177
30,choice_only,standard,5,0.71,-0.6925127174177433,-0.13826809260944806,-0.369134046304724
30,choice_only,projected,5,0.69,-0.6851031710726261,-0.13662204388790702,-0.3683110219439535
30,choice_only,partial,5,0.69,-0.6851031710726261,-0.13662204388790702,-0.3683110219439535
30,choice_only,standard,6,0.68,-0.6925559668533746,-0.12180760539403757,-0.36090380269701877
30,choice_only,projected,6,0.67,-0.6851476831012149,-0.12180760539403757,-0.36090380269701877
30,choice_only,partial,6,0.67,-0.6851476831012149,-0.12180760539403757,-0.36090380269701877
30,choice_only,standard,7,0.68,-0.6924704718458539,-0.11193131306479129,-0.35596565653239565
30,choice_only,projected,7,0.69,-0.6842234774100919,-0.102055020735545,-0.35102751036777247
30,choice_only,partial,7,0.69,-0.6842234774100919,-0.102055020735545,-0.35102751036777247
30,choice_only,standard,8,0.68,-0.6924152269625936,-0.11686945922941443,-0.3584347296147072
30,choice_only,projected,8,0.68,-0.6835713083659154,-0.10699316690016815,-0.35349658345008406
30,choice_only,partial,8,0.68,-0.6835713083659154,-0.10699316690016815,-0.35349658345008406
30,choice_only,standard,9,0.66,-0.6924642200889539,-0.024690730823115726,-0.21234536541155788
30,choice_only,projected,9,0.67,-0.6838509069158906,-0.03621307187390307,-0.21810653593695153
30,choice_only,partial,9,0.67,-0.6838509069158906,-0.03621307187390307,-0.21810653593695153
30,choice_only,standard,10,0.68,-0.6924795021111275,-0.006584194886164194,-0.2032920974430821
30,choice_only,projected,10,0.68,-0.6836581664409331,-0.018106535936951534,-0.2090532679684758
30,choice_only,partial,10,0.68,-0.6836581664409331,-0.018106535936951534,-0.2090532679684758
30,choice_only,standard,11,0.68,-0.6923276585960291,-0.09711687457092186,-0.34855843728546093
30,choice_only,projected,11,0.68,-0.6818708600515039,-0.06748799758318298,-0.3337439987915915
30,choice_only,partial,11,0.68,-0.6818708600515039,-0.06748799758318298,-0.3337439987915915
30,choice_only,standard,12,0.7,-0.6921277110822787,-0.11851550795095547,-0.3592577539754777
30,choice_only,projected,12,0.69,-0.679507135262753,-0.10863921562170918,-0.3543196078108546
30,choice_only,partial,12,0.69,-0.679507135262753,-0.10863921562170918,-0.3543196078108546
30,choice_only,standard,13,0.7,-0.692228227019782,-0.12180760539403757,-0.36090380269701877
30,choice_only,projected,13,0.68,-0.6808742565687765,-0.12180760539403757,-0.36090380269701877
30,choice_only,partial,13,0.68,-0.6808742565687765,-0.12180760539403757,-0.36090380269701877
30,choice_only,standard,14,0.66,-0.6922107266592059,-0.11028526434325024,-0.3551426321716251
30,choice_only,projected,14,0.68,-0.6805761593722497,-0.08888663096321661,-0.3444433154816083
30,choice_only,partial,14,0.68,-0.6805761593722497,-0.08888663096321661,-0.3444433154816083
30,choice_only,standard,15,0.66,-0.6921412191234002,-0.08394848479859347,-0.34197424239929675
30,choice_only,projected,15,0.68,-0.6796326549252695,-0.08394848479859347,-0.34197424239929675
30,choice_only,partial,15,0.68,-0.6796326549252695,-0.08394848479859347,-0.34197424239929675
30,choice_only,standard,16,0.67,-0.6920798215960049,-0.10370106945708604,-0.351850534728543
30,choice_only,projected,16,0.67,-0.6791829350958186,-0.10370106945708604,-0.351850534728543
30,choice_only,partial,16,0.67,-0.6791829350958186,-0.10370106945708604,-0.351850534728543
30,choice_only,standard,17,0.67,-0.6921192179516039,-0.12674575155866072,-0.36337287577933036
30,choice_only,projected,17,0.67,-0.6794332103742527,-0.10863921562170918,-0.3543196078108546
30,choice_only,partial,17,0.67,-0.6794332103742527,-0.10863921562170918,-0.3543196078108546
30,choice_only,standard,18,0.66,-0.6921612321035212,-0.1333299464448249,-0.3666649732224124
30,choice_only,projected,18,0.66,-0.6797661648111929,-0.12345365411557864,-0.3617268270577893
30,choice_only,partial,18,0.66,-0.6797661648111929,-0.12345365411557864,-0.3617268270577893
30,choice_only,standard,19,0.65,-0.6921482862689392,-0.13003784900174284,-0.3650189245008714
30,choice_only,projected,19,0.65,-0.6797218930983498,-0.12674575155866072,-0.36337287577933036
30,choice_only,partial,19,0.65,-0.6797218930983498,-0.12674575155866072,-0.36337287577933036
30,choice_only,standard,20,0.66,-0.6920386388132392,-0.13003784900174284,-0.3650189245008714
30,choice_only,projected,20,0.64,-0.6779633261152195,-0.13662204388790702,-0.3683110219439535
30,choice_only,partial,20,0.64,-0.6779633261152195,-0.13662204388790702,-0.3683110219439535
30,inference_affirm,standard,1,0.64,-0.6930499029447945,0.0510275103677725,-0.07448624481611373
30,inference_affirm,projected,1,0.76,-0.6921027264671586,0.0510275103677725,-0.07448624481611373
30,inference_affirm,partial,1,0.71,-0.6919212492430041,-0.15314011340029593,-0.276570056700148
30,inference_affirm,standard,2,0.64,-0.692896790729899,-0.1152234105078734,-0.3576117052539367
30,inference_affirm,projected,2,0.67,-0.6901782363154325,-0.1152234105078734,-0.3576117052539367
30,inference_affirm,partial,2,0.7,-0.689637241122836,-0.3209795007005044,-0.4604897503502522
30,inference_affirm,standard,3,0.66,-0.6928775659728313,-0.05431960781085459,-0.32715980390542726
30,inference_affirm,projected,3,0.67,-0.6899453323920249,-0.05431960781085459,-0.32715980390542726
30,inference_affirm,partial,3,0.66,-0.6893121118524442,-0.29628876987738867,-0.44814438493869435
30,inference_affirm,standard,4,0.69,-0.6925168108576213,-0.16789696959718695,-0.38394848479859345
30,inference_affirm,projected,4,0.67,-0.6854048241977071,-0.1497904336602354,-0.3748952168301177
30,inference_affirm,partial,4,0.45,-0.6946222345125561,-0.5382579319439228,-0.6691289659719615
30,inference_affirm,standard,5,0.71,-0.6925127174177433,-0.13826809260944806,-0.369134046304724
30,inference_affirm,projected,5,0.69,-0.6851031710726261,-0.13662204388790702,-0.3683110219439535
30,inference_affirm,partial,5,0.48,-0.6938698056735483,-0.5563644678808742,-0.6781822339404371
30,inference_affirm,standard,6,0.68,-0.6925559668533746,-0.12180760539403757,-0.36090380269701877
30,inference_affirm,projected,6,0.67,-0.6851476831012149,-0.12180760539403757,-0.36090380269701877
30,inference_affirm,partial,6,0.49,-0.693853843710518,-0.5020448600700197,-0.6510224300350098
30,inference_affirm,standard,7,0.68,-0.6924704718458539,-0.11193131306479129,-0.35596565653239565
30,inference_affirm,projected,7,0.69,-0.6842234774100919,-0.102055020735545,-0.35102751036777247
30,inference_affirm,partial,7,0.51,-0.6929778654865042,-0.5464881755516281,-0.6732440877758141
30,inference_affirm,standard,8,0.68,-0.6924152269625936,-0.11686945922941443,-0.3584347296147072
30,inference_affirm,projected,8,0.68,-0.6835713083659154,-0.10699316690016815,-0.35349658345008406
30,inference_affirm,partial,8,0.52,-0.6924460271016328,-0.5185053472854302,-0.6592526736427151
30,inference_affirm,standard,9,0.66,-0.6924642200889539,-0.024690730823115726,-0.21234536541155788
30,inference_affirm,projected,9,0.67,-0.6838509069158906,-0.03621307187390307,-0.21810653593695153
30,inference_affirm,partial,9,0.5,-0.6929356238974225,-0.5250895421715944,-0.6625447710857972
30,inference_affirm,standard,10,0.68,-0.6924795021111275,-0.006584194886164194,-0.2032920974430821
30,inference_affirm,projected,10,0.68,-0.6836581664409331,-0.018106535936951534,-0.2090532679684758
30,inference_affirm,partial,10,0.52,-0.6926872061456295,-0.5201513960069714,-0.5600756980034857
30,inference_affirm,standard,11,0.68,-0.6923276585960291,-0.09711687457092186,-0.34855843728546093
30,inference_affirm,projected,11,0.68,-0.6818708600515039,-0.06748799758318298,-0.3337439987915915
30,inference_affirm,partial,11,0.56,-0.6912261432551585,-0.47076993436073983,-0.4353849671803699
30,inference_affirm,standard,12,0.7,-0.6921277110822787,-0.11851550795095547,-0.3592577539754777
30,inference_affirm,projected,12,0.69,-0.679507135262753,-0.10863921562170918,-0.3543196078108546
30,inference_affirm,partial,12,0.64,-0.688997931692177,-0.4608936420314936,-0.5304468210157468
30,inference_affirm,standard,13,0.71,-0.6920276898978923,-0.13168389772328387,-0.3658419488616419
30,inference_affirm,projected,13,0.68,-0.6782468415322667,-0.13168389772328387,-0.3658419488616419
30,inference_affirm,partial,13,0.63,-0.6873593221769743,-0.5003988113484787,-0.6501994056742394
30,inference_affirm,standard,14,0.73,-0.6920452204989859,-0.11193131306479129,-0.35596565653239565
30,inference_affirm,projected,14,0.71,-0.6785509178403744,-0.06748799758318298,-0.3337439987915915
30,inference_affirm,partial,14,0.67,-0.6877144210790795,-0.48723042157615026,-0.5436152107880752
30,inference_affirm,standard,15,0.74,-0.6919758057960711,-0.15966672598948167,-0.3798333629947408
30,inference_affirm,projected,15,0.74,-0.6776180573295477,-0.1497904336602354,-0.2748952168301177
30,inference_affirm,partial,15,0.67,-0.6867688344161246,-0.47735412924690396,-0.538677064623452
30,inference_affirm,standard,16,0.73,-0.692037355818264,-0.13168389772328387,-0.2658419488616419
30,inference_affirm,projected,16,0.74,-0.6780927897926559,-0.13168389772328387,-0.2658419488616419
30,inference_affirm,partial,16,0.7,-0.6870003133326076,-0.4608936420314936,-0.5304468210157468
30,inference_affirm,standard,17,0.71,-0.6920767000565905,-0.16131277471102276,-0.2806563873555114
30,inference_affirm,projected,17,0.71,-0.6783320736640777,-0.14320623877407118,-0.27160311938703563
30,inference_affirm,partial,17,0.66,-0.6873317494100978,-0.45595549586687034,-0.5279777479334351
30,inference_affirm,standard,18,0.73,-0.692034855997786,-0.13003784900174284,-0.26501892450087144
30,inference_affirm,projected,18,0.74,-0.6780242330882791,-0.08888663096321661,-0.2444433154816083
30,inference_affirm,partial,18,0.67,-0.687280195548984,-0.4625396907530346,-0.5312698453765172
30,inference_affirm,standard,19,0.7,-0.6920216410317219,-0.14485228749561227,-0.37242614374780614
30,inference_affirm,projected,19,0.74,-0.6779435979649037,-0.16131277471102276,-0.2806563873555114
30,inference_affirm,partial,19,0.67,-0.6872955149919378,-0.4790001779684451,-0.5395000889842225
30,inference_affirm,standard,20,0.72,-0.6919118039115465,-0.1530825311033175,-0.27654126555165875
30,inference_affirm,projected,20,0.74,-0.6761468419157228,-0.15966672598948167,-0.2798333629947408
30,inference_affirm,partial,20,0.69,-0.6851384552987346,-0.43126476504375466,-0.5156323825218774
30,inference_categories,standard,1,0.64,-0.6930499029447945,0.0510275103677725,-0.07448624481611373
30,inference_categories,projected,1,0.76,-0.6921027264671586,0.0510275103677725,-0.07448624481611373
30,inference_categories,partial,1,0.68,-0.6917482264139707,-0.17612721320489214,-0.28806360660244607
30,inference_categories,standard,2,0.64,-0.692896790729899,-0.1152234105078734,-0.3576117052539367
30,inference_categories,projected,2,0.67,-0.6901782363154325,-0.1152234105078734,-0.3576117052539367
30,inference_categories,partial,2,0.71,-0.6895772575042369,-0.2995808673204708,-0.4497904336602354
30,inference_categories,standard,3,0.66,-0.6928775659728313,-0.05431960781085459,-0.32715980390542726
30,inference_categories,projected,3,0.67,-0.6899453323920249,-0.05431960781085459,-0.32715980390542726
30,inference_categories,partial,3,0.69,-0.6891463873753692,-0.271598039054273,-0.4357990195271365
30,inference_categories,standard,4,0.69,-0.6925168108576213,-0.16789696959718695,-0.38394848479859345
30,inference_categories,projected,4,0.67,-0.6854048241977071,-0.1497904336602354,-0.3748952168301177
30,inference_categories,partial,4,0.52,-0.692266107503163,-0.646897147565632,-0.723448573782816
30,inference_categories,standard,5,0.71,-0.6925127174177433,-0.13826809260944806,-0.369134046304724
30,inference_categories,projected,5,0.69,-0.6851031710726261,-0.13662204388790702,-0.3683110219439535
30,inference_categories,partial,5,0.58,-0.6914759068019655,-0.6732339271102887,-0.7366169635551444
30,inference_categories,standard,6,0.68,-0.6925559668533746,-0.12180760539403757,-0.36090380269701877
30,inference_categories,projected,6,0.67,-0.6851476831012149,-0.12180760539403757,-0.36090380269701877
30,inference_categories,partial,6,0.6,-0.6916086656164505,-0.5958696371978595,-0.6979348185989298
30,inference_categories,standard,7,0.68,-0.6924704718458539,-0.11193131306479129,-0.35596565653239565
30,inference_categories,projected,7,0.69,-0.6842234774100919,-0.102055020735545,-0.35102751036777247
30,inference_categories,partial,7,0.61,-0.6907011646798047,-0.5958696371978595,-0.6979348185989298
30,inference_categories,standard,8,0.68,-0.6924152269625936,-0.11686945922941443,-0.3584347296147072
30,inference_categories,projected,8,0.68,-0.6835713083659154,-0.10699316690016815,-0.35349658345008406
30,inference_categories,partial,8,0.6,-0.6902463765218515,-0.5711789063747439,-0.685589453187372
30,inference_categories,standard,9,0.66,-0.6924642200889539,-0.024690730823115726,-0.21234536541155788
30,inference_categories,projected,9,0.67,-0.6838509069158906,-0.03621307187390307,-0.21810653593695153
30,inference_categories,partial,9,0.61,-0.6904872652535038,-0.5728249550962847,-0.6864124775481424
30,inference_categories,standard,10,0.68,-0.6924795021111275,-0.006584194886164194,-0.2032920974430821
30,inference_categories,projected,10,0.68,-0.6836581664409331,-0.018106535936951534,-0.2090532679684758
30,inference_categories,partial,10,0.61,-0.6902891882197183,-0.58105519870399,-0.690527599351995
30,inference_categories,standard,11,0.68,-0.6923276585960291,-0.09711687457092186,-0.34855843728546093
30,inference_categories,projected,11,0.68,-0.6818708600515039,-0.06748799758318298,-0.3337439987915915
30,inference_categories,partial,11,0.62,-0.6884407841257318,-0.5580105166024154,-0.5790052583012077
30,inference_categories,standard,12,0.7,-0.6921277110822787,-0.11851550795095547,-0.3592577539754777
30,inference_categories,projected,12,0.69,-0.679507135262753,-0.10863921562170918,-0.3543196078108546
30,inference_categories,partial,12,0.64,-0.6861092929497653,-0.5580105166024154,-0.6790052583012077
30,inference_categories,standard,13,0.7,-0.692228227019782,-0.12180760539403757,-0.36090380269701877
30,inference_categories,projected,13,0.68,-0.6808742565687765,-0.12180760539403757,-0.36090380269701877
30,inference_categories,partial,13,0.6,-0.6877527504830654,-0.5415500293870048,-0.6707750146935024
30,inference_categories,standard,14,0.72,-0.6922459465761734,-0.0855945335201345,-0.24279726676006727
30,inference_categories,projected,14,0.71,-0.6812194421788621,-0.0987629232924629,-0.24938146164623146
30,inference_categories,partial,14,0.65,-0.6882891981973439,-0.5448421268300869,-0.5724210634150435
30,inference_categories,standard,15,0.72,-0.6921764159897509,-0.1250997028371197,-0.26254985141855985
30,inference_categories,projected,15,0.74,-0.6802728849942932,-0.14156019005253015,-0.2707800950262651
30,inference_categories,partial,15,0.66,-0.6871206269637038,-0.5481342242731692,-0.5740671121365846
30,inference_categories,standard,16,0.71,-0.6922380948616842,-0.12345365411557864,-0.2617268270577893
30,inference_categories,projected,16,0.75,-0.6807677640530969,-0.10370106945708604,-0.251850534728543
30,inference_categories,partial,16,0.65,-0.6869732962947286,-0.5382579319439228,-0.5691289659719614
30,inference_categories,standard,17,0.71,-0.6921987559327188,-0.037859120595444114,-0.21892956029772206
30,inference_categories,projected,17,0.76,-0.6805350757469689,-0.037859120595444114,-0.21892956029772206
30,inference_categories,partial,17,0.64,-0.6872191446775737,-0.5283816396146765,-0.5641908198073382
30,inference_categories,standard,18,0.73,-0.692156998673957,-0.03950516931698516,-0.2197525846584926
30,inference_categories,projected,18,0.74,-0.6802515981248213,-0.04279726676006725,-0.22139863338003363
30,inference_categories,partial,18,0.64,-0.687296382948812,-0.5267355908931355,-0.5633677954465677
30,inference_categories,standard,19,0.71,-0.6921704033103829,-0.01152234105078734,-0.2057611705253937
30,inference_categories,projected,19,0.75,-0.6803622026587725,0.013168389772328388,-0.19341580511383583
30,inference_categories,partial,19,0.66,-0.6874009485591682,-0.4971067139053966,-0.5485533569526984
30,inference_categories,standard,20,0.72,-0.692060253890297,-0.07736428991242927,-0.23868214495621465
30,inference_categories,projected,20,0.76,-0.6784817697142964,-0.06748799758318298,-0.3337439987915915
30,inference_categories,partial,20,0.67,-0.6851844375685049,-0.4576015445884114,-0.5288007722942056
31,choice_only,standard,1,0.6,-0.6929597590201214,0.1452635872947725,-0.12736820635261376
31,choice_only,projected,1,0.66,-0.6897211148761768,0.1452635872947725,-0.12736820635261376
31,choice_only,partial,1,0.66,-0.6897211148761768,0.1452635872947725,-0.12736820635261376
31,choice_only,standard,2,0.64,-0.6928547361953205,0.1514780723127307,-0.12426096384363466
31,choice_only,projected,2,0.67,-0.6881232691398528,0.1514780723127307,-0.12426096384363466
31,choice_only,partial,2,0.67,-0.6881232691398528,0.1514780723127307,-0.12426096384363466
31,choice_only,standard,3,0.71,-0.6928313995536608,0.15536212544895456,-0.12231893727552273
31,choice_only,projected,3,0.71,-0.6878345737363424,0.15536212544895456,-0.12231893727552273
31,choice_only,partial,3,0.71,-0.6878345737363424,0.15536212544895456,-0.12231893727552273
31,choice_only,standard,4,0.75,-0.6927429576357922,0.19575627806568274,-0.0021218609671586064
31,choice_only,projected,4,0.77,-0.6869499540805922,0.19575627806568274,-0.0021218609671586064
31,choice_only,partial,4,0.77,-0.6869499540805922,0.19575627806568274,-0.0021218609671586064
31,choice_only,standard,5,0.73,-0.6925536644639734,0.12895056412263228,-0.13552471793868387
31,choice_only,projected,5,0.76,-0.6842720968061697,0.12895056412263228,-0.13552471793868387
31,choice_only,partial,5,0.76,-0.6842720968061697,0.12895056412263228,-0.13552471793868387
31,choice_only,standard,6,0.75,-0.6924815439179456,0.1740055805028291,-0.11299720974858546
31,choice_only,projected,6,0.77,-0.6831985836874586,0.1802200655207873,-0.10988996723960637
31,choice_only,partial,6,0.77,-0.6831985836874586,0.1802200655207873,-0.10988996723960637
31,choice_only,standard,7,0.75,-0.6923363642724949,0.1429331554130382,-0.12853342229348091
31,choice_only,projected,7,0.76,-0.6812748653572703,0.15613893607619933,-0.12193053196190035
31,choice_only,partial,7,0.76,-0.6812748653572703,0.15613893607619933,-0.12193053196190035
31,choice_only,standard,8,0.73,-0.6923517011452259,0.14215634478579342,-0.22892182760710328
31,choice_only,projected,8,0.76,-0.6812922241570657,0.13361142788610092,-0.23319428605694953
31,choice_only,partial,8,0.76,-0.6812922241570657,0.13361142788610092,-0.23319428605694953
31,choice_only,standard,9,0.73,-0.6922509976224706,0.15691574670344413,-0.12154212664827795
31,choice_only,projected,9,0.76,-0.6800182643378205,0.15691574670344413,-0.12154212664827795
31,choice_only,partial,9,0.76,-0.6800182643378205,0.15691574670344413,-0.12154212664827795
31,choice_only,standard,10,0.74,-0.6921574375899595,0.17167514862109481,-0.1141624256894526
31,choice_only,projected,10,0.77,-0.6784730769173961,0.17167514862109481,-0.1141624256894526
31,choice_only,partial,10,0.77,-0.6784730769173961,0.17167514862109481,-0.1141624256894526
31,choice_only,standard,11,0.78,-0.6921847136992441,0.1724519592483396,-0.11377402037583022
31,choice_only,projected,11,0.77,-0.6789256933141785,0.1724519592483396,-0.11377402037583022
31,choice_only,partial,11,0.77,-0.6789256933141785,0.1724519592483396,-0.11377402037583022
31,choice_only,standard,12,0.79,-0.6920963113289126,0.20041714182915138,0.00020857091457571197
31,choice_only,projected,12,0.77,-0.6774864806848591,0.22216783939200505,0.011083919696002545
31,choice_only,partial,12,0.77,-0.6774864806848591,0.22216783939200505,0.011083919696002545
31,choice_only,standard,13,0.79,-0.6921461411944959,0.2540170751090407,0.027008537554520373
31,choice_only,projected,13,0.81,-0.6784378282902161,0.2540170751090407,0.027008537554520373
31,choice_only,partial,13,0.81,-0.6784378282902161,0.2540170751090407,0.027008537554520373
31,choice_only,standard,14,0.77,-0.691949237379326,0.24935621134557212,0.024678105672786083
31,choice_only,projected,14,0.79,-0.6755186512155137,0.2594547494997541,0.029727374749877078
31,choice_only,partial,14,0.79,-0.6755186512155137,0.2594547494997541,0.029727374749877078
31,choice_only,standard,15,0.78,-0.6918783494600446,0.2641156132632228,0.032057806631611424
31,choice_only,projected,15,0.83,-0.6743902123970369,0.25246345385455116,0.0262317269272756
31,choice_only,partial,15,0.83,-0.6743902123970369,0.25246345385455116,0.0262317269272756
31,choice_only,standard,16,0.79,-0.6917791718787644,0.2858663108260764,0.1429331554130382
31,choice_only,projected,16,0.83,-0.6734887287655665,0.2858663108260764,0.1429331554130382
31,choice_only,partial,16,0.83,-0.6734887287655665,0.2858663108260764,0.1429331554130382
31,choice_only,standard,17,0.79,-0.6918239551517473,0.2881967427078107,0.14409837135390535
31,choice_only,projected,17,0.82,-0.6740623726676549,0.2881967427078107,0.14409837135390535
31,choice_only,partial,17,0.82,-0.6740623726676549,0.2881967427078107,0.14409837135390535
31,choice_only,standard,18,0.8,-0.6916743265937251,0.2338199988006766,0.016909999400338327
31,choice_only,projected,18,0.83,-0.6717708732043044,0.2338199988006766,0.016909999400338327
31,choice_only,partial,18,0.83,-0.6717708732043044,0.2338199988006766,0.016909999400338327
31,choice_only,standard,19,0.81,-0.6916405234021573,0.24702577946383777,0.12351288973191889
31,choice_only,projected,19,0.83,-0.6711278837776704,0.24702577946383777,0.12351288973191889
31,choice_only,partial,19,0.83,-0.6711278837776704,0.24702577946383777,0.12351288973191889
31,choice_only,standard,20,0.83,-0.6915640887500883,0.27576777267189434,0.13788388633594717
31,choice_only,projected,20,0.84,-0.6702212806452676,0.27576777267189434,0.13788388633594717
31,choice_only,partial,20,0.84,-0.6702212806452676,0.27576777267189434,0.13788388633594717
31,inference_affirm,standard,1,0.6,-0.6929597590201214,0.1452635872947725,-0.12736820635261376
31,inference_affirm,projected,1,0.66,-0.6897211148761768,0.1452635872947725,-0.12736820635261376
31,inference_affirm,partial,1,0.65,-0.6905508209467672,0.054376743907134095,-0.17281162804643296
31,inference_affirm,standard,2,0.64,-0.6928547361953205,0.1514780723127307,-0.12426096384363466
31,inference_affirm,projected,2,0.67,-0.6881232691398528,0.1514780723127307,-0.12426096384363466
31,inference_affirm,partial,2,0.66,-0.6894708330943615,0.08389554774243546,-0.15805222612878228
31,inference_affirm,standard,3,0.71,-0.6928313995536608,0.15536212544895456,-0.12231893727552273
31,inference_affirm,projected,3,0.71,-0.6878345737363424,0.15536212544895456,-0.12231893727552273
31,inference_affirm,partial,3,0.66,-0.6884610129912342,0.12972737474987706,-0.13513631262506148
31,inference_affirm,standard,4,0.75,-0.6927429576357922,0.19575627806568274,-0.0021218609671586064
31,inference_affirm,projected,4,0.77,-0.6869499540805922,0.19575627806568274,-0.0021218609671586064
31,inference_affirm,partial,4,0.71,-0.6880567314695685,0.212069301237823,0.006034650618911522
31,inference_affirm,standard,5,0.73,-0.6925536644639734,0.12895056412263228,-0.13552471793868387
31,inference_affirm,projected,5,0.76,-0.6842720968061697,0.12895056412263228,-0.13552471793868387
31,inference_affirm,partial,5,0.75,-0.686943270115696,0.22993594566445275,0.014967972832226395
31,inference_affirm,standard,6,0.71,-0.6926258759312164,0.13361142788610092,-0.13319428605694955
31,inference_affirm,projected,6,0.74,-0.6853641500574603,0.13361142788610092,-0.13319428605694955
31,inference_affirm,partial,6,0.72,-0.6879137638820132,0.10486943467804433,-0.14756528266097785
31,inference_affirm,standard,7,0.67,-0.6927717205842786,0.10409262405079955,-0.14795368797460023
31,inference_affirm,projected,7,0.73,-0.6873922927598336,0.10409262405079955,-0.14795368797460023
31,inference_affirm,partial,7,0.68,-0.6897527500356847,0.12662013224089796,-0.036689933879550995
31,inference_affirm,standard,8,0.69,-0.6927564811143873,0.11186073032324728,-0.14406963483837637
31,inference_affirm,projected,8,0.73,-0.6873818313203622,0.11186073032324728,-0.14406963483837637
31,inference_affirm,partial,8,0.7,-0.6898772341969261,0.1693447167393605,-0.01532764163031973
31,inference_affirm,standard,9,0.7,-0.6926554741406982,0.13594185976783524,-0.1320290701160824
31,inference_affirm,projected,9,0.7,-0.6860568527974351,0.13594185976783524,-0.1320290701160824
31,inference_affirm,partial,9,0.7,-0.6876574436821504,0.1522548829399755,-0.12387255853001226
31,inference_affirm,standard,10,0.73,-0.692561991742442,0.18099687614803206,-0.10950156192598398
31,inference_affirm,projected,10,0.75,-0.6844893290856702,0.1693447167393605,-0.11532764163031976
31,inference_affirm,partial,10,0.73,-0.6862952009668752,0.17322876987558433,-0.013385615062207812
31,inference_affirm,standard,11,0.72,-0.6925895299782303,0.20507800559262002,-0.09746099720369
31,inference_affirm,projected,11,0.76,-0.6849747813092452,0.20507800559262002,-0.09746099720369
31,inference_affirm,partial,11,0.77,-0.6867328032186778,0.2602315601269989,0.030115780063499464
31,inference_affirm,standard,12,0.76,-0.6925010997819092,0.2679996663994466,0.03399983319972333
31,inference_affirm,projected,12,0.77,-0.6835096744834704,0.2679996663994466,0.03399983319972333
31,inference_affirm,partial,12,0.8,-0.6851478339145245,0.2881967427078107,0.044098371353905375
31,inference_affirm,standard,13,0.77,-0.692551206128,0.27266053016291525,-0.06366973491854239
31,inference_affirm,projected,13,0.85,-0.6845015350868224,0.2858663108260764,-0.05706684458696182
31,inference_affirm,partial,13,0.83,-0.6855612374127829,0.21828378625578118,0.009141893127890613
31,inference_affirm,standard,14,0.75,-0.6923535392576331,0.28431268957158684,-0.05784365521420659
31,inference_affirm,projected,14,0.81,-0.6814607853422007,0.28431268957158684,-0.05784365521420659
31,inference_affirm,partial,14,0.82,-0.6831917651101752,0.20973886935608865,0.004869434678044349
31,inference_affirm,standard,15,0.8,-0.6922826912838079,0.2602315601269989,0.030115780063499464
31,inference_affirm,projected,15,0.84,-0.6803303016066282,0.2718837195356705,0.03594185976783526
31,inference_affirm,partial,15,0.81,-0.6815210482928995,0.24158810507312434,0.02079405253656219
31,inference_affirm,standard,16,0.74,-0.6923823664859089,0.31771554654311207,-0.041142226728443976
31,inference_affirm,projected,16,0.82,-0.6812897614451479,0.30839381901617485,-0.045803090491912585
31,inference_affirm,partial,16,0.82,-0.6817276071955163,0.20197076308364095,-0.09901461845817953
31,inference_affirm,standard,17,0.74,-0.6923375919911153,0.2796518258081182,-0.06017408709594091
31,inference_affirm,projected,17,0.83,-0.6807226626064186,0.2881967427078107,-0.05590162864609466
31,inference_affirm,partial,17,0.84,-0.6804080414814423,0.22605189252822888,-0.08697405373588557
31,inference_affirm,standard,18,0.75,-0.6921878310707724,0.2734373407901601,-0.06328132960491997
31,inference_affirm,projected,18,0.82,-0.6783855985761091,0.2819822576898525,-0.05900887115507375
31,inference_affirm,partial,18,0.86,-0.6789677451625181,0.19420265681119322,-0.0028986715944033653
31,inference_affirm,standard,19,0.76,-0.6921541462407794,0.29674165960750326,0.04837082980375165
31,inference_affirm,projected,19,0.82,-0.6777326347453504,0.2936344170985241,0.04681720854926208
31,inference_affirm,partial,19,0.87,-0.6785669240468275,0.20119395245639615,0.0005969762281980984
31,inference_affirm,standard,20,0.74,-0.6920780136324512,0.28664312145332116,0.0433215607266606
31,inference_affirm,projected,20,0.81,-0.676830379411971,0.30684019776168525,0.05342009888084265
31,inference_affirm,partial,20,0.88,-0.678288677689445,0.2081852481015991,0.004092624050799576
31,inference_categories,standard,1,0.6,-0.6929597590201214,0.1452635872947725,-0.12736820635261376
31,inference_categories,projected,1,0.66,-0.6897211148761768,0.1452635872947725,-0.12736820635261376
31,inference_categories,partial,1,0.69,-0.690754845181044,0.2252750819009841,0.012637540950492077
31,inference_categories,standard,2,0.64,-0.6928547361953205,0.1514780723127307,-0.12426096384363466
31,inference_categories,projected,2,0.67,-0.6881232691398528,0.1514780723127307,-0.12426096384363466
31,inference_categories,partial,2,0.68,-0.6894188620609608,0.18488092928425592,-0.10755953535787205
31,inference_categories,standard,3,0.71,-0.6928313995536608,0.15536212544895456,-0.12231893727552273
31,inference_categories,projected,3,0.71,-0.6878345737363424,0.15536212544895456,-0.12231893727552273
31,inference_categories,partial,3,0.68,-0.6880963523948982,0.20119395245639615,-0.09940302377180193
31,inference_categories,standard,4,0.75,-0.6927429576357922,0.19575627806568274,-0.0021218609671586064
31,inference_categories,projected,4,0.77,-0.6869499540805922,0.19575627806568274,-0.0021218609671586064
31,inference_categories,partial,4,0.72,-0.6877629512711825,0.32703727407004934,0.0635186370350247
31,inference_categories,standard,5,0.73,-0.6925536644639734,0.12895056412263228,-0.13552471793868387
31,inference_categories,projected,5,0.76,-0.6842720968061697,0.12895056412263228,-0.13552471793868387
31,inference_categories,partial,5,0.74,-0.6883340142854263,0.22216783939200505,0.11108391969600252
31,inference_categories,standard,6,0.75,-0.6924815439179456,0.1740055805028291,-0.11299720974858546
31,inference_categories,projected,6,0.77,-0.6831985836874586,0.1802200655207873,-0.10988996723960637
31,inference_categories,partial,6,0.74,-0.6875518885347291,0.22915913503720797,0.21457956751860396
31,inference_categories,standard,7,0.75,-0.6923363642724949,0.1429331554130382,-0.12853342229348091
31,inference_categories,projected,7,0.76,-0.6812748653572703,0.15613893607619933,-0.12193053196190035
31,inference_categories,partial,7,0.8,-0.6870446761887972,0.20740843747435433,0.0037042187371771895
31,inference_categories,standard,8,0.76,-0.6923211072868217,0.1693447167393605,-0.11532764163031976
31,inference_categories,projected,8,0.77,-0.681259441200194,0.16468385297589183,-0.1176580735120541
31,inference_categories,partial,8,0.79,-0.687149143436524,0.16313023172140229,-0.018434884139298835
31,inference_categories,standard,9,0.75,-0.692220363194842,0.19342584618394845,-0.10328707690802579
31,inference_categories,projected,9,0.76,-0.6799852634207356,0.18488092928425592,-0.10755953535787205
31,inference_categories,partial,9,0.76,-0.6858146824368504,0.1343882385133457,-0.13280588074332716
31,inference_categories,standard,10,0.76,-0.6921270404709309,0.18332730802976638,-0.10833634598511682
31,inference_categories,projected,10,0.77,-0.678446954657986,0.19653308869292754,-0.10173345565353624
31,inference_categories,partial,10,0.78,-0.6844860307108392,0.12972737474987706,-0.03513631262506145
31,inference_categories,standard,11,0.73,-0.6920998181562774,0.16468385297589183,-0.1176580735120541
31,inference_categories,projected,11,0.76,-0.6780170976091463,0.16468385297589183,-0.1176580735120541
31,inference_categories,partial,11,0.74,-0.6842707630674951,0.06447528206131614,-0.06776235896934191
31,inference_categories,standard,12,0.75,-0.6920113763672017,0.20896205872884388,-0.09551897063557807
31,inference_categories,projected,12,0.76,-0.6765685104691861,0.20896205872884388,-0.09551897063557807
31,inference_categories,partial,12,0.77,-0.6827706514240175,0.11729840471396069,-0.14135079764301967
31,inference_categories,standard,13,0.77,-0.6920611182363383,0.19264903555670365,-0.003675482221648152
31,inference_categories,projected,13,0.79,-0.6775002555671399,0.19264903555670365,-0.003675482221648152
31,inference_categories,partial,13,0.79,-0.6831815481822922,0.12195926847742934,-0.13902036576128535
31,inference_categories,standard,14,0.76,-0.6918643601532642,0.2058548162198648,0.0029274081099324167
31,inference_categories,projected,14,0.76,-0.6746196359967549,0.2058548162198648,0.0029274081099324167
31,inference_categories,partial,14,0.78,-0.6808402201498376,0.11341435157773684,-0.04329282421113156
31,inference_categories,standard,15,0.78,-0.6917933866348465,0.2058548162198648,0.0029274081099324167
31,inference_categories,projected,15,0.79,-0.6734712521003939,0.21051567998333345,0.005257839991666749
31,inference_categories,partial,15,0.8,-0.6787439185274644,0.17478239113007388,-0.012608804434963039
31,inference_categories,standard,16,0.78,-0.6918927182152157,0.1514780723127307,-0.02426096384363463
31,inference_categories,projected,16,0.78,-0.6743945883098935,0.16468385297589183,-0.017658073512054062
31,inference_categories,partial,16,0.81,-0.6789845252099177,0.19342584618394845,-0.0032870769080257517
31,inference_categories,standard,17,0.76,-0.6919375076900934,0.1654606636031366,-0.017269668198431676
31,inference_categories,projected,17,0.78,-0.674971033260563,0.1654606636031366,-0.017269668198431676
31,inference_categories,partial,17,0.8,-0.6797164780974317,0.18177368677527686,-0.009113156612361548
31,inference_categories,standard,18,0.79,-0.6917876535019037,0.16779109548487092,-0.016104452257564517
31,inference_categories,projected,18,0.82,-0.6726315087052428,0.16779109548487092,-0.016104452257564517
31,inference_categories,partial,18,0.82,-0.6782084360953688,0.14914764043099638,-0.12542617978450182
31,inference_categories,standard,19,0.8,-0.691753867713658,0.2066316268471096,-0.09668418657644522
31,inference_categories,projected,19,0.81,-0.6719807832900492,0.2066316268471096,-0.09668418657644522
31,inference_categories,partial,19,0.83,-0.6779398622776951,0.1693447167393605,-0.11532764163031976
31,inference_categories,standard,20,0.81,-0.691677593439681,0.23459680942792138,-0.08270159528603932
31,inference_categories,projected,20,0.81,-0.6710716464810802,0.2431417263276139,-0.07842913683619306
31,inference_categories,partial,20,0.83,-0.6776476714083175,0.18954179304772456,-0.10522910347613773
32,choice_only,standard,1,0.46,-0.6931742706812409,0.2225312389578388,-0.08873438052108061
32,choice_only,projected,1,0.52,-0.6938376642488212,0.2225312389578388,-0.08873438052108061
32,choice_only,partial,1,0.52,-0.6938376642488212,0.2225312389578388,-0.08873438052108061
32,choice_only,standard,2,0.5,-0.6931687762901305,0.1735261646747046,-0.11323691766264771
32,choice_only,projected,2,0.46,-0.6937952215787024,0.1735261646747046,-0.11323691766264771
32,choice_only,partial,2,0.46,-0.6937952215787024,0.1735261646747046,-0.11323691766264771
32,choice_only,standard,3,0.43,-0.6932942826681985,0.12130764289759442,-0.23934617855120277
32,choice_only,projected,3,0.37,-0.6959361596011044,0.12130764289759442,-0.23934617855120277
32,choice_only,partial,3,0.37,-0.6959361596011044,0.12130764289759442,-0.23934617855120277
32,choice_only,standard,4,0.5,-0.6932017691228621,0.2643060563795269,0.03215302818976348
32,choice_only,projected,4,0.42,-0.6944230539374897,0.2643060563795269,0.03215302818976348
32,choice_only,partial,4,0.42,-0.6944230539374897,0.2643060563795269,0.03215302818976348
32,choice_only,standard,5,0.59,-0.6930671027037871,0.2562724376445869,-0.17186378117770654
32,choice_only,projected,5,0.55,-0.6929247650385939,0.2562724376445869,-0.17186378117770654
32,choice_only,partial,5,0.55,-0.6929247650385939,0.2562724376445869,-0.17186378117770654
32,choice_only,standard,6,0.63,-0.6930391128940825,0.19843038275301872,-0.10078480862349065
32,choice_only,projected,6,0.57,-0.6926452048307981,0.1968236590060307,-0.10158817049698467
32,choice_only,partial,6,0.57,-0.6926452048307981,0.1968236590060307,-0.10158817049698467
32,choice_only,standard,7,0.56,-0.6930923160458672,0.24181192392169487,-0.07909403803915258
32,choice_only,projected,7,0.53,-0.6939627790820588,0.24181192392169487,-0.07909403803915258
32,choice_only,partial,7,0.53,-0.6939627790820588,0.24181192392169487,-0.07909403803915258
32,choice_only,standard,8,0.51,-0.6931245523351077,0.16067237469880058,-0.11966381265059972
32,choice_only,projected,8,0.51,-0.6945145462588371,0.16067237469880058,-0.11966381265059972
32,choice_only,partial,8,0.51,-0.6945145462588371,0.16067237469880058,-0.11966381265059972
32,choice_only,standard,9,0.51,-0.6931978518355099,0.17834633591566865,-0.21082683204216568
32,choice_only,projected,9,0.49,-0.6957906364007772,0.17834633591566865,-0.21082683204216568
32,choice_only,partial,9,0.49,-0.6957906364007772,0.17834633591566865,-0.21082683204216568
32,choice_only,standard,10,0.52,-0.693223694358924,0.20887408710844074,-0.09556295644577964
32,choice_only,projected,10,0.49,-0.6966072840294858,0.20887408710844074,-0.09556295644577964
32,choice_only,partial,10,0.49,-0.6966072840294858,0.20887408710844074,-0.09556295644577964
32,choice_only,standard,11,0.53,-0.6930887684039699,0.269126227620491,0.034563113810245516
32,choice_only,projected,11,0.52,-0.6936509940927794,0.277963208228925,0.038981604114462526
32,choice_only,partial,11,0.52,-0.6936509940927794,0.277963208228925,0.038981604114462526
32,choice_only,standard,12,0.58,-0.6929880068773356,0.2602892470120569,-0.06985537649397155
32,choice_only,projected,12,0.58,-0.6915843806045384,0.270732951367479,-0.06463352431626052
32,choice_only,partial,12,0.58,-0.6915843806045384,0.270732951367479,-0.06463352431626052
32,choice_only,standard,13,0.56,-0.6930402154407976,0.2546657138975989,-0.17266714305120054
32,choice_only,projected,13,0.56,-0.6930100689885724,0.2546657138975989,-0.17266714305120054
32,choice_only,partial,13,0.56,-0.6930100689885724,0.2546657138975989,-0.17266714305120054
32,choice_only,standard,14,0.6,-0.6928634640688047,0.1654925459397646,-0.11725372703011772
32,choice_only,projected,14,0.61,-0.689897088791959,0.1654925459397646,-0.11725372703011772
32,choice_only,partial,14,0.61,-0.689897088791959,0.1654925459397646,-0.11725372703011772
32,choice_only,standard,15,0.62,-0.6927904057970351,0.2225312389578388,-0.08873438052108061
32,choice_only,projected,15,0.63,-0.6893384840297627,0.2225312389578388,-0.08873438052108061
32,choice_only,partial,15,0.63,-0.6893384840297627,0.2225312389578388,-0.08873438052108061
32,choice_only,standard,16,0.68,-0.6925179577792708,0.1912001258915727,-0.10439993705421366
32,choice_only,projected,16,0.79,-0.6848873793754704,0.1912001258915727,-0.10439993705421366
32,choice_only,partial,16,0.79,-0.6848873793754704,0.1912001258915727,-0.10439993705421366
32,choice_only,standard,17,0.64,-0.6926825019404207,0.2643060563795269,-0.06784697181023655
32,choice_only,projected,17,0.66,-0.6875398006365936,0.2643060563795269,-0.06784697181023655
32,choice_only,partial,17,0.66,-0.6875398006365936,0.2643060563795269,-0.06784697181023655
32,choice_only,standard,18,0.65,-0.6925990102749492,0.265109418253021,-0.06744529087348952
32,choice_only,projected,18,0.73,-0.6858770036212389,0.265109418253021,-0.06744529087348952
32,choice_only,partial,18,0.73,-0.6858770036212389,0.265109418253021,-0.06744529087348952
32,choice_only,standard,19,0.64,-0.6925595893946113,0.2161043439698868,-0.09194782801505662
32,choice_only,projected,19,0.77,-0.6853682329531121,0.2161043439698868,-0.09194782801505662
32,choice_only,partial,19,0.77,-0.6853682329531121,0.2161043439698868,-0.09194782801505662
32,choice_only,standard,20,0.67,-0.6924853834049256,0.262699332632539,-0.06865033368373052
32,choice_only,projected,20,0.78,-0.6842820201871694,0.2659127801265149,-0.06704360993674255
32,choice_only,partial,20,0.78,-0.6842820201871694,0.2659127801265149,-0.06704360993674255
32,inference_affirm,standard,1,0.46,-0.6931742706812409,0.2225312389578388,-0.08873438052108061
32,inference_affirm,projected,1,0.52,-0.6938376642488212,0.2225312389578388,-0.08873438052108061
32,inference_affirm,partial,1,0.49,-0.6934627933675482,0.32026012777145246,0.060130063885726254
32,inference_affirm,standard,2,0.5,-0.6931687762901305,0.1735261646747046,-0.11323691766264771
32,inference_affirm,projected,2,0.46,-0.6937952215787024,0.1735261646747046,-0.11323691766264771
32,inference_affirm,partial,2,0.68,-0.6925837747178708,0.0843529967168703,-0.15782350164156486
32,inference_affirm,standard,3,0.43,-0.6932942826681985,0.12130764289759442,-0.23934617855120277
32,inference_affirm,projected,3,0.37,-0.6959361596011044,0.12130764289759442,-0.23934617855120277
32,inference_affirm,partial,3,0.48,-0.6939129231932699,-0.04820171240964018,-0.42410085620482013
32,inference_affirm,standard,4,0.5,-0.6932017691228621,0.2643060563795269,0.03215302818976348
32,inference_affirm,projected,4,0.42,-0.6944230539374897,0.2643060563795269,0.03215302818976348
32,inference_affirm,partial,4,0.42,-0.6947495516705959,-0.3028674263072391,-0.5514337131536196
32,inference_affirm,standard,5,0.59,-0.6930671027037871,0.2562724376445869,-0.17186378117770654
32,inference_affirm,projected,5,0.55,-0.6929247650385939,0.2562724376445869,-0.17186378117770654
32,inference_affirm,partial,5,0.52,-0.6934807979620494,-0.2249413245783208,-0.5124706622891604
32,inference_affirm,standard,6,0.63,-0.6930391128940825,0.19843038275301872,-0.10078480862349065
32,inference_affirm,projected,6,0.57,-0.6926452048307981,0.1968236590060307,-0.10158817049698467
32,inference_affirm,partial,6,0.53,-0.6932743181958899,-0.2265480483253088,-0.5132740241626544
32,inference_affirm,standard,7,0.57,-0.6929862281624863,0.07310593048795426,-0.2634470347560229
32,inference_affirm,projected,7,0.61,-0.6913581790347628,0.08836980608434032,-0.25581509695782984
32,inference_affirm,partial,7,0.52,-0.693264177517605,-0.4418490304217016,-0.7209245152108508
32,inference_affirm,standard,8,0.56,-0.6930183521149097,0.1695093553072346,-0.2152453223463827
32,inference_affirm,projected,8,0.58,-0.6919023389058573,0.1695093553072346,-0.2152453223463827
32,inference_affirm,partial,8,0.48,-0.6939291335895865,-0.5157583227831499,-0.757879161391575
32,inference_affirm,standard,9,0.56,-0.6930914382277327,0.028921027445784103,-0.18553948627710795
32,inference_affirm,projected,9,0.56,-0.6931450343156926,0.028921027445784103,-0.18553948627710795
32,inference_affirm,partial,9,0.39,-0.6952325476678692,-0.48201712409640174,-0.5410085620482008
32,inference_affirm,standard,10,0.54,-0.6931168567430908,0.1895934021445847,-0.005203298927707628
32,inference_affirm,projected,10,0.49,-0.6939139153182426,0.1895934021445847,-0.005203298927707628
32,inference_affirm,partial,10,0.34,-0.6965137796259502,-0.279569931975913,-0.43978496598795647
32,inference_affirm,standard,11,0.65,-0.6929827355178925,0.3607094811988073,-0.01964525940059636
32,inference_affirm,projected,11,0.73,-0.6910806169371893,0.3607094811988073,-0.01964525940059636
32,inference_affirm,partial,11,0.42,-0.6943007895702884,-0.3390187106144692,-0.5695093553072346
32,inference_affirm,standard,12,0.53,-0.6930833496729876,0.282783379469889,-0.15860831026505548
32,inference_affirm,projected,12,0.54,-0.6931192888079635,0.282783379469889,-0.15860831026505548
32,inference_affirm,partial,12,0.37,-0.6944358434224163,-0.28921027445784103,-0.4446051372289205
32,inference_affirm,standard,13,0.49,-0.693135382821683,0.2241379627048268,-0.08793101864758661
32,inference_affirm,projected,13,0.41,-0.6945331093311004,0.2241379627048268,-0.08793101864758661
32,inference_affirm,partial,13,0.37,-0.6956690819854007,-0.29162036007832304,-0.4458101800391615
32,inference_affirm,standard,14,0.61,-0.6929590527862058,0.15986901282530658,-0.2200654935873467
32,inference_affirm,projected,14,0.66,-0.6914577410009254,0.15504884158434257,-0.2224755792078287
32,inference_affirm,partial,14,0.54,-0.6925094098758096,-0.3068842356747091,-0.5534421178373545
32,inference_affirm,standard,15,0.56,-0.6930323981098091,0.04900507428313417,-0.2754974628584329
32,inference_affirm,projected,15,0.66,-0.6920310801917079,0.04900507428313417,-0.2754974628584329
32,inference_affirm,partial,15,0.49,-0.6929105484563466,-0.4338154116867615,-0.6169077058433807
32,inference_affirm,standard,16,0.69,-0.6927608643765434,-0.004016809367470014,-0.20200840468373502
32,inference_affirm,projected,16,0.71,-0.687681215504869,0.01124706622891604,-0.194376466885542
32,inference_affirm,partial,16,0.61,-0.6875099054058654,-0.37275990930121733,-0.5863799546506087
32,inference_affirm,standard,17,0.64,-0.6925970290488267,-0.04097145554819415,-0.22048572777409708
32,inference_affirm,projected,17,0.66,-0.6851450102690193,-0.04257817929518215,-0.2212890896475911
32,inference_affirm,partial,17,0.61,-0.6863132993086909,-0.43702885918073753,-0.6185144295903688
32,inference_affirm,standard,18,0.61,-0.6925143448229683,0.007230256861446026,-0.09638487156927697
32,inference_affirm,projected,18,0.66,-0.6835671089706039,-0.004820171240964017,-0.10241008562048198
32,inference_affirm,partial,18,0.62,-0.6859549880560953,-0.3350019012469992,-0.5675009506234996
32,inference_affirm,standard,19,0.62,-0.6924748237395558,-0.027314303698796095,-0.21365715184939807
32,inference_affirm,projected,19,0.65,-0.6830901715221764,-0.027314303698796095,-0.21365715184939807
32,inference_affirm,partial,19,0.62,-0.6864322554994147,-0.4314053260662795,-0.6157026630331398
32,inference_affirm,standard,20,0.63,-0.6924005353352635,-0.03615128430723013,-0.21807564215361508
32,inference_affirm,projected,20,0.66,-0.682009302408119,-0.03615128430723013,-0.21807564215361508
32,inference_affirm,partial,20,0.64,-0.6854343006478136,-0.4522927347771236,-0.6261463673885619
32,inference_categories,standard,1,0.46,-0.6931742706812409,0.2225312389578388,-0.08873438052108061
32,inference_categories,projected,1,0.52,-0.6938376642488212,0.2225312389578388,-0.08873438052108061
32,inference_categories,partial,1,0.51,-0.6932978843972092,0.3824002517831454,0.1912001258915727
32,inference_categories,standard,2,0.5,-0.6931687762901305,0.1735261646747046,-0.11323691766264771
32,inference_categories,projected,2,0.46,-0.6937952215787024,0.1735261646747046,-0.11323691766264771
32,inference_categories,partial,2,0.65,-0.6927288758430286,0.14219505160843854,-0.02890247419578071
32,inference_categories,standard,3,0.43,-0.6932942826681985,0.12130764289759442,-0.23934617855120277
32,inference_categories,projected,3,0.37,-0.6959361596011044,0.12130764289759442,-0.23934617855120277
32,inference_categories,partial,3,0.47,-0.6939030303855893,-0.03775800805421813,-0.31887900402710906
32,inference_categories,standard,4,0.5,-0.6932017691228621,0.2643060563795269,0.03215302818976348
32,inference_categories,projected,4,0.42,-0.6944230539374897,0.2643060563795269,0.03215302818976348
32,inference_categories,partial,4,0.41,-0.6944993675644037,-0.23056485769277885,-0.5152824288463894
32,inference_categories,standard,5,0.59,-0.6930671027037871,0.2562724376445869,-0.17186378117770654
32,inference_categories,projected,5,0.55,-0.6929247650385939,0.2562724376445869,-0.17186378117770654
32,inference_categories,partial,5,0.48,-0.6935753975172048,-0.09560006294578635,-0.4478000314728932
32,inference_categories,standard,6,0.63,-0.6930391128940825,0.19843038275301872,-0.10078480862349065
32,inference_categories,projected,6,0.57,-0.6926452048307981,0.1968236590060307,-0.10158817049698467
32,inference_categories,partial,6,0.49,-0.6934505110264336,-0.1132740241626544,-0.45663701208132723
32,inference_categories,standard,7,0.56,-0.6930923160458672,0.24181192392169487,-0.07909403803915258
32,inference_categories,projected,7,0.53,-0.6939627790820588,0.24181192392169487,-0.07909403803915258
32,inference_categories,partial,7,0.5,-0.693120331015037,-0.03133111306626611,-0.21566555653313307
32,inference_categories,standard,8,0.51,-0.6931245523351077,0.16067237469880058,-0.11966381265059972
32,inference_categories,projected,8,0.51,-0.6945145462588371,0.16067237469880058,-0.11966381265059972
32,inference_categories,partial,8,0.47,-0.6938129507532799,-0.014460513722892051,-0.307230256861446
32,inference_categories,standard,9,0.54,-0.6930512832639267,0.267519503873503,-0.06624024806324852
32,inference_categories,projected,9,0.53,-0.6932365579387262,0.267519503873503,-0.06624024806324852
32,inference_categories,partial,9,0.56,-0.6923001796970722,-0.10925721479518438,-0.35462860739759217
32,inference_categories,standard,10,0.57,-0.6930770044864292,0.29483380757229904,0.047416903786149545
32,inference_categories,projected,10,0.52,-0.6940303887837325,0.29483380757229904,-0.05258309621385049
32,inference_categories,partial,10,0.46,-0.6934846462842127,-0.00562353311445802,-0.302811766557229
32,inference_categories,standard,11,0.53,-0.6929423929883936,0.30045734068675706,-0.14977132965662146
32,inference_categories,projected,11,0.58,-0.6911456912224542,0.30045734068675706,-0.14977132965662146
32,inference_categories,partial,11,0.63,-0.6911944727320452,0.009640342481928034,-0.295179828759036
32,inference_categories,standard,12,0.5,-0.6930431796399735,0.3028674263072391,-0.04856628684638045
32,inference_categories,projected,12,0.51,-0.6932022768816257,0.31170440691567314,-0.04414779654216344
32,inference_categories,partial,12,0.54,-0.6927784238818157,0.16790263156024662,-0.1160486842198767
32,inference_categories,standard,13,0.48,-0.6930954423522343,0.24743545703615288,0.023717728518076464
32,inference_categories,projected,13,0.5,-0.6946294161940105,0.24743545703615288,0.023717728518076464
32,inference_categories,partial,13,0.57,-0.6925909366244717,0.21128417272892275,-0.09435791363553864
32,inference_categories,standard,14,0.55,-0.6929186935196486,0.24100856204820087,-0.17949571897589955
32,inference_categories,projected,14,0.54,-0.6915023422210893,0.24100856204820087,-0.17949571897589955
32,inference_categories,partial,14,0.67,-0.6895634321744822,0.23699175268073086,-0.08150412365963458
32,inference_categories,standard,15,0.51,-0.6929919252706438,0.20003710650000672,-0.19998144674999663
32,inference_categories,projected,15,0.51,-0.6920743651727385,0.2056606396144647,-0.19716968019276765
32,inference_categories,partial,15,0.65,-0.6901624145482755,0.18396986903012666,-0.10801506548493668
32,inference_categories,standard,16,0.69,-0.6927194561389995,0.15906565095181258,-0.02046717452409369
32,inference_categories,projected,16,0.82,-0.6875740370685297,0.15022867034337853,-0.024885664828310713
32,inference_categories,partial,16,0.79,-0.6852856256343288,0.040168093674700145,-0.27991595316264994
32,inference_categories,standard,17,0.82,-0.692554907213071,0.030527751192772113,-0.08473612440361392
32,inference_categories,projected,17,0.77,-0.6849524315053344,0.052218521777110186,-0.07389073911144489
32,inference_categories,partial,17,0.74,-0.6847875961813967,-0.18075642153615062,-0.39037821076807533
32,inference_categories,standard,18,0.77,-0.692638042407378,0.03775800805421813,-0.08112099597289091
32,inference_categories,projected,18,0.79,-0.6865898020340434,0.03775800805421813,-0.08112099597289091
32,inference_categories,partial,18,0.76,-0.6841692539956934,-0.18477323090362066,-0.3923866154518103
32,inference_categories,standard,19,0.81,-0.6926776684218361,0.09560006294578635,-0.0521999685271068
32,inference_categories,projected,19,0.83,-0.6871016936917757,0.09560006294578635,-0.0521999685271068
32,inference_categories,partial,19,0.77,-0.6840989913890992,-0.0819429110963883,-0.34097145554819414
32,inference_categories,standard,20,0.78,-0.6926033842168202,0.1405883278614505,-0.029705836069274724
32,inference_categories,projected,20,0.83,-0.6859983826653538,0.1405883278614505,-0.029705836069274724
32,inference_categories,partial,20,0.75,-0.6833112941486972,-0.15022867034337853,-0.37511433517168924
33,choice_only,standard,1,0.65,-0.6929610645609016,0.47139251070493066,0.3356962553524653
33,choice_only,projected,1,0.64,-0.6907980766560508,0.47139251070493066,0.3356962553524653
33,choice_only,partial,1,0.64,-0.6907980766560508,0.47139251070493066,0.3356962553524653
33,choice_only,standard,2,0.66,-0.6929382005163753,0.3831049501715657,0.09155247508578288
33,choice_only,projected,2,0.62,-0.6904255049190988,0.3831049501715657,0.09155247508578288
33,choice_only,partial,2,0.62,-0.6904255049190988,0.3831049501715657,0.09155247508578288
33,choice_only,standard,3,0.62,-0.6929671581862984,0.47927532860969546,0.23963766430484773
33,choice_only,projected,3,0.62,-0.6905362423645139,0.4840050193525542,0.2420025096762771
33,choice_only,partial,3,0.62,-0.6905362423645139,0.4840050193525542,0.2420025096762771
33,choice_only,standard,4,0.58,-0.6929784605998257,0.36576275078108333,0.08288137539054169
33,choice_only,projected,4,0.61,-0.6906557358919179,0.36576275078108333,0.08288137539054169
33,choice_only,partial,4,0.61,-0.6906557358919179,0.36576275078108333,0.08288137539054169
33,choice_only,standard,5,0.59,-0.6928564014194375,0.4430143662477777,0.22150718312388884
33,choice_only,projected,5,0.62,-0.688716389333946,0.4524737477334953,0.22623687386674765
33,choice_only,partial,5,0.62,-0.688716389333946,0.4524737477334953,0.22623687386674765
33,choice_only,standard,6,0.61,-0.6930251680993139,0.4351315483430129,0.21756577417150644
33,choice_only,projected,6,0.62,-0.6911264350475359,0.4240956032763423,0.21204780163817116
33,choice_only,partial,6,0.62,-0.6911264350475359,0.4240956032763423,0.21204780163817116
33,choice_only,standard,7,0.61,-0.6931133008043726,0.10562975992384735,-0.14718512003807632
33,choice_only,projected,7,0.53,-0.6925863616488833,0.10562975992384735,-0.14718512003807632
33,choice_only,partial,7,0.53,-0.6925863616488833,0.10562975992384735,-0.14718512003807632
33,choice_only,standard,8,0.59,-0.6930269793480772,0.16869230316196515,-0.2156538484190174
33,choice_only,projected,8,0.58,-0.6914824957469843,0.16869230316196515,-0.2156538484190174
33,choice_only,partial,8,0.58,-0.6914824957469843,0.16869230316196515,-0.2156538484190174
33,choice_only,standard,9,0.56,-0.6930845834017763,0.20968295626674174,-0.09515852186662914
33,choice_only,projected,9,0.57,-0.691951280106538,0.20968295626674174,-0.09515852186662914
33,choice_only,partial,9,0.57,-0.691951280106538,0.20968295626674174,-0.09515852186662914
33,choice_only,standard,10,0.54,-0.69311279783939,0.20022357478102407,-0.09988821260948798
33,choice_only,projected,10,0.53,-0.6922538986338063,0.20652982910483586,-0.09673508544758208
33,choice_only,partial,10,0.53,-0.6922538986338063,0.20652982910483586,-0.09673508544758208
33,choice_only,standard,11,0.46,-0.6932348988724674,0.08671099695241198,-0.15664450152379403
33,choice_only,projected,11,0.43,-0.6937925529950458,0.08671099695241198,-0.15664450152379403
33,choice_only,partial,11,0.43,-0.6937925529950458,0.08671099695241198,-0.15664450152379403
33,choice_only,standard,12,0.48,-0.6932699623443177,0.09144068769527083,-0.1542796561523646
33,choice_only,projected,12,0.41,-0.6940295044809409,0.09144068769527083,-0.1542796561523646
33,choice_only,partial,12,0.41,-0.6940295044809409,0.09144068769527083,-0.1542796561523646
33,choice_only,standard,13,0.54,-0.693176648584584,0.2159892105905535,-0.09200539470472326
33,choice_only,projected,13,0.53,-0.6927524460588387,0.2159892105905535,-0.09200539470472326
33,choice_only,partial,13,0.53,-0.6927524460588387,0.2159892105905535,-0.09200539470472326
33,choice_only,standard,14,0.53,-0.6931841199210192,0.23017828281913005,-0.08491085859043498
33,choice_only,projected,14,0.5,-0.6928950996781106,0.23017828281913005,-0.08491085859043498
33,choice_only,partial,14,0.5,-0.6928950996781106,0.23017828281913005,-0.08491085859043498
33,choice_only,standard,15,0.52,-0.6931782573532359,0.23806110072389475,-0.08096944963805264
33,choice_only,projected,15,0.49,-0.6930080947251003,0.23806110072389475,-0.08096944963805264
33,choice_only,partial,15,0.49,-0.6930080947251003,0.23806110072389475,-0.08096944963805264
33,choice_only,standard,16,0.54,-0.6930756519827485,0.3121595890286832,-0.04392020548565842
33,choice_only,projected,16,0.58,-0.6914662323043191,0.3263486612572597,-0.03682566937137016
33,choice_only,partial,16,0.58,-0.6914662323043191,0.3263486612572597,-0.03682566937137016
33,choice_only,standard,17,0.59,-0.6930670645309519,0.3846815137525187,-0.007659243123740667
33,choice_only,projected,17,0.61,-0.6911739274294051,0.34211429706678914,-0.02894285146660544
33,choice_only,partial,17,0.61,-0.6911739274294051,0.34211429706678914,-0.02894285146660544
33,choice_only,standard,18,0.54,-0.6930920662991095,0.26170955443818894,-0.06914522278090554
33,choice_only,projected,18,0.59,-0.6913829448714823,0.26170955443818894,-0.06914522278090554
33,choice_only,partial,18,0.59,-0.6913829448714823,0.26170955443818894,-0.06914522278090554
33,choice_only,standard,19,0.57,-0.6929626243029721,0.34369086064774207,-0.028154569676128977
33,choice_only,projected,19,0.6,-0.6899268528745891,0.3121595890286832,-0.1439202054856584
33,choice_only,partial,19,0.6,-0.6899268528745891,0.3121595890286832,-0.1439202054856584
33,choice_only,standard,20,0.59,-0.6928658339319699,0.4240956032763423,0.11204780163817118
33,choice_only,projected,20,0.66,-0.688800156456074,0.4240956032763423,0.11204780163817118
33,choice_only,partial,20,0.66,-0.688800156456074,0.4240956032763423,0.11204780163817118
33,inference_affirm,standard,1,0.65,-0.6929610645609016,0.47139251070493066,0.3356962553524653
33,inference_affirm,projected,1,0.64,-0.6907980766560508,0.47139251070493066,0.3356962553524653
33,inference_affirm,partial,1,0.61,-0.6910970247904399,0.1560797945143416,-0.021960102742829182
33,inference_affirm,standard,2,0.66,-0.6929382005163753,0.3831049501715657,0.09155247508578288
33,inference_affirm,projected,2,0.62,-0.6904255049190988,0.3831049501715657,0.09155247508578288
33,inference_affirm,partial,2,0.62,-0.6908247259126469,0.06936879756192961,-0.1653156012190352
33,inference_affirm,standard,3,0.62,-0.6929671581862984,0.47927532860969546,0.23963766430484773
33,inference_affirm,projected,3,0.62,-0.6905362423645139,0.4840050193525542,0.2420025096762771
33,inference_affirm,partial,3,0.63,-0.6915322775742366,0.028378144457153014,-0.1858109277714235
33,inference_affirm,standard,4,0.58,-0.6929784605998257,0.36576275078108333,0.08288137539054169
33,inference_affirm,projected,4,0.61,-0.6906557358919179,0.36576275078108333,0.08288137539054169
33,inference_affirm,partial,4,0.58,-0.6916347712079031,0.03310783520001185,-0.2834460823999941
33,inference_affirm,standard,5,0.59,-0.6928564014194375,0.4430143662477777,0.22150718312388884
33,inference_affirm,projected,5,0.62,-0.688716389333946,0.4524737477334953,0.22623687386674765
33,inference_affirm,partial,5,0.5,-0.6942154030752566,-0.19391732045721227,-0.2969586602286062
33,inference_affirm,standard,6,0.62,-0.6926886058893542,0.4083299674668128,0.3041649837334064
33,inference_affirm,projected,6,0.63,-0.6864891935123347,0.4083299674668128,0.3041649837334064
33,inference_affirm,partial,6,0.48,-0.695913077885068,-0.11035945066670619,-0.2551797253333531
33,inference_affirm,standard,7,0.64,-0.6927764241122659,0.24121422788580066,0.02060711394290035
33,inference_affirm,projected,7,0.62,-0.6878879312509137,0.24121422788580066,0.02060711394290035
33,inference_affirm,partial,7,0.43,-0.6970950785428256,-0.17972824822863578,-0.38986412411431787
33,inference_affirm,standard,8,0.63,-0.6928625816558684,0.3121595890286832,0.05607979451434161
33,inference_affirm,projected,8,0.6,-0.6889688563747758,0.3121595890286832,0.05607979451434161
33,inference_affirm,partial,8,0.43,-0.6976777369283093,-0.0015765635809529455,-0.20078828179047647
33,inference_affirm,standard,9,0.68,-0.6929201022247831,0.33107835200011854,0.06553917600005929
33,inference_affirm,projected,9,0.64,-0.689429783843466,0.3153127161905891,0.05765635809529457
33,inference_affirm,partial,9,0.44,-0.6981515484704036,0.03783752594287069,-0.18108123702856466
33,inference_affirm,standard,10,0.65,-0.6928919311236232,0.35945649645727157,0.0797282482286358
33,inference_affirm,projected,10,0.65,-0.6891415078210131,0.35472680571441273,0.07736340285720639
33,inference_affirm,partial,10,0.44,-0.6981773520677844,0.10090006918098851,-0.14954996540950577
33,inference_affirm,standard,11,0.6,-0.6930138686875996,0.29008769889534197,0.04504384944767101
33,inference_affirm,projected,11,0.62,-0.6906439349506636,0.2711689359239066,0.03558446796195333
33,inference_affirm,partial,11,0.43,-0.6999244521326318,0.048873471009541314,-0.27556326449522933
33,inference_affirm,standard,12,0.61,-0.6929788675705933,0.17972824822863578,-0.11013587588568212
33,inference_affirm,projected,12,0.6,-0.6904083950546348,0.17972824822863578,-0.11013587588568212
33,inference_affirm,partial,12,0.43,-0.6995277754605699,0.06148597965716486,-0.1692570101714176
33,inference_affirm,standard,13,0.56,-0.693072135587466,0.16711573958101222,-0.1164421302094939
33,inference_affirm,projected,13,0.63,-0.6916774023941298,0.16711573958101222,-0.1164421302094939
33,inference_affirm,partial,13,0.44,-0.7000256476190401,0.09459381485717673,-0.2527030925714116
33,inference_affirm,standard,14,0.6,-0.6930646836051362,0.14189072228576508,-0.22905463885711747
33,inference_affirm,projected,14,0.62,-0.6915393559640428,0.11508914140956503,-0.24245542929521746
33,inference_affirm,partial,14,0.45,-0.6997490992114599,0.018918762971435344,-0.19054061851428233
33,inference_affirm,standard,15,0.6,-0.6930705418538498,0.10878288708575322,-0.1456085564571234
33,inference_affirm,projected,15,0.6,-0.6914257843655437,0.10878288708575322,-0.1456085564571234
33,inference_affirm,partial,15,0.42,-0.699752395811701,0.012612508647623564,-0.2936937456761882
33,inference_affirm,standard,16,0.64,-0.6929681350941774,0.260132990857236,0.03006649542861803
33,inference_affirm,projected,16,0.61,-0.6899177154041327,0.260132990857236,0.03006649542861803
33,inference_affirm,partial,16,0.45,-0.6989463536019983,0.03941408952382364,-0.28029295523808817
33,inference_affirm,standard,17,0.61,-0.6929595520800601,0.31058302544773025,0.05529151272386515
33,inference_affirm,projected,17,0.65,-0.6896316312494944,0.31058302544773025,0.05529151272386515
33,inference_affirm,partial,17,0.45,-0.6984772457034342,0.03153127161905891,-0.28423436419047055
33,inference_affirm,standard,18,0.59,-0.6929845233654568,0.2364845371429418,-0.08175773142852912
33,inference_affirm,projected,18,0.62,-0.68983574234342,0.19864701120007114,-0.0006764943999644085
33,inference_affirm,partial,18,0.47,-0.6982284405033533,-0.034684398780964805,-0.2173421993904824
33,inference_affirm,standard,19,0.61,-0.692855279980601,0.36576275078108333,0.18288137539054167
33,inference_affirm,projected,19,0.64,-0.6884031700845621,0.3499971149715539,0.17499855748577695
33,inference_affirm,partial,19,0.46,-0.6995522315084428,-0.012612508647623564,-0.2063062543238118
33,inference_affirm,standard,20,0.57,-0.6929521367752642,0.18603450255244758,-0.10698274872377622
33,inference_affirm,projected,20,0.61,-0.6895450625221515,0.18603450255244758,-0.10698274872377622
33,inference_affirm,partial,20,0.43,-0.700290419387877,0.017342199390482402,-0.2913289003047588
33,inference_categories,standard,1,0.65,-0.6929610645609016,0.47139251070493066,0.3356962553524653
33,inference_categories,projected,1,0.64,-0.6907980766560508,0.47139251070493066,0.3356962553524653
33,inference_categories,partial,1,0.63,-0.6909405011488786,0.10247663276194147,-0.048761683619029245
33,inference_categories,standard,2,0.64,-0.6929839486368724,0.5029237823239896,0.2514618911619948
33,inference_categories,projected,2,0.63,-0.6911732690451362,0.5029237823239896,0.2514618911619948
33,inference_categories,partial,2,0.63,-0.6913484405749776,0.11351257782861206,-0.14324371108569398
33,inference_categories,standard,3,0.6,-0.6930129048264544,0.5139597273906601,0.35697986369533
33,inference_categories,projected,3,0.63,-0.691283534848392,0.5139597273906601,0.35697986369533
33,inference_categories,partial,3,0.61,-0.6919022865663969,0.014189072228576507,-0.09290546388571172
33,inference_categories,standard,4,0.58,-0.6930242072699222,0.431978421181107,0.2159892105905535
33,inference_categories,projected,4,0.59,-0.6914048000804717,0.431978421181107,0.2159892105905535
33,inference_categories,partial,4,0.62,-0.691872148701151,-0.036260962361917747,-0.21813048118095887
33,inference_categories,standard,5,0.5,-0.6931465698272347,0.16869230316196515,-0.11565384841901744
33,inference_categories,projected,5,0.46,-0.6934386672262502,0.16869230316196515,-0.11565384841901744
33,inference_categories,partial,5,0.42,-0.6943851485500072,0.1182422685714709,-0.04087886571426453
33,inference_categories,standard,6,0.54,-0.6929779715734017,0.345267424228695,0.07263371211434752
33,inference_categories,projected,6,0.59,-0.6910263840554571,0.345267424228695,0.07263371211434752
33,inference_categories,partial,6,0.4,-0.6959285357420332,-0.04572034384763542,-0.12286017192381768
33,inference_categories,standard,7,0.59,-0.6928901621454827,0.44616749340968354,0.22308374670484177
33,inference_categories,projected,7,0.61,-0.6896069714382327,0.4556268748954012,0.2278134374477006
33,inference_categories,partial,7,0.44,-0.6953290345980075,0.08040474262860021,-0.05979762868569987
33,inference_categories,standard,8,0.57,-0.6928043006030954,0.45720343847635414,0.22860171923817707
33,inference_categories,projected,8,0.63,-0.6885542182294623,0.45720343847635414,0.22860171923817707
33,inference_categories,partial,8,0.5,-0.694362217169757,-0.11351257782861206,-0.256756288914306
33,inference_categories,standard,9,0.58,-0.6928617420147354,0.4729690742858836,0.2364845371429418
33,inference_categories,projected,9,0.63,-0.6890100280432185,0.4508971841525424,0.2254485920762712
33,inference_categories,partial,9,0.45,-0.6946987257587495,-0.08828756053336495,-0.2441437802666825
33,inference_categories,standard,10,0.6,-0.6928898424139355,0.5060769094858955,0.2530384547429477
33,inference_categories,projected,10,0.6,-0.6892904594824719,0.4981940915811308,0.2490970457905654
33,inference_categories,partial,10,0.46,-0.6949319072296334,-0.03941408952382364,-0.21970704476191183
33,inference_categories,standard,11,0.62,-0.6927685655411687,0.5029237823239896,0.2514618911619948
33,inference_categories,projected,11,0.63,-0.6878476922909011,0.4950409644192249,0.24752048220961245
33,inference_categories,partial,11,0.43,-0.6957947428789153,-0.2222954649143653,-0.31114773245718264
33,inference_categories,standard,12,0.6,-0.6927337432142687,0.4272487304382482,0.2136243652191241
33,inference_categories,projected,12,0.61,-0.6876171495993462,0.40517684030490697,0.20258842015245349
33,inference_categories,partial,12,0.46,-0.6952646191902994,-0.23806110072389475,-0.41903055036194736
33,inference_categories,standard,13,0.6,-0.6926410652365125,0.3894112044953776,0.1947056022476888
33,inference_categories,projected,13,0.62,-0.6864471116646829,0.3894112044953776,0.1947056022476888
33,inference_categories,partial,13,0.5,-0.694483310467104,-0.20968295626674174,-0.40484147813337085
33,inference_categories,standard,14,0.62,-0.6926335365665091,0.3626096236191774,0.08130481180958873
33,inference_categories,projected,14,0.63,-0.6863035280451132,0.3610330600382245,0.08051653001911227
33,inference_categories,partial,14,0.5,-0.6942358163727603,-0.2159892105905535,-0.5079946052952767
33,inference_categories,standard,15,0.61,-0.692639450221427,0.4114830946287188,0.2057415473143594
33,inference_categories,projected,15,0.63,-0.686209934635229,0.4114830946287188,0.2057415473143594
33,inference_categories,partial,15,0.52,-0.6943774104734234,-0.23017828281913005,-0.415089141409565
33,inference_categories,standard,16,0.62,-0.6925378917296612,0.4083299674668128,0.2041649837334064
33,inference_categories,projected,16,0.63,-0.6848241531174584,0.4130596582096717,0.20652982910483586
33,inference_categories,partial,16,0.5,-0.6939759554017971,-0.25697986369533005,-0.32848993184766506
33,inference_categories,standard,17,0.63,-0.6925293053636459,0.4193659125334835,0.20968295626674174
33,inference_categories,projected,17,0.63,-0.6845637071110032,0.4193659125334835,0.20968295626674174
33,inference_categories,partial,17,0.5,-0.6939030655997667,-0.29481738963820076,-0.4474086948191004
33,inference_categories,standard,18,0.62,-0.6925540973691391,0.4272487304382482,0.2136243652191241
33,inference_categories,projected,18,0.62,-0.6847463936419433,0.4272487304382482,0.2136243652191241
33,inference_categories,partial,18,0.51,-0.6935305236951779,-0.2711689359239066,-0.3355844679619533
33,inference_categories,standard,19,0.62,-0.6924260424871322,0.4556268748954012,0.2278134374477006
33,inference_categories,projected,19,0.64,-0.6834072129304064,0.4556268748954012,0.2278134374477006
33,inference_categories,partial,19,0.49,-0.6945551124768129,-0.27747519024771844,-0.43873759512385924
33,inference_categories,standard,20,0.59,-0.6925223048075536,0.4351315483430129,0.21756577417150644
33,inference_categories,projected,20,0.64,-0.684480365676402,0.4351315483430129,0.21756577417150644
33,inference_categories,partial,20,0.49,-0.695392863122968,-0.2648626816000948,-0.5324313408000474
34,choice_only,standard,1,0.39,-0.6932286082208957,0.17057680972685943,-0.2147115951365703
34,choice_only,projected,1,0.45,-0.6937703193292293,0.17057680972685943,-0.2147115951365703
34,choice_only,partial,1,0.45,-0.6937703193292293,0.17057680972685943,-0.2147115951365703
34,choice_only,standard,2,0.52,-0.6931604278878263,0.27750555612280114,-0.06124722193859944
34,choice_only,projected,2,0.51,-0.693342387031537,0.27750555612280114,-0.06124722193859944
34,choice_only,partial,2,0.51,-0.693342387031537,0.27750555612280114,-0.06124722193859944
34,choice_only,standard,3,0.62,-0.6930329931719531,0.42007721798405684,0.010038608992028408
34,choice_only,projected,3,0.58,-0.6920040051518839,0.42007721798405684,0.010038608992028408
34,choice_only,partial,3,0.58,-0.6920040051518839,0.42007721798405684,0.010038608992028408
34,choice_only,standard,4,0.52,-0.6931858548552481,0.3403049786093067,-0.029847510695346663
34,choice_only,projected,4,0.49,-0.6933300209131698,0.3403049786093067,-0.029847510695346663
34,choice_only,partial,4,0.49,-0.6933300209131698,0.3403049786093067,-0.029847510695346663
34,choice_only,standard,5,0.67,-0.6929981654571863,0.42007721798405684,0.010038608992028408
34,choice_only,projected,5,0.67,-0.6914141201837697,0.4124394503843467,0.006219725192173342
34,choice_only,partial,5,0.67,-0.6914141201837697,0.4124394503843467,0.006219725192173342
34,choice_only,standard,6,0.61,-0.6930559024180454,0.3903747884296286,-0.00481260578518572
34,choice_only,projected,6,0.59,-0.6920815661127088,0.3742506123857961,-0.012874693807101961
34,choice_only,partial,6,0.59,-0.6920815661127088,0.3742506123857961,-0.012874693807101961
34,choice_only,standard,7,0.62,-0.6930386100961959,0.33860769692048215,-0.030696151539758937
34,choice_only,projected,7,0.59,-0.6915357505369518,0.33860769692048215,-0.030696151539758937
34,choice_only,partial,7,0.59,-0.6915357505369518,0.33860769692048215,-0.030696151539758937
34,choice_only,standard,8,0.59,-0.6929673941103028,0.3080566265216417,0.05402831326082086
34,choice_only,projected,8,0.58,-0.6912247253399255,0.3080566265216417,0.05402831326082086
34,choice_only,partial,8,0.58,-0.6912247253399255,0.3080566265216417,0.05402831326082086
34,choice_only,standard,9,0.71,-0.6927853075419939,0.4319581898058281,0.21597909490291406
34,choice_only,projected,9,0.78,-0.6887702783361703,0.4319581898058281,0.21597909490291406
34,choice_only,partial,9,0.78,-0.6887702783361703,0.4319581898058281,0.21597909490291406
34,choice_only,standard,10,0.66,-0.692736470340323,0.4828766404705623,0.14143832023528116
34,choice_only,projected,10,0.72,-0.6885069719919632,0.4828766404705623,0.14143832023528116
34,choice_only,partial,10,0.72,-0.6885069719919632,0.4828766404705623,0.14143832023528116
34,choice_only,standard,11,0.71,-0.6926485607726799,0.5193681967802884,0.2596840983901442
34,choice_only,projected,11,0.79,-0.6875624770685039,0.5193681967802884,0.2596840983901442
34,choice_only,partial,11,0.79,-0.6875624770685039,0.5193681967802884,0.2596840983901442
34,choice_only,standard,12,0.71,-0.6925552075502828,0.5354923728241209,0.26774618641206044
34,choice_only,projected,12,0.81,-0.6863750711177603,0.5337950911352964,0.2668975455676482
34,choice_only,partial,12,0.81,-0.6863750711177603,0.5337950911352964,0.2668975455676482
34,choice_only,standard,13,0.72,-0.6924266208260774,0.5057899432696926,0.2528949716348463
34,choice_only,projected,13,0.81,-0.684300207721966,0.5057899432696926,0.2528949716348463
34,choice_only,partial,13,0.81,-0.684300207721966,0.5057899432696926,0.2528949716348463
34,choice_only,standard,14,0.74,-0.6922212238555712,0.4378986757167137,0.11894933785835687
34,choice_only,projected,14,0.76,-0.6817697518339523,0.42007721798405684,0.11003860899202844
34,choice_only,partial,14,0.76,-0.6817697518339523,0.42007721798405684,0.11003860899202844
34,choice_only,standard,15,0.74,-0.6920006649951618,0.41413673207317114,0.1070683660365856
34,choice_only,projected,15,0.75,-0.6795007396876664,0.4378986757167137,0.11894933785835687
34,choice_only,partial,15,0.75,-0.6795007396876664,0.4378986757167137,0.11894933785835687
34,choice_only,standard,16,0.71,-0.6918711118461967,0.3114511898992906,-0.04427440505035471
34,choice_only,projected,16,0.72,-0.6782518520324773,0.3114511898992906,-0.04427440505035471
34,choice_only,partial,16,0.72,-0.6782518520324773,0.3114511898992906,-0.04427440505035471
34,choice_only,standard,17,0.71,-0.6918956863608853,0.3674614856304982,-0.016269257184750918
34,choice_only,projected,17,0.73,-0.6784640190965586,0.39461799265168973,0.09730899632584489
34,choice_only,partial,17,0.73,-0.6784640190965586,0.39461799265168973,0.09730899632584489
34,choice_only,standard,18,0.73,-0.6918365754371006,0.3122998307437029,-0.04385008462814857
34,choice_only,projected,18,0.71,-0.6777157436674363,0.33775905607606993,-0.031120471961965046
34,choice_only,partial,18,0.71,-0.6777157436674363,0.33775905607606993,-0.031120471961965046
34,choice_only,standard,19,0.72,-0.6918374099126636,0.35048866874225343,-0.024755665628873297
34,choice_only,projected,19,0.74,-0.6777076347633667,0.3538832321199024,-0.023058383940048804
34,choice_only,partial,19,0.74,-0.6777076347633667,0.3538832321199024,-0.023058383940048804
34,choice_only,standard,20,0.76,-0.6918048382136339,0.43705003487230154,0.01852501743615076
34,choice_only,projected,20,0.78,-0.6771128322791031,0.4260177038949424,0.0130088519474712
34,choice_only,partial,20,0.78,-0.6771128322791031,0.4260177038949424,0.0130088519474712
34,inference_affirm,standard,1,0.61,-0.6930658328071917,-0.17057680972685943,-0.3852884048634297
34,inference_affirm,projected,1,0.55,-0.6925387692707727,-0.17057680972685943,-0.3852884048634297
34,inference_affirm,partial,1,0.68,-0.692314216744871,-0.15026593103507646,-0.27513296551753824
34,inference_affirm,standard,2,0.74,-0.6929975220232554,0.3080566265216417,0.05402831326082086
34,inference_affirm,projected,2,0.72,-0.6920694684273921,0.3080566265216417,0.05402831326082086
34,inference_affirm,partial,2,0.71,-0.6917286671383127,0.5363410136685332,0.2681705068342666
34,inference_affirm,standard,3,0.82,-0.6928701372987359,0.5660434432229614,0.18302172161148073
34,inference_affirm,projected,3,0.81,-0.6907449403007466,0.5660434432229614,0.18302172161148073
34,inference_affirm,partial,3,0.65,-0.6914942511705285,0.6840045205962623,0.24200226029813116
34,inference_affirm,standard,4,0.64,-0.6930228394987371,0.4048016827846366,0.10240084139231831
34,inference_affirm,projected,4,0.67,-0.6920593780856961,0.40989352785111,0.10494676392555502
34,inference_affirm,partial,4,0.65,-0.69178376676629,0.6101727671323977,0.20508638356619885
34,inference_affirm,standard,5,0.73,-0.6928356923570047,0.21555477448070795,-0.09222261275964604
34,inference_affirm,projected,5,0.72,-0.6902122254708328,0.21555477448070795,-0.09222261275964604
34,inference_affirm,partial,5,0.61,-0.6919954405790361,0.48542256300379905,0.24271128150189952
34,inference_affirm,standard,6,0.67,-0.6927783115806857,-0.054313014042383104,-0.32715650702119153
34,inference_affirm,projected,6,0.59,-0.6896241528856245,-0.030551070398840495,-0.31527553519942025
34,inference_affirm,partial,6,0.55,-0.692258423002847,0.34115361945371886,0.07057680972685945
34,inference_affirm,standard,7,0.66,-0.6927958060477529,-0.05176709150914639,-0.3258835457545732
34,inference_affirm,projected,7,0.58,-0.6901958032277931,-0.05176709150914639,-0.3258835457545732
34,inference_affirm,partial,7,0.51,-0.6928700026105352,0.04412932390943627,-0.27793533804528187
34,inference_affirm,standard,8,0.64,-0.6928669764368504,-0.10353418301829279,-0.35176709150914637
34,inference_affirm,projected,8,0.58,-0.6904888821417107,-0.10353418301829279,-0.35176709150914637
34,inference_affirm,partial,8,0.52,-0.693048022484419,0.06873990839739111,-0.16563004580130447
34,inference_affirm,standard,9,0.65,-0.6926859554561905,-0.018670098577069194,-0.2093350492885346
34,inference_affirm,projected,9,0.58,-0.6882631075410542,-0.0424320422206118,-0.22121602111030592
34,inference_affirm,partial,9,0.6,-0.6912353355794422,0.15105807030537802,-0.124470964847311
34,inference_affirm,standard,10,0.72,-0.692636749733953,0.06279942248650545,-0.1686002887567473
34,inference_affirm,projected,10,0.61,-0.687933671518782,0.07383175346386453,-0.16308412326806776
34,inference_affirm,partial,10,0.67,-0.6904551452944196,0.33860769692048215,0.0693038484602411
34,inference_affirm,standard,11,0.69,-0.69254948630986,0.05601029573120757,-0.17199485213439622
34,inference_affirm,projected,11,0.59,-0.6871230483965712,0.06704262670856664,-0.1664786866457167
34,inference_affirm,partial,11,0.59,-0.6912377055045303,0.21810069701394463,-0.0909496514930277
34,inference_affirm,standard,12,0.71,-0.6924559525322721,0.0848640844412236,-0.1575679577793882
34,inference_affirm,projected,12,0.61,-0.6859194002647881,0.13069069003948433,-0.13465465498025786
34,inference_affirm,partial,12,0.63,-0.6899431385451266,0.33860769692048215,0.0693038484602411
34,inference_affirm,standard,13,0.74,-0.6923274634772173,0.24016535896866278,-0.07991732051566862
34,inference_affirm,projected,13,0.67,-0.6838079282732861,0.24016535896866278,-0.07991732051566862
34,inference_affirm,partial,13,0.67,-0.6877099093635198,0.42516906305053026,0.11258453152526515
34,inference_affirm,standard,14,0.71,-0.6925335221138316,0.4701470278043787,0.13507351390218938
34,inference_affirm,projected,14,0.76,-0.6864486119583408,0.4667524644267298,0.13337623221336492
34,inference_affirm,partial,14,0.73,-0.6869271248135054,0.5584056756232513,0.27920283781162564
34,inference_affirm,standard,15,0.75,-0.6927557787604586,0.4947576122923336,0.14737880614616683
34,inference_affirm,projected,15,0.82,-0.6889764822116508,0.4947576122923336,0.14737880614616683
34,inference_affirm,partial,15,0.74,-0.6863914477216426,0.6313887882427036,0.4156943941213518
34,inference_affirm,standard,16,0.72,-0.6926250000377143,0.3691587673193226,0.08457938365966133
34,inference_affirm,projected,16,0.73,-0.6875504595690232,0.3818883799855062,0.09094418999275311
34,inference_affirm,partial,16,0.72,-0.6851109267977982,0.5567083939344268,0.3783541969672134
34,inference_affirm,standard,17,0.73,-0.692649803665367,0.4124394503843467,0.10621972519217338
34,inference_affirm,projected,17,0.75,-0.6878024832560021,0.43620139402788927,0.11810069701394466
34,inference_affirm,partial,17,0.7,-0.685486071536046,0.5804703375779694,0.3902351687889847
34,inference_affirm,standard,18,0.72,-0.6925906221233005,0.42941226727259146,0.11470613363629575
34,inference_affirm,projected,18,0.76,-0.6870150152012942,0.4149853729175834,0.10749268645879173
34,inference_affirm,partial,18,0.76,-0.684471492712246,0.5940485910885652,0.3970242955442826
34,inference_affirm,standard,19,0.74,-0.6925917173682464,0.4311095489614159,0.11555477448070797
34,inference_affirm,projected,19,0.78,-0.687053025397685,0.4404445982499505,0.12022229912497528
34,inference_affirm,partial,19,0.72,-0.684261338151147,0.5702866474450226,0.38514332372251125
34,inference_affirm,standard,20,0.78,-0.6925593733764035,0.4786334362485011,0.13931671812425056
34,inference_affirm,projected,20,0.82,-0.6865189531750053,0.4786334362485011,0.13931671812425056
34,inference_affirm,partial,20,0.75,-0.6835920689945073,0.6033836403770998,0.4016918201885499
34,inference_categories,standard,1,0.61,-0.6930658328071917,-0.17057680972685943,-0.3852884048634297
34,inference_categories,projected,1,0.55,-0.6925387692707727,-0.17057680972685943,-0.3852884048634297
34,inference_categories,partial,1,0.68,-0.692314216744871,-0.15026593103507646,-0.27513296551753824
34,inference_categories,standard,2,0.74,-0.6929975220232554,0.3080566265216417,0.05402831326082086
34,inference_categories,projected,2,0.72,-0.6920694684273921,0.3080566265216417,0.05402831326082086
34,inference_categories,partial,2,0.65,-0.6921521775300884,0.24186264065748725,0.020931320328743647
34,inference_categories,standard,3,0.82,-0.6928701372987359,0.5660434432229614,0.18302172161148073
34,inference_categories,projected,3,0.81,-0.6907449403007466,0.5660434432229614,0.18302172161148073
34,inference_categories,partial,3,0.71,-0.6919867819033334,0.34115361945371886,-0.02942319027314058
34,inference_categories,standard,4,0.64,-0.6930228394987371,0.4048016827846366,0.10240084139231831
34,inference_categories,projected,4,0.67,-0.6920593780856961,0.40989352785111,0.10494676392555502
34,inference_categories,partial,4,0.66,-0.6923903427347491,0.1349338942615455,-0.13253305286922726
34,inference_categories,standard,5,0.73,-0.6928356923570047,0.21555477448070795,-0.09222261275964604
34,inference_categories,projected,5,0.72,-0.6902122254708328,0.21555477448070795,-0.09222261275964604
34,inference_categories,partial,5,0.63,-0.6925875969594483,0.13578253510595775,-0.13210873244702115
34,inference_categories,standard,6,0.71,-0.6928932808016321,0.4124394503843467,0.10621972519217338
34,inference_categories,projected,6,0.79,-0.6908420953761436,0.4124394503843467,0.10621972519217338
34,inference_categories,partial,6,0.85,-0.6909752542791522,0.14936078861655355,-0.2253196056917232
34,inference_categories,standard,7,0.69,-0.692875932048851,0.3275753659431231,-0.03621231702843847
34,inference_categories,projected,7,0.74,-0.6902881696019311,0.3275753659431231,-0.03621231702843847
34,inference_categories,partial,7,0.83,-0.6903151136927275,0.21894933785835685,-0.19052533107082156
34,inference_categories,standard,8,0.69,-0.6928048002926508,0.31739167581017624,0.058695837905088144
34,inference_categories,projected,8,0.77,-0.6899858021382143,0.31739167581017624,0.058695837905088144
34,inference_categories,partial,8,0.79,-0.6900475514747001,0.2511976899460218,-0.0744011550269891
34,inference_categories,standard,9,0.79,-0.6926231466249624,0.3250294434098864,-0.03748527829505682
34,inference_categories,projected,9,0.74,-0.6876246499690685,0.33775905607606993,-0.031120471961965046
34,inference_categories,partial,9,0.65,-0.6906366557540727,0.4404445982499505,0.22022229912497526
34,inference_categories,standard,10,0.78,-0.6925741910289659,0.4582660559826074,0.12913302799130372
34,inference_categories,projected,10,0.83,-0.687337716086067,0.4582660559826074,0.12913302799130372
34,inference_categories,partial,10,0.68,-0.6899354892823045,0.363218281408437,0.1816091407042185
34,inference_categories,standard,11,0.72,-0.6926621299900729,0.3886775067408041,0.19433875337040205
34,inference_categories,projected,11,0.77,-0.6882796024481743,0.3886775067408041,0.19433875337040205
34,inference_categories,partial,11,0.6,-0.6909510405817574,0.2927810913222214,0.04639054566111073
34,inference_categories,standard,12,0.74,-0.6927557773127099,0.40310440109581214,0.10155220054790609
34,inference_categories,projected,12,0.8,-0.6894936187685344,0.40310440109581214,0.10155220054790609
34,inference_categories,partial,12,0.53,-0.692080339673176,0.27495963358956443,-0.0625201832052178
34,inference_categories,standard,13,0.71,-0.6926271121759675,0.36491556309726153,0.08245778154863079
34,inference_categories,projected,13,0.8,-0.6873912378608715,0.36491556309726153,0.08245778154863079
34,inference_categories,partial,13,0.68,-0.6903055392329032,0.2002792392812877,-0.09986038035935615
34,inference_categories,standard,14,0.76,-0.6924211382547684,0.31739167581017624,-0.04130416209491189
34,inference_categories,projected,14,0.77,-0.6847626692432287,0.35558051380872685,-0.022209743095636586
34,inference_categories,partial,14,0.71,-0.6878619582385881,0.24950040825719738,0.024750204128598713
34,inference_categories,standard,15,0.74,-0.6926435835773707,0.3122998307437029,0.05614991537185146
34,inference_categories,projected,15,0.84,-0.6872845803711727,0.3122998307437029,0.05614991537185146
34,inference_categories,partial,15,0.72,-0.6879503457193618,0.006789126755297888,-0.29660543662235106
34,inference_categories,standard,16,0.75,-0.692513056196433,0.23846807727983832,-0.08076596136008085
34,inference_categories,projected,16,0.76,-0.6858713975802219,0.23846807727983832,-0.08076596136008085
34,inference_categories,partial,16,0.71,-0.6867763016931677,0.03988611968737509,-0.18005694015631246
34,inference_categories,standard,17,0.72,-0.6925378677496549,0.2690191476786788,-0.06549042616066061
34,inference_categories,projected,17,0.78,-0.6861201119714838,0.2944783730110459,-0.05276081349447706
34,inference_categories,partial,17,0.7,-0.687231769072375,-0.010183690132946833,-0.3050918450664734
34,inference_categories,standard,18,0.72,-0.6925970719279259,0.3156943941213518,0.057847197060675926
34,inference_categories,projected,18,0.78,-0.6869163189454842,0.3156943941213518,-0.04215280293932411
34,inference_categories,partial,18,0.64,-0.6882893394833185,0.003394563377648944,-0.39830271831117553
34,inference_categories,standard,19,0.72,-0.6925981941996189,0.2953270138554581,-0.05233649307227095
34,inference_categories,projected,19,0.81,-0.6869606529859286,0.3080566265216417,0.05402831326082086
34,inference_categories,partial,19,0.63,-0.6881123303200221,0.003394563377648944,-0.39830271831117553
34,inference_categories,standard,20,0.71,-0.6925659385128959,0.3895261475852163,-0.0052369262073918565
34,inference_categories,projected,20,0.77,-0.6864390738685943,0.3895261475852163,-0.0052369262073918565
34,inference_categories,partial,20,0.66,-0.6874829877705878,0.032248352087664967,-0.38387582395616754
35,choice_only,standard,1,0.34,-0.6933143695562621,-0.2939478292024476,-0.4469739146012238
35,choice_only,projected,1,0.35,-0.6941885594174484,-0.2939478292024476,-0.4469739146012238
35,choice_only,partial,1,0.35,-0.6941885594174484,-0.2939478292024476,-0.4469739146012238
35,choice_only,standard,2,0.41,-0.6932575182903586,-0.16970183953955736,-0.08485091976977868
35,choice_only,projected,2,0.54,-0.6928928417034514,-0.14545871960533488,-0.07272935980266744
35,choice_only,partial,2,0.54,-0.6928928417034514,-0.14545871960533488,-0.07272935980266744
35,choice_only,standard,3,0.39,-0.6933477246206193,-0.2454615893340026,-0.2227307946670013
35,choice_only,projected,3,0.45,-0.6938429416357568,-0.2454615893340026,-0.2227307946670013
35,choice_only,partial,3,0.45,-0.6938429416357568,-0.2454615893340026,-0.2227307946670013
35,choice_only,standard,4,0.42,-0.693333166393628,-0.2106121044285578,-0.2053060522142789
35,choice_only,projected,4,0.48,-0.6937542011197928,-0.2106121044285578,-0.2053060522142789
35,choice_only,partial,4,0.48,-0.6937542011197928,-0.2106121044285578,-0.2053060522142789
35,choice_only,standard,5,0.47,-0.693194528930447,-0.15758027957244614,-0.17879013978622305
35,choice_only,projected,5,0.63,-0.6908788939790687,-0.15758027957244614,-0.17879013978622305
35,choice_only,partial,5,0.63,-0.6908788939790687,-0.15758027957244614,-0.17879013978622305
35,choice_only,standard,6,0.4,-0.6933766319780578,-0.143943524609446,-0.171971762304723
35,choice_only,projected,6,0.51,-0.6933873987120779,-0.143943524609446,-0.171971762304723
35,choice_only,partial,6,0.51,-0.6933873987120779,-0.143943524609446,-0.171971762304723
35,choice_only,standard,7,0.47,-0.6931642845298883,-0.040910264889000444,-0.12045513244450021
35,choice_only,projected,7,0.64,-0.6901484953861565,-0.040910264889000444,-0.12045513244450021
35,choice_only,partial,7,0.64,-0.6901484953861565,-0.040910264889000444,-0.12045513244450021
35,choice_only,standard,8,0.69,-0.6926548094319503,-0.01818233995066686,-0.10909116997533341
35,choice_only,projected,8,0.74,-0.6836282366391493,-0.01818233995066686,-0.00909116997533343
35,choice_only,partial,8,0.74,-0.6836282366391493,-0.01818233995066686,-0.00909116997533343
35,choice_only,standard,9,0.73,-0.6924517280829989,0.04394065488077825,0.021970327440389126
35,choice_only,projected,9,0.76,-0.6810040743557874,0.02424311993422248,0.01212155996711124
35,choice_only,partial,9,0.76,-0.6810040743557874,0.02424311993422248,0.01212155996711124
35,choice_only,standard,10,0.72,-0.6923945344027301,0.07424455479855636,0.03712227739927818
35,choice_only,projected,10,0.76,-0.6801144991166295,0.07879013978622307,0.039395069893111534
35,choice_only,partial,10,0.76,-0.6801144991166295,0.07879013978622307,0.039395069893111534
35,choice_only,standard,11,0.75,-0.6923797966203965,0.056062214847889494,0.12803110742394472
35,choice_only,projected,11,0.77,-0.6804480341117345,0.056062214847889494,0.12803110742394472
35,choice_only,partial,11,0.77,-0.6804480341117345,0.056062214847889494,0.12803110742394472
35,choice_only,standard,12,0.76,-0.6921733322837907,0.02121272994244467,0.11060636497122231
35,choice_only,projected,12,0.78,-0.6772208820391392,0.02121272994244467,0.11060636497122231
35,choice_only,partial,12,0.78,-0.6772208820391392,0.02121272994244467,0.11060636497122231
35,choice_only,standard,13,0.76,-0.6919995607847533,0.019697534946555767,0.10984876747327786
35,choice_only,projected,13,0.76,-0.6753034775119935,0.0075759749794445256,0.10378798748972225
35,choice_only,partial,13,0.76,-0.6753034775119935,0.0075759749794445256,0.10378798748972225
35,choice_only,standard,14,0.72,-0.692422551393724,0.03484948490544482,0.01742474245272241
35,choice_only,projected,14,0.77,-0.6811920344940073,0.08333572477388979,0.04166786238694489
35,choice_only,partial,14,0.77,-0.6811920344940073,0.08333572477388979,0.04166786238694489
35,choice_only,standard,15,0.76,-0.6921198317862621,0.039395069893111534,0.11969753494655574
35,choice_only,projected,15,0.76,-0.677614026588273,0.03636467990133372,0.11818233995066683
35,choice_only,partial,15,0.76,-0.677614026588273,0.03636467990133372,0.11818233995066683
35,choice_only,standard,16,0.77,-0.6920973666383077,0.0878813097615565,0.14394065488077823
35,choice_only,projected,16,0.77,-0.6772551328233282,0.05454701985200058,0.02727350992600029
35,choice_only,partial,16,0.77,-0.6772551328233282,0.05454701985200058,0.02727350992600029
35,choice_only,standard,17,0.76,-0.6919874408907829,0.09394208974511213,0.046971044872556066
35,choice_only,projected,17,0.78,-0.6762553103023603,0.0878813097615565,0.04394065488077825
35,choice_only,partial,17,0.78,-0.6762553103023603,0.0878813097615565,0.04394065488077825
35,choice_only,standard,18,0.75,-0.6919455799154215,0.07879013978622307,0.039395069893111534
35,choice_only,projected,18,0.77,-0.6753194965397934,0.07272935980266744,0.03636467990133372
35,choice_only,partial,18,0.77,-0.6753194965397934,0.07272935980266744,0.03636467990133372
35,choice_only,standard,19,0.78,-0.6920450723660311,0.060607799835556204,0.13030389991777808
35,choice_only,projected,19,0.78,-0.6768467804610752,0.06666857981911183,0.1333342899095559
35,choice_only,partial,19,0.78,-0.6768467804610752,0.06666857981911183,0.1333342899095559
35,choice_only,standard,20,0.77,-0.691855787485898,0.013636754963000146,0.10681837748150005
35,choice_only,projected,20,0.78,-0.6743774367916557,0.019697534946555767,0.10984876747327786
35,choice_only,partial,20,0.78,-0.6743774367916557,0.019697534946555767,0.10984876747327786
35,inference_affirm,standard,1,0.34,-0.6933143695562621,-0.2939478292024476,-0.4469739146012238
35,inference_affirm,projected,1,0.35,-0.6941885594174484,-0.2939478292024476,-0.4469739146012238
35,inference_affirm,partial,1,0.27,-0.6952398622856351,0.12121559967111241,0.060607799835556204
35,inference_affirm,standard,2,0.41,-0.6932575182903586,-0.16970183953955736,-0.08485091976977868
35,inference_affirm,projected,2,0.54,-0.6928928417034514,-0.14545871960533488,-0.07272935980266744
35,inference_affirm,partial,2,0.26,-0.6963577512147481,-0.08939650475744541,-0.1446982523787227
35,inference_affirm,standard,3,0.39,-0.6933477246206193,-0.2454615893340026,-0.2227307946670013
35,inference_affirm,projected,3,0.45,-0.6938429416357568,-0.2454615893340026,-0.2227307946670013
35,inference_affirm,partial,3,0.3,-0.6973147097191648,-0.15909547456833506,-0.27954773728416754
35,inference_affirm,standard,4,0.42,-0.693333166393628,-0.2106121044285578,-0.2053060522142789
35,inference_affirm,projected,4,0.48,-0.6937542011197928,-0.2106121044285578,-0.2053060522142789
35,inference_affirm,partial,4,0.35,-0.6967198420810403,-0.2257640543874469,-0.3128820271937235
35,inference_affirm,standard,5,0.47,-0.693194528930447,-0.15758027957244614,-0.17879013978622305
35,inference_affirm,projected,5,0.63,-0.6908788939790687,-0.15758027957244614,-0.17879013978622305
35,inference_affirm,partial,5,0.4,-0.6944999800756001,-0.19849054446144657,-0.2992452722307233
35,inference_affirm,standard,6,0.57,-0.6930125346951153,-0.09848767473277885,-0.1492438373663894
35,inference_affirm,projected,6,0.69,-0.6884169785769965,-0.09848767473277885,-0.1492438373663894
35,inference_affirm,partial,6,0.52,-0.693076264124644,-0.2484919793257805,-0.32424598966289025
35,inference_affirm,standard,7,0.63,-0.6928006750130292,-0.03181909491366701,-0.015909547456833505
35,inference_affirm,projected,7,0.69,-0.6852869435655475,-0.03181909491366701,-0.015909547456833505
35,inference_affirm,partial,7,0.56,-0.6924150246262013,-0.2727350992600029,-0.3363675496300015
35,inference_affirm,standard,8,0.73,-0.6922927821683463,-0.056062214847889494,-0.028031107423944747
35,inference_affirm,projected,8,0.72,-0.6790573509445675,-0.040910264889000444,-0.020455132444500222
35,inference_affirm,partial,8,0.69,-0.6872513761291568,-0.25606795430522494,-0.12803397715261247
35,inference_affirm,standard,9,0.74,-0.6920899797877224,-0.030303899917778102,0.08484805004111093
35,inference_affirm,projected,9,0.73,-0.6764972121907572,-0.030303899917778102,0.08484805004111093
35,inference_affirm,partial,9,0.7,-0.6838132991078041,-0.14091313461766816,-0.17045656730883407
35,inference_affirm,standard,10,0.74,-0.6920328782992299,-0.030303899917778102,0.08484805004111093
35,inference_affirm,projected,10,0.74,-0.6756258348620396,-0.030303899917778102,0.08484805004111093
35,inference_affirm,partial,10,0.7,-0.6833362751180675,-0.1136396246916679,-0.05681981234583395
35,inference_affirm,standard,11,0.72,-0.6920181330960027,-0.045455849876667155,0.0772720750616664
35,inference_affirm,projected,11,0.77,-0.6759459246061416,-0.045455849876667155,0.0772720750616664
35,inference_affirm,partial,11,0.74,-0.6836543611091966,-0.12121559967111241,-0.16060779983555618
35,inference_affirm,standard,12,0.75,-0.6918121287920712,-0.019697534946555767,0.0901512325267221
35,inference_affirm,projected,12,0.76,-0.6728233276443872,-0.019697534946555767,0.0901512325267221
35,inference_affirm,partial,12,0.78,-0.6810389079232957,-0.22879444437922467,-0.11439722218961233
35,inference_affirm,standard,13,0.73,-0.6919862662172678,-0.05303182485611168,0.07348408757194413
35,inference_affirm,projected,13,0.76,-0.6748283211507997,-0.05303182485611168,0.07348408757194413
35,inference_affirm,partial,13,0.77,-0.682718480756334,-0.2348552243627803,-0.11742761218139015
35,inference_affirm,standard,14,0.75,-0.6924091965416775,0.03181909491366701,0.11590954745683349
35,inference_affirm,projected,14,0.77,-0.6807136283567051,0.016667144954777956,0.10833357247738895
35,inference_affirm,partial,14,0.75,-0.6873157917990373,-0.22273366439566905,-0.2113668321978345
35,inference_affirm,standard,15,0.78,-0.6921067442379006,-0.016667144954777956,0.091666427522611
35,inference_affirm,projected,15,0.77,-0.6771581843929632,0.00909116997533343,0.1045455849876667
35,inference_affirm,partial,15,0.76,-0.6839857032698349,-0.21818807940800233,-0.10909403970400117
35,inference_affirm,standard,16,0.79,-0.6920843103614,-0.02121272994244467,0.08939363502877765
35,inference_affirm,projected,16,0.78,-0.6768004615035532,0.001515194995888905,0.10075759749794443
35,inference_affirm,partial,16,0.78,-0.6829320570584685,-0.20303612944911328,-0.10151806472455664
35,inference_affirm,standard,17,0.79,-0.6919745051493261,0.03636467990133372,0.11818233995066683
35,inference_affirm,projected,17,0.77,-0.6758024489137351,0.05303182485611168,0.12651591242805582
35,inference_affirm,partial,17,0.77,-0.6825076384494294,-0.12121559967111241,-0.16060779983555618
35,inference_affirm,standard,18,0.79,-0.691932673779464,0.08333572477388979,0.14166786238694487
35,inference_affirm,projected,18,0.78,-0.674875735697253,0.07424455479855636,0.13712227739927815
35,inference_affirm,partial,18,0.76,-0.6819544070926881,-0.1136396246916679,-0.15681981234583392
35,inference_affirm,standard,19,0.75,-0.6920321969890263,0.01212155996711124,0.00606077998355562
35,inference_affirm,projected,19,0.77,-0.6763960873402783,0.02727350992600029,0.013636754963000146
35,inference_affirm,partial,19,0.76,-0.6834550279634821,-0.13182196464233475,-0.16591098232116736
35,inference_affirm,standard,20,0.74,-0.6918430987002249,0.0287887049218892,0.0143943524609446
35,inference_affirm,projected,20,0.77,-0.6739441168780625,0.015151949958889051,0.0075759749794445256
35,inference_affirm,partial,20,0.78,-0.6804322407084098,-0.08636611476566759,-0.043183057382833796
35,inference_categories,standard,1,0.34,-0.6933143695562621,-0.2939478292024476,-0.4469739146012238
35,inference_categories,projected,1,0.35,-0.6941885594174484,-0.2939478292024476,-0.4469739146012238
35,inference_categories,partial,1,0.27,-0.6951249279292172,0.04698871312402634,0.02349435656201317
35,inference_categories,standard,2,0.41,-0.6932575182903586,-0.16970183953955736,-0.08485091976977868
35,inference_categories,projected,2,0.54,-0.6928928417034514,-0.14545871960533488,-0.07272935980266744
35,inference_categories,partial,2,0.27,-0.6963440243901993,-0.1257611846587791,-0.16288059232938953
35,inference_categories,standard,3,0.48,-0.693167272297342,-0.1227307946670013,-0.16136539733350064
35,inference_categories,projected,3,0.65,-0.6919404399092646,-0.1227307946670013,-0.16136539733350064
35,inference_categories,partial,3,0.32,-0.6954178857491278,-0.00909116997533343,-0.1045455849876667
35,inference_categories,standard,4,0.53,-0.6931527002177404,-0.17879300951489083,-0.28939650475744544
35,inference_categories,projected,4,0.64,-0.6918496810243399,-0.17879300951489083,-0.28939650475744544
35,inference_categories,partial,4,0.35,-0.6950509105332014,-0.06666857981911183,-0.1333342899095559
35,inference_categories,standard,5,0.62,-0.6930142010942317,-0.045455849876667155,-0.022727924938333578
35,inference_categories,projected,5,0.74,-0.68899990321951,-0.045455849876667155,-0.022727924938333578
35,inference_categories,partial,5,0.53,-0.69314495791279,-0.06818377481500072,-0.13409188740750033
35,inference_categories,standard,6,0.67,-0.6928323706008528,-0.010606364971222335,-0.005303182485611168
35,inference_categories,projected,6,0.74,-0.6865630697013111,-0.010606364971222335,-0.005303182485611168
35,inference_categories,partial,6,0.62,-0.6917430128137865,-0.07575974979444526,-0.13787987489722262
35,inference_categories,standard,7,0.69,-0.6926207292913091,-0.010606364971222335,0.09469681751438881
35,inference_categories,projected,7,0.72,-0.6834608226279265,-0.010606364971222335,0.09469681751438881
35,inference_categories,partial,7,0.49,-0.6936427208404652,-0.16667144954777957,-0.2833357247738898
35,inference_categories,standard,8,0.73,-0.6921134851562049,-0.013636754963000146,0.0931816225184999
35,inference_categories,projected,8,0.74,-0.6773259440583899,0.004545584987666715,0.10227279249383334
35,inference_categories,partial,8,0.66,-0.6897031777407117,-0.16212586456011285,-0.1810629322800564
35,inference_categories,standard,9,0.73,-0.6919109494360102,0.016667144954777956,0.10833357247738895
35,inference_categories,projected,9,0.74,-0.6748024315711367,0.016667144954777956,0.10833357247738895
35,inference_categories,partial,9,0.73,-0.6865969555308148,-0.06969896981088965,-0.03484948490544482
35,inference_categories,standard,10,0.73,-0.6918538840486887,-0.00303038999177781,0.09848480500411107
35,inference_categories,projected,10,0.75,-0.6739344615777596,0.015151949958889051,0.1075759749794445
35,inference_categories,partial,10,0.73,-0.6860949171131555,-0.07879013978622307,-0.039395069893111534
35,inference_categories,standard,11,0.73,-0.6918391662923065,0.051516629860222776,0.12575831493011136
35,inference_categories,projected,11,0.76,-0.6742550177199668,0.051516629860222776,0.12575831493011136
35,inference_categories,partial,11,0.75,-0.6863462794750788,-0.060607799835556204,-0.13030389991777808
35,inference_categories,standard,12,0.74,-0.6916334175268115,0.03636467990133372,0.11818233995066683
35,inference_categories,projected,12,0.75,-0.6711716123229976,0.03636467990133372,0.11818233995066683
35,inference_categories,partial,12,0.75,-0.6829852718076999,-0.12727637965466804,-0.163638189827334
35,inference_categories,standard,13,0.74,-0.6914602362886832,0.025758314930111388,0.11287915746505567
35,inference_categories,projected,13,0.77,-0.6693257107738769,0.025758314930111388,0.11287915746505567
35,inference_categories,partial,13,0.77,-0.6841024939202254,-0.15151949958889052,-0.07575974979444526
35,inference_categories,standard,14,0.74,-0.6918833352038285,0.0287887049218892,0.0143943524609446
35,inference_categories,projected,14,0.77,-0.6752468138863008,0.046971044872556066,0.023485522436278033
35,inference_categories,partial,14,0.74,-0.6873163746962354,-0.1424283296135571,-0.07121416480677854
35,inference_categories,standard,15,0.73,-0.6915817029154769,0.001515194995888905,0.10075759749794443
35,inference_categories,projected,15,0.76,-0.6718139433771756,0.03181909491366701,0.11590954745683349
35,inference_categories,partial,15,0.75,-0.6846336922259058,-0.16061066956422393,-0.08030533478211196
35,inference_categories,standard,16,0.75,-0.6915592269193508,0.030303899917778102,0.11515194995888903
35,inference_categories,projected,16,0.75,-0.6714577048747467,0.05303182485611168,0.12651591242805582
35,inference_categories,partial,16,0.75,-0.6836853497140012,-0.18636898449433534,-0.09318449224716767
35,inference_categories,standard,17,0.75,-0.691449585755858,0.0575774098437784,0.0287887049218892
35,inference_categories,projected,17,0.77,-0.6704747389455954,0.12727637965466804,0.06363818982733402
35,inference_categories,partial,17,0.77,-0.6831540790156672,-0.16061066956422393,-0.08030533478211196
35,inference_categories,standard,18,0.76,-0.6914078467721926,0.09242689474922322,0.04621344737461161
35,inference_categories,projected,18,0.77,-0.6695663646074982,0.059092604839667294,0.029546302419833647
35,inference_categories,partial,18,0.75,-0.6827355402464181,-0.11667001468344569,-0.058335007341722846
35,inference_categories,standard,19,0.76,-0.6915072397622951,0.08030533478211196,0.14015266739105597
35,inference_categories,projected,19,0.77,-0.671066744805253,0.056062214847889494,0.12803110742394472
35,inference_categories,partial,19,0.76,-0.683805384369803,-0.13485235463411258,-0.16742617731705628
35,inference_categories,standard,20,0.76,-0.6913186482412427,0.07727494479033417,0.13863747239516705
35,inference_categories,projected,20,0.78,-0.6686905987205214,0.06515338482322293,0.13257669241161144
35,inference_categories,partial,20,0.75,-0.6808815181925696,-0.13485235463411258,-0.16742617731705628
36,choice_only,standard,1,0.47,-0.6931695655549441,-0.05267355908931355,-0.4263367795446568
36,choice_only,projected,1,0.46,-0.6930950362887025,-0.05267355908931355,-0.4263367795446568
36,choice_only,partial,1,0.46,-0.6930950362887025,-0.05267355908931355,-0.4263367795446568
36,choice_only,standard,2,0.53,-0.6931353052004187,0.09217872840629872,-0.15391063579685066
36,choice_only,projected,2,0.54,-0.692835371459,0.09217872840629872,-0.15391063579685066
36,choice_only,partial,2,0.54,-0.692835371459,0.09217872840629872,-0.15391063579685066
36,choice_only,standard,3,0.54,-0.693131062545646,0.23867706462345198,0.01933853231172601
36,choice_only,projected,3,0.55,-0.6924424521353113,0.2551375518388625,0.02756877591943127
36,choice_only,partial,3,0.55,-0.6924424521353113,0.2551375518388625,0.02756877591943127
36,choice_only,standard,4,0.51,-0.6931545722808263,0.0855945335201345,-0.15720273323993275
36,choice_only,projected,4,0.51,-0.6933279712045883,0.0855945335201345,-0.15720273323993275
36,choice_only,partial,4,0.51,-0.6933279712045883,0.0855945335201345,-0.15720273323993275
36,choice_only,standard,5,0.58,-0.6931504524797694,0.1629588234325638,-0.01852058828371808
36,choice_only,projected,5,0.54,-0.693129709118926,0.13826809260944806,-0.03086595369527595
36,choice_only,partial,5,0.54,-0.693129709118926,0.13826809260944806,-0.03086595369527595
36,choice_only,standard,6,0.47,-0.6931880837148544,0.041151218038526206,-0.2794243909807369
36,choice_only,projected,6,0.43,-0.6936790269519222,0.041151218038526206,-0.2794243909807369
36,choice_only,partial,6,0.43,-0.6936790269519222,0.041151218038526206,-0.2794243909807369
36,choice_only,standard,7,0.41,-0.6932044788072049,0.11193131306479129,-0.24403434346760433
36,choice_only,projected,7,0.36,-0.6937013028035663,0.11193131306479129,-0.24403434346760433
36,choice_only,partial,7,0.36,-0.6937013028035663,0.11193131306479129,-0.24403434346760433
36,choice_only,standard,8,0.5,-0.6931558862703721,0.2485533569526983,0.02427667847634918
36,choice_only,projected,8,0.51,-0.6931826284646526,0.23373891845882885,0.01686945922941445
36,choice_only,partial,8,0.51,-0.6931826284646526,0.23373891845882885,0.01686945922941445
36,choice_only,standard,9,0.62,-0.6930404350459861,0.5053369575131018,0.15266847875655093
36,choice_only,projected,9,0.66,-0.6914565038105416,0.5053369575131018,0.15266847875655093
36,choice_only,partial,9,0.66,-0.6914565038105416,0.5053369575131018,0.15266847875655093
36,choice_only,standard,10,0.61,-0.693011198377034,0.43784895992991885,0.11892447996495945
36,choice_only,projected,10,0.58,-0.6907204517979048,0.43784895992991885,0.11892447996495945
36,choice_only,partial,10,0.58,-0.6907204517979048,0.43784895992991885,0.11892447996495945
36,choice_only,standard,11,0.58,-0.6930659804421441,0.4049279854990979,0.10246399274954898
36,choice_only,projected,11,0.58,-0.6914655931229561,0.4049279854990979,0.10246399274954898
36,choice_only,partial,11,0.58,-0.6914655931229561,0.4049279854990979,0.10246399274954898
36,choice_only,standard,12,0.57,-0.6930051223614158,0.3868214495621463,0.09341072478107318
36,choice_only,projected,12,0.58,-0.6904993191557536,0.3868214495621463,0.09341072478107318
36,choice_only,partial,12,0.58,-0.6904993191557536,0.3868214495621463,0.09341072478107318
36,choice_only,standard,13,0.56,-0.6931161592932298,0.3818833033975232,0.1909416516987616
36,choice_only,projected,13,0.57,-0.6922215475720245,0.36213071873903063,0.18106535936951532
36,choice_only,partial,13,0.57,-0.6922215475720245,0.36213071873903063,0.18106535936951532
36,choice_only,standard,14,0.52,-0.6931484283543545,0.20411004147109,-0.09794497926445501
36,choice_only,projected,14,0.46,-0.69330897579239,0.20411004147109,-0.09794497926445501
36,choice_only,partial,14,0.46,-0.69330897579239,0.20411004147109,-0.09794497926445501
36,choice_only,standard,15,0.46,-0.6931949811211636,0.06419590014010088,-0.26790204992994954
36,choice_only,projected,15,0.43,-0.6938503232046187,0.07901033863397032,-0.2604948306830148
36,choice_only,partial,15,0.43,-0.6938503232046187,0.07901033863397032,-0.2604948306830148
36,choice_only,standard,16,0.59,-0.6930515908769757,0.31933345197896335,0.059666725989481695
36,choice_only,projected,16,0.59,-0.6914979709589566,0.31933345197896335,0.059666725989481695
36,choice_only,partial,16,0.59,-0.6914979709589566,0.31933345197896335,0.059666725989481695
36,choice_only,standard,17,0.57,-0.6930041390441934,0.3094571596497171,0.05472857982485857
36,choice_only,projected,17,0.59,-0.6905640280194619,0.3259176468651276,0.06295882343256382
36,choice_only,partial,17,0.59,-0.6905640280194619,0.3259176468651276,0.06295882343256382
36,choice_only,standard,18,0.58,-0.6929504370447741,0.2551375518388625,0.02756877591943127
36,choice_only,projected,18,0.6,-0.6895259801199966,0.3028729647635529,0.05143648238177648
36,choice_only,partial,18,0.6,-0.6895259801199966,0.3028729647635529,0.05143648238177648
36,choice_only,standard,19,0.62,-0.6928213777095036,0.36706886490365376,0.0835344324518269
36,choice_only,projected,19,0.66,-0.687814521064694,0.36706886490365376,0.18353443245182688
36,choice_only,partial,19,0.66,-0.687814521064694,0.36706886490365376,0.18353443245182688
36,choice_only,standard,20,0.58,-0.6928165126860354,0.37694515723290006,0.18847257861645003
36,choice_only,projected,20,0.65,-0.687427641526948,0.39340564444831055,0.0967028222241553
36,choice_only,partial,20,0.65,-0.687427641526948,0.39340564444831055,0.0967028222241553
36,inference_affirm,standard,1,0.47,-0.6931695655549441,-0.05267355908931355,-0.4263367795446568
36,inference_affirm,projected,1,0.46,-0.6930950362887025,-0.05267355908931355,-0.4263367795446568
36,inference_affirm,partial,1,0.39,-0.6937660214991381,-0.2485533569526983,-0.6242766784763492
36,inference_affirm,standard,2,0.53,-0.6931353052004187,0.09217872840629872,-0.15391063579685066
36,inference_affirm,projected,2,0.54,-0.692835371459,0.09217872840629872,-0.15391063579685066
36,inference_affirm,partial,2,0.48,-0.6933266994330453,-0.15143648238177645,-0.3757182411908882
36,inference_affirm,standard,3,0.52,-0.6931396381867897,-0.08394848479859347,-0.4419742423992968
36,inference_affirm,projected,3,0.51,-0.693242197519398,-0.08394848479859347,-0.4419742423992968
36,inference_affirm,partial,3,0.47,-0.693424454421377,-0.1250997028371197,-0.46254985141855987
36,inference_affirm,standard,4,0.51,-0.6931632668421425,-0.2814743313835193,-0.5407371656917597
36,inference_affirm,projected,4,0.48,-0.6941496337794146,-0.2814743313835193,-0.5407371656917597
36,inference_affirm,partial,4,0.46,-0.6932580720911297,-0.06584194886164194,-0.33292097443082097
36,inference_affirm,standard,5,0.54,-0.6931591184153898,-0.1530825311033175,-0.47654126555165877
36,inference_affirm,projected,5,0.47,-0.6939486656088937,-0.1530825311033175,-0.47654126555165877
36,inference_affirm,partial,5,0.51,-0.6930196190304195,0.027982828266197822,-0.2860085858669011
36,inference_affirm,standard,6,0.52,-0.6931214897519219,-0.05431960781085459,-0.4271598039054273
36,inference_affirm,projected,6,0.46,-0.6933911553943689,-0.05431960781085459,-0.4271598039054273
36,inference_affirm,partial,6,0.49,-0.6928330208236416,0.055965656532395644,-0.3720171717338022
36,inference_affirm,standard,7,0.52,-0.6931378795613027,-0.14320623877407118,-0.4716031193870356
36,inference_affirm,projected,7,0.43,-0.6934133566292299,-0.14320623877407118,-0.4716031193870356
36,inference_affirm,partial,7,0.51,-0.6928016520693931,-0.10370106945708604,-0.45185053472854303
36,inference_affirm,standard,8,0.46,-0.6931865409824618,-0.2600756980034857,-0.5300378490017429
36,inference_affirm,projected,8,0.38,-0.6939333951614525,-0.2600756980034857,-0.5300378490017429
36,inference_affirm,partial,8,0.47,-0.6932514085657903,-0.20411004147109,-0.502055020735545
36,inference_affirm,standard,9,0.52,-0.6930711508109488,-0.004938146164623145,-0.20246907308231157
36,inference_affirm,projected,9,0.57,-0.6922170868184687,-0.014814438493869434,-0.20740721924693473
36,inference_affirm,partial,9,0.54,-0.6922207020816948,0.18435745681259744,-0.20782127159370128
36,inference_affirm,standard,10,0.49,-0.6930420738450508,0.14814438493869433,-0.22592780753065284
36,inference_affirm,projected,10,0.57,-0.6914952802362256,0.14814438493869433,-0.22592780753065284
36,inference_affirm,partial,10,0.58,-0.6915683629492609,0.21892447996495942,0.009462239982479734
36,inference_affirm,standard,11,0.54,-0.6929874476315997,0.15966672598948167,-0.22016663700525915
36,inference_affirm,projected,11,0.57,-0.6907772755229779,0.15966672598948167,-0.22016663700525915
36,inference_affirm,partial,11,0.61,-0.6909499783261162,0.24361521078807513,-0.07819239460596245
36,inference_affirm,standard,12,0.55,-0.6929268673125921,0.18600350553413847,-0.10699824723293078
36,inference_affirm,projected,12,0.59,-0.6898568002072849,0.19917189530646684,-0.10041405234676659
36,inference_affirm,partial,12,0.62,-0.6903800941089542,0.29464272115584766,-0.05267863942207618
36,inference_affirm,standard,13,0.51,-0.6930377173037554,0.13662204388790702,-0.2316889780560465
36,inference_affirm,projected,13,0.56,-0.6915403986985532,0.13662204388790702,-0.2316889780560465
36,inference_affirm,partial,13,0.53,-0.6920385369879506,0.0477354129246904,-0.2761322935376548
36,inference_affirm,standard,14,0.5,-0.6930059701364709,0.1909416516987616,-0.10452917415061921
36,inference_affirm,projected,14,0.57,-0.6905609992935569,0.1909416516987616,-0.10452917415061921
36,inference_affirm,partial,14,0.53,-0.6925437320125881,0.018106535936951534,-0.2909467320315242
36,inference_affirm,standard,15,0.51,-0.6930522579483472,0.23538496718036991,-0.08230751640981505
36,inference_affirm,projected,15,0.57,-0.6910595936635314,0.2255086748511236,-0.0872456625744382
36,inference_affirm,partial,15,0.49,-0.6929448349556319,-0.016460487215410484,-0.30823024360770523
36,inference_affirm,standard,16,0.53,-0.6929101427666718,0.29793481859892973,0.04896740929946489
36,inference_affirm,projected,16,0.59,-0.688944438402991,0.28476642882660136,0.0423832144133007
36,inference_affirm,partial,16,0.55,-0.6908149063804546,0.26830594161119087,-0.06584702919440458
36,inference_affirm,standard,17,0.54,-0.6929573103790468,0.3275636955866686,0.1637818477933343
36,inference_affirm,projected,17,0.6,-0.6898151625955754,0.3028729647635529,0.15143648238177645
36,inference_affirm,partial,17,0.49,-0.6915676368783104,0.3506083776882433,0.07530418884412168
36,inference_affirm,standard,18,0.51,-0.692903864418325,0.2880585262696835,0.04402926313484176
36,inference_affirm,projected,18,0.59,-0.6888217825890525,0.3160413545358813,0.05802067726794066
36,inference_affirm,partial,18,0.49,-0.6907239997701095,0.31768740325742234,0.05884370162871119
36,inference_affirm,standard,19,0.56,-0.6927745450865868,0.40822008294218,0.10411004147109001
36,inference_affirm,projected,19,0.6,-0.687078822211938,0.40822008294218,0.10411004147109001
36,inference_affirm,partial,19,0.53,-0.6901936768728438,0.3308557930297507,0.06542789651487538
36,inference_affirm,standard,20,0.52,-0.6927698715445537,0.40163588805601574,0.20081794402800787
36,inference_affirm,projected,20,0.58,-0.6867132754164035,0.40163588805601574,0.20081794402800787
36,inference_affirm,partial,20,0.52,-0.6896601570262284,0.32920974430820965,0.06460487215410485
36,inference_categories,standard,1,0.47,-0.6931695655549441,-0.05267355908931355,-0.4263367795446568
36,inference_categories,projected,1,0.46,-0.6930950362887025,-0.05267355908931355,-0.4263367795446568
36,inference_categories,partial,1,0.4,-0.6935043833901053,-0.2304468210157468,-0.6152234105078734
36,inference_categories,standard,2,0.53,-0.6931353052004187,0.09217872840629872,-0.15391063579685066
36,inference_categories,projected,2,0.54,-0.692835371459,0.09217872840629872,-0.15391063579685066
36,inference_categories,partial,2,0.46,-0.6930815733756972,-0.0576117052539367,-0.3288058526269683
36,inference_categories,standard,3,0.54,-0.693131062545646,0.23867706462345198,0.01933853231172601
36,inference_categories,projected,3,0.55,-0.6924424521353113,0.2551375518388625,0.02756877591943127
36,inference_categories,partial,3,0.46,-0.6926690982867817,0.47241598308228083,0.3362079915411404
36,inference_categories,standard,4,0.51,-0.6931545722808263,0.0855945335201345,-0.15720273323993275
36,inference_categories,projected,4,0.51,-0.6933279712045883,0.0855945335201345,-0.15720273323993275
36,inference_categories,partial,4,0.53,-0.6926824359514495,0.39340564444831055,0.2967028222241552
36,inference_categories,standard,5,0.58,-0.6931504524797694,0.1629588234325638,-0.01852058828371808
36,inference_categories,projected,5,0.54,-0.693129709118926,0.13826809260944806,-0.03086595369527595
36,inference_categories,partial,5,0.51,-0.6924512745736295,0.44443315481608303,0.12221657740804154
36,inference_categories,standard,6,0.51,-0.6931130003158428,0.19423374914184371,0.09711687457092186
36,inference_categories,projected,6,0.54,-0.692607054679541,0.19423374914184371,0.09711687457092186
36,inference_categories,partial,6,0.47,-0.6925209112191513,0.4576015445884114,0.2288007722942057
36,inference_categories,standard,7,0.51,-0.6930966555699295,0.15637462854639958,-0.12181268572680022
36,inference_categories,projected,7,0.56,-0.6925833145354272,0.15637462854639958,-0.12181268572680022
36,inference_categories,partial,7,0.52,-0.6924844548520871,0.3637767674605717,0.08188838373028587
36,inference_categories,standard,8,0.48,-0.6931453718130873,0.1152234105078734,-0.04238829474606328
36,inference_categories,projected,8,0.51,-0.6931029514291395,0.1152234105078734,-0.04238829474606328
36,inference_categories,partial,8,0.49,-0.6929311354956476,0.3028729647635529,0.05143648238177648
36,inference_categories,standard,9,0.59,-0.6930302442693567,0.29464272115584766,-0.05267863942207618
36,inference_categories,projected,9,0.56,-0.6914444456581811,0.2831203801050603,-0.05843980994746986
36,inference_categories,partial,9,0.51,-0.6919132092559792,0.4329108137652957,0.21645540688264786
36,inference_categories,standard,10,0.54,-0.6930014700592971,0.26501384416810875,-0.16749307791594562
36,inference_categories,projected,10,0.53,-0.6907627338038012,0.26501384416810875,-0.06749307791594564
36,inference_categories,partial,10,0.53,-0.6912621943550055,0.38023725467598213,0.19011862733799106
36,inference_categories,standard,11,0.54,-0.6929469147057062,0.25184545439578043,-0.0740772728021098
36,inference_categories,projected,11,0.53,-0.6900677269245991,0.27982828266197823,-0.060085858669010894
36,inference_categories,partial,11,0.54,-0.690605076406855,0.4049279854990979,0.10246399274954898
36,inference_categories,standard,12,0.56,-0.6930077018617531,0.23373891845882885,-0.08313054077058558
36,inference_categories,projected,12,0.55,-0.6910150557928282,0.23209286973728782,-0.0839535651313561
36,inference_categories,partial,12,0.56,-0.6915605341268062,0.3785912059544411,0.08929560297722058
36,inference_categories,standard,13,0.54,-0.6931186396780786,0.06090380269701878,-0.06954809865149059
36,inference_categories,projected,13,0.5,-0.6927166228685059,0.044443315481608306,-0.07777834225919583
36,inference_categories,partial,13,0.46,-0.6931945199439936,0.0016460487215410485,-0.29917697563922946
36,inference_categories,standard,14,0.52,-0.6931507684655501,-0.1152234105078734,-0.3576117052539367
36,inference_categories,projected,14,0.48,-0.6937789261281627,-0.1152234105078734,-0.3576117052539367
36,inference_categories,partial,14,0.39,-0.6940373310123298,-0.12345365411557864,-0.3617268270577893
36,inference_categories,standard,15,0.47,-0.693197233250511,-0.0954708258493808,-0.3477354129246904
36,inference_categories,projected,15,0.44,-0.6943100479908196,-0.0954708258493808,-0.3477354129246904
36,inference_categories,partial,15,0.4,-0.6944845127132627,-0.13826809260944806,-0.369134046304724
36,inference_categories,standard,16,0.51,-0.693054276709042,0.23373891845882885,0.01686945922941445
36,inference_categories,projected,16,0.56,-0.6920259761106929,0.19423374914184371,-0.0028831254290781205
36,inference_categories,partial,16,0.5,-0.6923347324739787,0.44772525225916515,0.1238626261295826
36,inference_categories,standard,17,0.53,-0.6931020070205253,0.16789696959718695,-0.11605151520140654
36,inference_categories,projected,17,0.51,-0.6929833656133529,0.1629588234325638,-0.11852058828371811
36,inference_categories,partial,17,0.45,-0.6931984948437565,0.3703609623467359,0.08518048117336796
36,inference_categories,standard,18,0.5,-0.6930478124775962,0.306165062206635,0.05308253110331751
36,inference_categories,projected,18,0.53,-0.6918886102489388,0.28970457499122454,0.04485228749561229
36,inference_categories,partial,18,0.52,-0.692353575405008,0.4526633984237883,0.12633169921189416
36,inference_categories,standard,19,0.58,-0.6929183220429554,0.36706886490365376,0.0835344324518269
36,inference_categories,projected,19,0.64,-0.6900958452723919,0.36706886490365376,0.0835344324518269
36,inference_categories,partial,19,0.57,-0.6916030829616149,0.5003988113484787,0.2501994056742394
36,inference_categories,standard,20,0.56,-0.692913127416705,0.44772525225916515,0.1238626261295826
36,inference_categories,projected,20,0.62,-0.689684785567962,0.43784895992991885,0.11892447996495945
36,inference_categories,partial,20,0.56,-0.6910385154100558,0.4921685677407735,0.24608428387038675
37,choice_only,standard,1,0.59,-0.6930584199089665,0.44269725687428774,-0.07865137156285612
37,choice_only,projected,1,0.57,-0.6924672078806118,0.44269725687428774,-0.07865137156285612
37,choice_only,partial,1,0.57,-0.6924672078806118,0.44269725687428774,-0.07865137156285612
37,choice_only,standard,2,0.55,-0.6931192401777027,0.4486262379931398,-0.17568688100343013
37,choice_only,projected,2,0.49,-0.6933586872415013,0.4486262379931398,-0.17568688100343013
37,choice_only,partial,2,0.49,-0.6933586872415013,0.4486262379931398,-0.17568688100343013
37,choice_only,standard,3,0.6,-0.6930789835270713,0.377478464566915,-0.1112607677165425
37,choice_only,projected,3,0.53,-0.6930706532487921,0.377478464566915,-0.1112607677165425
37,choice_only,partial,3,0.53,-0.6930706532487921,0.377478464566915,-0.1112607677165425
37,choice_only,standard,4,0.67,-0.6929584577367387,0.01581061631693885,-0.2920946918415306
37,choice_only,projected,4,0.67,-0.6909135745029437,0.01581061631693885,-0.2920946918415306
37,choice_only,partial,4,0.67,-0.6909135745029437,0.01581061631693885,-0.2920946918415306
37,choice_only,standard,5,0.63,-0.6929712482093564,-0.003952654079234712,-0.30197632703961735
37,choice_only,projected,5,0.67,-0.6909006773942181,-0.003952654079234712,-0.30197632703961735
37,choice_only,partial,5,0.67,-0.6909006773942181,-0.003952654079234712,-0.30197632703961735
37,choice_only,standard,6,0.55,-0.6930550744261129,-0.0632424652677554,-0.43162123263387775
37,choice_only,projected,6,0.55,-0.692150361112637,-0.04743184895081655,-0.4237159244754083
37,choice_only,partial,6,0.55,-0.692150361112637,-0.04743184895081655,-0.4237159244754083
37,choice_only,standard,7,0.5,-0.6930239233073712,-0.19170372284288353,-0.4958518614214418
37,choice_only,projected,7,0.58,-0.6912154758017836,-0.19170372284288353,-0.4958518614214418
37,choice_only,partial,7,0.58,-0.6912154758017836,-0.19170372284288353,-0.4958518614214418
37,choice_only,standard,8,0.48,-0.6930845808094998,-0.10672166013933723,-0.45336083006966865
37,choice_only,projected,8,0.53,-0.6921844868132411,-0.10672166013933723,-0.45336083006966865
37,choice_only,partial,8,0.53,-0.6921844868132411,-0.10672166013933723,-0.45336083006966865
37,choice_only,standard,9,0.52,-0.6930332611350472,-0.0849820627035463,-0.44249103135177315
37,choice_only,projected,9,0.57,-0.6912720086407573,-0.0849820627035463,-0.44249103135177315
37,choice_only,partial,9,0.57,-0.6912720086407573,-0.0849820627035463,-0.44249103135177315
37,choice_only,standard,10,0.5,-0.6930837934356913,-0.1581061631693885,-0.4790530815846943
37,choice_only,projected,10,0.55,-0.6919512317508062,-0.13834289277321493,-0.46917144638660746
37,choice_only,partial,10,0.55,-0.6919512317508062,-0.13834289277321493,-0.46917144638660746
37,choice_only,standard,11,0.47,-0.6931276962063246,-0.10869798717895457,-0.45434899358947733
37,choice_only,projected,11,0.52,-0.6926873272601216,-0.07114777342622482,-0.4355738867131124
37,choice_only,partial,11,0.52,-0.6926873272601216,-0.07114777342622482,-0.4355738867131124
37,choice_only,standard,12,0.52,-0.6930578217603143,-0.07707675454507687,-0.33853837727253844
37,choice_only,projected,12,0.54,-0.6914784355387951,-0.07707675454507687,-0.33853837727253844
37,choice_only,partial,12,0.54,-0.6914784355387951,-0.07707675454507687,-0.33853837727253844
37,choice_only,standard,13,0.59,-0.692978851395621,-0.023715924475408275,-0.41185796223770416
37,choice_only,projected,13,0.66,-0.6898417936037847,-0.023715924475408275,-0.41185796223770416
37,choice_only,partial,13,0.66,-0.6898417936037847,-0.023715924475408275,-0.41185796223770416
37,choice_only,standard,14,0.59,-0.6929702569287146,-0.039526540792347124,-0.3197632703961735
37,choice_only,projected,14,0.63,-0.6901778056355252,-0.023715924475408275,-0.3118579622377041
37,choice_only,partial,14,0.63,-0.6901778056355252,-0.023715924475408275,-0.3118579622377041
37,choice_only,standard,15,0.57,-0.6930013848603047,0.06917144638660747,-0.26541427680669627
37,choice_only,projected,15,0.67,-0.6908573030124413,0.06917144638660747,-0.26541427680669627
37,choice_only,partial,15,0.67,-0.6908573030124413,0.06917144638660747,-0.26541427680669627
37,choice_only,standard,16,0.61,-0.6928989725055114,0.22134862843714387,-0.18932568578142805
37,choice_only,projected,16,0.7,-0.6893961162964053,0.22134862843714387,-0.18932568578142805
37,choice_only,partial,16,0.7,-0.6893961162964053,0.22134862843714387,-0.18932568578142805
37,choice_only,standard,17,0.55,-0.6929766035281192,0.09091104382239838,-0.2545444780888008
37,choice_only,projected,17,0.65,-0.6900839938540118,0.12253227645627607,-0.23873386177186195
37,choice_only,partial,17,0.65,-0.6900839938540118,0.12253227645627607,-0.23873386177186195
37,choice_only,standard,18,0.55,-0.6928827762533846,-0.053360830069668616,-0.3266804150348343
37,choice_only,projected,18,0.66,-0.6884007569345804,-0.037550213752729766,-0.3187751068763649
37,choice_only,partial,18,0.66,-0.6884007569345804,-0.037550213752729766,-0.3187751068763649
37,choice_only,standard,19,0.61,-0.6928427645150289,0.0671951193469901,-0.26640244032650495
37,choice_only,projected,19,0.69,-0.6878138099145389,0.1027690060601025,-0.24861549696994872
37,choice_only,partial,19,0.69,-0.6878138099145389,0.1027690060601025,-0.24861549696994872
37,choice_only,standard,20,0.65,-0.6928072374659066,0.06521879230737274,-0.26739060384631363
37,choice_only,projected,20,0.68,-0.6872935527108638,0.06521879230737274,-0.26739060384631363
37,choice_only,partial,20,0.68,-0.6872935527108638,0.06521879230737274,-0.26739060384631363
37,inference_affirm,standard,1,0.59,-0.6930584199089665,0.44269725687428774,-0.07865137156285612
37,inference_affirm,projected,1,0.57,-0.6924672078806118,0.44269725687428774,-0.07865137156285612
37,inference_affirm,partial,1,0.53,-0.6925409024501994,-0.07707675454507687,-0.43853837727253847
37,inference_affirm,standard,2,0.61,-0.6929977030354744,0.28063843962566454,-0.15968078018716772
37,inference_affirm,projected,2,0.65,-0.6915871407140207,0.28063843962566454,-0.15968078018716772
37,inference_affirm,partial,2,0.64,-0.6916678134943003,-0.2826147666652819,-0.541307383332641
37,inference_affirm,standard,3,0.72,-0.6929574911989355,0.07114777342622482,-0.2644261132868876
37,inference_affirm,projected,3,0.68,-0.6913020148262722,0.05533715710928597,-0.272331421445357
37,inference_affirm,partial,3,0.63,-0.691569314323886,-0.28063843962566454,-0.5403192198128323
37,inference_affirm,standard,4,0.67,-0.6928373930128764,0.007905308158469425,-0.29604734592076526
37,inference_affirm,projected,4,0.69,-0.6892194699673846,0.007905308158469425,-0.29604734592076526
37,inference_affirm,partial,4,0.6,-0.6909515432353692,-0.12055594941665872,-0.36027797470832934
37,inference_affirm,standard,5,0.66,-0.6928502156836145,-0.025692251515025626,-0.41284612575751284
37,inference_affirm,projected,5,0.66,-0.6892097150028029,-0.025692251515025626,-0.41284612575751284
37,inference_affirm,partial,5,0.6,-0.690974131931132,-0.1027690060601025,-0.35138450303005125
37,inference_affirm,standard,6,0.63,-0.6929340273399107,-0.0948636979016331,-0.44743184895081656
37,inference_affirm,projected,6,0.63,-0.6904537104928365,-0.0948636979016331,-0.44743184895081656
37,inference_affirm,partial,6,0.54,-0.6916321507142331,-0.12846125757512813,-0.36423062878756407
37,inference_affirm,standard,7,0.6,-0.6929030064348267,-0.1581061631693885,-0.4790530815846943
37,inference_affirm,projected,7,0.63,-0.6895482691563999,-0.14229554685244963,-0.4711477734262248
37,inference_affirm,partial,7,0.6,-0.6904625915462652,-0.09288737086201573,-0.34644368543100784
37,inference_affirm,standard,8,0.61,-0.6929636019201816,-0.09091104382239838,-0.4454555219111992
37,inference_affirm,projected,8,0.63,-0.6905041918228396,-0.09091104382239838,-0.4454555219111992
37,inference_affirm,partial,8,0.56,-0.6916594251986264,-0.25099353403140423,-0.5254967670157021
37,inference_affirm,standard,9,0.59,-0.6929124383833241,-0.08695838974316368,-0.4434791948715819
37,inference_affirm,projected,9,0.64,-0.6896100857757625,-0.08695838974316368,-0.4434791948715819
37,inference_affirm,partial,9,0.58,-0.6911033663574345,-0.23518291771446534,-0.5175914588572327
37,inference_affirm,standard,10,0.57,-0.6929629644935891,-0.205538012120205,-0.5027690060601026
37,inference_affirm,projected,10,0.61,-0.6902909940762021,-0.1897273958032662,-0.4948636979016331
37,inference_affirm,partial,10,0.55,-0.6914641251425289,-0.24506455291255214,-0.5225322764562761
37,inference_affirm,standard,11,0.59,-0.6930067737586579,-0.17391677948632736,-0.4869583897431637
37,inference_affirm,projected,11,0.61,-0.691012147767513,-0.1581061631693885,-0.4790530815846943
37,inference_affirm,partial,11,0.51,-0.6919764849790814,-0.26482782330872573,-0.5324139116543629
37,inference_affirm,standard,12,0.59,-0.6929370407428657,-0.11067431421857193,-0.455337157109286
37,inference_affirm,projected,12,0.63,-0.6898209487790901,-0.09091104382239838,-0.4454555219111992
37,inference_affirm,partial,12,0.56,-0.6910492759283561,-0.16008249020900583,-0.48004124510450297
37,inference_affirm,standard,13,0.67,-0.6928580989181077,-0.03359755967349505,-0.41679877983674757
37,inference_affirm,projected,13,0.67,-0.6882012030176377,-0.03557388671311241,-0.41778694335655625
37,inference_affirm,partial,13,0.63,-0.6901071964422109,-0.15020085501091907,-0.47510042750545955
37,inference_affirm,standard,14,0.67,-0.6928667298058002,0.029644905594260345,-0.2851775472028698
37,inference_affirm,projected,14,0.66,-0.6878740323435351,0.029644905594260345,-0.2851775472028698
37,inference_affirm,partial,14,0.59,-0.6902183847037611,-0.14229554685244963,-0.4711477734262248
37,inference_affirm,standard,15,0.64,-0.6928977758841267,0.02173959743579092,-0.28913020128210454
37,inference_affirm,projected,15,0.67,-0.6885505868158903,0.039526540792347124,-0.28023672960382645
37,inference_affirm,partial,15,0.59,-0.6909340801296311,-0.1936800498825009,-0.49684002494125046
37,inference_affirm,standard,16,0.65,-0.6927954764249997,0.057313484148903325,-0.37134325792554834
37,inference_affirm,projected,16,0.67,-0.6871161876552125,0.057313484148903325,-0.37134325792554834
37,inference_affirm,partial,16,0.59,-0.6900440552529475,-0.13834289277321493,-0.46917144638660746
37,inference_affirm,standard,17,0.61,-0.6927181167285549,0.08695838974316368,-0.25652080512841813
37,inference_affirm,projected,17,0.69,-0.6864564619305379,0.08695838974316368,-0.25652080512841813
37,inference_affirm,partial,17,0.65,-0.6895075606006571,-0.17786943356556204,-0.48893471678278105
37,inference_affirm,standard,18,0.64,-0.6926240717649553,0.1264849305355108,-0.3367575347322446
37,inference_affirm,projected,18,0.66,-0.684755787589348,0.1264849305355108,-0.3367575347322446
37,inference_affirm,partial,18,0.65,-0.688821282998968,-0.0849820627035463,-0.44249103135177315
37,inference_affirm,standard,19,0.64,-0.6925842513744505,0.144271873892067,-0.32786406305396654
37,inference_affirm,projected,19,0.7,-0.6841935012769147,0.12450860349589343,-0.3377456982520533
37,inference_affirm,partial,19,0.67,-0.688527355691052,-0.0849820627035463,-0.44249103135177315
37,inference_affirm,standard,20,0.63,-0.6925487780122055,0.144271873892067,-0.32786406305396654
37,inference_affirm,projected,20,0.69,-0.6836839641845975,0.144271873892067,-0.32786406305396654
37,inference_affirm,partial,20,0.68,-0.6880878412150568,-0.08695838974316368,-0.4434791948715819
37,inference_categories,standard,1,0.59,-0.6930584199089665,0.44269725687428774,-0.07865137156285612
37,inference_categories,projected,1,0.57,-0.6924672078806118,0.44269725687428774,-0.07865137156285612
37,inference_categories,partial,1,0.52,-0.6925263759041045,-0.07707675454507687,-0.43853837727253847
37,inference_categories,standard,2,0.55,-0.6931192401777027,0.4486262379931398,-0.17568688100343013
37,inference_categories,projected,2,0.49,-0.6933586872415013,0.4486262379931398,-0.17568688100343013
37,inference_categories,partial,2,0.48,-0.6934381271982966,0.04743184895081655,-0.37628407552459175
37,inference_categories,standard,3,0.6,-0.6930789835270713,0.377478464566915,-0.1112607677165425
37,inference_categories,projected,3,0.53,-0.6930706532487921,0.377478464566915,-0.1112607677165425
37,inference_categories,partial,3,0.48,-0.6931142799478645,-0.0316212326338777,-0.4158106163169389
37,inference_categories,standard,4,0.52,-0.6931999579325125,0.316212326338777,-0.24189383683061152
37,inference_categories,projected,4,0.46,-0.6953187852898991,0.316212326338777,-0.24189383683061152
37,inference_categories,partial,4,0.39,-0.6952449363852976,-0.11067431421857193,-0.555337157109286
37,inference_categories,standard,5,0.53,-0.6932126476899806,0.3517862130518894,-0.22410689347405532
37,inference_categories,projected,5,0.46,-0.6952970437175974,0.3517862130518894,-0.22410689347405532
37,inference_categories,partial,5,0.4,-0.6952429303363542,-0.05928981118852069,-0.5296449055942604
37,inference_categories,standard,6,0.55,-0.6931289113909807,0.3517862130518894,-0.22410689347405532
37,inference_categories,projected,6,0.5,-0.6940229144370232,0.3517862130518894,-0.22410689347405532
37,inference_categories,partial,6,0.44,-0.6942452082587951,0.001976327039617356,-0.39901183648019134
37,inference_categories,standard,7,0.52,-0.6931611681736168,0.31225967225954226,-0.2438701638702289
37,inference_categories,projected,7,0.48,-0.695156270276359,0.31225967225954226,-0.2438701638702289
37,inference_categories,partial,7,0.37,-0.694980997491366,-0.11067431421857193,-0.555337157109286
37,inference_categories,standard,8,0.55,-0.6930998953208309,0.34980988601227203,-0.225095056993864
37,inference_categories,projected,8,0.5,-0.6940485717622376,0.3320229426557158,-0.23398852867214212
37,inference_categories,partial,8,0.5,-0.6941822203757881,-0.07510042750545953,-0.5375502137527297
37,inference_categories,standard,9,0.59,-0.6930480335764916,0.38933642680461916,-0.20533178659769044
37,inference_categories,projected,9,0.52,-0.6930513960613409,0.37154948344806293,-0.21422525827596856
37,inference_categories,partial,9,0.52,-0.6934609575738554,-0.0316212326338777,-0.4158106163169389
37,inference_categories,standard,10,0.59,-0.6929979804524371,0.37154948344806293,-0.21422525827596856
37,inference_categories,projected,10,0.54,-0.6924114589007643,0.37154948344806293,-0.21422525827596856
37,inference_categories,partial,10,0.56,-0.6931212249057621,-0.0316212326338777,-0.4158106163169389
37,inference_categories,standard,11,0.61,-0.6929535409675357,0.37550213752729766,-0.11224893123635116
37,inference_categories,projected,11,0.57,-0.691569994381763,0.37550213752729766,-0.11224893123635116
37,inference_categories,partial,11,0.57,-0.6925445402975627,-0.10079267902048517,-0.4503963395102426
37,inference_categories,standard,12,0.6,-0.6928834050773726,0.35573886713112407,-0.12213056643443795
37,inference_categories,projected,12,0.61,-0.6903178069924687,0.3399282508141852,-0.13003587459290739
37,inference_categories,partial,12,0.61,-0.6914154105149889,-0.1343902386939802,-0.4671951193469901
37,inference_categories,standard,13,0.63,-0.6928046936465759,0.316212326338777,-0.1418938368306115
37,inference_categories,projected,13,0.64,-0.6887436122061963,0.29842538298222077,-0.1507873085088896
37,inference_categories,partial,13,0.63,-0.6910329261780199,-0.10869798717895457,-0.45434899358947733
37,inference_categories,standard,14,0.61,-0.6927960449782405,0.3616678482499762,-0.11916607587501188
37,inference_categories,projected,14,0.65,-0.6890489757293844,0.3794547916065324,-0.11027260419673379
37,inference_categories,partial,14,0.61,-0.691307477870568,-0.12450860349589343,-0.3622543017479467
37,inference_categories,standard,15,0.61,-0.692828000692157,0.377478464566915,-0.1112607677165425
37,inference_categories,projected,15,0.6,-0.6898093374478134,0.377478464566915,-0.1112607677165425
37,inference_categories,partial,15,0.58,-0.6918961109155365,-0.11857962237704138,-0.35928981118852066
37,inference_categories,standard,16,0.63,-0.692725748547704,0.35969152121035874,-0.12015423939482062
37,inference_categories,projected,16,0.62,-0.6883583917427631,0.35969152121035874,-0.12015423939482062
37,inference_categories,partial,16,0.63,-0.6909714219223602,-0.13834289277321493,-0.3691714463866075
37,inference_categories,standard,17,0.63,-0.6928028356122765,0.45060256503275725,-0.07469871748362136
37,inference_categories,projected,17,0.66,-0.6889935570717924,0.45060256503275725,-0.07469871748362136
37,inference_categories,partial,17,0.56,-0.6914922978658167,-0.0632424652677554,-0.33162123263387766
37,inference_categories,standard,18,0.68,-0.6927080410150964,0.34190457785380257,-0.029047711073098725
37,inference_categories,projected,18,0.69,-0.6871613958841911,0.34190457785380257,-0.029047711073098725
37,inference_categories,partial,18,0.59,-0.6914511775993017,-0.10079267902048517,-0.35039633951024257
37,inference_categories,standard,19,0.67,-0.6926684350827922,0.3399282508141852,-0.030035874592907408
37,inference_categories,projected,19,0.68,-0.6866307534185944,0.35771519417074144,-0.021142402914629294
37,inference_categories,partial,19,0.64,-0.6915359950681974,-0.10474533309971985,-0.35237266654985994
37,inference_categories,standard,20,0.68,-0.6926328138790209,0.3241176344972464,-0.1379411827513768
37,inference_categories,projected,20,0.7,-0.6861018018387941,0.3241176344972464,-0.1379411827513768
37,inference_categories,partial,20,0.64,-0.6911089216821529,-0.10474533309971985,-0.35237266654985994
38,choice_only,standard,1,0.71,-0.6930737982736784,0.1702688667429181,-0.014865566628540924
38,choice_only,projected,1,0.72,-0.6921533933274623,0.1702688667429181,-0.014865566628540924
38,choice_only,partial,1,0.72,-0.6921533933274623,0.1702688667429181,-0.014865566628540924
38,choice_only,standard,2,0.74,-0.6928915603964451,0.3815283865906128,-0.009235806704693622
38,choice_only,projected,2,0.78,-0.6891208837943017,0.3815283865906128,-0.009235806704693622
38,choice_only,partial,2,0.78,-0.6891208837943017,0.3815283865906128,-0.009235806704693622
38,choice_only,standard,3,0.67,-0.692907800622656,0.34369086064774207,0.07184543032387106
38,choice_only,projected,3,0.75,-0.6887809219434533,0.3405377334858362,0.07026886674291813
38,choice_only,partial,3,0.75,-0.6887809219434533,0.3405377334858362,0.07026886674291813
38,choice_only,standard,4,0.63,-0.6930053352638619,0.3988705859810952,0.09943529299054762
38,choice_only,projected,4,0.76,-0.6894969740555484,0.3957174588191893,0.09785872940959467
38,choice_only,partial,4,0.76,-0.6894969740555484,0.3957174588191893,0.09785872940959467
38,choice_only,standard,5,0.76,-0.6927984711140871,0.30742989828582434,0.053714949142912194
38,choice_only,projected,5,0.76,-0.686795798848486,0.30742989828582434,0.053714949142912194
38,choice_only,partial,5,0.76,-0.686795798848486,0.30742989828582434,0.053714949142912194
38,choice_only,standard,6,0.56,-0.6929937776796123,0.46350969280016596,0.23175484640008298
38,choice_only,projected,6,0.73,-0.6892327360081836,0.46350969280016596,0.23175484640008298
38,choice_only,partial,6,0.73,-0.6892327360081836,0.46350969280016596,0.23175484640008298
38,choice_only,standard,7,0.53,-0.6930060202381557,0.4603565656382601,0.23017828281913005
38,choice_only,projected,7,0.69,-0.6895222665154312,0.4603565656382601,0.23017828281913005
38,choice_only,partial,7,0.69,-0.6895222665154312,0.4603565656382601,0.23017828281913005
38,choice_only,standard,8,0.53,-0.6929989985818004,0.605400415085931,0.3027002075429655
38,choice_only,projected,8,0.72,-0.6896567978909554,0.6132832329906958,0.3066416164953479
38,choice_only,partial,8,0.72,-0.6896567978909554,0.6132832329906958,0.3066416164953479
38,choice_only,standard,9,0.59,-0.6929356169614581,0.5045003459049425,0.25225017295247126
38,choice_only,projected,9,0.76,-0.6891172829881913,0.5045003459049425,0.25225017295247126
38,choice_only,partial,9,0.76,-0.6891172829881913,0.5045003459049425,0.25225017295247126
38,choice_only,standard,10,0.64,-0.6927816458788884,0.38783464091442454,0.19391732045721227
38,choice_only,projected,10,0.75,-0.6866348154395979,0.38783464091442454,0.19391732045721227
38,choice_only,partial,10,0.75,-0.6866348154395979,0.38783464091442454,0.19391732045721227
38,choice_only,standard,11,0.71,-0.6924831429302074,0.3815283865906128,0.1907641932953064
38,choice_only,projected,11,0.75,-0.6826318090922538,0.3815283865906128,0.1907641932953064
38,choice_only,partial,11,0.75,-0.6826318090922538,0.3815283865906128,0.1907641932953064
38,choice_only,standard,12,0.69,-0.6923024436481642,0.3610330600382245,0.18051653001911225
38,choice_only,projected,12,0.76,-0.6805792166849216,0.3610330600382245,0.18051653001911225
38,choice_only,partial,12,0.76,-0.6805792166849216,0.3610330600382245,0.18051653001911225
38,choice_only,standard,13,0.72,-0.692161890393119,0.3499971149715539,0.17499855748577695
38,choice_only,projected,13,0.76,-0.6782566941715404,0.3578799328763186,0.1789399664381593
38,choice_only,partial,13,0.76,-0.6782566941715404,0.3578799328763186,0.1789399664381593
38,choice_only,standard,14,0.73,-0.6919465958960314,0.31058302544773025,0.05529151272386515
38,choice_only,projected,14,0.75,-0.6756564612036547,0.33265491558107146,0.06632745779053575
38,choice_only,partial,14,0.75,-0.6756564612036547,0.33265491558107146,0.06632745779053575
38,choice_only,standard,15,0.7,-0.6916271206521132,0.3090064618667773,0.054503230933388686
38,choice_only,projected,15,0.75,-0.6722278079895354,0.33107835200011854,0.06553917600005929
38,choice_only,partial,15,0.75,-0.6722278079895354,0.33107835200011854,0.06553917600005929
38,choice_only,standard,16,0.72,-0.6915615273228549,0.33896116990488323,0.06948058495244164
38,choice_only,projected,16,0.74,-0.6719062567694846,0.36576275078108333,0.08288137539054169
38,choice_only,partial,16,0.74,-0.6719062567694846,0.36576275078108333,0.08288137539054169
38,choice_only,standard,17,0.7,-0.6913158058522361,0.316889279771542,0.05844463988577103
38,choice_only,projected,17,0.72,-0.669096158928562,0.316889279771542,0.05844463988577103
38,choice_only,partial,17,0.72,-0.669096158928562,0.316889279771542,0.05844463988577103
38,choice_only,standard,18,0.72,-0.6914212629886309,0.3295017884191656,0.06475089420958283
38,choice_only,projected,18,0.73,-0.6708011957870064,0.316889279771542,0.05844463988577103
38,choice_only,partial,18,0.73,-0.6708011957870064,0.316889279771542,0.05844463988577103
38,choice_only,standard,19,0.73,-0.6912988168591709,0.316889279771542,0.05844463988577103
38,choice_only,projected,19,0.72,-0.6697376711063935,0.316889279771542,0.05844463988577103
38,choice_only,partial,19,0.72,-0.6697376711063935,0.316889279771542,0.05844463988577103
38,choice_only,standard,20,0.71,-0.6913495085910313,0.32477209767630677,0.06238604883815341
38,choice_only,projected,20,0.73,-0.6698685956076312,0.32477209767630677,0.06238604883815341
38,choice_only,partial,20,0.73,-0.6698685956076312,0.32477209767630677,0.06238604883815341
38,inference_affirm,standard,1,0.71,-0.6930737982736784,0.1702688667429181,-0.014865566628540924
38,inference_affirm,projected,1,0.72,-0.6921533933274623,0.1702688667429181,-0.014865566628540924
38,inference_affirm,partial,1,0.69,-0.6919985124025219,0.3468439878096479,0.17342199390482396
38,inference_affirm,standard,2,0.74,-0.6928915603964451,0.3815283865906128,-0.009235806704693622
38,inference_affirm,projected,2,0.78,-0.6891208837943017,0.3815283865906128,-0.009235806704693622
38,inference_affirm,partial,2,0.68,-0.6896003331089193,0.39256433165728344,0.2962821658286417
38,inference_affirm,standard,3,0.67,-0.692907800622656,0.34369086064774207,0.07184543032387106
38,inference_affirm,projected,3,0.75,-0.6887809219434533,0.3405377334858362,0.07026886674291813
38,inference_affirm,partial,3,0.68,-0.6893994885519574,0.3783752594287069,0.2891876297143534
38,inference_affirm,standard,4,0.63,-0.6930053352638619,0.3988705859810952,0.09943529299054762
38,inference_affirm,projected,4,0.76,-0.6894969740555484,0.3957174588191893,0.09785872940959467
38,inference_affirm,partial,4,0.75,-0.6895632537060611,0.18445793897149462,-0.1077710305142527
38,inference_affirm,standard,5,0.76,-0.6927984711140871,0.30742989828582434,0.053714949142912194
38,inference_affirm,projected,5,0.76,-0.686795798848486,0.30742989828582434,0.053714949142912194
38,inference_affirm,partial,5,0.74,-0.6879866555103108,0.12297195931432972,-0.03851402034283512
38,inference_affirm,standard,6,0.76,-0.6926036255756773,0.18288137539054167,-0.008559312304729144
38,inference_affirm,projected,6,0.76,-0.6844533044221257,0.18288137539054167,-0.008559312304729144
38,inference_affirm,partial,6,0.78,-0.6867761673464021,0.03153127161905891,-0.18423436419047057
38,inference_affirm,standard,7,0.73,-0.6925916191128667,0.16238604883815339,-0.018806975580923285
38,inference_affirm,projected,7,0.79,-0.6841756724699457,0.1702688667429181,-0.014865566628540924
38,inference_affirm,partial,7,0.75,-0.6863652872397243,0.017342199390482402,-0.1913289003047588
38,inference_affirm,standard,8,0.7,-0.6925986872356256,0.14819697660957687,-0.025901511695211543
38,inference_affirm,projected,8,0.76,-0.6840620817611004,0.14504384944767099,-0.027478075276164485
38,inference_affirm,partial,8,0.75,-0.6862462655343937,0.05990941607621193,-0.07004529196189402
38,inference_affirm,standard,9,0.67,-0.6926620428374384,0.1245485228952827,-0.037725738552358626
38,inference_affirm,projected,9,0.7,-0.6846102545972783,0.09774694201908263,-0.051126528990458664
38,inference_affirm,partial,9,0.73,-0.6872810048266408,-0.05990941607621193,-0.12995470803810594
38,inference_affirm,standard,10,0.7,-0.6925086718369642,0.07567505188574138,-0.06216247405712929
38,inference_affirm,projected,10,0.72,-0.6822806139571567,0.07567505188574138,-0.06216247405712929
38,inference_affirm,partial,10,0.72,-0.6850165770416325,-0.023648453714294183,-0.2118242268571471
38,inference_affirm,standard,11,0.74,-0.6922109329813608,0.13716103154290624,-0.03141948422854686
38,inference_affirm,projected,11,0.75,-0.6784883876167858,0.13716103154290624,-0.03141948422854686
38,inference_affirm,partial,11,0.73,-0.6819796042311979,0.07409848830478843,-0.1629507558476058
38,inference_affirm,standard,12,0.76,-0.692030392427118,0.1876110661334005,-0.006194466933299725
38,inference_affirm,projected,12,0.74,-0.6764758964738401,0.18445793897149462,-0.0077710305142526664
38,inference_affirm,partial,12,0.74,-0.6792177593032329,-0.014189072228576507,-0.20709453611428827
38,inference_affirm,standard,13,0.76,-0.6918902153835558,0.18445793897149462,-0.0077710305142526664
38,inference_affirm,projected,13,0.75,-0.6742600434088405,0.18445793897149462,-0.0077710305142526664
38,inference_affirm,partial,13,0.74,-0.678809369022464,0.058332852495258984,-0.17083357375237052
38,inference_affirm,standard,14,0.75,-0.691675569725518,0.1876110661334005,-0.006194466933299725
38,inference_affirm,projected,14,0.74,-0.6717832393591483,0.1765751210667299,-0.011712439466635027
38,inference_affirm,partial,14,0.74,-0.677291117710967,0.058332852495258984,-0.17083357375237052
38,inference_affirm,standard,15,0.73,-0.6913570845072159,0.19707044761911818,-0.0014647761904408862
38,inference_affirm,projected,15,0.72,-0.6684708841949252,0.19707044761911818,-0.0014647761904408862
38,inference_affirm,partial,15,0.74,-0.6764176587028863,0.017342199390482402,-0.1913289003047588
38,inference_affirm,standard,16,0.74,-0.691291431474483,0.18603450255244758,-0.006982748723776189
38,inference_affirm,projected,16,0.73,-0.6681265762921481,0.1876110661334005,-0.006194466933299725
38,inference_affirm,partial,16,0.75,-0.6767029937948918,0.08040474262860021,-0.1597976286856999
38,inference_affirm,standard,17,0.76,-0.6915394165756245,0.1765751210667299,-0.011712439466635027
38,inference_affirm,projected,17,0.74,-0.6712754645932965,0.18445793897149462,-0.0077710305142526664
38,inference_affirm,partial,17,0.75,-0.6773946087294429,0.06463910681907077,-0.16768044659046463
38,inference_affirm,standard,18,0.76,-0.6916450813886594,0.1765751210667299,-0.011712439466635027
38,inference_affirm,projected,18,0.76,-0.6730035669247961,0.1765751210667299,-0.011712439466635027
38,inference_affirm,partial,18,0.75,-0.6788992225565776,0.09617037843812967,-0.15191481078093516
38,inference_affirm,standard,19,0.75,-0.6915224237569764,0.19234075687625934,-0.0038296215618703056
38,inference_affirm,projected,19,0.78,-0.6719158807382984,0.2112595198476947,0.005629759923847372
38,inference_affirm,partial,19,0.75,-0.6779842451832802,0.11666570499051797,-0.041667147504740994
38,inference_affirm,standard,20,0.75,-0.6915731310077758,0.20180013836197702,0.0009000691809885331
38,inference_affirm,projected,20,0.78,-0.6720459177619484,0.2112595198476947,0.005629759923847372
38,inference_affirm,partial,20,0.76,-0.6782623150094481,0.14819697660957687,-0.025901511695211543
38,inference_categories,standard,1,0.71,-0.6930737982736784,0.1702688667429181,-0.014865566628540924
38,inference_categories,projected,1,0.72,-0.6921533933274623,0.1702688667429181,-0.014865566628540924
38,inference_categories,partial,1,0.69,-0.6919925217852132,0.3499971149715539,0.17499855748577695
38,inference_categories,standard,2,0.74,-0.6928915603964451,0.3815283865906128,-0.009235806704693622
38,inference_categories,projected,2,0.78,-0.6891208837943017,0.3815283865906128,-0.009235806704693622
38,inference_categories,partial,2,0.69,-0.6895012028009202,0.3988705859810952,0.2994352929905476
38,inference_categories,standard,3,0.8,-0.6928753641897195,0.38783464091442454,0.19391732045721227
38,inference_categories,projected,3,0.8,-0.6894698716298587,0.38783464091442454,0.19391732045721227
38,inference_categories,partial,3,0.66,-0.6900508794627604,0.375222132266801,0.2876110661334005
38,inference_categories,standard,4,0.73,-0.6929729214540978,0.37206900510489516,0.18603450255244758
38,inference_categories,projected,4,0.77,-0.6901937832911349,0.37206900510489516,0.18603450255244758
38,inference_categories,partial,4,0.76,-0.6892167891635448,-0.2191423377524594,-0.4095711688762297
38,inference_categories,standard,5,0.78,-0.6927660282966133,0.3783752594287069,0.08918762971435348
38,inference_categories,projected,5,0.83,-0.6874594413955988,0.34842055139060096,0.0742102756953005
38,inference_categories,partial,5,0.76,-0.687692102853864,-0.19391732045721227,-0.39695866022860615
38,inference_categories,standard,6,0.62,-0.6929613222761293,0.4855815829335072,0.2427907914667536
38,inference_categories,projected,6,0.76,-0.6899035186114646,0.4855815829335072,0.2427907914667536
38,inference_categories,partial,6,0.62,-0.6887576027140291,-0.20968295626674174,-0.40484147813337085
38,inference_categories,standard,7,0.6,-0.6929492086548643,0.3358080427429774,0.1679040213714887
38,inference_categories,projected,7,0.73,-0.6896201639947773,0.3358080427429774,0.1679040213714887
38,inference_categories,partial,7,0.66,-0.6883511803766236,-0.1639626124191063,-0.3819813062095532
38,inference_categories,standard,8,0.63,-0.6929561799458113,0.40517684030490697,0.20258842015245349
38,inference_categories,projected,8,0.76,-0.6894752978831835,0.40517684030490697,0.20258842015245349
38,inference_categories,partial,8,0.65,-0.688163336377142,-0.15450323093338866,-0.27725161546669436
38,inference_categories,standard,9,0.63,-0.6928928889342018,0.3263486612572597,0.16317433062862985
38,inference_categories,projected,9,0.76,-0.6889420945522101,0.3263486612572597,0.16317433062862985
38,inference_categories,partial,9,0.66,-0.6875800194270856,-0.2648626816000948,-0.4324313408000474
38,inference_categories,standard,10,0.66,-0.6927389473145071,0.35945649645727157,0.17972824822863578
38,inference_categories,projected,10,0.77,-0.6864639572868728,0.35945649645727157,0.17972824822863578
38,inference_categories,partial,10,0.67,-0.6855812949728873,-0.16711573958101222,-0.3835578697905061
38,inference_categories,standard,11,0.74,-0.6924408102494886,0.3231955340953538,0.1615977670476769
38,inference_categories,projected,11,0.76,-0.6824955775882063,0.3231955340953538,0.1615977670476769
38,inference_categories,partial,11,0.66,-0.6827984687202249,0.007882817904764727,-0.2960585910476176
38,inference_categories,standard,12,0.75,-0.692260233673245,0.33423147916202445,0.16711573958101222
38,inference_categories,projected,12,0.76,-0.6804433602630194,0.35630336929536566,0.17815168464768283
38,inference_categories,partial,12,0.69,-0.6806727188423564,-0.14977354019052982,-0.3748867700952649
38,inference_categories,standard,13,0.75,-0.6921196706203193,0.35945649645727157,0.17972824822863578
38,inference_categories,projected,13,0.73,-0.6781187550115741,0.3578799328763186,0.1789399664381593
38,inference_categories,partial,13,0.68,-0.679917862479018,-0.004729690742858836,-0.20236484537142943
38,inference_categories,standard,14,0.73,-0.6919047729656459,0.3295017884191656,0.1647508942095828
38,inference_categories,projected,14,0.74,-0.6755393357794087,0.316889279771542,0.05844463988577103
38,inference_categories,partial,14,0.68,-0.6781129687654154,-0.07725161546669433,-0.23862580773334718
38,inference_categories,standard,15,0.72,-0.6915857020259857,0.345267424228695,0.1726337121143475
38,inference_categories,projected,15,0.76,-0.672128717667964,0.33265491558107146,0.06632745779053575
38,inference_categories,partial,15,0.72,-0.6772888341768897,-0.050450034590494255,-0.22522501729524713
38,inference_categories,standard,16,0.71,-0.6915201616604767,0.345267424228695,0.07263371211434752
38,inference_categories,projected,16,0.76,-0.6718076030364297,0.3531502421334598,0.07657512106672992
38,inference_categories,partial,16,0.73,-0.6772484843271895,0.025225017295247128,-0.18738749135237645
38,inference_categories,standard,17,0.75,-0.691768350331989,0.33896116990488323,0.06948058495244164
38,inference_categories,projected,17,0.76,-0.6750140953405206,0.34842055139060096,0.0742102756953005
38,inference_categories,partial,17,0.73,-0.6781357149803958,0.012612508647623564,-0.19369374567618822
38,inference_categories,standard,18,0.75,-0.6918740971820568,0.33107835200011854,0.06553917600005929
38,inference_categories,projected,18,0.77,-0.6767707853701154,0.345267424228695,0.07263371211434752
38,inference_categories,partial,18,0.72,-0.6795594088884082,0.08513443337145905,-0.05743278331427045
38,inference_categories,standard,19,0.75,-0.6917514358807533,0.3231955340953538,0.061597767047676916
38,inference_categories,projected,19,0.77,-0.6756834805752409,0.32004240693344793,0.06002120346672399
38,inference_categories,partial,19,0.73,-0.6786700742248817,0.07725161546669433,-0.16137419226665284
38,inference_categories,standard,20,0.76,-0.6918022109973186,0.3231955340953538,0.061597767047676916
38,inference_categories,projected,20,0.77,-0.6758273402522963,0.3531502421334598,0.07657512106672992
38,inference_categories,partial,20,0.74,-0.6788275685210712,0.08040474262860021,-0.1597976286856999
39,choice_only,standard,1,0.62,-0.6931148709339326,0.13671867039508004,-0.13164066480246
39,choice_only,projected,1,0.76,-0.6923800396939015,0.13671867039508004,-0.13164066480246
39,choice_only,partial,1,0.76,-0.6923800396939015,0.13671867039508004,-0.13164066480246
39,choice_only,standard,2,0.71,-0.6929225041901009,0.3938429880130998,0.1969214940065499
39,choice_only,projected,2,0.74,-0.6898211937225064,0.3938429880130998,0.1969214940065499
39,choice_only,partial,2,0.74,-0.6898211937225064,0.3938429880130998,0.1969214940065499
39,choice_only,standard,3,0.71,-0.6927704790015319,0.2990720914892376,0.04953604574461881
39,choice_only,projected,3,0.74,-0.6876777435330448,0.2990720914892376,0.04953604574461881
39,choice_only,partial,3,0.74,-0.6876777435330448,0.2990720914892376,0.04953604574461881
39,choice_only,standard,4,0.67,-0.6928540372171282,0.4016110942855476,0.2008055471427738
39,choice_only,projected,4,0.73,-0.6889155427274067,0.4016110942855476,0.2008055471427738
39,choice_only,partial,4,0.73,-0.6889155427274067,0.4016110942855476,0.2008055471427738
39,choice_only,standard,5,0.67,-0.6926647223065836,0.3029561446254614,0.051478072312730716
39,choice_only,projected,5,0.73,-0.6859901138739178,0.30606338713444053,0.05303169356722029
39,choice_only,partial,5,0.73,-0.6859901138739178,0.30606338713444053,0.05303169356722029
39,choice_only,standard,6,0.75,-0.6921836780571603,0.26566923451771235,0.13283461725885617
39,choice_only,projected,6,0.72,-0.6797450328484289,0.26566923451771235,0.13283461725885617
39,choice_only,partial,6,0.72,-0.6797450328484289,0.26566923451771235,0.13283461725885617
39,choice_only,standard,7,0.71,-0.6922611426120452,0.3930661773858551,0.19653308869292754
39,choice_only,projected,7,0.75,-0.681395107531853,0.3930661773858551,0.19653308869292754
39,choice_only,partial,7,0.75,-0.681395107531853,0.3930661773858551,0.19653308869292754
39,choice_only,standard,8,0.73,-0.6922265470189681,0.27809820455362866,0.13904910227681433
39,choice_only,projected,8,0.76,-0.6800062433319686,0.27809820455362866,0.13904910227681433
39,choice_only,partial,8,0.76,-0.6800062433319686,0.27809820455362866,0.13904910227681433
39,choice_only,standard,9,0.73,-0.6920559221716879,0.26644604514495707,0.13322302257247853
39,choice_only,projected,9,0.75,-0.6778533687003814,0.26644604514495707,0.13322302257247853
39,choice_only,partial,9,0.75,-0.6778533687003814,0.26644604514495707,0.13322302257247853
39,choice_only,standard,10,0.75,-0.6918010271149617,0.24702577946383777,0.12351288973191889
39,choice_only,projected,10,0.75,-0.6747016828105739,0.2734373407901601,0.13671867039508004
39,choice_only,partial,10,0.75,-0.6747016828105739,0.2734373407901601,0.13671867039508004
39,choice_only,standard,11,0.72,-0.6919708815025878,0.21517654374680206,0.10758827187340103
39,choice_only,projected,11,0.75,-0.6769548206931142,0.22139102876476027,0.11069551438238014
39,choice_only,partial,11,0.75,-0.6769548206931142,0.22139102876476027,0.11069551438238014
39,choice_only,standard,12,0.73,-0.6920716065287286,0.13516504914059047,-0.032417475429704745
39,choice_only,projected,12,0.75,-0.678083053119543,0.13516504914059047,-0.032417475429704745
39,choice_only,partial,12,0.75,-0.678083053119543,0.13516504914059047,-0.032417475429704745
39,choice_only,standard,13,0.76,-0.6920660320977388,0.1452635872947725,-0.027368206352613722
39,choice_only,projected,13,0.76,-0.6777725519057043,0.13050418537712183,-0.034747907311439064
39,choice_only,partial,13,0.76,-0.6777725519057043,0.13050418537712183,-0.034747907311439064
39,choice_only,standard,14,0.75,-0.6920612930278403,0.1825504974025216,-0.008724751298739175
39,choice_only,projected,14,0.77,-0.6777476949551058,0.16779109548487092,-0.016104452257564517
39,choice_only,partial,14,0.77,-0.6777476949551058,0.16779109548487092,-0.016104452257564517
39,choice_only,standard,15,0.75,-0.6920853516302795,0.1576925573306889,-0.021153721334655526
39,choice_only,projected,15,0.75,-0.6776379438081647,0.15070126168548592,-0.024649369157257017
39,choice_only,partial,15,0.75,-0.6776379438081647,0.15070126168548592,-0.024649369157257017
39,choice_only,standard,16,0.73,-0.6918314212711966,0.19264903555670365,-0.003675482221648152
39,choice_only,projected,16,0.74,-0.6745209562426845,0.1693447167393605,-0.01532764163031973
39,choice_only,partial,16,0.74,-0.6745209562426845,0.1693447167393605,-0.01532764163031973
39,choice_only,standard,17,0.75,-0.6916181205863087,0.20896205872884388,0.10448102936442194
39,choice_only,projected,17,0.75,-0.6717734859053036,0.19730989932017232,0.09865494966008616
39,choice_only,partial,17,0.75,-0.6717734859053036,0.19730989932017232,0.09865494966008616
39,choice_only,standard,18,0.75,-0.6916574509776164,0.22915913503720797,0.014579567518604009
39,choice_only,projected,18,0.74,-0.6718793973968253,0.22915913503720797,0.11457956751860399
39,choice_only,partial,18,0.74,-0.6718793973968253,0.22915913503720797,0.11457956751860399
39,choice_only,standard,19,0.75,-0.6917327965928294,0.2081852481015991,0.004092624050799576
39,choice_only,projected,19,0.75,-0.67278127700176,0.2167301650012916,0.008365082500645826
39,choice_only,partial,19,0.75,-0.67278127700176,0.2167301650012916,0.008365082500645826
39,choice_only,standard,20,0.76,-0.6918104744343908,0.15536212544895456,-0.0223189372755227
39,choice_only,projected,20,0.76,-0.6736837461184851,0.17089833799385,-0.014550831003074971
39,choice_only,partial,20,0.76,-0.6736837461184851,0.17089833799385,-0.014550831003074971
39,inference_affirm,standard,1,0.62,-0.6931148709339326,0.13671867039508004,-0.13164066480246
39,inference_affirm,projected,1,0.76,-0.6923800396939015,0.13671867039508004,-0.13164066480246
39,inference_affirm,partial,1,0.75,-0.6924676028488578,0.16124883641560137,-0.019375581792199295
39,inference_affirm,standard,2,0.71,-0.6929225041901009,0.3938429880130998,0.1969214940065499
39,inference_affirm,projected,2,0.74,-0.6898211937225064,0.3938429880130998,0.1969214940065499
39,inference_affirm,partial,2,0.73,-0.6906252592265322,0.03262604634428046,-0.18368697682785978
39,inference_affirm,standard,3,0.71,-0.6927704790015319,0.2990720914892376,0.04953604574461881
39,inference_affirm,projected,3,0.74,-0.6876777435330448,0.2990720914892376,0.04953604574461881
39,inference_affirm,partial,3,0.67,-0.6888138269309998,-0.007768106272447728,-0.20388405313622388
39,inference_affirm,standard,4,0.67,-0.6928540372171282,0.4016110942855476,0.2008055471427738
39,inference_affirm,projected,4,0.73,-0.6889155427274067,0.4016110942855476,0.2008055471427738
39,inference_affirm,partial,4,0.69,-0.6872430090300855,-0.010875348781426819,-0.3054376743907134
39,inference_affirm,standard,5,0.67,-0.6926647223065836,0.3029561446254614,0.051478072312730716
39,inference_affirm,projected,5,0.73,-0.6859901138739178,0.30606338713444053,0.05303169356722029
39,inference_affirm,partial,5,0.67,-0.690840258852424,-0.03417966759877001,-0.217089833799385
39,inference_affirm,standard,6,0.48,-0.6931488436726859,0.1740055805028291,0.08700279025141455
39,inference_affirm,projected,6,0.51,-0.6928737388190284,0.1740055805028291,0.08700279025141455
39,inference_affirm,partial,6,0.45,-0.6940408875226224,-0.16779109548487092,-0.2838955477424355
39,inference_affirm,standard,7,0.61,-0.6930711795420491,-0.10176219216906525,-0.45088109608453264
39,inference_affirm,projected,7,0.72,-0.6911605364169074,-0.08156511586070114,-0.4407825579303506
39,inference_affirm,partial,7,0.45,-0.6936472489386439,-0.1374954810223248,-0.3687477405111624
39,inference_affirm,standard,8,0.61,-0.6930366802131726,-0.12739694286814277,-0.36369847143407136
39,inference_affirm,projected,8,0.69,-0.6897233804230002,-0.12739694286814277,-0.36369847143407136
39,inference_affirm,partial,8,0.52,-0.6921675553242688,-0.2540170751090407,-0.5270085375545204
39,inference_affirm,standard,9,0.7,-0.6928653605359313,-0.051269501398155004,-0.2256347506990775
39,inference_affirm,projected,9,0.72,-0.6874398523516237,-0.06136803955233706,-0.23068401977616854
39,inference_affirm,partial,9,0.6,-0.6908679973746997,-0.24935621134557212,-0.3246781056727861
39,inference_affirm,standard,10,0.7,-0.6926092098227054,0.07923468397896682,-0.1603826580105166
39,inference_affirm,projected,10,0.72,-0.68410083875809,0.09399408589661752,-0.05300295705169122
39,inference_affirm,partial,10,0.65,-0.6892044571630997,-0.16623747423038138,-0.2831187371151907
39,inference_affirm,standard,11,0.7,-0.6924394567089283,0.11186073032324728,-0.14406963483837637
39,inference_affirm,projected,11,0.73,-0.6818887307535951,0.09554770715110705,-0.15222614642444648
39,inference_affirm,partial,11,0.69,-0.6874400556707865,-0.15458531482170978,-0.2772926574108549
39,inference_affirm,standard,12,0.7,-0.6923387933698474,0.1693447167393605,-0.11532764163031976
39,inference_affirm,projected,12,0.72,-0.6807723442390244,0.1693447167393605,-0.11532764163031976
39,inference_affirm,partial,12,0.68,-0.686426698828125,-0.16313023172140229,-0.28156511586070115
39,inference_affirm,standard,13,0.71,-0.6923332124580027,0.18099687614803206,-0.10950156192598398
39,inference_affirm,projected,13,0.74,-0.6804581785030149,0.17944325489354251,-0.01027837255322872
39,inference_affirm,partial,13,0.7,-0.6859914423534424,-0.15070126168548592,-0.27535063084274297
39,inference_affirm,standard,14,0.69,-0.6923284295066208,0.17555920175731865,-0.11222039912134069
39,inference_affirm,projected,14,0.73,-0.6804349123479908,0.19031860367496933,-0.004840698162515311
39,inference_affirm,partial,14,0.71,-0.6854467122639005,-0.13050418537712183,-0.2652520926885609
39,inference_affirm,standard,15,0.71,-0.692352556892759,0.14759401917650683,-0.1262029904117466
39,inference_affirm,projected,15,0.73,-0.6803325919969703,0.14137953415854865,-0.1293102329207257
39,inference_affirm,partial,15,0.72,-0.6863263895030234,-0.09943176028733092,-0.24971588014366547
39,inference_affirm,standard,16,0.73,-0.6920983590561289,0.1996403312019066,-0.00017983439904667442
39,inference_affirm,projected,16,0.74,-0.6771800963337543,0.1825504974025216,-0.008724751298739175
39,inference_affirm,partial,16,0.71,-0.683289664031559,-0.06913614582478478,-0.13456807291239237
39,inference_affirm,standard,17,0.73,-0.691884806322404,0.2066316268471096,-0.09668418657644522
39,inference_affirm,projected,17,0.74,-0.6744117340293114,0.22139102876476027,0.010695514382380159
39,inference_affirm,partial,17,0.71,-0.6821643573792661,-0.08389554774243546,-0.1419477738712177
39,inference_affirm,standard,18,0.71,-0.6919241672068808,0.18488092928425592,-0.007559535357872016
39,inference_affirm,projected,18,0.73,-0.6745244243512692,0.18488092928425592,-0.007559535357872016
39,inference_affirm,partial,18,0.71,-0.683155323799276,-0.143709966040283,-0.2718549830201415
39,inference_affirm,standard,19,0.69,-0.6919995225054401,0.10875348781426819,-0.04562325609286588
39,inference_affirm,projected,19,0.74,-0.6754324325337833,0.12351288973191889,-0.038243555134040534
39,inference_affirm,partial,19,0.72,-0.6845416259497986,-0.1429331554130382,-0.2714665777065191
39,inference_affirm,standard,20,0.7,-0.6920772054430471,0.11341435157773684,-0.04329282421113156
39,inference_affirm,projected,20,0.73,-0.676339352655392,0.1033158134235548,-0.04834209328822258
39,inference_affirm,partial,20,0.63,-0.6870309954318128,-0.085449168996925,-0.24272458449846251
39,inference_categories,standard,1,0.62,-0.6931148709339326,0.13671867039508004,-0.13164066480246
39,inference_categories,projected,1,0.76,-0.6923800396939015,0.13671867039508004,-0.13164066480246
39,inference_categories,partial,1,0.67,-0.6924732179791664,0.09166365401488319,-0.05416817299255838
39,inference_categories,standard,2,0.71,-0.6929225041901009,0.3938429880130998,0.1969214940065499
39,inference_categories,projected,2,0.74,-0.6898211937225064,0.3938429880130998,0.1969214940065499
39,inference_categories,partial,2,0.7,-0.6905211412836572,0.05515355453437887,-0.17242322273281058
39,inference_categories,standard,3,0.71,-0.6927704790015319,0.2990720914892376,0.04953604574461881
39,inference_categories,projected,3,0.74,-0.6876777435330448,0.2990720914892376,0.04953604574461881
39,inference_categories,partial,3,0.67,-0.6888372672850136,-0.0714665777065191,-0.23573328885325956
39,inference_categories,standard,4,0.71,-0.6926870918631031,0.08156511586070114,-0.059217442069649406
39,inference_categories,projected,4,0.73,-0.6864672350815242,0.08156511586070114,-0.059217442069649406
39,inference_categories,partial,4,0.7,-0.6898620245902357,-0.1514780723127307,-0.27573903615636536
39,inference_categories,standard,5,0.7,-0.6924980501713985,0.10953029844151298,-0.04523485077924349
39,inference_categories,projected,5,0.75,-0.6835926593781934,0.10953029844151298,-0.04523485077924349
39,inference_categories,partial,5,0.59,-0.6920445083993197,-0.22605189252822888,-0.41302594626411443
39,inference_categories,standard,6,0.69,-0.6920178790865278,0.19653308869292754,0.09826654434646377
39,inference_categories,projected,6,0.75,-0.6775152695242695,0.19653308869292754,0.09826654434646377
39,inference_categories,partial,6,0.75,-0.6859674043549743,-0.33791262285147616,-0.3689563114257381
39,inference_categories,standard,7,0.7,-0.6919409510682403,0.13904910227681433,-0.13047544886159285
39,inference_categories,projected,7,0.74,-0.6760111940022132,0.13904910227681433,-0.13047544886159285
39,inference_categories,partial,7,0.72,-0.6854561447528269,-0.36121694166881935,-0.48060847083440966
39,inference_categories,standard,8,0.68,-0.6919753981612772,0.15070126168548592,-0.024649369157257017
39,inference_categories,projected,8,0.73,-0.6773921491127911,0.16390704234864706,-0.01804647882567645
39,inference_categories,partial,8,0.71,-0.6870867348554607,-0.30994744027066434,-0.45497372013533216
39,inference_categories,standard,9,0.69,-0.6918050760555812,0.2143997331195573,0.007199866559778667
39,inference_categories,projected,9,0.73,-0.6752746205835262,0.2143997331195573,0.007199866559778667
39,inference_categories,partial,9,0.71,-0.6858999940253518,-0.2990720914892376,-0.4495360457446188
39,inference_categories,standard,10,0.7,-0.6915507048899064,0.26178518138148843,0.030892590690744237
39,inference_categories,projected,10,0.74,-0.6721953213843803,0.26178518138148843,0.030892590690744237
39,inference_categories,partial,10,0.71,-0.686875643786722,-0.3161619252886225,-0.45808096264431125
39,inference_categories,standard,11,0.7,-0.6913821774180535,0.2516866432273064,0.025843321613653214
39,inference_categories,projected,11,0.73,-0.6701426948048792,0.23848086256414525,0.019240431282072645
39,inference_categories,partial,11,0.73,-0.6844961221679385,-0.2641156132632228,-0.33205780663161144
39,inference_categories,standard,12,0.7,-0.6914827332708948,0.2252750819009841,0.012637540950492077
39,inference_categories,projected,12,0.73,-0.671247857862189,0.2252750819009841,0.012637540950492077
39,inference_categories,partial,12,0.68,-0.6853997149733874,-0.27033009828118093,-0.43516504914059045
39,inference_categories,standard,13,0.7,-0.6914771057691357,0.24003448381863482,0.020017241909317432
39,inference_categories,projected,13,0.72,-0.670942949529763,0.26178518138148843,0.030892590690744237
39,inference_categories,partial,13,0.69,-0.6850466465897788,-0.22838232440996323,-0.4141911622049816
39,inference_categories,standard,14,0.71,-0.6914723050978605,0.22682870315547368,0.013414351577736863
39,inference_categories,projected,14,0.72,-0.6709158881413712,0.2252750819009841,0.012637540950492077
39,inference_categories,partial,14,0.69,-0.6847367127299886,-0.2516866432273064,-0.4258433216136532
39,inference_categories,standard,15,0.73,-0.6914963294022857,0.21595335437404684,0.00797667718702344
39,inference_categories,projected,15,0.72,-0.6708199033448987,0.2229446500192498,0.011472325009624917
39,inference_categories,partial,15,0.7,-0.6848051618948814,-0.2679996663994466,-0.4339998331997233
39,inference_categories,standard,16,0.73,-0.6912435531032731,0.22216783939200505,0.011083919696002545
39,inference_categories,projected,16,0.73,-0.6678791578671496,0.22216783939200505,0.011083919696002545
39,inference_categories,partial,16,0.71,-0.6821275400032307,-0.17866644426629777,-0.2893332221331489
39,inference_categories,standard,17,0.74,-0.6910312371557825,0.21906059688302595,0.009530298441513
39,inference_categories,projected,17,0.72,-0.665302646171944,0.22216783939200505,0.011083919696002545
39,inference_categories,partial,17,0.68,-0.6837130556994339,-0.2827590683170973,-0.44137953415854864
39,inference_categories,standard,18,0.73,-0.6910705004535087,0.19420265681119322,-0.1028986715944034
39,inference_categories,projected,18,0.71,-0.6654198782509873,0.2338199988006766,-0.0830900005996617
39,inference_categories,partial,18,0.66,-0.6846918122911828,-0.24081129444587956,-0.42040564722293977
39,inference_categories,standard,19,0.71,-0.6909955554858105,0.22216783939200505,-0.08891608030399749
39,inference_categories,projected,19,0.71,-0.6645727874989817,0.21362292249231252,-0.09318853875384375
39,inference_categories,partial,19,0.7,-0.6836601908435721,-0.28120544706260775,-0.5406027235313039
39,inference_categories,standard,20,0.72,-0.691072953660979,0.23071275629169752,0.015356378145848781
39,inference_categories,projected,20,0.73,-0.6654482491020848,0.24391853695485868,0.021959268477429364
39,inference_categories,partial,20,0.67,-0.6855556961283398,-0.28353587894434207,-0.5417679394721711
40,choice_only,standard,1,0.33,-0.6932565325811507,-0.14320623877407118,-0.4716031193870356
40,choice_only,projected,1,0.35,-0.6942673399102656,-0.14320623877407118,-0.4716031193870356
40,choice_only,partial,1,0.35,-0.6942673399102656,-0.14320623877407118,-0.4716031193870356
40,choice_only,standard,2,0.58,-0.6931088779893364,0.04279726676006725,-0.07860136661996635
40,choice_only,projected,2,0.59,-0.6919124181766196,0.04279726676006725,-0.07860136661996635
40,choice_only,partial,2,0.59,-0.6919124181766196,0.04279726676006725,-0.07860136661996635
40,choice_only,standard,3,0.36,-0.693412939688878,0.0510275103677725,-0.17448624481611377
40,choice_only,projected,3,0.33,-0.6958597628453504,0.0510275103677725,-0.17448624481611377
40,choice_only,partial,3,0.33,-0.6958597628453504,0.0510275103677725,-0.17448624481611377
40,choice_only,standard,4,0.43,-0.6933169460660537,0.17612721320489214,-0.11193639339755394
40,choice_only,projected,4,0.37,-0.6943996737842718,0.17612721320489214,-0.11193639339755394
40,choice_only,partial,4,0.37,-0.6943996737842718,0.17612721320489214,-0.11193639339755394
40,choice_only,standard,5,0.49,-0.6933011326650806,0.2814743313835193,-0.059262834308240364
40,choice_only,projected,5,0.43,-0.6934948245822723,0.2814743313835193,-0.059262834308240364
40,choice_only,partial,5,0.43,-0.6934948245822723,0.2814743313835193,-0.059262834308240364
40,choice_only,standard,6,0.68,-0.69297009686696,0.15143648238177645,-0.12428175880911178
40,choice_only,projected,6,0.73,-0.6893134029101288,0.13497599516636596,-0.13251200241681704
40,choice_only,partial,6,0.73,-0.6893134029101288,0.13497599516636596,-0.13251200241681704
40,choice_only,standard,7,0.69,-0.6929232509239699,0.09382477712783976,-0.15308761143608013
40,choice_only,projected,7,0.75,-0.689055758607633,0.09382477712783976,-0.15308761143608013
40,choice_only,partial,7,0.75,-0.689055758607633,0.09382477712783976,-0.15308761143608013
40,choice_only,standard,8,0.71,-0.6927206091601158,0.018106535936951534,-0.2909467320315242
40,choice_only,projected,8,0.7,-0.6862440187135165,0.02962887698773887,-0.28518556150613056
40,choice_only,partial,8,0.7,-0.6862440187135165,0.02962887698773887,-0.28518556150613056
40,choice_only,standard,9,0.72,-0.692528447926287,0.0016460487215410485,-0.29917697563922946
40,choice_only,projected,9,0.72,-0.6834747173745275,0.0016460487215410485,-0.29917697563922946
40,choice_only,partial,9,0.72,-0.6834747173745275,0.0016460487215410485,-0.29917697563922946
40,choice_only,standard,10,0.73,-0.692470373643903,0.06254985141855984,-0.26872507429072007
40,choice_only,projected,10,0.71,-0.6826548600389983,0.06254985141855984,-0.26872507429072007
40,choice_only,partial,10,0.71,-0.6826548600389983,0.06254985141855984,-0.26872507429072007
40,choice_only,standard,11,0.7,-0.6924519938001946,0.05431960781085459,-0.1728401960945727
40,choice_only,projected,11,0.7,-0.682403884008799,0.07078009502626507,-0.16460995248686747
40,choice_only,partial,11,0.7,-0.682403884008799,0.07078009502626507,-0.16460995248686747
40,choice_only,standard,12,0.7,-0.6926022532504755,0.09053267968475766,-0.25473366015762117
40,choice_only,projected,12,0.72,-0.6845716720864956,0.14156019005253015,-0.12921990497373492
40,choice_only,partial,12,0.72,-0.6845716720864956,0.14156019005253015,-0.12921990497373492
40,choice_only,standard,13,0.64,-0.6928860387323457,0.25184545439578043,-0.0740772728021098
40,choice_only,projected,13,0.73,-0.6876969219938343,0.25184545439578043,-0.0740772728021098
40,choice_only,partial,13,0.73,-0.6876969219938343,0.25184545439578043,-0.0740772728021098
40,choice_only,standard,14,0.59,-0.6929456291812717,0.20904818763571315,0.004524093817856595
40,choice_only,projected,14,0.69,-0.6881251838095902,0.20904818763571315,0.004524093817856595
40,choice_only,partial,14,0.69,-0.6881251838095902,0.20904818763571315,0.004524093817856595
40,choice_only,standard,15,0.57,-0.6930040656922256,0.37200701106827694,0.18600350553413847
40,choice_only,projected,15,0.68,-0.6890763114905616,0.37200701106827694,0.18600350553413847
40,choice_only,partial,15,0.68,-0.6890763114905616,0.37200701106827694,0.18600350553413847
40,choice_only,standard,16,0.5,-0.693172361382702,0.340732085358997,0.07036604267949853
40,choice_only,projected,16,0.58,-0.6913194644332884,0.34731628024516126,0.07365814012258065
40,choice_only,partial,16,0.58,-0.6913194644332884,0.34731628024516126,0.07365814012258065
40,choice_only,standard,17,0.49,-0.6933178338519025,0.340732085358997,-0.029633957320501503
40,choice_only,projected,17,0.56,-0.692906136485198,0.340732085358997,-0.029633957320501503
40,choice_only,partial,17,0.56,-0.692906136485198,0.340732085358997,-0.029633957320501503
40,choice_only,standard,18,0.52,-0.6931677591961178,0.2781822339404371,0.03909111697021858
40,choice_only,projected,18,0.61,-0.6907950835988682,0.2781822339404371,0.03909111697021858
40,choice_only,partial,18,0.61,-0.6907950835988682,0.2781822339404371,0.03909111697021858
40,choice_only,standard,19,0.52,-0.6931855097569114,0.3868214495621463,0.09341072478107318
40,choice_only,projected,19,0.6,-0.6907873000686581,0.3868214495621463,0.09341072478107318
40,choice_only,partial,19,0.6,-0.6907873000686581,0.3868214495621463,0.09341072478107318
40,choice_only,standard,20,0.62,-0.6928521597303957,0.15143648238177645,-0.12428175880911178
40,choice_only,projected,20,0.66,-0.6864855627197365,0.17283511576181007,-0.11358244211909498
40,choice_only,partial,20,0.66,-0.6864855627197365,0.17283511576181007,-0.11358244211909498
40,inference_affirm,standard,1,0.33,-0.6932565325811507,-0.14320623877407118,-0.4716031193870356
40,inference_affirm,projected,1,0.35,-0.6942673399102656,-0.14320623877407118,-0.4716031193870356
40,inference_affirm,partial,1,0.37,-0.6941776182902092,-0.15966672598948167,-0.3798333629947408
40,inference_affirm,standard,2,0.58,-0.6931088779893364,0.04279726676006725,-0.07860136661996635
40,inference_affirm,projected,2,0.59,-0.6919124181766196,0.04279726676006725,-0.07860136661996635
40,inference_affirm,partial,2,0.41,-0.6943581213116784,0.16625092087564589,-0.016874539562177035
40,inference_affirm,standard,3,0.36,-0.693412939688878,0.0510275103677725,-0.17448624481611377
40,inference_affirm,projected,3,0.33,-0.6958597628453504,0.0510275103677725,-0.17448624481611377
40,inference_affirm,partial,3,0.39,-0.694233630043732,0.11028526434325024,-0.14485736782837488
40,inference_affirm,standard,4,0.37,-0.6935089046088737,-0.11357736178633233,-0.3567886808931662
40,inference_affirm,projected,4,0.33,-0.6973182292245664,-0.11357736178633233,-0.3567886808931662
40,inference_affirm,partial,4,0.34,-0.6957666593249213,-0.03621307187390307,-0.4181065359369516
40,inference_affirm,standard,5,0.43,-0.6934930651719223,-0.102055020735545,-0.35102751036777247
40,inference_affirm,projected,5,0.31,-0.6964014203081453,-0.13826809260944806,-0.369134046304724
40,inference_affirm,partial,5,0.32,-0.6963114534581643,-0.2501994056742394,-0.4250997028371197
40,inference_affirm,standard,6,0.54,-0.6931616973947253,-0.055965656532395644,-0.3279828282661978
40,inference_affirm,projected,6,0.63,-0.6921412317729524,-0.055965656532395644,-0.3279828282661978
40,inference_affirm,partial,6,0.47,-0.6927771716420635,-0.008230243607705242,-0.1041151218038526
40,inference_affirm,standard,7,0.55,-0.6931147948880537,-0.06090380269701878,-0.3304519013485094
40,inference_affirm,projected,7,0.61,-0.6918803292057514,-0.06090380269701878,-0.3304519013485094
40,inference_affirm,partial,7,0.48,-0.6923866823649155,-0.04608936420314936,-0.12304468210157465
40,inference_affirm,standard,8,0.45,-0.693317923265964,0.1152234105078734,-0.3423882947460633
40,inference_affirm,projected,8,0.38,-0.6948230971010542,0.09382477712783976,-0.35308761143608014
40,inference_affirm,partial,8,0.38,-0.6956282987269188,-0.037859120595444114,-0.21892956029772206
40,inference_affirm,standard,9,0.52,-0.6931248052100526,0.12016155667249653,-0.03991922166375171
40,inference_affirm,projected,9,0.68,-0.6919040054330254,0.1250997028371197,-0.037450148581440135
40,inference_affirm,partial,9,0.52,-0.6933088001363323,0.14814438493869433,-0.02592780753065281
40,inference_affirm,standard,10,0.52,-0.6931831988897766,-0.08394848479859347,-0.34197424239929675
40,inference_affirm,projected,10,0.51,-0.6927818196419073,-0.05925775397547774,-0.32962887698773885
40,inference_affirm,partial,10,0.46,-0.694236838728801,-0.016460487215410484,-0.20823024360770526
40,inference_affirm,standard,11,0.54,-0.6931646107365249,-0.07571824119088823,-0.3378591205954441
40,inference_affirm,projected,11,0.57,-0.6924815662055659,-0.07571824119088823,-0.3378591205954441
40,inference_affirm,partial,11,0.44,-0.6942398909443327,-0.0510275103677725,-0.22551375518388625
40,inference_affirm,standard,12,0.45,-0.6933150792930498,0.05431960781085459,-0.2728401960945727
40,inference_affirm,projected,12,0.44,-0.6947173015600945,0.05431960781085459,-0.2728401960945727
40,inference_affirm,partial,12,0.36,-0.6960421126179236,-0.00987629232924629,-0.20493814616462316
40,inference_affirm,standard,13,0.39,-0.6935990940905757,0.0510275103677725,-0.17448624481611377
40,inference_affirm,projected,13,0.37,-0.6979202777148532,0.07736428991242927,-0.26131785504378535
40,inference_affirm,partial,13,0.41,-0.696072583575968,-0.10863921562170918,-0.2543196078108546
40,inference_affirm,standard,14,0.41,-0.6935393971473975,0.1250997028371197,-0.23745014858144015
40,inference_affirm,projected,14,0.36,-0.6975036022343915,0.1250997028371197,-0.13745014858144017
40,inference_affirm,partial,14,0.42,-0.6959439701226984,-0.13003784900174284,-0.26501892450087144
40,inference_affirm,standard,15,0.41,-0.693598060206284,0.11686945922941443,-0.24156527038529277
40,inference_affirm,projected,15,0.37,-0.698504634713931,0.14485228749561227,-0.22757385625219384
40,inference_affirm,partial,15,0.41,-0.6962085096496422,-0.13168389772328387,-0.3658419488616419
40,inference_affirm,standard,16,0.37,-0.6937666629331787,0.08394848479859347,-0.25802575760070323
40,inference_affirm,projected,16,0.33,-0.7008046753865866,0.11357736178633233,-0.24321131910683383
40,inference_affirm,partial,16,0.35,-0.6982848032837314,-0.16789696959718695,-0.4839484847985935
40,inference_affirm,standard,17,0.38,-0.6939124829545018,0.13662204388790702,-0.3316889780560465
40,inference_affirm,projected,17,0.33,-0.7024380910148997,0.13662204388790702,-0.3316889780560465
40,inference_affirm,partial,17,0.34,-0.7003839420492015,-0.13991414133098912,-0.4699570706654946
40,inference_affirm,standard,18,0.4,-0.6937617120017162,0.11851550795095547,-0.24074224602452227
40,inference_affirm,projected,18,0.34,-0.7001788501733998,0.0987629232924629,-0.2506185383537685
40,inference_affirm,partial,18,0.37,-0.6987809708383843,-0.07571824119088823,-0.23785912059544412
40,inference_affirm,standard,19,0.39,-0.6937795924223313,0.17777326192643322,-0.21111336903678338
40,inference_affirm,projected,19,0.35,-0.7001976334664335,0.15802067726794064,-0.22098966136602965
40,inference_affirm,partial,19,0.36,-0.698557677071453,-0.0855945335201345,-0.3427972667600672
40,inference_affirm,standard,20,0.44,-0.6934444151515536,0.13662204388790702,-0.1316889780560465
40,inference_affirm,projected,20,0.42,-0.6954548883687051,0.15472857982485855,-0.12263571008757074
40,inference_affirm,partial,20,0.34,-0.6978111439940643,-0.05431960781085459,-0.2271598039054273
40,inference_categories,standard,1,0.33,-0.6932565325811507,-0.14320623877407118,-0.4716031193870356
40,inference_categories,projected,1,0.35,-0.6942673399102656,-0.14320623877407118,-0.4716031193870356
40,inference_categories,partial,1,0.36,-0.6942465258454075,-0.15978691172421844,-0.3798934558621092
40,inference_categories,standard,2,0.58,-0.6931088779893364,0.04279726676006725,-0.07860136661996635
40,inference_categories,projected,2,0.59,-0.6919124181766196,0.04279726676006725,-0.07860136661996635
40,inference_categories,partial,2,0.4,-0.6944304117630671,0.19423374914184371,-0.0028831254290781205
40,inference_categories,standard,3,0.36,-0.693412939688878,0.0510275103677725,-0.17448624481611377
40,inference_categories,projected,3,0.33,-0.6958597628453504,0.0510275103677725,-0.17448624481611377
40,inference_categories,partial,3,0.39,-0.6934883910777543,-0.1497904336602354,-0.4748952168301177
40,inference_categories,standard,4,0.43,-0.6933169460660537,0.17612721320489214,-0.11193639339755394
40,inference_categories,projected,4,0.37,-0.6943996737842718,0.17612721320489214,-0.11193639339755394
40,inference_categories,partial,4,0.54,-0.6927025294120674,0.14485228749561227,-0.12757385625219386
40,inference_categories,standard,5,0.49,-0.6933011326650806,0.2814743313835193,-0.059262834308240364
40,inference_categories,projected,5,0.43,-0.6934948245822723,0.2814743313835193,-0.059262834308240364
40,inference_categories,partial,5,0.45,-0.6935433043728427,-0.00987629232924629,-0.10493814616462312
40,inference_categories,standard,6,0.68,-0.69297009686696,0.15143648238177645,-0.12428175880911178
40,inference_categories,projected,6,0.73,-0.6893134029101288,0.13497599516636596,-0.13251200241681704
40,inference_categories,partial,6,0.71,-0.689533322780088,-0.09053267968475766,-0.24526633984237883
40,inference_categories,standard,7,0.69,-0.6929232509239699,0.09382477712783976,-0.15308761143608013
40,inference_categories,projected,7,0.75,-0.689055758607633,0.09382477712783976,-0.15308761143608013
40,inference_categories,partial,7,0.68,-0.6893536184931945,-0.22715472357266467,-0.2135773617863323
40,inference_categories,standard,8,0.71,-0.6927206091601158,0.018106535936951534,-0.2909467320315242
40,inference_categories,projected,8,0.7,-0.6862440187135165,0.02962887698773887,-0.28518556150613056
40,inference_categories,partial,8,0.71,-0.6869519712484298,-0.07078009502626507,-0.13539004751313252
40,inference_categories,standard,9,0.72,-0.692528447926287,0.0016460487215410485,-0.29917697563922946
40,inference_categories,projected,9,0.72,-0.6834747173745275,0.0016460487215410485,-0.29917697563922946
40,inference_categories,partial,9,0.74,-0.6841912466934678,-0.013168389772328388,-0.006584194886164194
40,inference_categories,standard,10,0.73,-0.692470373643903,0.06254985141855984,-0.26872507429072007
40,inference_categories,projected,10,0.71,-0.6826548600389983,0.06254985141855984,-0.26872507429072007
40,inference_categories,partial,10,0.76,-0.6829084184953377,0.10863921562170918,0.05431960781085459
40,inference_categories,standard,11,0.7,-0.6924519938001946,0.05431960781085459,-0.1728401960945727
40,inference_categories,projected,11,0.7,-0.682403884008799,0.07078009502626507,-0.16460995248686747
40,inference_categories,partial,11,0.7,-0.6829613746895404,0.08724058224167555,0.043620291120837776
40,inference_categories,standard,12,0.7,-0.6926022532504755,0.09053267968475766,-0.25473366015762117
40,inference_categories,projected,12,0.72,-0.6845716720864956,0.14156019005253015,-0.12921990497373492
40,inference_categories,partial,12,0.73,-0.6846027270478622,0.15966672598948167,-0.02016663700525914
40,inference_categories,standard,13,0.64,-0.6928860387323457,0.25184545439578043,-0.0740772728021098
40,inference_categories,projected,13,0.73,-0.6876969219938343,0.25184545439578043,-0.0740772728021098
40,inference_categories,partial,13,0.72,-0.68435761924337,0.0,-0.2
40,inference_categories,standard,14,0.67,-0.692826423532075,0.2255086748511236,-0.0872456625744382
40,inference_categories,projected,14,0.78,-0.6872680380276394,0.24361521078807513,-0.07819239460596245
40,inference_categories,partial,14,0.75,-0.6839619395036951,0.021398633380033626,-0.28930068330998315
40,inference_categories,standard,15,0.62,-0.6928848533502987,0.41480427782834417,0.007402138914172074
40,inference_categories,projected,15,0.76,-0.6882208227138216,0.41480427782834417,0.007402138914172074
40,inference_categories,partial,15,0.73,-0.6844835513795691,0.09217872840629872,-0.05391063579685062
40,inference_categories,standard,16,0.52,-0.6930531242889748,0.4592475933099525,0.22962379665497626
40,inference_categories,projected,16,0.69,-0.690465615937557,0.47735412924690396,0.23867706462345198
40,inference_categories,partial,16,0.73,-0.6864190943244307,0.04608936420314936,-0.2769553178984253
40,inference_categories,standard,17,0.53,-0.6931986037096023,0.44443315481608303,0.22221657740804152
40,inference_categories,projected,17,0.56,-0.6920539926202907,0.44443315481608303,0.22221657740804152
40,inference_categories,partial,17,0.75,-0.6877776587109706,-0.037859120595444114,-0.21892956029772206
40,inference_categories,standard,18,0.56,-0.6930485114533625,0.4329108137652957,0.21645540688264786
40,inference_categories,projected,18,0.67,-0.6899416580403662,0.4329108137652957,0.21645540688264786
40,inference_categories,partial,18,0.75,-0.6862927450334919,-0.037859120595444114,-0.31892956029772207
40,inference_categories,standard,19,0.54,-0.6930662590240548,0.45595549586687034,0.1279777479334352
40,inference_categories,projected,19,0.67,-0.6899377289691789,0.4839383241330682,0.14196916206653412
40,inference_categories,partial,19,0.76,-0.6862132854635149,0.08888663096321661,-0.15555668451839172
40,inference_categories,standard,20,0.69,-0.6927330816902538,0.21727843124341836,-0.09136078437829083
40,inference_categories,projected,20,0.74,-0.6856271430383465,0.27489013649735505,-0.06255493175132248
40,inference_categories,partial,20,0.69,-0.6853012255294193,-0.044443315481608306,-0.22222165774080416
41,choice_only,standard,1,0.64,-0.6930608690747014,0.18058748150550227,-0.10970625924724887
41,choice_only,projected,1,0.56,-0.6924935416691562,0.18058748150550227,-0.10970625924724887
41,choice_only,partial,1,0.56,-0.6924935416691562,0.18058748150550227,-0.10970625924724887
41,choice_only,standard,2,0.6,-0.6930114622275538,-0.2316396387243574,-0.21581981936217867
41,choice_only,projected,2,0.53,-0.6923733422657125,-0.2316396387243574,-0.21581981936217867
41,choice_only,partial,2,0.53,-0.6923733422657125,-0.2316396387243574,-0.21581981936217867
41,choice_only,standard,3,0.54,-0.6929882289410013,-0.3733665229438654,-0.2866832614719327
41,choice_only,projected,3,0.53,-0.6915824808904234,-0.3733665229438654,-0.2866832614719327
41,choice_only,partial,3,0.53,-0.6915824808904234,-0.3733665229438654,-0.2866832614719327
41,choice_only,standard,4,0.5,-0.69303730285124,-0.3558411555403779,-0.4779205777701889
41,choice_only,projected,4,0.51,-0.6920874261401013,-0.3558411555403779,-0.4779205777701889
41,choice_only,partial,4,0.51,-0.6920874261401013,-0.3558411555403779,-0.4779205777701889
41,choice_only,standard,5,0.5,-0.6930342601539986,-0.3078368883047381,-0.35391844415236906
41,choice_only,projected,5,0.52,-0.6924730185425095,-0.3078368883047381,-0.35391844415236906
41,choice_only,partial,5,0.52,-0.6924730185425095,-0.3078368883047381,-0.35391844415236906
41,choice_only,standard,6,0.5,-0.6929449648939676,-0.3352678981536751,-0.36763394907683755
41,choice_only,projected,6,0.5,-0.6917868142135748,-0.3169805582543837,-0.3584902791271919
41,choice_only,partial,6,0.5,-0.6917868142135748,-0.3169805582543837,-0.3584902791271919
41,choice_only,standard,7,0.52,-0.6929703461411728,-0.2857396859264277,-0.3428698429632139
41,choice_only,projected,7,0.52,-0.692390722540476,-0.2857396859264277,-0.3428698429632139
41,choice_only,partial,7,0.52,-0.692390722540476,-0.2857396859264277,-0.3428698429632139
41,choice_only,standard,8,0.52,-0.6929836741076016,-0.3192664757417952,-0.3596332378708976
41,choice_only,projected,8,0.48,-0.6922592826412,-0.3192664757417952,-0.3596332378708976
41,choice_only,partial,8,0.48,-0.6922592826412,-0.3192664757417952,-0.3596332378708976
41,choice_only,standard,9,0.52,-0.6929498595632818,-0.3108847782879533,-0.35544238914397663
41,choice_only,projected,9,0.49,-0.6920736220534097,-0.3108847782879533,-0.35544238914397663
41,choice_only,partial,9,0.49,-0.6920736220534097,-0.3108847782879533,-0.35544238914397663
41,choice_only,standard,10,0.52,-0.6928879784646716,-0.3215523932292066,-0.3607761966146033
41,choice_only,projected,10,0.51,-0.6911192196639696,-0.29488335587607334,-0.3474416779380367
41,choice_only,partial,10,0.51,-0.6911192196639696,-0.29488335587607334,-0.3474416779380367
41,choice_only,standard,11,0.53,-0.6928389504750179,-0.36879468796904263,-0.3843973439845213
41,choice_only,projected,11,0.51,-0.6910106315735599,-0.36879468796904263,-0.3843973439845213
41,choice_only,partial,11,0.51,-0.6910106315735599,-0.36879468796904263,-0.3843973439845213
41,choice_only,standard,12,0.55,-0.6928222818865464,-0.32079042073340275,-0.3603952103667014
41,choice_only,projected,12,0.51,-0.6905203637214002,-0.30555097081732663,-0.3527754854086633
41,choice_only,partial,12,0.51,-0.6905203637214002,-0.30555097081732663,-0.3527754854086633
41,choice_only,standard,13,0.54,-0.6927939613791668,-0.3215523932292066,-0.3607761966146033
41,choice_only,projected,13,0.51,-0.6900143442105892,-0.3444115681033208,-0.3722057840516604
41,choice_only,partial,13,0.51,-0.6900143442105892,-0.3444115681033208,-0.3722057840516604
41,choice_only,standard,14,0.57,-0.6927602552610422,-0.32841014569144084,-0.46420507284572043
41,choice_only,projected,14,0.53,-0.6894841713060389,-0.35126932056555504,-0.37563466028277753
41,choice_only,partial,14,0.53,-0.6894841713060389,-0.35126932056555504,-0.37563466028277753
41,choice_only,standard,15,0.54,-0.6928409527932528,-0.3306960631788523,-0.3653480315894262
41,choice_only,projected,15,0.51,-0.6903633266251592,-0.3482214305823398,-0.3741107152911699
41,choice_only,partial,15,0.51,-0.6903633266251592,-0.3482214305823398,-0.3741107152911699
41,choice_only,standard,16,0.59,-0.692829416173806,-0.3619369355068084,-0.3809684677534042
41,choice_only,projected,16,0.53,-0.6899695055289048,-0.36727074297743506,-0.3836353714887175
41,choice_only,partial,16,0.53,-0.6899695055289048,-0.36727074297743506,-0.3836353714887175
41,choice_only,standard,17,0.58,-0.6928386826378081,-0.4007975327928025,-0.40039876639640126
41,choice_only,projected,17,0.52,-0.6905324710407078,-0.41451303771727105,-0.40725651885863556
41,choice_only,partial,17,0.52,-0.6905324710407078,-0.41451303771727105,-0.40725651885863556
41,choice_only,standard,18,0.59,-0.6927572580808646,-0.3520312930613589,-0.3760156465306794
41,choice_only,projected,18,0.52,-0.6897831063798197,-0.34212565061590944,-0.37106282530795476
41,choice_only,partial,18,0.52,-0.6897831063798197,-0.34212565061590944,-0.37106282530795476
41,choice_only,standard,19,0.58,-0.692809070389163,-0.3230763382208142,-0.26153816911040706
41,choice_only,projected,19,0.51,-0.6901596888079286,-0.3246002832124218,-0.26230014160621085
41,choice_only,partial,19,0.51,-0.6901596888079286,-0.3246002832124218,-0.26230014160621085
41,choice_only,standard,20,0.56,-0.6928748950809759,-0.27659601597678196,-0.338298007988391
41,choice_only,projected,20,0.52,-0.6904509771582725,-0.27202418100195913,-0.23601209050097954
41,choice_only,partial,20,0.52,-0.6904509771582725,-0.27202418100195913,-0.23601209050097954
41,inference_affirm,standard,1,0.64,-0.6930608690747014,0.18058748150550227,-0.10970625924724887
41,inference_affirm,projected,1,0.56,-0.6924935416691562,0.18058748150550227,-0.10970625924724887
41,inference_affirm,partial,1,0.54,-0.6926203496098162,0.0746733045887731,-0.06266334770561344
41,inference_affirm,standard,2,0.6,-0.6930114622275538,-0.2316396387243574,-0.21581981936217867
41,inference_affirm,projected,2,0.53,-0.6923733422657125,-0.2316396387243574,-0.21581981936217867
41,inference_affirm,partial,2,0.5,-0.6925260585040401,-0.18287339899291372,-0.19143669949645684
41,inference_affirm,standard,3,0.54,-0.6929882289410013,-0.3733665229438654,-0.2866832614719327
41,inference_affirm,projected,3,0.53,-0.6915824808904234,-0.3733665229438654,-0.2866832614719327
41,inference_affirm,partial,3,0.52,-0.6918430160724895,-0.24687908864043348,-0.22343954432021673
41,inference_affirm,standard,4,0.5,-0.69303730285124,-0.3558411555403779,-0.4779205777701889
41,inference_affirm,projected,4,0.51,-0.6920874261401013,-0.3558411555403779,-0.4779205777701889
41,inference_affirm,partial,4,0.53,-0.6921243844697481,-0.19354101393416703,-0.19677050696708348
41,inference_affirm,standard,5,0.58,-0.6930405044319676,-0.2026846838838127,-0.2013423419419063
41,inference_affirm,projected,5,0.59,-0.6917301112049898,-0.2026846838838127,-0.2013423419419063
41,inference_affirm,partial,5,0.53,-0.6920349058986922,-0.09905642445449492,-0.24952821222724747
41,inference_affirm,standard,6,0.53,-0.6929506185211457,-0.2598326210690982,-0.22991631053454908
41,inference_affirm,projected,6,0.57,-0.690944605782367,-0.2598326210690982,-0.22991631053454908
41,inference_affirm,partial,6,0.54,-0.6924881590124738,-0.07848316706779213,-0.13924158353389604
41,inference_affirm,standard,7,0.52,-0.692975872574535,-0.3162185857585799,-0.35810929287928994
41,inference_affirm,projected,7,0.51,-0.6915283262941827,-0.29640730086768097,-0.4482036504338405
41,inference_affirm,partial,7,0.52,-0.6928202165996837,-0.1493466091775462,-0.17467330458877306
41,inference_affirm,standard,8,0.53,-0.6929624598731394,-0.3695566604648464,-0.38477833023242325
41,inference_affirm,projected,8,0.52,-0.6916199556281062,-0.3695566604648464,-0.38477833023242325
41,inference_affirm,partial,8,0.5,-0.6934048866166256,-0.15468041664817284,-0.1773402083240864
41,inference_affirm,standard,9,0.54,-0.6929286446406472,-0.33145803567465604,-0.36572901783732803
41,inference_affirm,projected,9,0.51,-0.6914315995937269,-0.3489834030781437,-0.47449170153907183
41,inference_affirm,partial,9,0.49,-0.6928836849257594,-0.14477477420272336,-0.17238738710136164
41,inference_affirm,standard,10,0.55,-0.6928668257639922,-0.3162185857585799,-0.4581092928792899
41,inference_affirm,projected,10,0.52,-0.6904832971014824,-0.323838310716618,-0.46191915535830896
41,inference_affirm,partial,10,0.5,-0.6922668948767269,-0.12191559932860913,-0.16095779966430454
41,inference_affirm,standard,11,0.55,-0.692817812121133,-0.3360298706494789,-0.4680149353247395
41,inference_affirm,projected,11,0.52,-0.6903714813449863,-0.3360298706494789,-0.4680149353247395
41,inference_affirm,partial,11,0.51,-0.6926549615403508,-0.046480322244032236,-0.023240161122016118
41,inference_affirm,standard,12,0.54,-0.6928345059618315,-0.3535552380529665,-0.47677761902648325
41,inference_affirm,projected,12,0.51,-0.6908457088527024,-0.3352678981536751,-0.46763394907683753
41,inference_affirm,partial,12,0.51,-0.6927890130557894,-0.1074381219083368,-0.15371906095416837
41,inference_affirm,standard,13,0.55,-0.6928062400118635,-0.3352678981536751,-0.46763394907683753
41,inference_affirm,projected,13,0.5,-0.6903541725712578,-0.34212565061590944,-0.47106282530795474
41,inference_affirm,partial,13,0.52,-0.6922312924429221,-0.0853409195300264,-0.1426704597650132
41,inference_affirm,standard,14,0.56,-0.6927724994194279,-0.3604129905152007,-0.48020649525760034
41,inference_affirm,projected,14,0.51,-0.6898140125720037,-0.3604129905152007,-0.48020649525760034
41,inference_affirm,partial,14,0.54,-0.6918125017699616,-0.0975324794628873,-0.14876623973144362
41,inference_affirm,standard,15,0.57,-0.6926925376521541,-0.3360298706494789,-0.4680149353247395
41,inference_affirm,projected,15,0.51,-0.6890332705486287,-0.3306960631788523,-0.46534803158942617
41,inference_affirm,partial,15,0.56,-0.691189441811432,-0.12648743430343198,-0.16324371715171598
41,inference_affirm,standard,16,0.58,-0.6926808476531092,-0.3520312930613589,-0.4760156465306794
41,inference_affirm,projected,16,0.5,-0.6886270896859233,-0.3604129905152007,-0.48020649525760034
41,inference_affirm,partial,16,0.57,-0.6907645299461588,-0.13105926927825481,-0.1655296346391274
41,inference_affirm,standard,17,0.57,-0.6926901994383011,-0.3901299178515492,-0.4950649589257746
41,inference_affirm,projected,17,0.51,-0.6892069772820729,-0.3787003304144921,-0.48935016520724606
41,inference_affirm,partial,17,0.56,-0.690813651360621,-0.12420151681602054,-0.16210075840801025
41,inference_affirm,standard,18,0.56,-0.692609382671431,-0.33831578813689034,-0.46915789406844516
41,inference_affirm,projected,18,0.52,-0.6885410771854271,-0.33831578813689034,-0.46915789406844516
41,inference_affirm,partial,18,0.56,-0.6902068825426874,-0.13563110425307767,-0.16781555212653881
41,inference_affirm,standard,19,0.57,-0.6926609849840213,-0.359651018019397,-0.47982550900969845
41,inference_affirm,projected,19,0.51,-0.6888863018641458,-0.36574679798582743,-0.4828733989929137
41,inference_affirm,partial,19,0.57,-0.6905992385680186,-0.1592522516229957,-0.17962612581149784
41,inference_affirm,standard,20,0.57,-0.6927264920666625,-0.3680327154732388,-0.4840163577366194
41,inference_affirm,projected,20,0.51,-0.6891003129087778,-0.3680327154732388,-0.4840163577366194
41,inference_affirm,partial,20,0.54,-0.6914375162816565,-0.2156382163124774,-0.3078191081562387
41,inference_categories,standard,1,0.36,-0.6932336282415796,-0.18058748150550227,-0.29029374075275116
41,inference_categories,projected,1,0.44,-0.6938097986179613,-0.18058748150550227,-0.29029374075275116
41,inference_categories,partial,1,0.42,-0.6938376975435412,-0.13563110425307767,-0.26781555212653885
41,inference_categories,standard,2,0.48,-0.6931841266107531,-0.20801849135443934,-0.30400924567721965
41,inference_categories,projected,2,0.5,-0.6937098472543619,-0.20801849135443934,-0.30400924567721965
41,inference_categories,partial,2,0.5,-0.6939484788636783,-0.18515931648032513,-0.2925796582401626
41,inference_categories,standard,3,0.47,-0.6932074230409649,-0.20954243634604694,-0.4047712181730235
41,inference_categories,projected,3,0.36,-0.6945199812292957,-0.20954243634604694,-0.4047712181730235
41,inference_categories,partial,3,0.35,-0.6949119007914668,-0.15544238914397665,-0.27772119457198835
41,inference_categories,standard,4,0.43,-0.6932565742829783,-0.14401280170691955,-0.37200640085345976
41,inference_categories,projected,4,0.35,-0.6950282541413805,-0.12496348931182437,-0.36248174465591215
41,inference_categories,partial,4,0.37,-0.6952806354628391,-0.1082000944041406,-0.2541000472020703
41,inference_categories,standard,5,0.39,-0.6932599636322101,0.0746733045887731,-0.06266334770561344
41,inference_categories,projected,5,0.29,-0.694697923969421,0.0746733045887731,-0.06266334770561344
41,inference_categories,partial,5,0.27,-0.6952192774265323,0.04876623973144365,-0.27561688013427815
41,inference_categories,standard,6,0.44,-0.6931694919132751,-0.09448458947967209,-0.24724229473983605
41,inference_categories,projected,6,0.46,-0.6938427227816025,-0.09448458947967209,-0.24724229473983605
41,inference_categories,partial,6,0.36,-0.695512862595368,-0.038098624790190355,-0.11904931239509516
41,inference_categories,standard,7,0.43,-0.6931946665176619,-0.19963679390059744,-0.2998183969502987
41,inference_categories,projected,7,0.43,-0.6944222772531755,-0.19963679390059744,-0.2998183969502987
41,inference_categories,partial,7,0.4,-0.6958468076333179,-0.038098624790190355,-0.11904931239509516
41,inference_categories,standard,8,0.47,-0.6931810745779291,-0.19354101393416703,-0.2967705069670835
41,inference_categories,projected,8,0.44,-0.6944871845737935,-0.19354101393416703,-0.2967705069670835
41,inference_categories,partial,8,0.34,-0.6966252272111177,-0.00990564244544949,-0.10495282122272473
41,inference_categories,standard,9,0.49,-0.6931471604671902,-0.2255438587579269,-0.3127719293789635
41,inference_categories,projected,9,0.47,-0.6942755465949629,-0.2255438587579269,-0.3127719293789635
41,inference_categories,partial,9,0.42,-0.6960388334214933,0.017525367403487563,-0.0912373162982562
41,inference_categories,standard,10,0.51,-0.6930852741553375,-0.2384973911865916,-0.31924869559329583
41,inference_categories,projected,10,0.52,-0.6933056097483576,-0.23240161122016115,-0.31620080561008057
41,inference_categories,partial,10,0.43,-0.6954048178403816,0.07391133209296928,0.03695566604648464
41,inference_categories,standard,11,0.53,-0.6931349534635182,-0.22706780374953453,-0.31353390187476726
41,inference_categories,projected,11,0.51,-0.6935018795038588,-0.2148762438166736,-0.3074381219083368
41,inference_categories,partial,11,0.44,-0.6951247550186882,-0.032764817319563704,-0.11638240865978183
41,inference_categories,standard,12,0.54,-0.693118634640513,-0.07695922207618452,-0.2384796110380923
41,inference_categories,projected,12,0.55,-0.6930985128730817,-0.041908487269209385,-0.2209542436346047
41,inference_categories,partial,12,0.42,-0.6947000620165023,0.07924513956359593,-0.060377430218202015
41,inference_categories,standard,13,0.54,-0.6931471017712583,-0.10972403939574822,-0.15486201969787408
41,inference_categories,projected,13,0.5,-0.6936507430155732,-0.11124798438735584,-0.1556239921936779
41,inference_categories,partial,13,0.36,-0.6954865019207341,0.0861028920258302,-0.05694855398708488
41,inference_categories,standard,14,0.52,-0.6931133713049523,0.00990564244544949,0.004952821222724745
41,inference_categories,projected,14,0.53,-0.693134483427191,0.03886059728599416,0.01943029864299708
41,inference_categories,partial,14,0.35,-0.695014405003971,0.06019582716850077,-0.16990208641574964
41,inference_categories,standard,15,0.43,-0.6931944808182234,0.09067472700065304,-0.054662636499673456
41,inference_categories,projected,15,0.35,-0.6940878864518483,0.09067472700065304,-0.054662636499673456
41,inference_categories,partial,15,0.29,-0.6960758514504812,0.18820720646354036,-0.2058963967682298
41,inference_categories,standard,16,0.41,-0.693183058818278,0.280405878455801,0.040202939227900525
41,inference_categories,projected,16,0.38,-0.6937052942888868,0.280405878455801,0.040202939227900525
41,inference_categories,partial,16,0.31,-0.6958273272869474,0.19277904143836322,-0.1036104792808184
41,inference_categories,standard,17,0.44,-0.6931739209021935,0.43432432260817005,0.11716216130408505
41,inference_categories,projected,17,0.53,-0.6931648012502392,0.4122271202298597,0.10611356011492987
41,inference_categories,partial,17,0.35,-0.6957005172801142,0.28192982344740863,0.04096491172370434
41,inference_categories,standard,18,0.56,-0.6930916689001825,0.42137079017950535,0.3106853950897527
41,inference_categories,projected,18,0.62,-0.6922883210049746,0.42137079017950535,0.3106853950897527
41,inference_categories,partial,18,0.37,-0.6949097386489456,0.2727861534977629,0.03639307674888148
41,inference_categories,standard,19,0.57,-0.6930396253876306,0.280405878455801,0.1402029392279005
41,inference_categories,projected,19,0.65,-0.6918693628237136,0.2857396859264277,0.14286984296321384
41,inference_categories,partial,19,0.38,-0.6944082081418358,0.20116073889220507,0.10058036944610253
41,inference_categories,standard,20,0.57,-0.6929737124599262,0.044194404756620814,0.12209720237831038
41,inference_categories,projected,20,0.58,-0.691513255843728,0.09067472700065304,0.1453373635003265
41,inference_categories,partial,20,0.5,-0.693640795570839,0.21792413379988884,0.2089620668999444
42,choice_only,standard,1,0.4,-0.6931616872418602,0.08224349026695353,-0.35887825486652325
42,choice_only,projected,1,0.32,-0.6937619843275887,0.08224349026695353,-0.35887825486652325
42,choice_only,partial,1,0.32,-0.6937619843275887,0.08224349026695353,-0.35887825486652325
42,choice_only,standard,2,0.44,-0.6931933297505601,0.07982456408263137,-0.36008771795868433
42,choice_only,projected,2,0.33,-0.6951933240956203,0.07982456408263137,-0.36008771795868433
42,choice_only,partial,2,0.33,-0.6951933240956203,0.07982456408263137,-0.36008771795868433
42,choice_only,standard,3,0.57,-0.6931022105164467,0.05563530223940976,-0.37218234888029517
42,choice_only,projected,3,0.46,-0.69351723479137,0.05563530223940976,-0.37218234888029517
42,choice_only,partial,3,0.46,-0.69351723479137,0.05563530223940976,-0.37218234888029517
42,choice_only,standard,4,0.45,-0.6931800770977453,0.08224349026695353,-0.4588782548665232
42,choice_only,projected,4,0.41,-0.6950272344248587,0.08224349026695353,-0.4588782548665232
42,choice_only,partial,4,0.41,-0.6950272344248587,0.08224349026695353,-0.4588782548665232
42,choice_only,standard,5,0.44,-0.6932767361634847,0.03144604039618812,-0.4842769798019059
42,choice_only,projected,5,0.35,-0.695928008108784,0.03144604039618812,-0.4842769798019059
42,choice_only,partial,5,0.35,-0.695928008108784,0.03144604039618812,-0.4842769798019059
42,choice_only,standard,6,0.49,-0.6931930087630553,-0.01693248329025514,-0.5084662416451275
42,choice_only,projected,6,0.35,-0.6945652929220654,-0.01693248329025514,-0.5084662416451275
42,choice_only,partial,6,0.35,-0.6945652929220654,-0.01693248329025514,-0.5084662416451275
42,choice_only,standard,7,0.55,-0.6931178054290192,0.08708134263559787,-0.3564593286822011
42,choice_only,projected,7,0.55,-0.6929040944456645,0.11127060447881952,-0.34436469776059025
42,choice_only,partial,7,0.55,-0.6929040944456645,0.11127060447881952,-0.34436469776059025
42,choice_only,standard,8,0.6,-0.6930663927529165,0.1378787925063633,-0.33106060374681834
42,choice_only,projected,8,0.64,-0.692044425974753,0.1378787925063633,-0.33106060374681834
42,choice_only,partial,8,0.64,-0.692044425974753,0.1378787925063633,-0.33106060374681834
42,choice_only,standard,9,0.57,-0.693072087268389,0.11368953066314166,-0.3431552346684292
42,choice_only,projected,9,0.61,-0.6918167964165356,0.11368953066314166,-0.3431552346684292
42,choice_only,partial,9,0.61,-0.6918167964165356,0.11368953066314166,-0.3431552346684292
42,choice_only,standard,10,0.59,-0.692976176979066,0.1378787925063633,-0.33106060374681834
42,choice_only,projected,10,0.63,-0.690723262029563,0.16206805434958493,-0.31896597282520756
42,choice_only,partial,10,0.63,-0.690723262029563,0.16206805434958493,-0.31896597282520756
42,choice_only,standard,11,0.61,-0.6928710684796368,0.23221691369492767,-0.18389154315253614
42,choice_only,projected,11,0.63,-0.689106608782956,0.25398724935382716,-0.1730063753230864
42,choice_only,partial,11,0.63,-0.689106608782956,0.25398724935382716,-0.1730063753230864
42,choice_only,standard,12,0.6,-0.6927716226072345,0.2346358398792498,-0.1826820800603751
42,choice_only,projected,12,0.64,-0.6872675608409451,0.2346358398792498,-0.1826820800603751
42,choice_only,partial,12,0.64,-0.6872675608409451,0.2346358398792498,-0.1826820800603751
42,choice_only,standard,13,0.57,-0.6928725928007285,0.20560872566738386,-0.2971956371663081
42,choice_only,projected,13,0.61,-0.6892815522619767,0.20560872566738386,-0.2971956371663081
42,choice_only,partial,13,0.61,-0.6892815522619767,0.20560872566738386,-0.2971956371663081
42,choice_only,standard,14,0.56,-0.6930190522470645,0.00725677855296649,-0.3963716107235168
42,choice_only,projected,14,0.58,-0.6916941885950691,0.00725677855296649,-0.3963716107235168
42,choice_only,partial,14,0.58,-0.6916941885950691,0.00725677855296649,-0.3963716107235168
42,choice_only,standard,15,0.55,-0.6930421789638119,0.00725677855296649,-0.3963716107235168
42,choice_only,projected,15,0.54,-0.6919540366676613,0.00725677855296649,-0.3963716107235168
42,choice_only,partial,15,0.54,-0.6919540366676613,0.00725677855296649,-0.3963716107235168
42,choice_only,standard,16,0.57,-0.6930706490465343,0.05563530223940976,-0.37218234888029517
42,choice_only,projected,16,0.55,-0.6921236676079725,0.05563530223940976,-0.37218234888029517
42,choice_only,partial,16,0.55,-0.6921236676079725,0.05563530223940976,-0.37218234888029517
42,choice_only,standard,17,0.54,-0.69312215137255,0.05805422842373192,-0.27097288578813405
42,choice_only,projected,17,0.51,-0.6927359506298114,0.05805422842373192,-0.27097288578813405
42,choice_only,partial,17,0.51,-0.6927359506298114,0.05805422842373192,-0.27097288578813405
42,choice_only,standard,18,0.58,-0.6930468607624928,0.07982456408263137,-0.2600877179586843
42,choice_only,projected,18,0.56,-0.691610959621531,0.07982456408263137,-0.2600877179586843
42,choice_only,partial,18,0.56,-0.691610959621531,0.07982456408263137,-0.2600877179586843
42,choice_only,standard,19,0.61,-0.6929625307852294,0.07982456408263137,-0.2600877179586843
42,choice_only,projected,19,0.61,-0.6902658614607557,0.07982456408263137,-0.2600877179586843
42,choice_only,partial,19,0.61,-0.6902658614607557,0.07982456408263137,-0.2600877179586843
42,choice_only,standard,20,0.63,-0.6928315479421775,0.14755449724365197,-0.226222751378174
42,choice_only,projected,20,0.6,-0.6881122490695796,0.12578416158475247,-0.23710791920762375
42,choice_only,partial,20,0.6,-0.6881122490695796,0.12578416158475247,-0.23710791920762375
42,inference_affirm,standard,1,0.4,-0.6931616872418602,0.08224349026695353,-0.35887825486652325
42,inference_affirm,projected,1,0.32,-0.6937619843275887,0.08224349026695353,-0.35887825486652325
42,inference_affirm,partial,1,0.4,-0.693450716374191,0.08224349026695353,-0.35887825486652325
42,inference_affirm,standard,2,0.44,-0.6931933297505601,0.07982456408263137,-0.36008771795868433
42,inference_affirm,projected,2,0.33,-0.6951933240956203,0.07982456408263137,-0.36008771795868433
42,inference_affirm,partial,2,0.39,-0.6937567279197968,0.00725677855296649,-0.3963716107235168
42,inference_affirm,standard,3,0.57,-0.6931022105164467,0.05563530223940976,-0.37218234888029517
42,inference_affirm,projected,3,0.46,-0.69351723479137,0.05563530223940976,-0.37218234888029517
42,inference_affirm,partial,3,0.49,-0.6929507562767165,0.07498671171398706,-0.3625066441430065
42,inference_affirm,standard,4,0.56,-0.6930248051517677,0.14271664487500763,-0.3286416775624962
42,inference_affirm,projected,4,0.6,-0.6920646537538544,0.14271664487500763,-0.3286416775624962
42,inference_affirm,partial,4,0.5,-0.6936856851938298,-0.44750134409960013,-0.7237506720498
42,inference_affirm,standard,5,0.64,-0.6929280152063171,0.28543328975001525,-0.15728335512499236
42,inference_affirm,projected,5,0.63,-0.691167790542174,0.28543328975001525,-0.15728335512499236
42,inference_affirm,partial,5,0.52,-0.6931462558968218,-0.4692716797584996,-0.7346358398792499
42,inference_affirm,standard,6,0.65,-0.6928447171147027,0.3483253705423915,-0.12583731472880424
42,inference_affirm,projected,6,0.63,-0.6898949621180644,0.3483253705423915,-0.12583731472880424
42,inference_affirm,partial,6,0.54,-0.6929919198936264,-0.3338118134364585,-0.6669059067182292
42,inference_affirm,standard,7,0.64,-0.6927698932831585,0.38702818949154605,-0.10648590525422696
42,inference_affirm,projected,7,0.64,-0.6883370757110139,0.38702818949154605,-0.10648590525422696
42,inference_affirm,partial,7,0.52,-0.6922052076886628,-0.29510899448730393,-0.647554497243652
42,inference_affirm,standard,8,0.63,-0.692718619054385,0.3894471156758682,-0.10527644216206589
42,inference_affirm,projected,8,0.65,-0.6875138351853753,0.3894471156758682,-0.10527644216206589
42,inference_affirm,partial,8,0.55,-0.6913563064323097,-0.1838383900084844,-0.5919191950042422
42,inference_affirm,standard,9,0.6,-0.6927246017060666,0.3168793301462034,-0.1415603349268983
42,inference_affirm,projected,9,0.63,-0.6873351506094402,0.3168793301462034,-0.1415603349268983
42,inference_affirm,partial,9,0.52,-0.691894642942329,-0.22496013514196114,-0.6124800675709806
42,inference_affirm,standard,10,0.62,-0.6926290593836343,0.3192982563305255,-0.14035087183473724
42,inference_affirm,projected,10,0.65,-0.6863033851386023,0.3192982563305255,-0.14035087183473724
42,inference_affirm,partial,10,0.53,-0.6908548418237613,-0.0919191950042422,-0.4459595975021211
42,inference_affirm,standard,11,0.6,-0.6927340939571436,0.29510899448730393,-0.15244550275634802
42,inference_affirm,projected,11,0.62,-0.6879116536891309,0.2733386588284044,-0.16333067058579778
42,inference_affirm,partial,11,0.5,-0.6924913822128554,-0.14029771869068547,-0.4701488593453428
42,inference_affirm,standard,12,0.6,-0.6926349572330919,0.29510899448730393,-0.15244550275634802
42,inference_affirm,projected,12,0.64,-0.6861365321594255,0.29510899448730393,-0.15244550275634802
42,inference_affirm,partial,12,0.55,-0.6911713799140924,-0.048378523686443256,-0.42418926184322164
42,inference_affirm,standard,13,0.64,-0.6925343541352756,0.2757575850127266,-0.16212120749363668
42,inference_affirm,projected,13,0.65,-0.6842118484595945,0.29752792067162603,-0.15123603966418697
42,inference_affirm,partial,13,0.56,-0.6902353990748575,-0.0991759735572087,-0.44958798677860434
42,inference_affirm,standard,14,0.61,-0.6926806160238478,0.29510899448730393,-0.15244550275634802
42,inference_affirm,projected,14,0.63,-0.6865884776693845,0.2733386588284044,-0.16333067058579778
42,inference_affirm,partial,14,0.55,-0.6907931018406953,-0.14271664487500763,-0.47135832243750386
42,inference_affirm,standard,15,0.63,-0.6926576766610256,0.3217171825148477,-0.13914140874257613
42,inference_affirm,projected,15,0.63,-0.6863447260993607,0.3434875181737471,-0.12825624091312643
42,inference_affirm,partial,15,0.55,-0.6904396022775523,-0.12094630921610816,-0.4604731546080541
42,inference_affirm,standard,16,0.63,-0.6926857796904038,0.29994684685594825,-0.15002657657202587
42,inference_affirm,projected,16,0.65,-0.6864760528189283,0.34590644435806933,-0.12704677782096532
42,inference_affirm,partial,16,0.55,-0.6909216996978141,-0.12094630921610816,-0.4604731546080541
42,inference_affirm,standard,17,0.61,-0.6927370255556844,0.28059543738137094,-0.15970228130931452
42,inference_affirm,projected,17,0.64,-0.6870498843657491,0.28059543738137094,-0.15970228130931452
42,inference_affirm,partial,17,0.54,-0.691060127499282,-0.0991759735572087,-0.44958798677860434
42,inference_affirm,standard,18,0.59,-0.692662281028871,0.23221691369492767,-0.18389154315253614
42,inference_affirm,projected,18,0.62,-0.6859994001065752,0.23221691369492767,-0.18389154315253614
42,inference_affirm,partial,18,0.56,-0.6897021998039169,-0.07498671171398706,-0.43749335585699356
42,inference_affirm,standard,19,0.62,-0.6925781416763861,0.326555034883492,-0.13672248255825398
42,inference_affirm,projected,19,0.64,-0.6847017716414981,0.326555034883492,-0.13672248255825398
42,inference_affirm,partial,19,0.58,-0.6886652315300579,-0.0991759735572087,-0.44958798677860434
42,inference_affirm,standard,20,0.65,-0.6924479065910638,0.3023657730402704,-0.1488171134798648
42,inference_affirm,projected,20,0.66,-0.6826831336917637,0.32413610869916987,-0.13793194565041506
42,inference_affirm,partial,20,0.59,-0.6869324877235311,-0.07498671171398706,-0.43749335585699356
42,inference_categories,standard,1,0.4,-0.6931616872418602,0.08224349026695353,-0.35887825486652325
42,inference_categories,projected,1,0.32,-0.6937619843275887,0.08224349026695353,-0.35887825486652325
42,inference_categories,partial,1,0.5,-0.6930892454109403,0.08224349026695353,-0.35887825486652325
42,inference_categories,standard,2,0.52,-0.6931302055092158,0.15481127579661844,-0.3225943621016908
42,inference_categories,projected,2,0.58,-0.6923481055915666,0.15481127579661844,-0.3225943621016908
42,inference_categories,partial,2,0.58,-0.6921427427001658,0.17900053763984008,-0.21049973118007995
42,inference_categories,standard,3,0.59,-0.6930393198406639,0.13062201395339681,-0.33468899302330163
42,inference_categories,projected,3,0.64,-0.690729114062244,0.13062201395339681,-0.33468899302330163
42,inference_categories,partial,3,0.66,-0.691374421408883,0.29027114211865956,-0.25486442894067024
42,inference_categories,standard,4,0.5,-0.693116915641958,0.13062201395339681,-0.33468899302330163
42,inference_categories,projected,4,0.61,-0.6922007516022589,0.13062201395339681,-0.33468899302330163
42,inference_categories,partial,4,0.8,-0.6904306531869405,0.4813663106801105,-0.059316844659944745
42,inference_categories,standard,5,0.6,-0.6930203631100719,0.13062201395339681,-0.33468899302330163
42,inference_categories,projected,5,0.69,-0.6913253061640526,0.15481127579661844,-0.3225943621016908
42,inference_categories,partial,5,0.77,-0.6900627490811584,0.35074429672671364,-0.12462785163664317
42,inference_categories,standard,6,0.68,-0.692936845060744,0.23947369224789417,-0.28026315387605294
42,inference_categories,projected,6,0.75,-0.6900157937283282,0.23947369224789417,-0.28026315387605294
42,inference_categories,partial,6,0.76,-0.6895290550015415,0.44024456554663366,-0.07987771722668316
42,inference_categories,standard,7,0.69,-0.6928619480253309,0.16932483290255143,-0.3153375835487243
42,inference_categories,projected,7,0.7,-0.6884457785396617,0.19351409474577302,-0.30324295262711354
42,inference_categories,partial,7,0.69,-0.688575885717313,0.29027114211865956,-0.25486442894067024
42,inference_categories,standard,8,0.7,-0.6928105927080459,0.23705476606357198,-0.281472616968214
42,inference_categories,projected,8,0.71,-0.6876058683649121,0.23705476606357198,-0.281472616968214
42,inference_categories,partial,8,0.71,-0.6877196749026117,0.384609263307224,-0.10769536834638799
42,inference_categories,standard,9,0.68,-0.6928163294827125,0.19351409474577302,-0.30324295262711354
42,inference_categories,projected,9,0.67,-0.6873996272811764,0.19351409474577302,-0.30324295262711354
42,inference_categories,partial,9,0.7,-0.6882226977946231,0.3168793301462034,-0.1415603349268983
42,inference_categories,standard,10,0.71,-0.6927205620080182,0.2346358398792498,-0.2826820800603751
42,inference_categories,projected,10,0.69,-0.6863382150025668,0.2346358398792498,-0.2826820800603751
42,inference_categories,partial,10,0.71,-0.6872134597943054,0.2757575850127266,-0.16212120749363668
42,inference_categories,standard,11,0.71,-0.6926158538455433,0.14755449724365197,-0.326222751378174
42,inference_categories,projected,11,0.71,-0.6848212796241804,0.14755449724365197,-0.326222751378174
42,inference_categories,partial,11,0.7,-0.6873147720933188,0.3023657730402704,-0.1488171134798648
42,inference_categories,standard,12,0.7,-0.6925166241572319,0.10401382592585301,-0.34799308703707355
42,inference_categories,projected,12,0.68,-0.6830682176128634,0.12820308776907463,-0.3358984561154627
42,inference_categories,partial,12,0.7,-0.685933438854643,0.23705476606357198,-0.18147261696821398
42,inference_categories,standard,13,0.68,-0.6924162619795646,0.14755449724365197,-0.326222751378174
42,inference_categories,projected,13,0.68,-0.6812235706793385,0.14755449724365197,-0.326222751378174
42,inference_categories,partial,13,0.69,-0.684891737601859,0.1838383900084844,-0.30808080499575785
42,inference_categories,standard,14,0.67,-0.6925625431526857,0.17416268527119574,-0.31291865736440216
42,inference_categories,projected,14,0.68,-0.683584964806675,0.17416268527119574,-0.31291865736440216
42,inference_categories,partial,14,0.67,-0.6859187706380176,0.09433812118856436,-0.35283093940571786
42,inference_categories,standard,15,0.69,-0.6925855335161606,0.2636629540911158,-0.26816852295444216
42,inference_categories,projected,15,0.71,-0.6838219224211142,0.2636629540911158,-0.26816852295444216
42,inference_categories,partial,15,0.67,-0.6865300486995862,0.07498671171398706,-0.3625066441430065
42,inference_categories,standard,16,0.7,-0.6925574994239737,0.2128655042203504,-0.2935672478898248
42,inference_categories,projected,16,0.69,-0.6837066933513892,0.23705476606357198,-0.281472616968214
42,inference_categories,partial,16,0.7,-0.685602953444906,0.19109516856145092,-0.20445241571927453
42,inference_categories,standard,17,0.66,-0.6925065000591323,0.16932483290255143,-0.3153375835487243
42,inference_categories,projected,17,0.69,-0.6831753533852459,0.14755449724365197,-0.326222751378174
42,inference_categories,partial,17,0.69,-0.685594641870515,0.16932483290255143,-0.3153375835487243
42,inference_categories,standard,18,0.64,-0.692431846078587,0.14755449724365197,-0.326222751378174
42,inference_categories,projected,18,0.67,-0.6821639684650853,0.14755449724365197,-0.326222751378174
42,inference_categories,partial,18,0.68,-0.6846324497583418,0.12336523540043032,-0.33831738229978486
42,inference_categories,standard,19,0.62,-0.6925159153768259,0.12820308776907463,-0.3358984561154627
42,inference_categories,projected,19,0.66,-0.6834486789362145,0.12820308776907463,-0.3358984561154627
42,inference_categories,partial,19,0.67,-0.6849681192995591,0.17416268527119574,-0.31291865736440216
42,inference_categories,standard,20,0.65,-0.6923859432833877,0.1959330209300952,-0.3020334895349524
42,inference_categories,projected,20,0.67,-0.6814947178776569,0.22012228277331683,-0.2899388586133416
42,inference_categories,partial,20,0.66,-0.6831579232478,0.17416268527119574,-0.31291865736440216
43,choice_only,standard,1,0.43,-0.6931987990458158,-0.20706836603658557,-0.6035341830182928
43,choice_only,projected,1,0.39,-0.6938128923201775,-0.20706836603658557,-0.6035341830182928
43,choice_only,partial,1,0.39,-0.6938128923201775,-0.20706836603658557,-0.6035341830182928
43,choice_only,standard,2,0.38,-0.6932387044310439,-0.30296478145516825,-0.4514823907275841
43,choice_only,projected,2,0.23,-0.6946258946864546,-0.30296478145516825,-0.4514823907275841
43,choice_only,partial,2,0.23,-0.6946258946864546,-0.30296478145516825,-0.4514823907275841
43,choice_only,standard,3,0.47,-0.6931573476903182,-0.2961756546998704,-0.5480878273499352
43,choice_only,projected,3,0.42,-0.6935511346447908,-0.2961756546998704,-0.5480878273499352
43,choice_only,partial,3,0.42,-0.6935511346447908,-0.2961756546998704,-0.5480878273499352
43,choice_only,standard,4,0.49,-0.6930545282111524,-0.05770757742003205,-0.42885378871001606
43,choice_only,projected,4,0.55,-0.6918224525372737,-0.07043719008621559,-0.43521859504310784
43,choice_only,partial,4,0.55,-0.6918224525372737,-0.07043719008621559,-0.43521859504310784
43,choice_only,standard,5,0.49,-0.6931331653594565,-0.212160211103059,-0.4060801055515295
43,choice_only,projected,5,0.51,-0.6926402582100295,-0.21725205616953241,-0.4086260280847662
43,choice_only,partial,5,0.51,-0.6926402582100295,-0.21725205616953241,-0.4086260280847662
43,choice_only,standard,6,0.56,-0.6929832360441678,0.09335049288534596,-0.35332475355732706
43,choice_only,projected,6,0.64,-0.6903368122989305,0.09335049288534596,-0.35332475355732706
43,choice_only,partial,6,0.64,-0.6903368122989305,0.09335049288534596,-0.35332475355732706
43,choice_only,standard,7,0.55,-0.6930088043025583,0.005091845066473416,-0.4974540774667633
43,choice_only,projected,7,0.57,-0.6914455736092954,0.0,-0.5
43,choice_only,partial,7,0.57,-0.6914455736092954,0.0,-0.5
43,choice_only,standard,8,0.61,-0.6928444961593379,0.0941991337297582,-0.35290043313512093
43,choice_only,projected,8,0.68,-0.6888824742631168,0.0941991337297582,-0.35290043313512093
43,choice_only,partial,8,0.68,-0.6888824742631168,0.0941991337297582,-0.35290043313512093
43,choice_only,standard,9,0.6,-0.6926471357627888,0.17397137310450836,-0.2130143134477458
43,choice_only,projected,9,0.69,-0.6857683288048464,0.17397137310450836,-0.2130143134477458
43,choice_only,partial,9,0.69,-0.6857683288048464,0.17397137310450836,-0.2130143134477458
43,choice_only,standard,10,0.59,-0.6927237981325584,0.08910728866328478,-0.2554463556683576
43,choice_only,projected,10,0.67,-0.6870517837331173,0.08910728866328478,-0.2554463556683576
43,choice_only,partial,10,0.67,-0.6870517837331173,0.08910728866328478,-0.2554463556683576
43,choice_only,standard,11,0.6,-0.6926983014307289,0.11711243652888856,-0.2414437817355557
43,choice_only,projected,11,0.61,-0.6874983801506697,0.11711243652888856,-0.2414437817355557
43,choice_only,partial,11,0.61,-0.6874983801506697,0.11711243652888856,-0.2414437817355557
43,choice_only,standard,12,0.57,-0.692768503758712,0.09589641541858267,-0.3520517922907087
43,choice_only,projected,12,0.58,-0.6882788711194303,0.09589641541858267,-0.3520517922907087
43,choice_only,partial,12,0.58,-0.6882788711194303,0.09589641541858267,-0.3520517922907087
43,choice_only,standard,13,0.57,-0.6927140058919208,0.12135564075094976,-0.23932217962452512
43,choice_only,projected,13,0.59,-0.68770126451682,0.12135564075094976,-0.23932217962452512
43,choice_only,partial,13,0.59,-0.68770126451682,0.12135564075094976,-0.23932217962452512
43,choice_only,standard,14,0.6,-0.6924852911535592,0.1875496266151042,-0.20622518669244788
43,choice_only,projected,14,0.67,-0.6843286097204989,0.1875496266151042,-0.20622518669244788
43,choice_only,partial,14,0.67,-0.6843286097204989,0.1875496266151042,-0.20622518669244788
43,choice_only,standard,15,0.62,-0.6922968522919883,0.14766350692772906,-0.22616824653613546
43,choice_only,projected,15,0.68,-0.6817582100904208,0.17312273226009614,-0.21343863386995193
43,choice_only,partial,15,0.68,-0.6817582100904208,0.17312273226009614,-0.21343863386995193
43,choice_only,standard,16,0.6,-0.6923102353803643,0.16039311959391261,-0.21980344020304368
43,choice_only,projected,16,0.66,-0.6822386316266319,0.18585234492627967,-0.20707382753686016
43,choice_only,partial,16,0.66,-0.6822386316266319,0.18585234492627967,-0.20707382753686016
43,choice_only,standard,17,0.61,-0.6920740524544109,0.2002792392812877,-0.19986038035935613
43,choice_only,projected,17,0.68,-0.6791608050238155,0.2002792392812877,-0.19986038035935613
43,choice_only,partial,17,0.68,-0.6791608050238155,0.2002792392812877,-0.19986038035935613
43,choice_only,standard,18,0.62,-0.6919201883095448,0.17651729563774507,-0.21174135218112744
43,choice_only,projected,18,0.69,-0.677146660051059,0.2002792392812877,-0.19986038035935613
43,choice_only,partial,18,0.69,-0.677146660051059,0.2002792392812877,-0.19986038035935613
43,choice_only,standard,19,0.66,-0.6918575838900969,0.22658710545806704,-0.18670644727096647
43,choice_only,projected,19,0.7,-0.6758915232753223,0.22658710545806704,-0.18670644727096647
43,choice_only,partial,19,0.7,-0.6758915232753223,0.22658710545806704,-0.18670644727096647
43,choice_only,standard,20,0.64,-0.6918574830986729,0.197733316748051,-0.2011333416259745
43,choice_only,projected,20,0.69,-0.6759837728002661,0.197733316748051,-0.2011333416259745
43,choice_only,partial,20,0.69,-0.6759837728002661,0.197733316748051,-0.2011333416259745
43,inference_affirm,standard,1,0.43,-0.6931987990458158,-0.20706836603658557,-0.6035341830182928
43,inference_affirm,projected,1,0.39,-0.6938128923201775,-0.20706836603658557,-0.6035341830182928
43,inference_affirm,partial,1,0.54,-0.6927057073496049,-0.19271393415232968,-0.39635696707616486
43,inference_affirm,standard,2,0.38,-0.6932387044310439,-0.30296478145516825,-0.4514823907275841
43,inference_affirm,projected,2,0.23,-0.6946258946864546,-0.30296478145516825,-0.4514823907275841
43,inference_affirm,partial,2,0.45,-0.6934100043151677,-0.2910838096333969,-0.4455419048166984
43,inference_affirm,standard,3,0.47,-0.6931573476903182,-0.2961756546998704,-0.5480878273499352
43,inference_affirm,projected,3,0.42,-0.6935511346447908,-0.2961756546998704,-0.5480878273499352
43,inference_affirm,partial,3,0.5,-0.6922232783481951,-0.20621972519217335,-0.40310986259608667
43,inference_affirm,standard,4,0.49,-0.6930545282111524,-0.05770757742003205,-0.42885378871001606
43,inference_affirm,projected,4,0.55,-0.6918224525372737,-0.07043719008621559,-0.43521859504310784
43,inference_affirm,partial,4,0.6,-0.6909494936293826,-0.06873990839739111,-0.33436995419869553
43,inference_affirm,standard,5,0.49,-0.6931331653594565,-0.212160211103059,-0.4060801055515295
43,inference_affirm,projected,5,0.51,-0.6926402582100295,-0.21725205616953241,-0.4086260280847662
43,inference_affirm,partial,5,0.6,-0.6911277551290036,-0.21385749279188349,-0.5069287463959418
43,inference_affirm,standard,6,0.56,-0.6929832360441678,0.09335049288534596,-0.35332475355732706
43,inference_affirm,projected,6,0.64,-0.6903368122989305,0.09335049288534596,-0.35332475355732706
43,inference_affirm,partial,6,0.69,-0.6883941959123571,0.2503490491016096,-0.2748254754491952
43,inference_affirm,standard,7,0.58,-0.6929577371956478,0.0636480633309177,-0.3681759683345412
43,inference_affirm,projected,7,0.66,-0.6892429673120202,0.0636480633309177,-0.3681759683345412
43,inference_affirm,partial,7,0.67,-0.6878413364203421,0.22488982376924255,-0.2875550881153788
43,inference_affirm,standard,8,0.59,-0.6927934489797962,0.11371787315123963,-0.2431410634243802
43,inference_affirm,projected,8,0.72,-0.6867033152087367,0.11371787315123963,-0.2431410634243802
43,inference_affirm,partial,8,0.74,-0.6854234423245211,0.38528294336315516,-0.10735852831842241
43,inference_affirm,standard,9,0.54,-0.692991483269619,-0.011032330977359067,-0.30551616548867955
43,inference_affirm,projected,9,0.68,-0.6899331598161793,-0.022064661954718134,-0.31103233097735905
43,inference_affirm,partial,9,0.73,-0.6871083603102671,0.08062088021916243,-0.3596895598904188
43,inference_affirm,standard,10,0.6,-0.6929148592109641,0.04497796475384851,-0.17751101762307575
43,inference_affirm,projected,10,0.7,-0.6886510449553946,0.04497796475384851,-0.17751101762307575
43,inference_affirm,partial,10,0.77,-0.6861535991221441,0.2130088519474712,-0.19349557402626438
43,inference_affirm,standard,11,0.58,-0.6928892797609791,0.10098826048505607,-0.349505869757472
43,inference_affirm,projected,11,0.63,-0.6890961498229191,0.10098826048505607,-0.349505869757472
43,inference_affirm,partial,11,0.72,-0.6855041676178406,0.2096142885698223,-0.19519285571508882
43,inference_affirm,standard,12,0.52,-0.6929594533875242,0.08910728866328478,-0.35544635566835764
43,inference_affirm,projected,12,0.57,-0.6898782413290686,0.07468039430827678,-0.36265980284586163
43,inference_affirm,partial,12,0.72,-0.6858841417676487,0.24950040825719738,-0.07524979587140132
43,inference_affirm,standard,13,0.55,-0.6929049596124344,0.09929097879623162,-0.3503545106018842
43,inference_affirm,projected,13,0.61,-0.6892993716848342,0.09929097879623162,-0.3503545106018842
43,inference_affirm,partial,13,0.73,-0.6858072827734121,0.1485121477721413,-0.22574392611392935
43,inference_affirm,standard,14,0.49,-0.693134602085812,0.05516165488679534,-0.37241917255660234
43,inference_affirm,projected,14,0.49,-0.69280114540391,0.05516165488679534,-0.37241917255660234
43,inference_affirm,partial,14,0.67,-0.688098782073585,0.212160211103059,-0.29391989444847055
43,inference_affirm,standard,15,0.55,-0.6929453542308767,0.059404859108856525,-0.47029757044557174
43,inference_affirm,projected,15,0.56,-0.6901083319805454,0.059404859108856525,-0.47029757044557174
43,inference_affirm,partial,15,0.71,-0.6852647916399865,0.19688467590363873,-0.20155766204818062
43,inference_affirm,standard,16,0.53,-0.6929586327411406,0.05855621826444428,-0.4707218908677779
43,inference_affirm,projected,16,0.56,-0.6905907884835242,0.06025349995326875,-0.4698732500233656
43,inference_affirm,partial,16,0.69,-0.6854421174437264,0.2639273026122054,-0.1680363486938973
43,inference_affirm,standard,17,0.56,-0.6927212130221407,0.1697281688824472,-0.3151359155587764
43,inference_affirm,projected,17,0.6,-0.6873472703944395,0.1697281688824472,-0.3151359155587764
43,inference_affirm,partial,17,0.7,-0.686423055123432,0.15614991537185144,-0.22192504231407428
43,inference_affirm,standard,18,0.6,-0.6925668364913404,0.1553012745274392,-0.32234936273628045
43,inference_affirm,projected,18,0.62,-0.6852392493840209,0.1553012745274392,-0.32234936273628045
43,inference_affirm,partial,18,0.65,-0.687548287265415,0.25883545754573195,-0.170582271227134
43,inference_affirm,standard,19,0.55,-0.6926293958947847,0.1391770984836067,-0.33041145075819667
43,inference_affirm,projected,19,0.6,-0.6864975901667987,0.1391770984836067,-0.33041145075819667
43,inference_affirm,partial,19,0.64,-0.6886775706731072,0.255440894168083,-0.17227955291595848
43,inference_affirm,standard,20,0.59,-0.6926295458760297,0.16463632381597376,-0.3176818380920131
43,inference_affirm,projected,20,0.59,-0.6864080754302736,0.16124176043832486,-0.3193791197808376
43,inference_affirm,partial,20,0.63,-0.6888631251255517,0.28429468287809906,-0.15785265856095046
43,inference_categories,standard,1,0.57,-0.6930956427576176,0.20706836603658557,-0.1964658169817072
43,inference_categories,projected,1,0.61,-0.6924857745179045,0.20706836603658557,-0.1964658169817072
43,inference_categories,partial,1,0.55,-0.6930667152718906,0.2359221547466016,-0.0820389226266992
43,inference_categories,standard,2,0.51,-0.6931356192826397,0.1272961266618354,-0.3363519366690823
43,inference_categories,projected,2,0.49,-0.6932997730356374,0.1272961266618354,-0.3363519366690823
43,inference_categories,partial,2,0.46,-0.6938041741341806,0.165484964660386,-0.11725751766980701
43,inference_categories,standard,3,0.64,-0.6930539134444867,0.014426894355008012,-0.392786552822496
43,inference_categories,projected,3,0.67,-0.6922042673461323,0.014426894355008012,-0.392786552822496
43,inference_categories,partial,3,0.54,-0.6929040781834723,0.07043719008621559,-0.2647814049568922
43,inference_categories,standard,4,0.48,-0.6931567619655549,-0.2927810913222214,-0.5463905456611107
43,inference_categories,projected,4,0.3,-0.6939351124863162,-0.2927810913222214,-0.5463905456611107
43,inference_categories,partial,4,0.42,-0.6938955362489321,-0.18245778154863077,-0.3912288907743154
43,inference_categories,standard,5,0.53,-0.6930780865249859,-0.197733316748051,-0.49886665837402555
43,inference_categories,projected,5,0.49,-0.693113475526937,-0.197733316748051,-0.49886665837402555
43,inference_categories,partial,5,0.47,-0.6930063401163111,-0.14342030270566788,-0.3717101513528339
43,inference_categories,standard,6,0.63,-0.6929280557925219,0.09335049288534596,-0.35332475355732706
43,inference_categories,projected,6,0.65,-0.6907964347488889,0.09335049288534596,-0.35332475355732706
43,inference_categories,partial,6,0.66,-0.6901838709750296,0.11202059146241514,-0.2439897042687924
43,inference_categories,standard,7,0.65,-0.6929024917484707,0.12899340835065987,-0.23550329582467006
43,inference_categories,projected,7,0.68,-0.6896934531171323,0.1179610773733008,-0.2410194613133496
43,inference_categories,partial,7,0.64,-0.6894241726359485,0.17821457732656956,-0.11089271133671523
43,inference_categories,standard,8,0.74,-0.6927382347830863,0.21046292941423453,-0.19476853529288274
43,inference_categories,projected,8,0.73,-0.6871486811826013,0.22149526039159362,-0.18925236980420318
43,inference_categories,partial,8,0.72,-0.6867760539985147,0.4014071194069876,0.0007035597034937835
43,inference_categories,standard,9,0.68,-0.6929363009834577,0.21725205616953241,-0.0913739719152338
43,inference_categories,projected,9,0.67,-0.6903800396282921,0.21725205616953241,-0.0913739719152338
43,inference_categories,partial,9,0.71,-0.688451508167626,0.2511976899460218,-0.0744011550269891
43,inference_categories,standard,10,0.61,-0.6930130579480982,0.08910728866328478,-0.35544635566835764
43,inference_categories,projected,10,0.58,-0.6916805617873882,0.08910728866328478,-0.35544635566835764
43,inference_categories,partial,10,0.7,-0.689380316643803,0.14936078861655355,-0.2253196056917232
43,inference_categories,standard,11,0.64,-0.693038722083014,0.03139971124325273,-0.18430014437837364
43,inference_categories,projected,11,0.74,-0.6912381850879457,0.03139971124325273,-0.18430014437837364
43,inference_categories,partial,11,0.72,-0.6900959363558549,0.2690191476786788,-0.06549042616066061
43,inference_categories,standard,12,0.48,-0.6931088597916657,-0.1272961266618354,-0.3636480633309177
43,inference_categories,projected,12,0.51,-0.6920173928817382,-0.1272961266618354,-0.3636480633309177
43,inference_categories,partial,12,0.67,-0.6905225301327035,0.2002792392812877,-0.19986038035935613
43,inference_categories,standard,13,0.58,-0.6930543126913798,0.03818883799855062,-0.08090558100072467
43,inference_categories,projected,13,0.64,-0.691436714287037,0.03818883799855062,-0.08090558100072467
43,inference_categories,partial,13,0.71,-0.6903961482200716,0.2002792392812877,-0.09986038035935615
43,inference_categories,standard,14,0.7,-0.692825220419108,0.05006980982032193,-0.074965095089839
43,inference_categories,projected,14,0.73,-0.688004735087425,0.05006980982032193,-0.074965095089839
43,inference_categories,partial,14,0.75,-0.6886637296807614,0.438747316561126,0.11937365828056301
43,inference_categories,standard,15,0.7,-0.6926360396532381,0.10098826048505607,-0.149505869757472
43,inference_categories,projected,15,0.78,-0.6853275487708947,0.08656136613004807,-0.15671931693497598
43,inference_categories,partial,15,0.79,-0.6852407907367519,0.4557201334493707,0.02786006672468533
43,inference_categories,standard,16,0.67,-0.6926492688981541,0.04667524644267298,-0.2766623767786635
43,inference_categories,projected,16,0.74,-0.6858005975566036,0.05770757742003205,-0.17114621128998397
43,inference_categories,partial,16,0.79,-0.6850647988575673,0.5040926615808681,0.052046330790434026
43,inference_categories,standard,17,0.62,-0.6928875821337654,0.000848640844412236,-0.1995756795777939
43,inference_categories,projected,17,0.63,-0.6891434884808918,0.000848640844412236,-0.1995756795777939
43,inference_categories,partial,17,0.8,-0.6870845014094019,0.3623696405640248,-0.11881517971798758
43,inference_categories,standard,18,0.7,-0.692732991065554,0.0848640844412236,-0.2575679577793882
43,inference_categories,projected,18,0.74,-0.6869746573679848,0.09589641541858267,-0.2520517922907087
43,inference_categories,partial,18,0.78,-0.6876253468780685,0.4786334362485011,0.03931671812425053
43,inference_categories,standard,19,0.64,-0.6927955192534063,0.07468039430827678,-0.2626598028458616
43,inference_categories,projected,19,0.62,-0.6882403193996087,0.08571272528563585,-0.25714363735718204
43,inference_categories,partial,19,0.74,-0.6890573551971576,0.3538832321199024,-0.12305838394004878
43,inference_categories,standard,20,0.63,-0.6927956818911549,-0.04158340137619957,-0.32079170068809976
43,inference_categories,projected,20,0.61,-0.6881539219860531,-0.04158340137619957,-0.32079170068809976
43,inference_categories,partial,20,0.76,-0.6890328068884238,0.36152099971961255,-0.019239500140193738
44,choice_only,standard,1,0.61,-0.6930010795842938,0.18820720646354036,0.09410360323177018
44,choice_only,projected,1,0.65,-0.691389164542042,0.18820720646354036,0.09410360323177018
44,choice_only,partial,1,0.65,-0.691389164542042,0.18820720646354036,0.09410360323177018
44,choice_only,standard,2,0.63,-0.6929535710309964,0.1493466091775462,0.0746733045887731
44,choice_only,projected,2,0.63,-0.6913356140365164,0.1493466091775462,0.0746733045887731
44,choice_only,partial,2,0.63,-0.6913356140365164,0.1493466091775462,0.0746733045887731
44,choice_only,standard,3,0.6,-0.6929395821993215,0.2887875759096429,0.14439378795482144
44,choice_only,projected,3,0.67,-0.6909517335714846,0.2887875759096429,0.14439378795482144
44,choice_only,partial,3,0.67,-0.6909517335714846,0.2887875759096429,0.14439378795482144
44,choice_only,standard,4,0.6,-0.6929090071129258,0.3406017056243017,0.2703008528121508
44,choice_only,projected,4,0.68,-0.691040790276315,0.3406017056243017,0.2703008528121508
44,choice_only,partial,4,0.68,-0.691040790276315,0.3406017056243017,0.2703008528121508
44,choice_only,standard,5,0.59,-0.6928602863241463,0.2758340434809782,0.1379170217404891
44,choice_only,projected,5,0.63,-0.6903192719553765,0.2758340434809782,0.1379170217404891
44,choice_only,partial,5,0.63,-0.6903192719553765,0.2758340434809782,0.1379170217404891
44,choice_only,standard,6,0.59,-0.692760499321847,0.028954954840544674,-0.08552252257972764
44,choice_only,projected,6,0.65,-0.6886345093195846,0.028954954840544674,-0.08552252257972764
44,choice_only,partial,6,0.65,-0.6886345093195846,0.028954954840544674,-0.08552252257972764
44,choice_only,standard,7,0.65,-0.6924649855617608,0.10134234194190635,0.050671170970953174
44,choice_only,projected,7,0.66,-0.6840299652566135,0.10134234194190635,0.050671170970953174
44,choice_only,partial,7,0.66,-0.6840299652566135,0.10134234194190635,0.050671170970953174
44,choice_only,standard,8,0.65,-0.6923755909069239,0.1158198193621787,0.05790990968108935
44,choice_only,projected,8,0.68,-0.6827601266081882,0.14629871919433096,0.07314935959716548
44,choice_only,partial,8,0.68,-0.6827601266081882,0.14629871919433096,0.07314935959716548
44,choice_only,standard,9,0.68,-0.692208786660731,0.10362825942931776,0.15181412971465885
44,choice_only,projected,9,0.69,-0.680631553842546,0.11048601189155202,0.155243005945776
44,choice_only,partial,9,0.69,-0.680631553842546,0.11048601189155202,0.155243005945776
44,choice_only,standard,10,0.69,-0.6921131299350312,0.1188677093453939,0.15943385467269694
44,choice_only,projected,10,0.68,-0.6795591095933888,0.14477477420272336,0.07238738710136168
44,choice_only,partial,10,0.68,-0.6795591095933888,0.14477477420272336,0.07238738710136168
44,choice_only,standard,11,0.67,-0.6922981279375442,0.18515931648032513,0.09257965824016257
44,choice_only,projected,11,0.66,-0.6823029445301165,0.20878046385024315,0.10439023192512158
44,choice_only,partial,11,0.66,-0.6823029445301165,0.20878046385024315,0.10439023192512158
44,choice_only,standard,12,0.68,-0.6922798919573426,0.21716216130408503,0.10858108065204251
44,choice_only,projected,12,0.7,-0.6820567987617221,0.21716216130408503,0.10858108065204251
44,choice_only,partial,12,0.7,-0.6820567987617221,0.21716216130408503,0.10858108065204251
44,choice_only,standard,13,0.65,-0.6921078177156954,0.14401280170691955,-0.027993599146540205
44,choice_only,projected,13,0.67,-0.6808307447229492,0.1531564716565652,-0.023421764171717374
44,choice_only,partial,13,0.67,-0.6808307447229492,0.1531564716565652,-0.023421764171717374
44,choice_only,standard,14,0.68,-0.6919664290522088,0.12496348931182437,0.062481744655912184
44,choice_only,projected,14,0.67,-0.6790028735009546,0.1082000944041406,-0.045899952797929675
44,choice_only,partial,14,0.67,-0.6790028735009546,0.1082000944041406,-0.045899952797929675
44,choice_only,standard,15,0.66,-0.6918618619655293,0.08838880951324163,0.044194404756620814
44,choice_only,projected,15,0.67,-0.6774359838269166,0.08686486452163401,0.04343243226081701
44,choice_only,partial,15,0.67,-0.6774359838269166,0.08686486452163401,0.04343243226081701
44,choice_only,standard,16,0.67,-0.691837457502964,0.12648743430343198,0.06324371715171599
44,choice_only,projected,16,0.67,-0.6768835673779047,0.12648743430343198,0.06324371715171599
44,choice_only,partial,16,0.67,-0.6768835673779047,0.12648743430343198,0.06324371715171599
44,choice_only,standard,17,0.68,-0.6917197357583178,0.16001422411879948,0.18000711205939973
44,choice_only,projected,17,0.68,-0.6750705817579115,0.16001422411879948,0.18000711205939973
44,choice_only,partial,17,0.68,-0.6750705817579115,0.16001422411879948,0.18000711205939973
44,choice_only,standard,18,0.68,-0.6915022612550363,0.1615381691104071,0.18076908455520352
44,choice_only,projected,18,0.68,-0.6725349509949625,0.1615381691104071,0.18076908455520352
44,choice_only,partial,18,0.68,-0.6725349509949625,0.1615381691104071,0.18076908455520352
44,choice_only,standard,19,0.67,-0.691558001497777,0.1615381691104071,0.18076908455520352
44,choice_only,projected,19,0.68,-0.6731778922317092,0.1615381691104071,0.18076908455520352
44,choice_only,partial,19,0.68,-0.6731778922317092,0.1615381691104071,0.18076908455520352
44,choice_only,standard,20,0.68,-0.691428226078098,0.12801137929503958,0.16400568964751977
44,choice_only,projected,20,0.68,-0.6717133204934664,0.12648743430343198,0.16324371715171598
44,choice_only,partial,20,0.68,-0.6717133204934664,0.12648743430343198,0.16324371715171598
44,inference_affirm,standard,1,0.61,-0.6930010795842938,0.18820720646354036,0.09410360323177018
44,inference_affirm,projected,1,0.65,-0.691389164542042,0.18820720646354036,0.09410360323177018
44,inference_affirm,partial,1,0.57,-0.6926903811433094,0.1074381219083368,0.0537190609541684
44,inference_affirm,standard,2,0.63,-0.6929535710309964,0.1493466091775462,0.0746733045887731
44,inference_affirm,projected,2,0.63,-0.6913356140365164,0.1493466091775462,0.0746733045887731
44,inference_affirm,partial,2,0.59,-0.6923750639612263,0.06552963463912741,0.032764817319563704
44,inference_affirm,standard,3,0.6,-0.6929395821993215,0.2887875759096429,0.14439378795482144
44,inference_affirm,projected,3,0.67,-0.6909517335714846,0.2887875759096429,0.14439378795482144
44,inference_affirm,partial,3,0.61,-0.6921991577851578,0.1432508292111157,0.07162541460555785
44,inference_affirm,standard,4,0.6,-0.6929090071129258,0.3406017056243017,0.2703008528121508
44,inference_affirm,projected,4,0.68,-0.691040790276315,0.3406017056243017,0.2703008528121508
44,inference_affirm,partial,4,0.62,-0.6921627928776749,0.2377354186907878,0.21886770934539387
44,inference_affirm,standard,5,0.59,-0.6928602863241463,0.2758340434809782,0.1379170217404891
44,inference_affirm,projected,5,0.63,-0.6903192719553765,0.2758340434809782,0.1379170217404891
44,inference_affirm,partial,5,0.68,-0.6913799202148248,0.1188677093453939,0.05943385467269695
44,inference_affirm,standard,6,0.61,-0.6929603656578713,0.42670459765013197,0.313352298825066
44,inference_affirm,projected,6,0.61,-0.692049280260416,0.42670459765013197,0.313352298825066
44,inference_affirm,partial,6,0.64,-0.6925774358433578,0.2232579412705155,0.11162897063525774
44,inference_affirm,standard,7,0.68,-0.6926637774557421,0.28345376843901626,0.14172688421950813
44,inference_affirm,projected,7,0.72,-0.6872097844839109,0.28345376843901626,0.14172688421950813
44,inference_affirm,partial,7,0.65,-0.6895549919581206,-0.12801137929503958,-0.06400568964751979
44,inference_affirm,standard,8,0.68,-0.6925741616353203,0.2476410611362373,0.12382053056811865
44,inference_affirm,projected,8,0.69,-0.6859069422498563,0.2476410611362373,0.12382053056811865
44,inference_affirm,partial,8,0.65,-0.6889300429423851,-0.11048601189155202,-0.05524300594577601
44,inference_affirm,standard,9,0.68,-0.6924068458753283,0.19811284890898984,0.09905642445449492
44,inference_affirm,projected,9,0.69,-0.6836930318215336,0.24078330867400308,0.12039165433700154
44,inference_affirm,partial,9,0.69,-0.6862881430842387,-0.1508705541691538,-0.0754352770845769
44,inference_affirm,standard,10,0.7,-0.6923110641123895,0.24459317115302212,0.12229658557651106
44,inference_affirm,projected,10,0.7,-0.6825923159477442,0.23468752870757256,0.11734376435378628
44,inference_affirm,partial,10,0.7,-0.6849595972338354,-0.011429587437057107,-0.005714793718528554
44,inference_affirm,standard,11,0.7,-0.6921269313768872,0.19277904143836322,0.1963895207191816
44,inference_affirm,projected,11,0.69,-0.6800573390524941,0.21868610629569263,0.10934305314784631
44,inference_affirm,partial,11,0.7,-0.6827397097051375,-0.06705357963073502,-0.03352678981536751
44,inference_affirm,standard,12,0.71,-0.6921087119014492,0.17144381155585658,0.08572190577792829
44,inference_affirm,projected,12,0.68,-0.6798091555387188,0.17144381155585658,0.08572190577792829
44,inference_affirm,partial,12,0.7,-0.68252445643177,-0.0647676621433236,-0.0323838310716618
44,inference_affirm,standard,13,0.69,-0.6922819885902273,0.19354101393416703,0.09677050696708352
44,inference_affirm,projected,13,0.7,-0.6810951995409609,0.18058748150550227,0.09029374075275114
44,inference_affirm,partial,13,0.7,-0.6835733438116252,-0.041908487269209385,-0.020954243634604693
44,inference_affirm,standard,14,0.69,-0.6921402353039658,0.14401280170691955,0.17200640085345975
44,inference_affirm,projected,14,0.7,-0.6792371517542144,0.14553674669852718,0.17276837334926357
44,inference_affirm,partial,14,0.68,-0.6813131896951795,-0.044194404756620814,-0.022097202378310407
44,inference_affirm,standard,15,0.69,-0.6920355178733206,0.12115362683280533,0.16057681341640265
44,inference_affirm,projected,15,0.69,-0.677668645720396,0.14553674669852718,0.17276837334926357
44,inference_affirm,partial,15,0.69,-0.6800315302205823,-0.028954954840544674,-0.014477477420272337
44,inference_affirm,standard,16,0.7,-0.6920602086864003,0.13563110425307767,0.16781555212653881
44,inference_affirm,projected,16,0.71,-0.6782495354407271,0.14629871919433096,0.17314935959716546
44,inference_affirm,partial,16,0.68,-0.680304718826511,-0.06019582716850077,-0.030097913584250385
44,inference_affirm,standard,17,0.7,-0.691942196059144,0.12191559932860913,0.16095779966430454
44,inference_affirm,projected,17,0.7,-0.6764020943673522,0.12191559932860913,0.16095779966430454
44,inference_affirm,partial,17,0.71,-0.679363890072647,-0.03962256978179796,-0.01981128489089898
44,inference_affirm,standard,18,0.69,-0.6917236880083588,0.12572546180762817,0.16286273090381406
44,inference_affirm,projected,18,0.69,-0.6737731068385447,0.14706069169013475,0.17353034584506735
44,inference_affirm,partial,18,0.7,-0.6766975741324491,-0.06705357963073502,0.06647321018463247
44,inference_affirm,standard,19,0.7,-0.691667986012553,0.13563110425307767,0.16781555212653881
44,inference_affirm,projected,19,0.69,-0.6731448213344584,0.13563110425307767,0.16781555212653881
44,inference_affirm,partial,19,0.69,-0.6763733987665549,-0.06629160713493121,0.06685419643253437
44,inference_affirm,standard,20,0.7,-0.6915378632084804,0.1188677093453939,0.15943385467269694
44,inference_affirm,projected,20,0.69,-0.6716656721363783,0.12572546180762817,0.16286273090381406
44,inference_affirm,partial,20,0.68,-0.6753182930895916,-0.07619724958038071,0.06190137520980962
44,inference_categories,standard,1,0.61,-0.6930010795842938,0.18820720646354036,0.09410360323177018
44,inference_categories,projected,1,0.65,-0.691389164542042,0.18820720646354036,0.09410360323177018
44,inference_categories,partial,1,0.56,-0.6927502139277648,0.03428876231117132,0.01714438115558566
44,inference_categories,standard,2,0.63,-0.6929535710309964,0.1493466091775462,0.0746733045887731
44,inference_categories,projected,2,0.63,-0.6913356140365164,0.1493466091775462,0.0746733045887731
44,inference_categories,partial,2,0.58,-0.692491929770287,0.07619724958038071,0.038098624790190355
44,inference_categories,standard,3,0.6,-0.6929395821993215,0.2887875759096429,0.14439378795482144
44,inference_categories,projected,3,0.67,-0.6909517335714846,0.2887875759096429,0.14439378795482144
44,inference_categories,partial,3,0.59,-0.692320485915683,0.1508705541691538,0.0754352770845769
44,inference_categories,standard,4,0.6,-0.6929090071129258,0.3406017056243017,0.2703008528121508
44,inference_categories,projected,4,0.68,-0.691040790276315,0.3406017056243017,0.2703008528121508
44,inference_categories,partial,4,0.61,-0.692506769016567,0.26592840103552867,0.13296420051776434
44,inference_categories,standard,5,0.59,-0.6928602863241463,0.2758340434809782,0.1379170217404891
44,inference_categories,projected,5,0.63,-0.6903192719553765,0.2758340434809782,0.1379170217404891
44,inference_categories,partial,5,0.62,-0.6916282832812563,0.12572546180762817,-0.03713726909618589
44,inference_categories,standard,6,0.61,-0.6929603656578713,0.42670459765013197,0.313352298825066
44,inference_categories,projected,6,0.61,-0.692049280260416,0.42670459765013197,0.313352298825066
44,inference_categories,partial,6,0.59,-0.6926638461303284,0.41375106522146726,0.30687553261073364
44,inference_categories,standard,7,0.68,-0.6926637774557421,0.28345376843901626,0.14172688421950813
44,inference_categories,projected,7,0.72,-0.6872097844839109,0.28345376843901626,0.14172688421950813
44,inference_categories,partial,7,0.64,-0.6892416758217337,-0.14096491172370432,-0.17048245586185212
44,inference_categories,standard,8,0.68,-0.6925741616353203,0.2476410611362373,0.12382053056811865
44,inference_categories,projected,8,0.69,-0.6859069422498563,0.2476410611362373,0.12382053056811865
44,inference_categories,partial,8,0.66,-0.6894510056265447,-0.1379170217404891,-0.06895851087024454
44,inference_categories,standard,9,0.68,-0.6924068458753283,0.19811284890898984,0.09905642445449492
44,inference_categories,projected,9,0.69,-0.6836930318215336,0.24078330867400308,0.12039165433700154
44,inference_categories,partial,9,0.66,-0.6866813475110402,-0.1722057840516604,-0.0861028920258302
44,inference_categories,standard,10,0.7,-0.6923110641123895,0.24459317115302212,0.12229658557651106
44,inference_categories,projected,10,0.7,-0.6825923159477442,0.23468752870757256,0.11734376435378628
44,inference_categories,partial,10,0.68,-0.6854065453281699,-0.10667614941253299,-0.053338074706266496
44,inference_categories,standard,11,0.71,-0.6924962202823868,0.3352678981536751,0.2676339490768375
44,inference_categories,projected,11,0.73,-0.6853647200145612,0.3497453755739474,0.2748726877869737
44,inference_categories,partial,11,0.66,-0.6844946262217071,0.0015239449916076141,0.0007619724958038071
44,inference_categories,standard,12,0.67,-0.6924780163236005,0.3230763382208142,0.26153816911040706
44,inference_categories,projected,12,0.73,-0.6851183656061017,0.3375538156410865,0.2687769078205432
44,inference_categories,partial,12,0.65,-0.6842589524316866,0.041146514773405585,0.020573257386702792
44,inference_categories,standard,13,0.66,-0.6923053818345912,0.27431009848937055,0.13715504924468527
44,inference_categories,projected,13,0.72,-0.683843284966094,0.3131706957753647,0.15658534788768236
44,inference_categories,partial,13,0.64,-0.6846410563456209,-0.07314935959716548,-0.13657467979858273
44,inference_categories,standard,14,0.68,-0.6921636181153251,0.19887482140479365,0.09943741070239683
44,inference_categories,projected,14,0.72,-0.6819526551381289,0.2057325738670279,0.10286628693351395
44,inference_categories,partial,14,0.64,-0.682681180791192,-0.14553674669852718,-0.17276837334926357
44,inference_categories,standard,15,0.71,-0.6920587908539554,0.1866832614719327,0.19334163073596633
44,inference_categories,projected,15,0.74,-0.6803393271087442,0.1866832614719327,0.09334163073596635
44,inference_categories,partial,15,0.63,-0.6816427366270476,-0.1821114264971099,-0.19105571324855491
44,inference_categories,standard,16,0.71,-0.6920341693032718,0.22782977624533834,0.11391488812266917
44,inference_categories,projected,16,0.71,-0.6797592732723616,0.22782977624533834,0.11391488812266917
44,inference_categories,partial,16,0.65,-0.6812135616068683,-0.16915789406844517,-0.18457894703422256
44,inference_categories,standard,17,0.7,-0.691916183786015,0.22935372123694595,0.21467686061847296
44,inference_categories,projected,17,0.7,-0.6778890379994148,0.22935372123694595,0.11467686061847297
44,inference_categories,partial,17,0.67,-0.6786788512623697,-0.08838880951324163,-0.044194404756620814
44,inference_categories,standard,18,0.7,-0.6916979617434307,0.2148762438166736,0.20743812190833677
44,inference_categories,projected,18,0.7,-0.6752394653642688,0.2148762438166736,0.1074381219083368
44,inference_categories,partial,18,0.63,-0.6763218531021081,-0.1074381219083368,-0.0537190609541684
44,inference_categories,standard,19,0.71,-0.6916422983951436,0.2148762438166736,0.20743812190833677
44,inference_categories,projected,19,0.7,-0.6746046412980801,0.22935372123694595,0.21467686061847296
44,inference_categories,partial,19,0.63,-0.6761032383479564,-0.1188677093453939,-0.05943385467269695
44,inference_categories,standard,20,0.72,-0.6917735034640861,0.22173399627890786,0.21086699813945392
44,inference_categories,projected,20,0.68,-0.6762650998432713,0.22173399627890786,0.11086699813945393
44,inference_categories,partial,20,0.66,-0.6768544044313123,-0.041146514773405585,-0.020573257386702792
45,choice_only,standard,1,0.57,-0.6930073433822436,0.5541624714011901,0.07708123570059505
45,choice_only,projected,1,0.64,-0.6910687063826826,0.5541624714011901,0.07708123570059505
45,choice_only,partial,1,0.64,-0.6910687063826826,0.5541624714011901,0.07708123570059505
45,choice_only,standard,2,0.59,-0.693040161854762,0.5558597530900146,0.07792987654500727
45,choice_only,projected,2,0.62,-0.6915538806741324,0.5142763517138149,0.05713817585690745
45,choice_only,partial,2,0.62,-0.6915538806741324,0.5142763517138149,0.05713817585690745
45,choice_only,standard,3,0.58,-0.6929112595993034,0.5948972319329775,0.29744861596648875
45,choice_only,projected,3,0.6,-0.6899806398865632,0.5948972319329775,0.29744861596648875
45,choice_only,partial,3,0.6,-0.6899806398865632,0.5948972319329775,0.29744861596648875
45,choice_only,standard,4,0.6,-0.6928631130941525,0.49984945735880704,0.04992472867940351
45,choice_only,projected,4,0.6,-0.6890687659352867,0.49984945735880704,0.04992472867940351
45,choice_only,partial,4,0.6,-0.6890687659352867,0.49984945735880704,0.04992472867940351
45,choice_only,standard,5,0.58,-0.692842127224053,0.557557034778839,0.07877851738941949
45,choice_only,projected,5,0.6,-0.6887266864955036,0.557557034778839,-0.02122148261058049
45,choice_only,partial,5,0.6,-0.6887266864955036,0.557557034778839,-0.02122148261058049
45,choice_only,standard,6,0.59,-0.6927953416237915,0.5592543164676635,0.07962715823383176
45,choice_only,projected,6,0.59,-0.6878242314591276,0.5592543164676635,0.07962715823383176
45,choice_only,partial,6,0.59,-0.6878242314591276,0.5592543164676635,0.07962715823383176
45,choice_only,standard,7,0.58,-0.6927157518457584,0.4828766404705623,-0.05856167976471885
45,choice_only,projected,7,0.59,-0.6867906632312724,0.49900081651439476,-0.05049959174280261
45,choice_only,partial,7,0.59,-0.6867906632312724,0.49900081651439476,-0.05049959174280261
45,choice_only,standard,8,0.63,-0.6926982511721146,0.5473733446458922,0.1736866723229461
45,choice_only,projected,8,0.6,-0.6868216071520805,0.5473733446458922,0.1736866723229461
45,choice_only,partial,8,0.6,-0.6868216071520805,0.5473733446458922,0.1736866723229461
45,choice_only,standard,9,0.58,-0.6927195461937634,0.4489310066940728,0.12446550334703643
45,choice_only,projected,9,0.63,-0.6871026103653037,0.4489310066940728,0.12446550334703643
45,choice_only,partial,9,0.63,-0.6871026103653037,0.4489310066940728,0.12446550334703643
45,choice_only,standard,10,0.63,-0.6926865147297666,0.5312491686020597,0.1656245843010299
45,choice_only,projected,10,0.6,-0.6867196697663593,0.5040926615808681,0.15204633079043406
45,choice_only,partial,10,0.6,-0.6867196697663593,0.5040926615808681,0.15204633079043406
45,choice_only,standard,11,0.63,-0.6928908230982779,0.3878288658963919,-0.006085567051804075
45,choice_only,projected,11,0.65,-0.6901719375801598,0.3878288658963919,-0.006085567051804075
45,choice_only,partial,11,0.65,-0.6901719375801598,0.3878288658963919,-0.006085567051804075
45,choice_only,standard,12,0.65,-0.6927524734987555,0.47099566864879094,0.1354978343243955
45,choice_only,projected,12,0.65,-0.6886581566866293,0.47099566864879094,0.1354978343243955
45,choice_only,partial,12,0.65,-0.6886581566866293,0.47099566864879094,0.1354978343243955
45,choice_only,standard,13,0.63,-0.692725782115669,0.5125790700249905,0.15628953501249526
45,choice_only,projected,13,0.64,-0.6880683655620757,0.5125790700249905,0.05628953501249523
45,choice_only,partial,13,0.64,-0.6880683655620757,0.5125790700249905,0.05628953501249523
45,choice_only,standard,14,0.69,-0.692807477131637,0.40225576025139986,0.10112788012569995
45,choice_only,projected,14,0.64,-0.6895586674513224,0.40225576025139986,0.10112788012569995
45,choice_only,partial,14,0.64,-0.6895586674513224,0.40225576025139986,0.10112788012569995
45,choice_only,standard,15,0.62,-0.6926010168146807,0.47608751371526437,0.1380437568576322
45,choice_only,projected,15,0.63,-0.6865131690144168,0.4905144080702724,0.14525720403513623
45,choice_only,partial,15,0.63,-0.6865131690144168,0.4905144080702724,0.14525720403513623
45,choice_only,standard,16,0.64,-0.6926889214035055,0.5066385841141049,0.15331929205705247
45,choice_only,projected,16,0.65,-0.6874925015134778,0.49390897144792134,0.1469544857239607
45,choice_only,partial,16,0.65,-0.6874925015134778,0.49390897144792134,0.1469544857239607
45,choice_only,standard,17,0.64,-0.6927740811607171,0.4489310066940728,0.12446550334703643
45,choice_only,projected,17,0.66,-0.6885744088538368,0.4489310066940728,0.12446550334703643
45,choice_only,partial,17,0.66,-0.6885744088538368,0.4489310066940728,0.12446550334703643
45,choice_only,standard,18,0.67,-0.6926684042696497,0.4582660559826074,0.029133027991303684
45,choice_only,projected,18,0.66,-0.6869838372693043,0.4582660559826074,0.029133027991303684
45,choice_only,partial,18,0.66,-0.6869838372693043,0.4582660559826074,0.029133027991303684
45,choice_only,standard,19,0.62,-0.6928724657864166,0.3708560490081471,-0.014571975495926454
45,choice_only,projected,19,0.65,-0.6895228683741172,0.3708560490081471,-0.014571975495926454
45,choice_only,partial,19,0.65,-0.6895228683741172,0.3708560490081471,-0.014571975495926454
45,choice_only,standard,20,0.66,-0.6927772988909114,0.47693615455967664,0.03846807727983831
45,choice_only,projected,20,0.64,-0.6881310713321074,0.47693615455967664,0.03846807727983831
45,choice_only,partial,20,0.64,-0.6881310713321074,0.47693615455967664,0.03846807727983831
45,inference_affirm,standard,1,0.57,-0.6930073433822436,0.5541624714011901,0.07708123570059505
45,inference_affirm,projected,1,0.64,-0.6910687063826826,0.5541624714011901,0.07708123570059505
45,inference_affirm,partial,1,0.53,-0.6933869355009488,0.45402285176054624,-0.07298857411972687
45,inference_affirm,standard,2,0.59,-0.693040161854762,0.5558597530900146,0.07792987654500727
45,inference_affirm,projected,2,0.62,-0.6915538806741324,0.5142763517138149,0.05713817585690745
45,inference_affirm,partial,2,0.54,-0.6933932088768334,0.3224835208766497,0.06124176043832488
45,inference_affirm,standard,3,0.58,-0.6929112595993034,0.5948972319329775,0.29744861596648875
45,inference_affirm,projected,3,0.6,-0.6899806398865632,0.5948972319329775,0.29744861596648875
45,inference_affirm,partial,3,0.66,-0.6915913451999722,0.45911469682701966,0.12955734841350985
45,inference_affirm,standard,4,0.6,-0.6928631130941525,0.49984945735880704,0.04992472867940351
45,inference_affirm,projected,4,0.6,-0.6890687659352867,0.49984945735880704,0.04992472867940351
45,inference_affirm,partial,4,0.56,-0.6930665828479334,0.30041885892193154,-0.14979057053903422
45,inference_affirm,standard,5,0.58,-0.692842127224053,0.557557034778839,0.07877851738941949
45,inference_affirm,projected,5,0.6,-0.6887266864955036,0.557557034778839,-0.02122148261058049
45,inference_affirm,partial,5,0.57,-0.6929168212286434,0.3767965349190328,0.08839826745951643
45,inference_affirm,standard,6,0.57,-0.6928891361179808,0.46505518273790536,0.03252759136895267
45,inference_affirm,projected,6,0.6,-0.6896664613408804,0.45402285176054624,0.12701142588027314
45,inference_affirm,partial,6,0.53,-0.6935564206560421,0.30551070398840496,-0.04724464800579753
45,inference_affirm,standard,7,0.57,-0.6928094252244094,0.48033071793732557,0.04016535896866277
45,inference_affirm,projected,7,0.6,-0.6886044475501641,0.49645489398115805,0.048227446990579015
45,inference_affirm,partial,7,0.58,-0.6921937286720872,0.28174876034486235,0.14087438017243117
45,inference_affirm,standard,8,0.6,-0.6927919430455592,0.4905144080702724,0.14525720403513623
45,inference_affirm,projected,8,0.6,-0.6886464824871352,0.4905144080702724,0.14525720403513623
45,inference_affirm,partial,8,0.59,-0.6918203600164519,0.4319581898058281,0.31597909490291404
45,inference_affirm,standard,9,0.63,-0.692813338164269,0.4192285771396446,0.10961428856982233
45,inference_affirm,projected,9,0.65,-0.6889390438118032,0.4192285771396446,0.10961428856982233
45,inference_affirm,partial,9,0.62,-0.6906402978706089,0.4056503236290488,0.2028251618145244
45,inference_affirm,standard,10,0.65,-0.6927802471925467,0.41753129545082013,0.10876564772541009
45,inference_affirm,projected,10,0.66,-0.6885452023991284,0.41753129545082013,0.10876564772541009
45,inference_affirm,partial,10,0.63,-0.6900258755792593,0.45656877429378295,0.22828438714689148
45,inference_affirm,standard,11,0.6,-0.6925775068705983,0.4659038235823175,0.13295191179115878
45,inference_affirm,projected,11,0.59,-0.6854494720187865,0.4548714926049585,0.22743574630247926
45,inference_affirm,partial,11,0.66,-0.6869258076388103,0.4107421686955222,0.10537108434776113
45,inference_affirm,standard,12,0.63,-0.6924397644106954,0.5091845066473416,0.2545922533236708
45,inference_affirm,projected,12,0.6,-0.6840344897126002,0.5142763517138149,0.25713817585690746
45,inference_affirm,partial,12,0.68,-0.6865161981967894,0.41753129545082013,0.10876564772541009
45,inference_affirm,standard,13,0.63,-0.692413152461403,0.5176709150914639,0.15883545754573197
45,inference_affirm,projected,13,0.6,-0.6834865130571107,0.5176709150914639,0.15883545754573197
45,inference_affirm,partial,13,0.65,-0.6865619478179148,0.438747316561126,0.11937365828056301
45,inference_affirm,standard,14,0.6,-0.6924943049326682,0.4888171263814479,0.14440856319072398
45,inference_affirm,projected,14,0.6,-0.6848890136860867,0.4888171263814479,0.14440856319072398
45,inference_affirm,partial,14,0.66,-0.6883590755985537,0.4005584785625754,0.2002792392812877
45,inference_affirm,standard,15,0.61,-0.6922893519722088,0.5091845066473416,0.15459225332367083
45,inference_affirm,projected,15,0.61,-0.6821617329284195,0.5159736334026395,0.15798681670131975
45,inference_affirm,partial,15,0.59,-0.6896270581670381,0.26307866176779315,0.0315393308838966
45,inference_affirm,standard,16,0.62,-0.6923769672398151,0.4905144080702724,0.2452572040351362
45,inference_affirm,projected,16,0.6,-0.6830901876727843,0.5049413024252803,0.2524706512126402
45,inference_affirm,partial,16,0.57,-0.6905913638031399,0.28599196456692355,0.14299598228346178
45,inference_affirm,standard,17,0.64,-0.6924615278769509,0.4811793587817378,0.14058967939086892
45,inference_affirm,projected,17,0.64,-0.6840951731480908,0.4879684855370357,0.24398424276851785
45,inference_affirm,partial,17,0.56,-0.6905900532272429,0.3428509011425434,0.1714254505712717
45,inference_affirm,standard,18,0.66,-0.6925673013233045,0.5083358658029293,0.1541679329014647
45,inference_affirm,projected,18,0.65,-0.685694580669266,0.49390897144792134,0.1469544857239607
45,inference_affirm,partial,18,0.54,-0.692421987798016,0.3513373095866657,0.17566865479333285
45,inference_affirm,standard,19,0.62,-0.6923648446589388,0.4896657672258602,0.14483288361293012
45,inference_affirm,projected,19,0.64,-0.6834311114678685,0.4642065418934931,0.13210327094674656
45,inference_affirm,partial,19,0.58,-0.6907397230965473,0.3750992532302084,0.1875496266151042
45,inference_affirm,standard,20,0.7,-0.6924599887875243,0.46760110527114207,0.13380055263557106
45,inference_affirm,projected,20,0.67,-0.6847771654277081,0.45656877429378295,0.1282843871468915
45,inference_affirm,partial,20,0.53,-0.6923853457443294,0.36406692225284926,0.08203346112642465
45,inference_categories,standard,1,0.57,-0.6930073433822436,0.5541624714011901,0.07708123570059505
45,inference_categories,projected,1,0.64,-0.6910687063826826,0.5541624714011901,0.07708123570059505
45,inference_categories,partial,1,0.55,-0.6933776938203289,0.24780312656837292,-0.17609843671581354
45,inference_categories,standard,2,0.59,-0.693040161854762,0.5558597530900146,0.07792987654500727
45,inference_categories,projected,2,0.62,-0.6915538806741324,0.5142763517138149,0.05713817585690745
45,inference_categories,partial,2,0.51,-0.6928234885291211,0.09844233795181936,-0.15077883102409034
45,inference_categories,standard,3,0.44,-0.6931695523555862,0.03988611968737509,-0.28005694015631244
45,inference_categories,projected,3,0.5,-0.6931767267375047,0.03988611968737509,-0.28005694015631244
45,inference_categories,partial,3,0.47,-0.6946237973705514,-0.197733316748051,-0.39886665837402546
45,inference_categories,standard,4,0.53,-0.6931210307413883,0.09929097879623162,-0.2503545106018842
45,inference_categories,projected,4,0.55,-0.692210151812319,0.07043719008621559,-0.2647814049568922
45,inference_categories,partial,4,0.45,-0.695835493356448,-0.2766569152783889,-0.5383284576391945
45,inference_categories,standard,5,0.6,-0.6931000917879397,0.22064661954718137,-0.08967669022640933
45,inference_categories,projected,5,0.61,-0.6918652727355814,0.2096142885698223,-0.09519285571508886
45,inference_categories,partial,5,0.46,-0.695543046633634,-0.19858195759246325,-0.3992909787962316
45,inference_categories,standard,6,0.58,-0.6930530519715724,0.4192285771396446,0.009614288569822299
45,inference_categories,projected,6,0.59,-0.6909210127806918,0.4081962461622855,0.0040981230811427405
45,inference_categories,partial,6,0.44,-0.6943066807691549,-0.1154151548400641,-0.357707577420032
45,inference_categories,standard,7,0.58,-0.6929733629935599,0.5159736334026395,0.05798681670131972
45,inference_categories,projected,7,0.6,-0.6898532525079175,0.5159736334026395,0.05798681670131972
45,inference_categories,partial,7,0.51,-0.6928908518563718,0.03818883799855062,-0.28090558100072466
45,inference_categories,standard,8,0.61,-0.6929557863395618,0.49221168975909685,0.04610584487954841
45,inference_categories,projected,8,0.62,-0.6898963883246964,0.49221168975909685,0.04610584487954841
45,inference_categories,partial,8,0.58,-0.6917912376341345,0.17057680972685943,-0.2147115951365703
45,inference_categories,standard,9,0.63,-0.6929772902908493,0.4463850841608361,-0.07680745791958193
45,inference_categories,projected,9,0.59,-0.6901957928320839,0.4463850841608361,-0.07680745791958193
45,inference_categories,partial,9,0.61,-0.6901581355856818,0.3428509011425434,-0.028574549428728307
45,inference_categories,standard,10,0.61,-0.6929442034085109,0.4599633376714319,-0.07001833116428405
45,inference_categories,projected,10,0.6,-0.6898030103529982,0.4599633376714319,-0.07001833116428405
45,inference_categories,partial,10,0.61,-0.689690712195292,0.3895261475852163,-0.0052369262073918565
45,inference_categories,standard,11,0.62,-0.6927409201667777,0.5066385841141049,0.053319292057052436
45,inference_categories,projected,11,0.6,-0.6866614323671076,0.47948207709291335,0.039741038546456664
45,inference_categories,partial,11,0.61,-0.6868221334705634,0.3496400278978412,-0.025179986051079406
45,inference_categories,standard,12,0.6,-0.6926029475190699,0.5354923728241209,0.06774618641206043
45,inference_categories,projected,12,0.61,-0.6852283569764285,0.5354923728241209,0.06774618641206043
45,inference_categories,partial,12,0.64,-0.6863019290529582,0.4056503236290488,0.002825161814524385
45,inference_categories,standard,13,0.61,-0.6926296423045977,0.5363410136685332,0.06817050683426656
45,inference_categories,projected,13,0.61,-0.6858053291412338,0.5363410136685332,0.06817050683426656
45,inference_categories,partial,13,0.64,-0.6864617621241083,0.42262314051729355,0.1113115702586468
45,inference_categories,standard,14,0.58,-0.6925489379359584,0.6067782037547488,0.10338910187737438
45,inference_categories,projected,14,0.59,-0.6844956301493653,0.6084754854435732,0.1042377427217866
45,inference_categories,partial,14,0.66,-0.6874217680386533,0.34115361945371886,-0.12942319027314056
45,inference_categories,standard,15,0.59,-0.6923445998348562,0.5329464502908843,0.06647322514544213
45,inference_categories,projected,15,0.59,-0.6818801709443476,0.5329464502908843,0.06647322514544213
45,inference_categories,partial,15,0.62,-0.6878683396958186,0.24695448572396067,-0.17652275713801965
45,inference_categories,standard,16,0.59,-0.692257674259306,0.5329464502908843,0.06647322514544213
45,inference_categories,projected,16,0.59,-0.6810464391669122,0.5329464502908843,0.06647322514544213
45,inference_categories,partial,16,0.64,-0.6870090274396173,0.28684060541133577,-0.1565796972943321
45,inference_categories,standard,17,0.62,-0.692341754154684,0.5414328587350066,0.07071642936750328
45,inference_categories,projected,17,0.59,-0.6819869756733924,0.5864108234888551,0.09320541174442754
45,inference_categories,partial,17,0.62,-0.6854922648227236,0.4014071194069876,-0.0992964402965062
45,inference_categories,standard,18,0.63,-0.6924471682498337,0.5864108234888551,0.09320541174442754
45,inference_categories,projected,18,0.58,-0.68352860339661,0.5864108234888551,0.09320541174442754
45,inference_categories,partial,18,0.61,-0.6871787986026326,0.348791387053429,-0.1256043064732855
45,inference_categories,standard,19,0.64,-0.692651109173556,0.6296915065538791,0.11484575327693952
45,inference_categories,projected,19,0.61,-0.6859825232269572,0.6127186896656345,0.10635934483281723
45,inference_categories,partial,19,0.6,-0.6874285754904627,0.29787293638869483,-0.15106353180565257
45,inference_categories,standard,20,0.65,-0.6927464610361201,0.6025349995326875,0.10126749976634375
45,inference_categories,projected,20,0.63,-0.687365326438556,0.6169618938876956,0.1084809469438478
45,inference_categories,partial,20,0.59,-0.6890842994065423,0.22573846461365477,-0.1871307676931726
46,choice_only,standard,1,0.67,-0.6931066290650634,0.2865016584222314,0.24325082921111568
46,choice_only,projected,1,0.62,-0.6928368167299718,0.2865016584222314,0.24325082921111568
46,choice_only,partial,1,0.62,-0.6928368167299718,0.2865016584222314,0.24325082921111568
46,choice_only,standard,2,0.43,-0.6932759055720845,-0.032764817319563704,-0.11638240865978183
46,choice_only,projected,2,0.42,-0.6949104829154414,-0.032764817319563704,-0.11638240865978183
46,choice_only,partial,2,0.42,-0.6949104829154414,-0.032764817319563704,-0.11638240865978183
46,choice_only,standard,3,0.47,-0.693221142692053,0.2141142713208698,0.007057135660434921
46,choice_only,projected,3,0.45,-0.6940927108021729,0.23468752870757256,0.017343764353786303
46,choice_only,partial,3,0.45,-0.6940927108021729,0.23468752870757256,0.017343764353786303
46,choice_only,standard,4,0.45,-0.6932470807610106,0.08305500204261497,-0.05847249897869249
46,choice_only,projected,4,0.45,-0.6943325034485484,0.10439023192512158,-0.04780488403743919
46,choice_only,partial,4,0.45,-0.6943325034485484,0.10439023192512158,-0.04780488403743919
46,choice_only,standard,5,0.39,-0.6933188400241123,0.00761972495803807,-0.09619013752098095
46,choice_only,projected,5,0.43,-0.6951218100199569,0.009143669949645685,-0.09542816502517713
46,choice_only,partial,5,0.43,-0.6951218100199569,0.009143669949645685,-0.09542816502517713
46,choice_only,standard,6,0.43,-0.6932906088751227,0.03733665229438655,-0.08133167385280671
46,choice_only,projected,6,0.42,-0.6948415606064823,0.03733665229438655,-0.08133167385280671
46,choice_only,partial,6,0.42,-0.6948415606064823,0.03733665229438655,-0.08133167385280671
46,choice_only,standard,7,0.4,-0.6933461120182086,-0.014477477420272337,-0.10723873871013614
46,choice_only,projected,7,0.41,-0.695440326714013,-0.01828733989929137,-0.10914366994964567
46,choice_only,partial,7,0.41,-0.695440326714013,-0.01828733989929137,-0.10914366994964567
46,choice_only,standard,8,0.4,-0.6934103933130383,0.016763394907683755,-0.0916183025461581
46,choice_only,projected,8,0.42,-0.6959789047729755,0.016763394907683755,-0.0916183025461581
46,choice_only,partial,8,0.42,-0.6959789047729755,0.016763394907683755,-0.0916183025461581
46,choice_only,standard,9,0.44,-0.693438233928029,0.13563110425307767,-0.03218444787346114
46,choice_only,projected,9,0.44,-0.6961818917203015,0.13563110425307767,-0.03218444787346114
46,choice_only,partial,9,0.44,-0.6961818917203015,0.13563110425307767,-0.03218444787346114
46,choice_only,standard,10,0.43,-0.6934282733452125,0.15468041664817284,-0.02265979167591356
46,choice_only,projected,10,0.43,-0.6961067085207945,0.15468041664817284,-0.02265979167591356
46,choice_only,partial,10,0.43,-0.6961067085207945,0.15468041664817284,-0.02265979167591356
46,choice_only,standard,11,0.41,-0.6934278420626887,0.22249596877471167,0.011247984387355858
46,choice_only,projected,11,0.41,-0.6957868020126434,0.22249596877471167,0.011247984387355858
46,choice_only,partial,11,0.41,-0.6957868020126434,0.22249596877471167,0.011247984387355858
46,choice_only,standard,12,0.38,-0.6934544123681582,0.17830156401809089,-0.11084921799095457
46,choice_only,projected,12,0.42,-0.6959053988500284,0.17830156401809089,-0.11084921799095457
46,choice_only,partial,12,0.42,-0.6959053988500284,0.17830156401809089,-0.11084921799095457
46,choice_only,standard,13,0.35,-0.6935034126536097,0.1607761966146033,-0.11961190169269836
46,choice_only,projected,13,0.42,-0.6960540402200545,0.1607761966146033,-0.11961190169269836
46,choice_only,partial,13,0.42,-0.6960540402200545,0.1607761966146033,-0.11961190169269836
46,choice_only,standard,14,0.38,-0.6934681571999386,0.18896917895934418,-0.00551541052032789
46,choice_only,projected,14,0.42,-0.695620937845548,0.18896917895934418,-0.00551541052032789
46,choice_only,partial,14,0.42,-0.695620937845548,0.18896917895934418,-0.00551541052032789
46,choice_only,standard,15,0.38,-0.6935284217901372,0.2057325738670279,0.00286628693351397
46,choice_only,projected,15,0.42,-0.6960306226604537,0.2057325738670279,0.00286628693351397
46,choice_only,partial,15,0.42,-0.6960306226604537,0.2057325738670279,0.00286628693351397
46,choice_only,standard,16,0.39,-0.6936450230327896,0.1531564716565652,-0.12342176417171741
46,choice_only,projected,16,0.44,-0.6977611659975104,0.16001422411879948,-0.11999288794060027
46,choice_only,partial,16,0.44,-0.6977611659975104,0.16001422411879948,-0.11999288794060027
46,choice_only,standard,17,0.4,-0.6937040931986366,0.08838880951324163,-0.055805595243379164
46,choice_only,projected,17,0.41,-0.6986107416274316,0.07391133209296928,-0.16304433395351536
46,choice_only,partial,17,0.41,-0.6986107416274316,0.07391133209296928,-0.16304433395351536
46,choice_only,standard,18,0.4,-0.6937421479739438,0.13639307674888146,-0.13180346162555928
46,choice_only,projected,18,0.42,-0.6989248616414586,0.13639307674888146,-0.13180346162555928
46,choice_only,partial,18,0.42,-0.6989248616414586,0.13639307674888146,-0.13180346162555928
46,choice_only,standard,19,0.39,-0.6937217051905502,0.1493466091775462,-0.12532669541122693
46,choice_only,projected,19,0.44,-0.6985257935107236,0.15620436163978044,-0.12189781918010979
46,choice_only,partial,19,0.44,-0.6985257935107236,0.15620436163978044,-0.12189781918010979
46,choice_only,standard,20,0.41,-0.6936672546857311,0.18439734398452132,-0.10780132800773935
46,choice_only,projected,20,0.43,-0.6977841658420973,0.19125509644675556,-0.10437245177662223
46,choice_only,partial,20,0.43,-0.6977841658420973,0.19125509644675556,-0.10437245177662223
46,inference_affirm,standard,1,0.67,-0.6931066290650634,0.2865016584222314,0.24325082921111568
46,inference_affirm,projected,1,0.62,-0.6928368167299718,0.2865016584222314,0.24325082921111568
46,inference_affirm,partial,1,0.57,-0.6928575453828532,0.3002171633467,0.25010858167335
46,inference_affirm,standard,2,0.59,-0.6929378880494416,0.20192271138800885,0.20096135569400442
46,inference_affirm,projected,2,0.6,-0.6908404468140665,0.20192271138800885,0.20096135569400442
46,inference_affirm,partial,2,0.51,-0.6926810940938479,0.18515931648032513,0.09257965824016257
46,inference_affirm,standard,3,0.59,-0.6928833235943982,0.36117496301100455,0.2805874815055023
46,inference_affirm,projected,3,0.61,-0.6900594469521566,0.3459355130949284,0.2729677565474642
46,inference_affirm,partial,3,0.61,-0.691978180490826,0.2811678509516048,0.1405839254758024
46,inference_affirm,standard,4,0.59,-0.6929093817812081,0.30936083329634567,0.15468041664817284
46,inference_affirm,projected,4,0.62,-0.6903002233506877,0.30936083329634567,0.15468041664817284
46,inference_affirm,partial,4,0.59,-0.6921941681677315,0.3261242282040294,0.2630621141020147
46,inference_affirm,standard,5,0.61,-0.6929808398148904,0.2476410611362373,0.02382053056811867
46,inference_affirm,projected,5,0.6,-0.6910373454563973,0.23468752870757256,0.017343764353786303
46,inference_affirm,partial,5,0.53,-0.6926494680545661,0.35279326555716267,0.17639663277858134
46,inference_affirm,standard,6,0.63,-0.6929525644894131,0.3322200081704599,0.16611000408522994
46,inference_affirm,projected,6,0.61,-0.690763619765572,0.3390777606326941,0.16953888031634706
46,inference_affirm,partial,6,0.52,-0.6923772244252819,0.3733665229438654,0.2866832614719327
46,inference_affirm,standard,7,0.61,-0.6928971130410226,0.3642228529942198,0.28211142649710985
46,inference_affirm,projected,7,0.62,-0.6901963591307448,0.3642228529942198,0.28211142649710985
46,inference_affirm,partial,7,0.6,-0.6919899484281002,0.38174822039770734,0.2908741101988537
46,inference_affirm,standard,8,0.54,-0.692960973183887,0.33145803567465604,0.265729017837328
46,inference_affirm,projected,8,0.55,-0.690686255515805,0.33145803567465604,0.265729017837328
46,inference_affirm,partial,8,0.57,-0.6925065603359944,0.2255438587579269,0.11277192937896345
46,inference_affirm,standard,9,0.58,-0.6929333683882365,0.13105926927825481,-0.03447036536087257
46,inference_affirm,projected,9,0.57,-0.6905153581306759,0.13105926927825481,-0.03447036536087257
46,inference_affirm,partial,9,0.56,-0.6922407246740119,0.17372972904326803,0.18686486452163398
46,inference_affirm,standard,10,0.56,-0.6929234814491589,0.1592522516229957,-0.02037387418850213
46,inference_affirm,projected,10,0.6,-0.6904474944341449,0.1592522516229957,-0.02037387418850213
46,inference_affirm,partial,10,0.55,-0.6922624499062435,0.14629871919433096,0.17314935959716546
46,inference_affirm,standard,11,0.58,-0.6929230110020569,0.3886059728599416,0.1943029864299708
46,inference_affirm,projected,11,0.58,-0.6901268862526396,0.3886059728599416,0.1943029864299708
46,inference_affirm,partial,11,0.57,-0.6920052451866977,0.17601564653067944,0.08800782326533972
46,inference_affirm,standard,12,0.59,-0.6929493847310415,0.3375538156410865,0.16877690782054325
46,inference_affirm,projected,12,0.62,-0.6902233226322306,0.3375538156410865,0.16877690782054325
46,inference_affirm,partial,12,0.54,-0.6923818583890775,0.27431009848937055,0.13715504924468527
46,inference_affirm,standard,13,0.57,-0.6929982850510014,0.4236567076669167,0.21182835383345835
46,inference_affirm,projected,13,0.62,-0.6903657714245354,0.4084172577508406,0.2042086288754203
46,inference_affirm,partial,13,0.55,-0.6923668144315017,0.3306960631788523,0.2653480315894261
46,inference_affirm,standard,14,0.58,-0.693033445465682,0.3185045032459914,0.2592522516229957
46,inference_affirm,projected,14,0.63,-0.6907673118351053,0.3185045032459914,0.2592522516229957
46,inference_affirm,partial,14,0.59,-0.692143046067002,0.39622569781797967,0.2981128489089898
46,inference_affirm,standard,15,0.56,-0.6930931438556982,0.47775675486898705,0.4388783774344935
46,inference_affirm,projected,15,0.66,-0.6911025708598056,0.47775675486898705,0.4388783774344935
46,inference_affirm,partial,15,0.57,-0.6926739402325555,0.4488018000284424,0.42440090001422115
46,inference_affirm,standard,16,0.58,-0.6929774814782891,0.4648032224403223,0.23240161122016115
46,inference_affirm,projected,16,0.63,-0.6895509684156057,0.46632716743193,0.233163583715965
46,inference_affirm,partial,16,0.6,-0.6913909894196286,0.4061313402634292,0.3030656701317146
46,inference_affirm,standard,17,0.6,-0.6929197605361429,0.3977496428095873,0.19887482140479365
46,inference_affirm,projected,17,0.59,-0.6888771483134107,0.3977496428095873,0.19887482140479365
46,inference_affirm,partial,17,0.64,-0.6907255413158068,0.3535552380529665,0.17677761902648326
46,inference_affirm,standard,18,0.57,-0.6928823579368705,0.3230763382208142,0.1615381691104071
46,inference_affirm,projected,18,0.58,-0.6886415262627251,0.3230763382208142,0.1615381691104071
46,inference_affirm,partial,18,0.66,-0.6903806624763155,0.3642228529942198,0.1821114264971099
46,inference_affirm,standard,19,0.59,-0.6929024374378169,0.3619369355068084,0.1809684677534042
46,inference_affirm,projected,19,0.59,-0.6889638343138245,0.3619369355068084,0.1809684677534042
46,inference_affirm,partial,19,0.65,-0.6907300691405215,0.41375106522146726,0.30687553261073364
46,inference_affirm,standard,20,0.62,-0.6928489451071185,0.2986932183550924,0.1493466091775462
46,inference_affirm,projected,20,0.55,-0.6883560535332124,0.3116467507837571,0.15582337539187854
46,inference_affirm,partial,20,0.63,-0.6904960205291872,0.4320384051207586,0.3160192025603793
46,inference_categories,standard,1,0.67,-0.6931066290650634,0.2865016584222314,0.24325082921111568
46,inference_categories,projected,1,0.62,-0.6928368167299718,0.2865016584222314,0.24325082921111568
46,inference_categories,partial,1,0.63,-0.6928611411260807,0.3017411083383076,0.25087055416915377
46,inference_categories,standard,2,0.59,-0.6929378880494416,0.20192271138800885,0.20096135569400442
46,inference_categories,projected,2,0.6,-0.6908404468140665,0.20192271138800885,0.20096135569400442
46,inference_categories,partial,2,0.49,-0.693189931913727,0.017525367403487563,0.008762683701743781
46,inference_categories,standard,3,0.59,-0.6928833235943982,0.36117496301100455,0.2805874815055023
46,inference_categories,projected,3,0.61,-0.6900594469521566,0.3459355130949284,0.2729677565474642
46,inference_categories,partial,3,0.56,-0.6924896278840416,0.11962968184119771,0.059814840920598855
46,inference_categories,standard,4,0.59,-0.6929093817812081,0.30936083329634567,0.15468041664817284
46,inference_categories,projected,4,0.62,-0.6903002233506877,0.30936083329634567,0.15468041664817284
46,inference_categories,partial,4,0.55,-0.6927129281175075,0.16534803158942615,0.18267401579471304
46,inference_categories,standard,5,0.61,-0.6929808398148904,0.2476410611362373,0.02382053056811867
46,inference_categories,projected,5,0.6,-0.6910373454563973,0.23468752870757256,0.017343764353786303
46,inference_categories,partial,5,0.51,-0.6933078380407746,0.28192982344740863,0.14096491172370432
46,inference_categories,standard,6,0.63,-0.6929525644894131,0.3322200081704599,0.16611000408522994
46,inference_categories,projected,6,0.61,-0.690763619765572,0.3390777606326941,0.16953888031634706
46,inference_categories,partial,6,0.54,-0.6930094525012664,0.3802242754060997,0.29011213770304983
46,inference_categories,standard,7,0.57,-0.6930080646053434,0.28497771343062384,0.14248885671531192
46,inference_categories,projected,7,0.57,-0.6913388878117749,0.27431009848937055,0.13715504924468527
46,inference_categories,partial,7,0.51,-0.6930694344969323,0.3360298706494789,0.06801493532473948
46,inference_categories,standard,8,0.55,-0.6930718955091527,0.37031863296065026,0.2851593164803251
46,inference_categories,projected,8,0.64,-0.6918357685927222,0.36346088049841596,0.28173044024920796
46,inference_categories,partial,8,0.46,-0.6934963442127267,0.27735798847258575,0.13867899423629287
46,inference_categories,standard,9,0.57,-0.6930442569525885,0.10210431443771015,-0.048947842781144904
46,inference_categories,projected,9,0.62,-0.6916565232090534,0.10210431443771015,-0.048947842781144904
46,inference_categories,partial,9,0.47,-0.6930924635769733,0.17753959152228704,-0.011230204238856456
46,inference_categories,standard,10,0.61,-0.6930343805183248,0.14629871919433096,-0.026850640402834497
46,inference_categories,projected,10,0.63,-0.6915878123390619,0.14629871919433096,-0.026850640402834497
46,inference_categories,partial,10,0.52,-0.6931043434413278,0.17372972904326803,-0.013135135478365964
46,inference_categories,standard,11,0.56,-0.6930339091751492,0.37108060545645405,0.08554030272822705
46,inference_categories,projected,11,0.59,-0.6912670520296667,0.37108060545645405,0.08554030272822705
46,inference_categories,partial,11,0.48,-0.6931385925626735,0.2026846838838127,0.0013423419419063692
46,inference_categories,standard,12,0.55,-0.6930602723892377,0.22249596877471167,0.11124798438735584
46,inference_categories,projected,12,0.64,-0.6913655975987213,0.23392555621176875,0.11696277810588437
46,inference_categories,partial,12,0.49,-0.6931047421430574,0.23468752870757256,0.11734376435378628
46,inference_categories,standard,13,0.56,-0.6930114623802011,0.1493466091775462,0.0746733045887731
46,inference_categories,projected,13,0.62,-0.6912251445726386,0.13639307674888146,0.06819653837444073
46,inference_categories,partial,13,0.47,-0.6932829389136513,0.18058748150550227,0.09029374075275114
46,inference_categories,standard,14,0.56,-0.6929762887257904,0.2758340434809782,0.1379170217404891
46,inference_categories,projected,14,0.61,-0.6908205227913976,0.2872636309180353,0.14363181545901765
46,inference_categories,partial,14,0.46,-0.6931023569110952,0.26440445604392104,0.13220222802196052
46,inference_categories,standard,15,0.58,-0.6929170839867339,0.08838880951324163,-0.055805595243379164
46,inference_categories,projected,15,0.62,-0.6905137979046836,0.08838880951324163,-0.055805595243379164
46,inference_categories,partial,15,0.48,-0.6936522228352062,0.06705357963073502,0.03352678981536751
46,inference_categories,standard,16,0.56,-0.692802323654752,0.09905642445449492,0.04952821222724746
46,inference_categories,projected,16,0.57,-0.6890670312621175,0.09905642445449492,0.04952821222724746
46,inference_categories,partial,16,0.58,-0.6930284419568216,-0.0106676149412533,-0.00533380747062665
46,inference_categories,standard,17,0.56,-0.6927452622655487,0.1432508292111157,0.07162541460555785
46,inference_categories,projected,17,0.54,-0.6884331350835013,0.1432508292111157,0.07162541460555785
46,inference_categories,partial,17,0.53,-0.6924619598096369,0.03352678981536751,-0.08323660509231623
46,inference_categories,standard,18,0.55,-0.692782512068049,0.17144381155585658,0.08572190577792829
46,inference_categories,projected,18,0.55,-0.6886570465848402,0.17144381155585658,0.08572190577792829
46,inference_categories,partial,18,0.5,-0.6926473523626621,-0.0007619724958038071,-0.10038098624790188
46,inference_categories,standard,19,0.56,-0.6928025346623242,0.13105926927825481,0.06552963463912741
46,inference_categories,projected,19,0.53,-0.6889708835639142,0.13105926927825481,0.06552963463912741
46,inference_categories,partial,19,0.52,-0.6930265365826123,0.03733665229438655,-0.08133167385280671
46,inference_categories,standard,20,0.59,-0.6927492628649415,0.1295353242866472,0.0647676621433236
46,inference_categories,projected,20,0.57,-0.6883790201198058,0.1295353242866472,0.0647676621433236
46,inference_categories,partial,20,0.55,-0.6933807064184428,0.10591417691672918,0.05295708845836459
47,choice_only,standard,1,0.59,-0.6930526821563222,0.290527174589545,-0.0547364127052275
47,choice_only,projected,1,0.7,-0.6923373481182822,0.290527174589545,-0.0547364127052275
47,choice_only,partial,1,0.7,-0.6923373481182822,0.290527174589545,-0.0547364127052275
47,choice_only,standard,2,0.46,-0.6931768377246561,-0.17944325489354251,-0.38972162744677125
47,choice_only,projected,2,0.36,-0.6947879674449418,-0.17944325489354251,-0.38972162744677125
47,choice_only,partial,2,0.36,-0.6947879674449418,-0.17944325489354251,-0.38972162744677125
47,choice_only,standard,3,0.54,-0.6931139710494293,-0.030295614462546135,-0.31514780723127306
47,choice_only,projected,3,0.49,-0.6937803255051038,-0.030295614462546135,-0.31514780723127306
47,choice_only,partial,3,0.49,-0.6937803255051038,-0.030295614462546135,-0.31514780723127306
47,choice_only,standard,4,0.64,-0.6930455565724766,0.006214485017958182,-0.19689275749102092
47,choice_only,projected,4,0.56,-0.6926760871935334,0.006214485017958182,-0.19689275749102092
47,choice_only,partial,4,0.56,-0.6926760871935334,0.006214485017958182,-0.19689275749102092
47,choice_only,standard,5,0.55,-0.6930712027253965,0.04194777387121773,-0.17902611306439115
47,choice_only,projected,5,0.55,-0.6931651428680273,0.04194777387121773,-0.17902611306439115
47,choice_only,partial,5,0.55,-0.6931651428680273,0.04194777387121773,-0.17902611306439115
47,choice_only,standard,6,0.61,-0.6929714522817411,0.19420265681119322,0.09710132840559661
47,choice_only,projected,6,0.61,-0.6911406832563575,0.19420265681119322,0.09710132840559661
47,choice_only,partial,6,0.61,-0.6911406832563575,0.19420265681119322,0.09710132840559661
47,choice_only,standard,7,0.65,-0.6928387515715854,0.17633601238456342,-0.011831993807718266
47,choice_only,projected,7,0.69,-0.6890518167303873,0.17633601238456342,-0.011831993807718266
47,choice_only,partial,7,0.69,-0.6890518167303873,0.17633601238456342,-0.011831993807718266
47,choice_only,standard,8,0.64,-0.6928419944029754,0.22605189252822888,0.11302594626411444
47,choice_only,projected,8,0.65,-0.6891965296369696,0.22605189252822888,0.11302594626411444
47,choice_only,partial,8,0.65,-0.6891965296369696,0.22605189252822888,0.11302594626411444
47,choice_only,standard,9,0.61,-0.6929518640956531,0.2338199988006766,0.1169099994003383
47,choice_only,projected,9,0.58,-0.6905535252262864,0.2338199988006766,0.1169099994003383
47,choice_only,partial,9,0.58,-0.6905535252262864,0.2338199988006766,0.1169099994003383
47,choice_only,standard,10,0.58,-0.6929749373415578,0.19420265681119322,0.09710132840559661
47,choice_only,projected,10,0.57,-0.690958786269875,0.19420265681119322,0.09710132840559661
47,choice_only,partial,10,0.57,-0.690958786269875,0.19420265681119322,0.09710132840559661
47,choice_only,standard,11,0.57,-0.6930108447100131,0.16390704234864706,-0.01804647882567645
47,choice_only,projected,11,0.58,-0.6912217362929699,0.16390704234864706,-0.01804647882567645
47,choice_only,partial,11,0.58,-0.6912217362929699,0.16390704234864706,-0.01804647882567645
47,choice_only,standard,12,0.6,-0.692997782841774,0.08777960087865933,-0.056110199560670315
47,choice_only,projected,12,0.62,-0.690911099218207,0.11807521534120548,-0.04096239232939724
47,choice_only,partial,12,0.62,-0.690911099218207,0.11807521534120548,-0.04096239232939724
47,choice_only,standard,13,0.58,-0.6929777625364016,0.10176219216906525,-0.04911890391546735
47,choice_only,projected,13,0.62,-0.6904479585475337,0.11496797283222637,-0.04251601358388679
47,choice_only,partial,13,0.62,-0.6904479585475337,0.11496797283222637,-0.04251601358388679
47,choice_only,standard,14,0.58,-0.6929597774686909,0.04194777387121773,-0.17902611306439115
47,choice_only,projected,14,0.61,-0.6904132630117636,0.05515355453437887,-0.17242322273281058
47,choice_only,partial,14,0.61,-0.6904132630117636,0.05515355453437887,-0.17242322273281058
47,choice_only,standard,15,0.57,-0.6929124290912684,0.12118245785018454,-0.03940877107490771
47,choice_only,projected,15,0.62,-0.6897097013259671,0.12118245785018454,-0.03940877107490771
47,choice_only,partial,15,0.62,-0.6897097013259671,0.12118245785018454,-0.03940877107490771
47,choice_only,standard,16,0.64,-0.6927435587163773,0.14992445105824115,-0.025037774470879404
47,choice_only,projected,16,0.69,-0.68676421331524,0.14992445105824115,-0.025037774470879404
47,choice_only,partial,16,0.69,-0.68676421331524,0.14992445105824115,-0.025037774470879404
47,choice_only,standard,17,0.66,-0.6926689753173244,0.12817375349538754,-0.03591312325230621
47,choice_only,projected,17,0.66,-0.6860913293071919,0.1429331554130382,-0.02853342229348088
47,choice_only,partial,17,0.66,-0.6860913293071919,0.1429331554130382,-0.02853342229348088
47,choice_only,standard,18,0.64,-0.6927306833387764,0.18798817179323504,-0.0060059141033824565
47,choice_only,projected,18,0.65,-0.6872948848309853,0.18798817179323504,-0.0060059141033824565
47,choice_only,partial,18,0.65,-0.6872948848309853,0.18798817179323504,-0.0060059141033824565
47,choice_only,standard,19,0.63,-0.6927189549128202,0.23071275629169752,0.015356378145848781
47,choice_only,projected,19,0.64,-0.6873860626591471,0.23071275629169752,0.015356378145848781
47,choice_only,partial,19,0.64,-0.6873860626591471,0.23071275629169752,0.015356378145848781
47,choice_only,standard,20,0.61,-0.6927704963976143,0.1576925573306889,0.07884627866534445
47,choice_only,projected,20,0.61,-0.6882831287821027,0.17478239113007388,0.08739119556503694
47,choice_only,partial,20,0.61,-0.6882831287821027,0.17478239113007388,0.08739119556503694
47,inference_affirm,standard,1,0.41,-0.6932417796569507,-0.290527174589545,-0.5452635872947725
47,inference_affirm,projected,1,0.3,-0.6939617383741178,-0.290527174589545,-0.5452635872947725
47,inference_affirm,partial,1,0.58,-0.6930754836367029,-0.10719986655977864,-0.3535999332798893
47,inference_affirm,standard,2,0.54,-0.6931176515936578,0.17944325489354251,-0.11027837255322875
47,inference_affirm,projected,2,0.64,-0.6915394206006641,0.17944325489354251,-0.11027837255322875
47,inference_affirm,partial,2,0.68,-0.6905956748411295,0.34101986536045525,0.07050993268022765
47,inference_affirm,standard,3,0.62,-0.6930548085595258,0.2509098326000616,-0.17454508369996918
47,inference_affirm,projected,3,0.73,-0.6905368416490123,0.2509098326000616,-0.17454508369996918
47,inference_affirm,partial,3,0.78,-0.6897763663749806,0.46297913383788464,0.13148956691894234
47,inference_affirm,standard,4,0.66,-0.6929864653484554,0.2540170751090407,0.027008537554520373
47,inference_affirm,projected,4,0.79,-0.6894522693211736,0.2540170751090407,0.027008537554520373
47,inference_affirm,partial,4,0.8,-0.6891049018558612,0.41481687494870867,0.10740843747435436
47,inference_affirm,standard,5,0.58,-0.6930119608138344,0.1522548829399755,-0.02387255853001223
47,inference_affirm,projected,5,0.76,-0.689891168701142,0.1522548829399755,-0.02387255853001223
47,inference_affirm,partial,5,0.77,-0.6895484258335866,0.3860748817406521,0.19303744087032604
47,inference_affirm,standard,6,0.65,-0.6929122271531379,0.13904910227681433,-0.030475448861592813
47,inference_affirm,projected,6,0.77,-0.687892506427513,0.13904910227681433,-0.030475448861592813
47,inference_affirm,partial,6,0.72,-0.6883541169960394,0.31227787215239866,0.05613893607619935
47,inference_affirm,standard,7,0.68,-0.6927798467334282,0.22993594566445275,0.014967972832226395
47,inference_affirm,projected,7,0.79,-0.6858798633883759,0.2066316268471096,0.003315813423554817
47,inference_affirm,partial,7,0.77,-0.6868175309189972,0.27033009828118093,0.03516504914059049
47,inference_affirm,standard,8,0.68,-0.6927830453837792,0.24391853695485868,0.021959268477429364
47,inference_affirm,projected,8,0.8,-0.6860108125283404,0.24081129444587956,0.020405647222939804
47,inference_affirm,partial,8,0.74,-0.6865034385951231,0.2338199988006766,0.016909999400338327
47,inference_affirm,standard,9,0.64,-0.6928928217792469,0.16856790611211572,-0.015716046943942116
47,inference_affirm,projected,9,0.73,-0.6873264449158651,0.16856790611211572,-0.015716046943942116
47,inference_affirm,partial,9,0.69,-0.6870684778577292,0.17866644426629777,0.08933322213314888
47,inference_affirm,standard,10,0.65,-0.6929157917220894,0.18488092928425592,-0.007559535357872016
47,inference_affirm,projected,10,0.66,-0.6876916451355237,0.17711282301180822,-0.011443588494095866
47,inference_affirm,partial,10,0.66,-0.6872306246474292,0.14992445105824115,0.07496222552912057
47,inference_affirm,standard,11,0.63,-0.6929517337425483,0.143709966040283,-0.02814501697985848
47,inference_affirm,projected,11,0.67,-0.6879684686893985,0.153808504194465,-0.02309574790276747
47,inference_affirm,partial,11,0.64,-0.6877845930952056,0.12040564722293978,-0.13979717638853012
47,inference_affirm,standard,12,0.56,-0.692938827486163,0.06214485017958182,-0.1689275749102091
47,inference_affirm,projected,12,0.69,-0.6877018328716491,0.06214485017958182,-0.1689275749102091
47,inference_affirm,partial,12,0.68,-0.6874877938176054,0.12118245785018454,-0.03940877107490771
47,inference_affirm,standard,13,0.58,-0.6929188503662725,0.0862259796241698,-0.15688701018791512
47,inference_affirm,projected,13,0.66,-0.6872390700644085,0.05670717578886842,-0.1716464121055658
47,inference_affirm,partial,13,0.66,-0.6872600311515875,0.12428970035916365,-0.1378551498204182
47,inference_affirm,standard,14,0.59,-0.6929007540860077,0.07612744146998775,-0.16193627926500614
47,inference_affirm,projected,14,0.67,-0.6871684502046231,0.054376743907134095,-0.17281162804643296
47,inference_affirm,partial,14,0.64,-0.6871466931011667,0.11574478345947116,-0.14212760827026444
47,inference_affirm,standard,15,0.6,-0.6928534351517683,0.085449168996925,-0.1572754155015375
47,inference_affirm,projected,15,0.68,-0.686471688942714,0.085449168996925,-0.1572754155015375
47,inference_affirm,partial,15,0.65,-0.6863887715538648,0.11962883659569501,-0.1401855817021525
47,inference_affirm,standard,16,0.57,-0.6926851244795751,0.17089833799385,-0.114550831003075
47,inference_affirm,projected,16,0.77,-0.6837235692449017,0.17089833799385,-0.114550831003075
47,inference_affirm,partial,16,0.74,-0.6846497122875482,0.21906059688302595,-0.09046970155848703
47,inference_affirm,standard,17,0.6,-0.6926103101920557,0.1887649824204798,-0.005617508789760084
47,inference_affirm,projected,17,0.77,-0.683024675982423,0.1724519592483396,-0.11377402037583022
47,inference_affirm,partial,17,0.7,-0.6841702826083998,0.24469534758210346,0.02234767379105175
47,inference_affirm,standard,18,0.61,-0.6925489285165247,0.1654606636031366,-0.017269668198431676
47,inference_affirm,projected,18,0.78,-0.6818908375011958,0.1654606636031366,-0.017269668198431676
47,inference_affirm,partial,18,0.73,-0.6833381370609716,0.20740843747435433,-0.09629578126282284
47,inference_affirm,standard,19,0.63,-0.6925371808808768,0.18410411865701115,-0.007947940671494402
47,inference_affirm,projected,19,0.79,-0.68198071787895,0.18410411865701115,-0.007947940671494402
47,inference_affirm,partial,19,0.72,-0.6836313547206965,0.22915913503720797,-0.08542043248139602
47,inference_affirm,standard,20,0.66,-0.6925885781483635,0.143709966040283,-0.02814501697985848
47,inference_affirm,projected,20,0.75,-0.6828187088167276,0.143709966040283,-0.02814501697985848
47,inference_affirm,partial,20,0.66,-0.6847185049233395,0.29829528086199275,0.14914764043099638
47,inference_categories,standard,1,0.41,-0.6932417796569507,-0.290527174589545,-0.5452635872947725
47,inference_categories,projected,1,0.3,-0.6939617383741178,-0.290527174589545,-0.5452635872947725
47,inference_categories,partial,1,0.67,-0.6921172934173911,0.05359993327988932,-0.2732000333600553
47,inference_categories,standard,2,0.31,-0.693366062876479,-0.38063720734993867,-0.4903186036749693
47,inference_categories,projected,2,0.29,-0.696423333163814,-0.38063720734993867,-0.4903186036749693
47,inference_categories,partial,2,0.38,-0.6937320537991752,-0.23459680942792138,-0.3172984047139607
47,inference_categories,standard,3,0.37,-0.6933031618761109,-0.3472343503784134,-0.47361717518920665
47,inference_categories,projected,3,0.38,-0.6954113185050637,-0.3472343503784134,-0.47361717518920665
47,inference_categories,partial,3,0.55,-0.6927686379836888,-0.17711282301180822,-0.2885564115059041
47,inference_categories,standard,4,0.42,-0.6932347639784782,-0.24780259009108252,-0.42390129504554125
47,inference_categories,projected,4,0.46,-0.6943024643402523,-0.2377040519369005,-0.4188520259684502
47,inference_categories,partial,4,0.61,-0.6920120252701751,0.09011003276039364,-0.054944983619803156
47,inference_categories,standard,5,0.46,-0.6932605524557833,-0.05826079704335796,-0.12913039852167896
47,inference_categories,projected,5,0.51,-0.6948051807113949,-0.05826079704335796,-0.12913039852167896
47,inference_categories,partial,5,0.51,-0.6928159215718955,-0.027188371953567048,-0.21359418597678353
47,inference_categories,standard,6,0.52,-0.6931608073597059,0.02641156132632227,-0.28679421933683885
47,inference_categories,projected,6,0.58,-0.6927840834017931,0.02641156132632227,-0.28679421933683885
47,inference_categories,partial,6,0.58,-0.6919699813269226,0.06835933519754002,-0.16582033240123
47,inference_categories,standard,7,0.61,-0.6930281637901055,0.07612744146998775,-0.16193627926500614
47,inference_categories,projected,7,0.62,-0.6906920546899848,0.059814418297847505,-0.17009279085107626
47,inference_categories,partial,7,0.61,-0.6909704706104236,0.017089833799385005,-0.1914550831003075
47,inference_categories,standard,8,0.59,-0.6930249303940808,0.048939069516420686,-0.17553046524178967
47,inference_categories,projected,8,0.62,-0.6905466196552043,0.048939069516420686,-0.17553046524178967
47,inference_categories,partial,8,0.6,-0.6915531320696268,0.11030710906875774,-0.04484644546562111
47,inference_categories,standard,9,0.58,-0.6931348849090914,0.07535063084274296,-0.16232468457862853
47,inference_categories,projected,9,0.61,-0.6919013584561503,0.07379700958825341,-0.1631014952058733
47,inference_categories,partial,9,0.58,-0.6921729747789387,0.09554770715110705,-0.15222614642444648
47,inference_categories,standard,10,0.55,-0.6931580965943929,0.023304318817343187,-0.18834784059132842
47,inference_categories,projected,10,0.6,-0.6923072225935901,0.023304318817343187,-0.18834784059132842
47,inference_categories,partial,10,0.58,-0.6924637481251188,0.14837082980375163,-0.1258145850981242
47,inference_categories,standard,11,0.53,-0.6931940492915944,-0.006214485017958182,-0.2031072425089791
47,inference_categories,projected,11,0.6,-0.6925732969607747,-0.006214485017958182,-0.2031072425089791
47,inference_categories,partial,11,0.6,-0.6927111142262877,0.017089833799385005,-0.1914550831003075
47,inference_categories,standard,12,0.55,-0.6932072350558163,0.03262604634428046,-0.18368697682785978
47,inference_categories,projected,12,0.6,-0.6928893166454582,0.03262604634428046,-0.18368697682785978
47,inference_categories,partial,12,0.55,-0.6946664217942182,0.013205780663161136,-0.19339710966841944
47,inference_categories,standard,13,0.55,-0.6931874468719372,0.018643455053874547,-0.0906782724730627
47,inference_categories,projected,13,0.59,-0.6924386376997582,0.018643455053874547,-0.0906782724730627
47,inference_categories,partial,13,0.58,-0.694456028784237,0.05593036516162364,-0.1720348174191882
47,inference_categories,standard,14,0.56,-0.6931698905818316,0.034956478226014776,-0.08252176088699259
47,inference_categories,projected,14,0.59,-0.692441584147955,0.034956478226014776,-0.08252176088699259
47,inference_categories,partial,14,0.58,-0.6944099507625416,0.08855641150590411,0.044278205752952056
47,inference_categories,standard,15,0.54,-0.6932173244678873,0.004660863763468637,-0.09766956811826566
47,inference_categories,projected,15,0.58,-0.6931540030503497,0.003107242508979091,-0.09844637874551043
47,inference_categories,partial,15,0.57,-0.6950267613149513,0.057483986416113186,-0.07125800679194338
47,inference_categories,standard,16,0.58,-0.693047193196378,0.028741993208056593,-0.18562900339597171
47,inference_categories,projected,16,0.64,-0.6900212136087381,0.045831827007441595,-0.1770840864962792
47,inference_categories,partial,16,0.56,-0.6932293998244513,0.04117096324397296,-0.0794145183780135
47,inference_categories,standard,17,0.56,-0.6931218872985838,-0.010098538154182046,-0.20504926907709103
47,inference_categories,projected,17,0.63,-0.6907080702297861,-0.010098538154182046,-0.20504926907709103
47,inference_categories,partial,17,0.54,-0.6941433719189769,0.07612744146998775,0.038063720734993874
47,inference_categories,standard,18,0.55,-0.6930603949177622,-0.012428970035916365,-0.2062144850179582
47,inference_categories,projected,18,0.63,-0.6895308580323602,-0.012428970035916365,-0.2062144850179582
47,inference_categories,partial,18,0.54,-0.6936110943069361,-0.013205780663161136,-0.10660289033158055
47,inference_categories,standard,19,0.57,-0.6930722038922116,0.02252750819009841,-0.1887362459049508
47,inference_categories,projected,19,0.64,-0.689442752015293,0.02252750819009841,-0.1887362459049508
47,inference_categories,partial,19,0.54,-0.6937091907882009,-0.0007768106272447728,-0.10038840531362236
47,inference_categories,standard,20,0.58,-0.6931239351058721,-0.003107242508979091,-0.20155362125448956
47,inference_categories,projected,20,0.61,-0.6903474155016879,-0.011652159408671594,-0.2058260797043358
47,inference_categories,partial,20,0.5,-0.6952788901509187,0.07612744146998775,-0.061936279265006104
48,choice_only,standard,1,0.55,-0.6931409472041079,0.03352503291575366,-0.28323748354212314
48,choice_only,projected,1,0.6,-0.6928459794531154,0.03352503291575366,-0.28323748354212314
48,choice_only,partial,1,0.6,-0.6928459794531154,0.03352503291575366,-0.28323748354212314
48,choice_only,standard,2,0.57,-0.6931100708880535,-0.13410013166301463,-0.3670500658315073
48,choice_only,projected,2,0.61,-0.6923992691594921,-0.13410013166301463,-0.3670500658315073
48,choice_only,partial,2,0.61,-0.6923992691594921,-0.13410013166301463,-0.3670500658315073
48,choice_only,standard,3,0.62,-0.6930897076127944,-0.11292642666359126,-0.35646321333179565
48,choice_only,projected,3,0.63,-0.6922622432601987,-0.11292642666359126,-0.35646321333179565
48,choice_only,partial,3,0.63,-0.6922622432601987,-0.11292642666359126,-0.35646321333179565
48,choice_only,standard,4,0.57,-0.6930311906714343,-0.17997649249509856,-0.48998824624754933
48,choice_only,projected,4,0.59,-0.6918404384278619,-0.17997649249509856,-0.48998824624754933
48,choice_only,partial,4,0.59,-0.6918404384278619,-0.17997649249509856,-0.48998824624754933
48,choice_only,standard,5,0.59,-0.6930374761592561,-0.16233173832891243,-0.48116586916445625
48,choice_only,projected,5,0.63,-0.6918873176484455,-0.16233173832891243,-0.48116586916445625
48,choice_only,partial,5,0.63,-0.6918873176484455,-0.16233173832891243,-0.48116586916445625
48,choice_only,standard,6,0.6,-0.6930579746746361,-0.19762124666128472,-0.4988106233306424
48,choice_only,projected,6,0.62,-0.6922272531963667,-0.19762124666128472,-0.4988106233306424
48,choice_only,partial,6,0.62,-0.6922272531963667,-0.19762124666128472,-0.4988106233306424
48,choice_only,standard,7,0.63,-0.6929058790316387,-0.06881454124812592,-0.33440727062406295
48,choice_only,projected,7,0.64,-0.6902690685429173,-0.06881454124812592,-0.33440727062406295
48,choice_only,partial,7,0.64,-0.6902690685429173,-0.06881454124812592,-0.33440727062406295
48,choice_only,standard,8,0.57,-0.6930538356056681,-0.03528950833237227,-0.31764475416618615
48,choice_only,projected,8,0.59,-0.6927138924821985,-0.03528950833237227,-0.31764475416618615
48,choice_only,partial,8,0.59,-0.6927138924821985,-0.03528950833237227,-0.31764475416618615
48,choice_only,standard,9,0.65,-0.6930138545511124,-0.008822377083093068,-0.30441118854154653
48,choice_only,projected,9,0.63,-0.6919497396137537,0.003528950833237227,-0.2982355245833814
48,choice_only,partial,9,0.63,-0.6919497396137537,0.003528950833237227,-0.2982355245833814
48,choice_only,standard,10,0.65,-0.692972243508067,-0.06352111499827008,-0.331760557499135
48,choice_only,projected,10,0.67,-0.6915020087865352,-0.06352111499827008,-0.331760557499135
48,choice_only,partial,10,0.67,-0.6915020087865352,-0.06352111499827008,-0.331760557499135
48,choice_only,standard,11,0.66,-0.6929247302794721,0.012351327916330295,-0.19382433604183485
48,choice_only,projected,11,0.66,-0.6906220910645894,0.012351327916330295,-0.19382433604183485
48,choice_only,partial,11,0.66,-0.6906220910645894,0.012351327916330295,-0.19382433604183485
48,choice_only,standard,12,0.69,-0.6929752872365217,0.09881062333064236,-0.15059468833467882
48,choice_only,projected,12,0.67,-0.6910242571153975,0.09881062333064236,-0.15059468833467882
48,choice_only,partial,12,0.67,-0.6910242571153975,0.09881062333064236,-0.15059468833467882
48,choice_only,standard,13,0.64,-0.6929799060635813,0.2593778862429362,-0.07031105687853192
48,choice_only,projected,13,0.72,-0.6912807353725541,0.2593778862429362,-0.07031105687853192
48,choice_only,partial,13,0.72,-0.6912807353725541,0.2593778862429362,-0.07031105687853192
48,choice_only,standard,14,0.65,-0.6928126788490129,0.04411188541546534,-0.27794405729226734
48,choice_only,projected,14,0.66,-0.6888495764657476,0.04411188541546534,-0.27794405729226734
48,choice_only,partial,14,0.66,-0.6888495764657476,0.04411188541546534,-0.27794405729226734
48,choice_only,standard,15,0.63,-0.6927860087099943,0.08822377083093068,-0.25588811458453464
48,choice_only,projected,15,0.67,-0.6888948661884433,0.10233957416387958,-0.2488302129180602
48,choice_only,partial,15,0.67,-0.6888948661884433,0.10233957416387958,-0.2488302129180602
48,choice_only,standard,16,0.66,-0.6928049668525528,0.10586852499711681,-0.2470657375014416
48,choice_only,projected,16,0.68,-0.6887704662922336,0.10586852499711681,-0.2470657375014416
48,choice_only,partial,16,0.68,-0.6887704662922336,0.10586852499711681,-0.2470657375014416
48,choice_only,standard,17,0.68,-0.6927933083371207,0.10586852499711681,-0.2470657375014416
48,choice_only,projected,17,0.66,-0.688363459852302,0.10586852499711681,-0.2470657375014416
48,choice_only,partial,17,0.66,-0.688363459852302,0.10586852499711681,-0.2470657375014416
48,choice_only,standard,18,0.67,-0.6927458098075248,0.14998041041258217,-0.12500979479370894
48,choice_only,projected,18,0.65,-0.6879364071855467,0.14998041041258217,-0.12500979479370894
48,choice_only,partial,18,0.65,-0.6879364071855467,0.14998041041258217,-0.12500979479370894
48,choice_only,standard,19,0.69,-0.6928016228302003,0.26643578790941064,-0.06678210604529469
48,choice_only,projected,19,0.67,-0.6886390592996681,0.27878711582574095,-0.060606442087129536
48,choice_only,partial,19,0.67,-0.6886390592996681,0.27878711582574095,-0.060606442087129536
48,choice_only,standard,20,0.69,-0.6927603392543172,0.2223239024939453,-0.08883804875302737
48,choice_only,projected,20,0.67,-0.6880659494002097,0.2346752304102756,-0.08266238479486221
48,choice_only,partial,20,0.67,-0.6880659494002097,0.2346752304102756,-0.08266238479486221
48,inference_affirm,standard,1,0.55,-0.6931409472041079,0.03352503291575366,-0.28323748354212314
48,inference_affirm,projected,1,0.6,-0.6928459794531154,0.03352503291575366,-0.28323748354212314
48,inference_affirm,partial,1,0.58,-0.6929723869184098,-0.019416530402917305,-0.30970826520145867
48,inference_affirm,standard,2,0.57,-0.6931100708880535,-0.13410013166301463,-0.3670500658315073
48,inference_affirm,projected,2,0.61,-0.6923992691594921,-0.13410013166301463,-0.3670500658315073
48,inference_affirm,partial,2,0.62,-0.6923916635639192,-0.2611423616595548,-0.4305711808297774
48,inference_affirm,standard,3,0.54,-0.6931304463000041,-0.10410404958049821,-0.3520520247902491
48,inference_affirm,projected,3,0.59,-0.6925370756147059,-0.10410404958049821,-0.3520520247902491
48,inference_affirm,partial,3,0.58,-0.6927859271247033,-0.21173704999423362,-0.4058685249971168
48,inference_affirm,standard,4,0.57,-0.6930718457440616,-0.13762908249625183,-0.3688145412481259
48,inference_affirm,projected,4,0.59,-0.6921109494908226,-0.13762908249625183,-0.3688145412481259
48,inference_affirm,partial,4,0.62,-0.6927482549030473,-0.25761341082631756,-0.5288067054131588
48,inference_affirm,standard,5,0.57,-0.6930781521595784,-0.14468698416272632,-0.37234349208136314
48,inference_affirm,projected,5,0.59,-0.6921598477829366,-0.14468698416272632,-0.37234349208136314
48,inference_affirm,partial,5,0.6,-0.692996215754133,-0.4093582966555183,-0.6046791483277592
48,inference_affirm,standard,6,0.57,-0.6930576840983275,-0.2540844599930803,-0.4270422299965402
48,inference_affirm,projected,6,0.58,-0.6918249064220586,-0.2540844599930803,-0.4270422299965402
48,inference_affirm,partial,6,0.61,-0.6923859807980998,-0.41641619832199284,-0.6082080991609964
48,inference_affirm,standard,7,0.58,-0.6929058200791952,-0.18174096791171718,-0.39087048395585855
48,inference_affirm,projected,7,0.59,-0.689903245677195,-0.18174096791171718,-0.39087048395585855
48,inference_affirm,partial,7,0.62,-0.6906154032215065,-0.26996473874264787,-0.43498236937132395
48,inference_affirm,standard,8,0.57,-0.6930537799089157,-0.14998041041258217,-0.4749902052062911
48,inference_affirm,projected,8,0.59,-0.692338540253371,-0.13410013166301463,-0.4670500658315073
48,inference_affirm,partial,8,0.63,-0.690769315699812,-0.17115411541200548,-0.4855770577060028
48,inference_affirm,standard,9,0.58,-0.6930139115988768,-0.10763300041373543,-0.3538165002068677
48,inference_affirm,projected,9,0.6,-0.6915925996508001,-0.10763300041373543,-0.3538165002068677
48,inference_affirm,partial,9,0.63,-0.6899391815777243,-0.06352111499827008,-0.43176055749913506
48,inference_affirm,standard,10,0.58,-0.6930555485884378,0.052934262498558406,-0.1735328687507208
48,inference_affirm,projected,10,0.58,-0.6920373643202993,0.052934262498558406,-0.1735328687507208
48,inference_affirm,partial,10,0.64,-0.6904612593593373,0.0388184591656095,-0.28059077041719527
48,inference_affirm,standard,11,0.6,-0.6930080332031953,0.10586852499711681,-0.2470657375014416
48,inference_affirm,projected,11,0.64,-0.6911577007028995,0.08998824624754928,-0.25500587687622533
48,inference_affirm,partial,11,0.65,-0.689562286518213,0.028231606665897815,-0.28588419666705106
48,inference_affirm,standard,12,0.57,-0.6930586058182748,0.1199843283300657,-0.24000783583496715
48,inference_affirm,projected,12,0.59,-0.6915603112961877,0.1199843283300657,-0.24000783583496715
48,inference_affirm,partial,12,0.64,-0.6898585548054156,0.047640836248702564,-0.2761795818756487
48,inference_affirm,standard,13,0.55,-0.6930632215375299,0.3140766241581132,-0.0429616879209434
48,inference_affirm,projected,13,0.64,-0.6918149680851894,0.3140766241581132,-0.0429616879209434
48,inference_affirm,partial,13,0.64,-0.6897167243010003,0.28584501749221536,0.0429225087461077
48,inference_affirm,standard,14,0.58,-0.6928959307807111,0.20115019749452193,-0.19942490125273904
48,inference_affirm,projected,14,0.62,-0.6893924726628388,0.21350152541085224,-0.19324923729457388
48,inference_affirm,partial,14,0.67,-0.6876132720817845,0.17468306624524274,-0.11265846687737864
48,inference_affirm,standard,15,0.58,-0.6928692746218633,0.17291859082862412,-0.2135407045856879
48,inference_affirm,projected,15,0.61,-0.6894375788591367,0.17291859082862412,-0.2135407045856879
48,inference_affirm,partial,15,0.67,-0.6880135714183667,0.16233173832891243,-0.1188341308355438
48,inference_affirm,standard,16,0.63,-0.6928882394973606,0.2346752304102756,-0.1826623847948622
48,inference_affirm,projected,16,0.65,-0.6893135177427498,0.22408837791056394,-0.18795581104471804
48,inference_affirm,partial,16,0.68,-0.6883789394656801,0.20467914832775916,-0.09766042583612043
48,inference_affirm,standard,17,0.64,-0.6928999327790631,0.1199843283300657,-0.24000783583496715
48,inference_affirm,projected,17,0.64,-0.6897284649878199,0.132335656246396,-0.233832171876802
48,inference_affirm,partial,17,0.65,-0.688582224197813,0.1411580333294891,-0.12942098333525548
48,inference_affirm,standard,18,0.62,-0.6928523388571536,0.08293034458107483,-0.25853482770946257
48,inference_affirm,projected,18,0.65,-0.6892924856673297,0.08469481999769346,-0.25765259000115326
48,inference_affirm,partial,18,0.66,-0.6881692982625459,0.1464514595793449,-0.12677427021032756
48,inference_affirm,standard,19,0.6,-0.6927966977862238,0.08645929541431206,-0.25677035229284395
48,inference_affirm,projected,19,0.63,-0.688600817324497,0.08645929541431206,-0.25677035229284395
48,inference_affirm,partial,19,0.63,-0.6886461187374259,0.132335656246396,-0.233832171876802
48,inference_affirm,standard,20,0.6,-0.6927554905786809,0.07057901666474455,-0.2647104916676277
48,inference_affirm,projected,20,0.64,-0.6880334229472663,0.054698737915177015,-0.2726506310424115
48,inference_affirm,partial,20,0.64,-0.6882523829949895,0.054698737915177015,-0.2726506310424115
48,inference_categories,standard,1,0.55,-0.6931409472041079,0.03352503291575366,-0.28323748354212314
48,inference_categories,projected,1,0.6,-0.6928459794531154,0.03352503291575366,-0.28323748354212314
48,inference_categories,partial,1,0.58,-0.6929898049616281,0.017644754166186136,-0.2911776229169069
48,inference_categories,standard,2,0.49,-0.6931718839003256,0.17291859082862412,-0.2135407045856879
48,inference_categories,projected,2,0.51,-0.6932985850018066,0.17291859082862412,-0.2135407045856879
48,inference_categories,partial,2,0.58,-0.6928815830122965,0.2629068370761734,-0.06854658146191331
48,inference_categories,standard,3,0.46,-0.693151528975888,0.28584501749221536,0.0429225087461077
48,inference_categories,projected,3,0.48,-0.6931629743050334,0.28584501749221536,0.0429225087461077
48,inference_categories,partial,3,0.63,-0.6924775193784256,0.30525424707502014,0.05262712353751009
48,inference_categories,standard,4,0.55,-0.6930928417015296,0.2470265583266059,-0.07648672083669707
48,inference_categories,projected,4,0.57,-0.6927297709028182,0.2470265583266059,-0.07648672083669707
48,inference_categories,partial,4,0.68,-0.6924417886998111,0.3017252962417829,0.050862648120891474
48,inference_categories,standard,5,0.54,-0.693086586864823,0.12351327916330294,-0.13824336041834853
48,inference_categories,projected,5,0.57,-0.6926837930318765,0.12351327916330294,-0.13824336041834853
48,inference_categories,partial,5,0.65,-0.6921720817023385,0.26820026332602925,0.03410013166301465
48,inference_categories,standard,6,0.57,-0.693066139176884,0.15174488582920076,-0.2241275570853996
48,inference_categories,projected,6,0.54,-0.6923476208342255,0.16586068916214966,-0.21706965541892514
48,inference_categories,partial,6,0.62,-0.6915653655224341,0.2382041812435128,0.019102090621756426
48,inference_categories,standard,7,0.55,-0.6929141567104949,-0.04058293458222811,-0.42029146729111405
48,inference_categories,projected,7,0.62,-0.6903912002891027,-0.04058293458222811,-0.42029146729111405
48,inference_categories,partial,7,0.65,-0.6896579026118299,0.08469481999769346,-0.25765259000115326
48,inference_categories,standard,8,0.54,-0.6930621567922917,0.10586852499711681,-0.1470657375014416
48,inference_categories,projected,8,0.55,-0.6928449331376002,0.10586852499711681,-0.1470657375014416
48,inference_categories,partial,8,0.63,-0.6896748795564532,0.3123121487414946,0.05615607437074732
48,inference_categories,standard,9,0.51,-0.6930222905025564,0.23291075499365696,-0.08354462250317153
48,inference_categories,projected,9,0.6,-0.6920892263919525,0.21879495166070806,-0.09060252416964598
48,inference_categories,partial,9,0.64,-0.6888026625851495,0.44288332957127197,0.121441664785636
48,inference_categories,standard,10,0.52,-0.6929806794763198,0.15350936124581935,-0.32324531937709033
48,inference_categories,projected,10,0.61,-0.6916424699597372,0.15350936124581935,-0.32324531937709033
48,inference_categories,partial,10,0.64,-0.6888164133778745,0.3281924274910621,-0.03590378625446897
48,inference_categories,standard,11,0.52,-0.6929331453906084,0.18703439416157303,-0.20648280291921348
48,inference_categories,projected,11,0.65,-0.6907615563378107,0.17115411541200548,-0.31442294229399725
48,inference_categories,partial,11,0.65,-0.6879426111734525,0.3775977391563833,-0.01120113042180837
48,inference_categories,standard,12,0.57,-0.6929836461922548,0.17468306624524274,-0.2126584668773786
48,inference_categories,projected,12,0.62,-0.6911613781527671,0.17468306624524274,-0.2126584668773786
48,inference_categories,partial,12,0.67,-0.688272819548649,0.4993465429030676,0.14967327145153383
48,inference_categories,standard,13,0.58,-0.6929884097366324,0.21350152541085224,-0.19324923729457388
48,inference_categories,projected,13,0.64,-0.6914254779759282,0.21350152541085224,-0.19324923729457388
48,inference_categories,partial,13,0.68,-0.6880699614770153,0.5593387070681004,0.2796693535340502
48,inference_categories,standard,14,0.59,-0.6928213626279718,0.1411580333294891,-0.22942098333525546
48,inference_categories,projected,14,0.64,-0.6890233470416495,0.14292250874610768,-0.22853874562694615
48,inference_categories,partial,14,0.66,-0.6866967142879572,0.4605280837374581,0.13026404186872909
48,inference_categories,standard,15,0.6,-0.6927947147144201,0.18350544332833577,-0.20824727833583212
48,inference_categories,projected,15,0.65,-0.6890729370436158,0.18350544332833577,-0.20824727833583212
48,inference_categories,partial,15,0.65,-0.6868656478524677,0.46229255915407674,0.1311462795770384
48,inference_categories,standard,16,0.59,-0.6928135797703046,0.16233173832891243,-0.21883413083554376
48,inference_categories,projected,16,0.64,-0.6889370181492143,0.19762124666128472,-0.20118937666935763
48,inference_categories,partial,16,0.67,-0.687653483063285,0.45699913290422084,0.12849956645211044
48,inference_categories,standard,17,0.59,-0.6928252124991587,0.132335656246396,-0.233832171876802
48,inference_categories,projected,17,0.62,-0.6893468237508941,0.17821201707848,-0.21089399146076
48,inference_categories,partial,17,0.65,-0.6880382845768481,0.3881845916560949,0.09409229582804748
48,inference_categories,standard,18,0.61,-0.6927777294938423,0.12704222999654016,-0.23647888500172992
48,inference_categories,projected,18,0.64,-0.6889182541781015,0.17821201707848,-0.21089399146076
48,inference_categories,partial,18,0.62,-0.6876402162810261,0.35642403415696,0.07821201707848002
48,inference_categories,standard,19,0.6,-0.6927222480549975,0.02470265583266059,-0.2876486720836697
48,inference_categories,projected,19,0.65,-0.688241891241433,0.10233957416387958,-0.2488302129180602
48,inference_categories,partial,19,0.64,-0.6868910882341566,0.2717292141592665,0.035864607079633265
48,inference_categories,standard,20,0.62,-0.6926810127436681,0.06705006583150731,-0.26647496708424634
48,inference_categories,projected,20,0.64,-0.6876719291872155,0.08469481999769346,-0.25765259000115326
48,inference_categories,partial,20,0.6,-0.686500544181915,0.28408054207559674,0.042040271037798393
49,choice_only,standard,1,0.47,-0.693222663693369,0.07575974979444526,-0.06212012510277735
49,choice_only,projected,1,0.51,-0.6935446018379412,0.07575974979444526,-0.06212012510277735
49,choice_only,partial,1,0.51,-0.6935446018379412,0.07575974979444526,-0.06212012510277735
49,choice_only,standard,2,0.45,-0.6933032821891416,-0.040910264889000444,-0.22045513244450024
49,choice_only,projected,2,0.46,-0.6944154753086923,-0.040910264889000444,-0.22045513244450024
49,choice_only,partial,2,0.46,-0.6944154753086923,-0.040910264889000444,-0.22045513244450024
49,choice_only,standard,3,0.47,-0.6933305179722091,-0.2318248343710025,-0.21591241718550122
49,choice_only,projected,3,0.47,-0.6948135945984707,-0.2318248343710025,-0.21591241718550122
49,choice_only,partial,3,0.47,-0.6948135945984707,-0.2318248343710025,-0.21591241718550122
49,choice_only,standard,4,0.56,-0.6931353378894317,-0.015151949958889051,-0.3075759749794445
49,choice_only,projected,4,0.58,-0.692263774215141,-0.015151949958889051,-0.3075759749794445
49,choice_only,partial,4,0.58,-0.692263774215141,-0.015151949958889051,-0.3075759749794445
49,choice_only,standard,5,0.52,-0.6931447668267791,0.07121416480677854,-0.16439291759661073
49,choice_only,projected,5,0.55,-0.6924939732831911,0.07121416480677854,-0.16439291759661073
49,choice_only,partial,5,0.55,-0.6924939732831911,0.07121416480677854,-0.16439291759661073
49,choice_only,standard,6,0.51,-0.6931463625569285,0.1560650845765572,-0.1219674577117214
49,choice_only,projected,6,0.56,-0.6924159048255418,0.1560650845765572,-0.1219674577117214
49,choice_only,partial,6,0.56,-0.6924159048255418,0.1560650845765572,-0.1219674577117214
49,choice_only,standard,7,0.5,-0.6931625958554858,0.1227307946670013,-0.038634602666499325
49,choice_only,projected,7,0.5,-0.6926708286310891,0.10606364971222336,-0.0469681751438883
49,choice_only,partial,7,0.5,-0.6926708286310891,0.10606364971222336,-0.0469681751438883
49,choice_only,standard,8,0.49,-0.6931422208665593,0.1257611846587791,-0.13711940767061045
49,choice_only,projected,8,0.5,-0.6923744177907153,0.1257611846587791,-0.13711940767061045
49,choice_only,partial,8,0.5,-0.6923744177907153,0.1257611846587791,-0.13711940767061045
49,choice_only,standard,9,0.46,-0.6931976540266169,0.27576548925178074,0.13788274462589037
49,choice_only,projected,9,0.53,-0.6929691186146825,0.27576548925178074,0.13788274462589037
49,choice_only,partial,9,0.53,-0.6929691186146825,0.27576548925178074,0.13788274462589037
49,choice_only,standard,10,0.52,-0.6931087843392487,0.25303756431344715,-0.07348121784327644
49,choice_only,projected,10,0.55,-0.6920725863885363,0.2651591242805584,-0.06742043785972082
49,choice_only,partial,10,0.55,-0.6920725863885363,0.2651591242805584,-0.06742043785972082
49,choice_only,standard,11,0.45,-0.6931760121005204,0.39698108892289313,0.09849054446144659
49,choice_only,projected,11,0.55,-0.6927380233946794,0.39698108892289313,0.09849054446144659
49,choice_only,partial,11,0.55,-0.6927380233946794,0.39698108892289313,0.09849054446144659
49,choice_only,standard,12,0.46,-0.6931813782470182,0.3848595289557819,0.19242976447789095
49,choice_only,projected,12,0.53,-0.6922430501897178,0.3848595289557819,0.19242976447789095
49,choice_only,partial,12,0.53,-0.6922430501897178,0.3848595289557819,0.19242976447789095
49,choice_only,standard,13,0.48,-0.6932020072425935,0.351525239046226,0.175762619523113
49,choice_only,projected,13,0.53,-0.6928099700667417,0.351525239046226,0.175762619523113
49,choice_only,partial,13,0.53,-0.6928099700667417,0.351525239046226,0.175762619523113
49,choice_only,standard,14,0.47,-0.6932382439244388,0.32122133912844786,0.16061066956422393
49,choice_only,projected,14,0.57,-0.693355297570768,0.3287973141078924,0.1643986570539462
49,choice_only,partial,14,0.57,-0.693355297570768,0.3287973141078924,0.1643986570539462
49,choice_only,standard,15,0.47,-0.6932675618417561,0.37728355397633734,0.2886417769881686
49,choice_only,projected,15,0.48,-0.6938087822984396,0.4030418689064488,0.30152093445322437
49,choice_only,partial,15,0.48,-0.6938087822984396,0.4030418689064488,0.30152093445322437
49,choice_only,standard,16,0.43,-0.6933266216067163,0.28031107423944746,0.14015553711972373
49,choice_only,projected,16,0.45,-0.6945200973196275,0.28031107423944746,0.14015553711972373
49,choice_only,partial,16,0.45,-0.6945200973196275,0.28031107423944746,0.14015553711972373
49,choice_only,standard,17,0.46,-0.6932543957068014,0.31364536414900335,0.25682268207450165
49,choice_only,projected,17,0.49,-0.6936433117978288,0.32576692411611463,0.2628834620580573
49,choice_only,partial,17,0.49,-0.6936433117978288,0.32576692411611463,0.2628834620580573
49,choice_only,standard,18,0.44,-0.6932001736163618,0.36667718900511503,0.18333859450255752
49,choice_only,projected,18,0.5,-0.6929333799063244,0.3530404340421148,0.1765202170210574
49,choice_only,partial,18,0.5,-0.6929333799063244,0.3530404340421148,0.1765202170210574
49,choice_only,standard,19,0.43,-0.6932014640526121,0.3318277040996702,0.1659138520498351
49,choice_only,projected,19,0.49,-0.6928458163454505,0.336373289087337,0.1681866445436685
49,choice_only,partial,19,0.49,-0.6928458163454505,0.336373289087337,0.1681866445436685
49,choice_only,standard,20,0.47,-0.6932926341716172,0.271219904264114,0.135609952132057
49,choice_only,projected,20,0.53,-0.693712874813159,0.2590983442970028,0.1295491721485014
49,choice_only,partial,20,0.53,-0.693712874813159,0.2590983442970028,0.1295491721485014
49,inference_affirm,standard,1,0.47,-0.693222663693369,0.07575974979444526,-0.06212012510277735
49,inference_affirm,projected,1,0.51,-0.6935446018379412,0.07575974979444526,-0.06212012510277735
49,inference_affirm,partial,1,0.49,-0.6937896672555843,-0.23334002936689138,-0.3166700146834457
49,inference_affirm,standard,2,0.57,-0.693142130940436,0.10909403970400117,0.05454701985200058
49,inference_affirm,projected,2,0.54,-0.6926874690800372,0.10909403970400117,0.05454701985200058
49,inference_affirm,partial,2,0.54,-0.6928617242752607,-0.10757884470811227,-0.053789422354056135
49,inference_affirm,standard,3,0.52,-0.6931692587025764,0.02121272994244467,-0.18939363502877768
49,inference_affirm,projected,3,0.58,-0.6930604217866769,0.02121272994244467,-0.18939363502877768
49,inference_affirm,partial,3,0.52,-0.6931599101641018,-0.2651591242805584,-0.43257956214027915
49,inference_affirm,standard,4,0.59,-0.6929750847569605,0.15454988958066834,-0.12272505520966584
49,inference_affirm,projected,4,0.61,-0.6906990156065597,0.15454988958066834,-0.12272505520966584
49,inference_affirm,partial,4,0.54,-0.6932499914863726,0.16364105955600178,0.08182052977800089
49,inference_affirm,standard,5,0.58,-0.692984429213189,0.17424742452722408,-0.012876287736387937
49,inference_affirm,projected,5,0.57,-0.6909177562917885,0.1803082045107797,-0.00984589774461013
49,inference_affirm,partial,5,0.5,-0.6932635145539959,0.18485378949844644,-0.007573105250776757
49,inference_affirm,standard,6,0.58,-0.6929860136608652,0.11667001468344569,-0.14166499265827717
49,inference_affirm,projected,6,0.57,-0.6908438453574428,0.1257611846587791,-0.13711940767061045
49,inference_affirm,partial,6,0.49,-0.6932252963788531,0.2257640543874469,0.012882027193723472
49,inference_affirm,standard,7,0.6,-0.6929698211233969,0.14091313461766816,-0.029543432691165897
49,inference_affirm,projected,7,0.6,-0.6905924424351155,0.14091313461766816,-0.029543432691165897
49,inference_affirm,partial,7,0.52,-0.6929866465444482,0.1681866445436685,0.08409332227183425
49,inference_affirm,standard,8,0.55,-0.692990114982085,0.15151949958889052,-0.024240250205554717
49,inference_affirm,projected,8,0.58,-0.6908759475539199,0.15151949958889052,-0.024240250205554717
49,inference_affirm,partial,8,0.5,-0.6932468826151265,0.1560650845765572,0.17803254228827858
49,inference_affirm,standard,9,0.54,-0.6929349205527471,0.13333715963822365,-0.13333142018088817
49,inference_affirm,projected,9,0.58,-0.6903063033837422,0.13333715963822365,-0.13333142018088817
49,inference_affirm,partial,9,0.46,-0.6947700512605214,0.11060923469989008,0.05530461734994504
49,inference_affirm,standard,10,0.57,-0.6928465700357747,0.18333859450255752,-0.10833070274872125
49,inference_affirm,projected,10,0.57,-0.6894784575576568,0.16212586456011285,-0.11893706771994358
49,inference_affirm,partial,10,0.47,-0.6941462382898442,0.2454615893340026,0.1227307946670013
49,inference_affirm,standard,11,0.52,-0.6927798830737645,0.15151949958889052,-0.12424025020555475
49,inference_affirm,projected,11,0.57,-0.6888710527661678,0.16061066956422393,-0.11969466521788805
49,inference_affirm,partial,11,0.51,-0.6926679431188326,0.17424742452722408,-0.012876287736387937
49,inference_affirm,standard,12,0.55,-0.6927745731914576,0.08030533478211196,-0.15984733260894401
49,inference_affirm,projected,12,0.57,-0.689355198257513,0.07575974979444526,-0.16212012510277737
49,inference_affirm,partial,12,0.53,-0.6923584105164952,0.13485235463411258,-0.03257382268294369
49,inference_affirm,standard,13,0.58,-0.6927947541093313,0.03181909491366701,-0.08409045254316647
49,inference_affirm,projected,13,0.56,-0.6898625846141769,0.00909116997533343,-0.09545441501233326
49,inference_affirm,partial,13,0.63,-0.6888828750463247,-0.08485091976977868,-0.1424254598848893
49,inference_affirm,standard,14,0.58,-0.6928305781367787,0.03484948490544482,-0.08257525754727757
49,inference_affirm,projected,14,0.58,-0.6903636534093408,0.03484948490544482,-0.08257525754727757
49,inference_affirm,partial,14,0.66,-0.6892853110204551,-0.08182052977800089,-0.14091026488900044
49,inference_affirm,standard,15,0.61,-0.6928012370134682,0.02424311993422248,-0.08787844003288874
49,inference_affirm,projected,15,0.62,-0.6899130142855858,0.02424311993422248,-0.08787844003288874
49,inference_affirm,partial,15,0.64,-0.6889202150323596,-0.06212299483144512,-0.13106149741572254
49,inference_affirm,standard,16,0.61,-0.692859803815975,0.045455849876667155,0.022727924938333578
49,inference_affirm,projected,16,0.65,-0.6905738044588869,0.045455849876667155,0.022727924938333578
49,inference_affirm,partial,16,0.68,-0.6893932361578651,-0.02727350992600029,-0.11363675496300013
49,inference_affirm,standard,17,0.61,-0.6927883688467488,0.051516629860222776,0.025758314930111388
49,inference_affirm,projected,17,0.62,-0.6897768455273376,0.051516629860222776,0.025758314930111388
49,inference_affirm,partial,17,0.65,-0.6886371467753879,-0.0878813097615565,-0.24394065488077826
49,inference_affirm,standard,18,0.59,-0.6927347601071412,0.07424455479855636,-0.0628777226007218
49,inference_affirm,projected,18,0.59,-0.6891350031375488,0.0575774098437784,-0.07121129507811078
49,inference_affirm,partial,18,0.6,-0.6887941754103136,0.04394065488077825,0.021970327440389126
49,inference_affirm,standard,19,0.57,-0.6927359905564556,0.1257611846587791,-0.03711940767061042
49,inference_affirm,projected,19,0.59,-0.6890464517770459,0.10151806472455664,-0.04924096763772166
49,inference_affirm,partial,19,0.59,-0.6885862693497461,0.13485235463411258,0.06742617731705629
49,inference_affirm,standard,20,0.63,-0.6928264664418766,0.06818377481500072,-0.16590811259249966
49,inference_affirm,projected,20,0.69,-0.6898349793367121,0.06212299483144512,-0.16893850258427745
49,inference_affirm,partial,20,0.62,-0.6872342501039554,-0.010606364971222335,-0.10530318248561114
49,inference_categories,standard,1,0.47,-0.693222663693369,0.07575974979444526,-0.06212012510277735
49,inference_categories,projected,1,0.51,-0.6935446018379412,0.07575974979444526,-0.06212012510277735
49,inference_categories,partial,1,0.48,-0.693704763719266,-0.31516055914489227,-0.35758027957244615
49,inference_categories,standard,2,0.45,-0.6933032821891416,-0.040910264889000444,-0.22045513244450024
49,inference_categories,projected,2,0.46,-0.6944154753086923,-0.040910264889000444,-0.22045513244450024
49,inference_categories,partial,2,0.46,-0.6945038990348894,-0.41364823387767113,-0.5068241169388356
49,inference_categories,standard,3,0.47,-0.6933305179722091,-0.2318248343710025,-0.21591241718550122
49,inference_categories,projected,3,0.47,-0.6948135945984707,-0.2318248343710025,-0.21591241718550122
49,inference_categories,partial,3,0.46,-0.6948461059918961,-0.42273940385300457,-0.5113697019265022
49,inference_categories,standard,4,0.56,-0.6931353378894317,-0.015151949958889051,-0.3075759749794445
49,inference_categories,projected,4,0.58,-0.692263774215141,-0.015151949958889051,-0.3075759749794445
49,inference_categories,partial,4,0.44,-0.697384323735705,-0.3090997791613367,-0.35454988958066835
49,inference_categories,standard,5,0.53,-0.6931259588844881,-0.045455849876667155,-0.3227279249383336
49,inference_categories,projected,5,0.58,-0.6920414271717433,-0.045455849876667155,-0.3227279249383336
49,inference_categories,partial,5,0.46,-0.6975027038629245,-0.319706144132559,-0.3598530720662795
49,inference_categories,standard,6,0.52,-0.6931275456221181,0.07727494479033417,-0.2613625276048329
49,inference_categories,projected,6,0.59,-0.6919647374904092,0.07727494479033417,-0.2613625276048329
49,inference_categories,partial,6,0.46,-0.6974354128344686,-0.336373289087337,-0.3681866445436685
49,inference_categories,standard,7,0.56,-0.6931113527394196,0.06818377481500072,-0.26590811259249963
49,inference_categories,projected,7,0.57,-0.6917181679465572,0.06212299483144512,-0.26893850258427743
49,inference_categories,partial,7,0.47,-0.6971600150391013,-0.36364679901333724,-0.38182339950666866
49,inference_categories,standard,8,0.52,-0.6931316939929703,0.056062214847889494,-0.17196889257605527
49,inference_categories,projected,8,0.57,-0.6920108168577158,0.056062214847889494,-0.17196889257605527
49,inference_categories,partial,8,0.44,-0.6974693291929589,-0.3878899189475597,-0.39394495947377983
49,inference_categories,standard,9,0.55,-0.6930763624836261,0.0287887049218892,-0.2856056475390554
49,inference_categories,projected,9,0.61,-0.6914169329048618,0.0287887049218892,-0.2856056475390554
49,inference_categories,partial,9,0.44,-0.6981115656853331,-0.35607082403389273,-0.37803541201694635
49,inference_categories,standard,10,0.5,-0.6931653654712342,-0.1257611846587791,-0.26288059232938954
49,inference_categories,projected,10,0.62,-0.6923462487070539,-0.11212442969577899,-0.2560622148478895
49,inference_categories,partial,10,0.42,-0.6988964760606627,-0.3621316040174483,-0.3810658020087242
49,inference_categories,standard,11,0.58,-0.6930981159352289,-0.20000573945733546,-0.4000028697286677
49,inference_categories,projected,11,0.6,-0.6916695864094804,-0.20000573945733546,-0.4000028697286677
49,inference_categories,partial,11,0.44,-0.6975854016977101,-0.23788561435455816,-0.3189428071772791
49,inference_categories,standard,12,0.55,-0.6931034337141189,-0.0575774098437784,-0.2287887049218892
49,inference_categories,projected,12,0.62,-0.6911558778245391,-0.0878813097615565,-0.24394065488077826
49,inference_categories,partial,12,0.42,-0.6976708968379619,-0.2727350992600029,-0.43636754963000146
49,inference_categories,standard,13,0.53,-0.6931240809876897,-0.21515768941622454,-0.30757884470811225
49,inference_categories,projected,13,0.68,-0.691737779749939,-0.21515768941622454,-0.30757884470811225
49,inference_categories,partial,13,0.45,-0.6952541688301747,-0.43637615881600467,-0.5181880794080023
49,inference_categories,standard,14,0.49,-0.6931602735991983,-0.21970327440389123,-0.30985163720194564
49,inference_categories,projected,14,0.6,-0.6922895747973576,-0.2469767843298915,-0.32348839216494574
49,inference_categories,partial,14,0.44,-0.6955985321274829,-0.42576979384478236,-0.5128848969223911
49,inference_categories,standard,15,0.5,-0.6931310011349282,-0.1257611846587791,-0.26288059232938954
49,inference_categories,projected,15,0.6,-0.6918433579302068,-0.13030676964644586,-0.2651533848232229
49,inference_categories,partial,15,0.48,-0.6953758798702202,-0.43486096382011574,-0.5174304819100579
49,inference_categories,standard,16,0.49,-0.693190039140715,-0.051516629860222776,-0.2257583149301114
49,inference_categories,projected,16,0.58,-0.6925516832046994,-0.05454701985200058,-0.22727350992600032
49,inference_categories,partial,16,0.5,-0.6961478873617221,-0.4803168136967829,-0.5401584068483914
49,inference_categories,standard,17,0.52,-0.6931179486657197,-0.17727781451900193,-0.18863890725950094
49,inference_categories,projected,17,0.62,-0.691675804086532,-0.1681866445436685,-0.18409332227183423
49,inference_categories,partial,17,0.47,-0.6952190851421842,-0.5106207136145611,-0.5553103568072806
49,inference_categories,standard,18,0.52,-0.6930636798801798,-0.0878813097615565,-0.24394065488077826
49,inference_categories,projected,18,0.62,-0.6909599006639319,-0.07424455479855636,-0.2371222773992782
49,inference_categories,partial,18,0.49,-0.6960960826986152,-0.42880018383656016,-0.5144000919182801
49,inference_categories,standard,19,0.53,-0.6930649854625841,-0.046971044872556066,-0.22348552243627803
49,inference_categories,projected,19,0.58,-0.6908741686071121,-0.04242545988488934,-0.22121272994244467
49,inference_categories,partial,19,0.5,-0.6960853213265191,-0.38637472395167083,-0.4931873619758354
49,inference_categories,standard,20,0.59,-0.6929741156093331,0.08939650475744541,-0.05530174762127727
49,inference_categories,projected,20,0.6,-0.6900537932504701,0.03484948490544482,-0.08257525754727757
49,inference_categories,partial,20,0.48,-0.6953689625604274,-0.09091169975333431,-0.24545584987666716
