qualtrics_id,condition,domain,t,fit,test_acc,test_ll
R_5EfMjMbx1z8Kvhl,inference_categories,dailydilemmas,3,random_projection,0.6666666666666666,-0.6911374492569685
R_5EfMjMbx1z8Kvhl,inference_categories,dailydilemmas,3,projection_only,0.6666666666666666,-0.47516337397712705
R_5EfMjMbx1z8Kvhl,inference_categories,dailydilemmas,3,projection_alpha,0.6666666666666666,-0.47516337397712705
R_5EfMjMbx1z8Kvhl,inference_categories,dailydilemmas,4,random_projection,0.5,-0.692396870601112
R_5EfMjMbx1z8Kvhl,inference_categories,dailydilemmas,4,projection_only,0.5,-0.6772702491845977
R_5EfMjMbx1z8Kvhl,inference_categories,dailydilemmas,4,projection_alpha,0.5,-0.6772702491845977
R_5EfMjMbx1z8Kvhl,inference_categories,dailydilemmas,5,random_projection,0.4,-0.6931646555939153
R_5EfMjMbx1z8Kvhl,inference_categories,dailydilemmas,5,projection_only,0.2,-0.9631665247068334
R_5EfMjMbx1z8Kvhl,inference_categories,dailydilemmas,5,projection_alpha,0.2,-0.9631665247068334
R_5EfMjMbx1z8Kvhl,inference_categories,dailydilemmas,6,random_projection,0.5,-0.692660889441094
R_5EfMjMbx1z8Kvhl,inference_categories,dailydilemmas,6,projection_only,0.3333333333333333,-0.8933961027937057
R_5EfMjMbx1z8Kvhl,inference_categories,dailydilemmas,6,projection_alpha,0.3333333333333333,-0.8933961027937057
R_5EfMjMbx1z8Kvhl,inference_categories,dailydilemmas,7,random_projection,0.2857142857142857,-0.6938764180400979
R_5EfMjMbx1z8Kvhl,inference_categories,dailydilemmas,7,projection_only,0.42857142857142855,-0.8092970572771525
R_5EfMjMbx1z8Kvhl,inference_categories,dailydilemmas,7,projection_alpha,0.42857142857142855,-0.8092970572771525
R_5EfMjMbx1z8Kvhl,inference_categories,dailydilemmas,8,random_projection,0.375,-0.6950059462680558
R_5EfMjMbx1z8Kvhl,inference_categories,dailydilemmas,8,projection_only,0.5,-0.7667378304252089
R_5EfMjMbx1z8Kvhl,inference_categories,dailydilemmas,8,projection_alpha,0.5,-0.7667378304252089
R_5EfMjMbx1z8Kvhl,inference_categories,dailydilemmas,9,random_projection,0.1111111111111111,-0.696464641764497
R_5EfMjMbx1z8Kvhl,inference_categories,dailydilemmas,9,projection_only,0.6666666666666666,-0.6973740896798729
R_5EfMjMbx1z8Kvhl,inference_categories,dailydilemmas,9,projection_alpha,0.6666666666666666,-0.6973740896798729
R_5EfMjMbx1z8Kvhl,inference_categories,dailydilemmas,10,random_projection,0.2,-0.6958080743251867
R_5EfMjMbx1z8Kvhl,inference_categories,dailydilemmas,10,projection_only,0.4,-0.7621376610316859
R_5EfMjMbx1z8Kvhl,inference_categories,dailydilemmas,10,projection_alpha,0.4,-0.7621376610316859
R_5EfMjMbx1z8Kvhl,inference_categories,dailydilemmas,11,random_projection,0.36363636363636365,-0.6942439375081079
R_5EfMjMbx1z8Kvhl,inference_categories,dailydilemmas,11,projection_only,0.36363636363636365,-0.7411590788776287
R_5EfMjMbx1z8Kvhl,inference_categories,dailydilemmas,11,projection_alpha,0.36363636363636365,-0.7411590788776287
R_5EfMjMbx1z8Kvhl,inference_categories,dailydilemmas,12,random_projection,0.3333333333333333,-0.6949631484843879
R_5EfMjMbx1z8Kvhl,inference_categories,dailydilemmas,12,projection_only,0.4166666666666667,-0.7634021817584221
R_5EfMjMbx1z8Kvhl,inference_categories,dailydilemmas,12,projection_alpha,0.4166666666666667,-0.7634021817584221
R_5EfMjMbx1z8Kvhl,inference_categories,dailydilemmas,13,random_projection,0.3076923076923077,-0.6942534178125153
R_5EfMjMbx1z8Kvhl,inference_categories,dailydilemmas,13,projection_only,0.5384615384615384,-0.7201290114098117
R_5EfMjMbx1z8Kvhl,inference_categories,dailydilemmas,13,projection_alpha,0.5384615384615384,-0.7201290114098117
R_5EfMjMbx1z8Kvhl,inference_categories,dailydilemmas,14,random_projection,0.5714285714285714,-0.6936782048945267
R_5EfMjMbx1z8Kvhl,inference_categories,dailydilemmas,14,projection_only,0.5,-0.7357858173704372
R_5EfMjMbx1z8Kvhl,inference_categories,dailydilemmas,14,projection_alpha,0.5,-0.7357858173704372
R_5EfMjMbx1z8Kvhl,inference_categories,dailydilemmas,15,random_projection,0.6,-0.6929114327584157
R_5EfMjMbx1z8Kvhl,inference_categories,dailydilemmas,15,projection_only,0.4666666666666667,-0.721114629347944
R_5EfMjMbx1z8Kvhl,inference_categories,dailydilemmas,15,projection_alpha,0.4666666666666667,-0.721114629347944
R_5EfMjMbx1z8Kvhl,inference_categories,dailydilemmas,16,random_projection,0.5625,-0.693345772776836
R_5EfMjMbx1z8Kvhl,inference_categories,dailydilemmas,16,projection_only,0.4375,-0.7236823482317554
R_5EfMjMbx1z8Kvhl,inference_categories,dailydilemmas,16,projection_alpha,0.4375,-0.7236823482317554
R_5EfMjMbx1z8Kvhl,inference_categories,dailydilemmas,17,random_projection,0.5294117647058824,-0.6943245795836601
R_5EfMjMbx1z8Kvhl,inference_categories,dailydilemmas,17,projection_only,0.5294117647058824,-0.6896514996283313
R_5EfMjMbx1z8Kvhl,inference_categories,dailydilemmas,17,projection_alpha,0.5294117647058824,-0.6896514996283313
R_5EfMjMbx1z8Kvhl,inference_categories,dailydilemmas,18,random_projection,0.4444444444444444,-0.6947559906641863
R_5EfMjMbx1z8Kvhl,inference_categories,dailydilemmas,18,projection_only,0.5555555555555556,-0.6682673007338287
R_5EfMjMbx1z8Kvhl,inference_categories,dailydilemmas,18,projection_alpha,0.5555555555555556,-0.6682673007338287
R_5EfMjMbx1z8Kvhl,inference_categories,dailydilemmas,19,random_projection,0.5263157894736842,-0.6943723669473613
R_5EfMjMbx1z8Kvhl,inference_categories,dailydilemmas,19,projection_only,0.5263157894736842,-0.6571999254694094
R_5EfMjMbx1z8Kvhl,inference_categories,dailydilemmas,19,projection_alpha,0.5263157894736842,-0.6571999254694094
R_5EfMjMbx1z8Kvhl,inference_categories,dailydilemmas,20,random_projection,0.6,-0.6939441084047557
R_5EfMjMbx1z8Kvhl,inference_categories,dailydilemmas,20,projection_only,0.6,-0.6359455479530565
R_5EfMjMbx1z8Kvhl,inference_categories,dailydilemmas,20,projection_alpha,0.6,-0.6359455479530565
R_56aT1YjmRtKACUH,inference_categories,dailydilemmas,3,random_projection,0.3333333333333333,-0.6935001438435197
R_56aT1YjmRtKACUH,inference_categories,dailydilemmas,3,projection_only,0.0,-0.8252832630471346
R_56aT1YjmRtKACUH,inference_categories,dailydilemmas,3,projection_alpha,0.0,-0.8252832630471346
R_56aT1YjmRtKACUH,inference_categories,dailydilemmas,4,random_projection,0.5,-0.6933754341168238
R_56aT1YjmRtKACUH,inference_categories,dailydilemmas,4,projection_only,0.5,-0.5866862140740293
R_56aT1YjmRtKACUH,inference_categories,dailydilemmas,4,projection_alpha,0.5,-0.5866862140740293
R_56aT1YjmRtKACUH,inference_categories,dailydilemmas,5,random_projection,0.6,-0.6919810462115128
R_56aT1YjmRtKACUH,inference_categories,dailydilemmas,5,projection_only,0.6,-0.5005488316232123
R_56aT1YjmRtKACUH,inference_categories,dailydilemmas,5,projection_alpha,0.6,-0.5005488316232123
R_56aT1YjmRtKACUH,inference_categories,dailydilemmas,6,random_projection,0.3333333333333333,-0.6926836209786283
R_56aT1YjmRtKACUH,inference_categories,dailydilemmas,6,projection_only,0.5,-0.5670241338741361
R_56aT1YjmRtKACUH,inference_categories,dailydilemmas,6,projection_alpha,0.5,-0.5670241338741361
R_56aT1YjmRtKACUH,inference_categories,dailydilemmas,7,random_projection,0.42857142857142855,-0.6944935068965855
R_56aT1YjmRtKACUH,inference_categories,dailydilemmas,7,projection_only,0.42857142857142855,-0.7102883836546283
R_56aT1YjmRtKACUH,inference_categories,dailydilemmas,7,projection_alpha,0.42857142857142855,-0.7102883836546283
R_56aT1YjmRtKACUH,inference_categories,dailydilemmas,8,random_projection,0.5,-0.6946294137578556
R_56aT1YjmRtKACUH,inference_categories,dailydilemmas,8,projection_only,0.625,-0.6515158738037712
R_56aT1YjmRtKACUH,inference_categories,dailydilemmas,8,projection_alpha,0.625,-0.6515158738037712
R_56aT1YjmRtKACUH,inference_categories,dailydilemmas,9,random_projection,0.4444444444444444,-0.6942594350760186
R_56aT1YjmRtKACUH,inference_categories,dailydilemmas,9,projection_only,0.6666666666666666,-0.6584816448413257
R_56aT1YjmRtKACUH,inference_categories,dailydilemmas,9,projection_alpha,0.6666666666666666,-0.6584816448413257
R_56aT1YjmRtKACUH,inference_categories,dailydilemmas,10,random_projection,0.5,-0.6936365635276998
R_56aT1YjmRtKACUH,inference_categories,dailydilemmas,10,projection_only,0.7,-0.6362370277660324
R_56aT1YjmRtKACUH,inference_categories,dailydilemmas,10,projection_alpha,0.7,-0.6362370277660324
R_56aT1YjmRtKACUH,inference_categories,dailydilemmas,11,random_projection,0.6363636363636364,-0.6935142248740258
R_56aT1YjmRtKACUH,inference_categories,dailydilemmas,11,projection_only,0.5454545454545454,-0.6398880413683025
R_56aT1YjmRtKACUH,inference_categories,dailydilemmas,11,projection_alpha,0.5454545454545454,-0.6398880413683025
R_56aT1YjmRtKACUH,inference_categories,dailydilemmas,12,random_projection,0.5833333333333334,-0.6933562353645942
R_56aT1YjmRtKACUH,inference_categories,dailydilemmas,12,projection_only,0.5833333333333334,-0.6239936281879599
R_56aT1YjmRtKACUH,inference_categories,dailydilemmas,12,projection_alpha,0.5833333333333334,-0.6239936281879599
R_56aT1YjmRtKACUH,inference_categories,dailydilemmas,13,random_projection,0.5384615384615384,-0.6938860554967654
R_56aT1YjmRtKACUH,inference_categories,dailydilemmas,13,projection_only,0.6923076923076923,-0.6205308469440933
R_56aT1YjmRtKACUH,inference_categories,dailydilemmas,13,projection_alpha,0.6923076923076923,-0.6205308469440933
R_56aT1YjmRtKACUH,inference_categories,dailydilemmas,14,random_projection,0.5,-0.6953434219532297
R_56aT1YjmRtKACUH,inference_categories,dailydilemmas,14,projection_only,0.5714285714285714,-0.6351403704883966
R_56aT1YjmRtKACUH,inference_categories,dailydilemmas,14,projection_alpha,0.5714285714285714,-0.6351403704883966
R_56aT1YjmRtKACUH,inference_categories,dailydilemmas,15,random_projection,0.5333333333333333,-0.6951516474395874
R_56aT1YjmRtKACUH,inference_categories,dailydilemmas,15,projection_only,0.5333333333333333,-0.6690842393299198
R_56aT1YjmRtKACUH,inference_categories,dailydilemmas,15,projection_alpha,0.5333333333333333,-0.6690842393299198
R_56aT1YjmRtKACUH,inference_categories,dailydilemmas,16,random_projection,0.625,-0.6942098529983609
R_56aT1YjmRtKACUH,inference_categories,dailydilemmas,16,projection_only,0.625,-0.6421388286082903
R_56aT1YjmRtKACUH,inference_categories,dailydilemmas,16,projection_alpha,0.625,-0.6421388286082903
R_56aT1YjmRtKACUH,inference_categories,dailydilemmas,17,random_projection,0.47058823529411764,-0.6942530879308508
R_56aT1YjmRtKACUH,inference_categories,dailydilemmas,17,projection_only,0.5294117647058824,-0.6412819027652493
R_56aT1YjmRtKACUH,inference_categories,dailydilemmas,17,projection_alpha,0.5294117647058824,-0.6412819027652493
R_56aT1YjmRtKACUH,inference_categories,dailydilemmas,18,random_projection,0.5,-0.6945922574378377
R_56aT1YjmRtKACUH,inference_categories,dailydilemmas,18,projection_only,0.4444444444444444,-0.6838977492667027
R_56aT1YjmRtKACUH,inference_categories,dailydilemmas,18,projection_alpha,0.4444444444444444,-0.6838977492667027
R_56aT1YjmRtKACUH,inference_categories,dailydilemmas,19,random_projection,0.47368421052631576,-0.6946314287001942
R_56aT1YjmRtKACUH,inference_categories,dailydilemmas,19,projection_only,0.47368421052631576,-0.6801668936554937
R_56aT1YjmRtKACUH,inference_categories,dailydilemmas,19,projection_alpha,0.47368421052631576,-0.6801668936554937
R_56aT1YjmRtKACUH,inference_categories,dailydilemmas,20,random_projection,0.55,-0.6943681719658523
R_56aT1YjmRtKACUH,inference_categories,dailydilemmas,20,projection_only,0.5,-0.6897363953888735
R_56aT1YjmRtKACUH,inference_categories,dailydilemmas,20,projection_alpha,0.5,-0.6897363953888735
R_3HS2lsaEfcZSuXu,inference_categories,dailydilemmas,3,random_projection,0.0,-0.6952309946552858
R_3HS2lsaEfcZSuXu,inference_categories,dailydilemmas,3,projection_only,0.0,-0.7758567726702731
R_3HS2lsaEfcZSuXu,inference_categories,dailydilemmas,3,projection_alpha,0.0,-0.7758567726702731
R_3HS2lsaEfcZSuXu,inference_categories,dailydilemmas,4,random_projection,0.25,-0.6943257598114716
R_3HS2lsaEfcZSuXu,inference_categories,dailydilemmas,4,projection_only,0.5,-0.6638731172943804
R_3HS2lsaEfcZSuXu,inference_categories,dailydilemmas,4,projection_alpha,0.5,-0.6638731172943804
R_3HS2lsaEfcZSuXu,inference_categories,dailydilemmas,5,random_projection,0.6,-0.6933075507149181
R_3HS2lsaEfcZSuXu,inference_categories,dailydilemmas,5,projection_only,0.8,-0.5291999837857262
R_3HS2lsaEfcZSuXu,inference_categories,dailydilemmas,5,projection_alpha,0.8,-0.5291999837857262
R_3HS2lsaEfcZSuXu,inference_categories,dailydilemmas,6,random_projection,0.0,-0.6956760463962935
R_3HS2lsaEfcZSuXu,inference_categories,dailydilemmas,6,projection_only,0.5,-0.7824935818519564
R_3HS2lsaEfcZSuXu,inference_categories,dailydilemmas,6,projection_alpha,0.5,-0.7824935818519564
R_3HS2lsaEfcZSuXu,inference_categories,dailydilemmas,7,random_projection,0.0,-0.69572291142498
R_3HS2lsaEfcZSuXu,inference_categories,dailydilemmas,7,projection_only,0.14285714285714285,-0.7947059574592042
R_3HS2lsaEfcZSuXu,inference_categories,dailydilemmas,7,projection_alpha,0.14285714285714285,-0.7947059574592042
R_3HS2lsaEfcZSuXu,inference_categories,dailydilemmas,8,random_projection,0.375,-0.6950717300327478
R_3HS2lsaEfcZSuXu,inference_categories,dailydilemmas,8,projection_only,0.125,-0.8005121082853819
R_3HS2lsaEfcZSuXu,inference_categories,dailydilemmas,8,projection_alpha,0.125,-0.8005121082853819
R_3HS2lsaEfcZSuXu,inference_categories,dailydilemmas,9,random_projection,0.5555555555555556,-0.6936801229085985
R_3HS2lsaEfcZSuXu,inference_categories,dailydilemmas,9,projection_only,0.2222222222222222,-0.7804566352994282
R_3HS2lsaEfcZSuXu,inference_categories,dailydilemmas,9,projection_alpha,0.2222222222222222,-0.7804566352994282
R_3HS2lsaEfcZSuXu,inference_categories,dailydilemmas,10,random_projection,0.6,-0.693862689849425
R_3HS2lsaEfcZSuXu,inference_categories,dailydilemmas,10,projection_only,0.5,-0.7421596680664274
R_3HS2lsaEfcZSuXu,inference_categories,dailydilemmas,10,projection_alpha,0.5,-0.7421596680664274
R_3HS2lsaEfcZSuXu,inference_categories,dailydilemmas,11,random_projection,0.6363636363636364,-0.6931231058894202
R_3HS2lsaEfcZSuXu,inference_categories,dailydilemmas,11,projection_only,0.6363636363636364,-0.724599988799815
R_3HS2lsaEfcZSuXu,inference_categories,dailydilemmas,11,projection_alpha,0.6363636363636364,-0.724599988799815
R_3HS2lsaEfcZSuXu,inference_categories,dailydilemmas,12,random_projection,0.5,-0.6933234391816304
R_3HS2lsaEfcZSuXu,inference_categories,dailydilemmas,12,projection_only,0.6666666666666666,-0.7194228449723817
R_3HS2lsaEfcZSuXu,inference_categories,dailydilemmas,12,projection_alpha,0.6666666666666666,-0.7194228449723817
R_3HS2lsaEfcZSuXu,inference_categories,dailydilemmas,13,random_projection,0.5384615384615384,-0.6928937201005432
R_3HS2lsaEfcZSuXu,inference_categories,dailydilemmas,13,projection_only,0.6923076923076923,-0.7132295360293051
R_3HS2lsaEfcZSuXu,inference_categories,dailydilemmas,13,projection_alpha,0.6923076923076923,-0.7132295360293051
R_3HS2lsaEfcZSuXu,inference_categories,dailydilemmas,14,random_projection,0.7142857142857143,-0.6915938570600532
R_3HS2lsaEfcZSuXu,inference_categories,dailydilemmas,14,projection_only,0.7142857142857143,-0.6910312685619385
R_3HS2lsaEfcZSuXu,inference_categories,dailydilemmas,14,projection_alpha,0.7142857142857143,-0.6910312685619385
R_3HS2lsaEfcZSuXu,inference_categories,dailydilemmas,15,random_projection,0.7333333333333333,-0.6926499186292059
R_3HS2lsaEfcZSuXu,inference_categories,dailydilemmas,15,projection_only,0.5333333333333333,-0.7329927963417654
R_3HS2lsaEfcZSuXu,inference_categories,dailydilemmas,15,projection_alpha,0.5333333333333333,-0.7329927963417654
R_3HS2lsaEfcZSuXu,inference_categories,dailydilemmas,16,random_projection,0.6875,-0.6922749736687324
R_3HS2lsaEfcZSuXu,inference_categories,dailydilemmas,16,projection_only,0.5625,-0.7111685700946152
R_3HS2lsaEfcZSuXu,inference_categories,dailydilemmas,16,projection_alpha,0.5625,-0.7111685700946152
R_3HS2lsaEfcZSuXu,inference_categories,dailydilemmas,17,random_projection,0.7058823529411765,-0.6921935253507127
R_3HS2lsaEfcZSuXu,inference_categories,dailydilemmas,17,projection_only,0.5882352941176471,-0.6857643990556771
R_3HS2lsaEfcZSuXu,inference_categories,dailydilemmas,17,projection_alpha,0.5882352941176471,-0.6857643990556771
R_3HS2lsaEfcZSuXu,inference_categories,dailydilemmas,18,random_projection,0.6666666666666666,-0.6927650345257578
R_3HS2lsaEfcZSuXu,inference_categories,dailydilemmas,18,projection_only,0.6111111111111112,-0.6820333509848431
R_3HS2lsaEfcZSuXu,inference_categories,dailydilemmas,18,projection_alpha,0.6111111111111112,-0.6820333509848431
R_3HS2lsaEfcZSuXu,inference_categories,dailydilemmas,19,random_projection,0.5789473684210527,-0.6932491561144828
R_3HS2lsaEfcZSuXu,inference_categories,dailydilemmas,19,projection_only,0.5789473684210527,-0.6912039616121606
R_3HS2lsaEfcZSuXu,inference_categories,dailydilemmas,19,projection_alpha,0.5789473684210527,-0.6912039616121606
R_3HS2lsaEfcZSuXu,inference_categories,dailydilemmas,20,random_projection,0.5,-0.6943451766556021
R_3HS2lsaEfcZSuXu,inference_categories,dailydilemmas,20,projection_only,0.6,-0.6666694022874111
R_3HS2lsaEfcZSuXu,inference_categories,dailydilemmas,20,projection_alpha,0.6,-0.6666694022874111
R_6HoVfVJSFl7IrlL,inference_categories,dailydilemmas,3,random_projection,0.6666666666666666,-0.6933621202576679
R_6HoVfVJSFl7IrlL,inference_categories,dailydilemmas,3,projection_only,1.0,-0.6712637912955747
R_6HoVfVJSFl7IrlL,inference_categories,dailydilemmas,3,projection_alpha,1.0,-0.6712637912955747
R_6HoVfVJSFl7IrlL,inference_categories,dailydilemmas,4,random_projection,0.0,-0.6951731248751145
R_6HoVfVJSFl7IrlL,inference_categories,dailydilemmas,4,projection_only,0.5,-0.7447233425398718
R_6HoVfVJSFl7IrlL,inference_categories,dailydilemmas,4,projection_alpha,0.5,-0.7447233425398718
R_6HoVfVJSFl7IrlL,inference_categories,dailydilemmas,5,random_projection,0.4,-0.6945251989148353
R_6HoVfVJSFl7IrlL,inference_categories,dailydilemmas,5,projection_only,0.8,-0.6628312991919716
R_6HoVfVJSFl7IrlL,inference_categories,dailydilemmas,5,projection_alpha,0.8,-0.6628312991919716
R_6HoVfVJSFl7IrlL,inference_categories,dailydilemmas,6,random_projection,0.16666666666666666,-0.694413948573573
R_6HoVfVJSFl7IrlL,inference_categories,dailydilemmas,6,projection_only,0.8333333333333334,-0.5949110724686155
R_6HoVfVJSFl7IrlL,inference_categories,dailydilemmas,6,projection_alpha,0.8333333333333334,-0.5949110724686155
R_6HoVfVJSFl7IrlL,inference_categories,dailydilemmas,7,random_projection,0.0,-0.695585527530157
R_6HoVfVJSFl7IrlL,inference_categories,dailydilemmas,7,projection_only,0.8571428571428571,-0.5534892189296657
R_6HoVfVJSFl7IrlL,inference_categories,dailydilemmas,7,projection_alpha,0.8571428571428571,-0.5534892189296657
R_6HoVfVJSFl7IrlL,inference_categories,dailydilemmas,8,random_projection,0.25,-0.6950269165944247
R_6HoVfVJSFl7IrlL,inference_categories,dailydilemmas,8,projection_only,0.875,-0.5552505720838645
R_6HoVfVJSFl7IrlL,inference_categories,dailydilemmas,8,projection_alpha,0.875,-0.5552505720838645
R_6HoVfVJSFl7IrlL,inference_categories,dailydilemmas,9,random_projection,0.3333333333333333,-0.6942003233524043
R_6HoVfVJSFl7IrlL,inference_categories,dailydilemmas,9,projection_only,0.7777777777777778,-0.6288159508667763
R_6HoVfVJSFl7IrlL,inference_categories,dailydilemmas,9,projection_alpha,0.7777777777777778,-0.6288159508667763
R_6HoVfVJSFl7IrlL,inference_categories,dailydilemmas,10,random_projection,0.4,-0.6945224594560145
R_6HoVfVJSFl7IrlL,inference_categories,dailydilemmas,10,projection_only,0.8,-0.6085316905510927
R_6HoVfVJSFl7IrlL,inference_categories,dailydilemmas,10,projection_alpha,0.8,-0.6085316905510927
R_6HoVfVJSFl7IrlL,inference_categories,dailydilemmas,11,random_projection,0.36363636363636365,-0.693200067062371
R_6HoVfVJSFl7IrlL,inference_categories,dailydilemmas,11,projection_only,0.8181818181818182,-0.5465189163001805
R_6HoVfVJSFl7IrlL,inference_categories,dailydilemmas,11,projection_alpha,0.8181818181818182,-0.5465189163001805
R_6HoVfVJSFl7IrlL,inference_categories,dailydilemmas,12,random_projection,0.3333333333333333,-0.6944361563254042
R_6HoVfVJSFl7IrlL,inference_categories,dailydilemmas,12,projection_only,0.5833333333333334,-0.7146251505725322
R_6HoVfVJSFl7IrlL,inference_categories,dailydilemmas,12,projection_alpha,0.5833333333333334,-0.7146251505725322
R_6HoVfVJSFl7IrlL,inference_categories,dailydilemmas,13,random_projection,0.3076923076923077,-0.6948312243253122
R_6HoVfVJSFl7IrlL,inference_categories,dailydilemmas,13,projection_only,0.6153846153846154,-0.6931526652239667
R_6HoVfVJSFl7IrlL,inference_categories,dailydilemmas,13,projection_alpha,0.6153846153846154,-0.6931526652239667
R_6HoVfVJSFl7IrlL,inference_categories,dailydilemmas,14,random_projection,0.5,-0.694242956166302
R_6HoVfVJSFl7IrlL,inference_categories,dailydilemmas,14,projection_only,0.7142857142857143,-0.6715431069586595
R_6HoVfVJSFl7IrlL,inference_categories,dailydilemmas,14,projection_alpha,0.7142857142857143,-0.6715431069586595
R_6HoVfVJSFl7IrlL,inference_categories,dailydilemmas,15,random_projection,0.4666666666666667,-0.6929573172683874
R_6HoVfVJSFl7IrlL,inference_categories,dailydilemmas,15,projection_only,0.7333333333333333,-0.6313148468700196
R_6HoVfVJSFl7IrlL,inference_categories,dailydilemmas,15,projection_alpha,0.7333333333333333,-0.6313148468700196
R_6HoVfVJSFl7IrlL,inference_categories,dailydilemmas,16,random_projection,0.625,-0.6913846801792864
R_6HoVfVJSFl7IrlL,inference_categories,dailydilemmas,16,projection_only,0.6875,-0.6231001589986683
R_6HoVfVJSFl7IrlL,inference_categories,dailydilemmas,16,projection_alpha,0.6875,-0.6231001589986683
R_6HoVfVJSFl7IrlL,inference_categories,dailydilemmas,17,random_projection,0.5882352941176471,-0.6919395639482359
R_6HoVfVJSFl7IrlL,inference_categories,dailydilemmas,17,projection_only,0.6470588235294118,-0.6843899540473861
R_6HoVfVJSFl7IrlL,inference_categories,dailydilemmas,17,projection_alpha,0.6470588235294118,-0.6843899540473861
R_6HoVfVJSFl7IrlL,inference_categories,dailydilemmas,18,random_projection,0.6111111111111112,-0.6910801940626025
R_6HoVfVJSFl7IrlL,inference_categories,dailydilemmas,18,projection_only,0.6666666666666666,-0.667858979764024
R_6HoVfVJSFl7IrlL,inference_categories,dailydilemmas,18,projection_alpha,0.6666666666666666,-0.667858979764024
R_6HoVfVJSFl7IrlL,inference_categories,dailydilemmas,19,random_projection,0.5789473684210527,-0.6915411107605159
R_6HoVfVJSFl7IrlL,inference_categories,dailydilemmas,19,projection_only,0.6842105263157895,-0.6724505874450213
R_6HoVfVJSFl7IrlL,inference_categories,dailydilemmas,19,projection_alpha,0.6842105263157895,-0.6724505874450213
R_6HoVfVJSFl7IrlL,inference_categories,dailydilemmas,20,random_projection,0.6,-0.6911409014446344
R_6HoVfVJSFl7IrlL,inference_categories,dailydilemmas,20,projection_only,0.7,-0.6710411289060717
R_6HoVfVJSFl7IrlL,inference_categories,dailydilemmas,20,projection_alpha,0.7,-0.6710411289060717
R_5Q5TZ5csoblHSvA,inference_categories,dailydilemmas,3,random_projection,0.6666666666666666,-0.6931254727193902
R_5Q5TZ5csoblHSvA,inference_categories,dailydilemmas,3,projection_only,0.3333333333333333,-0.7582823224101104
R_5Q5TZ5csoblHSvA,inference_categories,dailydilemmas,3,projection_alpha,0.3333333333333333,-0.7582823224101104
R_5Q5TZ5csoblHSvA,inference_categories,dailydilemmas,4,random_projection,0.5,-0.6923959654452558
R_5Q5TZ5csoblHSvA,inference_categories,dailydilemmas,4,projection_only,0.0,-0.8762557021042898
R_5Q5TZ5csoblHSvA,inference_categories,dailydilemmas,4,projection_alpha,0.0,-0.8762557021042898
R_5Q5TZ5csoblHSvA,inference_categories,dailydilemmas,5,random_projection,0.6,-0.6926965924344127
R_5Q5TZ5csoblHSvA,inference_categories,dailydilemmas,5,projection_only,0.2,-0.8743204540620251
R_5Q5TZ5csoblHSvA,inference_categories,dailydilemmas,5,projection_alpha,0.2,-0.8743204540620251
R_5Q5TZ5csoblHSvA,inference_categories,dailydilemmas,6,random_projection,0.6666666666666666,-0.693395741326778
R_5Q5TZ5csoblHSvA,inference_categories,dailydilemmas,6,projection_only,0.6666666666666666,-0.7933383465491026
R_5Q5TZ5csoblHSvA,inference_categories,dailydilemmas,6,projection_alpha,0.6666666666666666,-0.7933383465491026
R_5Q5TZ5csoblHSvA,inference_categories,dailydilemmas,7,random_projection,0.5714285714285714,-0.693033538574292
R_5Q5TZ5csoblHSvA,inference_categories,dailydilemmas,7,projection_only,0.5714285714285714,-0.7409900811687378
R_5Q5TZ5csoblHSvA,inference_categories,dailydilemmas,7,projection_alpha,0.5714285714285714,-0.7409900811687378
R_5Q5TZ5csoblHSvA,inference_categories,dailydilemmas,8,random_projection,0.625,-0.6930195824884298
R_5Q5TZ5csoblHSvA,inference_categories,dailydilemmas,8,projection_only,0.75,-0.6718798860458988
R_5Q5TZ5csoblHSvA,inference_categories,dailydilemmas,8,projection_alpha,0.75,-0.6718798860458988
R_5Q5TZ5csoblHSvA,inference_categories,dailydilemmas,9,random_projection,0.6666666666666666,-0.6910181561830989
R_5Q5TZ5csoblHSvA,inference_categories,dailydilemmas,9,projection_only,0.7777777777777778,-0.62811919256189
R_5Q5TZ5csoblHSvA,inference_categories,dailydilemmas,9,projection_alpha,0.7777777777777778,-0.62811919256189
R_5Q5TZ5csoblHSvA,inference_categories,dailydilemmas,10,random_projection,0.9,-0.6882992234758256
R_5Q5TZ5csoblHSvA,inference_categories,dailydilemmas,10,projection_only,0.8,-0.566986516264159
R_5Q5TZ5csoblHSvA,inference_categories,dailydilemmas,10,projection_alpha,0.8,-0.566986516264159
R_5Q5TZ5csoblHSvA,inference_categories,dailydilemmas,11,random_projection,0.8181818181818182,-0.6900484822768075
R_5Q5TZ5csoblHSvA,inference_categories,dailydilemmas,11,projection_only,0.7272727272727273,-0.7497013954803051
R_5Q5TZ5csoblHSvA,inference_categories,dailydilemmas,11,projection_alpha,0.7272727272727273,-0.7497013954803051
R_5Q5TZ5csoblHSvA,inference_categories,dailydilemmas,12,random_projection,0.6666666666666666,-0.6908746787331896
R_5Q5TZ5csoblHSvA,inference_categories,dailydilemmas,12,projection_only,0.5833333333333334,-0.7599564630523438
R_5Q5TZ5csoblHSvA,inference_categories,dailydilemmas,12,projection_alpha,0.5833333333333334,-0.7599564630523438
R_5Q5TZ5csoblHSvA,inference_categories,dailydilemmas,13,random_projection,0.5384615384615384,-0.6935475155803
R_5Q5TZ5csoblHSvA,inference_categories,dailydilemmas,13,projection_only,0.6153846153846154,-0.8103466545884523
R_5Q5TZ5csoblHSvA,inference_categories,dailydilemmas,13,projection_alpha,0.6153846153846154,-0.8103466545884523
R_5Q5TZ5csoblHSvA,inference_categories,dailydilemmas,14,random_projection,0.5714285714285714,-0.6932075434630265
R_5Q5TZ5csoblHSvA,inference_categories,dailydilemmas,14,projection_only,0.6428571428571429,-0.7890304166088223
R_5Q5TZ5csoblHSvA,inference_categories,dailydilemmas,14,projection_alpha,0.6428571428571429,-0.7890304166088223
R_5Q5TZ5csoblHSvA,inference_categories,dailydilemmas,15,random_projection,0.4666666666666667,-0.6934821457988284
R_5Q5TZ5csoblHSvA,inference_categories,dailydilemmas,15,projection_only,0.6666666666666666,-0.7766744959860408
R_5Q5TZ5csoblHSvA,inference_categories,dailydilemmas,15,projection_alpha,0.6666666666666666,-0.7766744959860408
R_5Q5TZ5csoblHSvA,inference_categories,dailydilemmas,16,random_projection,0.5,-0.6931204287722983
R_5Q5TZ5csoblHSvA,inference_categories,dailydilemmas,16,projection_only,0.5625,-0.805503377899326
R_5Q5TZ5csoblHSvA,inference_categories,dailydilemmas,16,projection_alpha,0.5625,-0.805503377899326
R_5Q5TZ5csoblHSvA,inference_categories,dailydilemmas,17,random_projection,0.47058823529411764,-0.6932441448215393
R_5Q5TZ5csoblHSvA,inference_categories,dailydilemmas,17,projection_only,0.47058823529411764,-0.800755276244299
R_5Q5TZ5csoblHSvA,inference_categories,dailydilemmas,17,projection_alpha,0.47058823529411764,-0.800755276244299
R_5Q5TZ5csoblHSvA,inference_categories,dailydilemmas,18,random_projection,0.5,-0.6936108117616816
R_5Q5TZ5csoblHSvA,inference_categories,dailydilemmas,18,projection_only,0.6111111111111112,-0.7915106211087399
R_5Q5TZ5csoblHSvA,inference_categories,dailydilemmas,18,projection_alpha,0.6111111111111112,-0.7915106211087399
R_5Q5TZ5csoblHSvA,inference_categories,dailydilemmas,19,random_projection,0.5263157894736842,-0.693862168404604
R_5Q5TZ5csoblHSvA,inference_categories,dailydilemmas,19,projection_only,0.631578947368421,-0.7622301645134342
R_5Q5TZ5csoblHSvA,inference_categories,dailydilemmas,19,projection_alpha,0.631578947368421,-0.7622301645134342
R_5Q5TZ5csoblHSvA,inference_categories,dailydilemmas,20,random_projection,0.45,-0.6948523153388847
R_5Q5TZ5csoblHSvA,inference_categories,dailydilemmas,20,projection_only,0.6,-0.7682362108239212
R_5Q5TZ5csoblHSvA,inference_categories,dailydilemmas,20,projection_alpha,0.6,-0.7682362108239212
R_18H831wJaDlPwgg,inference_categories,dailydilemmas,3,random_projection,0.6666666666666666,-0.6930350715853283
R_18H831wJaDlPwgg,inference_categories,dailydilemmas,3,projection_only,0.3333333333333333,-0.640009834522147
R_18H831wJaDlPwgg,inference_categories,dailydilemmas,3,projection_alpha,0.3333333333333333,-0.640009834522147
R_18H831wJaDlPwgg,inference_categories,dailydilemmas,4,random_projection,0.75,-0.6911640387225827
R_18H831wJaDlPwgg,inference_categories,dailydilemmas,4,projection_only,0.75,-0.4678509550758535
R_18H831wJaDlPwgg,inference_categories,dailydilemmas,4,projection_alpha,0.75,-0.4678509550758535
R_18H831wJaDlPwgg,inference_categories,dailydilemmas,5,random_projection,0.8,-0.6888791539237857
R_18H831wJaDlPwgg,inference_categories,dailydilemmas,5,projection_only,0.8,-0.35808665917665633
R_18H831wJaDlPwgg,inference_categories,dailydilemmas,5,projection_alpha,0.8,-0.35808665917665633
R_18H831wJaDlPwgg,inference_categories,dailydilemmas,6,random_projection,0.8333333333333334,-0.6883083405199648
R_18H831wJaDlPwgg,inference_categories,dailydilemmas,6,projection_only,0.8333333333333334,-0.36448929309659417
R_18H831wJaDlPwgg,inference_categories,dailydilemmas,6,projection_alpha,0.8333333333333334,-0.36448929309659417
R_18H831wJaDlPwgg,inference_categories,dailydilemmas,7,random_projection,0.8571428571428571,-0.6871647769803373
R_18H831wJaDlPwgg,inference_categories,dailydilemmas,7,projection_only,0.8571428571428571,-0.3547611868179536
R_18H831wJaDlPwgg,inference_categories,dailydilemmas,7,projection_alpha,0.8571428571428571,-0.3547611868179536
R_18H831wJaDlPwgg,inference_categories,dailydilemmas,8,random_projection,0.75,-0.6899004469014447
R_18H831wJaDlPwgg,inference_categories,dailydilemmas,8,projection_only,0.875,-0.3584374558618679
R_18H831wJaDlPwgg,inference_categories,dailydilemmas,8,projection_alpha,0.875,-0.3584374558618679
R_18H831wJaDlPwgg,inference_categories,dailydilemmas,9,random_projection,0.7777777777777778,-0.6858459751921792
R_18H831wJaDlPwgg,inference_categories,dailydilemmas,9,projection_only,0.8888888888888888,-0.33098705620969027
R_18H831wJaDlPwgg,inference_categories,dailydilemmas,9,projection_alpha,0.8888888888888888,-0.33098705620969027
R_18H831wJaDlPwgg,inference_categories,dailydilemmas,10,random_projection,0.8,-0.6839674517491406
R_18H831wJaDlPwgg,inference_categories,dailydilemmas,10,projection_only,0.9,-0.29657634306197617
R_18H831wJaDlPwgg,inference_categories,dailydilemmas,10,projection_alpha,0.9,-0.29657634306197617
R_18H831wJaDlPwgg,inference_categories,dailydilemmas,11,random_projection,0.8181818181818182,-0.683798020674744
R_18H831wJaDlPwgg,inference_categories,dailydilemmas,11,projection_only,0.9090909090909091,-0.3177070620062746
R_18H831wJaDlPwgg,inference_categories,dailydilemmas,11,projection_alpha,0.9090909090909091,-0.3177070620062746
R_18H831wJaDlPwgg,inference_categories,dailydilemmas,12,random_projection,0.75,-0.6845980597637231
R_18H831wJaDlPwgg,inference_categories,dailydilemmas,12,projection_only,0.8333333333333334,-0.5323018989163063
R_18H831wJaDlPwgg,inference_categories,dailydilemmas,12,projection_alpha,0.8333333333333334,-0.5323018989163063
R_18H831wJaDlPwgg,inference_categories,dailydilemmas,13,random_projection,0.8461538461538461,-0.6801311057727394
R_18H831wJaDlPwgg,inference_categories,dailydilemmas,13,projection_only,0.8461538461538461,-0.48863803964867797
R_18H831wJaDlPwgg,inference_categories,dailydilemmas,13,projection_alpha,0.8461538461538461,-0.48863803964867797
R_18H831wJaDlPwgg,inference_categories,dailydilemmas,14,random_projection,0.8571428571428571,-0.6790039255632444
R_18H831wJaDlPwgg,inference_categories,dailydilemmas,14,projection_only,0.7857142857142857,-0.5094272743702338
R_18H831wJaDlPwgg,inference_categories,dailydilemmas,14,projection_alpha,0.7857142857142857,-0.5094272743702338
R_18H831wJaDlPwgg,inference_categories,dailydilemmas,15,random_projection,0.8666666666666667,-0.6750910245436431
R_18H831wJaDlPwgg,inference_categories,dailydilemmas,15,projection_only,0.8,-0.47878319128754243
R_18H831wJaDlPwgg,inference_categories,dailydilemmas,15,projection_alpha,0.8,-0.47878319128754243
R_18H831wJaDlPwgg,inference_categories,dailydilemmas,16,random_projection,0.875,-0.6747499770729648
R_18H831wJaDlPwgg,inference_categories,dailydilemmas,16,projection_only,0.8125,-0.47626803356433234
R_18H831wJaDlPwgg,inference_categories,dailydilemmas,16,projection_alpha,0.8125,-0.47626803356433234
R_18H831wJaDlPwgg,inference_categories,dailydilemmas,17,random_projection,0.8823529411764706,-0.6728595201804775
R_18H831wJaDlPwgg,inference_categories,dailydilemmas,17,projection_only,0.8235294117647058,-0.4506922390774446
R_18H831wJaDlPwgg,inference_categories,dailydilemmas,17,projection_alpha,0.8235294117647058,-0.4506922390774446
R_18H831wJaDlPwgg,inference_categories,dailydilemmas,18,random_projection,0.8888888888888888,-0.6716918704907618
R_18H831wJaDlPwgg,inference_categories,dailydilemmas,18,projection_only,0.8333333333333334,-0.4470162495374866
R_18H831wJaDlPwgg,inference_categories,dailydilemmas,18,projection_alpha,0.8333333333333334,-0.4470162495374866
R_18H831wJaDlPwgg,inference_categories,dailydilemmas,19,random_projection,0.8947368421052632,-0.672631130867301
R_18H831wJaDlPwgg,inference_categories,dailydilemmas,19,projection_only,0.8421052631578947,-0.4612481730343868
R_18H831wJaDlPwgg,inference_categories,dailydilemmas,19,projection_alpha,0.8421052631578947,-0.4612481730343868
R_18H831wJaDlPwgg,inference_categories,dailydilemmas,20,random_projection,0.85,-0.6754751912013325
R_18H831wJaDlPwgg,inference_categories,dailydilemmas,20,projection_only,0.85,-0.4609295297422367
R_18H831wJaDlPwgg,inference_categories,dailydilemmas,20,projection_alpha,0.85,-0.4609295297422367
R_12mMAseFwoOpgqC,inference_categories,dailydilemmas,4,random_projection,0.25,-0.6932868659933724
R_12mMAseFwoOpgqC,inference_categories,dailydilemmas,4,projection_only,0.5,-0.5771583143704258
R_12mMAseFwoOpgqC,inference_categories,dailydilemmas,4,projection_alpha,0.5,-0.5771583143704258
R_12mMAseFwoOpgqC,inference_categories,dailydilemmas,5,random_projection,0.6,-0.6921323337688501
R_12mMAseFwoOpgqC,inference_categories,dailydilemmas,5,projection_only,0.6,-0.4687946762411988
R_12mMAseFwoOpgqC,inference_categories,dailydilemmas,5,projection_alpha,0.6,-0.4687946762411988
R_12mMAseFwoOpgqC,inference_categories,dailydilemmas,6,random_projection,0.8333333333333334,-0.6908194161098601
R_12mMAseFwoOpgqC,inference_categories,dailydilemmas,6,projection_only,0.5,-0.610026641615815
R_12mMAseFwoOpgqC,inference_categories,dailydilemmas,6,projection_alpha,0.5,-0.610026641615815
R_12mMAseFwoOpgqC,inference_categories,dailydilemmas,7,random_projection,0.8571428571428571,-0.6910624784450167
R_12mMAseFwoOpgqC,inference_categories,dailydilemmas,7,projection_only,0.5714285714285714,-0.5735916560072385
R_12mMAseFwoOpgqC,inference_categories,dailydilemmas,7,projection_alpha,0.5714285714285714,-0.5735916560072385
R_12mMAseFwoOpgqC,inference_categories,dailydilemmas,8,random_projection,0.625,-0.6913220264965103
R_12mMAseFwoOpgqC,inference_categories,dailydilemmas,8,projection_only,0.625,-0.4998831358861493
R_12mMAseFwoOpgqC,inference_categories,dailydilemmas,8,projection_alpha,0.625,-0.4998831358861493
R_12mMAseFwoOpgqC,inference_categories,dailydilemmas,9,random_projection,0.7777777777777778,-0.6890115687587054
R_12mMAseFwoOpgqC,inference_categories,dailydilemmas,9,projection_only,0.5555555555555556,-0.5478824043468968
R_12mMAseFwoOpgqC,inference_categories,dailydilemmas,9,projection_alpha,0.5555555555555556,-0.5478824043468968
R_12mMAseFwoOpgqC,inference_categories,dailydilemmas,10,random_projection,0.8,-0.6885543222653654
R_12mMAseFwoOpgqC,inference_categories,dailydilemmas,10,projection_only,0.6,-0.5529927767745871
R_12mMAseFwoOpgqC,inference_categories,dailydilemmas,10,projection_alpha,0.6,-0.5529927767745871
R_12mMAseFwoOpgqC,inference_categories,dailydilemmas,11,random_projection,0.7272727272727273,-0.6892400148212741
R_12mMAseFwoOpgqC,inference_categories,dailydilemmas,11,projection_only,0.5454545454545454,-0.5577038412057487
R_12mMAseFwoOpgqC,inference_categories,dailydilemmas,11,projection_alpha,0.5454545454545454,-0.5577038412057487
R_12mMAseFwoOpgqC,inference_categories,dailydilemmas,12,random_projection,0.75,-0.6893583350688953
R_12mMAseFwoOpgqC,inference_categories,dailydilemmas,12,projection_only,0.5833333333333334,-0.5394739507069262
R_12mMAseFwoOpgqC,inference_categories,dailydilemmas,12,projection_alpha,0.5833333333333334,-0.5394739507069262
R_12mMAseFwoOpgqC,inference_categories,dailydilemmas,13,random_projection,0.6153846153846154,-0.6912619119833588
R_12mMAseFwoOpgqC,inference_categories,dailydilemmas,13,projection_only,0.46153846153846156,-0.7414742966658032
R_12mMAseFwoOpgqC,inference_categories,dailydilemmas,13,projection_alpha,0.46153846153846156,-0.7414742966658032
R_12mMAseFwoOpgqC,inference_categories,dailydilemmas,14,random_projection,0.7142857142857143,-0.6896706227141848
R_12mMAseFwoOpgqC,inference_categories,dailydilemmas,14,projection_only,0.5,-0.6939605885686355
R_12mMAseFwoOpgqC,inference_categories,dailydilemmas,14,projection_alpha,0.5,-0.6939605885686355
R_12mMAseFwoOpgqC,inference_categories,dailydilemmas,15,random_projection,0.6666666666666666,-0.6903932194815413
R_12mMAseFwoOpgqC,inference_categories,dailydilemmas,15,projection_only,0.4666666666666667,-0.7112536464579213
R_12mMAseFwoOpgqC,inference_categories,dailydilemmas,15,projection_alpha,0.4666666666666667,-0.7112536464579213
R_12mMAseFwoOpgqC,inference_categories,dailydilemmas,16,random_projection,0.6875,-0.6901046789505325
R_12mMAseFwoOpgqC,inference_categories,dailydilemmas,16,projection_only,0.5,-0.7023906446468959
R_12mMAseFwoOpgqC,inference_categories,dailydilemmas,16,projection_alpha,0.5,-0.7023906446468959
R_12mMAseFwoOpgqC,inference_categories,dailydilemmas,17,random_projection,0.6470588235294118,-0.6909908912030015
R_12mMAseFwoOpgqC,inference_categories,dailydilemmas,17,projection_only,0.5294117647058824,-0.6853145855590266
R_12mMAseFwoOpgqC,inference_categories,dailydilemmas,17,projection_alpha,0.5294117647058824,-0.6853145855590266
R_12mMAseFwoOpgqC,inference_categories,dailydilemmas,18,random_projection,0.5,-0.6912512047182167
R_12mMAseFwoOpgqC,inference_categories,dailydilemmas,18,projection_only,0.5,-0.7134105213976656
R_12mMAseFwoOpgqC,inference_categories,dailydilemmas,18,projection_alpha,0.5,-0.7134105213976656
R_12mMAseFwoOpgqC,inference_categories,dailydilemmas,19,random_projection,0.5263157894736842,-0.6917612591230676
R_12mMAseFwoOpgqC,inference_categories,dailydilemmas,19,projection_only,0.5263157894736842,-0.7031398797924168
R_12mMAseFwoOpgqC,inference_categories,dailydilemmas,19,projection_alpha,0.5263157894736842,-0.7031398797924168
R_12mMAseFwoOpgqC,inference_categories,dailydilemmas,20,random_projection,0.5,-0.692516357765618
R_12mMAseFwoOpgqC,inference_categories,dailydilemmas,20,projection_only,0.5,-0.7152682575324236
R_12mMAseFwoOpgqC,inference_categories,dailydilemmas,20,projection_alpha,0.5,-0.7152682575324236
R_7ojvA7NDI10RoKR,inference_categories,dailydilemmas,5,random_projection,0.4,-0.6922064995359787
R_7ojvA7NDI10RoKR,inference_categories,dailydilemmas,5,projection_only,0.6,-0.5121433883034701
R_7ojvA7NDI10RoKR,inference_categories,dailydilemmas,5,projection_alpha,0.6,-0.5121433883034701
R_7ojvA7NDI10RoKR,inference_categories,dailydilemmas,6,random_projection,0.6666666666666666,-0.6923838834615208
R_7ojvA7NDI10RoKR,inference_categories,dailydilemmas,6,projection_only,0.6666666666666666,-0.4333179931755213
R_7ojvA7NDI10RoKR,inference_categories,dailydilemmas,6,projection_alpha,0.6666666666666666,-0.4333179931755213
R_7ojvA7NDI10RoKR,inference_categories,dailydilemmas,7,random_projection,0.7142857142857143,-0.691103725425397
R_7ojvA7NDI10RoKR,inference_categories,dailydilemmas,7,projection_only,0.7142857142857143,-0.37471142190976103
R_7ojvA7NDI10RoKR,inference_categories,dailydilemmas,7,projection_alpha,0.7142857142857143,-0.37471142190976103
R_7ojvA7NDI10RoKR,inference_categories,dailydilemmas,8,random_projection,0.75,-0.6907165953266033
R_7ojvA7NDI10RoKR,inference_categories,dailydilemmas,8,projection_only,0.75,-0.3196530433627038
R_7ojvA7NDI10RoKR,inference_categories,dailydilemmas,8,projection_alpha,0.75,-0.3196530433627038
R_7ojvA7NDI10RoKR,inference_categories,dailydilemmas,9,random_projection,0.6666666666666666,-0.6910967032577184
R_7ojvA7NDI10RoKR,inference_categories,dailydilemmas,9,projection_only,0.7777777777777778,-0.3228706895368886
R_7ojvA7NDI10RoKR,inference_categories,dailydilemmas,9,projection_alpha,0.7777777777777778,-0.3228706895368886
R_7ojvA7NDI10RoKR,inference_categories,dailydilemmas,10,random_projection,0.5,-0.692973994081253
R_7ojvA7NDI10RoKR,inference_categories,dailydilemmas,10,projection_only,0.8,-0.6682477653608899
R_7ojvA7NDI10RoKR,inference_categories,dailydilemmas,10,projection_alpha,0.8,-0.6682477653608899
R_7ojvA7NDI10RoKR,inference_categories,dailydilemmas,11,random_projection,0.6363636363636364,-0.691769598956407
R_7ojvA7NDI10RoKR,inference_categories,dailydilemmas,11,projection_only,0.8181818181818182,-0.6312534437396544
R_7ojvA7NDI10RoKR,inference_categories,dailydilemmas,11,projection_alpha,0.8181818181818182,-0.6312534437396544
R_7ojvA7NDI10RoKR,inference_categories,dailydilemmas,12,random_projection,0.5,-0.69268232065222
R_7ojvA7NDI10RoKR,inference_categories,dailydilemmas,12,projection_only,0.8333333333333334,-0.6124580554939646
R_7ojvA7NDI10RoKR,inference_categories,dailydilemmas,12,projection_alpha,0.8333333333333334,-0.6124580554939646
R_7ojvA7NDI10RoKR,inference_categories,dailydilemmas,13,random_projection,0.46153846153846156,-0.694462439797586
R_7ojvA7NDI10RoKR,inference_categories,dailydilemmas,13,projection_only,0.8461538461538461,-0.6213023727222103
R_7ojvA7NDI10RoKR,inference_categories,dailydilemmas,13,projection_alpha,0.8461538461538461,-0.6213023727222103
R_7ojvA7NDI10RoKR,inference_categories,dailydilemmas,14,random_projection,0.5714285714285714,-0.6925976549113094
R_7ojvA7NDI10RoKR,inference_categories,dailydilemmas,14,projection_only,0.8571428571428571,-0.6049341285136342
R_7ojvA7NDI10RoKR,inference_categories,dailydilemmas,14,projection_alpha,0.8571428571428571,-0.6049341285136342
R_7ojvA7NDI10RoKR,inference_categories,dailydilemmas,15,random_projection,0.5333333333333333,-0.6926209275129904
R_7ojvA7NDI10RoKR,inference_categories,dailydilemmas,15,projection_only,0.8666666666666667,-0.581652948352707
R_7ojvA7NDI10RoKR,inference_categories,dailydilemmas,15,projection_alpha,0.8666666666666667,-0.581652948352707
R_7ojvA7NDI10RoKR,inference_categories,dailydilemmas,16,random_projection,0.5625,-0.6928889236550537
R_7ojvA7NDI10RoKR,inference_categories,dailydilemmas,16,projection_only,0.8125,-0.5854914634357178
R_7ojvA7NDI10RoKR,inference_categories,dailydilemmas,16,projection_alpha,0.8125,-0.5854914634357178
R_7ojvA7NDI10RoKR,inference_categories,dailydilemmas,17,random_projection,0.5294117647058824,-0.6929179028102307
R_7ojvA7NDI10RoKR,inference_categories,dailydilemmas,17,projection_only,0.8823529411764706,-0.5555175663510828
R_7ojvA7NDI10RoKR,inference_categories,dailydilemmas,17,projection_alpha,0.8823529411764706,-0.5555175663510828
R_7ojvA7NDI10RoKR,inference_categories,dailydilemmas,18,random_projection,0.6111111111111112,-0.6936491500576859
R_7ojvA7NDI10RoKR,inference_categories,dailydilemmas,18,projection_only,0.8888888888888888,-0.5408780347605179
R_7ojvA7NDI10RoKR,inference_categories,dailydilemmas,18,projection_alpha,0.8888888888888888,-0.5408780347605179
R_7ojvA7NDI10RoKR,inference_categories,dailydilemmas,19,random_projection,0.47368421052631576,-0.6938810845273037
R_7ojvA7NDI10RoKR,inference_categories,dailydilemmas,19,projection_only,0.8947368421052632,-0.537657210115842
R_7ojvA7NDI10RoKR,inference_categories,dailydilemmas,19,projection_alpha,0.8947368421052632,-0.537657210115842
R_7ojvA7NDI10RoKR,inference_categories,dailydilemmas,20,random_projection,0.45,-0.6939322454765084
R_7ojvA7NDI10RoKR,inference_categories,dailydilemmas,20,projection_only,0.85,-0.5735380383282884
R_7ojvA7NDI10RoKR,inference_categories,dailydilemmas,20,projection_alpha,0.85,-0.5735380383282884
R_5gbXjT8uFYXCo7E,inference_categories,dailydilemmas,3,random_projection,1.0,-0.691892591616787
R_5gbXjT8uFYXCo7E,inference_categories,dailydilemmas,3,projection_only,0.6666666666666666,-0.7201497561008696
R_5gbXjT8uFYXCo7E,inference_categories,dailydilemmas,3,projection_alpha,0.6666666666666666,-0.7201497561008696
R_5gbXjT8uFYXCo7E,inference_categories,dailydilemmas,4,random_projection,1.0,-0.6901660641713372
R_5gbXjT8uFYXCo7E,inference_categories,dailydilemmas,4,projection_only,0.75,-0.57958501985393
R_5gbXjT8uFYXCo7E,inference_categories,dailydilemmas,4,projection_alpha,0.75,-0.57958501985393
R_5gbXjT8uFYXCo7E,inference_categories,dailydilemmas,5,random_projection,0.8,-0.690956946209435
R_5gbXjT8uFYXCo7E,inference_categories,dailydilemmas,5,projection_only,0.6,-0.7707299858456688
R_5gbXjT8uFYXCo7E,inference_categories,dailydilemmas,5,projection_alpha,0.6,-0.7707299858456688
R_5gbXjT8uFYXCo7E,inference_categories,dailydilemmas,6,random_projection,0.5,-0.6920548415220193
R_5gbXjT8uFYXCo7E,inference_categories,dailydilemmas,6,projection_only,0.6666666666666666,-0.695281459476527
R_5gbXjT8uFYXCo7E,inference_categories,dailydilemmas,6,projection_alpha,0.6666666666666666,-0.695281459476527
R_5gbXjT8uFYXCo7E,inference_categories,dailydilemmas,7,random_projection,0.5714285714285714,-0.691216572979181
R_5gbXjT8uFYXCo7E,inference_categories,dailydilemmas,7,projection_only,0.7142857142857143,-0.6623514523339397
R_5gbXjT8uFYXCo7E,inference_categories,dailydilemmas,7,projection_alpha,0.7142857142857143,-0.6623514523339397
R_5gbXjT8uFYXCo7E,inference_categories,dailydilemmas,8,random_projection,0.625,-0.6904951979449875
R_5gbXjT8uFYXCo7E,inference_categories,dailydilemmas,8,projection_only,0.75,-0.585954167271741
R_5gbXjT8uFYXCo7E,inference_categories,dailydilemmas,8,projection_alpha,0.75,-0.585954167271741
R_5gbXjT8uFYXCo7E,inference_categories,dailydilemmas,9,random_projection,0.5555555555555556,-0.6916022601461762
R_5gbXjT8uFYXCo7E,inference_categories,dailydilemmas,9,projection_only,0.7777777777777778,-0.5229669764821401
R_5gbXjT8uFYXCo7E,inference_categories,dailydilemmas,9,projection_alpha,0.7777777777777778,-0.5229669764821401
R_5gbXjT8uFYXCo7E,inference_categories,dailydilemmas,10,random_projection,0.7,-0.6906953816935774
R_5gbXjT8uFYXCo7E,inference_categories,dailydilemmas,10,projection_only,0.7,-0.5407321476216782
R_5gbXjT8uFYXCo7E,inference_categories,dailydilemmas,10,projection_alpha,0.7,-0.5407321476216782
R_5gbXjT8uFYXCo7E,inference_categories,dailydilemmas,11,random_projection,0.5454545454545454,-0.6905463472989278
R_5gbXjT8uFYXCo7E,inference_categories,dailydilemmas,11,projection_only,0.6363636363636364,-0.7018386409095133
R_5gbXjT8uFYXCo7E,inference_categories,dailydilemmas,11,projection_alpha,0.6363636363636364,-0.7018386409095133
R_5gbXjT8uFYXCo7E,inference_categories,dailydilemmas,12,random_projection,0.6666666666666666,-0.689375276801233
R_5gbXjT8uFYXCo7E,inference_categories,dailydilemmas,12,projection_only,0.5833333333333334,-0.7280556237577166
R_5gbXjT8uFYXCo7E,inference_categories,dailydilemmas,12,projection_alpha,0.5833333333333334,-0.7280556237577166
R_5gbXjT8uFYXCo7E,inference_categories,dailydilemmas,13,random_projection,0.8461538461538461,-0.6885286445126224
R_5gbXjT8uFYXCo7E,inference_categories,dailydilemmas,13,projection_only,0.6153846153846154,-0.6869821713609667
R_5gbXjT8uFYXCo7E,inference_categories,dailydilemmas,13,projection_alpha,0.6153846153846154,-0.6869821713609667
R_5gbXjT8uFYXCo7E,inference_categories,dailydilemmas,14,random_projection,0.7857142857142857,-0.6881789549376912
R_5gbXjT8uFYXCo7E,inference_categories,dailydilemmas,14,projection_only,0.6428571428571429,-0.6766307855975204
R_5gbXjT8uFYXCo7E,inference_categories,dailydilemmas,14,projection_alpha,0.6428571428571429,-0.6766307855975204
R_5gbXjT8uFYXCo7E,inference_categories,dailydilemmas,15,random_projection,0.8666666666666667,-0.6871367484632971
R_5gbXjT8uFYXCo7E,inference_categories,dailydilemmas,15,projection_only,0.6,-0.7318127122915302
R_5gbXjT8uFYXCo7E,inference_categories,dailydilemmas,15,projection_alpha,0.6,-0.7318127122915302
R_5gbXjT8uFYXCo7E,inference_categories,dailydilemmas,16,random_projection,0.8125,-0.6876322622848046
R_5gbXjT8uFYXCo7E,inference_categories,dailydilemmas,16,projection_only,0.5,-0.7626645359698867
R_5gbXjT8uFYXCo7E,inference_categories,dailydilemmas,16,projection_alpha,0.5,-0.7626645359698867
R_5gbXjT8uFYXCo7E,inference_categories,dailydilemmas,17,random_projection,0.8235294117647058,-0.6876199009653006
R_5gbXjT8uFYXCo7E,inference_categories,dailydilemmas,17,projection_only,0.29411764705882354,-0.773442191370565
R_5gbXjT8uFYXCo7E,inference_categories,dailydilemmas,17,projection_alpha,0.29411764705882354,-0.773442191370565
R_5gbXjT8uFYXCo7E,inference_categories,dailydilemmas,18,random_projection,0.7222222222222222,-0.6882606512651055
R_5gbXjT8uFYXCo7E,inference_categories,dailydilemmas,18,projection_only,0.3888888888888889,-0.7674881001075504
R_5gbXjT8uFYXCo7E,inference_categories,dailydilemmas,18,projection_alpha,0.3888888888888889,-0.7674881001075504
R_5gbXjT8uFYXCo7E,inference_categories,dailydilemmas,19,random_projection,0.7894736842105263,-0.6871940278587259
R_5gbXjT8uFYXCo7E,inference_categories,dailydilemmas,19,projection_only,0.5263157894736842,-0.7505157399495541
R_5gbXjT8uFYXCo7E,inference_categories,dailydilemmas,19,projection_alpha,0.5263157894736842,-0.7505157399495541
R_5gbXjT8uFYXCo7E,inference_categories,dailydilemmas,20,random_projection,0.85,-0.6861434583472095
R_5gbXjT8uFYXCo7E,inference_categories,dailydilemmas,20,projection_only,0.55,-0.7561103570264679
R_5gbXjT8uFYXCo7E,inference_categories,dailydilemmas,20,projection_alpha,0.55,-0.7561103570264679
R_7f9o7q4AZOoP4ot,inference_categories,dailydilemmas,3,random_projection,0.3333333333333333,-0.6931979626727572
R_7f9o7q4AZOoP4ot,inference_categories,dailydilemmas,3,projection_only,0.3333333333333333,-0.805794872718832
R_7f9o7q4AZOoP4ot,inference_categories,dailydilemmas,3,projection_alpha,0.3333333333333333,-0.805794872718832
R_7f9o7q4AZOoP4ot,inference_categories,dailydilemmas,4,random_projection,0.25,-0.6933976690475758
R_7f9o7q4AZOoP4ot,inference_categories,dailydilemmas,4,projection_only,0.25,-0.7816889960879249
R_7f9o7q4AZOoP4ot,inference_categories,dailydilemmas,4,projection_alpha,0.25,-0.7816889960879249
R_7f9o7q4AZOoP4ot,inference_categories,dailydilemmas,5,random_projection,0.2,-0.6939679230491368
R_7f9o7q4AZOoP4ot,inference_categories,dailydilemmas,5,projection_only,0.0,-0.8038623651170843
R_7f9o7q4AZOoP4ot,inference_categories,dailydilemmas,5,projection_alpha,0.0,-0.8038623651170843
R_7f9o7q4AZOoP4ot,inference_categories,dailydilemmas,6,random_projection,0.3333333333333333,-0.6935835612171798
R_7f9o7q4AZOoP4ot,inference_categories,dailydilemmas,6,projection_only,0.3333333333333333,-0.7555078554651349
R_7f9o7q4AZOoP4ot,inference_categories,dailydilemmas,6,projection_alpha,0.3333333333333333,-0.7555078554651349
R_7f9o7q4AZOoP4ot,inference_categories,dailydilemmas,7,random_projection,0.14285714285714285,-0.695500667169135
R_7f9o7q4AZOoP4ot,inference_categories,dailydilemmas,7,projection_only,0.42857142857142855,-0.7623138076377955
R_7f9o7q4AZOoP4ot,inference_categories,dailydilemmas,7,projection_alpha,0.42857142857142855,-0.7623138076377955
R_7f9o7q4AZOoP4ot,inference_categories,dailydilemmas,8,random_projection,0.125,-0.695317629605599
R_7f9o7q4AZOoP4ot,inference_categories,dailydilemmas,8,projection_only,0.375,-0.8288468477017966
R_7f9o7q4AZOoP4ot,inference_categories,dailydilemmas,8,projection_alpha,0.375,-0.8288468477017966
R_7f9o7q4AZOoP4ot,inference_categories,dailydilemmas,9,random_projection,0.1111111111111111,-0.6959951695679787
R_7f9o7q4AZOoP4ot,inference_categories,dailydilemmas,9,projection_only,0.5555555555555556,-0.7340218857031865
R_7f9o7q4AZOoP4ot,inference_categories,dailydilemmas,9,projection_alpha,0.5555555555555556,-0.7340218857031865
R_7f9o7q4AZOoP4ot,inference_categories,dailydilemmas,10,random_projection,0.2,-0.6955046017878941
R_7f9o7q4AZOoP4ot,inference_categories,dailydilemmas,10,projection_only,0.4,-0.7566250281436455
R_7f9o7q4AZOoP4ot,inference_categories,dailydilemmas,10,projection_alpha,0.4,-0.7566250281436455
R_7f9o7q4AZOoP4ot,inference_categories,dailydilemmas,11,random_projection,0.2727272727272727,-0.6948468809490176
R_7f9o7q4AZOoP4ot,inference_categories,dailydilemmas,11,projection_only,0.6363636363636364,-0.733257395196008
R_7f9o7q4AZOoP4ot,inference_categories,dailydilemmas,11,projection_alpha,0.6363636363636364,-0.733257395196008
R_7f9o7q4AZOoP4ot,inference_categories,dailydilemmas,12,random_projection,0.25,-0.694719755175856
R_7f9o7q4AZOoP4ot,inference_categories,dailydilemmas,12,projection_only,0.5833333333333334,-0.6992272076770846
R_7f9o7q4AZOoP4ot,inference_categories,dailydilemmas,12,projection_alpha,0.5833333333333334,-0.6992272076770846
R_7f9o7q4AZOoP4ot,inference_categories,dailydilemmas,13,random_projection,0.15384615384615385,-0.6954236504598318
R_7f9o7q4AZOoP4ot,inference_categories,dailydilemmas,13,projection_only,0.6923076923076923,-0.6661862721851823
R_7f9o7q4AZOoP4ot,inference_categories,dailydilemmas,13,projection_alpha,0.6923076923076923,-0.6661862721851823
R_7f9o7q4AZOoP4ot,inference_categories,dailydilemmas,14,random_projection,0.35714285714285715,-0.6946555926990798
R_7f9o7q4AZOoP4ot,inference_categories,dailydilemmas,14,projection_only,0.7142857142857143,-0.659827597443331
R_7f9o7q4AZOoP4ot,inference_categories,dailydilemmas,14,projection_alpha,0.7142857142857143,-0.659827597443331
R_7f9o7q4AZOoP4ot,inference_categories,dailydilemmas,15,random_projection,0.5333333333333333,-0.6928760275719068
R_7f9o7q4AZOoP4ot,inference_categories,dailydilemmas,15,projection_only,0.6666666666666666,-0.6810490293163852
R_7f9o7q4AZOoP4ot,inference_categories,dailydilemmas,15,projection_alpha,0.6666666666666666,-0.6810490293163852
R_7f9o7q4AZOoP4ot,inference_categories,dailydilemmas,16,random_projection,0.5,-0.6916462613761831
R_7f9o7q4AZOoP4ot,inference_categories,dailydilemmas,16,projection_only,0.6875,-0.6404334970358904
R_7f9o7q4AZOoP4ot,inference_categories,dailydilemmas,16,projection_alpha,0.6875,-0.6404334970358904
R_7f9o7q4AZOoP4ot,inference_categories,dailydilemmas,17,random_projection,0.5294117647058824,-0.6924549716995364
R_7f9o7q4AZOoP4ot,inference_categories,dailydilemmas,17,projection_only,0.6470588235294118,-0.6997072770958119
R_7f9o7q4AZOoP4ot,inference_categories,dailydilemmas,17,projection_alpha,0.6470588235294118,-0.6997072770958119
R_7f9o7q4AZOoP4ot,inference_categories,dailydilemmas,18,random_projection,0.5555555555555556,-0.6916679134993627
R_7f9o7q4AZOoP4ot,inference_categories,dailydilemmas,18,projection_only,0.6111111111111112,-0.7228679155996873
R_7f9o7q4AZOoP4ot,inference_categories,dailydilemmas,18,projection_alpha,0.6111111111111112,-0.7228679155996873
R_7f9o7q4AZOoP4ot,inference_categories,dailydilemmas,19,random_projection,0.5263157894736842,-0.6926830336643405
R_7f9o7q4AZOoP4ot,inference_categories,dailydilemmas,19,projection_only,0.5789473684210527,-0.7556326334267516
R_7f9o7q4AZOoP4ot,inference_categories,dailydilemmas,19,projection_alpha,0.5789473684210527,-0.7556326334267516
R_7f9o7q4AZOoP4ot,inference_categories,dailydilemmas,20,random_projection,0.4,-0.6946011227817644
R_7f9o7q4AZOoP4ot,inference_categories,dailydilemmas,20,projection_only,0.45,-0.7714472114420597
R_7f9o7q4AZOoP4ot,inference_categories,dailydilemmas,20,projection_alpha,0.45,-0.7714472114420597
R_1WHYlcDjJDcnUfD,inference_categories,dailydilemmas,4,random_projection,0.25,-0.6937392811113638
R_1WHYlcDjJDcnUfD,inference_categories,dailydilemmas,4,projection_only,0.5,-0.7513929499902486
R_1WHYlcDjJDcnUfD,inference_categories,dailydilemmas,4,projection_alpha,0.5,-0.7513929499902486
R_1WHYlcDjJDcnUfD,inference_categories,dailydilemmas,5,random_projection,0.0,-0.6946914371342675
R_1WHYlcDjJDcnUfD,inference_categories,dailydilemmas,5,projection_only,0.6,-0.7297019815064935
R_1WHYlcDjJDcnUfD,inference_categories,dailydilemmas,5,projection_alpha,0.6,-0.7297019815064935
R_1WHYlcDjJDcnUfD,inference_categories,dailydilemmas,6,random_projection,0.3333333333333333,-0.6939459480143063
R_1WHYlcDjJDcnUfD,inference_categories,dailydilemmas,6,projection_only,0.6666666666666666,-0.7822823001808153
R_1WHYlcDjJDcnUfD,inference_categories,dailydilemmas,6,projection_alpha,0.6666666666666666,-0.7822823001808153
R_1WHYlcDjJDcnUfD,inference_categories,dailydilemmas,7,random_projection,0.42857142857142855,-0.693713274447627
R_1WHYlcDjJDcnUfD,inference_categories,dailydilemmas,7,projection_only,0.2857142857142857,-0.846585814867283
R_1WHYlcDjJDcnUfD,inference_categories,dailydilemmas,7,projection_alpha,0.2857142857142857,-0.846585814867283
R_1WHYlcDjJDcnUfD,inference_categories,dailydilemmas,8,random_projection,0.5,-0.6934456057824516
R_1WHYlcDjJDcnUfD,inference_categories,dailydilemmas,8,projection_only,0.5,-0.7930867371300836
R_1WHYlcDjJDcnUfD,inference_categories,dailydilemmas,8,projection_alpha,0.5,-0.7930867371300836
R_1WHYlcDjJDcnUfD,inference_categories,dailydilemmas,9,random_projection,0.4444444444444444,-0.6928986373393501
R_1WHYlcDjJDcnUfD,inference_categories,dailydilemmas,9,projection_only,0.4444444444444444,-0.7900284738960952
R_1WHYlcDjJDcnUfD,inference_categories,dailydilemmas,9,projection_alpha,0.4444444444444444,-0.7900284738960952
R_1WHYlcDjJDcnUfD,inference_categories,dailydilemmas,10,random_projection,0.5,-0.6927838008484557
R_1WHYlcDjJDcnUfD,inference_categories,dailydilemmas,10,projection_only,0.4,-0.8084341604385742
R_1WHYlcDjJDcnUfD,inference_categories,dailydilemmas,10,projection_alpha,0.4,-0.8084341604385742
R_1WHYlcDjJDcnUfD,inference_categories,dailydilemmas,11,random_projection,0.7272727272727273,-0.6918040152915176
R_1WHYlcDjJDcnUfD,inference_categories,dailydilemmas,11,projection_only,0.18181818181818182,-0.8332544658268582
R_1WHYlcDjJDcnUfD,inference_categories,dailydilemmas,11,projection_alpha,0.18181818181818182,-0.8332544658268582
R_1WHYlcDjJDcnUfD,inference_categories,dailydilemmas,12,random_projection,0.5833333333333334,-0.6919631225138377
R_1WHYlcDjJDcnUfD,inference_categories,dailydilemmas,12,projection_only,0.08333333333333333,-0.8395611028362708
R_1WHYlcDjJDcnUfD,inference_categories,dailydilemmas,12,projection_alpha,0.08333333333333333,-0.8395611028362708
R_1WHYlcDjJDcnUfD,inference_categories,dailydilemmas,13,random_projection,0.6153846153846154,-0.6912395061682115
R_1WHYlcDjJDcnUfD,inference_categories,dailydilemmas,13,projection_only,0.07692307692307693,-0.8284982095822369
R_1WHYlcDjJDcnUfD,inference_categories,dailydilemmas,13,projection_alpha,0.07692307692307693,-0.8284982095822369
R_1WHYlcDjJDcnUfD,inference_categories,dailydilemmas,14,random_projection,0.6428571428571429,-0.6896946738786989
R_1WHYlcDjJDcnUfD,inference_categories,dailydilemmas,14,projection_only,0.14285714285714285,-0.8233381571377507
R_1WHYlcDjJDcnUfD,inference_categories,dailydilemmas,14,projection_alpha,0.14285714285714285,-0.8233381571377507
R_1WHYlcDjJDcnUfD,inference_categories,dailydilemmas,15,random_projection,0.7333333333333333,-0.6906066643635215
R_1WHYlcDjJDcnUfD,inference_categories,dailydilemmas,15,projection_only,0.06666666666666667,-0.8209086121005231
R_1WHYlcDjJDcnUfD,inference_categories,dailydilemmas,15,projection_alpha,0.06666666666666667,-0.8209086121005231
R_1WHYlcDjJDcnUfD,inference_categories,dailydilemmas,16,random_projection,0.6875,-0.6891174993743796
R_1WHYlcDjJDcnUfD,inference_categories,dailydilemmas,16,projection_only,0.1875,-0.8006723427421647
R_1WHYlcDjJDcnUfD,inference_categories,dailydilemmas,16,projection_alpha,0.1875,-0.8006723427421647
R_1WHYlcDjJDcnUfD,inference_categories,dailydilemmas,17,random_projection,0.7647058823529411,-0.6891754178543408
R_1WHYlcDjJDcnUfD,inference_categories,dailydilemmas,17,projection_only,0.35294117647058826,-0.7909711301773868
R_1WHYlcDjJDcnUfD,inference_categories,dailydilemmas,17,projection_alpha,0.35294117647058826,-0.7909711301773868
R_1WHYlcDjJDcnUfD,inference_categories,dailydilemmas,18,random_projection,0.7222222222222222,-0.6892198997104297
R_1WHYlcDjJDcnUfD,inference_categories,dailydilemmas,18,projection_only,0.2777777777777778,-0.786217798529887
R_1WHYlcDjJDcnUfD,inference_categories,dailydilemmas,18,projection_alpha,0.2777777777777778,-0.786217798529887
R_1WHYlcDjJDcnUfD,inference_categories,dailydilemmas,19,random_projection,0.7894736842105263,-0.6893025299342839
R_1WHYlcDjJDcnUfD,inference_categories,dailydilemmas,19,projection_only,0.3157894736842105,-0.7733700653499792
R_1WHYlcDjJDcnUfD,inference_categories,dailydilemmas,19,projection_alpha,0.3157894736842105,-0.7733700653499792
R_1WHYlcDjJDcnUfD,inference_categories,dailydilemmas,20,random_projection,0.7,-0.6900733748304629
R_1WHYlcDjJDcnUfD,inference_categories,dailydilemmas,20,projection_only,0.35,-0.7606090978309189
R_1WHYlcDjJDcnUfD,inference_categories,dailydilemmas,20,projection_alpha,0.35,-0.7606090978309189
R_6Q0gBjey6IdfZpf,inference_categories,dailydilemmas,3,random_projection,0.3333333333333333,-0.6940942299756739
R_6Q0gBjey6IdfZpf,inference_categories,dailydilemmas,3,projection_only,0.6666666666666666,-0.7879473836297155
R_6Q0gBjey6IdfZpf,inference_categories,dailydilemmas,3,projection_alpha,0.6666666666666666,-0.7879473836297155
R_6Q0gBjey6IdfZpf,inference_categories,dailydilemmas,4,random_projection,0.5,-0.6941212009261089
R_6Q0gBjey6IdfZpf,inference_categories,dailydilemmas,4,projection_only,0.0,-0.9275884121524147
R_6Q0gBjey6IdfZpf,inference_categories,dailydilemmas,4,projection_alpha,0.0,-0.9275884121524147
R_6Q0gBjey6IdfZpf,inference_categories,dailydilemmas,5,random_projection,0.6,-0.6938884882743169
R_6Q0gBjey6IdfZpf,inference_categories,dailydilemmas,5,projection_only,0.4,-0.7905215500042606
R_6Q0gBjey6IdfZpf,inference_categories,dailydilemmas,5,projection_alpha,0.4,-0.7905215500042606
R_6Q0gBjey6IdfZpf,inference_categories,dailydilemmas,6,random_projection,0.5,-0.6937126308873865
R_6Q0gBjey6IdfZpf,inference_categories,dailydilemmas,6,projection_only,0.5,-0.6517943915894366
R_6Q0gBjey6IdfZpf,inference_categories,dailydilemmas,6,projection_alpha,0.5,-0.6517943915894366
R_6Q0gBjey6IdfZpf,inference_categories,dailydilemmas,7,random_projection,0.2857142857142857,-0.6957319697489025
R_6Q0gBjey6IdfZpf,inference_categories,dailydilemmas,7,projection_only,0.7142857142857143,-0.64446608394005
R_6Q0gBjey6IdfZpf,inference_categories,dailydilemmas,7,projection_alpha,0.7142857142857143,-0.64446608394005
R_6Q0gBjey6IdfZpf,inference_categories,dailydilemmas,8,random_projection,0.5,-0.6945237102680902
R_6Q0gBjey6IdfZpf,inference_categories,dailydilemmas,8,projection_only,0.625,-0.6982884864877965
R_6Q0gBjey6IdfZpf,inference_categories,dailydilemmas,8,projection_alpha,0.625,-0.6982884864877965
R_6Q0gBjey6IdfZpf,inference_categories,dailydilemmas,9,random_projection,0.5555555555555556,-0.6941024992575597
R_6Q0gBjey6IdfZpf,inference_categories,dailydilemmas,9,projection_only,0.7777777777777778,-0.6678326227240681
R_6Q0gBjey6IdfZpf,inference_categories,dailydilemmas,9,projection_alpha,0.7777777777777778,-0.6678326227240681
R_6Q0gBjey6IdfZpf,inference_categories,dailydilemmas,10,random_projection,0.6,-0.6937741167105014
R_6Q0gBjey6IdfZpf,inference_categories,dailydilemmas,10,projection_only,0.5,-0.6933224442032723
R_6Q0gBjey6IdfZpf,inference_categories,dailydilemmas,10,projection_alpha,0.5,-0.6933224442032723
R_6Q0gBjey6IdfZpf,inference_categories,dailydilemmas,11,random_projection,0.36363636363636365,-0.694199391369838
R_6Q0gBjey6IdfZpf,inference_categories,dailydilemmas,11,projection_only,0.5454545454545454,-0.708698855411696
R_6Q0gBjey6IdfZpf,inference_categories,dailydilemmas,11,projection_alpha,0.5454545454545454,-0.708698855411696
R_6Q0gBjey6IdfZpf,inference_categories,dailydilemmas,12,random_projection,0.5,-0.6928151510132832
R_6Q0gBjey6IdfZpf,inference_categories,dailydilemmas,12,projection_only,0.5833333333333334,-0.6981890107955295
R_6Q0gBjey6IdfZpf,inference_categories,dailydilemmas,12,projection_alpha,0.5833333333333334,-0.6981890107955295
R_6Q0gBjey6IdfZpf,inference_categories,dailydilemmas,13,random_projection,0.46153846153846156,-0.6922834878425024
R_6Q0gBjey6IdfZpf,inference_categories,dailydilemmas,13,projection_only,0.6153846153846154,-0.6597292203795836
R_6Q0gBjey6IdfZpf,inference_categories,dailydilemmas,13,projection_alpha,0.6153846153846154,-0.6597292203795836
R_6Q0gBjey6IdfZpf,inference_categories,dailydilemmas,14,random_projection,0.5,-0.6923537155618108
R_6Q0gBjey6IdfZpf,inference_categories,dailydilemmas,14,projection_only,0.5,-0.68215789720953
R_6Q0gBjey6IdfZpf,inference_categories,dailydilemmas,14,projection_alpha,0.5,-0.68215789720953
R_6Q0gBjey6IdfZpf,inference_categories,dailydilemmas,15,random_projection,0.6,-0.690754764988397
R_6Q0gBjey6IdfZpf,inference_categories,dailydilemmas,15,projection_only,0.5333333333333333,-0.6503101041766618
R_6Q0gBjey6IdfZpf,inference_categories,dailydilemmas,15,projection_alpha,0.5333333333333333,-0.6503101041766618
R_6Q0gBjey6IdfZpf,inference_categories,dailydilemmas,16,random_projection,0.625,-0.6905557875627465
R_6Q0gBjey6IdfZpf,inference_categories,dailydilemmas,16,projection_only,0.5625,-0.6059985922468138
R_6Q0gBjey6IdfZpf,inference_categories,dailydilemmas,16,projection_alpha,0.5625,-0.6059985922468138
R_6Q0gBjey6IdfZpf,inference_categories,dailydilemmas,17,random_projection,0.6470588235294118,-0.6900590550519325
R_6Q0gBjey6IdfZpf,inference_categories,dailydilemmas,17,projection_only,0.5882352941176471,-0.5941807439697957
R_6Q0gBjey6IdfZpf,inference_categories,dailydilemmas,17,projection_alpha,0.5882352941176471,-0.5941807439697957
R_6Q0gBjey6IdfZpf,inference_categories,dailydilemmas,18,random_projection,0.5555555555555556,-0.6907960872397515
R_6Q0gBjey6IdfZpf,inference_categories,dailydilemmas,18,projection_only,0.6111111111111112,-0.5782610041545457
R_6Q0gBjey6IdfZpf,inference_categories,dailydilemmas,18,projection_alpha,0.6111111111111112,-0.5782610041545457
R_6Q0gBjey6IdfZpf,inference_categories,dailydilemmas,19,random_projection,0.631578947368421,-0.6897846935916384
R_6Q0gBjey6IdfZpf,inference_categories,dailydilemmas,19,projection_only,0.631578947368421,-0.5687801594184215
R_6Q0gBjey6IdfZpf,inference_categories,dailydilemmas,19,projection_alpha,0.631578947368421,-0.5687801594184215
R_6Q0gBjey6IdfZpf,inference_categories,dailydilemmas,20,random_projection,0.65,-0.6895931931411007
R_6Q0gBjey6IdfZpf,inference_categories,dailydilemmas,20,projection_only,0.65,-0.55181649453346
R_6Q0gBjey6IdfZpf,inference_categories,dailydilemmas,20,projection_alpha,0.65,-0.55181649453346
R_1wzohnjOPhN82Wd,inference_categories,dailydilemmas,3,random_projection,0.6666666666666666,-0.6925264230122887
R_1wzohnjOPhN82Wd,inference_categories,dailydilemmas,3,projection_only,0.6666666666666666,-0.7141800853081944
R_1wzohnjOPhN82Wd,inference_categories,dailydilemmas,3,projection_alpha,0.6666666666666666,-0.7141800853081944
R_1wzohnjOPhN82Wd,inference_categories,dailydilemmas,4,random_projection,0.5,-0.6937635517492844
R_1wzohnjOPhN82Wd,inference_categories,dailydilemmas,4,projection_only,0.25,-0.8223719907534223
R_1wzohnjOPhN82Wd,inference_categories,dailydilemmas,4,projection_alpha,0.25,-0.8223719907534223
R_1wzohnjOPhN82Wd,inference_categories,dailydilemmas,5,random_projection,0.6,-0.6921274666821303
R_1wzohnjOPhN82Wd,inference_categories,dailydilemmas,5,projection_only,0.6,-0.6744706047813217
R_1wzohnjOPhN82Wd,inference_categories,dailydilemmas,5,projection_alpha,0.6,-0.6744706047813217
R_1wzohnjOPhN82Wd,inference_categories,dailydilemmas,6,random_projection,0.6666666666666666,-0.6917421421182558
R_1wzohnjOPhN82Wd,inference_categories,dailydilemmas,6,projection_only,0.5,-0.6029687523374815
R_1wzohnjOPhN82Wd,inference_categories,dailydilemmas,6,projection_alpha,0.5,-0.6029687523374815
R_1wzohnjOPhN82Wd,inference_categories,dailydilemmas,7,random_projection,0.7142857142857143,-0.6906527964396189
R_1wzohnjOPhN82Wd,inference_categories,dailydilemmas,7,projection_only,0.7142857142857143,-0.5495941135321633
R_1wzohnjOPhN82Wd,inference_categories,dailydilemmas,7,projection_alpha,0.7142857142857143,-0.5495941135321633
R_1wzohnjOPhN82Wd,inference_categories,dailydilemmas,8,random_projection,0.75,-0.6877134215069791
R_1wzohnjOPhN82Wd,inference_categories,dailydilemmas,8,projection_only,0.75,-0.4821723742601409
R_1wzohnjOPhN82Wd,inference_categories,dailydilemmas,8,projection_alpha,0.75,-0.4821723742601409
R_1wzohnjOPhN82Wd,inference_categories,dailydilemmas,9,random_projection,0.7777777777777778,-0.6863194796339014
R_1wzohnjOPhN82Wd,inference_categories,dailydilemmas,9,projection_only,0.7777777777777778,-0.45991558688123774
R_1wzohnjOPhN82Wd,inference_categories,dailydilemmas,9,projection_alpha,0.7777777777777778,-0.45991558688123774
R_1wzohnjOPhN82Wd,inference_categories,dailydilemmas,10,random_projection,0.9,-0.6853354226428671
R_1wzohnjOPhN82Wd,inference_categories,dailydilemmas,10,projection_only,0.8,-0.42318026300554906
R_1wzohnjOPhN82Wd,inference_categories,dailydilemmas,10,projection_alpha,0.8,-0.42318026300554906
R_1wzohnjOPhN82Wd,inference_categories,dailydilemmas,11,random_projection,0.9090909090909091,-0.6850695415670836
R_1wzohnjOPhN82Wd,inference_categories,dailydilemmas,11,projection_only,0.8181818181818182,-0.3983462108866896
R_1wzohnjOPhN82Wd,inference_categories,dailydilemmas,11,projection_alpha,0.8181818181818182,-0.3983462108866896
R_1wzohnjOPhN82Wd,inference_categories,dailydilemmas,12,random_projection,0.9166666666666666,-0.6834568141188004
R_1wzohnjOPhN82Wd,inference_categories,dailydilemmas,12,projection_only,0.8333333333333334,-0.38496041230659367
R_1wzohnjOPhN82Wd,inference_categories,dailydilemmas,12,projection_alpha,0.8333333333333334,-0.38496041230659367
R_1wzohnjOPhN82Wd,inference_categories,dailydilemmas,13,random_projection,0.9230769230769231,-0.6825951617401743
R_1wzohnjOPhN82Wd,inference_categories,dailydilemmas,13,projection_only,0.7692307692307693,-0.45014474124992643
R_1wzohnjOPhN82Wd,inference_categories,dailydilemmas,13,projection_alpha,0.7692307692307693,-0.45014474124992643
R_1wzohnjOPhN82Wd,inference_categories,dailydilemmas,14,random_projection,0.9285714285714286,-0.6810215922075503
R_1wzohnjOPhN82Wd,inference_categories,dailydilemmas,14,projection_only,0.7857142857142857,-0.43350270985530537
R_1wzohnjOPhN82Wd,inference_categories,dailydilemmas,14,projection_alpha,0.7857142857142857,-0.43350270985530537
R_1wzohnjOPhN82Wd,inference_categories,dailydilemmas,15,random_projection,0.8666666666666667,-0.684184298912953
R_1wzohnjOPhN82Wd,inference_categories,dailydilemmas,15,projection_only,0.7333333333333333,-0.547416701456488
R_1wzohnjOPhN82Wd,inference_categories,dailydilemmas,15,projection_alpha,0.7333333333333333,-0.547416701456488
R_1wzohnjOPhN82Wd,inference_categories,dailydilemmas,16,random_projection,0.8125,-0.6861852697321104
R_1wzohnjOPhN82Wd,inference_categories,dailydilemmas,16,projection_only,0.6875,-0.627328147672136
R_1wzohnjOPhN82Wd,inference_categories,dailydilemmas,16,projection_alpha,0.6875,-0.627328147672136
R_1wzohnjOPhN82Wd,inference_categories,dailydilemmas,17,random_projection,0.8235294117647058,-0.6864956602955121
R_1wzohnjOPhN82Wd,inference_categories,dailydilemmas,17,projection_only,0.5882352941176471,-0.633988102383042
R_1wzohnjOPhN82Wd,inference_categories,dailydilemmas,17,projection_alpha,0.5882352941176471,-0.633988102383042
R_1wzohnjOPhN82Wd,inference_categories,dailydilemmas,18,random_projection,0.8333333333333334,-0.6853452879228628
R_1wzohnjOPhN82Wd,inference_categories,dailydilemmas,18,projection_only,0.7222222222222222,-0.6024380132377702
R_1wzohnjOPhN82Wd,inference_categories,dailydilemmas,18,projection_alpha,0.7222222222222222,-0.6024380132377702
R_1wzohnjOPhN82Wd,inference_categories,dailydilemmas,19,random_projection,0.8421052631578947,-0.6850699026291909
R_1wzohnjOPhN82Wd,inference_categories,dailydilemmas,19,projection_only,0.6842105263157895,-0.5893684253832852
R_1wzohnjOPhN82Wd,inference_categories,dailydilemmas,19,projection_alpha,0.6842105263157895,-0.5893684253832852
R_1wzohnjOPhN82Wd,inference_categories,dailydilemmas,20,random_projection,0.75,-0.6856726865756824
R_1wzohnjOPhN82Wd,inference_categories,dailydilemmas,20,projection_only,0.75,-0.5893174136141427
R_1wzohnjOPhN82Wd,inference_categories,dailydilemmas,20,projection_alpha,0.75,-0.5893174136141427
R_70kbQcqJL4Tkq6B,inference_categories,dailydilemmas,3,random_projection,0.3333333333333333,-0.6932306025656131
R_70kbQcqJL4Tkq6B,inference_categories,dailydilemmas,3,projection_only,0.0,-0.8386809043932341
R_70kbQcqJL4Tkq6B,inference_categories,dailydilemmas,3,projection_alpha,0.0,-0.8386809043932341
R_70kbQcqJL4Tkq6B,inference_categories,dailydilemmas,4,random_projection,0.75,-0.6916121844882851
R_70kbQcqJL4Tkq6B,inference_categories,dailydilemmas,4,projection_only,0.0,-0.9026991586168286
R_70kbQcqJL4Tkq6B,inference_categories,dailydilemmas,4,projection_alpha,0.0,-0.9026991586168286
R_70kbQcqJL4Tkq6B,inference_categories,dailydilemmas,5,random_projection,0.8,-0.6903157035727153
R_70kbQcqJL4Tkq6B,inference_categories,dailydilemmas,5,projection_only,0.0,-0.8930134658839988
R_70kbQcqJL4Tkq6B,inference_categories,dailydilemmas,5,projection_alpha,0.0,-0.8930134658839988
R_70kbQcqJL4Tkq6B,inference_categories,dailydilemmas,6,random_projection,0.8333333333333334,-0.6886099676090232
R_70kbQcqJL4Tkq6B,inference_categories,dailydilemmas,6,projection_only,0.5,-0.8348115620177016
R_70kbQcqJL4Tkq6B,inference_categories,dailydilemmas,6,projection_alpha,0.5,-0.8348115620177016
R_70kbQcqJL4Tkq6B,inference_categories,dailydilemmas,7,random_projection,0.7142857142857143,-0.6926030688220429
R_70kbQcqJL4Tkq6B,inference_categories,dailydilemmas,7,projection_only,0.5714285714285714,-0.7981324970029935
R_70kbQcqJL4Tkq6B,inference_categories,dailydilemmas,7,projection_alpha,0.5714285714285714,-0.7981324970029935
R_70kbQcqJL4Tkq6B,inference_categories,dailydilemmas,8,random_projection,0.5,-0.6937584354952689
R_70kbQcqJL4Tkq6B,inference_categories,dailydilemmas,8,projection_only,0.625,-0.7557478529013751
R_70kbQcqJL4Tkq6B,inference_categories,dailydilemmas,8,projection_alpha,0.625,-0.7557478529013751
R_70kbQcqJL4Tkq6B,inference_categories,dailydilemmas,9,random_projection,0.3333333333333333,-0.694552980519417
R_70kbQcqJL4Tkq6B,inference_categories,dailydilemmas,9,projection_only,0.4444444444444444,-0.7656925579637323
R_70kbQcqJL4Tkq6B,inference_categories,dailydilemmas,9,projection_alpha,0.4444444444444444,-0.7656925579637323
R_70kbQcqJL4Tkq6B,inference_categories,dailydilemmas,10,random_projection,0.4,-0.6938053071324063
R_70kbQcqJL4Tkq6B,inference_categories,dailydilemmas,10,projection_only,0.7,-0.7419251831124166
R_70kbQcqJL4Tkq6B,inference_categories,dailydilemmas,10,projection_alpha,0.7,-0.7419251831124166
R_70kbQcqJL4Tkq6B,inference_categories,dailydilemmas,11,random_projection,0.45454545454545453,-0.6931939453299895
R_70kbQcqJL4Tkq6B,inference_categories,dailydilemmas,11,projection_only,0.7272727272727273,-0.7198367048951011
R_70kbQcqJL4Tkq6B,inference_categories,dailydilemmas,11,projection_alpha,0.7272727272727273,-0.7198367048951011
R_70kbQcqJL4Tkq6B,inference_categories,dailydilemmas,12,random_projection,0.4166666666666667,-0.6935530104384874
R_70kbQcqJL4Tkq6B,inference_categories,dailydilemmas,12,projection_only,0.75,-0.7069305981451496
R_70kbQcqJL4Tkq6B,inference_categories,dailydilemmas,12,projection_alpha,0.75,-0.7069305981451496
R_70kbQcqJL4Tkq6B,inference_categories,dailydilemmas,13,random_projection,0.6923076923076923,-0.6915379679205474
R_70kbQcqJL4Tkq6B,inference_categories,dailydilemmas,13,projection_only,0.7692307692307693,-0.6699485071014502
R_70kbQcqJL4Tkq6B,inference_categories,dailydilemmas,13,projection_alpha,0.7692307692307693,-0.6699485071014502
R_70kbQcqJL4Tkq6B,inference_categories,dailydilemmas,14,random_projection,0.6428571428571429,-0.6912775163010976
R_70kbQcqJL4Tkq6B,inference_categories,dailydilemmas,14,projection_only,0.7857142857142857,-0.6345824539644367
R_70kbQcqJL4Tkq6B,inference_categories,dailydilemmas,14,projection_alpha,0.7857142857142857,-0.6345824539644367
R_70kbQcqJL4Tkq6B,inference_categories,dailydilemmas,15,random_projection,0.6666666666666666,-0.6913185285004748
R_70kbQcqJL4Tkq6B,inference_categories,dailydilemmas,15,projection_only,0.7333333333333333,-0.6790090957908259
R_70kbQcqJL4Tkq6B,inference_categories,dailydilemmas,15,projection_alpha,0.7333333333333333,-0.6790090957908259
R_70kbQcqJL4Tkq6B,inference_categories,dailydilemmas,16,random_projection,0.6875,-0.6912472257363127
R_70kbQcqJL4Tkq6B,inference_categories,dailydilemmas,16,projection_only,0.6875,-0.7395100904519321
R_70kbQcqJL4Tkq6B,inference_categories,dailydilemmas,16,projection_alpha,0.6875,-0.7395100904519321
R_70kbQcqJL4Tkq6B,inference_categories,dailydilemmas,17,random_projection,0.7058823529411765,-0.6906371796044807
R_70kbQcqJL4Tkq6B,inference_categories,dailydilemmas,17,projection_only,0.7058823529411765,-0.7239754474728896
R_70kbQcqJL4Tkq6B,inference_categories,dailydilemmas,17,projection_alpha,0.7058823529411765,-0.7239754474728896
R_70kbQcqJL4Tkq6B,inference_categories,dailydilemmas,18,random_projection,0.6666666666666666,-0.690073515226441
R_70kbQcqJL4Tkq6B,inference_categories,dailydilemmas,18,projection_only,0.7222222222222222,-0.7044130926793482
R_70kbQcqJL4Tkq6B,inference_categories,dailydilemmas,18,projection_alpha,0.7222222222222222,-0.7044130926793482
R_70kbQcqJL4Tkq6B,inference_categories,dailydilemmas,19,random_projection,0.7894736842105263,-0.6899370320149916
R_70kbQcqJL4Tkq6B,inference_categories,dailydilemmas,19,projection_only,0.6842105263157895,-0.6879761665719294
R_70kbQcqJL4Tkq6B,inference_categories,dailydilemmas,19,projection_alpha,0.6842105263157895,-0.6879761665719294
R_70kbQcqJL4Tkq6B,inference_categories,dailydilemmas,20,random_projection,0.75,-0.689228180355925
R_70kbQcqJL4Tkq6B,inference_categories,dailydilemmas,20,projection_only,0.8,-0.6494333257117193
R_70kbQcqJL4Tkq6B,inference_categories,dailydilemmas,20,projection_alpha,0.8,-0.6494333257117193
R_6rftRMhNP0o6boD,inference_categories,dailydilemmas,3,random_projection,0.0,-0.6948162264104254
R_6rftRMhNP0o6boD,inference_categories,dailydilemmas,3,projection_only,0.3333333333333333,-0.7815528925365332
R_6rftRMhNP0o6boD,inference_categories,dailydilemmas,3,projection_alpha,0.3333333333333333,-0.7815528925365332
R_6rftRMhNP0o6boD,inference_categories,dailydilemmas,4,random_projection,0.25,-0.6936372895830926
R_6rftRMhNP0o6boD,inference_categories,dailydilemmas,4,projection_only,0.5,-0.709893869883508
R_6rftRMhNP0o6boD,inference_categories,dailydilemmas,4,projection_alpha,0.5,-0.709893869883508
R_6rftRMhNP0o6boD,inference_categories,dailydilemmas,5,random_projection,0.4,-0.6934013411023984
R_6rftRMhNP0o6boD,inference_categories,dailydilemmas,5,projection_only,0.4,-0.7418946912964587
R_6rftRMhNP0o6boD,inference_categories,dailydilemmas,5,projection_alpha,0.4,-0.7418946912964587
R_6rftRMhNP0o6boD,inference_categories,dailydilemmas,6,random_projection,0.6666666666666666,-0.6915631586541684
R_6rftRMhNP0o6boD,inference_categories,dailydilemmas,6,projection_only,0.5,-0.6565253674634873
R_6rftRMhNP0o6boD,inference_categories,dailydilemmas,6,projection_alpha,0.5,-0.6565253674634873
R_6rftRMhNP0o6boD,inference_categories,dailydilemmas,7,random_projection,0.7142857142857143,-0.6902477812645048
R_6rftRMhNP0o6boD,inference_categories,dailydilemmas,7,projection_only,0.7142857142857143,-0.5419590802485001
R_6rftRMhNP0o6boD,inference_categories,dailydilemmas,7,projection_alpha,0.7142857142857143,-0.5419590802485001
R_6rftRMhNP0o6boD,inference_categories,dailydilemmas,8,random_projection,0.75,-0.6894004874404991
R_6rftRMhNP0o6boD,inference_categories,dailydilemmas,8,projection_only,0.625,-0.5665392663825302
R_6rftRMhNP0o6boD,inference_categories,dailydilemmas,8,projection_alpha,0.625,-0.5665392663825302
R_6rftRMhNP0o6boD,inference_categories,dailydilemmas,9,random_projection,0.7777777777777778,-0.6884331089759907
R_6rftRMhNP0o6boD,inference_categories,dailydilemmas,9,projection_only,0.6666666666666666,-0.5372550356201845
R_6rftRMhNP0o6boD,inference_categories,dailydilemmas,9,projection_alpha,0.6666666666666666,-0.5372550356201845
R_6rftRMhNP0o6boD,inference_categories,dailydilemmas,10,random_projection,0.7,-0.6890658317046012
R_6rftRMhNP0o6boD,inference_categories,dailydilemmas,10,projection_only,0.6,-0.5605099871234823
R_6rftRMhNP0o6boD,inference_categories,dailydilemmas,10,projection_alpha,0.6,-0.5605099871234823
R_6rftRMhNP0o6boD,inference_categories,dailydilemmas,11,random_projection,0.9090909090909091,-0.6881051719683364
R_6rftRMhNP0o6boD,inference_categories,dailydilemmas,11,projection_only,0.6363636363636364,-0.5411172085015746
R_6rftRMhNP0o6boD,inference_categories,dailydilemmas,11,projection_alpha,0.6363636363636364,-0.5411172085015746
R_6rftRMhNP0o6boD,inference_categories,dailydilemmas,12,random_projection,0.9166666666666666,-0.6881361783341511
R_6rftRMhNP0o6boD,inference_categories,dailydilemmas,12,projection_only,0.75,-0.5467539759034222
R_6rftRMhNP0o6boD,inference_categories,dailydilemmas,12,projection_alpha,0.75,-0.5467539759034222
R_6rftRMhNP0o6boD,inference_categories,dailydilemmas,13,random_projection,0.8461538461538461,-0.689107628162248
R_6rftRMhNP0o6boD,inference_categories,dailydilemmas,13,projection_only,0.6153846153846154,-0.7270334218301439
R_6rftRMhNP0o6boD,inference_categories,dailydilemmas,13,projection_alpha,0.6153846153846154,-0.7270334218301439
R_6rftRMhNP0o6boD,inference_categories,dailydilemmas,14,random_projection,0.7142857142857143,-0.689865413861086
R_6rftRMhNP0o6boD,inference_categories,dailydilemmas,14,projection_only,0.7142857142857143,-0.712000224321885
R_6rftRMhNP0o6boD,inference_categories,dailydilemmas,14,projection_alpha,0.7142857142857143,-0.712000224321885
R_6rftRMhNP0o6boD,inference_categories,dailydilemmas,15,random_projection,0.7333333333333333,-0.6876415937178668
R_6rftRMhNP0o6boD,inference_categories,dailydilemmas,15,projection_only,0.7333333333333333,-0.6558917168451852
R_6rftRMhNP0o6boD,inference_categories,dailydilemmas,15,projection_alpha,0.7333333333333333,-0.6558917168451852
R_6rftRMhNP0o6boD,inference_categories,dailydilemmas,16,random_projection,0.6875,-0.6886292411385946
R_6rftRMhNP0o6boD,inference_categories,dailydilemmas,16,projection_only,0.8125,-0.6269632415876596
R_6rftRMhNP0o6boD,inference_categories,dailydilemmas,16,projection_alpha,0.8125,-0.6269632415876596
R_6rftRMhNP0o6boD,inference_categories,dailydilemmas,17,random_projection,0.6470588235294118,-0.6897061537431491
R_6rftRMhNP0o6boD,inference_categories,dailydilemmas,17,projection_only,0.6470588235294118,-0.6736511397113025
R_6rftRMhNP0o6boD,inference_categories,dailydilemmas,17,projection_alpha,0.6470588235294118,-0.6736511397113025
R_6rftRMhNP0o6boD,inference_categories,dailydilemmas,18,random_projection,0.6666666666666666,-0.6909232371884131
R_6rftRMhNP0o6boD,inference_categories,dailydilemmas,18,projection_only,0.6111111111111112,-0.6819872251072758
R_6rftRMhNP0o6boD,inference_categories,dailydilemmas,18,projection_alpha,0.6111111111111112,-0.6819872251072758
R_6rftRMhNP0o6boD,inference_categories,dailydilemmas,19,random_projection,0.5789473684210527,-0.6911199029411372
R_6rftRMhNP0o6boD,inference_categories,dailydilemmas,19,projection_only,0.631578947368421,-0.7008025718848023
R_6rftRMhNP0o6boD,inference_categories,dailydilemmas,19,projection_alpha,0.631578947368421,-0.7008025718848023
R_6rftRMhNP0o6boD,inference_categories,dailydilemmas,20,random_projection,0.55,-0.6918021709614611
R_6rftRMhNP0o6boD,inference_categories,dailydilemmas,20,projection_only,0.65,-0.7039292580112472
R_6rftRMhNP0o6boD,inference_categories,dailydilemmas,20,projection_alpha,0.65,-0.7039292580112472
R_6jv2PrGBJcO4of6,inference_categories,dailydilemmas,3,random_projection,0.3333333333333333,-0.6939955373519205
R_6jv2PrGBJcO4of6,inference_categories,dailydilemmas,3,projection_only,0.6666666666666666,-0.6505292841646937
R_6jv2PrGBJcO4of6,inference_categories,dailydilemmas,3,projection_alpha,0.6666666666666666,-0.6505292841646937
R_6jv2PrGBJcO4of6,inference_categories,dailydilemmas,4,random_projection,0.75,-0.6924195257042323
R_6jv2PrGBJcO4of6,inference_categories,dailydilemmas,4,projection_only,0.75,-0.6394624357152822
R_6jv2PrGBJcO4of6,inference_categories,dailydilemmas,4,projection_alpha,0.75,-0.6394624357152822
R_6jv2PrGBJcO4of6,inference_categories,dailydilemmas,5,random_projection,0.8,-0.6901111926586445
R_6jv2PrGBJcO4of6,inference_categories,dailydilemmas,5,projection_only,0.8,-0.47534791430529433
R_6jv2PrGBJcO4of6,inference_categories,dailydilemmas,5,projection_alpha,0.8,-0.47534791430529433
R_6jv2PrGBJcO4of6,inference_categories,dailydilemmas,6,random_projection,0.8333333333333334,-0.6866154814201059
R_6jv2PrGBJcO4of6,inference_categories,dailydilemmas,6,projection_only,0.6666666666666666,-0.5825134618021451
R_6jv2PrGBJcO4of6,inference_categories,dailydilemmas,6,projection_alpha,0.6666666666666666,-0.5825134618021451
R_6jv2PrGBJcO4of6,inference_categories,dailydilemmas,7,random_projection,0.8571428571428571,-0.6870208268864815
R_6jv2PrGBJcO4of6,inference_categories,dailydilemmas,7,projection_only,0.7142857142857143,-0.5562373048169508
R_6jv2PrGBJcO4of6,inference_categories,dailydilemmas,7,projection_alpha,0.7142857142857143,-0.5562373048169508
R_6jv2PrGBJcO4of6,inference_categories,dailydilemmas,8,random_projection,1.0,-0.6854721547652599
R_6jv2PrGBJcO4of6,inference_categories,dailydilemmas,8,projection_only,0.75,-0.5382241993125179
R_6jv2PrGBJcO4of6,inference_categories,dailydilemmas,8,projection_alpha,0.75,-0.5382241993125179
R_6jv2PrGBJcO4of6,inference_categories,dailydilemmas,9,random_projection,1.0,-0.6848603052333814
R_6jv2PrGBJcO4of6,inference_categories,dailydilemmas,9,projection_only,0.7777777777777778,-0.48341505025397374
R_6jv2PrGBJcO4of6,inference_categories,dailydilemmas,9,projection_alpha,0.7777777777777778,-0.48341505025397374
R_6jv2PrGBJcO4of6,inference_categories,dailydilemmas,10,random_projection,1.0,-0.684377652562804
R_6jv2PrGBJcO4of6,inference_categories,dailydilemmas,10,projection_only,0.8,-0.4516728089848427
R_6jv2PrGBJcO4of6,inference_categories,dailydilemmas,10,projection_alpha,0.8,-0.4516728089848427
R_6jv2PrGBJcO4of6,inference_categories,dailydilemmas,11,random_projection,1.0,-0.6847189108205721
R_6jv2PrGBJcO4of6,inference_categories,dailydilemmas,11,projection_only,0.8181818181818182,-0.4111522883295357
R_6jv2PrGBJcO4of6,inference_categories,dailydilemmas,11,projection_alpha,0.8181818181818182,-0.4111522883295357
R_6jv2PrGBJcO4of6,inference_categories,dailydilemmas,12,random_projection,1.0,-0.6838448288957856
R_6jv2PrGBJcO4of6,inference_categories,dailydilemmas,12,projection_only,0.8333333333333334,-0.3822601030529393
R_6jv2PrGBJcO4of6,inference_categories,dailydilemmas,12,projection_alpha,0.8333333333333334,-0.3822601030529393
R_6jv2PrGBJcO4of6,inference_categories,dailydilemmas,13,random_projection,0.9230769230769231,-0.6845555422013875
R_6jv2PrGBJcO4of6,inference_categories,dailydilemmas,13,projection_only,0.7692307692307693,-0.51285859508589
R_6jv2PrGBJcO4of6,inference_categories,dailydilemmas,13,projection_alpha,0.7692307692307693,-0.51285859508589
R_6jv2PrGBJcO4of6,inference_categories,dailydilemmas,14,random_projection,0.9285714285714286,-0.6836371312899949
R_6jv2PrGBJcO4of6,inference_categories,dailydilemmas,14,projection_only,0.7142857142857143,-0.5308574884453872
R_6jv2PrGBJcO4of6,inference_categories,dailydilemmas,14,projection_alpha,0.7142857142857143,-0.5308574884453872
R_6jv2PrGBJcO4of6,inference_categories,dailydilemmas,15,random_projection,0.8,-0.6854073746396044
R_6jv2PrGBJcO4of6,inference_categories,dailydilemmas,15,projection_only,0.7333333333333333,-0.5211716655638374
R_6jv2PrGBJcO4of6,inference_categories,dailydilemmas,15,projection_alpha,0.7333333333333333,-0.5211716655638374
R_6jv2PrGBJcO4of6,inference_categories,dailydilemmas,16,random_projection,0.625,-0.6869378427287507
R_6jv2PrGBJcO4of6,inference_categories,dailydilemmas,16,projection_only,0.75,-0.513097140844665
R_6jv2PrGBJcO4of6,inference_categories,dailydilemmas,16,projection_alpha,0.75,-0.513097140844665
R_6jv2PrGBJcO4of6,inference_categories,dailydilemmas,17,random_projection,0.7647058823529411,-0.6835271891895334
R_6jv2PrGBJcO4of6,inference_categories,dailydilemmas,17,projection_only,0.7647058823529411,-0.49520719359222587
R_6jv2PrGBJcO4of6,inference_categories,dailydilemmas,17,projection_alpha,0.7647058823529411,-0.49520719359222587
R_6jv2PrGBJcO4of6,inference_categories,dailydilemmas,18,random_projection,0.8333333333333334,-0.6839083702759272
R_6jv2PrGBJcO4of6,inference_categories,dailydilemmas,18,projection_only,0.7222222222222222,-0.5100455515935015
R_6jv2PrGBJcO4of6,inference_categories,dailydilemmas,18,projection_alpha,0.7222222222222222,-0.5100455515935015
R_6jv2PrGBJcO4of6,inference_categories,dailydilemmas,19,random_projection,0.8421052631578947,-0.6839638069809953
R_6jv2PrGBJcO4of6,inference_categories,dailydilemmas,19,projection_only,0.6842105263157895,-0.5114130201711719
R_6jv2PrGBJcO4of6,inference_categories,dailydilemmas,19,projection_alpha,0.6842105263157895,-0.5114130201711719
R_6jv2PrGBJcO4of6,inference_categories,dailydilemmas,20,random_projection,0.8,-0.6854600333366712
R_6jv2PrGBJcO4of6,inference_categories,dailydilemmas,20,projection_only,0.75,-0.5982508463392108
R_6jv2PrGBJcO4of6,inference_categories,dailydilemmas,20,projection_alpha,0.75,-0.5982508463392108
R_1dHqTtKKq3yQvmX,inference_categories,dailydilemmas,3,random_projection,0.3333333333333333,-0.6938379806501089
R_1dHqTtKKq3yQvmX,inference_categories,dailydilemmas,3,projection_only,0.6666666666666666,-0.5799981482724393
R_1dHqTtKKq3yQvmX,inference_categories,dailydilemmas,3,projection_alpha,0.6666666666666666,-0.5799981482724393
R_1dHqTtKKq3yQvmX,inference_categories,dailydilemmas,4,random_projection,0.25,-0.6944019893586607
R_1dHqTtKKq3yQvmX,inference_categories,dailydilemmas,4,projection_only,0.75,-0.5545845263774795
R_1dHqTtKKq3yQvmX,inference_categories,dailydilemmas,4,projection_alpha,0.75,-0.5545845263774795
R_1dHqTtKKq3yQvmX,inference_categories,dailydilemmas,5,random_projection,0.6,-0.6930668941069676
R_1dHqTtKKq3yQvmX,inference_categories,dailydilemmas,5,projection_only,0.8,-0.45775860577846184
R_1dHqTtKKq3yQvmX,inference_categories,dailydilemmas,5,projection_alpha,0.8,-0.45775860577846184
R_1dHqTtKKq3yQvmX,inference_categories,dailydilemmas,6,random_projection,0.5,-0.6937081499221089
R_1dHqTtKKq3yQvmX,inference_categories,dailydilemmas,6,projection_only,0.8333333333333334,-0.6003621637944763
R_1dHqTtKKq3yQvmX,inference_categories,dailydilemmas,6,projection_alpha,0.8333333333333334,-0.6003621637944763
R_1dHqTtKKq3yQvmX,inference_categories,dailydilemmas,7,random_projection,0.5714285714285714,-0.6917342801713823
R_1dHqTtKKq3yQvmX,inference_categories,dailydilemmas,7,projection_only,0.8571428571428571,-0.5430973130534935
R_1dHqTtKKq3yQvmX,inference_categories,dailydilemmas,7,projection_alpha,0.8571428571428571,-0.5430973130534935
R_1dHqTtKKq3yQvmX,inference_categories,dailydilemmas,8,random_projection,0.75,-0.6918054182510632
R_1dHqTtKKq3yQvmX,inference_categories,dailydilemmas,8,projection_only,0.75,-0.5458249808427862
R_1dHqTtKKq3yQvmX,inference_categories,dailydilemmas,8,projection_alpha,0.75,-0.5458249808427862
R_1dHqTtKKq3yQvmX,inference_categories,dailydilemmas,9,random_projection,0.6666666666666666,-0.6891342171284578
R_1dHqTtKKq3yQvmX,inference_categories,dailydilemmas,9,projection_only,0.7777777777777778,-0.4816672136222564
R_1dHqTtKKq3yQvmX,inference_categories,dailydilemmas,9,projection_alpha,0.7777777777777778,-0.4816672136222564
R_1dHqTtKKq3yQvmX,inference_categories,dailydilemmas,10,random_projection,0.8,-0.6879166709023995
R_1dHqTtKKq3yQvmX,inference_categories,dailydilemmas,10,projection_only,0.8,-0.42993175627544244
R_1dHqTtKKq3yQvmX,inference_categories,dailydilemmas,10,projection_alpha,0.8,-0.42993175627544244
R_1dHqTtKKq3yQvmX,inference_categories,dailydilemmas,11,random_projection,0.8181818181818182,-0.6855061385097675
R_1dHqTtKKq3yQvmX,inference_categories,dailydilemmas,11,projection_only,0.8181818181818182,-0.39427487866342514
R_1dHqTtKKq3yQvmX,inference_categories,dailydilemmas,11,projection_alpha,0.8181818181818182,-0.39427487866342514
R_1dHqTtKKq3yQvmX,inference_categories,dailydilemmas,12,random_projection,0.8333333333333334,-0.6856036170772916
R_1dHqTtKKq3yQvmX,inference_categories,dailydilemmas,12,projection_only,0.8333333333333334,-0.3647814031087786
R_1dHqTtKKq3yQvmX,inference_categories,dailydilemmas,12,projection_alpha,0.8333333333333334,-0.3647814031087786
R_1dHqTtKKq3yQvmX,inference_categories,dailydilemmas,13,random_projection,0.8461538461538461,-0.6844216170125065
R_1dHqTtKKq3yQvmX,inference_categories,dailydilemmas,13,projection_only,0.7692307692307693,-0.5220894788295771
R_1dHqTtKKq3yQvmX,inference_categories,dailydilemmas,13,projection_alpha,0.7692307692307693,-0.5220894788295771
R_1dHqTtKKq3yQvmX,inference_categories,dailydilemmas,14,random_projection,0.7857142857142857,-0.6852279159360741
R_1dHqTtKKq3yQvmX,inference_categories,dailydilemmas,14,projection_only,0.7857142857142857,-0.5115197632100416
R_1dHqTtKKq3yQvmX,inference_categories,dailydilemmas,14,projection_alpha,0.7857142857142857,-0.5115197632100416
R_1dHqTtKKq3yQvmX,inference_categories,dailydilemmas,15,random_projection,0.7333333333333333,-0.6862222773737663
R_1dHqTtKKq3yQvmX,inference_categories,dailydilemmas,15,projection_only,0.7333333333333333,-0.5378841637660986
R_1dHqTtKKq3yQvmX,inference_categories,dailydilemmas,15,projection_alpha,0.7333333333333333,-0.5378841637660986
R_1dHqTtKKq3yQvmX,inference_categories,dailydilemmas,16,random_projection,0.6875,-0.6870620166752927
R_1dHqTtKKq3yQvmX,inference_categories,dailydilemmas,16,projection_only,0.6875,-0.5616226555690924
R_1dHqTtKKq3yQvmX,inference_categories,dailydilemmas,16,projection_alpha,0.6875,-0.5616226555690924
R_1dHqTtKKq3yQvmX,inference_categories,dailydilemmas,17,random_projection,0.6470588235294118,-0.6892511439178941
R_1dHqTtKKq3yQvmX,inference_categories,dailydilemmas,17,projection_only,0.6470588235294118,-0.699909046651789
R_1dHqTtKKq3yQvmX,inference_categories,dailydilemmas,17,projection_alpha,0.6470588235294118,-0.699909046651789
R_1dHqTtKKq3yQvmX,inference_categories,dailydilemmas,18,random_projection,0.6666666666666666,-0.6883195190650792
R_1dHqTtKKq3yQvmX,inference_categories,dailydilemmas,18,projection_only,0.6666666666666666,-0.6708572075250222
R_1dHqTtKKq3yQvmX,inference_categories,dailydilemmas,18,projection_alpha,0.6666666666666666,-0.6708572075250222
R_1dHqTtKKq3yQvmX,inference_categories,dailydilemmas,19,random_projection,0.6842105263157895,-0.6862052455912817
R_1dHqTtKKq3yQvmX,inference_categories,dailydilemmas,19,projection_only,0.6842105263157895,-0.6342079265404393
R_1dHqTtKKq3yQvmX,inference_categories,dailydilemmas,19,projection_alpha,0.6842105263157895,-0.6342079265404393
R_1dHqTtKKq3yQvmX,inference_categories,dailydilemmas,20,random_projection,0.7,-0.6851109764533267
R_1dHqTtKKq3yQvmX,inference_categories,dailydilemmas,20,projection_only,0.7,-0.6241078312554575
R_1dHqTtKKq3yQvmX,inference_categories,dailydilemmas,20,projection_alpha,0.7,-0.6241078312554575
R_1P81VK8fH860C4V,inference_categories,dailydilemmas,3,random_projection,0.3333333333333333,-0.6930218797846158
R_1P81VK8fH860C4V,inference_categories,dailydilemmas,3,projection_only,0.6666666666666666,-0.5502597819490446
R_1P81VK8fH860C4V,inference_categories,dailydilemmas,3,projection_alpha,0.6666666666666666,-0.5502597819490446
R_1P81VK8fH860C4V,inference_categories,dailydilemmas,4,random_projection,0.25,-0.6932061029842642
R_1P81VK8fH860C4V,inference_categories,dailydilemmas,4,projection_only,0.75,-0.47945725829666064
R_1P81VK8fH860C4V,inference_categories,dailydilemmas,4,projection_alpha,0.75,-0.47945725829666064
R_1P81VK8fH860C4V,inference_categories,dailydilemmas,5,random_projection,0.8,-0.6918965351483677
R_1P81VK8fH860C4V,inference_categories,dailydilemmas,5,projection_only,0.8,-0.38150507428369945
R_1P81VK8fH860C4V,inference_categories,dailydilemmas,5,projection_alpha,0.8,-0.38150507428369945
R_1P81VK8fH860C4V,inference_categories,dailydilemmas,6,random_projection,0.8333333333333334,-0.692019459969574
R_1P81VK8fH860C4V,inference_categories,dailydilemmas,6,projection_only,1.0,-0.38278617680607147
R_1P81VK8fH860C4V,inference_categories,dailydilemmas,6,projection_alpha,1.0,-0.38278617680607147
R_1P81VK8fH860C4V,inference_categories,dailydilemmas,7,random_projection,0.8571428571428571,-0.6888150482797241
R_1P81VK8fH860C4V,inference_categories,dailydilemmas,7,projection_only,1.0,-0.3206627751490841
R_1P81VK8fH860C4V,inference_categories,dailydilemmas,7,projection_alpha,1.0,-0.3206627751490841
R_1P81VK8fH860C4V,inference_categories,dailydilemmas,8,random_projection,0.75,-0.6901323095703283
R_1P81VK8fH860C4V,inference_categories,dailydilemmas,8,projection_only,1.0,-0.2870713215351901
R_1P81VK8fH860C4V,inference_categories,dailydilemmas,8,projection_alpha,1.0,-0.2870713215351901
R_1P81VK8fH860C4V,inference_categories,dailydilemmas,9,random_projection,0.6666666666666666,-0.6923271633224167
R_1P81VK8fH860C4V,inference_categories,dailydilemmas,9,projection_only,1.0,-0.26445715669546654
R_1P81VK8fH860C4V,inference_categories,dailydilemmas,9,projection_alpha,1.0,-0.26445715669546654
R_1P81VK8fH860C4V,inference_categories,dailydilemmas,10,random_projection,0.6,-0.6932453616846205
R_1P81VK8fH860C4V,inference_categories,dailydilemmas,10,projection_only,0.9,-0.486976256915856
R_1P81VK8fH860C4V,inference_categories,dailydilemmas,10,projection_alpha,0.9,-0.486976256915856
R_1P81VK8fH860C4V,inference_categories,dailydilemmas,11,random_projection,0.5454545454545454,-0.6918721285796958
R_1P81VK8fH860C4V,inference_categories,dailydilemmas,11,projection_only,0.9090909090909091,-0.4402314553980903
R_1P81VK8fH860C4V,inference_categories,dailydilemmas,11,projection_alpha,0.9090909090909091,-0.4402314553980903
R_1P81VK8fH860C4V,inference_categories,dailydilemmas,12,random_projection,0.5833333333333334,-0.6903845157216731
R_1P81VK8fH860C4V,inference_categories,dailydilemmas,12,projection_only,0.9166666666666666,-0.41325227141945214
R_1P81VK8fH860C4V,inference_categories,dailydilemmas,12,projection_alpha,0.9166666666666666,-0.41325227141945214
R_1P81VK8fH860C4V,inference_categories,dailydilemmas,13,random_projection,0.6923076923076923,-0.6889902090206846
R_1P81VK8fH860C4V,inference_categories,dailydilemmas,13,projection_only,0.9230769230769231,-0.385459740205597
R_1P81VK8fH860C4V,inference_categories,dailydilemmas,13,projection_alpha,0.9230769230769231,-0.385459740205597
R_1P81VK8fH860C4V,inference_categories,dailydilemmas,14,random_projection,0.7142857142857143,-0.6887065543421764
R_1P81VK8fH860C4V,inference_categories,dailydilemmas,14,projection_only,0.9285714285714286,-0.3659573326310084
R_1P81VK8fH860C4V,inference_categories,dailydilemmas,14,projection_alpha,0.9285714285714286,-0.3659573326310084
R_1P81VK8fH860C4V,inference_categories,dailydilemmas,15,random_projection,0.6,-0.6896481874387214
R_1P81VK8fH860C4V,inference_categories,dailydilemmas,15,projection_only,0.8666666666666667,-0.41753762081945534
R_1P81VK8fH860C4V,inference_categories,dailydilemmas,15,projection_alpha,0.8666666666666667,-0.41753762081945534
R_1P81VK8fH860C4V,inference_categories,dailydilemmas,16,random_projection,0.6875,-0.6895304285268797
R_1P81VK8fH860C4V,inference_categories,dailydilemmas,16,projection_only,0.875,-0.39246503191678767
R_1P81VK8fH860C4V,inference_categories,dailydilemmas,16,projection_alpha,0.875,-0.39246503191678767
R_1P81VK8fH860C4V,inference_categories,dailydilemmas,17,random_projection,0.6470588235294118,-0.689969368630557
R_1P81VK8fH860C4V,inference_categories,dailydilemmas,17,projection_only,0.8823529411764706,-0.40245959775404855
R_1P81VK8fH860C4V,inference_categories,dailydilemmas,17,projection_alpha,0.8823529411764706,-0.40245959775404855
R_1P81VK8fH860C4V,inference_categories,dailydilemmas,18,random_projection,0.6666666666666666,-0.6881348663490461
R_1P81VK8fH860C4V,inference_categories,dailydilemmas,18,projection_only,0.8888888888888888,-0.3837883876032502
R_1P81VK8fH860C4V,inference_categories,dailydilemmas,18,projection_alpha,0.8888888888888888,-0.3837883876032502
R_1P81VK8fH860C4V,inference_categories,dailydilemmas,19,random_projection,0.631578947368421,-0.6880146403357282
R_1P81VK8fH860C4V,inference_categories,dailydilemmas,19,projection_only,0.8421052631578947,-0.391092285054283
R_1P81VK8fH860C4V,inference_categories,dailydilemmas,19,projection_alpha,0.8421052631578947,-0.391092285054283
R_1P81VK8fH860C4V,inference_categories,dailydilemmas,20,random_projection,0.6,-0.6884224126397979
R_1P81VK8fH860C4V,inference_categories,dailydilemmas,20,projection_only,0.85,-0.3907525324716398
R_1P81VK8fH860C4V,inference_categories,dailydilemmas,20,projection_alpha,0.85,-0.3907525324716398
R_7go085j249AymBb,inference_categories,dailydilemmas,4,random_projection,0.25,-0.6933945513108803
R_7go085j249AymBb,inference_categories,dailydilemmas,4,projection_only,0.0,-0.7570935992866437
R_7go085j249AymBb,inference_categories,dailydilemmas,4,projection_alpha,0.0,-0.7570935992866437
R_7go085j249AymBb,inference_categories,dailydilemmas,5,random_projection,0.6,-0.6912783727722295
R_7go085j249AymBb,inference_categories,dailydilemmas,5,projection_only,0.6,-0.6937695311064809
R_7go085j249AymBb,inference_categories,dailydilemmas,5,projection_alpha,0.6,-0.6937695311064809
R_7go085j249AymBb,inference_categories,dailydilemmas,6,random_projection,0.5,-0.6924112786605728
R_7go085j249AymBb,inference_categories,dailydilemmas,6,projection_only,0.6666666666666666,-0.5787043737797962
R_7go085j249AymBb,inference_categories,dailydilemmas,6,projection_alpha,0.6666666666666666,-0.5787043737797962
R_7go085j249AymBb,inference_categories,dailydilemmas,7,random_projection,0.2857142857142857,-0.6950157668876512
R_7go085j249AymBb,inference_categories,dailydilemmas,7,projection_only,0.7142857142857143,-0.503417992656745
R_7go085j249AymBb,inference_categories,dailydilemmas,7,projection_alpha,0.7142857142857143,-0.503417992656745
R_7go085j249AymBb,inference_categories,dailydilemmas,8,random_projection,0.25,-0.694057040277098
R_7go085j249AymBb,inference_categories,dailydilemmas,8,projection_only,0.75,-0.43152999698668904
R_7go085j249AymBb,inference_categories,dailydilemmas,8,projection_alpha,0.75,-0.43152999698668904
R_7go085j249AymBb,inference_categories,dailydilemmas,9,random_projection,0.2222222222222222,-0.6952811839410715
R_7go085j249AymBb,inference_categories,dailydilemmas,9,projection_only,0.6666666666666666,-0.5123010713279251
R_7go085j249AymBb,inference_categories,dailydilemmas,9,projection_alpha,0.6666666666666666,-0.5123010713279251
R_7go085j249AymBb,inference_categories,dailydilemmas,10,random_projection,0.1,-0.6960617057618015
R_7go085j249AymBb,inference_categories,dailydilemmas,10,projection_only,0.6,-0.7363691754784233
R_7go085j249AymBb,inference_categories,dailydilemmas,10,projection_alpha,0.6,-0.7363691754784233
R_7go085j249AymBb,inference_categories,dailydilemmas,11,random_projection,0.18181818181818182,-0.6953977590267297
R_7go085j249AymBb,inference_categories,dailydilemmas,11,projection_only,0.6363636363636364,-0.6903641774764885
R_7go085j249AymBb,inference_categories,dailydilemmas,11,projection_alpha,0.6363636363636364,-0.6903641774764885
R_7go085j249AymBb,inference_categories,dailydilemmas,12,random_projection,0.3333333333333333,-0.6941933350192894
R_7go085j249AymBb,inference_categories,dailydilemmas,12,projection_only,0.6666666666666666,-0.6340908409533118
R_7go085j249AymBb,inference_categories,dailydilemmas,12,projection_alpha,0.6666666666666666,-0.6340908409533118
R_7go085j249AymBb,inference_categories,dailydilemmas,13,random_projection,0.3076923076923077,-0.6951133158603754
R_7go085j249AymBb,inference_categories,dailydilemmas,13,projection_only,0.6923076923076923,-0.6174115970214558
R_7go085j249AymBb,inference_categories,dailydilemmas,13,projection_alpha,0.6923076923076923,-0.6174115970214558
R_7go085j249AymBb,inference_categories,dailydilemmas,14,random_projection,0.2857142857142857,-0.6961625609609353
R_7go085j249AymBb,inference_categories,dailydilemmas,14,projection_only,0.6428571428571429,-0.6774186120691165
R_7go085j249AymBb,inference_categories,dailydilemmas,14,projection_alpha,0.6428571428571429,-0.6774186120691165
R_7go085j249AymBb,inference_categories,dailydilemmas,15,random_projection,0.3333333333333333,-0.6952702675066528
R_7go085j249AymBb,inference_categories,dailydilemmas,15,projection_only,0.6666666666666666,-0.6639988560387698
R_7go085j249AymBb,inference_categories,dailydilemmas,15,projection_alpha,0.6666666666666666,-0.6639988560387698
R_7go085j249AymBb,inference_categories,dailydilemmas,16,random_projection,0.4375,-0.6949605583034848
R_7go085j249AymBb,inference_categories,dailydilemmas,16,projection_only,0.6875,-0.6417247249158394
R_7go085j249AymBb,inference_categories,dailydilemmas,16,projection_alpha,0.6875,-0.6417247249158394
R_7go085j249AymBb,inference_categories,dailydilemmas,17,random_projection,0.29411764705882354,-0.6950795110166722
R_7go085j249AymBb,inference_categories,dailydilemmas,17,projection_only,0.6470588235294118,-0.680840856284279
R_7go085j249AymBb,inference_categories,dailydilemmas,17,projection_alpha,0.6470588235294118,-0.680840856284279
R_7go085j249AymBb,inference_categories,dailydilemmas,18,random_projection,0.3888888888888889,-0.6937068198168928
R_7go085j249AymBb,inference_categories,dailydilemmas,18,projection_only,0.6666666666666666,-0.6514763241324347
R_7go085j249AymBb,inference_categories,dailydilemmas,18,projection_alpha,0.6666666666666666,-0.6514763241324347
R_7go085j249AymBb,inference_categories,dailydilemmas,19,random_projection,0.5263157894736842,-0.6923796614441174
R_7go085j249AymBb,inference_categories,dailydilemmas,19,projection_only,0.6842105263157895,-0.6279270142654616
R_7go085j249AymBb,inference_categories,dailydilemmas,19,projection_alpha,0.6842105263157895,-0.6279270142654616
R_7go085j249AymBb,inference_categories,dailydilemmas,20,random_projection,0.55,-0.6919105488634771
R_7go085j249AymBb,inference_categories,dailydilemmas,20,projection_only,0.65,-0.6417351662537402
R_7go085j249AymBb,inference_categories,dailydilemmas,20,projection_alpha,0.65,-0.6417351662537402
R_6xzSCFMWRhzZIRg,inference_categories,dailydilemmas,3,random_projection,0.0,-0.6946667705309965
R_6xzSCFMWRhzZIRg,inference_categories,dailydilemmas,3,projection_only,0.3333333333333333,-0.750594628508168
R_6xzSCFMWRhzZIRg,inference_categories,dailydilemmas,3,projection_alpha,0.3333333333333333,-0.750594628508168
R_6xzSCFMWRhzZIRg,inference_categories,dailydilemmas,4,random_projection,0.0,-0.6951209997656677
R_6xzSCFMWRhzZIRg,inference_categories,dailydilemmas,4,projection_only,0.5,-0.6654705369878005
R_6xzSCFMWRhzZIRg,inference_categories,dailydilemmas,4,projection_alpha,0.5,-0.6654705369878005
R_6xzSCFMWRhzZIRg,inference_categories,dailydilemmas,5,random_projection,0.0,-0.695691130860017
R_6xzSCFMWRhzZIRg,inference_categories,dailydilemmas,5,projection_only,0.8,-0.6293438011479887
R_6xzSCFMWRhzZIRg,inference_categories,dailydilemmas,5,projection_alpha,0.8,-0.6293438011479887
R_6xzSCFMWRhzZIRg,inference_categories,dailydilemmas,6,random_projection,0.0,-0.6964274147968043
R_6xzSCFMWRhzZIRg,inference_categories,dailydilemmas,6,projection_only,0.16666666666666666,-0.9346242830628162
R_6xzSCFMWRhzZIRg,inference_categories,dailydilemmas,6,projection_alpha,0.16666666666666666,-0.9346242830628162
R_6xzSCFMWRhzZIRg,inference_categories,dailydilemmas,7,random_projection,0.14285714285714285,-0.6954377672093155
R_6xzSCFMWRhzZIRg,inference_categories,dailydilemmas,7,projection_only,0.5714285714285714,-0.890620102894039
R_6xzSCFMWRhzZIRg,inference_categories,dailydilemmas,7,projection_alpha,0.5714285714285714,-0.890620102894039
R_6xzSCFMWRhzZIRg,inference_categories,dailydilemmas,8,random_projection,0.25,-0.6958869799239572
R_6xzSCFMWRhzZIRg,inference_categories,dailydilemmas,8,projection_only,0.125,-0.8927187105019005
R_6xzSCFMWRhzZIRg,inference_categories,dailydilemmas,8,projection_alpha,0.125,-0.8927187105019005
R_6xzSCFMWRhzZIRg,inference_categories,dailydilemmas,9,random_projection,0.2222222222222222,-0.6957728834728826
R_6xzSCFMWRhzZIRg,inference_categories,dailydilemmas,9,projection_only,0.2222222222222222,-0.778145987809344
R_6xzSCFMWRhzZIRg,inference_categories,dailydilemmas,9,projection_alpha,0.2222222222222222,-0.778145987809344
R_6xzSCFMWRhzZIRg,inference_categories,dailydilemmas,10,random_projection,0.4,-0.6950450498975964
R_6xzSCFMWRhzZIRg,inference_categories,dailydilemmas,10,projection_only,0.4,-0.7562012017051462
R_6xzSCFMWRhzZIRg,inference_categories,dailydilemmas,10,projection_alpha,0.4,-0.7562012017051462
R_6xzSCFMWRhzZIRg,inference_categories,dailydilemmas,11,random_projection,0.2727272727272727,-0.6954118535080748
R_6xzSCFMWRhzZIRg,inference_categories,dailydilemmas,11,projection_only,0.45454545454545453,-0.7410707743565003
R_6xzSCFMWRhzZIRg,inference_categories,dailydilemmas,11,projection_alpha,0.45454545454545453,-0.7410707743565003
R_6xzSCFMWRhzZIRg,inference_categories,dailydilemmas,12,random_projection,0.5,-0.6951441183490639
R_6xzSCFMWRhzZIRg,inference_categories,dailydilemmas,12,projection_only,0.5,-0.7078236728331601
R_6xzSCFMWRhzZIRg,inference_categories,dailydilemmas,12,projection_alpha,0.5,-0.7078236728331601
R_6xzSCFMWRhzZIRg,inference_categories,dailydilemmas,13,random_projection,0.5384615384615384,-0.6946953568992023
R_6xzSCFMWRhzZIRg,inference_categories,dailydilemmas,13,projection_only,0.46153846153846156,-0.7059285028939133
R_6xzSCFMWRhzZIRg,inference_categories,dailydilemmas,13,projection_alpha,0.46153846153846156,-0.7059285028939133
R_6xzSCFMWRhzZIRg,inference_categories,dailydilemmas,14,random_projection,0.6428571428571429,-0.6941617308753746
R_6xzSCFMWRhzZIRg,inference_categories,dailydilemmas,14,projection_only,0.5,-0.6783983922152089
R_6xzSCFMWRhzZIRg,inference_categories,dailydilemmas,14,projection_alpha,0.5,-0.6783983922152089
R_6xzSCFMWRhzZIRg,inference_categories,dailydilemmas,15,random_projection,0.5333333333333333,-0.6942442872219641
R_6xzSCFMWRhzZIRg,inference_categories,dailydilemmas,15,projection_only,0.6666666666666666,-0.6524186932469308
R_6xzSCFMWRhzZIRg,inference_categories,dailydilemmas,15,projection_alpha,0.6666666666666666,-0.6524186932469308
R_6xzSCFMWRhzZIRg,inference_categories,dailydilemmas,16,random_projection,0.4375,-0.6935737743192438
R_6xzSCFMWRhzZIRg,inference_categories,dailydilemmas,16,projection_only,0.6875,-0.6240487339405757
R_6xzSCFMWRhzZIRg,inference_categories,dailydilemmas,16,projection_alpha,0.6875,-0.6240487339405757
R_6xzSCFMWRhzZIRg,inference_categories,dailydilemmas,17,random_projection,0.4117647058823529,-0.6941412966848686
R_6xzSCFMWRhzZIRg,inference_categories,dailydilemmas,17,projection_only,0.47058823529411764,-0.6582330581799881
R_6xzSCFMWRhzZIRg,inference_categories,dailydilemmas,17,projection_alpha,0.47058823529411764,-0.6582330581799881
R_6xzSCFMWRhzZIRg,inference_categories,dailydilemmas,18,random_projection,0.4444444444444444,-0.6938143032719708
R_6xzSCFMWRhzZIRg,inference_categories,dailydilemmas,18,projection_only,0.5555555555555556,-0.6490498318354908
R_6xzSCFMWRhzZIRg,inference_categories,dailydilemmas,18,projection_alpha,0.5555555555555556,-0.6490498318354908
R_6xzSCFMWRhzZIRg,inference_categories,dailydilemmas,19,random_projection,0.42105263157894735,-0.694578530895066
R_6xzSCFMWRhzZIRg,inference_categories,dailydilemmas,19,projection_only,0.5789473684210527,-0.6354814500238305
R_6xzSCFMWRhzZIRg,inference_categories,dailydilemmas,19,projection_alpha,0.5789473684210527,-0.6354814500238305
R_6xzSCFMWRhzZIRg,inference_categories,dailydilemmas,20,random_projection,0.5,-0.6928735271446345
R_6xzSCFMWRhzZIRg,inference_categories,dailydilemmas,20,projection_only,0.6,-0.6259882655243791
R_6xzSCFMWRhzZIRg,inference_categories,dailydilemmas,20,projection_alpha,0.6,-0.6259882655243791
R_5EychZPB1u00qZH,inference_categories,dailydilemmas,3,random_projection,0.0,-0.6941756983464451
R_5EychZPB1u00qZH,inference_categories,dailydilemmas,3,projection_only,0.6666666666666666,-0.5177023865736757
R_5EychZPB1u00qZH,inference_categories,dailydilemmas,3,projection_alpha,0.6666666666666666,-0.5177023865736757
R_5EychZPB1u00qZH,inference_categories,dailydilemmas,4,random_projection,0.5,-0.6919823422328798
R_5EychZPB1u00qZH,inference_categories,dailydilemmas,4,projection_only,0.75,-0.404984008464588
R_5EychZPB1u00qZH,inference_categories,dailydilemmas,4,projection_alpha,0.75,-0.404984008464588
R_5EychZPB1u00qZH,inference_categories,dailydilemmas,5,random_projection,0.6,-0.691208309461609
R_5EychZPB1u00qZH,inference_categories,dailydilemmas,5,projection_only,0.8,-0.3888461621039504
R_5EychZPB1u00qZH,inference_categories,dailydilemmas,5,projection_alpha,0.8,-0.3888461621039504
R_5EychZPB1u00qZH,inference_categories,dailydilemmas,6,random_projection,0.6666666666666666,-0.6900141365855439
R_5EychZPB1u00qZH,inference_categories,dailydilemmas,6,projection_only,0.8333333333333334,-0.349973067373933
R_5EychZPB1u00qZH,inference_categories,dailydilemmas,6,projection_alpha,0.8333333333333334,-0.349973067373933
R_5EychZPB1u00qZH,inference_categories,dailydilemmas,7,random_projection,0.7142857142857143,-0.6869995220186158
R_5EychZPB1u00qZH,inference_categories,dailydilemmas,7,projection_only,0.8571428571428571,-0.3212042193078058
R_5EychZPB1u00qZH,inference_categories,dailydilemmas,7,projection_alpha,0.8571428571428571,-0.3212042193078058
R_5EychZPB1u00qZH,inference_categories,dailydilemmas,8,random_projection,0.875,-0.6886552549690983
R_5EychZPB1u00qZH,inference_categories,dailydilemmas,8,projection_only,0.75,-0.5146771563760306
R_5EychZPB1u00qZH,inference_categories,dailydilemmas,8,projection_alpha,0.75,-0.5146771563760306
R_5EychZPB1u00qZH,inference_categories,dailydilemmas,9,random_projection,0.7777777777777778,-0.6889450498217031
R_5EychZPB1u00qZH,inference_categories,dailydilemmas,9,projection_only,0.7777777777777778,-0.4646362215791512
R_5EychZPB1u00qZH,inference_categories,dailydilemmas,9,projection_alpha,0.7777777777777778,-0.4646362215791512
R_5EychZPB1u00qZH,inference_categories,dailydilemmas,10,random_projection,0.7,-0.6914942622097578
R_5EychZPB1u00qZH,inference_categories,dailydilemmas,10,projection_only,0.7,-0.5491299324133346
R_5EychZPB1u00qZH,inference_categories,dailydilemmas,10,projection_alpha,0.7,-0.5491299324133346
R_5EychZPB1u00qZH,inference_categories,dailydilemmas,11,random_projection,0.7272727272727273,-0.6910073116996522
R_5EychZPB1u00qZH,inference_categories,dailydilemmas,11,projection_only,0.8181818181818182,-0.5235524935198866
R_5EychZPB1u00qZH,inference_categories,dailydilemmas,11,projection_alpha,0.8181818181818182,-0.5235524935198866
R_5EychZPB1u00qZH,inference_categories,dailydilemmas,12,random_projection,0.6666666666666666,-0.6924365096307179
R_5EychZPB1u00qZH,inference_categories,dailydilemmas,12,projection_only,0.75,-0.497698311613797
R_5EychZPB1u00qZH,inference_categories,dailydilemmas,12,projection_alpha,0.75,-0.497698311613797
R_5EychZPB1u00qZH,inference_categories,dailydilemmas,13,random_projection,0.6153846153846154,-0.6883216172190841
R_5EychZPB1u00qZH,inference_categories,dailydilemmas,13,projection_only,0.8461538461538461,-0.4615323066890981
R_5EychZPB1u00qZH,inference_categories,dailydilemmas,13,projection_alpha,0.8461538461538461,-0.4615323066890981
R_5EychZPB1u00qZH,inference_categories,dailydilemmas,14,random_projection,0.5714285714285714,-0.6894101986852365
R_5EychZPB1u00qZH,inference_categories,dailydilemmas,14,projection_only,0.8571428571428571,-0.4750030269795161
R_5EychZPB1u00qZH,inference_categories,dailydilemmas,14,projection_alpha,0.8571428571428571,-0.4750030269795161
R_5EychZPB1u00qZH,inference_categories,dailydilemmas,15,random_projection,0.5333333333333333,-0.6898785548479023
R_5EychZPB1u00qZH,inference_categories,dailydilemmas,15,projection_only,0.8,-0.49635186205281434
R_5EychZPB1u00qZH,inference_categories,dailydilemmas,15,projection_alpha,0.8,-0.49635186205281434
R_5EychZPB1u00qZH,inference_categories,dailydilemmas,16,random_projection,0.625,-0.6886866305371803
R_5EychZPB1u00qZH,inference_categories,dailydilemmas,16,projection_only,0.8125,-0.46396564999630097
R_5EychZPB1u00qZH,inference_categories,dailydilemmas,16,projection_alpha,0.8125,-0.46396564999630097
R_5EychZPB1u00qZH,inference_categories,dailydilemmas,17,random_projection,0.7647058823529411,-0.6880402782562456
R_5EychZPB1u00qZH,inference_categories,dailydilemmas,17,projection_only,0.8235294117647058,-0.47023089234899307
R_5EychZPB1u00qZH,inference_categories,dailydilemmas,17,projection_alpha,0.8235294117647058,-0.47023089234899307
R_5EychZPB1u00qZH,inference_categories,dailydilemmas,18,random_projection,0.6666666666666666,-0.6872966126435642
R_5EychZPB1u00qZH,inference_categories,dailydilemmas,18,projection_only,0.8333333333333334,-0.44989017363846884
R_5EychZPB1u00qZH,inference_categories,dailydilemmas,18,projection_alpha,0.8333333333333334,-0.44989017363846884
R_5EychZPB1u00qZH,inference_categories,dailydilemmas,19,random_projection,0.631578947368421,-0.6881495990094119
R_5EychZPB1u00qZH,inference_categories,dailydilemmas,19,projection_only,0.7894736842105263,-0.45035567828495565
R_5EychZPB1u00qZH,inference_categories,dailydilemmas,19,projection_alpha,0.7894736842105263,-0.45035567828495565
R_5EychZPB1u00qZH,inference_categories,dailydilemmas,20,random_projection,0.65,-0.6872330331860141
R_5EychZPB1u00qZH,inference_categories,dailydilemmas,20,projection_only,0.85,-0.4403633957885603
R_5EychZPB1u00qZH,inference_categories,dailydilemmas,20,projection_alpha,0.85,-0.4403633957885603
R_59glCvaBnt5WTU6,inference_categories,dailydilemmas,3,random_projection,0.3333333333333333,-0.6934320234710608
R_59glCvaBnt5WTU6,inference_categories,dailydilemmas,3,projection_only,0.0,-0.7390142898750257
R_59glCvaBnt5WTU6,inference_categories,dailydilemmas,3,projection_alpha,0.0,-0.7390142898750257
R_59glCvaBnt5WTU6,inference_categories,dailydilemmas,4,random_projection,0.5,-0.6933969997459839
R_59glCvaBnt5WTU6,inference_categories,dailydilemmas,4,projection_only,0.0,-0.7754039905533007
R_59glCvaBnt5WTU6,inference_categories,dailydilemmas,4,projection_alpha,0.0,-0.7754039905533007
R_59glCvaBnt5WTU6,inference_categories,dailydilemmas,5,random_projection,0.8,-0.693230755229939
R_59glCvaBnt5WTU6,inference_categories,dailydilemmas,5,projection_only,0.0,-0.8366732946291984
R_59glCvaBnt5WTU6,inference_categories,dailydilemmas,5,projection_alpha,0.0,-0.8366732946291984
R_59glCvaBnt5WTU6,inference_categories,dailydilemmas,6,random_projection,0.8333333333333334,-0.692799225893673
R_59glCvaBnt5WTU6,inference_categories,dailydilemmas,6,projection_only,0.5,-0.7567313346536405
R_59glCvaBnt5WTU6,inference_categories,dailydilemmas,6,projection_alpha,0.5,-0.7567313346536405
R_59glCvaBnt5WTU6,inference_categories,dailydilemmas,7,random_projection,0.42857142857142855,-0.6931644464091088
R_59glCvaBnt5WTU6,inference_categories,dailydilemmas,7,projection_only,0.2857142857142857,-0.7560013502436597
R_59glCvaBnt5WTU6,inference_categories,dailydilemmas,7,projection_alpha,0.2857142857142857,-0.7560013502436597
R_59glCvaBnt5WTU6,inference_categories,dailydilemmas,8,random_projection,0.375,-0.6939945755150533
R_59glCvaBnt5WTU6,inference_categories,dailydilemmas,8,projection_only,0.5,-0.7272823294118032
R_59glCvaBnt5WTU6,inference_categories,dailydilemmas,8,projection_alpha,0.5,-0.7272823294118032
R_59glCvaBnt5WTU6,inference_categories,dailydilemmas,9,random_projection,0.3333333333333333,-0.694229304354333
R_59glCvaBnt5WTU6,inference_categories,dailydilemmas,9,projection_only,0.3333333333333333,-0.7194798895608829
R_59glCvaBnt5WTU6,inference_categories,dailydilemmas,9,projection_alpha,0.3333333333333333,-0.7194798895608829
R_59glCvaBnt5WTU6,inference_categories,dailydilemmas,10,random_projection,0.3,-0.6932748388827772
R_59glCvaBnt5WTU6,inference_categories,dailydilemmas,10,projection_only,0.4,-0.7599342582407924
R_59glCvaBnt5WTU6,inference_categories,dailydilemmas,10,projection_alpha,0.4,-0.7599342582407924
R_59glCvaBnt5WTU6,inference_categories,dailydilemmas,11,random_projection,0.7272727272727273,-0.693145753803979
R_59glCvaBnt5WTU6,inference_categories,dailydilemmas,11,projection_only,0.45454545454545453,-0.7455792284244956
R_59glCvaBnt5WTU6,inference_categories,dailydilemmas,11,projection_alpha,0.45454545454545453,-0.7455792284244956
R_59glCvaBnt5WTU6,inference_categories,dailydilemmas,12,random_projection,0.6666666666666666,-0.6913563373558939
R_59glCvaBnt5WTU6,inference_categories,dailydilemmas,12,projection_only,0.5833333333333334,-0.7216002071716777
R_59glCvaBnt5WTU6,inference_categories,dailydilemmas,12,projection_alpha,0.5833333333333334,-0.7216002071716777
R_59glCvaBnt5WTU6,inference_categories,dailydilemmas,13,random_projection,0.6923076923076923,-0.6914878950197927
R_59glCvaBnt5WTU6,inference_categories,dailydilemmas,13,projection_only,0.6923076923076923,-0.670983582292963
R_59glCvaBnt5WTU6,inference_categories,dailydilemmas,13,projection_alpha,0.6923076923076923,-0.670983582292963
R_59glCvaBnt5WTU6,inference_categories,dailydilemmas,14,random_projection,0.6428571428571429,-0.6924067346547116
R_59glCvaBnt5WTU6,inference_categories,dailydilemmas,14,projection_only,0.5,-0.6852196787865837
R_59glCvaBnt5WTU6,inference_categories,dailydilemmas,14,projection_alpha,0.5,-0.6852196787865837
R_59glCvaBnt5WTU6,inference_categories,dailydilemmas,15,random_projection,0.5333333333333333,-0.6931803943496366
R_59glCvaBnt5WTU6,inference_categories,dailydilemmas,15,projection_only,0.4666666666666667,-0.6892863685937936
R_59glCvaBnt5WTU6,inference_categories,dailydilemmas,15,projection_alpha,0.4666666666666667,-0.6892863685937936
R_59glCvaBnt5WTU6,inference_categories,dailydilemmas,16,random_projection,0.5,-0.6934357417323461
R_59glCvaBnt5WTU6,inference_categories,dailydilemmas,16,projection_only,0.5625,-0.6422368170672734
R_59glCvaBnt5WTU6,inference_categories,dailydilemmas,16,projection_alpha,0.5625,-0.6422368170672734
R_59glCvaBnt5WTU6,inference_categories,dailydilemmas,17,random_projection,0.47058823529411764,-0.6931506605130276
R_59glCvaBnt5WTU6,inference_categories,dailydilemmas,17,projection_only,0.5882352941176471,-0.6475079290345469
R_59glCvaBnt5WTU6,inference_categories,dailydilemmas,17,projection_alpha,0.5882352941176471,-0.6475079290345469
R_59glCvaBnt5WTU6,inference_categories,dailydilemmas,18,random_projection,0.5,-0.6913847290925095
R_59glCvaBnt5WTU6,inference_categories,dailydilemmas,18,projection_only,0.6111111111111112,-0.6132105404243112
R_59glCvaBnt5WTU6,inference_categories,dailydilemmas,18,projection_alpha,0.6111111111111112,-0.6132105404243112
R_59glCvaBnt5WTU6,inference_categories,dailydilemmas,19,random_projection,0.47368421052631576,-0.6915046785226238
R_59glCvaBnt5WTU6,inference_categories,dailydilemmas,19,projection_only,0.6842105263157895,-0.6069862085822058
R_59glCvaBnt5WTU6,inference_categories,dailydilemmas,19,projection_alpha,0.6842105263157895,-0.6069862085822058
R_59glCvaBnt5WTU6,inference_categories,dailydilemmas,20,random_projection,0.55,-0.6915779993725037
R_59glCvaBnt5WTU6,inference_categories,dailydilemmas,20,projection_only,0.7,-0.5911490806307607
R_59glCvaBnt5WTU6,inference_categories,dailydilemmas,20,projection_alpha,0.7,-0.5911490806307607
R_1nBL27EvLs0Bkk4,inference_categories,dailydilemmas,3,random_projection,0.0,-0.6941116792821482
R_1nBL27EvLs0Bkk4,inference_categories,dailydilemmas,3,projection_only,0.3333333333333333,-0.8259521072013497
R_1nBL27EvLs0Bkk4,inference_categories,dailydilemmas,3,projection_alpha,0.3333333333333333,-0.8259521072013497
R_1nBL27EvLs0Bkk4,inference_categories,dailydilemmas,4,random_projection,0.75,-0.6925779572941718
R_1nBL27EvLs0Bkk4,inference_categories,dailydilemmas,4,projection_only,0.5,-0.8681063567010863
R_1nBL27EvLs0Bkk4,inference_categories,dailydilemmas,4,projection_alpha,0.5,-0.8681063567010863
R_1nBL27EvLs0Bkk4,inference_categories,dailydilemmas,5,random_projection,0.4,-0.6930746314744872
R_1nBL27EvLs0Bkk4,inference_categories,dailydilemmas,5,projection_only,0.6,-0.8055867159328939
R_1nBL27EvLs0Bkk4,inference_categories,dailydilemmas,5,projection_alpha,0.6,-0.8055867159328939
R_1nBL27EvLs0Bkk4,inference_categories,dailydilemmas,6,random_projection,0.16666666666666666,-0.6946425478855748
R_1nBL27EvLs0Bkk4,inference_categories,dailydilemmas,6,projection_only,0.16666666666666666,-0.8691315187529977
R_1nBL27EvLs0Bkk4,inference_categories,dailydilemmas,6,projection_alpha,0.16666666666666666,-0.8691315187529977
R_1nBL27EvLs0Bkk4,inference_categories,dailydilemmas,7,random_projection,0.42857142857142855,-0.6932595725953934
R_1nBL27EvLs0Bkk4,inference_categories,dailydilemmas,7,projection_only,0.14285714285714285,-0.8504737403850997
R_1nBL27EvLs0Bkk4,inference_categories,dailydilemmas,7,projection_alpha,0.14285714285714285,-0.8504737403850997
R_1nBL27EvLs0Bkk4,inference_categories,dailydilemmas,8,random_projection,0.625,-0.6892030322920277
R_1nBL27EvLs0Bkk4,inference_categories,dailydilemmas,8,projection_only,0.125,-0.8456710266759552
R_1nBL27EvLs0Bkk4,inference_categories,dailydilemmas,8,projection_alpha,0.125,-0.8456710266759552
R_1nBL27EvLs0Bkk4,inference_categories,dailydilemmas,9,random_projection,0.6666666666666666,-0.6892976032538222
R_1nBL27EvLs0Bkk4,inference_categories,dailydilemmas,9,projection_only,0.4444444444444444,-0.7652485885479374
R_1nBL27EvLs0Bkk4,inference_categories,dailydilemmas,9,projection_alpha,0.4444444444444444,-0.7652485885479374
R_1nBL27EvLs0Bkk4,inference_categories,dailydilemmas,10,random_projection,0.7,-0.6903960056745304
R_1nBL27EvLs0Bkk4,inference_categories,dailydilemmas,10,projection_only,0.6,-0.7038963496295072
R_1nBL27EvLs0Bkk4,inference_categories,dailydilemmas,10,projection_alpha,0.6,-0.7038963496295072
R_1nBL27EvLs0Bkk4,inference_categories,dailydilemmas,11,random_projection,0.7272727272727273,-0.6890743441750108
R_1nBL27EvLs0Bkk4,inference_categories,dailydilemmas,11,projection_only,0.5454545454545454,-0.765757459523055
R_1nBL27EvLs0Bkk4,inference_categories,dailydilemmas,11,projection_alpha,0.5454545454545454,-0.765757459523055
R_1nBL27EvLs0Bkk4,inference_categories,dailydilemmas,12,random_projection,0.5833333333333334,-0.6918250751093652
R_1nBL27EvLs0Bkk4,inference_categories,dailydilemmas,12,projection_only,0.5833333333333334,-0.7215251696137792
R_1nBL27EvLs0Bkk4,inference_categories,dailydilemmas,12,projection_alpha,0.5833333333333334,-0.7215251696137792
R_1nBL27EvLs0Bkk4,inference_categories,dailydilemmas,13,random_projection,0.38461538461538464,-0.6933864496682584
R_1nBL27EvLs0Bkk4,inference_categories,dailydilemmas,13,projection_only,0.6153846153846154,-0.7194207045552745
R_1nBL27EvLs0Bkk4,inference_categories,dailydilemmas,13,projection_alpha,0.6153846153846154,-0.7194207045552745
R_1nBL27EvLs0Bkk4,inference_categories,dailydilemmas,14,random_projection,0.5,-0.6945054228609138
R_1nBL27EvLs0Bkk4,inference_categories,dailydilemmas,14,projection_only,0.5,-0.7331397800117881
R_1nBL27EvLs0Bkk4,inference_categories,dailydilemmas,14,projection_alpha,0.5,-0.7331397800117881
R_1nBL27EvLs0Bkk4,inference_categories,dailydilemmas,15,random_projection,0.4666666666666667,-0.6945753609005844
R_1nBL27EvLs0Bkk4,inference_categories,dailydilemmas,15,projection_only,0.4,-0.7269112620451554
R_1nBL27EvLs0Bkk4,inference_categories,dailydilemmas,15,projection_alpha,0.4,-0.7269112620451554
R_1nBL27EvLs0Bkk4,inference_categories,dailydilemmas,16,random_projection,0.5625,-0.6939892528935505
R_1nBL27EvLs0Bkk4,inference_categories,dailydilemmas,16,projection_only,0.5,-0.6973100468876028
R_1nBL27EvLs0Bkk4,inference_categories,dailydilemmas,16,projection_alpha,0.5,-0.6973100468876028
R_1nBL27EvLs0Bkk4,inference_categories,dailydilemmas,17,random_projection,0.47058823529411764,-0.6948885760915245
R_1nBL27EvLs0Bkk4,inference_categories,dailydilemmas,17,projection_only,0.5294117647058824,-0.6915398953468973
R_1nBL27EvLs0Bkk4,inference_categories,dailydilemmas,17,projection_alpha,0.5294117647058824,-0.6915398953468973
R_1nBL27EvLs0Bkk4,inference_categories,dailydilemmas,18,random_projection,0.5555555555555556,-0.6944215504252333
R_1nBL27EvLs0Bkk4,inference_categories,dailydilemmas,18,projection_only,0.5555555555555556,-0.6759812261583877
R_1nBL27EvLs0Bkk4,inference_categories,dailydilemmas,18,projection_alpha,0.5555555555555556,-0.6759812261583877
R_1nBL27EvLs0Bkk4,inference_categories,dailydilemmas,19,random_projection,0.47368421052631576,-0.6946457987209512
R_1nBL27EvLs0Bkk4,inference_categories,dailydilemmas,19,projection_only,0.631578947368421,-0.6684965043855364
R_1nBL27EvLs0Bkk4,inference_categories,dailydilemmas,19,projection_alpha,0.631578947368421,-0.6684965043855364
R_1nBL27EvLs0Bkk4,inference_categories,dailydilemmas,20,random_projection,0.55,-0.6937208558788807
R_1nBL27EvLs0Bkk4,inference_categories,dailydilemmas,20,projection_only,0.65,-0.6492453977761082
R_1nBL27EvLs0Bkk4,inference_categories,dailydilemmas,20,projection_alpha,0.65,-0.6492453977761082
R_6FsUQnzEYAQwtwa,inference_categories,dailydilemmas,3,random_projection,0.3333333333333333,-0.6929308768619588
R_6FsUQnzEYAQwtwa,inference_categories,dailydilemmas,3,projection_only,0.6666666666666666,-0.5562932413350143
R_6FsUQnzEYAQwtwa,inference_categories,dailydilemmas,3,projection_alpha,0.6666666666666666,-0.5562932413350143
R_6FsUQnzEYAQwtwa,inference_categories,dailydilemmas,4,random_projection,0.25,-0.6937126516320028
R_6FsUQnzEYAQwtwa,inference_categories,dailydilemmas,4,projection_only,0.75,-0.4641473588324652
R_6FsUQnzEYAQwtwa,inference_categories,dailydilemmas,4,projection_alpha,0.75,-0.4641473588324652
R_6FsUQnzEYAQwtwa,inference_categories,dailydilemmas,5,random_projection,0.4,-0.6936142750851155
R_6FsUQnzEYAQwtwa,inference_categories,dailydilemmas,5,projection_only,0.8,-0.41961718959128474
R_6FsUQnzEYAQwtwa,inference_categories,dailydilemmas,5,projection_alpha,0.8,-0.41961718959128474
R_6FsUQnzEYAQwtwa,inference_categories,dailydilemmas,6,random_projection,0.6666666666666666,-0.6926536762065237
R_6FsUQnzEYAQwtwa,inference_categories,dailydilemmas,6,projection_only,0.8333333333333334,-0.4526806745298921
R_6FsUQnzEYAQwtwa,inference_categories,dailydilemmas,6,projection_alpha,0.8333333333333334,-0.4526806745298921
R_6FsUQnzEYAQwtwa,inference_categories,dailydilemmas,7,random_projection,0.7142857142857143,-0.6908388488319889
R_6FsUQnzEYAQwtwa,inference_categories,dailydilemmas,7,projection_only,0.8571428571428571,-0.4594245510020487
R_6FsUQnzEYAQwtwa,inference_categories,dailydilemmas,7,projection_alpha,0.8571428571428571,-0.4594245510020487
R_6FsUQnzEYAQwtwa,inference_categories,dailydilemmas,8,random_projection,0.75,-0.6899107196757306
R_6FsUQnzEYAQwtwa,inference_categories,dailydilemmas,8,projection_only,0.75,-0.4885951546831657
R_6FsUQnzEYAQwtwa,inference_categories,dailydilemmas,8,projection_alpha,0.75,-0.4885951546831657
R_6FsUQnzEYAQwtwa,inference_categories,dailydilemmas,9,random_projection,0.7777777777777778,-0.6893858647754647
R_6FsUQnzEYAQwtwa,inference_categories,dailydilemmas,9,projection_only,0.6666666666666666,-0.5484556122299008
R_6FsUQnzEYAQwtwa,inference_categories,dailydilemmas,9,projection_alpha,0.6666666666666666,-0.5484556122299008
R_6FsUQnzEYAQwtwa,inference_categories,dailydilemmas,10,random_projection,0.7,-0.6904856341659684
R_6FsUQnzEYAQwtwa,inference_categories,dailydilemmas,10,projection_only,0.7,-0.5608164047992845
R_6FsUQnzEYAQwtwa,inference_categories,dailydilemmas,10,projection_alpha,0.7,-0.5608164047992845
R_6FsUQnzEYAQwtwa,inference_categories,dailydilemmas,11,random_projection,0.6363636363636364,-0.6920188199942526
R_6FsUQnzEYAQwtwa,inference_categories,dailydilemmas,11,projection_only,0.7272727272727273,-0.5975264231593683
R_6FsUQnzEYAQwtwa,inference_categories,dailydilemmas,11,projection_alpha,0.7272727272727273,-0.5975264231593683
R_6FsUQnzEYAQwtwa,inference_categories,dailydilemmas,12,random_projection,0.6666666666666666,-0.6912808501263364
R_6FsUQnzEYAQwtwa,inference_categories,dailydilemmas,12,projection_only,0.5,-0.724784474445312
R_6FsUQnzEYAQwtwa,inference_categories,dailydilemmas,12,projection_alpha,0.5,-0.724784474445312
R_6FsUQnzEYAQwtwa,inference_categories,dailydilemmas,13,random_projection,0.6923076923076923,-0.692070758437868
R_6FsUQnzEYAQwtwa,inference_categories,dailydilemmas,13,projection_only,0.7692307692307693,-0.6785133468569822
R_6FsUQnzEYAQwtwa,inference_categories,dailydilemmas,13,projection_alpha,0.7692307692307693,-0.6785133468569822
R_6FsUQnzEYAQwtwa,inference_categories,dailydilemmas,14,random_projection,0.6428571428571429,-0.6918627906918972
R_6FsUQnzEYAQwtwa,inference_categories,dailydilemmas,14,projection_only,0.6428571428571429,-0.7244209403312121
R_6FsUQnzEYAQwtwa,inference_categories,dailydilemmas,14,projection_alpha,0.6428571428571429,-0.7244209403312121
R_6FsUQnzEYAQwtwa,inference_categories,dailydilemmas,15,random_projection,0.6666666666666666,-0.6905863895329378
R_6FsUQnzEYAQwtwa,inference_categories,dailydilemmas,15,projection_only,0.7333333333333333,-0.7121327723272444
R_6FsUQnzEYAQwtwa,inference_categories,dailydilemmas,15,projection_alpha,0.7333333333333333,-0.7121327723272444
R_6FsUQnzEYAQwtwa,inference_categories,dailydilemmas,16,random_projection,0.8125,-0.6904696310896536
R_6FsUQnzEYAQwtwa,inference_categories,dailydilemmas,16,projection_only,0.6875,-0.6831719059047335
R_6FsUQnzEYAQwtwa,inference_categories,dailydilemmas,16,projection_alpha,0.6875,-0.6831719059047335
R_6FsUQnzEYAQwtwa,inference_categories,dailydilemmas,17,random_projection,0.7058823529411765,-0.6911819691647514
R_6FsUQnzEYAQwtwa,inference_categories,dailydilemmas,17,projection_only,0.5882352941176471,-0.7058742263730542
R_6FsUQnzEYAQwtwa,inference_categories,dailydilemmas,17,projection_alpha,0.5882352941176471,-0.7058742263730542
R_6FsUQnzEYAQwtwa,inference_categories,dailydilemmas,18,random_projection,0.6666666666666666,-0.6908588467942793
R_6FsUQnzEYAQwtwa,inference_categories,dailydilemmas,18,projection_only,0.5,-0.6915760257293129
R_6FsUQnzEYAQwtwa,inference_categories,dailydilemmas,18,projection_alpha,0.5,-0.6915760257293129
R_6FsUQnzEYAQwtwa,inference_categories,dailydilemmas,19,random_projection,0.6842105263157895,-0.6906601994477475
R_6FsUQnzEYAQwtwa,inference_categories,dailydilemmas,19,projection_only,0.5789473684210527,-0.6675833385246047
R_6FsUQnzEYAQwtwa,inference_categories,dailydilemmas,19,projection_alpha,0.5789473684210527,-0.6675833385246047
R_6FsUQnzEYAQwtwa,inference_categories,dailydilemmas,20,random_projection,0.65,-0.6919568610588368
R_6FsUQnzEYAQwtwa,inference_categories,dailydilemmas,20,projection_only,0.55,-0.6685395215499699
R_6FsUQnzEYAQwtwa,inference_categories,dailydilemmas,20,projection_alpha,0.55,-0.6685395215499699
R_5pX1jjp1Yu1RSN7,inference_categories,dailydilemmas,8,random_projection,0.625,-0.6925042366777996
R_5pX1jjp1Yu1RSN7,inference_categories,dailydilemmas,8,projection_only,0.75,-0.3890909885473979
R_5pX1jjp1Yu1RSN7,inference_categories,dailydilemmas,8,projection_alpha,0.75,-0.3890909885473979
R_5pX1jjp1Yu1RSN7,inference_categories,dailydilemmas,9,random_projection,0.4444444444444444,-0.6946795599688529
R_5pX1jjp1Yu1RSN7,inference_categories,dailydilemmas,9,projection_only,0.7777777777777778,-0.4098697159794913
R_5pX1jjp1Yu1RSN7,inference_categories,dailydilemmas,9,projection_alpha,0.7777777777777778,-0.4098697159794913
R_5pX1jjp1Yu1RSN7,inference_categories,dailydilemmas,10,random_projection,0.5,-0.6935952038435986
R_5pX1jjp1Yu1RSN7,inference_categories,dailydilemmas,10,projection_only,0.7,-0.4388571103233594
R_5pX1jjp1Yu1RSN7,inference_categories,dailydilemmas,10,projection_alpha,0.7,-0.4388571103233594
R_5pX1jjp1Yu1RSN7,inference_categories,dailydilemmas,11,random_projection,0.6363636363636364,-0.6929576968445134
R_5pX1jjp1Yu1RSN7,inference_categories,dailydilemmas,11,projection_only,0.6363636363636364,-0.5944451229586948
R_5pX1jjp1Yu1RSN7,inference_categories,dailydilemmas,11,projection_alpha,0.6363636363636364,-0.5944451229586948
R_5pX1jjp1Yu1RSN7,inference_categories,dailydilemmas,12,random_projection,0.6666666666666666,-0.6924670397005235
R_5pX1jjp1Yu1RSN7,inference_categories,dailydilemmas,12,projection_only,0.75,-0.5761122324747685
R_5pX1jjp1Yu1RSN7,inference_categories,dailydilemmas,12,projection_alpha,0.75,-0.5761122324747685
R_5pX1jjp1Yu1RSN7,inference_categories,dailydilemmas,13,random_projection,0.6153846153846154,-0.6927892401727687
R_5pX1jjp1Yu1RSN7,inference_categories,dailydilemmas,13,projection_only,0.7692307692307693,-0.5306646939955749
R_5pX1jjp1Yu1RSN7,inference_categories,dailydilemmas,13,projection_alpha,0.7692307692307693,-0.5306646939955749
R_5pX1jjp1Yu1RSN7,inference_categories,dailydilemmas,14,random_projection,0.6428571428571429,-0.6918149133414533
R_5pX1jjp1Yu1RSN7,inference_categories,dailydilemmas,14,projection_only,0.7857142857142857,-0.5148422077764427
R_5pX1jjp1Yu1RSN7,inference_categories,dailydilemmas,14,projection_alpha,0.7857142857142857,-0.5148422077764427
R_5pX1jjp1Yu1RSN7,inference_categories,dailydilemmas,15,random_projection,0.7333333333333333,-0.6906155397285599
R_5pX1jjp1Yu1RSN7,inference_categories,dailydilemmas,15,projection_only,0.8,-0.4783041105064835
R_5pX1jjp1Yu1RSN7,inference_categories,dailydilemmas,15,projection_alpha,0.8,-0.4783041105064835
R_5pX1jjp1Yu1RSN7,inference_categories,dailydilemmas,16,random_projection,0.75,-0.6901080366117148
R_5pX1jjp1Yu1RSN7,inference_categories,dailydilemmas,16,projection_only,0.75,-0.5240228094864949
R_5pX1jjp1Yu1RSN7,inference_categories,dailydilemmas,16,projection_alpha,0.75,-0.5240228094864949
R_5pX1jjp1Yu1RSN7,inference_categories,dailydilemmas,17,random_projection,0.6470588235294118,-0.6909193571636223
R_5pX1jjp1Yu1RSN7,inference_categories,dailydilemmas,17,projection_only,0.7647058823529411,-0.5033074044172502
R_5pX1jjp1Yu1RSN7,inference_categories,dailydilemmas,17,projection_alpha,0.7647058823529411,-0.5033074044172502
R_5pX1jjp1Yu1RSN7,inference_categories,dailydilemmas,18,random_projection,0.6666666666666666,-0.6904177090718601
R_5pX1jjp1Yu1RSN7,inference_categories,dailydilemmas,18,projection_only,0.7222222222222222,-0.5465412881012076
R_5pX1jjp1Yu1RSN7,inference_categories,dailydilemmas,18,projection_alpha,0.7222222222222222,-0.5465412881012076
R_5pX1jjp1Yu1RSN7,inference_categories,dailydilemmas,19,random_projection,0.7368421052631579,-0.6893479724670314
R_5pX1jjp1Yu1RSN7,inference_categories,dailydilemmas,19,projection_only,0.6842105263157895,-0.5702457368595046
R_5pX1jjp1Yu1RSN7,inference_categories,dailydilemmas,19,projection_alpha,0.6842105263157895,-0.5702457368595046
R_5pX1jjp1Yu1RSN7,inference_categories,dailydilemmas,20,random_projection,0.7,-0.689770379032011
R_5pX1jjp1Yu1RSN7,inference_categories,dailydilemmas,20,projection_only,0.65,-0.5894629050527778
R_5pX1jjp1Yu1RSN7,inference_categories,dailydilemmas,20,projection_alpha,0.65,-0.5894629050527778
R_5DY1mtPtJpWz8WC,inference_categories,dailydilemmas,3,random_projection,0.6666666666666666,-0.6924701542803547
R_5DY1mtPtJpWz8WC,inference_categories,dailydilemmas,3,projection_only,0.6666666666666666,-0.43583683364857784
R_5DY1mtPtJpWz8WC,inference_categories,dailydilemmas,3,projection_alpha,0.6666666666666666,-0.43583683364857784
R_5DY1mtPtJpWz8WC,inference_categories,dailydilemmas,4,random_projection,0.75,-0.691985021967341
R_5DY1mtPtJpWz8WC,inference_categories,dailydilemmas,4,projection_only,0.5,-0.4895580779682084
R_5DY1mtPtJpWz8WC,inference_categories,dailydilemmas,4,projection_alpha,0.5,-0.4895580779682085
R_5DY1mtPtJpWz8WC,inference_categories,dailydilemmas,5,random_projection,0.8,-0.6903529787598599
R_5DY1mtPtJpWz8WC,inference_categories,dailydilemmas,5,projection_only,0.8,-0.4676137650900086
R_5DY1mtPtJpWz8WC,inference_categories,dailydilemmas,5,projection_alpha,0.8,-0.4676137650900086
R_5DY1mtPtJpWz8WC,inference_categories,dailydilemmas,6,random_projection,0.6666666666666666,-0.6904642807922533
R_5DY1mtPtJpWz8WC,inference_categories,dailydilemmas,6,projection_only,0.8333333333333334,-0.3831686135251247
R_5DY1mtPtJpWz8WC,inference_categories,dailydilemmas,6,projection_alpha,0.8333333333333334,-0.3831686135251247
R_5DY1mtPtJpWz8WC,inference_categories,dailydilemmas,7,random_projection,0.8571428571428571,-0.6878167971202824
R_5DY1mtPtJpWz8WC,inference_categories,dailydilemmas,7,projection_only,0.8571428571428571,-0.3279553714497347
R_5DY1mtPtJpWz8WC,inference_categories,dailydilemmas,7,projection_alpha,0.8571428571428571,-0.3279553714497347
R_5DY1mtPtJpWz8WC,inference_categories,dailydilemmas,8,random_projection,0.875,-0.6870737311725092
R_5DY1mtPtJpWz8WC,inference_categories,dailydilemmas,8,projection_only,0.75,-0.38055359846344455
R_5DY1mtPtJpWz8WC,inference_categories,dailydilemmas,8,projection_alpha,0.75,-0.38055359846344455
R_5DY1mtPtJpWz8WC,inference_categories,dailydilemmas,9,random_projection,0.8888888888888888,-0.685299689682851
R_5DY1mtPtJpWz8WC,inference_categories,dailydilemmas,9,projection_only,0.7777777777777778,-0.3375310171554182
R_5DY1mtPtJpWz8WC,inference_categories,dailydilemmas,9,projection_alpha,0.7777777777777778,-0.3375310171554182
R_5DY1mtPtJpWz8WC,inference_categories,dailydilemmas,10,random_projection,0.8,-0.6885258447812423
R_5DY1mtPtJpWz8WC,inference_categories,dailydilemmas,10,projection_only,0.9,-0.3700299456029583
R_5DY1mtPtJpWz8WC,inference_categories,dailydilemmas,10,projection_alpha,0.9,-0.3700299456029583
R_5DY1mtPtJpWz8WC,inference_categories,dailydilemmas,11,random_projection,0.7272727272727273,-0.6882574220498097
R_5DY1mtPtJpWz8WC,inference_categories,dailydilemmas,11,projection_only,0.9090909090909091,-0.33604542031787427
R_5DY1mtPtJpWz8WC,inference_categories,dailydilemmas,11,projection_alpha,0.9090909090909091,-0.33604542031787427
R_5DY1mtPtJpWz8WC,inference_categories,dailydilemmas,12,random_projection,0.75,-0.6884188472383251
R_5DY1mtPtJpWz8WC,inference_categories,dailydilemmas,12,projection_only,0.9166666666666666,-0.3141840972561213
R_5DY1mtPtJpWz8WC,inference_categories,dailydilemmas,12,projection_alpha,0.9166666666666666,-0.3141840972561213
R_5DY1mtPtJpWz8WC,inference_categories,dailydilemmas,13,random_projection,0.9230769230769231,-0.6882020534076816
R_5DY1mtPtJpWz8WC,inference_categories,dailydilemmas,13,projection_only,0.9230769230769231,-0.36177776839249387
R_5DY1mtPtJpWz8WC,inference_categories,dailydilemmas,13,projection_alpha,0.9230769230769231,-0.36177776839249387
R_5DY1mtPtJpWz8WC,inference_categories,dailydilemmas,14,random_projection,0.9285714285714286,-0.6881830999233839
R_5DY1mtPtJpWz8WC,inference_categories,dailydilemmas,14,projection_only,0.9285714285714286,-0.33666594294732904
R_5DY1mtPtJpWz8WC,inference_categories,dailydilemmas,14,projection_alpha,0.9285714285714286,-0.33666594294732904
R_5DY1mtPtJpWz8WC,inference_categories,dailydilemmas,15,random_projection,0.9333333333333333,-0.688426014881603
R_5DY1mtPtJpWz8WC,inference_categories,dailydilemmas,15,projection_only,0.8,-0.3861473210837737
R_5DY1mtPtJpWz8WC,inference_categories,dailydilemmas,15,projection_alpha,0.8,-0.3861473210837737
R_5DY1mtPtJpWz8WC,inference_categories,dailydilemmas,16,random_projection,0.9375,-0.6877362307669093
R_5DY1mtPtJpWz8WC,inference_categories,dailydilemmas,16,projection_only,0.875,-0.3722980275030143
R_5DY1mtPtJpWz8WC,inference_categories,dailydilemmas,16,projection_alpha,0.875,-0.3722980275030143
R_5DY1mtPtJpWz8WC,inference_categories,dailydilemmas,17,random_projection,0.9411764705882353,-0.6876064020632036
R_5DY1mtPtJpWz8WC,inference_categories,dailydilemmas,17,projection_only,0.8823529411764706,-0.3628903740520537
R_5DY1mtPtJpWz8WC,inference_categories,dailydilemmas,17,projection_alpha,0.8823529411764706,-0.3628903740520537
R_5DY1mtPtJpWz8WC,inference_categories,dailydilemmas,18,random_projection,0.9444444444444444,-0.6855183973992939
R_5DY1mtPtJpWz8WC,inference_categories,dailydilemmas,18,projection_only,0.8888888888888888,-0.351842920427318
R_5DY1mtPtJpWz8WC,inference_categories,dailydilemmas,18,projection_alpha,0.8888888888888888,-0.351842920427318
R_5DY1mtPtJpWz8WC,inference_categories,dailydilemmas,19,random_projection,0.9473684210526315,-0.6840072002142883
R_5DY1mtPtJpWz8WC,inference_categories,dailydilemmas,19,projection_only,0.8947368421052632,-0.33300610728896335
R_5DY1mtPtJpWz8WC,inference_categories,dailydilemmas,19,projection_alpha,0.8947368421052632,-0.33300610728896335
R_5DY1mtPtJpWz8WC,inference_categories,dailydilemmas,20,random_projection,0.95,-0.6838737389155034
R_5DY1mtPtJpWz8WC,inference_categories,dailydilemmas,20,projection_only,0.85,-0.3473751382622402
R_5DY1mtPtJpWz8WC,inference_categories,dailydilemmas,20,projection_alpha,0.85,-0.3473751382622402
R_1PN3SGDWOMibPAh,inference_categories,dailydilemmas,3,random_projection,0.0,-0.6945265820671721
R_1PN3SGDWOMibPAh,inference_categories,dailydilemmas,3,projection_only,0.6666666666666666,-0.5488122618233287
R_1PN3SGDWOMibPAh,inference_categories,dailydilemmas,3,projection_alpha,0.6666666666666666,-0.5488122618233287
R_1PN3SGDWOMibPAh,inference_categories,dailydilemmas,4,random_projection,0.25,-0.692722806032937
R_1PN3SGDWOMibPAh,inference_categories,dailydilemmas,4,projection_only,0.75,-0.46490200510500707
R_1PN3SGDWOMibPAh,inference_categories,dailydilemmas,4,projection_alpha,0.75,-0.46490200510500707
R_1PN3SGDWOMibPAh,inference_categories,dailydilemmas,5,random_projection,0.4,-0.6924022024712791
R_1PN3SGDWOMibPAh,inference_categories,dailydilemmas,5,projection_only,0.8,-0.4385027069166812
R_1PN3SGDWOMibPAh,inference_categories,dailydilemmas,5,projection_alpha,0.8,-0.4385027069166812
R_1PN3SGDWOMibPAh,inference_categories,dailydilemmas,6,random_projection,0.3333333333333333,-0.69286076126151
R_1PN3SGDWOMibPAh,inference_categories,dailydilemmas,6,projection_only,0.8333333333333334,-0.43829457655416015
R_1PN3SGDWOMibPAh,inference_categories,dailydilemmas,6,projection_alpha,0.8333333333333334,-0.43829457655416015
R_1PN3SGDWOMibPAh,inference_categories,dailydilemmas,7,random_projection,0.5714285714285714,-0.6926693881572754
R_1PN3SGDWOMibPAh,inference_categories,dailydilemmas,7,projection_only,0.8571428571428571,-0.43207400667000456
R_1PN3SGDWOMibPAh,inference_categories,dailydilemmas,7,projection_alpha,0.8571428571428571,-0.43207400667000456
R_1PN3SGDWOMibPAh,inference_categories,dailydilemmas,8,random_projection,0.625,-0.6913077828338171
R_1PN3SGDWOMibPAh,inference_categories,dailydilemmas,8,projection_only,0.875,-0.38413884488807204
R_1PN3SGDWOMibPAh,inference_categories,dailydilemmas,8,projection_alpha,0.875,-0.38413884488807204
R_1PN3SGDWOMibPAh,inference_categories,dailydilemmas,9,random_projection,0.4444444444444444,-0.6930625150545864
R_1PN3SGDWOMibPAh,inference_categories,dailydilemmas,9,projection_only,0.8888888888888888,-0.3910537527794392
R_1PN3SGDWOMibPAh,inference_categories,dailydilemmas,9,projection_alpha,0.8888888888888888,-0.3910537527794392
R_1PN3SGDWOMibPAh,inference_categories,dailydilemmas,10,random_projection,0.5,-0.6932917854632282
R_1PN3SGDWOMibPAh,inference_categories,dailydilemmas,10,projection_only,0.8,-0.41610781878665765
R_1PN3SGDWOMibPAh,inference_categories,dailydilemmas,10,projection_alpha,0.8,-0.41610781878665765
R_1PN3SGDWOMibPAh,inference_categories,dailydilemmas,11,random_projection,0.5454545454545454,-0.6927248403340258
R_1PN3SGDWOMibPAh,inference_categories,dailydilemmas,11,projection_only,0.8181818181818182,-0.3800089992021469
R_1PN3SGDWOMibPAh,inference_categories,dailydilemmas,11,projection_alpha,0.8181818181818182,-0.3800089992021469
R_1PN3SGDWOMibPAh,inference_categories,dailydilemmas,12,random_projection,0.5,-0.6928702583685226
R_1PN3SGDWOMibPAh,inference_categories,dailydilemmas,12,projection_only,0.8333333333333334,-0.36571486295239847
R_1PN3SGDWOMibPAh,inference_categories,dailydilemmas,12,projection_alpha,0.8333333333333334,-0.36571486295239847
R_1PN3SGDWOMibPAh,inference_categories,dailydilemmas,13,random_projection,0.46153846153846156,-0.6930636377427581
R_1PN3SGDWOMibPAh,inference_categories,dailydilemmas,13,projection_only,0.8461538461538461,-0.3661304385936307
R_1PN3SGDWOMibPAh,inference_categories,dailydilemmas,13,projection_alpha,0.8461538461538461,-0.3661304385936307
R_1PN3SGDWOMibPAh,inference_categories,dailydilemmas,14,random_projection,0.5714285714285714,-0.691788207327173
R_1PN3SGDWOMibPAh,inference_categories,dailydilemmas,14,projection_only,0.8571428571428571,-0.35054806700920144
R_1PN3SGDWOMibPAh,inference_categories,dailydilemmas,14,projection_alpha,0.8571428571428571,-0.35054806700920144
R_1PN3SGDWOMibPAh,inference_categories,dailydilemmas,15,random_projection,0.6,-0.6915605670958028
R_1PN3SGDWOMibPAh,inference_categories,dailydilemmas,15,projection_only,0.8666666666666667,-0.37164740743625335
R_1PN3SGDWOMibPAh,inference_categories,dailydilemmas,15,projection_alpha,0.8666666666666667,-0.37164740743625335
R_1PN3SGDWOMibPAh,inference_categories,dailydilemmas,16,random_projection,0.625,-0.691627800642191
R_1PN3SGDWOMibPAh,inference_categories,dailydilemmas,16,projection_only,0.8125,-0.6314013534214182
R_1PN3SGDWOMibPAh,inference_categories,dailydilemmas,16,projection_alpha,0.8125,-0.6314013534214182
R_1PN3SGDWOMibPAh,inference_categories,dailydilemmas,17,random_projection,0.5294117647058824,-0.692018237300377
R_1PN3SGDWOMibPAh,inference_categories,dailydilemmas,17,projection_only,0.8235294117647058,-0.6101738184195502
R_1PN3SGDWOMibPAh,inference_categories,dailydilemmas,17,projection_alpha,0.8235294117647058,-0.6101738184195502
R_1PN3SGDWOMibPAh,inference_categories,dailydilemmas,18,random_projection,0.5555555555555556,-0.691983658129423
R_1PN3SGDWOMibPAh,inference_categories,dailydilemmas,18,projection_only,0.8333333333333334,-0.6178965551227412
R_1PN3SGDWOMibPAh,inference_categories,dailydilemmas,18,projection_alpha,0.8333333333333334,-0.6178965551227412
R_1PN3SGDWOMibPAh,inference_categories,dailydilemmas,19,random_projection,0.5789473684210527,-0.6916086487308591
R_1PN3SGDWOMibPAh,inference_categories,dailydilemmas,19,projection_only,0.7894736842105263,-0.6067489575918735
R_1PN3SGDWOMibPAh,inference_categories,dailydilemmas,19,projection_alpha,0.7894736842105263,-0.6067489575918735
R_1PN3SGDWOMibPAh,inference_categories,dailydilemmas,20,random_projection,0.65,-0.6905328216889328
R_1PN3SGDWOMibPAh,inference_categories,dailydilemmas,20,projection_only,0.8,-0.5806930574639859
R_1PN3SGDWOMibPAh,inference_categories,dailydilemmas,20,projection_alpha,0.8,-0.5806930574639859
R_3SrBXsc2uYrsSZz,inference_categories,dailydilemmas,3,random_projection,0.6666666666666666,-0.6914609753787091
R_3SrBXsc2uYrsSZz,inference_categories,dailydilemmas,3,projection_only,0.6666666666666666,-0.42661340052468194
R_3SrBXsc2uYrsSZz,inference_categories,dailydilemmas,3,projection_alpha,0.6666666666666666,-0.42661340052468194
R_3SrBXsc2uYrsSZz,inference_categories,dailydilemmas,4,random_projection,0.5,-0.6920255781814905
R_3SrBXsc2uYrsSZz,inference_categories,dailydilemmas,4,projection_only,1.0,-0.32845522410310585
R_3SrBXsc2uYrsSZz,inference_categories,dailydilemmas,4,projection_alpha,1.0,-0.32845522410310585
R_3SrBXsc2uYrsSZz,inference_categories,dailydilemmas,5,random_projection,0.6,-0.6937299295723957
R_3SrBXsc2uYrsSZz,inference_categories,dailydilemmas,5,projection_only,1.0,-0.38585294349815646
R_3SrBXsc2uYrsSZz,inference_categories,dailydilemmas,5,projection_alpha,1.0,-0.38585294349815646
R_3SrBXsc2uYrsSZz,inference_categories,dailydilemmas,6,random_projection,0.5,-0.693471363507664
R_3SrBXsc2uYrsSZz,inference_categories,dailydilemmas,6,projection_only,1.0,-0.37810679200809316
R_3SrBXsc2uYrsSZz,inference_categories,dailydilemmas,6,projection_alpha,1.0,-0.37810679200809316
R_3SrBXsc2uYrsSZz,inference_categories,dailydilemmas,7,random_projection,0.42857142857142855,-0.6939026359998686
R_3SrBXsc2uYrsSZz,inference_categories,dailydilemmas,7,projection_only,1.0,-0.33416844469502544
R_3SrBXsc2uYrsSZz,inference_categories,dailydilemmas,7,projection_alpha,1.0,-0.33416844469502544
R_3SrBXsc2uYrsSZz,inference_categories,dailydilemmas,8,random_projection,0.5,-0.6935087682135888
R_3SrBXsc2uYrsSZz,inference_categories,dailydilemmas,8,projection_only,1.0,-0.29152158615826673
R_3SrBXsc2uYrsSZz,inference_categories,dailydilemmas,8,projection_alpha,1.0,-0.29152158615826673
R_3SrBXsc2uYrsSZz,inference_categories,dailydilemmas,9,random_projection,0.5555555555555556,-0.6926504817260651
R_3SrBXsc2uYrsSZz,inference_categories,dailydilemmas,9,projection_only,1.0,-0.2557975968709548
R_3SrBXsc2uYrsSZz,inference_categories,dailydilemmas,9,projection_alpha,1.0,-0.2557975968709548
R_3SrBXsc2uYrsSZz,inference_categories,dailydilemmas,10,random_projection,0.5,-0.6927713982096373
R_3SrBXsc2uYrsSZz,inference_categories,dailydilemmas,10,projection_only,1.0,-0.2390972423054103
R_3SrBXsc2uYrsSZz,inference_categories,dailydilemmas,10,projection_alpha,1.0,-0.2390972423054103
R_3SrBXsc2uYrsSZz,inference_categories,dailydilemmas,11,random_projection,0.6363636363636364,-0.6925275159298686
R_3SrBXsc2uYrsSZz,inference_categories,dailydilemmas,11,projection_only,1.0,-0.26746228915663617
R_3SrBXsc2uYrsSZz,inference_categories,dailydilemmas,11,projection_alpha,1.0,-0.26746228915663617
R_3SrBXsc2uYrsSZz,inference_categories,dailydilemmas,12,random_projection,0.6666666666666666,-0.6928507471392203
R_3SrBXsc2uYrsSZz,inference_categories,dailydilemmas,12,projection_only,0.9166666666666666,-0.4448548635577965
R_3SrBXsc2uYrsSZz,inference_categories,dailydilemmas,12,projection_alpha,0.9166666666666666,-0.4448548635577965
R_3SrBXsc2uYrsSZz,inference_categories,dailydilemmas,13,random_projection,0.46153846153846156,-0.6933995544157534
R_3SrBXsc2uYrsSZz,inference_categories,dailydilemmas,13,projection_only,0.9230769230769231,-0.45210849354512395
R_3SrBXsc2uYrsSZz,inference_categories,dailydilemmas,13,projection_alpha,0.9230769230769231,-0.45210849354512395
R_3SrBXsc2uYrsSZz,inference_categories,dailydilemmas,14,random_projection,0.35714285714285715,-0.6936344615988583
R_3SrBXsc2uYrsSZz,inference_categories,dailydilemmas,14,projection_only,0.8571428571428571,-0.5329348503239796
R_3SrBXsc2uYrsSZz,inference_categories,dailydilemmas,14,projection_alpha,0.8571428571428571,-0.5329348503239796
R_3SrBXsc2uYrsSZz,inference_categories,dailydilemmas,15,random_projection,0.26666666666666666,-0.694346662926066
R_3SrBXsc2uYrsSZz,inference_categories,dailydilemmas,15,projection_only,0.8,-0.5613246059438113
R_3SrBXsc2uYrsSZz,inference_categories,dailydilemmas,15,projection_alpha,0.8,-0.5613246059438113
R_3SrBXsc2uYrsSZz,inference_categories,dailydilemmas,16,random_projection,0.3125,-0.6941587554070663
R_3SrBXsc2uYrsSZz,inference_categories,dailydilemmas,16,projection_only,0.8125,-0.5265687541930817
R_3SrBXsc2uYrsSZz,inference_categories,dailydilemmas,16,projection_alpha,0.8125,-0.5265687541930817
R_3SrBXsc2uYrsSZz,inference_categories,dailydilemmas,17,random_projection,0.35294117647058826,-0.6937214999546232
R_3SrBXsc2uYrsSZz,inference_categories,dailydilemmas,17,projection_only,0.8235294117647058,-0.49978420599435025
R_3SrBXsc2uYrsSZz,inference_categories,dailydilemmas,17,projection_alpha,0.8235294117647058,-0.49978420599435025
R_3SrBXsc2uYrsSZz,inference_categories,dailydilemmas,18,random_projection,0.16666666666666666,-0.6942338085050302
R_3SrBXsc2uYrsSZz,inference_categories,dailydilemmas,18,projection_only,0.7222222222222222,-0.6025520319205104
R_3SrBXsc2uYrsSZz,inference_categories,dailydilemmas,18,projection_alpha,0.7222222222222222,-0.6025520319205104
R_3SrBXsc2uYrsSZz,inference_categories,dailydilemmas,19,random_projection,0.2631578947368421,-0.6941187745851899
R_3SrBXsc2uYrsSZz,inference_categories,dailydilemmas,19,projection_only,0.6842105263157895,-0.6699956478807333
R_3SrBXsc2uYrsSZz,inference_categories,dailydilemmas,19,projection_alpha,0.6842105263157895,-0.6699956478807333
R_3SrBXsc2uYrsSZz,inference_categories,dailydilemmas,20,random_projection,0.25,-0.693630649603611
R_3SrBXsc2uYrsSZz,inference_categories,dailydilemmas,20,projection_only,0.7,-0.6611735710401369
R_3SrBXsc2uYrsSZz,inference_categories,dailydilemmas,20,projection_alpha,0.7,-0.6611735710401369
R_7rNeEq8TvAxjqdL,inference_categories,dailydilemmas,3,random_projection,0.6666666666666666,-0.691789748128374
R_7rNeEq8TvAxjqdL,inference_categories,dailydilemmas,3,projection_only,0.6666666666666666,-0.40887800284767994
R_7rNeEq8TvAxjqdL,inference_categories,dailydilemmas,3,projection_alpha,0.6666666666666666,-0.40887800284767994
R_7rNeEq8TvAxjqdL,inference_categories,dailydilemmas,4,random_projection,0.75,-0.6921379278915714
R_7rNeEq8TvAxjqdL,inference_categories,dailydilemmas,4,projection_only,0.75,-0.3374954632912739
R_7rNeEq8TvAxjqdL,inference_categories,dailydilemmas,4,projection_alpha,0.75,-0.3374954632912739
R_7rNeEq8TvAxjqdL,inference_categories,dailydilemmas,5,random_projection,0.4,-0.6928802707544838
R_7rNeEq8TvAxjqdL,inference_categories,dailydilemmas,5,projection_only,0.8,-0.33376372980686553
R_7rNeEq8TvAxjqdL,inference_categories,dailydilemmas,5,projection_alpha,0.8,-0.33376372980686553
R_7rNeEq8TvAxjqdL,inference_categories,dailydilemmas,6,random_projection,0.3333333333333333,-0.6934637654497778
R_7rNeEq8TvAxjqdL,inference_categories,dailydilemmas,6,projection_only,0.8333333333333334,-0.28912619245926824
R_7rNeEq8TvAxjqdL,inference_categories,dailydilemmas,6,projection_alpha,0.8333333333333334,-0.28912619245926824
R_7rNeEq8TvAxjqdL,inference_categories,dailydilemmas,7,random_projection,0.42857142857142855,-0.6959032225856944
R_7rNeEq8TvAxjqdL,inference_categories,dailydilemmas,7,projection_only,0.8571428571428571,-0.402062451462101
R_7rNeEq8TvAxjqdL,inference_categories,dailydilemmas,7,projection_alpha,0.8571428571428571,-0.402062451462101
R_7rNeEq8TvAxjqdL,inference_categories,dailydilemmas,8,random_projection,0.5,-0.695558588017573
R_7rNeEq8TvAxjqdL,inference_categories,dailydilemmas,8,projection_only,0.75,-0.5275873258530988
R_7rNeEq8TvAxjqdL,inference_categories,dailydilemmas,8,projection_alpha,0.75,-0.5275873258530988
R_7rNeEq8TvAxjqdL,inference_categories,dailydilemmas,9,random_projection,0.3333333333333333,-0.6959292132534742
R_7rNeEq8TvAxjqdL,inference_categories,dailydilemmas,9,projection_only,0.7777777777777778,-0.5423429148885687
R_7rNeEq8TvAxjqdL,inference_categories,dailydilemmas,9,projection_alpha,0.7777777777777778,-0.5423429148885687
R_7rNeEq8TvAxjqdL,inference_categories,dailydilemmas,10,random_projection,0.3,-0.6962470342859267
R_7rNeEq8TvAxjqdL,inference_categories,dailydilemmas,10,projection_only,0.7,-0.5523028934918629
R_7rNeEq8TvAxjqdL,inference_categories,dailydilemmas,10,projection_alpha,0.7,-0.5523028934918629
R_7rNeEq8TvAxjqdL,inference_categories,dailydilemmas,11,random_projection,0.45454545454545453,-0.6952717897797464
R_7rNeEq8TvAxjqdL,inference_categories,dailydilemmas,11,projection_only,0.6363636363636364,-0.5987152411671828
R_7rNeEq8TvAxjqdL,inference_categories,dailydilemmas,11,projection_alpha,0.6363636363636364,-0.5987152411671828
R_7rNeEq8TvAxjqdL,inference_categories,dailydilemmas,12,random_projection,0.25,-0.6952534704078405
R_7rNeEq8TvAxjqdL,inference_categories,dailydilemmas,12,projection_only,0.5833333333333334,-0.6101577320991306
R_7rNeEq8TvAxjqdL,inference_categories,dailydilemmas,12,projection_alpha,0.5833333333333334,-0.6101577320991306
R_7rNeEq8TvAxjqdL,inference_categories,dailydilemmas,13,random_projection,0.5384615384615384,-0.6947057496367554
R_7rNeEq8TvAxjqdL,inference_categories,dailydilemmas,13,projection_only,0.6153846153846154,-0.5727712007603991
R_7rNeEq8TvAxjqdL,inference_categories,dailydilemmas,13,projection_alpha,0.6153846153846154,-0.5727712007603991
R_7rNeEq8TvAxjqdL,inference_categories,dailydilemmas,14,random_projection,0.35714285714285715,-0.6952497965509783
R_7rNeEq8TvAxjqdL,inference_categories,dailydilemmas,14,projection_only,0.6428571428571429,-0.555901330751212
R_7rNeEq8TvAxjqdL,inference_categories,dailydilemmas,14,projection_alpha,0.6428571428571429,-0.555901330751212
R_7rNeEq8TvAxjqdL,inference_categories,dailydilemmas,15,random_projection,0.4666666666666667,-0.6941329549040484
R_7rNeEq8TvAxjqdL,inference_categories,dailydilemmas,15,projection_only,0.6666666666666666,-0.5506056477005994
R_7rNeEq8TvAxjqdL,inference_categories,dailydilemmas,15,projection_alpha,0.6666666666666666,-0.5506056477005994
R_7rNeEq8TvAxjqdL,inference_categories,dailydilemmas,16,random_projection,0.375,-0.6947813743994816
R_7rNeEq8TvAxjqdL,inference_categories,dailydilemmas,16,projection_only,0.6875,-0.5334250919166955
R_7rNeEq8TvAxjqdL,inference_categories,dailydilemmas,16,projection_alpha,0.6875,-0.5334250919166955
R_7rNeEq8TvAxjqdL,inference_categories,dailydilemmas,17,random_projection,0.4117647058823529,-0.693729778956615
R_7rNeEq8TvAxjqdL,inference_categories,dailydilemmas,17,projection_only,0.7058823529411765,-0.5014905019389729
R_7rNeEq8TvAxjqdL,inference_categories,dailydilemmas,17,projection_alpha,0.7058823529411765,-0.5014905019389729
R_7rNeEq8TvAxjqdL,inference_categories,dailydilemmas,18,random_projection,0.5,-0.6942512695794089
R_7rNeEq8TvAxjqdL,inference_categories,dailydilemmas,18,projection_only,0.7222222222222222,-0.5142499026418531
R_7rNeEq8TvAxjqdL,inference_categories,dailydilemmas,18,projection_alpha,0.7222222222222222,-0.5142499026418531
R_7rNeEq8TvAxjqdL,inference_categories,dailydilemmas,19,random_projection,0.5263157894736842,-0.6928407642013015
R_7rNeEq8TvAxjqdL,inference_categories,dailydilemmas,19,projection_only,0.8421052631578947,-0.4959886643395886
R_7rNeEq8TvAxjqdL,inference_categories,dailydilemmas,19,projection_alpha,0.8421052631578947,-0.4959886643395886
R_7rNeEq8TvAxjqdL,inference_categories,dailydilemmas,20,random_projection,0.7,-0.6917166081474561
R_7rNeEq8TvAxjqdL,inference_categories,dailydilemmas,20,projection_only,0.85,-0.4966104819187291
R_7rNeEq8TvAxjqdL,inference_categories,dailydilemmas,20,projection_alpha,0.85,-0.4966104819187291
R_7QAkOtO6FETwKSv,inference_categories,dailydilemmas,3,random_projection,0.0,-0.6935840670987098
R_7QAkOtO6FETwKSv,inference_categories,dailydilemmas,3,projection_only,0.0,-0.8750086993256603
R_7QAkOtO6FETwKSv,inference_categories,dailydilemmas,3,projection_alpha,0.0,-0.8750086993256603
R_7QAkOtO6FETwKSv,inference_categories,dailydilemmas,4,random_projection,0.0,-0.6962014066125256
R_7QAkOtO6FETwKSv,inference_categories,dailydilemmas,4,projection_only,0.0,-0.8818898585349139
R_7QAkOtO6FETwKSv,inference_categories,dailydilemmas,4,projection_alpha,0.0,-0.8818898585349139
R_7QAkOtO6FETwKSv,inference_categories,dailydilemmas,5,random_projection,0.2,-0.6950649981640689
R_7QAkOtO6FETwKSv,inference_categories,dailydilemmas,5,projection_only,0.6,-0.7432362184078104
R_7QAkOtO6FETwKSv,inference_categories,dailydilemmas,5,projection_alpha,0.6,-0.7432362184078104
R_7QAkOtO6FETwKSv,inference_categories,dailydilemmas,6,random_projection,0.3333333333333333,-0.6939288876359572
R_7QAkOtO6FETwKSv,inference_categories,dailydilemmas,6,projection_only,0.6666666666666666,-0.6923669381454514
R_7QAkOtO6FETwKSv,inference_categories,dailydilemmas,6,projection_alpha,0.6666666666666666,-0.6923669381454514
R_7QAkOtO6FETwKSv,inference_categories,dailydilemmas,7,random_projection,0.5714285714285714,-0.6919551208115501
R_7QAkOtO6FETwKSv,inference_categories,dailydilemmas,7,projection_only,0.7142857142857143,-0.6513340492215761
R_7QAkOtO6FETwKSv,inference_categories,dailydilemmas,7,projection_alpha,0.7142857142857143,-0.6513340492215761
R_7QAkOtO6FETwKSv,inference_categories,dailydilemmas,8,random_projection,0.5,-0.691505191791357
R_7QAkOtO6FETwKSv,inference_categories,dailydilemmas,8,projection_only,0.75,-0.5811894276035074
R_7QAkOtO6FETwKSv,inference_categories,dailydilemmas,8,projection_alpha,0.75,-0.5811894276035074
R_7QAkOtO6FETwKSv,inference_categories,dailydilemmas,9,random_projection,0.5555555555555556,-0.6915330449331645
R_7QAkOtO6FETwKSv,inference_categories,dailydilemmas,9,projection_only,0.7777777777777778,-0.5354112932387411
R_7QAkOtO6FETwKSv,inference_categories,dailydilemmas,9,projection_alpha,0.7777777777777778,-0.5354112932387411
R_7QAkOtO6FETwKSv,inference_categories,dailydilemmas,10,random_projection,0.5,-0.6919514422695799
R_7QAkOtO6FETwKSv,inference_categories,dailydilemmas,10,projection_only,0.7,-0.5608939562945155
R_7QAkOtO6FETwKSv,inference_categories,dailydilemmas,10,projection_alpha,0.7,-0.5608939562945155
R_7QAkOtO6FETwKSv,inference_categories,dailydilemmas,11,random_projection,0.6363636363636364,-0.6912479931676887
R_7QAkOtO6FETwKSv,inference_categories,dailydilemmas,11,projection_only,0.6363636363636364,-0.8017318134365585
R_7QAkOtO6FETwKSv,inference_categories,dailydilemmas,11,projection_alpha,0.6363636363636364,-0.8017318134365585
R_7QAkOtO6FETwKSv,inference_categories,dailydilemmas,12,random_projection,0.5833333333333334,-0.6922365498797557
R_7QAkOtO6FETwKSv,inference_categories,dailydilemmas,12,projection_only,0.5833333333333334,-0.8255740231760135
R_7QAkOtO6FETwKSv,inference_categories,dailydilemmas,12,projection_alpha,0.5833333333333334,-0.8255740231760135
R_7QAkOtO6FETwKSv,inference_categories,dailydilemmas,13,random_projection,0.6923076923076923,-0.6921157580455889
R_7QAkOtO6FETwKSv,inference_categories,dailydilemmas,13,projection_only,0.15384615384615385,-0.8224035728587198
R_7QAkOtO6FETwKSv,inference_categories,dailydilemmas,13,projection_alpha,0.15384615384615385,-0.8224035728587198
R_7QAkOtO6FETwKSv,inference_categories,dailydilemmas,14,random_projection,0.6428571428571429,-0.6929413670761235
R_7QAkOtO6FETwKSv,inference_categories,dailydilemmas,14,projection_only,0.2857142857142857,-0.8020323746944406
R_7QAkOtO6FETwKSv,inference_categories,dailydilemmas,14,projection_alpha,0.2857142857142857,-0.8020323746944406
R_7QAkOtO6FETwKSv,inference_categories,dailydilemmas,15,random_projection,0.6,-0.6933391733670405
R_7QAkOtO6FETwKSv,inference_categories,dailydilemmas,15,projection_only,0.26666666666666666,-0.7796344970221494
R_7QAkOtO6FETwKSv,inference_categories,dailydilemmas,15,projection_alpha,0.26666666666666666,-0.7796344970221494
R_7QAkOtO6FETwKSv,inference_categories,dailydilemmas,16,random_projection,0.5,-0.6934371450149267
R_7QAkOtO6FETwKSv,inference_categories,dailydilemmas,16,projection_only,0.5625,-0.7647106044936475
R_7QAkOtO6FETwKSv,inference_categories,dailydilemmas,16,projection_alpha,0.5625,-0.7647106044936475
R_7QAkOtO6FETwKSv,inference_categories,dailydilemmas,17,random_projection,0.47058823529411764,-0.693717097747792
R_7QAkOtO6FETwKSv,inference_categories,dailydilemmas,17,projection_only,0.35294117647058826,-0.775919930777801
R_7QAkOtO6FETwKSv,inference_categories,dailydilemmas,17,projection_alpha,0.35294117647058826,-0.775919930777801
R_7QAkOtO6FETwKSv,inference_categories,dailydilemmas,18,random_projection,0.5555555555555556,-0.69340976109681
R_7QAkOtO6FETwKSv,inference_categories,dailydilemmas,18,projection_only,0.5,-0.7576451296141317
R_7QAkOtO6FETwKSv,inference_categories,dailydilemmas,18,projection_alpha,0.5,-0.7576451296141317
R_7QAkOtO6FETwKSv,inference_categories,dailydilemmas,19,random_projection,0.47368421052631576,-0.6933413220161487
R_7QAkOtO6FETwKSv,inference_categories,dailydilemmas,19,projection_only,0.631578947368421,-0.7427585106518897
R_7QAkOtO6FETwKSv,inference_categories,dailydilemmas,19,projection_alpha,0.631578947368421,-0.7427585106518897
R_7QAkOtO6FETwKSv,inference_categories,dailydilemmas,20,random_projection,0.5,-0.6933768447803691
R_7QAkOtO6FETwKSv,inference_categories,dailydilemmas,20,projection_only,0.6,-0.7482040224909267
R_7QAkOtO6FETwKSv,inference_categories,dailydilemmas,20,projection_alpha,0.6,-0.7482040224909267
R_6gCrJV80LvD23XK,choice_only,dailydilemmas,3,random_projection,0.0,-0.6933600150737571
R_6gCrJV80LvD23XK,choice_only,dailydilemmas,3,projection_only,0.3333333333333333,-0.7346786498849281
R_6gCrJV80LvD23XK,choice_only,dailydilemmas,3,projection_alpha,0.3333333333333333,-0.7346786498849281
R_6gCrJV80LvD23XK,choice_only,dailydilemmas,4,random_projection,0.5,-0.6926825664685489
R_6gCrJV80LvD23XK,choice_only,dailydilemmas,4,projection_only,0.5,-0.7441926574187823
R_6gCrJV80LvD23XK,choice_only,dailydilemmas,4,projection_alpha,0.5,-0.7441926574187823
R_6gCrJV80LvD23XK,choice_only,dailydilemmas,5,random_projection,0.4,-0.6932949829330285
R_6gCrJV80LvD23XK,choice_only,dailydilemmas,5,projection_only,0.6,-0.7371957372451096
R_6gCrJV80LvD23XK,choice_only,dailydilemmas,5,projection_alpha,0.6,-0.7371957372451096
R_6gCrJV80LvD23XK,choice_only,dailydilemmas,6,random_projection,0.3333333333333333,-0.6943034791475786
R_6gCrJV80LvD23XK,choice_only,dailydilemmas,6,projection_only,0.8333333333333334,-0.6965281768176492
R_6gCrJV80LvD23XK,choice_only,dailydilemmas,6,projection_alpha,0.8333333333333334,-0.6965281768176492
R_6gCrJV80LvD23XK,choice_only,dailydilemmas,7,random_projection,0.0,-0.6953247122081087
R_6gCrJV80LvD23XK,choice_only,dailydilemmas,7,projection_only,0.42857142857142855,-0.7921612611796048
R_6gCrJV80LvD23XK,choice_only,dailydilemmas,7,projection_alpha,0.42857142857142855,-0.7921612611796048
R_6gCrJV80LvD23XK,choice_only,dailydilemmas,8,random_projection,0.375,-0.6949048156827542
R_6gCrJV80LvD23XK,choice_only,dailydilemmas,8,projection_only,0.5,-0.7270049242193283
R_6gCrJV80LvD23XK,choice_only,dailydilemmas,8,projection_alpha,0.5,-0.7270049242193283
R_6gCrJV80LvD23XK,choice_only,dailydilemmas,9,random_projection,0.3333333333333333,-0.6941513980272619
R_6gCrJV80LvD23XK,choice_only,dailydilemmas,9,projection_only,0.4444444444444444,-0.7545302456022668
R_6gCrJV80LvD23XK,choice_only,dailydilemmas,9,projection_alpha,0.4444444444444444,-0.7545302456022668
R_6gCrJV80LvD23XK,choice_only,dailydilemmas,10,random_projection,0.6,-0.6935607093774753
R_6gCrJV80LvD23XK,choice_only,dailydilemmas,10,projection_only,0.6,-0.7352368935444565
R_6gCrJV80LvD23XK,choice_only,dailydilemmas,10,projection_alpha,0.6,-0.7352368935444565
R_6gCrJV80LvD23XK,choice_only,dailydilemmas,11,random_projection,0.5454545454545454,-0.6931249112769333
R_6gCrJV80LvD23XK,choice_only,dailydilemmas,11,projection_only,0.36363636363636365,-0.8053672776161211
R_6gCrJV80LvD23XK,choice_only,dailydilemmas,11,projection_alpha,0.36363636363636365,-0.8053672776161211
R_6gCrJV80LvD23XK,choice_only,dailydilemmas,12,random_projection,0.5833333333333334,-0.6922079520611835
R_6gCrJV80LvD23XK,choice_only,dailydilemmas,12,projection_only,0.3333333333333333,-0.8148556378241598
R_6gCrJV80LvD23XK,choice_only,dailydilemmas,12,projection_alpha,0.3333333333333333,-0.8148556378241598
R_6gCrJV80LvD23XK,choice_only,dailydilemmas,13,random_projection,0.6153846153846154,-0.692096570312313
R_6gCrJV80LvD23XK,choice_only,dailydilemmas,13,projection_only,0.07692307692307693,-0.8302971988571171
R_6gCrJV80LvD23XK,choice_only,dailydilemmas,13,projection_alpha,0.07692307692307693,-0.8302971988571171
R_6gCrJV80LvD23XK,choice_only,dailydilemmas,14,random_projection,0.5,-0.6933322959195023
R_6gCrJV80LvD23XK,choice_only,dailydilemmas,14,projection_only,0.42857142857142855,-0.8157879120549929
R_6gCrJV80LvD23XK,choice_only,dailydilemmas,14,projection_alpha,0.42857142857142855,-0.8157879120549929
R_6gCrJV80LvD23XK,choice_only,dailydilemmas,15,random_projection,0.6,-0.6928307183210948
R_6gCrJV80LvD23XK,choice_only,dailydilemmas,15,projection_only,0.5333333333333333,-0.7650480807624181
R_6gCrJV80LvD23XK,choice_only,dailydilemmas,15,projection_alpha,0.5333333333333333,-0.7650480807624181
R_6gCrJV80LvD23XK,choice_only,dailydilemmas,16,random_projection,0.625,-0.6925287252559943
R_6gCrJV80LvD23XK,choice_only,dailydilemmas,16,projection_only,0.5625,-0.7517188516293926
R_6gCrJV80LvD23XK,choice_only,dailydilemmas,16,projection_alpha,0.5625,-0.7517188516293926
R_6gCrJV80LvD23XK,choice_only,dailydilemmas,17,random_projection,0.6470588235294118,-0.6919267043094115
R_6gCrJV80LvD23XK,choice_only,dailydilemmas,17,projection_only,0.6470588235294118,-0.7243079258601914
R_6gCrJV80LvD23XK,choice_only,dailydilemmas,17,projection_alpha,0.6470588235294118,-0.7243079258601914
R_6gCrJV80LvD23XK,choice_only,dailydilemmas,18,random_projection,0.6111111111111112,-0.692577832006467
R_6gCrJV80LvD23XK,choice_only,dailydilemmas,18,projection_only,0.5555555555555556,-0.7418266512075606
R_6gCrJV80LvD23XK,choice_only,dailydilemmas,18,projection_alpha,0.5555555555555556,-0.7418266512075606
R_6gCrJV80LvD23XK,choice_only,dailydilemmas,19,random_projection,0.5263157894736842,-0.6932349495296434
R_6gCrJV80LvD23XK,choice_only,dailydilemmas,19,projection_only,0.5263157894736842,-0.7287642936710947
R_6gCrJV80LvD23XK,choice_only,dailydilemmas,19,projection_alpha,0.5263157894736842,-0.7287642936710947
R_6gCrJV80LvD23XK,choice_only,dailydilemmas,20,random_projection,0.55,-0.6923049364091876
R_6gCrJV80LvD23XK,choice_only,dailydilemmas,20,projection_only,0.55,-0.7036957871241227
R_6gCrJV80LvD23XK,choice_only,dailydilemmas,20,projection_alpha,0.55,-0.7036957871241227
R_7SrhV7HvgsG1fvA,choice_only,dailydilemmas,8,random_projection,0.375,-0.6942208690050389
R_7SrhV7HvgsG1fvA,choice_only,dailydilemmas,8,projection_only,0.625,-0.5779451589071392
R_7SrhV7HvgsG1fvA,choice_only,dailydilemmas,8,projection_alpha,0.625,-0.5779451589071392
R_7SrhV7HvgsG1fvA,choice_only,dailydilemmas,9,random_projection,0.0,-0.6969061369127295
R_7SrhV7HvgsG1fvA,choice_only,dailydilemmas,9,projection_only,0.5555555555555556,-0.825125798107693
R_7SrhV7HvgsG1fvA,choice_only,dailydilemmas,9,projection_alpha,0.5555555555555556,-0.825125798107693
R_7SrhV7HvgsG1fvA,choice_only,dailydilemmas,10,random_projection,0.2,-0.6963452799363674
R_7SrhV7HvgsG1fvA,choice_only,dailydilemmas,10,projection_only,0.6,-0.7752443224659513
R_7SrhV7HvgsG1fvA,choice_only,dailydilemmas,10,projection_alpha,0.6,-0.7752443224659513
R_7SrhV7HvgsG1fvA,choice_only,dailydilemmas,11,random_projection,0.0,-0.6963257289458762
R_7SrhV7HvgsG1fvA,choice_only,dailydilemmas,11,projection_only,0.5454545454545454,-0.7827978031447224
R_7SrhV7HvgsG1fvA,choice_only,dailydilemmas,11,projection_alpha,0.5454545454545454,-0.7827978031447224
R_7SrhV7HvgsG1fvA,choice_only,dailydilemmas,12,random_projection,0.08333333333333333,-0.6963848892929206
R_7SrhV7HvgsG1fvA,choice_only,dailydilemmas,12,projection_only,0.5833333333333334,-0.7646188535845365
R_7SrhV7HvgsG1fvA,choice_only,dailydilemmas,12,projection_alpha,0.5833333333333334,-0.7646188535845365
R_7SrhV7HvgsG1fvA,choice_only,dailydilemmas,13,random_projection,0.0,-0.697023031911776
R_7SrhV7HvgsG1fvA,choice_only,dailydilemmas,13,projection_only,0.6153846153846154,-0.7346754313069395
R_7SrhV7HvgsG1fvA,choice_only,dailydilemmas,13,projection_alpha,0.6153846153846154,-0.7346754313069395
R_7SrhV7HvgsG1fvA,choice_only,dailydilemmas,14,random_projection,0.14285714285714285,-0.6965405092432452
R_7SrhV7HvgsG1fvA,choice_only,dailydilemmas,14,projection_only,0.5,-0.7949713658632609
R_7SrhV7HvgsG1fvA,choice_only,dailydilemmas,14,projection_alpha,0.5,-0.7949713658632609
R_7SrhV7HvgsG1fvA,choice_only,dailydilemmas,15,random_projection,0.13333333333333333,-0.6971582593323492
R_7SrhV7HvgsG1fvA,choice_only,dailydilemmas,15,projection_only,0.4,-0.7887178543059193
R_7SrhV7HvgsG1fvA,choice_only,dailydilemmas,15,projection_alpha,0.4,-0.7887178543059193
R_7SrhV7HvgsG1fvA,choice_only,dailydilemmas,16,random_projection,0.125,-0.697051069036259
R_7SrhV7HvgsG1fvA,choice_only,dailydilemmas,16,projection_only,0.625,-0.7625661750730778
R_7SrhV7HvgsG1fvA,choice_only,dailydilemmas,16,projection_alpha,0.625,-0.7625661750730778
R_7SrhV7HvgsG1fvA,choice_only,dailydilemmas,17,random_projection,0.29411764705882354,-0.6961678523001091
R_7SrhV7HvgsG1fvA,choice_only,dailydilemmas,17,projection_only,0.6470588235294118,-0.738025268050914
R_7SrhV7HvgsG1fvA,choice_only,dailydilemmas,17,projection_alpha,0.6470588235294118,-0.738025268050914
R_7SrhV7HvgsG1fvA,choice_only,dailydilemmas,18,random_projection,0.2777777777777778,-0.6966637435452953
R_7SrhV7HvgsG1fvA,choice_only,dailydilemmas,18,projection_only,0.6111111111111112,-0.7330661743999648
R_7SrhV7HvgsG1fvA,choice_only,dailydilemmas,18,projection_alpha,0.6111111111111112,-0.7330661743999648
R_7SrhV7HvgsG1fvA,choice_only,dailydilemmas,19,random_projection,0.2631578947368421,-0.6962741286493409
R_7SrhV7HvgsG1fvA,choice_only,dailydilemmas,19,projection_only,0.5789473684210527,-0.7435072372853353
R_7SrhV7HvgsG1fvA,choice_only,dailydilemmas,19,projection_alpha,0.5789473684210527,-0.7435072372853353
R_7SrhV7HvgsG1fvA,choice_only,dailydilemmas,20,random_projection,0.2,-0.6965246415334723
R_7SrhV7HvgsG1fvA,choice_only,dailydilemmas,20,projection_only,0.6,-0.745203333549686
R_7SrhV7HvgsG1fvA,choice_only,dailydilemmas,20,projection_alpha,0.6,-0.745203333549686
R_5aLcKnMSH0hrVLH,choice_only,dailydilemmas,3,random_projection,1.0,-0.6920065691719076
R_5aLcKnMSH0hrVLH,choice_only,dailydilemmas,3,projection_only,1.0,-0.6011878748392911
R_5aLcKnMSH0hrVLH,choice_only,dailydilemmas,3,projection_alpha,1.0,-0.6011878748392911
R_5aLcKnMSH0hrVLH,choice_only,dailydilemmas,4,random_projection,1.0,-0.6905639727479208
R_5aLcKnMSH0hrVLH,choice_only,dailydilemmas,4,projection_only,0.5,-0.5830280472385772
R_5aLcKnMSH0hrVLH,choice_only,dailydilemmas,4,projection_alpha,0.5,-0.5830280472385772
R_5aLcKnMSH0hrVLH,choice_only,dailydilemmas,5,random_projection,1.0,-0.6870858373245866
R_5aLcKnMSH0hrVLH,choice_only,dailydilemmas,5,projection_only,0.6,-0.5137003394162558
R_5aLcKnMSH0hrVLH,choice_only,dailydilemmas,5,projection_alpha,0.6,-0.5137003394162558
R_5aLcKnMSH0hrVLH,choice_only,dailydilemmas,6,random_projection,1.0,-0.6848532444098462
R_5aLcKnMSH0hrVLH,choice_only,dailydilemmas,6,projection_only,0.8333333333333334,-0.44832530504928086
R_5aLcKnMSH0hrVLH,choice_only,dailydilemmas,6,projection_alpha,0.8333333333333334,-0.44832530504928086
R_5aLcKnMSH0hrVLH,choice_only,dailydilemmas,7,random_projection,1.0,-0.68214636727308
R_5aLcKnMSH0hrVLH,choice_only,dailydilemmas,7,projection_only,0.8571428571428571,-0.4034062941421562
R_5aLcKnMSH0hrVLH,choice_only,dailydilemmas,7,projection_alpha,0.8571428571428571,-0.4034062941421562
R_5aLcKnMSH0hrVLH,choice_only,dailydilemmas,8,random_projection,1.0,-0.6816286531188128
R_5aLcKnMSH0hrVLH,choice_only,dailydilemmas,8,projection_only,0.875,-0.352581042472876
R_5aLcKnMSH0hrVLH,choice_only,dailydilemmas,8,projection_alpha,0.875,-0.352581042472876
R_5aLcKnMSH0hrVLH,choice_only,dailydilemmas,9,random_projection,1.0,-0.6821891813983948
R_5aLcKnMSH0hrVLH,choice_only,dailydilemmas,9,projection_only,0.8888888888888888,-0.32058384009615787
R_5aLcKnMSH0hrVLH,choice_only,dailydilemmas,9,projection_alpha,0.8888888888888888,-0.32058384009615787
R_5aLcKnMSH0hrVLH,choice_only,dailydilemmas,10,random_projection,1.0,-0.6818339150675723
R_5aLcKnMSH0hrVLH,choice_only,dailydilemmas,10,projection_only,0.8,-0.3826650259580311
R_5aLcKnMSH0hrVLH,choice_only,dailydilemmas,10,projection_alpha,0.8,-0.3826650259580311
R_5aLcKnMSH0hrVLH,choice_only,dailydilemmas,11,random_projection,1.0,-0.6823808304697727
R_5aLcKnMSH0hrVLH,choice_only,dailydilemmas,11,projection_only,0.8181818181818182,-0.38704472395587325
R_5aLcKnMSH0hrVLH,choice_only,dailydilemmas,11,projection_alpha,0.8181818181818182,-0.38704472395587325
R_5aLcKnMSH0hrVLH,choice_only,dailydilemmas,12,random_projection,1.0,-0.6804542686059167
R_5aLcKnMSH0hrVLH,choice_only,dailydilemmas,12,projection_only,0.8333333333333334,-0.37451228142668436
R_5aLcKnMSH0hrVLH,choice_only,dailydilemmas,12,projection_alpha,0.8333333333333334,-0.37451228142668436
R_5aLcKnMSH0hrVLH,choice_only,dailydilemmas,13,random_projection,0.9230769230769231,-0.6821955974308344
R_5aLcKnMSH0hrVLH,choice_only,dailydilemmas,13,projection_only,0.7692307692307693,-0.48108182563844437
R_5aLcKnMSH0hrVLH,choice_only,dailydilemmas,13,projection_alpha,0.7692307692307693,-0.48108182563844437
R_5aLcKnMSH0hrVLH,choice_only,dailydilemmas,14,random_projection,0.9285714285714286,-0.6822971075962606
R_5aLcKnMSH0hrVLH,choice_only,dailydilemmas,14,projection_only,0.7142857142857143,-0.5284983239133494
R_5aLcKnMSH0hrVLH,choice_only,dailydilemmas,14,projection_alpha,0.7142857142857143,-0.5284983239133494
R_5aLcKnMSH0hrVLH,choice_only,dailydilemmas,15,random_projection,0.9333333333333333,-0.6823520221890729
R_5aLcKnMSH0hrVLH,choice_only,dailydilemmas,15,projection_only,0.7333333333333333,-0.5263311736565836
R_5aLcKnMSH0hrVLH,choice_only,dailydilemmas,15,projection_alpha,0.7333333333333333,-0.5263311736565836
R_5aLcKnMSH0hrVLH,choice_only,dailydilemmas,16,random_projection,0.8125,-0.6857732108722527
R_5aLcKnMSH0hrVLH,choice_only,dailydilemmas,16,projection_only,0.6875,-0.5837364993590355
R_5aLcKnMSH0hrVLH,choice_only,dailydilemmas,16,projection_alpha,0.6875,-0.5837364993590355
R_5aLcKnMSH0hrVLH,choice_only,dailydilemmas,17,random_projection,0.7058823529411765,-0.6877603258581511
R_5aLcKnMSH0hrVLH,choice_only,dailydilemmas,17,projection_only,0.6470588235294118,-0.6169369618305961
R_5aLcKnMSH0hrVLH,choice_only,dailydilemmas,17,projection_alpha,0.6470588235294118,-0.6169369618305961
R_5aLcKnMSH0hrVLH,choice_only,dailydilemmas,18,random_projection,0.7777777777777778,-0.6876289310719123
R_5aLcKnMSH0hrVLH,choice_only,dailydilemmas,18,projection_only,0.6666666666666666,-0.5934565900011609
R_5aLcKnMSH0hrVLH,choice_only,dailydilemmas,18,projection_alpha,0.6666666666666666,-0.5934565900011609
R_5aLcKnMSH0hrVLH,choice_only,dailydilemmas,19,random_projection,0.7894736842105263,-0.6877634778929362
R_5aLcKnMSH0hrVLH,choice_only,dailydilemmas,19,projection_only,0.6842105263157895,-0.5955993486340164
R_5aLcKnMSH0hrVLH,choice_only,dailydilemmas,19,projection_alpha,0.6842105263157895,-0.5955993486340164
R_5aLcKnMSH0hrVLH,choice_only,dailydilemmas,20,random_projection,0.7,-0.6883289916856821
R_5aLcKnMSH0hrVLH,choice_only,dailydilemmas,20,projection_only,0.65,-0.58835831148889
R_5aLcKnMSH0hrVLH,choice_only,dailydilemmas,20,projection_alpha,0.65,-0.58835831148889
R_6E6esO9YjIptSgZ,choice_only,dailydilemmas,3,random_projection,0.0,-0.69510046796898
R_6E6esO9YjIptSgZ,choice_only,dailydilemmas,3,projection_only,0.3333333333333333,-0.7375490058258273
R_6E6esO9YjIptSgZ,choice_only,dailydilemmas,3,projection_alpha,0.3333333333333333,-0.7375490058258273
R_6E6esO9YjIptSgZ,choice_only,dailydilemmas,4,random_projection,0.25,-0.6941855892104956
R_6E6esO9YjIptSgZ,choice_only,dailydilemmas,4,projection_only,0.0,-0.7738046142233215
R_6E6esO9YjIptSgZ,choice_only,dailydilemmas,4,projection_alpha,0.0,-0.7738046142233215
R_6E6esO9YjIptSgZ,choice_only,dailydilemmas,5,random_projection,0.6,-0.6927427831449209
R_6E6esO9YjIptSgZ,choice_only,dailydilemmas,5,projection_only,0.0,-0.8890599361803968
R_6E6esO9YjIptSgZ,choice_only,dailydilemmas,5,projection_alpha,0.0,-0.8890599361803968
R_6E6esO9YjIptSgZ,choice_only,dailydilemmas,6,random_projection,0.5,-0.6925142661827356
R_6E6esO9YjIptSgZ,choice_only,dailydilemmas,6,projection_only,0.0,-0.8713315629079084
R_6E6esO9YjIptSgZ,choice_only,dailydilemmas,6,projection_alpha,0.0,-0.8713315629079084
R_6E6esO9YjIptSgZ,choice_only,dailydilemmas,7,random_projection,0.5714285714285714,-0.6927527725371817
R_6E6esO9YjIptSgZ,choice_only,dailydilemmas,7,projection_only,0.0,-0.8654033492241421
R_6E6esO9YjIptSgZ,choice_only,dailydilemmas,7,projection_alpha,0.0,-0.8654033492241421
R_6E6esO9YjIptSgZ,choice_only,dailydilemmas,8,random_projection,0.5,-0.6921922501371299
R_6E6esO9YjIptSgZ,choice_only,dailydilemmas,8,projection_only,0.25,-0.7949866036649915
R_6E6esO9YjIptSgZ,choice_only,dailydilemmas,8,projection_alpha,0.25,-0.7949866036649915
R_6E6esO9YjIptSgZ,choice_only,dailydilemmas,9,random_projection,0.4444444444444444,-0.6925207465417964
R_6E6esO9YjIptSgZ,choice_only,dailydilemmas,9,projection_only,0.4444444444444444,-0.7158769308394106
R_6E6esO9YjIptSgZ,choice_only,dailydilemmas,9,projection_alpha,0.4444444444444444,-0.7158769308394106
R_6E6esO9YjIptSgZ,choice_only,dailydilemmas,10,random_projection,0.5,-0.6926031697861763
R_6E6esO9YjIptSgZ,choice_only,dailydilemmas,10,projection_only,0.6,-0.6838863493666696
R_6E6esO9YjIptSgZ,choice_only,dailydilemmas,10,projection_alpha,0.6,-0.6838863493666696
R_6E6esO9YjIptSgZ,choice_only,dailydilemmas,11,random_projection,0.45454545454545453,-0.6934313312889759
R_6E6esO9YjIptSgZ,choice_only,dailydilemmas,11,projection_only,0.5454545454545454,-0.7261309186276942
R_6E6esO9YjIptSgZ,choice_only,dailydilemmas,11,projection_alpha,0.5454545454545454,-0.7261309186276942
R_6E6esO9YjIptSgZ,choice_only,dailydilemmas,12,random_projection,0.4166666666666667,-0.6923369849000834
R_6E6esO9YjIptSgZ,choice_only,dailydilemmas,12,projection_only,0.6666666666666666,-0.7111149374429666
R_6E6esO9YjIptSgZ,choice_only,dailydilemmas,12,projection_alpha,0.6666666666666666,-0.7111149374429666
R_6E6esO9YjIptSgZ,choice_only,dailydilemmas,13,random_projection,0.5384615384615384,-0.6922591122460375
R_6E6esO9YjIptSgZ,choice_only,dailydilemmas,13,projection_only,0.6923076923076923,-0.6748357466091274
R_6E6esO9YjIptSgZ,choice_only,dailydilemmas,13,projection_alpha,0.6923076923076923,-0.6748357466091274
R_6E6esO9YjIptSgZ,choice_only,dailydilemmas,14,random_projection,0.5,-0.6932864101100166
R_6E6esO9YjIptSgZ,choice_only,dailydilemmas,14,projection_only,0.7142857142857143,-0.6326547724118955
R_6E6esO9YjIptSgZ,choice_only,dailydilemmas,14,projection_alpha,0.7142857142857143,-0.6326547724118955
R_6E6esO9YjIptSgZ,choice_only,dailydilemmas,15,random_projection,0.4666666666666667,-0.693769233484677
R_6E6esO9YjIptSgZ,choice_only,dailydilemmas,15,projection_only,0.6666666666666666,-0.6521681011268575
R_6E6esO9YjIptSgZ,choice_only,dailydilemmas,15,projection_alpha,0.6666666666666666,-0.6521681011268575
R_6E6esO9YjIptSgZ,choice_only,dailydilemmas,16,random_projection,0.4375,-0.6945661120729901
R_6E6esO9YjIptSgZ,choice_only,dailydilemmas,16,projection_only,0.6875,-0.6290118516289414
R_6E6esO9YjIptSgZ,choice_only,dailydilemmas,16,projection_alpha,0.6875,-0.6290118516289414
R_6E6esO9YjIptSgZ,choice_only,dailydilemmas,17,random_projection,0.47058823529411764,-0.6944377700348716
R_6E6esO9YjIptSgZ,choice_only,dailydilemmas,17,projection_only,0.6470588235294118,-0.6334681827856916
R_6E6esO9YjIptSgZ,choice_only,dailydilemmas,17,projection_alpha,0.6470588235294118,-0.6334681827856916
R_6E6esO9YjIptSgZ,choice_only,dailydilemmas,18,random_projection,0.3333333333333333,-0.6954012788100934
R_6E6esO9YjIptSgZ,choice_only,dailydilemmas,18,projection_only,0.6666666666666666,-0.6725771203034039
R_6E6esO9YjIptSgZ,choice_only,dailydilemmas,18,projection_alpha,0.6666666666666666,-0.6725771203034039
R_6E6esO9YjIptSgZ,choice_only,dailydilemmas,19,random_projection,0.42105263157894735,-0.6951148566631549
R_6E6esO9YjIptSgZ,choice_only,dailydilemmas,19,projection_only,0.631578947368421,-0.6826130751724996
R_6E6esO9YjIptSgZ,choice_only,dailydilemmas,19,projection_alpha,0.631578947368421,-0.6826130751724996
R_6E6esO9YjIptSgZ,choice_only,dailydilemmas,20,random_projection,0.5,-0.6955241693291947
R_6E6esO9YjIptSgZ,choice_only,dailydilemmas,20,projection_only,0.6,-0.6836608209137515
R_6E6esO9YjIptSgZ,choice_only,dailydilemmas,20,projection_alpha,0.6,-0.6836608209137515
R_1MCxQvFXsgFj9AZ,choice_only,dailydilemmas,4,random_projection,0.5,-0.6929436386989304
R_1MCxQvFXsgFj9AZ,choice_only,dailydilemmas,4,projection_only,0.5,-0.610465637880842
R_1MCxQvFXsgFj9AZ,choice_only,dailydilemmas,4,projection_alpha,0.5,-0.6104656378808418
R_1MCxQvFXsgFj9AZ,choice_only,dailydilemmas,5,random_projection,0.4,-0.6957615776502444
R_1MCxQvFXsgFj9AZ,choice_only,dailydilemmas,5,projection_only,1.0,-0.47943713432867874
R_1MCxQvFXsgFj9AZ,choice_only,dailydilemmas,5,projection_alpha,1.0,-0.4794371343286786
R_1MCxQvFXsgFj9AZ,choice_only,dailydilemmas,6,random_projection,0.5,-0.6941873464352635
R_1MCxQvFXsgFj9AZ,choice_only,dailydilemmas,6,projection_only,1.0,-0.42368165304137667
R_1MCxQvFXsgFj9AZ,choice_only,dailydilemmas,6,projection_alpha,1.0,-0.42368165304137667
R_1MCxQvFXsgFj9AZ,choice_only,dailydilemmas,7,random_projection,0.2857142857142857,-0.6951574088437097
R_1MCxQvFXsgFj9AZ,choice_only,dailydilemmas,7,projection_only,0.8571428571428571,-0.4563323431484121
R_1MCxQvFXsgFj9AZ,choice_only,dailydilemmas,7,projection_alpha,0.8571428571428571,-0.4563323431484121
R_1MCxQvFXsgFj9AZ,choice_only,dailydilemmas,8,random_projection,0.5,-0.6936758799787326
R_1MCxQvFXsgFj9AZ,choice_only,dailydilemmas,8,projection_only,0.875,-0.4008496905608967
R_1MCxQvFXsgFj9AZ,choice_only,dailydilemmas,8,projection_alpha,0.875,-0.4008496905608967
R_1MCxQvFXsgFj9AZ,choice_only,dailydilemmas,9,random_projection,0.5555555555555556,-0.6932077606895647
R_1MCxQvFXsgFj9AZ,choice_only,dailydilemmas,9,projection_only,0.6666666666666666,-0.7068961026447266
R_1MCxQvFXsgFj9AZ,choice_only,dailydilemmas,9,projection_alpha,0.6666666666666666,-0.7068961026447266
R_1MCxQvFXsgFj9AZ,choice_only,dailydilemmas,10,random_projection,0.4,-0.6942561669637918
R_1MCxQvFXsgFj9AZ,choice_only,dailydilemmas,10,projection_only,0.6,-0.7451527964709831
R_1MCxQvFXsgFj9AZ,choice_only,dailydilemmas,10,projection_alpha,0.6,-0.7451527964709831
R_1MCxQvFXsgFj9AZ,choice_only,dailydilemmas,11,random_projection,0.2727272727272727,-0.6960790964893987
R_1MCxQvFXsgFj9AZ,choice_only,dailydilemmas,11,projection_only,0.6363636363636364,-0.7213478991457721
R_1MCxQvFXsgFj9AZ,choice_only,dailydilemmas,11,projection_alpha,0.6363636363636364,-0.7213478991457721
R_1MCxQvFXsgFj9AZ,choice_only,dailydilemmas,12,random_projection,0.3333333333333333,-0.6957064762555717
R_1MCxQvFXsgFj9AZ,choice_only,dailydilemmas,12,projection_only,0.6666666666666666,-0.7098122430387618
R_1MCxQvFXsgFj9AZ,choice_only,dailydilemmas,12,projection_alpha,0.6666666666666666,-0.7098122430387618
R_1MCxQvFXsgFj9AZ,choice_only,dailydilemmas,13,random_projection,0.3076923076923077,-0.6955676897552547
R_1MCxQvFXsgFj9AZ,choice_only,dailydilemmas,13,projection_only,0.5384615384615384,-0.7671820388859207
R_1MCxQvFXsgFj9AZ,choice_only,dailydilemmas,13,projection_alpha,0.5384615384615384,-0.7671820388859207
R_1MCxQvFXsgFj9AZ,choice_only,dailydilemmas,14,random_projection,0.42857142857142855,-0.6951011078188623
R_1MCxQvFXsgFj9AZ,choice_only,dailydilemmas,14,projection_only,0.5,-0.7706204677374292
R_1MCxQvFXsgFj9AZ,choice_only,dailydilemmas,14,projection_alpha,0.5,-0.7706204677374292
R_1MCxQvFXsgFj9AZ,choice_only,dailydilemmas,15,random_projection,0.5333333333333333,-0.6944502674618726
R_1MCxQvFXsgFj9AZ,choice_only,dailydilemmas,15,projection_only,0.5333333333333333,-0.7669442559182104
R_1MCxQvFXsgFj9AZ,choice_only,dailydilemmas,15,projection_alpha,0.5333333333333333,-0.7669442559182104
R_1MCxQvFXsgFj9AZ,choice_only,dailydilemmas,16,random_projection,0.375,-0.695486386356342
R_1MCxQvFXsgFj9AZ,choice_only,dailydilemmas,16,projection_only,0.4375,-0.766442922560534
R_1MCxQvFXsgFj9AZ,choice_only,dailydilemmas,16,projection_alpha,0.4375,-0.766442922560534
R_1MCxQvFXsgFj9AZ,choice_only,dailydilemmas,17,random_projection,0.29411764705882354,-0.6965245552362772
R_1MCxQvFXsgFj9AZ,choice_only,dailydilemmas,17,projection_only,0.5294117647058824,-0.7516269097466182
R_1MCxQvFXsgFj9AZ,choice_only,dailydilemmas,17,projection_alpha,0.5294117647058824,-0.7516269097466182
R_1MCxQvFXsgFj9AZ,choice_only,dailydilemmas,18,random_projection,0.2777777777777778,-0.6964335711340741
R_1MCxQvFXsgFj9AZ,choice_only,dailydilemmas,18,projection_only,0.5555555555555556,-0.7493865845143632
R_1MCxQvFXsgFj9AZ,choice_only,dailydilemmas,18,projection_alpha,0.5555555555555556,-0.7493865845143632
R_1MCxQvFXsgFj9AZ,choice_only,dailydilemmas,19,random_projection,0.2631578947368421,-0.6961098386209358
R_1MCxQvFXsgFj9AZ,choice_only,dailydilemmas,19,projection_only,0.5789473684210527,-0.7392971338344843
R_1MCxQvFXsgFj9AZ,choice_only,dailydilemmas,19,projection_alpha,0.5789473684210527,-0.7392971338344843
R_1MCxQvFXsgFj9AZ,choice_only,dailydilemmas,20,random_projection,0.35,-0.695581980556432
R_1MCxQvFXsgFj9AZ,choice_only,dailydilemmas,20,projection_only,0.6,-0.728153231147839
R_1MCxQvFXsgFj9AZ,choice_only,dailydilemmas,20,projection_alpha,0.6,-0.728153231147839
R_3JfmC4gRU1JpbNv,choice_only,dailydilemmas,3,random_projection,0.6666666666666666,-0.6940457387111421
R_3JfmC4gRU1JpbNv,choice_only,dailydilemmas,3,projection_only,0.3333333333333333,-0.7859703586445752
R_3JfmC4gRU1JpbNv,choice_only,dailydilemmas,3,projection_alpha,0.3333333333333333,-0.7859703586445752
R_3JfmC4gRU1JpbNv,choice_only,dailydilemmas,4,random_projection,0.25,-0.6945382067925621
R_3JfmC4gRU1JpbNv,choice_only,dailydilemmas,4,projection_only,0.75,-0.7731768701561301
R_3JfmC4gRU1JpbNv,choice_only,dailydilemmas,4,projection_alpha,0.75,-0.7731768701561301
R_3JfmC4gRU1JpbNv,choice_only,dailydilemmas,5,random_projection,0.6,-0.6939026868490057
R_3JfmC4gRU1JpbNv,choice_only,dailydilemmas,5,projection_only,0.2,-0.8648870728142362
R_3JfmC4gRU1JpbNv,choice_only,dailydilemmas,5,projection_alpha,0.2,-0.8648870728142362
R_3JfmC4gRU1JpbNv,choice_only,dailydilemmas,6,random_projection,0.6666666666666666,-0.6919302086569256
R_3JfmC4gRU1JpbNv,choice_only,dailydilemmas,6,projection_only,0.6666666666666666,-0.7824337915946041
R_3JfmC4gRU1JpbNv,choice_only,dailydilemmas,6,projection_alpha,0.6666666666666666,-0.7824337915946041
R_3JfmC4gRU1JpbNv,choice_only,dailydilemmas,7,random_projection,0.8571428571428571,-0.6892325566684757
R_3JfmC4gRU1JpbNv,choice_only,dailydilemmas,7,projection_only,0.7142857142857143,-0.6999240634162088
R_3JfmC4gRU1JpbNv,choice_only,dailydilemmas,7,projection_alpha,0.7142857142857143,-0.6999240634162088
R_3JfmC4gRU1JpbNv,choice_only,dailydilemmas,8,random_projection,0.75,-0.6869715974781976
R_3JfmC4gRU1JpbNv,choice_only,dailydilemmas,8,projection_only,0.75,-0.6498182848746874
R_3JfmC4gRU1JpbNv,choice_only,dailydilemmas,8,projection_alpha,0.75,-0.6498182848746874
R_3JfmC4gRU1JpbNv,choice_only,dailydilemmas,9,random_projection,0.7777777777777778,-0.6889003059591757
R_3JfmC4gRU1JpbNv,choice_only,dailydilemmas,9,projection_only,0.6666666666666666,-0.6605397247476524
R_3JfmC4gRU1JpbNv,choice_only,dailydilemmas,9,projection_alpha,0.6666666666666666,-0.6605397247476524
R_3JfmC4gRU1JpbNv,choice_only,dailydilemmas,10,random_projection,0.7,-0.6900396206038719
R_3JfmC4gRU1JpbNv,choice_only,dailydilemmas,10,projection_only,0.7,-0.6402021101191687
R_3JfmC4gRU1JpbNv,choice_only,dailydilemmas,10,projection_alpha,0.7,-0.6402021101191687
R_3JfmC4gRU1JpbNv,choice_only,dailydilemmas,11,random_projection,0.7272727272727273,-0.6902341414594655
R_3JfmC4gRU1JpbNv,choice_only,dailydilemmas,11,projection_only,0.7272727272727273,-0.6278408748142966
R_3JfmC4gRU1JpbNv,choice_only,dailydilemmas,11,projection_alpha,0.7272727272727273,-0.6278408748142966
R_3JfmC4gRU1JpbNv,choice_only,dailydilemmas,12,random_projection,0.8333333333333334,-0.6858869964915281
R_3JfmC4gRU1JpbNv,choice_only,dailydilemmas,12,projection_only,0.75,-0.5707680763450691
R_3JfmC4gRU1JpbNv,choice_only,dailydilemmas,12,projection_alpha,0.75,-0.5707680763450691
R_3JfmC4gRU1JpbNv,choice_only,dailydilemmas,13,random_projection,0.7692307692307693,-0.6858823267000034
R_3JfmC4gRU1JpbNv,choice_only,dailydilemmas,13,projection_only,0.7692307692307693,-0.5582359615115758
R_3JfmC4gRU1JpbNv,choice_only,dailydilemmas,13,projection_alpha,0.7692307692307693,-0.5582359615115758
R_3JfmC4gRU1JpbNv,choice_only,dailydilemmas,14,random_projection,0.5714285714285714,-0.688901859147694
R_3JfmC4gRU1JpbNv,choice_only,dailydilemmas,14,projection_only,0.7142857142857143,-0.5987128672453332
R_3JfmC4gRU1JpbNv,choice_only,dailydilemmas,14,projection_alpha,0.7142857142857143,-0.5987128672453332
R_3JfmC4gRU1JpbNv,choice_only,dailydilemmas,15,random_projection,0.6666666666666666,-0.6895292841350801
R_3JfmC4gRU1JpbNv,choice_only,dailydilemmas,15,projection_only,0.7333333333333333,-0.5768440517746616
R_3JfmC4gRU1JpbNv,choice_only,dailydilemmas,15,projection_alpha,0.7333333333333333,-0.5768440517746616
R_3JfmC4gRU1JpbNv,choice_only,dailydilemmas,16,random_projection,0.5,-0.6900078353909042
R_3JfmC4gRU1JpbNv,choice_only,dailydilemmas,16,projection_only,0.75,-0.579512466304333
R_3JfmC4gRU1JpbNv,choice_only,dailydilemmas,16,projection_alpha,0.75,-0.579512466304333
R_3JfmC4gRU1JpbNv,choice_only,dailydilemmas,17,random_projection,0.5882352941176471,-0.6899138212416749
R_3JfmC4gRU1JpbNv,choice_only,dailydilemmas,17,projection_only,0.7058823529411765,-0.6105738261633069
R_3JfmC4gRU1JpbNv,choice_only,dailydilemmas,17,projection_alpha,0.7058823529411765,-0.6105738261633069
R_3JfmC4gRU1JpbNv,choice_only,dailydilemmas,18,random_projection,0.6666666666666666,-0.6893233599877626
R_3JfmC4gRU1JpbNv,choice_only,dailydilemmas,18,projection_only,0.7222222222222222,-0.5918196758271482
R_3JfmC4gRU1JpbNv,choice_only,dailydilemmas,18,projection_alpha,0.7222222222222222,-0.5918196758271482
R_3JfmC4gRU1JpbNv,choice_only,dailydilemmas,19,random_projection,0.5263157894736842,-0.6913420468256762
R_3JfmC4gRU1JpbNv,choice_only,dailydilemmas,19,projection_only,0.631578947368421,-0.5991012021374769
R_3JfmC4gRU1JpbNv,choice_only,dailydilemmas,19,projection_alpha,0.631578947368421,-0.5991012021374769
R_3JfmC4gRU1JpbNv,choice_only,dailydilemmas,20,random_projection,0.55,-0.691257112956385
R_3JfmC4gRU1JpbNv,choice_only,dailydilemmas,20,projection_only,0.7,-0.5746473139486097
R_3JfmC4gRU1JpbNv,choice_only,dailydilemmas,20,projection_alpha,0.7,-0.5746473139486097
R_7QGHM1iZnW1jfRx,choice_only,dailydilemmas,3,random_projection,1.0,-0.6909537691045208
R_7QGHM1iZnW1jfRx,choice_only,dailydilemmas,3,projection_only,0.6666666666666666,-0.7859514809170552
R_7QGHM1iZnW1jfRx,choice_only,dailydilemmas,3,projection_alpha,0.6666666666666666,-0.7859514809170552
R_7QGHM1iZnW1jfRx,choice_only,dailydilemmas,4,random_projection,0.75,-0.691372710303121
R_7QGHM1iZnW1jfRx,choice_only,dailydilemmas,4,projection_only,0.5,-0.7971495506019448
R_7QGHM1iZnW1jfRx,choice_only,dailydilemmas,4,projection_alpha,0.5,-0.7971495506019448
R_7QGHM1iZnW1jfRx,choice_only,dailydilemmas,5,random_projection,0.4,-0.692956276209658
R_7QGHM1iZnW1jfRx,choice_only,dailydilemmas,5,projection_only,0.8,-0.6087416085010157
R_7QGHM1iZnW1jfRx,choice_only,dailydilemmas,5,projection_alpha,0.8,-0.6087416085010157
R_7QGHM1iZnW1jfRx,choice_only,dailydilemmas,6,random_projection,0.3333333333333333,-0.6954634453661016
R_7QGHM1iZnW1jfRx,choice_only,dailydilemmas,6,projection_only,0.5,-0.7115052081743382
R_7QGHM1iZnW1jfRx,choice_only,dailydilemmas,6,projection_alpha,0.5,-0.7115052081743382
R_7QGHM1iZnW1jfRx,choice_only,dailydilemmas,7,random_projection,0.5714285714285714,-0.6900562220960546
R_7QGHM1iZnW1jfRx,choice_only,dailydilemmas,7,projection_only,0.7142857142857143,-0.6286747620283123
R_7QGHM1iZnW1jfRx,choice_only,dailydilemmas,7,projection_alpha,0.7142857142857143,-0.6286747620283123
R_7QGHM1iZnW1jfRx,choice_only,dailydilemmas,8,random_projection,0.625,-0.6881683658125024
R_7QGHM1iZnW1jfRx,choice_only,dailydilemmas,8,projection_only,0.75,-0.586335239087197
R_7QGHM1iZnW1jfRx,choice_only,dailydilemmas,8,projection_alpha,0.75,-0.586335239087197
R_7QGHM1iZnW1jfRx,choice_only,dailydilemmas,9,random_projection,0.5555555555555556,-0.6888786524102776
R_7QGHM1iZnW1jfRx,choice_only,dailydilemmas,9,projection_only,0.6666666666666666,-0.610602455604492
R_7QGHM1iZnW1jfRx,choice_only,dailydilemmas,9,projection_alpha,0.6666666666666666,-0.610602455604492
R_7QGHM1iZnW1jfRx,choice_only,dailydilemmas,10,random_projection,0.6,-0.6919806412496351
R_7QGHM1iZnW1jfRx,choice_only,dailydilemmas,10,projection_only,0.5,-0.6825851536262895
R_7QGHM1iZnW1jfRx,choice_only,dailydilemmas,10,projection_alpha,0.5,-0.6825851536262895
R_7QGHM1iZnW1jfRx,choice_only,dailydilemmas,11,random_projection,0.5454545454545454,-0.6915948646563697
R_7QGHM1iZnW1jfRx,choice_only,dailydilemmas,11,projection_only,0.45454545454545453,-0.6918435355049071
R_7QGHM1iZnW1jfRx,choice_only,dailydilemmas,11,projection_alpha,0.45454545454545453,-0.6918435355049071
R_7QGHM1iZnW1jfRx,choice_only,dailydilemmas,12,random_projection,0.6666666666666666,-0.6898463421835764
R_7QGHM1iZnW1jfRx,choice_only,dailydilemmas,12,projection_only,0.5,-0.6476491772855217
R_7QGHM1iZnW1jfRx,choice_only,dailydilemmas,12,projection_alpha,0.5,-0.6476491772855217
R_7QGHM1iZnW1jfRx,choice_only,dailydilemmas,13,random_projection,0.5384615384615384,-0.6903979568262137
R_7QGHM1iZnW1jfRx,choice_only,dailydilemmas,13,projection_only,0.6153846153846154,-0.6316088830558496
R_7QGHM1iZnW1jfRx,choice_only,dailydilemmas,13,projection_alpha,0.6153846153846154,-0.6316088830558496
R_7QGHM1iZnW1jfRx,choice_only,dailydilemmas,14,random_projection,0.5714285714285714,-0.6897320377081055
R_7QGHM1iZnW1jfRx,choice_only,dailydilemmas,14,projection_only,0.6428571428571429,-0.6321342986958831
R_7QGHM1iZnW1jfRx,choice_only,dailydilemmas,14,projection_alpha,0.6428571428571429,-0.6321342986958831
R_7QGHM1iZnW1jfRx,choice_only,dailydilemmas,15,random_projection,0.6,-0.6897190768018029
R_7QGHM1iZnW1jfRx,choice_only,dailydilemmas,15,projection_only,0.6,-0.6157558359116987
R_7QGHM1iZnW1jfRx,choice_only,dailydilemmas,15,projection_alpha,0.6,-0.6157558359116987
R_7QGHM1iZnW1jfRx,choice_only,dailydilemmas,16,random_projection,0.5625,-0.6902667732936747
R_7QGHM1iZnW1jfRx,choice_only,dailydilemmas,16,projection_only,0.5625,-0.6419786311338009
R_7QGHM1iZnW1jfRx,choice_only,dailydilemmas,16,projection_alpha,0.5625,-0.6419786311338009
R_7QGHM1iZnW1jfRx,choice_only,dailydilemmas,17,random_projection,0.5882352941176471,-0.6909504378401914
R_7QGHM1iZnW1jfRx,choice_only,dailydilemmas,17,projection_only,0.5294117647058824,-0.6830058365784887
R_7QGHM1iZnW1jfRx,choice_only,dailydilemmas,17,projection_alpha,0.5294117647058824,-0.6830058365784887
R_7QGHM1iZnW1jfRx,choice_only,dailydilemmas,18,random_projection,0.5555555555555556,-0.6907869284232129
R_7QGHM1iZnW1jfRx,choice_only,dailydilemmas,18,projection_only,0.5555555555555556,-0.6651119306571628
R_7QGHM1iZnW1jfRx,choice_only,dailydilemmas,18,projection_alpha,0.5555555555555556,-0.6651119306571628
R_7QGHM1iZnW1jfRx,choice_only,dailydilemmas,19,random_projection,0.631578947368421,-0.6906746159502664
R_7QGHM1iZnW1jfRx,choice_only,dailydilemmas,19,projection_only,0.5263157894736842,-0.6879706526605576
R_7QGHM1iZnW1jfRx,choice_only,dailydilemmas,19,projection_alpha,0.5263157894736842,-0.6879706526605576
R_7QGHM1iZnW1jfRx,choice_only,dailydilemmas,20,random_projection,0.6,-0.6902524572426254
R_7QGHM1iZnW1jfRx,choice_only,dailydilemmas,20,projection_only,0.5,-0.6971440081220763
R_7QGHM1iZnW1jfRx,choice_only,dailydilemmas,20,projection_alpha,0.5,-0.6971440081220763
R_6rBDZvDRiktj92h,choice_only,dailydilemmas,3,random_projection,0.6666666666666666,-0.6929497966991796
R_6rBDZvDRiktj92h,choice_only,dailydilemmas,3,projection_only,0.3333333333333333,-0.8753531953778714
R_6rBDZvDRiktj92h,choice_only,dailydilemmas,3,projection_alpha,0.3333333333333333,-0.8753531953778714
R_6rBDZvDRiktj92h,choice_only,dailydilemmas,4,random_projection,0.5,-0.6943541240166998
R_6rBDZvDRiktj92h,choice_only,dailydilemmas,4,projection_only,0.75,-0.6627772620860444
R_6rBDZvDRiktj92h,choice_only,dailydilemmas,4,projection_alpha,0.75,-0.6627772620860444
R_6rBDZvDRiktj92h,choice_only,dailydilemmas,5,random_projection,0.6,-0.6940388637016416
R_6rBDZvDRiktj92h,choice_only,dailydilemmas,5,projection_only,0.8,-0.6809905118674262
R_6rBDZvDRiktj92h,choice_only,dailydilemmas,5,projection_alpha,0.8,-0.6809905118674262
R_6rBDZvDRiktj92h,choice_only,dailydilemmas,6,random_projection,0.3333333333333333,-0.6943869648714002
R_6rBDZvDRiktj92h,choice_only,dailydilemmas,6,projection_only,0.6666666666666666,-0.6924256552788316
R_6rBDZvDRiktj92h,choice_only,dailydilemmas,6,projection_alpha,0.6666666666666666,-0.6924256552788316
R_6rBDZvDRiktj92h,choice_only,dailydilemmas,7,random_projection,0.5714285714285714,-0.6934120806280234
R_6rBDZvDRiktj92h,choice_only,dailydilemmas,7,projection_only,0.42857142857142855,-0.75255628434223
R_6rBDZvDRiktj92h,choice_only,dailydilemmas,7,projection_alpha,0.42857142857142855,-0.75255628434223
R_6rBDZvDRiktj92h,choice_only,dailydilemmas,8,random_projection,0.625,-0.6932822969735993
R_6rBDZvDRiktj92h,choice_only,dailydilemmas,8,projection_only,0.5,-0.8016053950941975
R_6rBDZvDRiktj92h,choice_only,dailydilemmas,8,projection_alpha,0.5,-0.8016053950941975
R_6rBDZvDRiktj92h,choice_only,dailydilemmas,9,random_projection,0.5555555555555556,-0.6926463413028375
R_6rBDZvDRiktj92h,choice_only,dailydilemmas,9,projection_only,0.5555555555555556,-0.7715972620213202
R_6rBDZvDRiktj92h,choice_only,dailydilemmas,9,projection_alpha,0.5555555555555556,-0.7715972620213202
R_6rBDZvDRiktj92h,choice_only,dailydilemmas,10,random_projection,0.8,-0.6914265218183703
R_6rBDZvDRiktj92h,choice_only,dailydilemmas,10,projection_only,0.6,-0.7255474267847237
R_6rBDZvDRiktj92h,choice_only,dailydilemmas,10,projection_alpha,0.6,-0.7255474267847237
R_6rBDZvDRiktj92h,choice_only,dailydilemmas,11,random_projection,0.7272727272727273,-0.690322918406465
R_6rBDZvDRiktj92h,choice_only,dailydilemmas,11,projection_only,0.6363636363636364,-0.673407001089545
R_6rBDZvDRiktj92h,choice_only,dailydilemmas,11,projection_alpha,0.6363636363636364,-0.673407001089545
R_6rBDZvDRiktj92h,choice_only,dailydilemmas,12,random_projection,0.5833333333333334,-0.6908929381320684
R_6rBDZvDRiktj92h,choice_only,dailydilemmas,12,projection_only,0.5833333333333334,-0.7087175696315341
R_6rBDZvDRiktj92h,choice_only,dailydilemmas,12,projection_alpha,0.5833333333333334,-0.7087175696315341
R_6rBDZvDRiktj92h,choice_only,dailydilemmas,13,random_projection,0.5384615384615384,-0.6910750671585174
R_6rBDZvDRiktj92h,choice_only,dailydilemmas,13,projection_only,0.6153846153846154,-0.7557950696115229
R_6rBDZvDRiktj92h,choice_only,dailydilemmas,13,projection_alpha,0.6153846153846154,-0.7557950696115229
R_6rBDZvDRiktj92h,choice_only,dailydilemmas,14,random_projection,0.5,-0.6925347682933067
R_6rBDZvDRiktj92h,choice_only,dailydilemmas,14,projection_only,0.5,-0.7819977017377472
R_6rBDZvDRiktj92h,choice_only,dailydilemmas,14,projection_alpha,0.5,-0.7819977017377472
R_6rBDZvDRiktj92h,choice_only,dailydilemmas,15,random_projection,0.4666666666666667,-0.693507453521672
R_6rBDZvDRiktj92h,choice_only,dailydilemmas,15,projection_only,0.4666666666666667,-0.7714612518839499
R_6rBDZvDRiktj92h,choice_only,dailydilemmas,15,projection_alpha,0.4666666666666667,-0.7714612518839499
R_6rBDZvDRiktj92h,choice_only,dailydilemmas,16,random_projection,0.5625,-0.6925701091422287
R_6rBDZvDRiktj92h,choice_only,dailydilemmas,16,projection_only,0.5,-0.7561723718447314
R_6rBDZvDRiktj92h,choice_only,dailydilemmas,16,projection_alpha,0.5,-0.7561723718447314
R_6rBDZvDRiktj92h,choice_only,dailydilemmas,17,random_projection,0.5294117647058824,-0.6922157150873947
R_6rBDZvDRiktj92h,choice_only,dailydilemmas,17,projection_only,0.5294117647058824,-0.7506311138370076
R_6rBDZvDRiktj92h,choice_only,dailydilemmas,17,projection_alpha,0.5294117647058824,-0.7506311138370076
R_6rBDZvDRiktj92h,choice_only,dailydilemmas,18,random_projection,0.5555555555555556,-0.6923026314580294
R_6rBDZvDRiktj92h,choice_only,dailydilemmas,18,projection_only,0.5555555555555556,-0.7275232296102645
R_6rBDZvDRiktj92h,choice_only,dailydilemmas,18,projection_alpha,0.5555555555555556,-0.7275232296102645
R_6rBDZvDRiktj92h,choice_only,dailydilemmas,19,random_projection,0.631578947368421,-0.6923100136516444
R_6rBDZvDRiktj92h,choice_only,dailydilemmas,19,projection_only,0.5789473684210527,-0.7080709845459378
R_6rBDZvDRiktj92h,choice_only,dailydilemmas,19,projection_alpha,0.5789473684210527,-0.7080709845459378
R_6rBDZvDRiktj92h,choice_only,dailydilemmas,20,random_projection,0.6,-0.6921089647533254
R_6rBDZvDRiktj92h,choice_only,dailydilemmas,20,projection_only,0.65,-0.6931732259668644
R_6rBDZvDRiktj92h,choice_only,dailydilemmas,20,projection_alpha,0.65,-0.6931732259668644
R_7DZXdu8GHiSZQbw,choice_only,dailydilemmas,9,random_projection,0.6666666666666666,-0.693118455761948
R_7DZXdu8GHiSZQbw,choice_only,dailydilemmas,9,projection_only,0.4444444444444444,-0.5424865241045125
R_7DZXdu8GHiSZQbw,choice_only,dailydilemmas,9,projection_alpha,0.4444444444444444,-0.5424865241045125
R_7DZXdu8GHiSZQbw,choice_only,dailydilemmas,10,random_projection,0.7,-0.6927933857483238
R_7DZXdu8GHiSZQbw,choice_only,dailydilemmas,10,projection_only,0.6,-0.5187116398409671
R_7DZXdu8GHiSZQbw,choice_only,dailydilemmas,10,projection_alpha,0.6,-0.5187116398409671
R_7DZXdu8GHiSZQbw,choice_only,dailydilemmas,11,random_projection,0.6363636363636364,-0.6928527598949593
R_7DZXdu8GHiSZQbw,choice_only,dailydilemmas,11,projection_only,0.7272727272727273,-0.4789132830631079
R_7DZXdu8GHiSZQbw,choice_only,dailydilemmas,11,projection_alpha,0.7272727272727273,-0.4789132830631079
R_7DZXdu8GHiSZQbw,choice_only,dailydilemmas,12,random_projection,0.75,-0.6923214611250831
R_7DZXdu8GHiSZQbw,choice_only,dailydilemmas,12,projection_only,0.5833333333333334,-0.5110451321673778
R_7DZXdu8GHiSZQbw,choice_only,dailydilemmas,12,projection_alpha,0.5833333333333334,-0.5110451321673778
R_7DZXdu8GHiSZQbw,choice_only,dailydilemmas,13,random_projection,0.6923076923076923,-0.6917956323556338
R_7DZXdu8GHiSZQbw,choice_only,dailydilemmas,13,projection_only,0.6153846153846154,-0.4902885255758282
R_7DZXdu8GHiSZQbw,choice_only,dailydilemmas,13,projection_alpha,0.6153846153846154,-0.4902885255758282
R_7DZXdu8GHiSZQbw,choice_only,dailydilemmas,14,random_projection,0.7857142857142857,-0.6910265766382209
R_7DZXdu8GHiSZQbw,choice_only,dailydilemmas,14,projection_only,0.6428571428571429,-0.452769247095887
R_7DZXdu8GHiSZQbw,choice_only,dailydilemmas,14,projection_alpha,0.6428571428571429,-0.452769247095887
R_7DZXdu8GHiSZQbw,choice_only,dailydilemmas,15,random_projection,0.8,-0.6893327013192921
R_7DZXdu8GHiSZQbw,choice_only,dailydilemmas,15,projection_only,0.6666666666666666,-0.4246132016242754
R_7DZXdu8GHiSZQbw,choice_only,dailydilemmas,15,projection_alpha,0.6666666666666666,-0.4246132016242754
R_7DZXdu8GHiSZQbw,choice_only,dailydilemmas,16,random_projection,0.6875,-0.6900948506206067
R_7DZXdu8GHiSZQbw,choice_only,dailydilemmas,16,projection_only,0.6875,-0.39947159234722424
R_7DZXdu8GHiSZQbw,choice_only,dailydilemmas,16,projection_alpha,0.6875,-0.39947159234722424
R_7DZXdu8GHiSZQbw,choice_only,dailydilemmas,17,random_projection,0.6470588235294118,-0.6914180990603236
R_7DZXdu8GHiSZQbw,choice_only,dailydilemmas,17,projection_only,0.6470588235294118,-0.5162012922427732
R_7DZXdu8GHiSZQbw,choice_only,dailydilemmas,17,projection_alpha,0.6470588235294118,-0.5162012922427732
R_7DZXdu8GHiSZQbw,choice_only,dailydilemmas,18,random_projection,0.7222222222222222,-0.6914718910689488
R_7DZXdu8GHiSZQbw,choice_only,dailydilemmas,18,projection_only,0.6666666666666666,-0.5343067286445279
R_7DZXdu8GHiSZQbw,choice_only,dailydilemmas,18,projection_alpha,0.6666666666666666,-0.5343067286445279
R_7DZXdu8GHiSZQbw,choice_only,dailydilemmas,19,random_projection,0.6842105263157895,-0.6903792354612499
R_7DZXdu8GHiSZQbw,choice_only,dailydilemmas,19,projection_only,0.6842105263157895,-0.5056339392516871
R_7DZXdu8GHiSZQbw,choice_only,dailydilemmas,19,projection_alpha,0.6842105263157895,-0.5056339392516871
R_7DZXdu8GHiSZQbw,choice_only,dailydilemmas,20,random_projection,0.65,-0.6910431875124216
R_7DZXdu8GHiSZQbw,choice_only,dailydilemmas,20,projection_only,0.65,-0.49927402956360967
R_7DZXdu8GHiSZQbw,choice_only,dailydilemmas,20,projection_alpha,0.65,-0.49927402956360967
R_3wNdGb7QZmozWdV,inference_affirm,dailydilemmas,6,random_projection,0.3333333333333333,-0.6955413653273657
R_3wNdGb7QZmozWdV,inference_affirm,dailydilemmas,6,projection_only,0.6666666666666666,-0.7461002894430836
R_3wNdGb7QZmozWdV,inference_affirm,dailydilemmas,6,projection_alpha,0.6666666666666666,-0.7461002894430836
R_3wNdGb7QZmozWdV,inference_affirm,dailydilemmas,7,random_projection,0.14285714285714285,-0.6958284050957743
R_3wNdGb7QZmozWdV,inference_affirm,dailydilemmas,7,projection_only,0.5714285714285714,-0.7758976506783568
R_3wNdGb7QZmozWdV,inference_affirm,dailydilemmas,7,projection_alpha,0.5714285714285714,-0.7758976506783568
R_3wNdGb7QZmozWdV,inference_affirm,dailydilemmas,8,random_projection,0.5,-0.69475657584403
R_3wNdGb7QZmozWdV,inference_affirm,dailydilemmas,8,projection_only,0.375,-0.7973044272734866
R_3wNdGb7QZmozWdV,inference_affirm,dailydilemmas,8,projection_alpha,0.375,-0.7973044272734866
R_3wNdGb7QZmozWdV,inference_affirm,dailydilemmas,9,random_projection,0.4444444444444444,-0.6949669495043502
R_3wNdGb7QZmozWdV,inference_affirm,dailydilemmas,9,projection_only,0.5555555555555556,-0.7811587663507272
R_3wNdGb7QZmozWdV,inference_affirm,dailydilemmas,9,projection_alpha,0.5555555555555556,-0.7811587663507272
R_3wNdGb7QZmozWdV,inference_affirm,dailydilemmas,10,random_projection,0.3,-0.6961376905884533
R_3wNdGb7QZmozWdV,inference_affirm,dailydilemmas,10,projection_only,0.1,-0.7790581629003209
R_3wNdGb7QZmozWdV,inference_affirm,dailydilemmas,10,projection_alpha,0.1,-0.7790581629003209
R_3wNdGb7QZmozWdV,inference_affirm,dailydilemmas,11,random_projection,0.5454545454545454,-0.694797508975367
R_3wNdGb7QZmozWdV,inference_affirm,dailydilemmas,11,projection_only,0.09090909090909091,-0.8083205691933102
R_3wNdGb7QZmozWdV,inference_affirm,dailydilemmas,11,projection_alpha,0.09090909090909091,-0.8083205691933102
R_3wNdGb7QZmozWdV,inference_affirm,dailydilemmas,12,random_projection,0.5833333333333334,-0.6939177617531554
R_3wNdGb7QZmozWdV,inference_affirm,dailydilemmas,12,projection_only,0.25,-0.784200196883769
R_3wNdGb7QZmozWdV,inference_affirm,dailydilemmas,12,projection_alpha,0.25,-0.784200196883769
R_3wNdGb7QZmozWdV,inference_affirm,dailydilemmas,13,random_projection,0.5384615384615384,-0.6936015348119077
R_3wNdGb7QZmozWdV,inference_affirm,dailydilemmas,13,projection_only,0.38461538461538464,-0.765753232336513
R_3wNdGb7QZmozWdV,inference_affirm,dailydilemmas,13,projection_alpha,0.38461538461538464,-0.765753232336513
R_3wNdGb7QZmozWdV,inference_affirm,dailydilemmas,14,random_projection,0.7142857142857143,-0.6934772145395895
R_3wNdGb7QZmozWdV,inference_affirm,dailydilemmas,14,projection_only,0.42857142857142855,-0.7353077955526591
R_3wNdGb7QZmozWdV,inference_affirm,dailydilemmas,14,projection_alpha,0.42857142857142855,-0.7353077955526591
R_3wNdGb7QZmozWdV,inference_affirm,dailydilemmas,15,random_projection,0.6,-0.6926960274510858
R_3wNdGb7QZmozWdV,inference_affirm,dailydilemmas,15,projection_only,0.4,-0.7375241149127685
R_3wNdGb7QZmozWdV,inference_affirm,dailydilemmas,15,projection_alpha,0.4,-0.7375241149127685
R_3wNdGb7QZmozWdV,inference_affirm,dailydilemmas,16,random_projection,0.3125,-0.6954150106930532
R_3wNdGb7QZmozWdV,inference_affirm,dailydilemmas,16,projection_only,0.375,-0.7445598274647366
R_3wNdGb7QZmozWdV,inference_affirm,dailydilemmas,16,projection_alpha,0.375,-0.7445598274647366
R_3wNdGb7QZmozWdV,inference_affirm,dailydilemmas,17,random_projection,0.4117647058823529,-0.6953804406619228
R_3wNdGb7QZmozWdV,inference_affirm,dailydilemmas,17,projection_only,0.4117647058823529,-0.7377292711598896
R_3wNdGb7QZmozWdV,inference_affirm,dailydilemmas,17,projection_alpha,0.4117647058823529,-0.7377292711598896
R_3wNdGb7QZmozWdV,inference_affirm,dailydilemmas,18,random_projection,0.3888888888888889,-0.6954085529618319
R_3wNdGb7QZmozWdV,inference_affirm,dailydilemmas,18,projection_only,0.4444444444444444,-0.7229320098023864
R_3wNdGb7QZmozWdV,inference_affirm,dailydilemmas,18,projection_alpha,0.4444444444444444,-0.7229320098023864
R_3wNdGb7QZmozWdV,inference_affirm,dailydilemmas,19,random_projection,0.3157894736842105,-0.6960651649084195
R_3wNdGb7QZmozWdV,inference_affirm,dailydilemmas,19,projection_only,0.47368421052631576,-0.7325009550710723
R_3wNdGb7QZmozWdV,inference_affirm,dailydilemmas,19,projection_alpha,0.47368421052631576,-0.7325009550710723
R_3wNdGb7QZmozWdV,inference_affirm,dailydilemmas,20,random_projection,0.35,-0.6958766467542483
R_3wNdGb7QZmozWdV,inference_affirm,dailydilemmas,20,projection_only,0.5,-0.7310552178963194
R_3wNdGb7QZmozWdV,inference_affirm,dailydilemmas,20,projection_alpha,0.5,-0.7310552178963194
R_54BDOExpKqNLP7U,choice_only,dailydilemmas,3,random_projection,0.6666666666666666,-0.6927224663042524
R_54BDOExpKqNLP7U,choice_only,dailydilemmas,3,projection_only,0.6666666666666666,-0.5224855697186405
R_54BDOExpKqNLP7U,choice_only,dailydilemmas,3,projection_alpha,0.6666666666666666,-0.5224855697186405
R_54BDOExpKqNLP7U,choice_only,dailydilemmas,4,random_projection,0.75,-0.6915038535900269
R_54BDOExpKqNLP7U,choice_only,dailydilemmas,4,projection_only,0.5,-0.6115451874640018
R_54BDOExpKqNLP7U,choice_only,dailydilemmas,4,projection_alpha,0.5,-0.6115451874640018
R_54BDOExpKqNLP7U,choice_only,dailydilemmas,5,random_projection,0.8,-0.6918968042752711
R_54BDOExpKqNLP7U,choice_only,dailydilemmas,5,projection_only,0.6,-0.535978616583016
R_54BDOExpKqNLP7U,choice_only,dailydilemmas,5,projection_alpha,0.6,-0.535978616583016
R_54BDOExpKqNLP7U,choice_only,dailydilemmas,6,random_projection,0.8333333333333334,-0.6918469576930928
R_54BDOExpKqNLP7U,choice_only,dailydilemmas,6,projection_only,0.6666666666666666,-0.4545307910180072
R_54BDOExpKqNLP7U,choice_only,dailydilemmas,6,projection_alpha,0.6666666666666666,-0.4545307910180072
R_54BDOExpKqNLP7U,choice_only,dailydilemmas,7,random_projection,0.8571428571428571,-0.6909746550624304
R_54BDOExpKqNLP7U,choice_only,dailydilemmas,7,projection_only,0.7142857142857143,-0.39109925531895756
R_54BDOExpKqNLP7U,choice_only,dailydilemmas,7,projection_alpha,0.7142857142857143,-0.39109925531895756
R_54BDOExpKqNLP7U,choice_only,dailydilemmas,8,random_projection,0.875,-0.6908976748081547
R_54BDOExpKqNLP7U,choice_only,dailydilemmas,8,projection_only,0.75,-0.4067735697373709
R_54BDOExpKqNLP7U,choice_only,dailydilemmas,8,projection_alpha,0.75,-0.4067735697373709
R_54BDOExpKqNLP7U,choice_only,dailydilemmas,9,random_projection,0.8888888888888888,-0.6887038558831433
R_54BDOExpKqNLP7U,choice_only,dailydilemmas,9,projection_only,0.7777777777777778,-0.35746049944282343
R_54BDOExpKqNLP7U,choice_only,dailydilemmas,9,projection_alpha,0.7777777777777778,-0.35746049944282343
R_54BDOExpKqNLP7U,choice_only,dailydilemmas,10,random_projection,0.9,-0.6903288022997892
R_54BDOExpKqNLP7U,choice_only,dailydilemmas,10,projection_only,0.8,-0.3645731435952144
R_54BDOExpKqNLP7U,choice_only,dailydilemmas,10,projection_alpha,0.8,-0.3645731435952144
R_54BDOExpKqNLP7U,choice_only,dailydilemmas,11,random_projection,0.8181818181818182,-0.6914360980656572
R_54BDOExpKqNLP7U,choice_only,dailydilemmas,11,projection_only,0.8181818181818182,-0.3469139215859921
R_54BDOExpKqNLP7U,choice_only,dailydilemmas,11,projection_alpha,0.8181818181818182,-0.3469139215859921
R_54BDOExpKqNLP7U,choice_only,dailydilemmas,12,random_projection,0.6666666666666666,-0.6923980087579498
R_54BDOExpKqNLP7U,choice_only,dailydilemmas,12,projection_only,0.8333333333333334,-0.343201302723296
R_54BDOExpKqNLP7U,choice_only,dailydilemmas,12,projection_alpha,0.8333333333333334,-0.343201302723296
R_54BDOExpKqNLP7U,choice_only,dailydilemmas,13,random_projection,0.6923076923076923,-0.6916416891722631
R_54BDOExpKqNLP7U,choice_only,dailydilemmas,13,projection_only,0.8461538461538461,-0.352331129635034
R_54BDOExpKqNLP7U,choice_only,dailydilemmas,13,projection_alpha,0.8461538461538461,-0.352331129635034
R_54BDOExpKqNLP7U,choice_only,dailydilemmas,14,random_projection,0.7142857142857143,-0.6898107375823709
R_54BDOExpKqNLP7U,choice_only,dailydilemmas,14,projection_only,0.8571428571428571,-0.32705577022399057
R_54BDOExpKqNLP7U,choice_only,dailydilemmas,14,projection_alpha,0.8571428571428571,-0.32705577022399057
R_54BDOExpKqNLP7U,choice_only,dailydilemmas,15,random_projection,0.7333333333333333,-0.6896207452563423
R_54BDOExpKqNLP7U,choice_only,dailydilemmas,15,projection_only,0.8,-0.47569708667426325
R_54BDOExpKqNLP7U,choice_only,dailydilemmas,15,projection_alpha,0.8,-0.47569708667426325
R_54BDOExpKqNLP7U,choice_only,dailydilemmas,16,random_projection,0.6875,-0.6901212516433259
R_54BDOExpKqNLP7U,choice_only,dailydilemmas,16,projection_only,0.8125,-0.4892277859600752
R_54BDOExpKqNLP7U,choice_only,dailydilemmas,16,projection_alpha,0.8125,-0.4892277859600752
R_54BDOExpKqNLP7U,choice_only,dailydilemmas,17,random_projection,0.7647058823529411,-0.6883138392573692
R_54BDOExpKqNLP7U,choice_only,dailydilemmas,17,projection_only,0.8235294117647058,-0.45985140896326077
R_54BDOExpKqNLP7U,choice_only,dailydilemmas,17,projection_alpha,0.8235294117647058,-0.45985140896326077
R_54BDOExpKqNLP7U,choice_only,dailydilemmas,18,random_projection,0.7777777777777778,-0.6870731772485107
R_54BDOExpKqNLP7U,choice_only,dailydilemmas,18,projection_only,0.8333333333333334,-0.4389560309563015
R_54BDOExpKqNLP7U,choice_only,dailydilemmas,18,projection_alpha,0.8333333333333334,-0.4389560309563015
R_54BDOExpKqNLP7U,choice_only,dailydilemmas,19,random_projection,0.7368421052631579,-0.6859191295586978
R_54BDOExpKqNLP7U,choice_only,dailydilemmas,19,projection_only,0.8421052631578947,-0.437473816090869
R_54BDOExpKqNLP7U,choice_only,dailydilemmas,19,projection_alpha,0.8421052631578947,-0.437473816090869
R_54BDOExpKqNLP7U,choice_only,dailydilemmas,20,random_projection,0.75,-0.6851104267585963
R_54BDOExpKqNLP7U,choice_only,dailydilemmas,20,projection_only,0.85,-0.45354351516943253
R_54BDOExpKqNLP7U,choice_only,dailydilemmas,20,projection_alpha,0.85,-0.45354351516943253
R_7FP7x1oOPEhKFnt,choice_only,dailydilemmas,6,random_projection,0.16666666666666666,-0.6944290926849387
R_7FP7x1oOPEhKFnt,choice_only,dailydilemmas,6,projection_only,0.6666666666666666,-0.5416587458675727
R_7FP7x1oOPEhKFnt,choice_only,dailydilemmas,6,projection_alpha,0.6666666666666666,-0.5416587458675727
R_7FP7x1oOPEhKFnt,choice_only,dailydilemmas,7,random_projection,0.42857142857142855,-0.6934581985994498
R_7FP7x1oOPEhKFnt,choice_only,dailydilemmas,7,projection_only,0.7142857142857143,-0.5080345565815373
R_7FP7x1oOPEhKFnt,choice_only,dailydilemmas,7,projection_alpha,0.7142857142857143,-0.5080345565815373
R_7FP7x1oOPEhKFnt,choice_only,dailydilemmas,8,random_projection,0.625,-0.693183410133226
R_7FP7x1oOPEhKFnt,choice_only,dailydilemmas,8,projection_only,0.75,-0.44176026023450626
R_7FP7x1oOPEhKFnt,choice_only,dailydilemmas,8,projection_alpha,0.75,-0.44176026023450626
R_7FP7x1oOPEhKFnt,choice_only,dailydilemmas,9,random_projection,0.3333333333333333,-0.6932752936126784
R_7FP7x1oOPEhKFnt,choice_only,dailydilemmas,9,projection_only,0.7777777777777778,-0.423305038755848
R_7FP7x1oOPEhKFnt,choice_only,dailydilemmas,9,projection_alpha,0.7777777777777778,-0.423305038755848
R_7FP7x1oOPEhKFnt,choice_only,dailydilemmas,10,random_projection,0.4,-0.6944757919428094
R_7FP7x1oOPEhKFnt,choice_only,dailydilemmas,10,projection_only,0.7,-0.4958011622160135
R_7FP7x1oOPEhKFnt,choice_only,dailydilemmas,10,projection_alpha,0.7,-0.4958011622160135
R_7FP7x1oOPEhKFnt,choice_only,dailydilemmas,11,random_projection,0.36363636363636365,-0.6957564540286376
R_7FP7x1oOPEhKFnt,choice_only,dailydilemmas,11,projection_only,0.7272727272727273,-0.4876313969451241
R_7FP7x1oOPEhKFnt,choice_only,dailydilemmas,11,projection_alpha,0.7272727272727273,-0.4876313969451241
R_7FP7x1oOPEhKFnt,choice_only,dailydilemmas,12,random_projection,0.25,-0.6958978056320374
R_7FP7x1oOPEhKFnt,choice_only,dailydilemmas,12,projection_only,0.75,-0.49912181502410213
R_7FP7x1oOPEhKFnt,choice_only,dailydilemmas,12,projection_alpha,0.75,-0.49912181502410213
R_7FP7x1oOPEhKFnt,choice_only,dailydilemmas,13,random_projection,0.38461538461538464,-0.6958170624167779
R_7FP7x1oOPEhKFnt,choice_only,dailydilemmas,13,projection_only,0.7692307692307693,-0.4729130593612184
R_7FP7x1oOPEhKFnt,choice_only,dailydilemmas,13,projection_alpha,0.7692307692307693,-0.4729130593612184
R_7FP7x1oOPEhKFnt,choice_only,dailydilemmas,14,random_projection,0.21428571428571427,-0.695734427627705
R_7FP7x1oOPEhKFnt,choice_only,dailydilemmas,14,projection_only,0.7857142857142857,-0.610221167025818
R_7FP7x1oOPEhKFnt,choice_only,dailydilemmas,14,projection_alpha,0.7857142857142857,-0.610221167025818
R_7FP7x1oOPEhKFnt,choice_only,dailydilemmas,15,random_projection,0.3333333333333333,-0.695548652179427
R_7FP7x1oOPEhKFnt,choice_only,dailydilemmas,15,projection_only,0.7333333333333333,-0.6217904511291229
R_7FP7x1oOPEhKFnt,choice_only,dailydilemmas,15,projection_alpha,0.7333333333333333,-0.6217904511291229
R_7FP7x1oOPEhKFnt,choice_only,dailydilemmas,16,random_projection,0.3125,-0.6956099919776957
R_7FP7x1oOPEhKFnt,choice_only,dailydilemmas,16,projection_only,0.75,-0.6268822436544526
R_7FP7x1oOPEhKFnt,choice_only,dailydilemmas,16,projection_alpha,0.75,-0.6268822436544526
R_7FP7x1oOPEhKFnt,choice_only,dailydilemmas,17,random_projection,0.17647058823529413,-0.6961003866430086
R_7FP7x1oOPEhKFnt,choice_only,dailydilemmas,17,projection_only,0.7058823529411765,-0.6349154730851805
R_7FP7x1oOPEhKFnt,choice_only,dailydilemmas,17,projection_alpha,0.7058823529411765,-0.6349154730851805
R_7FP7x1oOPEhKFnt,choice_only,dailydilemmas,18,random_projection,0.16666666666666666,-0.696110376642012
R_7FP7x1oOPEhKFnt,choice_only,dailydilemmas,18,projection_only,0.6666666666666666,-0.6465335888581999
R_7FP7x1oOPEhKFnt,choice_only,dailydilemmas,18,projection_alpha,0.6666666666666666,-0.6465335888581999
R_7FP7x1oOPEhKFnt,choice_only,dailydilemmas,19,random_projection,0.21052631578947367,-0.6959410983622941
R_7FP7x1oOPEhKFnt,choice_only,dailydilemmas,19,projection_only,0.7368421052631579,-0.6239375448566813
R_7FP7x1oOPEhKFnt,choice_only,dailydilemmas,19,projection_alpha,0.7368421052631579,-0.6239375448566813
R_7FP7x1oOPEhKFnt,choice_only,dailydilemmas,20,random_projection,0.25,-0.6958663073577678
R_7FP7x1oOPEhKFnt,choice_only,dailydilemmas,20,projection_only,0.8,-0.6236584971102648
R_7FP7x1oOPEhKFnt,choice_only,dailydilemmas,20,projection_alpha,0.8,-0.6236584971102648
R_3RlcXTweCHzrYtz,choice_only,dailydilemmas,3,random_projection,1.0,-0.6920244939474212
R_3RlcXTweCHzrYtz,choice_only,dailydilemmas,3,projection_only,0.6666666666666666,-0.6911420341504728
R_3RlcXTweCHzrYtz,choice_only,dailydilemmas,3,projection_alpha,0.6666666666666666,-0.6911420341504728
R_3RlcXTweCHzrYtz,choice_only,dailydilemmas,4,random_projection,0.0,-0.6964436924923973
R_3RlcXTweCHzrYtz,choice_only,dailydilemmas,4,projection_only,0.5,-0.7809499306482373
R_3RlcXTweCHzrYtz,choice_only,dailydilemmas,4,projection_alpha,0.5,-0.7809499306482373
R_3RlcXTweCHzrYtz,choice_only,dailydilemmas,5,random_projection,0.0,-0.698109483982736
R_3RlcXTweCHzrYtz,choice_only,dailydilemmas,5,projection_only,0.4,-0.8738611775916038
R_3RlcXTweCHzrYtz,choice_only,dailydilemmas,5,projection_alpha,0.4,-0.8738611775916038
R_3RlcXTweCHzrYtz,choice_only,dailydilemmas,6,random_projection,0.0,-0.697790172926945
R_3RlcXTweCHzrYtz,choice_only,dailydilemmas,6,projection_only,0.16666666666666666,-0.8277154767138696
R_3RlcXTweCHzrYtz,choice_only,dailydilemmas,6,projection_alpha,0.16666666666666666,-0.8277154767138696
R_3RlcXTweCHzrYtz,choice_only,dailydilemmas,7,random_projection,0.14285714285714285,-0.6971211601008693
R_3RlcXTweCHzrYtz,choice_only,dailydilemmas,7,projection_only,0.2857142857142857,-0.7394768969784601
R_3RlcXTweCHzrYtz,choice_only,dailydilemmas,7,projection_alpha,0.2857142857142857,-0.7394768969784601
R_3RlcXTweCHzrYtz,choice_only,dailydilemmas,8,random_projection,0.0,-0.697051674858967
R_3RlcXTweCHzrYtz,choice_only,dailydilemmas,8,projection_only,0.5,-0.6974731584872687
R_3RlcXTweCHzrYtz,choice_only,dailydilemmas,8,projection_alpha,0.5,-0.6974731584872687
R_3RlcXTweCHzrYtz,choice_only,dailydilemmas,9,random_projection,0.1111111111111111,-0.6965484042639581
R_3RlcXTweCHzrYtz,choice_only,dailydilemmas,9,projection_only,0.6666666666666666,-0.6368087901730246
R_3RlcXTweCHzrYtz,choice_only,dailydilemmas,9,projection_alpha,0.6666666666666666,-0.6368087901730246
R_3RlcXTweCHzrYtz,choice_only,dailydilemmas,10,random_projection,0.1,-0.6965490761232642
R_3RlcXTweCHzrYtz,choice_only,dailydilemmas,10,projection_only,0.6,-0.6700927076647759
R_3RlcXTweCHzrYtz,choice_only,dailydilemmas,10,projection_alpha,0.6,-0.6700927076647759
R_3RlcXTweCHzrYtz,choice_only,dailydilemmas,11,random_projection,0.18181818181818182,-0.6963498161808384
R_3RlcXTweCHzrYtz,choice_only,dailydilemmas,11,projection_only,0.6363636363636364,-0.6606420147437291
R_3RlcXTweCHzrYtz,choice_only,dailydilemmas,11,projection_alpha,0.6363636363636364,-0.6606420147437291
R_3RlcXTweCHzrYtz,choice_only,dailydilemmas,12,random_projection,0.0,-0.6966004413375634
R_3RlcXTweCHzrYtz,choice_only,dailydilemmas,12,projection_only,0.6666666666666666,-0.6610261687259027
R_3RlcXTweCHzrYtz,choice_only,dailydilemmas,12,projection_alpha,0.6666666666666666,-0.6610261687259027
R_3RlcXTweCHzrYtz,choice_only,dailydilemmas,13,random_projection,0.15384615384615385,-0.6960590082908987
R_3RlcXTweCHzrYtz,choice_only,dailydilemmas,13,projection_only,0.6153846153846154,-0.6241006046292189
R_3RlcXTweCHzrYtz,choice_only,dailydilemmas,13,projection_alpha,0.6153846153846154,-0.6241006046292189
R_3RlcXTweCHzrYtz,choice_only,dailydilemmas,14,random_projection,0.2857142857142857,-0.6955982384078496
R_3RlcXTweCHzrYtz,choice_only,dailydilemmas,14,projection_only,0.6428571428571429,-0.6240736608129119
R_3RlcXTweCHzrYtz,choice_only,dailydilemmas,14,projection_alpha,0.6428571428571429,-0.6240736608129119
R_3RlcXTweCHzrYtz,choice_only,dailydilemmas,15,random_projection,0.3333333333333333,-0.695143341842082
R_3RlcXTweCHzrYtz,choice_only,dailydilemmas,15,projection_only,0.6666666666666666,-0.6512473025434872
R_3RlcXTweCHzrYtz,choice_only,dailydilemmas,15,projection_alpha,0.6666666666666666,-0.6512473025434872
R_3RlcXTweCHzrYtz,choice_only,dailydilemmas,16,random_projection,0.375,-0.6948937534002125
R_3RlcXTweCHzrYtz,choice_only,dailydilemmas,16,projection_only,0.6875,-0.632062672655652
R_3RlcXTweCHzrYtz,choice_only,dailydilemmas,16,projection_alpha,0.6875,-0.632062672655652
R_3RlcXTweCHzrYtz,choice_only,dailydilemmas,17,random_projection,0.29411764705882354,-0.6948475212383182
R_3RlcXTweCHzrYtz,choice_only,dailydilemmas,17,projection_only,0.6470588235294118,-0.6480660054866398
R_3RlcXTweCHzrYtz,choice_only,dailydilemmas,17,projection_alpha,0.6470588235294118,-0.6480660054866398
R_3RlcXTweCHzrYtz,choice_only,dailydilemmas,18,random_projection,0.4444444444444444,-0.6941091737006586
R_3RlcXTweCHzrYtz,choice_only,dailydilemmas,18,projection_only,0.6666666666666666,-0.6097270565945966
R_3RlcXTweCHzrYtz,choice_only,dailydilemmas,18,projection_alpha,0.6666666666666666,-0.6097270565945966
R_3RlcXTweCHzrYtz,choice_only,dailydilemmas,19,random_projection,0.47368421052631576,-0.6936464124543102
R_3RlcXTweCHzrYtz,choice_only,dailydilemmas,19,projection_only,0.631578947368421,-0.6247215975148981
R_3RlcXTweCHzrYtz,choice_only,dailydilemmas,19,projection_alpha,0.631578947368421,-0.6247215975148981
R_3RlcXTweCHzrYtz,choice_only,dailydilemmas,20,random_projection,0.4,-0.6940278367872217
R_3RlcXTweCHzrYtz,choice_only,dailydilemmas,20,projection_only,0.6,-0.6437248315204943
R_3RlcXTweCHzrYtz,choice_only,dailydilemmas,20,projection_alpha,0.6,-0.6437248315204943
R_64MjAxTXtmHjKMx,choice_only,dailydilemmas,3,random_projection,0.6666666666666666,-0.6927736092661579
R_64MjAxTXtmHjKMx,choice_only,dailydilemmas,3,projection_only,0.6666666666666666,-0.5636421684842917
R_64MjAxTXtmHjKMx,choice_only,dailydilemmas,3,projection_alpha,0.6666666666666666,-0.5636421684842917
R_64MjAxTXtmHjKMx,choice_only,dailydilemmas,4,random_projection,0.25,-0.6942145525978791
R_64MjAxTXtmHjKMx,choice_only,dailydilemmas,4,projection_only,0.5,-0.6194374520124571
R_64MjAxTXtmHjKMx,choice_only,dailydilemmas,4,projection_alpha,0.5,-0.6194374520124571
R_64MjAxTXtmHjKMx,choice_only,dailydilemmas,5,random_projection,0.2,-0.6944277707099765
R_64MjAxTXtmHjKMx,choice_only,dailydilemmas,5,projection_only,0.6,-0.5388760002447388
R_64MjAxTXtmHjKMx,choice_only,dailydilemmas,5,projection_alpha,0.6,-0.5388760002447388
R_64MjAxTXtmHjKMx,choice_only,dailydilemmas,6,random_projection,0.16666666666666666,-0.694823746776755
R_64MjAxTXtmHjKMx,choice_only,dailydilemmas,6,projection_only,0.8333333333333334,-0.4445446483551707
R_64MjAxTXtmHjKMx,choice_only,dailydilemmas,6,projection_alpha,0.8333333333333334,-0.4445446483551707
R_64MjAxTXtmHjKMx,choice_only,dailydilemmas,7,random_projection,0.2857142857142857,-0.6945296002412602
R_64MjAxTXtmHjKMx,choice_only,dailydilemmas,7,projection_only,1.0,-0.3744261140214443
R_64MjAxTXtmHjKMx,choice_only,dailydilemmas,7,projection_alpha,1.0,-0.3744261140214443
R_64MjAxTXtmHjKMx,choice_only,dailydilemmas,8,random_projection,0.5,-0.6940678723931321
R_64MjAxTXtmHjKMx,choice_only,dailydilemmas,8,projection_only,0.75,-0.4357158738885744
R_64MjAxTXtmHjKMx,choice_only,dailydilemmas,8,projection_alpha,0.75,-0.4357158738885744
R_64MjAxTXtmHjKMx,choice_only,dailydilemmas,9,random_projection,0.5555555555555556,-0.6940387343875296
R_64MjAxTXtmHjKMx,choice_only,dailydilemmas,9,projection_only,0.7777777777777778,-0.3815200273604765
R_64MjAxTXtmHjKMx,choice_only,dailydilemmas,9,projection_alpha,0.7777777777777778,-0.3815200273604765
R_64MjAxTXtmHjKMx,choice_only,dailydilemmas,10,random_projection,0.6,-0.6926194451144243
R_64MjAxTXtmHjKMx,choice_only,dailydilemmas,10,projection_only,0.8,-0.34676766401531683
R_64MjAxTXtmHjKMx,choice_only,dailydilemmas,10,projection_alpha,0.8,-0.34676766401531683
R_64MjAxTXtmHjKMx,choice_only,dailydilemmas,11,random_projection,0.45454545454545453,-0.693890098825288
R_64MjAxTXtmHjKMx,choice_only,dailydilemmas,11,projection_only,0.9090909090909091,-0.3430639593063844
R_64MjAxTXtmHjKMx,choice_only,dailydilemmas,11,projection_alpha,0.9090909090909091,-0.3430639593063844
R_64MjAxTXtmHjKMx,choice_only,dailydilemmas,12,random_projection,0.5,-0.6932063903931088
R_64MjAxTXtmHjKMx,choice_only,dailydilemmas,12,projection_only,0.9166666666666666,-0.36796766244129714
R_64MjAxTXtmHjKMx,choice_only,dailydilemmas,12,projection_alpha,0.9166666666666666,-0.36796766244129714
R_64MjAxTXtmHjKMx,choice_only,dailydilemmas,13,random_projection,0.5384615384615384,-0.6954199061888215
R_64MjAxTXtmHjKMx,choice_only,dailydilemmas,13,projection_only,0.9230769230769231,-0.3503851496192055
R_64MjAxTXtmHjKMx,choice_only,dailydilemmas,13,projection_alpha,0.9230769230769231,-0.3503851496192055
R_64MjAxTXtmHjKMx,choice_only,dailydilemmas,14,random_projection,0.42857142857142855,-0.6963911307388623
R_64MjAxTXtmHjKMx,choice_only,dailydilemmas,14,projection_only,0.7857142857142857,-0.41164090917190144
R_64MjAxTXtmHjKMx,choice_only,dailydilemmas,14,projection_alpha,0.7857142857142857,-0.41164090917190144
R_64MjAxTXtmHjKMx,choice_only,dailydilemmas,15,random_projection,0.4,-0.6971461929519919
R_64MjAxTXtmHjKMx,choice_only,dailydilemmas,15,projection_only,0.8666666666666667,-0.43133432357346974
R_64MjAxTXtmHjKMx,choice_only,dailydilemmas,15,projection_alpha,0.8666666666666667,-0.43133432357346974
R_64MjAxTXtmHjKMx,choice_only,dailydilemmas,16,random_projection,0.4375,-0.6957636711507542
R_64MjAxTXtmHjKMx,choice_only,dailydilemmas,16,projection_only,0.875,-0.4106236581685788
R_64MjAxTXtmHjKMx,choice_only,dailydilemmas,16,projection_alpha,0.875,-0.4106236581685788
R_64MjAxTXtmHjKMx,choice_only,dailydilemmas,17,random_projection,0.4117647058823529,-0.6964728205846556
R_64MjAxTXtmHjKMx,choice_only,dailydilemmas,17,projection_only,0.7058823529411765,-0.491056141738063
R_64MjAxTXtmHjKMx,choice_only,dailydilemmas,17,projection_alpha,0.7058823529411765,-0.491056141738063
R_64MjAxTXtmHjKMx,choice_only,dailydilemmas,18,random_projection,0.3333333333333333,-0.6971307913197643
R_64MjAxTXtmHjKMx,choice_only,dailydilemmas,18,projection_only,0.6666666666666666,-0.6455363410748775
R_64MjAxTXtmHjKMx,choice_only,dailydilemmas,18,projection_alpha,0.6666666666666666,-0.6455363410748775
R_64MjAxTXtmHjKMx,choice_only,dailydilemmas,19,random_projection,0.3157894736842105,-0.6971791424591265
R_64MjAxTXtmHjKMx,choice_only,dailydilemmas,19,projection_only,0.631578947368421,-0.657240454616753
R_64MjAxTXtmHjKMx,choice_only,dailydilemmas,19,projection_alpha,0.631578947368421,-0.657240454616753
R_64MjAxTXtmHjKMx,choice_only,dailydilemmas,20,random_projection,0.35,-0.6967824816105777
R_64MjAxTXtmHjKMx,choice_only,dailydilemmas,20,projection_only,0.65,-0.6318512510924021
R_64MjAxTXtmHjKMx,choice_only,dailydilemmas,20,projection_alpha,0.65,-0.6318512510924021
R_5B7Sbr53fSq1D3z,inference_affirm,dailydilemmas,3,random_projection,0.0,-0.6940672772713028
R_5B7Sbr53fSq1D3z,inference_affirm,dailydilemmas,3,projection_only,0.0,-0.7482538645903811
R_5B7Sbr53fSq1D3z,inference_affirm,dailydilemmas,3,projection_alpha,0.0,-0.7482538645903811
R_5B7Sbr53fSq1D3z,inference_affirm,dailydilemmas,4,random_projection,0.0,-0.6937927669106445
R_5B7Sbr53fSq1D3z,inference_affirm,dailydilemmas,4,projection_only,0.25,-0.7222769583156574
R_5B7Sbr53fSq1D3z,inference_affirm,dailydilemmas,4,projection_alpha,0.25,-0.7222769583156574
R_5B7Sbr53fSq1D3z,inference_affirm,dailydilemmas,5,random_projection,0.0,-0.6949155737988028
R_5B7Sbr53fSq1D3z,inference_affirm,dailydilemmas,5,projection_only,0.4,-0.7001126271966707
R_5B7Sbr53fSq1D3z,inference_affirm,dailydilemmas,5,projection_alpha,0.4,-0.7001126271966707
R_5B7Sbr53fSq1D3z,inference_affirm,dailydilemmas,6,random_projection,0.0,-0.695090211369865
R_5B7Sbr53fSq1D3z,inference_affirm,dailydilemmas,6,projection_only,0.16666666666666666,-0.761618691156059
R_5B7Sbr53fSq1D3z,inference_affirm,dailydilemmas,6,projection_alpha,0.16666666666666666,-0.761618691156059
R_5B7Sbr53fSq1D3z,inference_affirm,dailydilemmas,7,random_projection,0.2857142857142857,-0.6952112364779074
R_5B7Sbr53fSq1D3z,inference_affirm,dailydilemmas,7,projection_only,0.42857142857142855,-0.7497531147108212
R_5B7Sbr53fSq1D3z,inference_affirm,dailydilemmas,7,projection_alpha,0.42857142857142855,-0.7497531147108212
R_5B7Sbr53fSq1D3z,inference_affirm,dailydilemmas,8,random_projection,0.125,-0.6952866848962208
R_5B7Sbr53fSq1D3z,inference_affirm,dailydilemmas,8,projection_only,0.625,-0.6599621398647846
R_5B7Sbr53fSq1D3z,inference_affirm,dailydilemmas,8,projection_alpha,0.625,-0.6599621398647846
R_5B7Sbr53fSq1D3z,inference_affirm,dailydilemmas,9,random_projection,0.1111111111111111,-0.6953769680725022
R_5B7Sbr53fSq1D3z,inference_affirm,dailydilemmas,9,projection_only,0.5555555555555556,-0.6580249561552062
R_5B7Sbr53fSq1D3z,inference_affirm,dailydilemmas,9,projection_alpha,0.5555555555555556,-0.6580249561552062
R_5B7Sbr53fSq1D3z,inference_affirm,dailydilemmas,10,random_projection,0.5,-0.693806640905954
R_5B7Sbr53fSq1D3z,inference_affirm,dailydilemmas,10,projection_only,0.6,-0.6053969489798224
R_5B7Sbr53fSq1D3z,inference_affirm,dailydilemmas,10,projection_alpha,0.6,-0.6053969489798224
R_5B7Sbr53fSq1D3z,inference_affirm,dailydilemmas,11,random_projection,0.45454545454545453,-0.6935097074249366
R_5B7Sbr53fSq1D3z,inference_affirm,dailydilemmas,11,projection_only,0.6363636363636364,-0.6322477796973239
R_5B7Sbr53fSq1D3z,inference_affirm,dailydilemmas,11,projection_alpha,0.6363636363636364,-0.6322477796973239
R_5B7Sbr53fSq1D3z,inference_affirm,dailydilemmas,12,random_projection,0.5833333333333334,-0.6927175242437538
R_5B7Sbr53fSq1D3z,inference_affirm,dailydilemmas,12,projection_only,0.5833333333333334,-0.6659259934698524
R_5B7Sbr53fSq1D3z,inference_affirm,dailydilemmas,12,projection_alpha,0.5833333333333334,-0.6659259934698524
R_5B7Sbr53fSq1D3z,inference_affirm,dailydilemmas,13,random_projection,0.5384615384615384,-0.6928803375599004
R_5B7Sbr53fSq1D3z,inference_affirm,dailydilemmas,13,projection_only,0.5384615384615384,-0.653754467981067
R_5B7Sbr53fSq1D3z,inference_affirm,dailydilemmas,13,projection_alpha,0.5384615384615384,-0.653754467981067
R_5B7Sbr53fSq1D3z,inference_affirm,dailydilemmas,14,random_projection,0.5714285714285714,-0.6926705715193331
R_5B7Sbr53fSq1D3z,inference_affirm,dailydilemmas,14,projection_only,0.5,-0.6764857945390047
R_5B7Sbr53fSq1D3z,inference_affirm,dailydilemmas,14,projection_alpha,0.5,-0.6764857945390047
R_5B7Sbr53fSq1D3z,inference_affirm,dailydilemmas,15,random_projection,0.5333333333333333,-0.6931764532130639
R_5B7Sbr53fSq1D3z,inference_affirm,dailydilemmas,15,projection_only,0.5333333333333333,-0.6734351716219861
R_5B7Sbr53fSq1D3z,inference_affirm,dailydilemmas,15,projection_alpha,0.5333333333333333,-0.6734351716219861
R_5B7Sbr53fSq1D3z,inference_affirm,dailydilemmas,16,random_projection,0.5625,-0.6923818637231398
R_5B7Sbr53fSq1D3z,inference_affirm,dailydilemmas,16,projection_only,0.5,-0.6733979789309327
R_5B7Sbr53fSq1D3z,inference_affirm,dailydilemmas,16,projection_alpha,0.5,-0.6733979789309327
R_5B7Sbr53fSq1D3z,inference_affirm,dailydilemmas,17,random_projection,0.5882352941176471,-0.6924958804303198
R_5B7Sbr53fSq1D3z,inference_affirm,dailydilemmas,17,projection_only,0.5294117647058824,-0.6424190038099936
R_5B7Sbr53fSq1D3z,inference_affirm,dailydilemmas,17,projection_alpha,0.5294117647058824,-0.6424190038099936
R_5B7Sbr53fSq1D3z,inference_affirm,dailydilemmas,18,random_projection,0.6111111111111112,-0.6926628669069369
R_5B7Sbr53fSq1D3z,inference_affirm,dailydilemmas,18,projection_only,0.5555555555555556,-0.6106197803784151
R_5B7Sbr53fSq1D3z,inference_affirm,dailydilemmas,18,projection_alpha,0.5555555555555556,-0.6106197803784151
R_5B7Sbr53fSq1D3z,inference_affirm,dailydilemmas,19,random_projection,0.5789473684210527,-0.6929485570732732
R_5B7Sbr53fSq1D3z,inference_affirm,dailydilemmas,19,projection_only,0.5263157894736842,-0.6222836904706728
R_5B7Sbr53fSq1D3z,inference_affirm,dailydilemmas,19,projection_alpha,0.5263157894736842,-0.6222836904706728
R_5B7Sbr53fSq1D3z,inference_affirm,dailydilemmas,20,random_projection,0.5,-0.6932242780423887
R_5B7Sbr53fSq1D3z,inference_affirm,dailydilemmas,20,projection_only,0.5,-0.6301038911539012
R_5B7Sbr53fSq1D3z,inference_affirm,dailydilemmas,20,projection_alpha,0.5,-0.6301038911539012
R_7fTeTaHgGhgcqkN,inference_affirm,dailydilemmas,3,random_projection,0.6666666666666666,-0.6929498004932421
R_7fTeTaHgGhgcqkN,inference_affirm,dailydilemmas,3,projection_only,0.3333333333333333,-0.7649654234014339
R_7fTeTaHgGhgcqkN,inference_affirm,dailydilemmas,3,projection_alpha,0.3333333333333333,-0.7649654234014339
R_7fTeTaHgGhgcqkN,inference_affirm,dailydilemmas,4,random_projection,1.0,-0.6912753301608213
R_7fTeTaHgGhgcqkN,inference_affirm,dailydilemmas,4,projection_only,0.75,-0.5538782102975711
R_7fTeTaHgGhgcqkN,inference_affirm,dailydilemmas,4,projection_alpha,0.75,-0.5538782102975711
R_7fTeTaHgGhgcqkN,inference_affirm,dailydilemmas,5,random_projection,0.6,-0.6927310024607076
R_7fTeTaHgGhgcqkN,inference_affirm,dailydilemmas,5,projection_only,0.4,-0.7322211744131791
R_7fTeTaHgGhgcqkN,inference_affirm,dailydilemmas,5,projection_alpha,0.4,-0.7322211744131791
R_7fTeTaHgGhgcqkN,inference_affirm,dailydilemmas,6,random_projection,0.6666666666666666,-0.6917349421567106
R_7fTeTaHgGhgcqkN,inference_affirm,dailydilemmas,6,projection_only,0.6666666666666666,-0.7206806772824058
R_7fTeTaHgGhgcqkN,inference_affirm,dailydilemmas,6,projection_alpha,0.6666666666666666,-0.7206806772824058
R_7fTeTaHgGhgcqkN,inference_affirm,dailydilemmas,7,random_projection,0.7142857142857143,-0.6868947899491652
R_7fTeTaHgGhgcqkN,inference_affirm,dailydilemmas,7,projection_only,0.8571428571428571,-0.6318593821763915
R_7fTeTaHgGhgcqkN,inference_affirm,dailydilemmas,7,projection_alpha,0.8571428571428571,-0.6318593821763915
R_7fTeTaHgGhgcqkN,inference_affirm,dailydilemmas,8,random_projection,0.75,-0.6861464025219554
R_7fTeTaHgGhgcqkN,inference_affirm,dailydilemmas,8,projection_only,0.875,-0.6077500959786708
R_7fTeTaHgGhgcqkN,inference_affirm,dailydilemmas,8,projection_alpha,0.875,-0.6077500959786708
R_7fTeTaHgGhgcqkN,inference_affirm,dailydilemmas,9,random_projection,0.5555555555555556,-0.6869404436235425
R_7fTeTaHgGhgcqkN,inference_affirm,dailydilemmas,9,projection_only,0.7777777777777778,-0.6190508320006989
R_7fTeTaHgGhgcqkN,inference_affirm,dailydilemmas,9,projection_alpha,0.7777777777777778,-0.6190508320006989
R_7fTeTaHgGhgcqkN,inference_affirm,dailydilemmas,10,random_projection,0.8,-0.6864010157545641
R_7fTeTaHgGhgcqkN,inference_affirm,dailydilemmas,10,projection_only,0.9,-0.6054583431215179
R_7fTeTaHgGhgcqkN,inference_affirm,dailydilemmas,10,projection_alpha,0.9,-0.6054583431215179
R_7fTeTaHgGhgcqkN,inference_affirm,dailydilemmas,11,random_projection,0.8181818181818182,-0.687067876074864
R_7fTeTaHgGhgcqkN,inference_affirm,dailydilemmas,11,projection_only,0.8181818181818182,-0.644926027215588
R_7fTeTaHgGhgcqkN,inference_affirm,dailydilemmas,11,projection_alpha,0.8181818181818182,-0.644926027215588
R_7fTeTaHgGhgcqkN,inference_affirm,dailydilemmas,12,random_projection,0.75,-0.6900368200744221
R_7fTeTaHgGhgcqkN,inference_affirm,dailydilemmas,12,projection_only,0.6666666666666666,-0.6886529159660557
R_7fTeTaHgGhgcqkN,inference_affirm,dailydilemmas,12,projection_alpha,0.6666666666666666,-0.6886529159660557
R_7fTeTaHgGhgcqkN,inference_affirm,dailydilemmas,13,random_projection,0.6923076923076923,-0.6895786733949746
R_7fTeTaHgGhgcqkN,inference_affirm,dailydilemmas,13,projection_only,0.6923076923076923,-0.6578608961066498
R_7fTeTaHgGhgcqkN,inference_affirm,dailydilemmas,13,projection_alpha,0.6923076923076923,-0.6578608961066498
R_7fTeTaHgGhgcqkN,inference_affirm,dailydilemmas,14,random_projection,0.7142857142857143,-0.6875815643938102
R_7fTeTaHgGhgcqkN,inference_affirm,dailydilemmas,14,projection_only,0.7142857142857143,-0.6186556169114329
R_7fTeTaHgGhgcqkN,inference_affirm,dailydilemmas,14,projection_alpha,0.7142857142857143,-0.6186556169114329
R_7fTeTaHgGhgcqkN,inference_affirm,dailydilemmas,15,random_projection,0.8,-0.6863733861358091
R_7fTeTaHgGhgcqkN,inference_affirm,dailydilemmas,15,projection_only,0.8,-0.5940441807029305
R_7fTeTaHgGhgcqkN,inference_affirm,dailydilemmas,15,projection_alpha,0.8,-0.5940441807029305
R_7fTeTaHgGhgcqkN,inference_affirm,dailydilemmas,16,random_projection,0.75,-0.6880076441042313
R_7fTeTaHgGhgcqkN,inference_affirm,dailydilemmas,16,projection_only,0.8125,-0.58887830248267
R_7fTeTaHgGhgcqkN,inference_affirm,dailydilemmas,16,projection_alpha,0.8125,-0.58887830248267
R_7fTeTaHgGhgcqkN,inference_affirm,dailydilemmas,17,random_projection,0.6470588235294118,-0.6895776746684164
R_7fTeTaHgGhgcqkN,inference_affirm,dailydilemmas,17,projection_only,0.7647058823529411,-0.585920285851347
R_7fTeTaHgGhgcqkN,inference_affirm,dailydilemmas,17,projection_alpha,0.7647058823529411,-0.585920285851347
R_7fTeTaHgGhgcqkN,inference_affirm,dailydilemmas,18,random_projection,0.6111111111111112,-0.6903262386932045
R_7fTeTaHgGhgcqkN,inference_affirm,dailydilemmas,18,projection_only,0.7777777777777778,-0.5531664682333117
R_7fTeTaHgGhgcqkN,inference_affirm,dailydilemmas,18,projection_alpha,0.7777777777777778,-0.5531664682333117
R_7fTeTaHgGhgcqkN,inference_affirm,dailydilemmas,19,random_projection,0.6842105263157895,-0.6902618701554284
R_7fTeTaHgGhgcqkN,inference_affirm,dailydilemmas,19,projection_only,0.7894736842105263,-0.5233303144557245
R_7fTeTaHgGhgcqkN,inference_affirm,dailydilemmas,19,projection_alpha,0.7894736842105263,-0.5233303144557245
R_7fTeTaHgGhgcqkN,inference_affirm,dailydilemmas,20,random_projection,0.7,-0.689715307405951
R_7fTeTaHgGhgcqkN,inference_affirm,dailydilemmas,20,projection_only,0.8,-0.5090063697947909
R_7fTeTaHgGhgcqkN,inference_affirm,dailydilemmas,20,projection_alpha,0.8,-0.5090063697947909
R_12tlw5u4cVbNiP1,inference_affirm,dailydilemmas,3,random_projection,0.6666666666666666,-0.6921128468675003
R_12tlw5u4cVbNiP1,inference_affirm,dailydilemmas,3,projection_only,0.6666666666666666,-0.5819627672295903
R_12tlw5u4cVbNiP1,inference_affirm,dailydilemmas,3,projection_alpha,0.6666666666666666,-0.5819627672295903
R_12tlw5u4cVbNiP1,inference_affirm,dailydilemmas,4,random_projection,0.5,-0.693130837867543
R_12tlw5u4cVbNiP1,inference_affirm,dailydilemmas,4,projection_only,0.5,-0.7750112246525911
R_12tlw5u4cVbNiP1,inference_affirm,dailydilemmas,4,projection_alpha,0.5,-0.7750112246525911
R_12tlw5u4cVbNiP1,inference_affirm,dailydilemmas,5,random_projection,0.8,-0.6920545857285875
R_12tlw5u4cVbNiP1,inference_affirm,dailydilemmas,5,projection_only,0.6,-0.6673285434301399
R_12tlw5u4cVbNiP1,inference_affirm,dailydilemmas,5,projection_alpha,0.6,-0.6673285434301399
R_12tlw5u4cVbNiP1,inference_affirm,dailydilemmas,6,random_projection,0.8333333333333334,-0.6918190643766523
R_12tlw5u4cVbNiP1,inference_affirm,dailydilemmas,6,projection_only,0.8333333333333334,-0.6560194733338968
R_12tlw5u4cVbNiP1,inference_affirm,dailydilemmas,6,projection_alpha,0.8333333333333334,-0.6560194733338968
R_12tlw5u4cVbNiP1,inference_affirm,dailydilemmas,7,random_projection,0.8571428571428571,-0.6910512319251889
R_12tlw5u4cVbNiP1,inference_affirm,dailydilemmas,7,projection_only,0.7142857142857143,-0.5828478979905628
R_12tlw5u4cVbNiP1,inference_affirm,dailydilemmas,7,projection_alpha,0.7142857142857143,-0.5828478979905628
R_12tlw5u4cVbNiP1,inference_affirm,dailydilemmas,8,random_projection,0.625,-0.6925721299390869
R_12tlw5u4cVbNiP1,inference_affirm,dailydilemmas,8,projection_only,0.875,-0.5643144834399809
R_12tlw5u4cVbNiP1,inference_affirm,dailydilemmas,8,projection_alpha,0.875,-0.5643144834399809
R_12tlw5u4cVbNiP1,inference_affirm,dailydilemmas,9,random_projection,0.7777777777777778,-0.6918129599379887
R_12tlw5u4cVbNiP1,inference_affirm,dailydilemmas,9,projection_only,0.8888888888888888,-0.5205636617260603
R_12tlw5u4cVbNiP1,inference_affirm,dailydilemmas,9,projection_alpha,0.8888888888888888,-0.5205636617260603
R_12tlw5u4cVbNiP1,inference_affirm,dailydilemmas,10,random_projection,0.6,-0.6920858602481014
R_12tlw5u4cVbNiP1,inference_affirm,dailydilemmas,10,projection_only,0.8,-0.6037591710586051
R_12tlw5u4cVbNiP1,inference_affirm,dailydilemmas,10,projection_alpha,0.8,-0.6037591710586051
R_12tlw5u4cVbNiP1,inference_affirm,dailydilemmas,11,random_projection,0.6363636363636364,-0.6912447564245884
R_12tlw5u4cVbNiP1,inference_affirm,dailydilemmas,11,projection_only,0.7272727272727273,-0.6399369308485684
R_12tlw5u4cVbNiP1,inference_affirm,dailydilemmas,11,projection_alpha,0.7272727272727273,-0.6399369308485684
R_12tlw5u4cVbNiP1,inference_affirm,dailydilemmas,12,random_projection,0.75,-0.6911853053194427
R_12tlw5u4cVbNiP1,inference_affirm,dailydilemmas,12,projection_only,0.75,-0.6144202113170301
R_12tlw5u4cVbNiP1,inference_affirm,dailydilemmas,12,projection_alpha,0.75,-0.6144202113170301
R_12tlw5u4cVbNiP1,inference_affirm,dailydilemmas,13,random_projection,0.6923076923076923,-0.6904345509866273
R_12tlw5u4cVbNiP1,inference_affirm,dailydilemmas,13,projection_only,0.7692307692307693,-0.6117308387633146
R_12tlw5u4cVbNiP1,inference_affirm,dailydilemmas,13,projection_alpha,0.7692307692307693,-0.6117308387633146
R_12tlw5u4cVbNiP1,inference_affirm,dailydilemmas,14,random_projection,0.7142857142857143,-0.6897900063407049
R_12tlw5u4cVbNiP1,inference_affirm,dailydilemmas,14,projection_only,0.7857142857142857,-0.59383193830038
R_12tlw5u4cVbNiP1,inference_affirm,dailydilemmas,14,projection_alpha,0.7857142857142857,-0.59383193830038
R_12tlw5u4cVbNiP1,inference_affirm,dailydilemmas,15,random_projection,0.7333333333333333,-0.6897750314181598
R_12tlw5u4cVbNiP1,inference_affirm,dailydilemmas,15,projection_only,0.8,-0.5631400334197917
R_12tlw5u4cVbNiP1,inference_affirm,dailydilemmas,15,projection_alpha,0.8,-0.5631400334197917
R_12tlw5u4cVbNiP1,inference_affirm,dailydilemmas,16,random_projection,0.6875,-0.6908710581038879
R_12tlw5u4cVbNiP1,inference_affirm,dailydilemmas,16,projection_only,0.8125,-0.5559412503730117
R_12tlw5u4cVbNiP1,inference_affirm,dailydilemmas,16,projection_alpha,0.8125,-0.5559412503730117
R_12tlw5u4cVbNiP1,inference_affirm,dailydilemmas,17,random_projection,0.7058823529411765,-0.6897795856740672
R_12tlw5u4cVbNiP1,inference_affirm,dailydilemmas,17,projection_only,0.8235294117647058,-0.5220263077182666
R_12tlw5u4cVbNiP1,inference_affirm,dailydilemmas,17,projection_alpha,0.8235294117647058,-0.5220263077182666
R_12tlw5u4cVbNiP1,inference_affirm,dailydilemmas,18,random_projection,0.7222222222222222,-0.6894830691969442
R_12tlw5u4cVbNiP1,inference_affirm,dailydilemmas,18,projection_only,0.8333333333333334,-0.5010931476734742
R_12tlw5u4cVbNiP1,inference_affirm,dailydilemmas,18,projection_alpha,0.8333333333333334,-0.5010931476734742
R_12tlw5u4cVbNiP1,inference_affirm,dailydilemmas,19,random_projection,0.7368421052631579,-0.6885208242182571
R_12tlw5u4cVbNiP1,inference_affirm,dailydilemmas,19,projection_only,0.8421052631578947,-0.4764172575468095
R_12tlw5u4cVbNiP1,inference_affirm,dailydilemmas,19,projection_alpha,0.8421052631578947,-0.4764172575468095
R_12tlw5u4cVbNiP1,inference_affirm,dailydilemmas,20,random_projection,0.75,-0.6883029700340085
R_12tlw5u4cVbNiP1,inference_affirm,dailydilemmas,20,projection_only,0.85,-0.4608646742745403
R_12tlw5u4cVbNiP1,inference_affirm,dailydilemmas,20,projection_alpha,0.85,-0.4608646742745403
