condition,lambda,gamma,alpha,test_ll_std,test_ll_part,test_ll_blend,test_acc_std,test_acc_part,test_acc_blend,delta_ll,delta_acc,n_obs
choice_only,0.001,0.0,0.0,-0.6926096445676121,-0.8003967364902941,-0.6926096445676121,0.6177419354838709,0.5532258064516129,0.6177419354838709,0.0,0.0,62
choice_only,0.001,0.0,0.25,-0.6926096445676121,-0.8003967364902941,-0.6926096445676121,0.6177419354838709,0.5532258064516129,0.6177419354838709,0.0,0.0,62
choice_only,0.001,0.0,0.5,-0.6926096445676121,-0.8003967364902941,-0.6926096445676121,0.6177419354838709,0.5532258064516129,0.6177419354838709,0.0,0.0,62
choice_only,0.001,0.0,0.75,-0.6926096445676121,-0.8003967364902941,-0.6926096445676121,0.6177419354838709,0.5532258064516129,0.6177419354838709,0.0,0.0,62
choice_only,0.001,0.0,1.0,-0.6926096445676121,-0.8003967364902941,-0.6926096445676121,0.6177419354838709,0.5532258064516129,0.6177419354838709,0.0,0.0,62
choice_only,0.001,0.25,0.0,-0.6926096445676121,-0.8003967364902941,-0.6628882936004495,0.6177419354838709,0.5532258064516129,0.5532258064516129,0.02972135096716253,-0.06451612903225806,62
choice_only,0.001,0.25,0.25,-0.6926096445676121,-0.8003967364902941,-0.6628882936004495,0.6177419354838709,0.5532258064516129,0.5532258064516129,0.02972135096716253,-0.06451612903225806,62
choice_only,0.001,0.25,0.5,-0.6926096445676121,-0.8003967364902941,-0.6628882936004495,0.6177419354838709,0.5532258064516129,0.5532258064516129,0.02972135096716253,-0.06451612903225806,62
choice_only,0.001,0.25,0.75,-0.6926096445676121,-0.8003967364902941,-0.6628882936004495,0.6177419354838709,0.5532258064516129,0.5532258064516129,0.02972135096716253,-0.06451612903225806,62
choice_only,0.001,0.25,1.0,-0.6926096445676121,-0.8003967364902941,-0.6628882936004495,0.6177419354838709,0.5532258064516129,0.5532258064516129,0.02972135096716253,-0.06451612903225806,62
choice_only,0.001,0.5,0.0,-0.6926096445676121,-0.8003967364902941,-0.679694221080749,0.6177419354838709,0.5532258064516129,0.5532258064516129,0.012915423486863078,-0.06451612903225806,62
choice_only,0.001,0.5,0.25,-0.6926096445676121,-0.8003967364902941,-0.679694221080749,0.6177419354838709,0.5532258064516129,0.5532258064516129,0.012915423486863078,-0.06451612903225806,62
choice_only,0.001,0.5,0.5,-0.6926096445676121,-0.8003967364902941,-0.679694221080749,0.6177419354838709,0.5532258064516129,0.5532258064516129,0.012915423486863078,-0.06451612903225806,62
choice_only,0.001,0.5,0.75,-0.6926096445676121,-0.8003967364902941,-0.679694221080749,0.6177419354838709,0.5532258064516129,0.5532258064516129,0.012915423486863078,-0.06451612903225806,62
choice_only,0.001,0.5,1.0,-0.6926096445676121,-0.8003967364902941,-0.679694221080749,0.6177419354838709,0.5532258064516129,0.5532258064516129,0.012915423486863078,-0.06451612903225806,62
choice_only,0.001,0.75,0.0,-0.6926096445676121,-0.8003967364902941,-0.7291711533094064,0.6177419354838709,0.5532258064516129,0.5532258064516129,-0.03656150874179439,-0.06451612903225806,62
choice_only,0.001,0.75,0.25,-0.6926096445676121,-0.8003967364902941,-0.7291711533094064,0.6177419354838709,0.5532258064516129,0.5532258064516129,-0.03656150874179439,-0.06451612903225806,62
choice_only,0.001,0.75,0.5,-0.6926096445676121,-0.8003967364902941,-0.7291711533094064,0.6177419354838709,0.5532258064516129,0.5532258064516129,-0.03656150874179439,-0.06451612903225806,62
choice_only,0.001,0.75,0.75,-0.6926096445676121,-0.8003967364902941,-0.7291711533094064,0.6177419354838709,0.5532258064516129,0.5532258064516129,-0.03656150874179439,-0.06451612903225806,62
choice_only,0.001,0.75,1.0,-0.6926096445676121,-0.8003967364902941,-0.7291711533094064,0.6177419354838709,0.5532258064516129,0.5532258064516129,-0.03656150874179439,-0.06451612903225806,62
choice_only,0.001,1.0,0.0,-0.6926096445676121,-0.8003967364902941,-0.8003967364902941,0.6177419354838709,0.5532258064516129,0.5532258064516129,-0.10778709192268195,-0.06451612903225806,62
choice_only,0.001,1.0,0.25,-0.6926096445676121,-0.8003967364902941,-0.8003967364902941,0.6177419354838709,0.5532258064516129,0.5532258064516129,-0.10778709192268195,-0.06451612903225806,62
choice_only,0.001,1.0,0.5,-0.6926096445676121,-0.8003967364902941,-0.8003967364902941,0.6177419354838709,0.5532258064516129,0.5532258064516129,-0.10778709192268195,-0.06451612903225806,62
choice_only,0.001,1.0,0.75,-0.6926096445676121,-0.8003967364902941,-0.8003967364902941,0.6177419354838709,0.5532258064516129,0.5532258064516129,-0.10778709192268195,-0.06451612903225806,62
choice_only,0.001,1.0,1.0,-0.6926096445676121,-0.8003967364902941,-0.8003967364902941,0.6177419354838709,0.5532258064516129,0.5532258064516129,-0.10778709192268195,-0.06451612903225806,62
choice_only,0.005,0.0,0.0,-0.6926096445676121,-0.6566135735271883,-0.6926096445676121,0.6177419354838709,0.6032258064516128,0.6177419354838709,0.0,0.0,62
choice_only,0.005,0.0,0.25,-0.6926096445676121,-0.6566135735271883,-0.6926096445676121,0.6177419354838709,0.6032258064516128,0.6177419354838709,0.0,0.0,62
choice_only,0.005,0.0,0.5,-0.6926096445676121,-0.6566135735271883,-0.6926096445676121,0.6177419354838709,0.6032258064516128,0.6177419354838709,0.0,0.0,62
choice_only,0.005,0.0,0.75,-0.6926096445676121,-0.6566135735271883,-0.6926096445676121,0.6177419354838709,0.6032258064516128,0.6177419354838709,0.0,0.0,62
choice_only,0.005,0.0,1.0,-0.6926096445676121,-0.6566135735271883,-0.6926096445676121,0.6177419354838709,0.6032258064516128,0.6177419354838709,0.0,0.0,62
choice_only,0.005,0.25,0.0,-0.6926096445676121,-0.6566135735271883,-0.663270607270452,0.6177419354838709,0.6032258064516128,0.6032258064516128,0.029339037297160104,-0.014516129032258069,62
choice_only,0.005,0.25,0.25,-0.6926096445676121,-0.6566135735271883,-0.663270607270452,0.6177419354838709,0.6032258064516128,0.6032258064516128,0.029339037297160104,-0.014516129032258069,62
choice_only,0.005,0.25,0.5,-0.6926096445676121,-0.6566135735271883,-0.663270607270452,0.6177419354838709,0.6032258064516128,0.6032258064516128,0.029339037297160104,-0.014516129032258069,62
choice_only,0.005,0.25,0.75,-0.6926096445676121,-0.6566135735271883,-0.663270607270452,0.6177419354838709,0.6032258064516128,0.6032258064516128,0.029339037297160104,-0.014516129032258069,62
choice_only,0.005,0.25,1.0,-0.6926096445676121,-0.6566135735271883,-0.663270607270452,0.6177419354838709,0.6032258064516128,0.6032258064516128,0.029339037297160104,-0.014516129032258069,62
choice_only,0.005,0.5,0.0,-0.6926096445676121,-0.6566135735271883,-0.6489858027982378,0.6177419354838709,0.6032258064516128,0.6032258064516128,0.043623841769374276,-0.014516129032258069,62
choice_only,0.005,0.5,0.25,-0.6926096445676121,-0.6566135735271883,-0.6489858027982378,0.6177419354838709,0.6032258064516128,0.6032258064516128,0.043623841769374276,-0.014516129032258069,62
choice_only,0.005,0.5,0.5,-0.6926096445676121,-0.6566135735271883,-0.6489858027982378,0.6177419354838709,0.6032258064516128,0.6032258064516128,0.043623841769374276,-0.014516129032258069,62
choice_only,0.005,0.5,0.75,-0.6926096445676121,-0.6566135735271883,-0.6489858027982378,0.6177419354838709,0.6032258064516128,0.6032258064516128,0.043623841769374276,-0.014516129032258069,62
choice_only,0.005,0.5,1.0,-0.6926096445676121,-0.6566135735271883,-0.6489858027982378,0.6177419354838709,0.6032258064516128,0.6032258064516128,0.043623841769374276,-0.014516129032258069,62
choice_only,0.005,0.75,0.0,-0.6926096445676121,-0.6566135735271883,-0.6475596232074482,0.6177419354838709,0.6032258064516128,0.6032258064516128,0.04505002136016397,-0.014516129032258069,62
choice_only,0.005,0.75,0.25,-0.6926096445676121,-0.6566135735271883,-0.6475596232074482,0.6177419354838709,0.6032258064516128,0.6032258064516128,0.04505002136016397,-0.014516129032258069,62
choice_only,0.005,0.75,0.5,-0.6926096445676121,-0.6566135735271883,-0.6475596232074482,0.6177419354838709,0.6032258064516128,0.6032258064516128,0.04505002136016397,-0.014516129032258069,62
choice_only,0.005,0.75,0.75,-0.6926096445676121,-0.6566135735271883,-0.6475596232074482,0.6177419354838709,0.6032258064516128,0.6032258064516128,0.04505002136016397,-0.014516129032258069,62
choice_only,0.005,0.75,1.0,-0.6926096445676121,-0.6566135735271883,-0.6475596232074482,0.6177419354838709,0.6032258064516128,0.6032258064516128,0.04505002136016397,-0.014516129032258069,62
choice_only,0.005,1.0,0.0,-0.6926096445676121,-0.6566135735271883,-0.6566135735271883,0.6177419354838709,0.6032258064516128,0.6032258064516128,0.03599607104042383,-0.014516129032258069,62
choice_only,0.005,1.0,0.25,-0.6926096445676121,-0.6566135735271883,-0.6566135735271883,0.6177419354838709,0.6032258064516128,0.6032258064516128,0.03599607104042383,-0.014516129032258069,62
choice_only,0.005,1.0,0.5,-0.6926096445676121,-0.6566135735271883,-0.6566135735271883,0.6177419354838709,0.6032258064516128,0.6032258064516128,0.03599607104042383,-0.014516129032258069,62
choice_only,0.005,1.0,0.75,-0.6926096445676121,-0.6566135735271883,-0.6566135735271883,0.6177419354838709,0.6032258064516128,0.6032258064516128,0.03599607104042383,-0.014516129032258069,62
choice_only,0.005,1.0,1.0,-0.6926096445676121,-0.6566135735271883,-0.6566135735271883,0.6177419354838709,0.6032258064516128,0.6032258064516128,0.03599607104042383,-0.014516129032258069,62
choice_only,0.01,0.0,0.0,-0.6926096445676121,-0.6426212821812662,-0.6926096445676121,0.6177419354838709,0.6225806451612903,0.6177419354838709,0.0,0.0,62
choice_only,0.01,0.0,0.25,-0.6926096445676121,-0.6426212821812662,-0.6926096445676121,0.6177419354838709,0.6225806451612903,0.6177419354838709,0.0,0.0,62
choice_only,0.01,0.0,0.5,-0.6926096445676121,-0.6426212821812662,-0.6926096445676121,0.6177419354838709,0.6225806451612903,0.6177419354838709,0.0,0.0,62
choice_only,0.01,0.0,0.75,-0.6926096445676121,-0.6426212821812662,-0.6926096445676121,0.6177419354838709,0.6225806451612903,0.6177419354838709,0.0,0.0,62
choice_only,0.01,0.0,1.0,-0.6926096445676121,-0.6426212821812662,-0.6926096445676121,0.6177419354838709,0.6225806451612903,0.6177419354838709,0.0,0.0,62
choice_only,0.01,0.25,0.0,-0.6926096445676121,-0.6426212821812662,-0.6679039264631613,0.6177419354838709,0.6225806451612903,0.6225806451612903,0.024705718104450797,0.004838709677419352,62
choice_only,0.01,0.25,0.25,-0.6926096445676121,-0.6426212821812662,-0.6679039264631613,0.6177419354838709,0.6225806451612903,0.6225806451612903,0.024705718104450797,0.004838709677419352,62
choice_only,0.01,0.25,0.5,-0.6926096445676121,-0.6426212821812662,-0.6679039264631613,0.6177419354838709,0.6225806451612903,0.6225806451612903,0.024705718104450797,0.004838709677419352,62
choice_only,0.01,0.25,0.75,-0.6926096445676121,-0.6426212821812662,-0.6679039264631613,0.6177419354838709,0.6225806451612903,0.6225806451612903,0.024705718104450797,0.004838709677419352,62
choice_only,0.01,0.25,1.0,-0.6926096445676121,-0.6426212821812662,-0.6679039264631613,0.6177419354838709,0.6225806451612903,0.6225806451612903,0.024705718104450797,0.004838709677419352,62
choice_only,0.01,0.5,0.0,-0.6926096445676121,-0.6426212821812662,-0.6519531874436474,0.6177419354838709,0.6225806451612903,0.6225806451612903,0.04065645712396476,0.004838709677419352,62
choice_only,0.01,0.5,0.25,-0.6926096445676121,-0.6426212821812662,-0.6519531874436474,0.6177419354838709,0.6225806451612903,0.6225806451612903,0.04065645712396476,0.004838709677419352,62
choice_only,0.01,0.5,0.5,-0.6926096445676121,-0.6426212821812662,-0.6519531874436474,0.6177419354838709,0.6225806451612903,0.6225806451612903,0.04065645712396476,0.004838709677419352,62
choice_only,0.01,0.5,0.75,-0.6926096445676121,-0.6426212821812662,-0.6519531874436474,0.6177419354838709,0.6225806451612903,0.6225806451612903,0.04065645712396476,0.004838709677419352,62
choice_only,0.01,0.5,1.0,-0.6926096445676121,-0.6426212821812662,-0.6519531874436474,0.6177419354838709,0.6225806451612903,0.6225806451612903,0.04065645712396476,0.004838709677419352,62
choice_only,0.01,0.75,0.0,-0.6926096445676121,-0.6426212821812662,-0.6438759082267657,0.6177419354838709,0.6225806451612903,0.6225806451612903,0.04873373634084642,0.004838709677419352,62
choice_only,0.01,0.75,0.25,-0.6926096445676121,-0.6426212821812662,-0.6438759082267657,0.6177419354838709,0.6225806451612903,0.6225806451612903,0.04873373634084642,0.004838709677419352,62
choice_only,0.01,0.75,0.5,-0.6926096445676121,-0.6426212821812662,-0.6438759082267657,0.6177419354838709,0.6225806451612903,0.6225806451612903,0.04873373634084642,0.004838709677419352,62
choice_only,0.01,0.75,0.75,-0.6926096445676121,-0.6426212821812662,-0.6438759082267657,0.6177419354838709,0.6225806451612903,0.6225806451612903,0.04873373634084642,0.004838709677419352,62
choice_only,0.01,0.75,1.0,-0.6926096445676121,-0.6426212821812662,-0.6438759082267657,0.6177419354838709,0.6225806451612903,0.6225806451612903,0.04873373634084642,0.004838709677419352,62
choice_only,0.01,1.0,0.0,-0.6926096445676121,-0.6426212821812662,-0.6426212821812662,0.6177419354838709,0.6225806451612903,0.6225806451612903,0.049988362386345915,0.004838709677419352,62
choice_only,0.01,1.0,0.25,-0.6926096445676121,-0.6426212821812662,-0.6426212821812662,0.6177419354838709,0.6225806451612903,0.6225806451612903,0.049988362386345915,0.004838709677419352,62
choice_only,0.01,1.0,0.5,-0.6926096445676121,-0.6426212821812662,-0.6426212821812662,0.6177419354838709,0.6225806451612903,0.6225806451612903,0.049988362386345915,0.004838709677419352,62
choice_only,0.01,1.0,0.75,-0.6926096445676121,-0.6426212821812662,-0.6426212821812662,0.6177419354838709,0.6225806451612903,0.6225806451612903,0.049988362386345915,0.004838709677419352,62
choice_only,0.01,1.0,1.0,-0.6926096445676121,-0.6426212821812662,-0.6426212821812662,0.6177419354838709,0.6225806451612903,0.6225806451612903,0.049988362386345915,0.004838709677419352,62
choice_only,0.025,0.0,0.0,-0.6926096445676121,-0.6449132594871446,-0.6926096445676121,0.6177419354838709,0.6266129032258064,0.6177419354838709,0.0,0.0,62
choice_only,0.025,0.0,0.25,-0.6926096445676121,-0.6449132594871446,-0.6926096445676121,0.6177419354838709,0.6266129032258064,0.6177419354838709,0.0,0.0,62
choice_only,0.025,0.0,0.5,-0.6926096445676121,-0.6449132594871446,-0.6926096445676121,0.6177419354838709,0.6266129032258064,0.6177419354838709,0.0,0.0,62
choice_only,0.025,0.0,0.75,-0.6926096445676121,-0.6449132594871446,-0.6926096445676121,0.6177419354838709,0.6266129032258064,0.6177419354838709,0.0,0.0,62
choice_only,0.025,0.0,1.0,-0.6926096445676121,-0.6449132594871446,-0.6926096445676121,0.6177419354838709,0.6266129032258064,0.6177419354838709,0.0,0.0,62
choice_only,0.025,0.25,0.0,-0.6926096445676121,-0.6449132594871446,-0.6753185410804703,0.6177419354838709,0.6266129032258064,0.6266129032258064,0.017291103487141794,0.008870967741935482,62
choice_only,0.025,0.25,0.25,-0.6926096445676121,-0.6449132594871446,-0.6753185410804703,0.6177419354838709,0.6266129032258064,0.6266129032258064,0.017291103487141794,0.008870967741935482,62
choice_only,0.025,0.25,0.5,-0.6926096445676121,-0.6449132594871446,-0.6753185410804703,0.6177419354838709,0.6266129032258064,0.6266129032258064,0.017291103487141794,0.008870967741935482,62
choice_only,0.025,0.25,0.75,-0.6926096445676121,-0.6449132594871446,-0.6753185410804703,0.6177419354838709,0.6266129032258064,0.6266129032258064,0.017291103487141794,0.008870967741935482,62
choice_only,0.025,0.25,1.0,-0.6926096445676121,-0.6449132594871446,-0.6753185410804703,0.6177419354838709,0.6266129032258064,0.6266129032258064,0.017291103487141794,0.008870967741935482,62
choice_only,0.025,0.5,0.0,-0.6926096445676121,-0.6449132594871446,-0.6617466706275245,0.6177419354838709,0.6266129032258064,0.6266129032258064,0.03086297394008765,0.008870967741935482,62
choice_only,0.025,0.5,0.25,-0.6926096445676121,-0.6449132594871446,-0.6617466706275245,0.6177419354838709,0.6266129032258064,0.6266129032258064,0.03086297394008765,0.008870967741935482,62
choice_only,0.025,0.5,0.5,-0.6926096445676121,-0.6449132594871446,-0.6617466706275245,0.6177419354838709,0.6266129032258064,0.6266129032258064,0.03086297394008765,0.008870967741935482,62
choice_only,0.025,0.5,0.75,-0.6926096445676121,-0.6449132594871446,-0.6617466706275245,0.6177419354838709,0.6266129032258064,0.6266129032258064,0.03086297394008765,0.008870967741935482,62
choice_only,0.025,0.5,1.0,-0.6926096445676121,-0.6449132594871446,-0.6617466706275245,0.6177419354838709,0.6266129032258064,0.6266129032258064,0.03086297394008765,0.008870967741935482,62
choice_only,0.025,0.75,0.0,-0.6926096445676121,-0.6449132594871446,-0.6516994998751707,0.6177419354838709,0.6266129032258064,0.6266129032258064,0.040910144692441426,0.008870967741935482,62
choice_only,0.025,0.75,0.25,-0.6926096445676121,-0.6449132594871446,-0.6516994998751707,0.6177419354838709,0.6266129032258064,0.6266129032258064,0.040910144692441426,0.008870967741935482,62
choice_only,0.025,0.75,0.5,-0.6926096445676121,-0.6449132594871446,-0.6516994998751707,0.6177419354838709,0.6266129032258064,0.6266129032258064,0.040910144692441426,0.008870967741935482,62
choice_only,0.025,0.75,0.75,-0.6926096445676121,-0.6449132594871446,-0.6516994998751707,0.6177419354838709,0.6266129032258064,0.6266129032258064,0.040910144692441426,0.008870967741935482,62
choice_only,0.025,0.75,1.0,-0.6926096445676121,-0.6449132594871446,-0.6516994998751707,0.6177419354838709,0.6266129032258064,0.6266129032258064,0.040910144692441426,0.008870967741935482,62
choice_only,0.025,1.0,0.0,-0.6926096445676121,-0.6449132594871446,-0.6449132594871446,0.6177419354838709,0.6266129032258064,0.6266129032258064,0.04769638508046749,0.008870967741935482,62
choice_only,0.025,1.0,0.25,-0.6926096445676121,-0.6449132594871446,-0.6449132594871446,0.6177419354838709,0.6266129032258064,0.6266129032258064,0.04769638508046749,0.008870967741935482,62
choice_only,0.025,1.0,0.5,-0.6926096445676121,-0.6449132594871446,-0.6449132594871446,0.6177419354838709,0.6266129032258064,0.6266129032258064,0.04769638508046749,0.008870967741935482,62
choice_only,0.025,1.0,0.75,-0.6926096445676121,-0.6449132594871446,-0.6449132594871446,0.6177419354838709,0.6266129032258064,0.6266129032258064,0.04769638508046749,0.008870967741935482,62
choice_only,0.025,1.0,1.0,-0.6926096445676121,-0.6449132594871446,-0.6449132594871446,0.6177419354838709,0.6266129032258064,0.6266129032258064,0.04769638508046749,0.008870967741935482,62
choice_only,0.05,0.0,0.0,-0.6926096445676121,-0.6548652643993677,-0.6926096445676121,0.6177419354838709,0.6298387096774193,0.6177419354838709,0.0,0.0,62
choice_only,0.05,0.0,0.25,-0.6926096445676121,-0.6548652643993677,-0.6926096445676121,0.6177419354838709,0.6298387096774193,0.6177419354838709,0.0,0.0,62
choice_only,0.05,0.0,0.5,-0.6926096445676121,-0.6548652643993677,-0.6926096445676121,0.6177419354838709,0.6298387096774193,0.6177419354838709,0.0,0.0,62
choice_only,0.05,0.0,0.75,-0.6926096445676121,-0.6548652643993677,-0.6926096445676121,0.6177419354838709,0.6298387096774193,0.6177419354838709,0.0,0.0,62
choice_only,0.05,0.0,1.0,-0.6926096445676121,-0.6548652643993677,-0.6926096445676121,0.6177419354838709,0.6298387096774193,0.6177419354838709,0.0,0.0,62
choice_only,0.05,0.25,0.0,-0.6926096445676121,-0.6548652643993677,-0.680735963831851,0.6177419354838709,0.6298387096774193,0.6298387096774193,0.011873680735761064,0.012096774193548385,62
choice_only,0.05,0.25,0.25,-0.6926096445676121,-0.6548652643993677,-0.680735963831851,0.6177419354838709,0.6298387096774193,0.6298387096774193,0.011873680735761064,0.012096774193548385,62
choice_only,0.05,0.25,0.5,-0.6926096445676121,-0.6548652643993677,-0.680735963831851,0.6177419354838709,0.6298387096774193,0.6298387096774193,0.011873680735761064,0.012096774193548385,62
choice_only,0.05,0.25,0.75,-0.6926096445676121,-0.6548652643993677,-0.680735963831851,0.6177419354838709,0.6298387096774193,0.6298387096774193,0.011873680735761064,0.012096774193548385,62
choice_only,0.05,0.25,1.0,-0.6926096445676121,-0.6548652643993677,-0.680735963831851,0.6177419354838709,0.6298387096774193,0.6298387096774193,0.011873680735761064,0.012096774193548385,62
choice_only,0.05,0.5,0.0,-0.6926096445676121,-0.6548652643993677,-0.6705194314242218,0.6177419354838709,0.6298387096774193,0.6298387096774193,0.022090213143390314,0.012096774193548385,62
choice_only,0.05,0.5,0.25,-0.6926096445676121,-0.6548652643993677,-0.6705194314242218,0.6177419354838709,0.6298387096774193,0.6298387096774193,0.022090213143390314,0.012096774193548385,62
choice_only,0.05,0.5,0.5,-0.6926096445676121,-0.6548652643993677,-0.6705194314242218,0.6177419354838709,0.6298387096774193,0.6298387096774193,0.022090213143390314,0.012096774193548385,62
choice_only,0.05,0.5,0.75,-0.6926096445676121,-0.6548652643993677,-0.6705194314242218,0.6177419354838709,0.6298387096774193,0.6298387096774193,0.022090213143390314,0.012096774193548385,62
choice_only,0.05,0.5,1.0,-0.6926096445676121,-0.6548652643993677,-0.6705194314242218,0.6177419354838709,0.6298387096774193,0.6298387096774193,0.022090213143390314,0.012096774193548385,62
choice_only,0.05,0.75,0.0,-0.6926096445676121,-0.6548652643993677,-0.6619170763104428,0.6177419354838709,0.6298387096774193,0.6298387096774193,0.030692568257169248,0.012096774193548385,62
choice_only,0.05,0.75,0.25,-0.6926096445676121,-0.6548652643993677,-0.6619170763104428,0.6177419354838709,0.6298387096774193,0.6298387096774193,0.030692568257169248,0.012096774193548385,62
choice_only,0.05,0.75,0.5,-0.6926096445676121,-0.6548652643993677,-0.6619170763104428,0.6177419354838709,0.6298387096774193,0.6298387096774193,0.030692568257169248,0.012096774193548385,62
choice_only,0.05,0.75,0.75,-0.6926096445676121,-0.6548652643993677,-0.6619170763104428,0.6177419354838709,0.6298387096774193,0.6298387096774193,0.030692568257169248,0.012096774193548385,62
choice_only,0.05,0.75,1.0,-0.6926096445676121,-0.6548652643993677,-0.6619170763104428,0.6177419354838709,0.6298387096774193,0.6298387096774193,0.030692568257169248,0.012096774193548385,62
choice_only,0.05,1.0,0.0,-0.6926096445676121,-0.6548652643993677,-0.6548652643993677,0.6177419354838709,0.6298387096774193,0.6298387096774193,0.03774438016824445,0.012096774193548385,62
choice_only,0.05,1.0,0.25,-0.6926096445676121,-0.6548652643993677,-0.6548652643993677,0.6177419354838709,0.6298387096774193,0.6298387096774193,0.03774438016824445,0.012096774193548385,62
choice_only,0.05,1.0,0.5,-0.6926096445676121,-0.6548652643993677,-0.6548652643993677,0.6177419354838709,0.6298387096774193,0.6298387096774193,0.03774438016824445,0.012096774193548385,62
choice_only,0.05,1.0,0.75,-0.6926096445676121,-0.6548652643993677,-0.6548652643993677,0.6177419354838709,0.6298387096774193,0.6298387096774193,0.03774438016824445,0.012096774193548385,62
choice_only,0.05,1.0,1.0,-0.6926096445676121,-0.6548652643993677,-0.6548652643993677,0.6177419354838709,0.6298387096774193,0.6298387096774193,0.03774438016824445,0.012096774193548385,62
choice_only,0.1,0.0,0.0,-0.6926096445676121,-0.6666656455954367,-0.6926096445676121,0.6177419354838709,0.6185483870967742,0.6177419354838709,0.0,0.0,62
choice_only,0.1,0.0,0.25,-0.6926096445676121,-0.6666656455954367,-0.6926096445676121,0.6177419354838709,0.6185483870967742,0.6177419354838709,0.0,0.0,62
choice_only,0.1,0.0,0.5,-0.6926096445676121,-0.6666656455954367,-0.6926096445676121,0.6177419354838709,0.6185483870967742,0.6177419354838709,0.0,0.0,62
choice_only,0.1,0.0,0.75,-0.6926096445676121,-0.6666656455954367,-0.6926096445676121,0.6177419354838709,0.6185483870967742,0.6177419354838709,0.0,0.0,62
choice_only,0.1,0.0,1.0,-0.6926096445676121,-0.6666656455954367,-0.6926096445676121,0.6177419354838709,0.6185483870967742,0.6177419354838709,0.0,0.0,62
choice_only,0.1,0.25,0.0,-0.6926096445676121,-0.6666656455954367,-0.6851914116856432,0.6177419354838709,0.6185483870967742,0.6177419354838709,0.007418232881968822,-1.7906822977825105e-18,62
choice_only,0.1,0.25,0.25,-0.6926096445676121,-0.6666656455954367,-0.6851914116856432,0.6177419354838709,0.6185483870967742,0.6177419354838709,0.007418232881968822,-1.7906822977825105e-18,62
choice_only,0.1,0.25,0.5,-0.6926096445676121,-0.6666656455954367,-0.6851914116856432,0.6177419354838709,0.6185483870967742,0.6177419354838709,0.007418232881968822,-1.7906822977825105e-18,62
choice_only,0.1,0.25,0.75,-0.6926096445676121,-0.6666656455954367,-0.6851914116856432,0.6177419354838709,0.6185483870967742,0.6177419354838709,0.007418232881968822,-1.7906822977825105e-18,62
choice_only,0.1,0.25,1.0,-0.6926096445676121,-0.6666656455954367,-0.6851914116856432,0.6177419354838709,0.6185483870967742,0.6177419354838709,0.007418232881968822,-1.7906822977825105e-18,62
choice_only,0.1,0.5,0.0,-0.6926096445676121,-0.6666656455954367,-0.6783996381251436,0.6177419354838709,0.6185483870967742,0.6185483870967742,0.01421000644246846,0.0008064516129032247,62
choice_only,0.1,0.5,0.25,-0.6926096445676121,-0.6666656455954367,-0.6783996381251436,0.6177419354838709,0.6185483870967742,0.6185483870967742,0.01421000644246846,0.0008064516129032247,62
choice_only,0.1,0.5,0.5,-0.6926096445676121,-0.6666656455954367,-0.6783996381251436,0.6177419354838709,0.6185483870967742,0.6185483870967742,0.01421000644246846,0.0008064516129032247,62
choice_only,0.1,0.5,0.75,-0.6926096445676121,-0.6666656455954367,-0.6783996381251436,0.6177419354838709,0.6185483870967742,0.6185483870967742,0.01421000644246846,0.0008064516129032247,62
choice_only,0.1,0.5,1.0,-0.6926096445676121,-0.6666656455954367,-0.6783996381251436,0.6177419354838709,0.6185483870967742,0.6185483870967742,0.01421000644246846,0.0008064516129032247,62
choice_only,0.1,0.75,0.0,-0.6926096445676121,-0.6666656455954367,-0.6722277889148988,0.6177419354838709,0.6185483870967742,0.6185483870967742,0.020381855652713315,0.0008064516129032247,62
choice_only,0.1,0.75,0.25,-0.6926096445676121,-0.6666656455954367,-0.6722277889148988,0.6177419354838709,0.6185483870967742,0.6185483870967742,0.020381855652713315,0.0008064516129032247,62
choice_only,0.1,0.75,0.5,-0.6926096445676121,-0.6666656455954367,-0.6722277889148988,0.6177419354838709,0.6185483870967742,0.6185483870967742,0.020381855652713315,0.0008064516129032247,62
choice_only,0.1,0.75,0.75,-0.6926096445676121,-0.6666656455954367,-0.6722277889148988,0.6177419354838709,0.6185483870967742,0.6185483870967742,0.020381855652713315,0.0008064516129032247,62
choice_only,0.1,0.75,1.0,-0.6926096445676121,-0.6666656455954367,-0.6722277889148988,0.6177419354838709,0.6185483870967742,0.6185483870967742,0.020381855652713315,0.0008064516129032247,62
choice_only,0.1,1.0,0.0,-0.6926096445676121,-0.6666656455954367,-0.6666656455954367,0.6177419354838709,0.6185483870967742,0.6185483870967742,0.025943998972175378,0.0008064516129032247,62
choice_only,0.1,1.0,0.25,-0.6926096445676121,-0.6666656455954367,-0.6666656455954367,0.6177419354838709,0.6185483870967742,0.6185483870967742,0.025943998972175378,0.0008064516129032247,62
choice_only,0.1,1.0,0.5,-0.6926096445676121,-0.6666656455954367,-0.6666656455954367,0.6177419354838709,0.6185483870967742,0.6185483870967742,0.025943998972175378,0.0008064516129032247,62
choice_only,0.1,1.0,0.75,-0.6926096445676121,-0.6666656455954367,-0.6666656455954367,0.6177419354838709,0.6185483870967742,0.6185483870967742,0.025943998972175378,0.0008064516129032247,62
choice_only,0.1,1.0,1.0,-0.6926096445676121,-0.6666656455954367,-0.6666656455954367,0.6177419354838709,0.6185483870967742,0.6185483870967742,0.025943998972175378,0.0008064516129032247,62
choice_only,0.25,0.0,0.0,-0.6926096445676121,-0.6794606719535176,-0.6926096445676121,0.6177419354838709,0.6112903225806451,0.6177419354838709,0.0,0.0,62
choice_only,0.25,0.0,0.25,-0.6926096445676121,-0.6794606719535176,-0.6926096445676121,0.6177419354838709,0.6112903225806451,0.6177419354838709,0.0,0.0,62
choice_only,0.25,0.0,0.5,-0.6926096445676121,-0.6794606719535176,-0.6926096445676121,0.6177419354838709,0.6112903225806451,0.6177419354838709,0.0,0.0,62
choice_only,0.25,0.0,0.75,-0.6926096445676121,-0.6794606719535176,-0.6926096445676121,0.6177419354838709,0.6112903225806451,0.6177419354838709,0.0,0.0,62
choice_only,0.25,0.0,1.0,-0.6926096445676121,-0.6794606719535176,-0.6926096445676121,0.6177419354838709,0.6112903225806451,0.6177419354838709,0.0,0.0,62
choice_only,0.25,0.25,0.0,-0.6926096445676121,-0.6794606719535176,-0.6891194360727636,0.6177419354838709,0.6112903225806451,0.6185483870967742,0.003490208494848508,0.0008064516129032247,62
choice_only,0.25,0.25,0.25,-0.6926096445676121,-0.6794606719535176,-0.6891194360727636,0.6177419354838709,0.6112903225806451,0.6185483870967742,0.003490208494848508,0.0008064516129032247,62
choice_only,0.25,0.25,0.5,-0.6926096445676121,-0.6794606719535176,-0.6891194360727636,0.6177419354838709,0.6112903225806451,0.6185483870967742,0.003490208494848508,0.0008064516129032247,62
choice_only,0.25,0.25,0.75,-0.6926096445676121,-0.6794606719535176,-0.6891194360727636,0.6177419354838709,0.6112903225806451,0.6185483870967742,0.003490208494848508,0.0008064516129032247,62
choice_only,0.25,0.25,1.0,-0.6926096445676121,-0.6794606719535176,-0.6891194360727636,0.6177419354838709,0.6112903225806451,0.6185483870967742,0.003490208494848508,0.0008064516129032247,62
choice_only,0.25,0.5,0.0,-0.6926096445676121,-0.6794606719535176,-0.6857647866234353,0.6177419354838709,0.6112903225806451,0.6032258064516128,0.006844857944176707,-0.014516129032258067,62
choice_only,0.25,0.5,0.25,-0.6926096445676121,-0.6794606719535176,-0.6857647866234353,0.6177419354838709,0.6112903225806451,0.6032258064516128,0.006844857944176707,-0.014516129032258067,62
choice_only,0.25,0.5,0.5,-0.6926096445676121,-0.6794606719535176,-0.6857647866234353,0.6177419354838709,0.6112903225806451,0.6032258064516128,0.006844857944176707,-0.014516129032258067,62
choice_only,0.25,0.5,0.75,-0.6926096445676121,-0.6794606719535176,-0.6857647866234353,0.6177419354838709,0.6112903225806451,0.6032258064516128,0.006844857944176707,-0.014516129032258067,62
choice_only,0.25,0.5,1.0,-0.6926096445676121,-0.6794606719535176,-0.6857647866234353,0.6177419354838709,0.6112903225806451,0.6032258064516128,0.006844857944176707,-0.014516129032258067,62
choice_only,0.25,0.75,0.0,-0.6926096445676121,-0.6794606719535176,-0.6825453705097471,0.6177419354838709,0.6112903225806451,0.6032258064516128,0.01006427405786499,-0.014516129032258067,62
choice_only,0.25,0.75,0.25,-0.6926096445676121,-0.6794606719535176,-0.6825453705097471,0.6177419354838709,0.6112903225806451,0.6032258064516128,0.01006427405786499,-0.014516129032258067,62
choice_only,0.25,0.75,0.5,-0.6926096445676121,-0.6794606719535176,-0.6825453705097471,0.6177419354838709,0.6112903225806451,0.6032258064516128,0.01006427405786499,-0.014516129032258067,62
choice_only,0.25,0.75,0.75,-0.6926096445676121,-0.6794606719535176,-0.6825453705097471,0.6177419354838709,0.6112903225806451,0.6032258064516128,0.01006427405786499,-0.014516129032258067,62
choice_only,0.25,0.75,1.0,-0.6926096445676121,-0.6794606719535176,-0.6825453705097471,0.6177419354838709,0.6112903225806451,0.6032258064516128,0.01006427405786499,-0.014516129032258067,62
choice_only,0.25,1.0,0.0,-0.6926096445676121,-0.6794606719535176,-0.6794606719535176,0.6177419354838709,0.6112903225806451,0.6112903225806451,0.01314897261409454,-0.006451612903225808,62
choice_only,0.25,1.0,0.25,-0.6926096445676121,-0.6794606719535176,-0.6794606719535176,0.6177419354838709,0.6112903225806451,0.6112903225806451,0.01314897261409454,-0.006451612903225808,62
choice_only,0.25,1.0,0.5,-0.6926096445676121,-0.6794606719535176,-0.6794606719535176,0.6177419354838709,0.6112903225806451,0.6112903225806451,0.01314897261409454,-0.006451612903225808,62
choice_only,0.25,1.0,0.75,-0.6926096445676121,-0.6794606719535176,-0.6794606719535176,0.6177419354838709,0.6112903225806451,0.6112903225806451,0.01314897261409454,-0.006451612903225808,62
choice_only,0.25,1.0,1.0,-0.6926096445676121,-0.6794606719535176,-0.6794606719535176,0.6177419354838709,0.6112903225806451,0.6112903225806451,0.01314897261409454,-0.006451612903225808,62
choice_only,0.5,0.0,0.0,-0.6926096445676121,-0.6855696699072232,-0.6926096445676121,0.6177419354838709,0.607258064516129,0.6177419354838709,0.0,0.0,62
choice_only,0.5,0.0,0.25,-0.6926096445676121,-0.6855696699072232,-0.6926096445676121,0.6177419354838709,0.607258064516129,0.6177419354838709,0.0,0.0,62
choice_only,0.5,0.0,0.5,-0.6926096445676121,-0.6855696699072232,-0.6926096445676121,0.6177419354838709,0.607258064516129,0.6177419354838709,0.0,0.0,62
choice_only,0.5,0.0,0.75,-0.6926096445676121,-0.6855696699072232,-0.6926096445676121,0.6177419354838709,0.607258064516129,0.6177419354838709,0.0,0.0,62
choice_only,0.5,0.0,1.0,-0.6926096445676121,-0.6855696699072232,-0.6926096445676121,0.6177419354838709,0.607258064516129,0.6177419354838709,0.0,0.0,62
choice_only,0.5,0.25,0.0,-0.6926096445676121,-0.6855696699072232,-0.6907954330422067,0.6177419354838709,0.607258064516129,0.614516129032258,0.0018142115254053798,-0.003225806451612904,62
choice_only,0.5,0.25,0.25,-0.6926096445676121,-0.6855696699072232,-0.6907954330422067,0.6177419354838709,0.607258064516129,0.614516129032258,0.0018142115254053798,-0.003225806451612904,62
choice_only,0.5,0.25,0.5,-0.6926096445676121,-0.6855696699072232,-0.6907954330422067,0.6177419354838709,0.607258064516129,0.614516129032258,0.0018142115254053798,-0.003225806451612904,62
choice_only,0.5,0.25,0.75,-0.6926096445676121,-0.6855696699072232,-0.6907954330422067,0.6177419354838709,0.607258064516129,0.614516129032258,0.0018142115254053798,-0.003225806451612904,62
choice_only,0.5,0.25,1.0,-0.6926096445676121,-0.6855696699072232,-0.6907954330422067,0.6177419354838709,0.607258064516129,0.614516129032258,0.0018142115254053798,-0.003225806451612904,62
choice_only,0.5,0.5,0.0,-0.6926096445676121,-0.6855696699072232,-0.68901738584847,0.6177419354838709,0.607258064516129,0.607258064516129,0.003592258719141999,-0.010483870967741938,62
choice_only,0.5,0.5,0.25,-0.6926096445676121,-0.6855696699072232,-0.68901738584847,0.6177419354838709,0.607258064516129,0.607258064516129,0.003592258719141999,-0.010483870967741938,62
choice_only,0.5,0.5,0.5,-0.6926096445676121,-0.6855696699072232,-0.68901738584847,0.6177419354838709,0.607258064516129,0.607258064516129,0.003592258719141999,-0.010483870967741938,62
choice_only,0.5,0.5,0.75,-0.6926096445676121,-0.6855696699072232,-0.68901738584847,0.6177419354838709,0.607258064516129,0.607258064516129,0.003592258719141999,-0.010483870967741938,62
choice_only,0.5,0.5,1.0,-0.6926096445676121,-0.6855696699072232,-0.68901738584847,0.6177419354838709,0.607258064516129,0.607258064516129,0.003592258719141999,-0.010483870967741938,62
choice_only,0.5,0.75,0.0,-0.6926096445676121,-0.6855696699072232,-0.6872754777734302,0.6177419354838709,0.607258064516129,0.6032258064516128,0.005334166794181835,-0.014516129032258067,62
choice_only,0.5,0.75,0.25,-0.6926096445676121,-0.6855696699072232,-0.6872754777734302,0.6177419354838709,0.607258064516129,0.6032258064516128,0.005334166794181835,-0.014516129032258067,62
choice_only,0.5,0.75,0.5,-0.6926096445676121,-0.6855696699072232,-0.6872754777734302,0.6177419354838709,0.607258064516129,0.6032258064516128,0.005334166794181835,-0.014516129032258067,62
choice_only,0.5,0.75,0.75,-0.6926096445676121,-0.6855696699072232,-0.6872754777734302,0.6177419354838709,0.607258064516129,0.6032258064516128,0.005334166794181835,-0.014516129032258067,62
choice_only,0.5,0.75,1.0,-0.6926096445676121,-0.6855696699072232,-0.6872754777734302,0.6177419354838709,0.607258064516129,0.6032258064516128,0.005334166794181835,-0.014516129032258067,62
choice_only,0.5,1.0,0.0,-0.6926096445676121,-0.6855696699072232,-0.6855696699072232,0.6177419354838709,0.607258064516129,0.607258064516129,0.007039974660388863,-0.010483870967741938,62
choice_only,0.5,1.0,0.25,-0.6926096445676121,-0.6855696699072232,-0.6855696699072232,0.6177419354838709,0.607258064516129,0.607258064516129,0.007039974660388863,-0.010483870967741938,62
choice_only,0.5,1.0,0.5,-0.6926096445676121,-0.6855696699072232,-0.6855696699072232,0.6177419354838709,0.607258064516129,0.607258064516129,0.007039974660388863,-0.010483870967741938,62
choice_only,0.5,1.0,0.75,-0.6926096445676121,-0.6855696699072232,-0.6855696699072232,0.6177419354838709,0.607258064516129,0.607258064516129,0.007039974660388863,-0.010483870967741938,62
choice_only,0.5,1.0,1.0,-0.6926096445676121,-0.6855696699072232,-0.6855696699072232,0.6177419354838709,0.607258064516129,0.607258064516129,0.007039974660388863,-0.010483870967741938,62
choice_only,1.0,0.0,0.0,-0.6926096445676121,-0.6891441172947341,-0.6926096445676121,0.6177419354838709,0.607258064516129,0.6177419354838709,0.0,0.0,62
choice_only,1.0,0.0,0.25,-0.6926096445676121,-0.6891441172947341,-0.6926096445676121,0.6177419354838709,0.607258064516129,0.6177419354838709,0.0,0.0,62
choice_only,1.0,0.0,0.5,-0.6926096445676121,-0.6891441172947341,-0.6926096445676121,0.6177419354838709,0.607258064516129,0.6177419354838709,0.0,0.0,62
choice_only,1.0,0.0,0.75,-0.6926096445676121,-0.6891441172947341,-0.6926096445676121,0.6177419354838709,0.607258064516129,0.6177419354838709,0.0,0.0,62
choice_only,1.0,0.0,1.0,-0.6926096445676121,-0.6891441172947341,-0.6926096445676121,0.6177419354838709,0.607258064516129,0.6177419354838709,0.0,0.0,62
choice_only,1.0,0.25,0.0,-0.6926096445676121,-0.6891441172947341,-0.6917307398443495,0.6177419354838709,0.607258064516129,0.614516129032258,0.0008789047232626068,-0.003225806451612904,62
choice_only,1.0,0.25,0.25,-0.6926096445676121,-0.6891441172947341,-0.6917307398443495,0.6177419354838709,0.607258064516129,0.614516129032258,0.0008789047232626068,-0.003225806451612904,62
choice_only,1.0,0.25,0.5,-0.6926096445676121,-0.6891441172947341,-0.6917307398443495,0.6177419354838709,0.607258064516129,0.614516129032258,0.0008789047232626068,-0.003225806451612904,62
choice_only,1.0,0.25,0.75,-0.6926096445676121,-0.6891441172947341,-0.6917307398443495,0.6177419354838709,0.607258064516129,0.614516129032258,0.0008789047232626068,-0.003225806451612904,62
choice_only,1.0,0.25,1.0,-0.6926096445676121,-0.6891441172947341,-0.6917307398443495,0.6177419354838709,0.607258064516129,0.614516129032258,0.0008789047232626068,-0.003225806451612904,62
choice_only,1.0,0.5,0.0,-0.6926096445676121,-0.6891441172947341,-0.6908601849037143,0.6177419354838709,0.607258064516129,0.6153225806451613,0.0017494596638977734,-0.0024193548387096797,62
choice_only,1.0,0.5,0.25,-0.6926096445676121,-0.6891441172947341,-0.6908601849037143,0.6177419354838709,0.607258064516129,0.6153225806451613,0.0017494596638977734,-0.0024193548387096797,62
choice_only,1.0,0.5,0.5,-0.6926096445676121,-0.6891441172947341,-0.6908601849037143,0.6177419354838709,0.607258064516129,0.6153225806451613,0.0017494596638977734,-0.0024193548387096797,62
choice_only,1.0,0.5,0.75,-0.6926096445676121,-0.6891441172947341,-0.6908601849037143,0.6177419354838709,0.607258064516129,0.6153225806451613,0.0017494596638977734,-0.0024193548387096797,62
choice_only,1.0,0.5,1.0,-0.6926096445676121,-0.6891441172947341,-0.6908601849037143,0.6177419354838709,0.607258064516129,0.6153225806451613,0.0017494596638977734,-0.0024193548387096797,62
choice_only,1.0,0.75,0.0,-0.6926096445676121,-0.6891441172947341,-0.6899979781586771,0.6177419354838709,0.607258064516129,0.6032258064516128,0.002611666408934936,-0.014516129032258067,62
choice_only,1.0,0.75,0.25,-0.6926096445676121,-0.6891441172947341,-0.6899979781586771,0.6177419354838709,0.607258064516129,0.6032258064516128,0.002611666408934936,-0.014516129032258067,62
choice_only,1.0,0.75,0.5,-0.6926096445676121,-0.6891441172947341,-0.6899979781586771,0.6177419354838709,0.607258064516129,0.6032258064516128,0.002611666408934936,-0.014516129032258067,62
choice_only,1.0,0.75,0.75,-0.6926096445676121,-0.6891441172947341,-0.6899979781586771,0.6177419354838709,0.607258064516129,0.6032258064516128,0.002611666408934936,-0.014516129032258067,62
choice_only,1.0,0.75,1.0,-0.6926096445676121,-0.6891441172947341,-0.6899979781586771,0.6177419354838709,0.607258064516129,0.6032258064516128,0.002611666408934936,-0.014516129032258067,62
choice_only,1.0,1.0,0.0,-0.6926096445676121,-0.6891441172947341,-0.6891441172947341,0.6177419354838709,0.607258064516129,0.607258064516129,0.0034655272728779697,-0.010483870967741938,62
choice_only,1.0,1.0,0.25,-0.6926096445676121,-0.6891441172947341,-0.6891441172947341,0.6177419354838709,0.607258064516129,0.607258064516129,0.0034655272728779697,-0.010483870967741938,62
choice_only,1.0,1.0,0.5,-0.6926096445676121,-0.6891441172947341,-0.6891441172947341,0.6177419354838709,0.607258064516129,0.607258064516129,0.0034655272728779697,-0.010483870967741938,62
choice_only,1.0,1.0,0.75,-0.6926096445676121,-0.6891441172947341,-0.6891441172947341,0.6177419354838709,0.607258064516129,0.607258064516129,0.0034655272728779697,-0.010483870967741938,62
choice_only,1.0,1.0,1.0,-0.6926096445676121,-0.6891441172947341,-0.6891441172947341,0.6177419354838709,0.607258064516129,0.607258064516129,0.0034655272728779697,-0.010483870967741938,62
inference_affirm,0.001,0.0,0.0,-0.6921247169780023,-0.5207218468147159,-0.6921247169780023,0.7125,0.7125,0.7125,0.0,0.0,20
inference_affirm,0.001,0.0,0.25,-0.6921247169780023,-0.5313560182536535,-0.6921247169780023,0.7125,0.7125,0.7125,0.0,0.0,20
inference_affirm,0.001,0.0,0.5,-0.6921247169780023,-0.5582114540700394,-0.6921247169780023,0.7125,0.6875,0.7125,0.0,0.0,20
inference_affirm,0.001,0.0,0.75,-0.6921247169780023,-0.6375278534552148,-0.6921247169780023,0.7125,0.675,0.7125,0.0,0.0,20
inference_affirm,0.001,0.0,1.0,-0.6921247169780023,-0.8040654147470517,-0.6921247169780023,0.7125,0.675,0.7125,0.0,0.0,20
inference_affirm,0.001,0.25,0.0,-0.6921247169780023,-0.5207218468147159,-0.590229237628896,0.7125,0.7125,0.7125,0.10189547934910625,0.0,20
inference_affirm,0.001,0.25,0.25,-0.6921247169780023,-0.5313560182536535,-0.5938673698081808,0.7125,0.7125,0.7125,0.0982573471698215,0.0,20
inference_affirm,0.001,0.25,0.5,-0.6921247169780023,-0.5582114540700394,-0.5999924783276465,0.7125,0.6875,0.6875,0.09213223865035587,-0.025,20
inference_affirm,0.001,0.25,0.75,-0.6921247169780023,-0.6375278534552148,-0.6127088804382147,0.7125,0.675,0.675,0.07941583653978758,-0.0375,20
inference_affirm,0.001,0.25,1.0,-0.6921247169780023,-0.8040654147470517,-0.6373103837312721,0.7125,0.675,0.675,0.054814333246730185,-0.0375,20
inference_affirm,0.001,0.5,0.0,-0.6921247169780023,-0.5207218468147159,-0.5365230408802436,0.7125,0.7125,0.7125,0.15560167609775868,0.0,20
inference_affirm,0.001,0.5,0.25,-0.6921247169780023,-0.5313560182536535,-0.542807970459228,0.7125,0.7125,0.7125,0.14931674651877427,0.0,20
inference_affirm,0.001,0.5,0.5,-0.6921247169780023,-0.5582114540700394,-0.5556637087927963,0.7125,0.6875,0.6875,0.13646100818520598,-0.025,20
inference_affirm,0.001,0.5,0.75,-0.6921247169780023,-0.6375278534552148,-0.5871415916937859,0.7125,0.675,0.675,0.10498312528421641,-0.0375,20
inference_affirm,0.001,0.5,1.0,-0.6921247169780023,-0.8040654147470517,-0.6536163126976919,0.7125,0.675,0.675,0.038508404280310375,-0.0375,20
inference_affirm,0.001,0.75,0.0,-0.6921247169780023,-0.5207218468147159,-0.5172075748388021,0.7125,0.7125,0.7125,0.1749171421392002,0.0,20
inference_affirm,0.001,0.75,0.25,-0.6921247169780023,-0.5313560182536535,-0.5256841893264641,0.7125,0.7125,0.7125,0.16644052765153822,0.0,20
inference_affirm,0.001,0.75,0.5,-0.6921247169780023,-0.5582114540700394,-0.5454699044912225,0.7125,0.6875,0.6875,0.14665481248677975,-0.025,20
inference_affirm,0.001,0.75,0.75,-0.6921247169780023,-0.6375278534552148,-0.5996440603710462,0.7125,0.675,0.675,0.09248065660695604,-0.0375,20
inference_affirm,0.001,0.75,1.0,-0.6921247169780023,-0.8040654147470517,-0.7151542761509491,0.7125,0.675,0.675,-0.023029559172946888,-0.0375,20
inference_affirm,0.001,1.0,0.0,-0.6921247169780023,-0.5207218468147159,-0.5207218468147159,0.7125,0.7125,0.7125,0.17140287016328645,0.0,20
inference_affirm,0.001,1.0,0.25,-0.6921247169780023,-0.5313560182536535,-0.5313560182536535,0.7125,0.7125,0.7125,0.1607686987243487,0.0,20
inference_affirm,0.001,1.0,0.5,-0.6921247169780023,-0.5582114540700394,-0.5582114540700394,0.7125,0.6875,0.6875,0.1339132629079629,-0.025,20
inference_affirm,0.001,1.0,0.75,-0.6921247169780023,-0.6375278534552148,-0.6375278534552148,0.7125,0.675,0.675,0.05459686352278742,-0.0375,20
inference_affirm,0.001,1.0,1.0,-0.6921247169780023,-0.8040654147470517,-0.8040654147470517,0.7125,0.675,0.675,-0.11194069776904958,-0.0375,20
inference_affirm,0.005,0.0,0.0,-0.6921247169780023,-0.5358094078070691,-0.6921247169780023,0.7125,0.6875,0.7125,0.0,0.0,20
inference_affirm,0.005,0.0,0.25,-0.6921247169780023,-0.5415122089304335,-0.6921247169780023,0.7125,0.6625,0.7125,0.0,0.0,20
inference_affirm,0.005,0.0,0.5,-0.6921247169780023,-0.549884525062389,-0.6921247169780023,0.7125,0.6625,0.7125,0.0,0.0,20
inference_affirm,0.005,0.0,0.75,-0.6921247169780023,-0.5623994272016606,-0.6921247169780023,0.7125,0.675,0.7125,0.0,0.0,20
inference_affirm,0.005,0.0,1.0,-0.6921247169780023,-0.5814525842716695,-0.6921247169780023,0.7125,0.6625,0.7125,0.0,0.0,20
inference_affirm,0.005,0.25,0.0,-0.6921247169780023,-0.5358094078070691,-0.6302014179886326,0.7125,0.6875,0.6875,0.061923298989369636,-0.025,20
inference_affirm,0.005,0.25,0.25,-0.6921247169780023,-0.5415122089304335,-0.6319176846657848,0.7125,0.6625,0.6625,0.06020703231221739,-0.05,20
inference_affirm,0.005,0.25,0.5,-0.6921247169780023,-0.549884525062389,-0.6341241259808733,0.7125,0.6625,0.6625,0.058000590997128974,-0.05,20
inference_affirm,0.005,0.25,0.75,-0.6921247169780023,-0.5623994272016606,-0.6370429606951017,0.7125,0.675,0.675,0.05508175628290059,-0.0375,20
inference_affirm,0.005,0.25,1.0,-0.6921247169780023,-0.5814525842716695,-0.6409522247924542,0.7125,0.6625,0.6625,0.05117249218554808,-0.05,20
inference_affirm,0.005,0.5,0.0,-0.6921247169780023,-0.5358094078070691,-0.5849764547748657,0.7125,0.6875,0.6875,0.10714826220313659,-0.025,20
inference_affirm,0.005,0.5,0.25,-0.6921247169780023,-0.5415122089304335,-0.5881711359889471,0.7125,0.6625,0.6625,0.10395358098905512,-0.05,20
inference_affirm,0.005,0.5,0.5,-0.6921247169780023,-0.549884525062389,-0.5924945971059832,0.7125,0.6625,0.6625,0.09963011987201911,-0.05,20
inference_affirm,0.005,0.5,0.75,-0.6921247169780023,-0.5623994272016606,-0.5984971208884584,0.7125,0.675,0.675,0.0936275960895439,-0.0375,20
inference_affirm,0.005,0.5,1.0,-0.6921247169780023,-0.5814525842716695,-0.6069621954187419,0.7125,0.6625,0.6625,0.08516252155926037,-0.05,20
inference_affirm,0.005,0.75,0.0,-0.6921247169780023,-0.5358094078070691,-0.5543563654149366,0.7125,0.6875,0.6875,0.13776835156306572,-0.025,20
inference_affirm,0.005,0.75,0.25,-0.6921247169780023,-0.5415122089304335,-0.5588540755049547,0.7125,0.6625,0.6625,0.13327064147304765,-0.05,20
inference_affirm,0.005,0.75,0.5,-0.6921247169780023,-0.549884525062389,-0.5652211020378435,0.7125,0.6625,0.6625,0.12690361494015873,-0.05,20
inference_affirm,0.005,0.75,0.75,-0.6921247169780023,-0.5623994272016606,-0.5744320862588738,0.7125,0.675,0.675,0.11769263071912847,-0.0375,20
inference_affirm,0.005,0.75,1.0,-0.6921247169780023,-0.5814525842716695,-0.5879856536859884,0.7125,0.6625,0.6625,0.10413906329201383,-0.05,20
inference_affirm,0.005,1.0,0.0,-0.6921247169780023,-0.5358094078070691,-0.5358094078070691,0.7125,0.6875,0.6875,0.15631530917093314,-0.025,20
inference_affirm,0.005,1.0,0.25,-0.6921247169780023,-0.5415122089304335,-0.5415122089304335,0.7125,0.6625,0.6625,0.15061250804756876,-0.05,20
inference_affirm,0.005,1.0,0.5,-0.6921247169780023,-0.549884525062389,-0.549884525062389,0.7125,0.6625,0.6625,0.14224019191561316,-0.05,20
inference_affirm,0.005,1.0,0.75,-0.6921247169780023,-0.5623994272016606,-0.5623994272016606,0.7125,0.675,0.675,0.12972528977634165,-0.0375,20
inference_affirm,0.005,1.0,1.0,-0.6921247169780023,-0.5814525842716695,-0.5814525842716695,0.7125,0.6625,0.6625,0.11067213270633278,-0.05,20
inference_affirm,0.01,0.0,0.0,-0.6921247169780023,-0.5593740877864681,-0.6921247169780023,0.7125,0.6625,0.7125,0.0,0.0,20
inference_affirm,0.01,0.0,0.25,-0.6921247169780023,-0.5632722037024801,-0.6921247169780023,0.7125,0.65,0.7125,0.0,0.0,20
inference_affirm,0.01,0.0,0.5,-0.6921247169780023,-0.568235061014326,-0.6921247169780023,0.7125,0.6625,0.7125,0.0,0.0,20
inference_affirm,0.01,0.0,0.75,-0.6921247169780023,-0.5745812487102541,-0.6921247169780023,0.7125,0.6625,0.7125,0.0,0.0,20
inference_affirm,0.01,0.0,1.0,-0.6921247169780023,-0.5827510348616032,-0.6921247169780023,0.7125,0.6625,0.7125,0.0,0.0,20
inference_affirm,0.01,0.25,0.0,-0.6921247169780023,-0.5593740877864681,-0.6456547042834135,0.7125,0.6625,0.6625,0.046470012694588676,-0.05,20
inference_affirm,0.01,0.25,0.25,-0.6921247169780023,-0.5632722037024801,-0.6468057270166025,0.7125,0.65,0.65,0.04531898996139967,-0.0625,20
inference_affirm,0.01,0.25,0.5,-0.6921247169780023,-0.568235061014326,-0.6481590230323385,0.7125,0.6625,0.6625,0.043965693945663756,-0.05,20
inference_affirm,0.01,0.25,0.75,-0.6921247169780023,-0.5745812487102541,-0.6497662163749176,0.7125,0.6625,0.6625,0.04235850060308468,-0.05,20
inference_affirm,0.01,0.25,1.0,-0.6921247169780023,-0.5827510348616032,-0.6516880242768652,0.7125,0.6625,0.6625,0.04043669270113703,-0.05,20
inference_affirm,0.01,0.5,0.0,-0.6921247169780023,-0.5593740877864681,-0.608555717474859,0.7125,0.6625,0.6625,0.0835689995031432,-0.05,20
inference_affirm,0.01,0.5,0.25,-0.6921247169780023,-0.5632722037024801,-0.6107227650128026,0.7125,0.65,0.65,0.08140195196519961,-0.0625,20
inference_affirm,0.01,0.5,0.5,-0.6921247169780023,-0.568235061014326,-0.6133443725780416,0.7125,0.6625,0.6625,0.07878034439996061,-0.05,20
inference_affirm,0.01,0.5,0.75,-0.6921247169780023,-0.5745812487102541,-0.6165435840193352,0.7125,0.6625,0.6625,0.07558113295866706,-0.05,20
inference_affirm,0.01,0.5,1.0,-0.6921247169780023,-0.5827510348616032,-0.620475773572582,0.7125,0.6625,0.6625,0.07164894340542034,-0.05,20
inference_affirm,0.01,0.75,0.0,-0.6921247169780023,-0.5593740877864681,-0.5801178045228353,0.7125,0.6625,0.6625,0.11200691245516692,-0.05,20
inference_affirm,0.01,0.75,0.25,-0.6921247169780023,-0.5632722037024801,-0.5831897055629887,0.7125,0.65,0.65,0.10893501141501363,-0.0625,20
inference_affirm,0.01,0.75,0.5,-0.6921247169780023,-0.568235061014326,-0.587007760809951,0.7125,0.6625,0.6625,0.10511695616805135,-0.05,20
inference_affirm,0.01,0.75,0.75,-0.6921247169780023,-0.5745812487102541,-0.5917849989999586,0.7125,0.6625,0.6625,0.10033971797804357,-0.05,20
inference_affirm,0.01,0.75,1.0,-0.6921247169780023,-0.5827510348616032,-0.5978042022859056,0.7125,0.6625,0.6625,0.09432051469209675,-0.05,20
inference_affirm,0.01,1.0,0.0,-0.6921247169780023,-0.5593740877864681,-0.5593740877864681,0.7125,0.6625,0.6625,0.13275062919153405,-0.05,20
inference_affirm,0.01,1.0,0.25,-0.6921247169780023,-0.5632722037024801,-0.5632722037024801,0.7125,0.65,0.65,0.1288525132755222,-0.0625,20
inference_affirm,0.01,1.0,0.5,-0.6921247169780023,-0.568235061014326,-0.568235061014326,0.7125,0.6625,0.6625,0.12388965596367627,-0.05,20
inference_affirm,0.01,1.0,0.75,-0.6921247169780023,-0.5745812487102541,-0.5745812487102541,0.7125,0.6625,0.6625,0.11754346826774824,-0.05,20
inference_affirm,0.01,1.0,1.0,-0.6921247169780023,-0.5827510348616032,-0.5827510348616032,0.7125,0.6625,0.6625,0.109373682116399,-0.05,20
inference_affirm,0.025,0.0,0.0,-0.6921247169780023,-0.5986647730558078,-0.6921247169780023,0.7125,0.65,0.7125,0.0,0.0,20
inference_affirm,0.025,0.0,0.25,-0.6921247169780023,-0.6009188811171153,-0.6921247169780023,0.7125,0.65,0.7125,0.0,0.0,20
inference_affirm,0.025,0.0,0.5,-0.6921247169780023,-0.6034648259728483,-0.6921247169780023,0.7125,0.65,0.7125,0.0,0.0,20
inference_affirm,0.025,0.0,0.75,-0.6921247169780023,-0.606342822661625,-0.6921247169780023,0.7125,0.65,0.7125,0.0,0.0,20
inference_affirm,0.025,0.0,1.0,-0.6921247169780023,-0.6096005309398455,-0.6921247169780023,0.7125,0.65,0.7125,0.0,0.0,20
inference_affirm,0.025,0.25,0.0,-0.6921247169780023,-0.5986647730558078,-0.6634529354560724,0.7125,0.65,0.65,0.028671781521929778,-0.0625,20
inference_affirm,0.025,0.25,0.25,-0.6921247169780023,-0.6009188811171153,-0.664102105656774,0.7125,0.65,0.65,0.028022611321228248,-0.0625,20
inference_affirm,0.025,0.25,0.5,-0.6921247169780023,-0.6034648259728483,-0.6648070257428654,0.7125,0.65,0.65,0.027317691235136866,-0.0625,20
inference_affirm,0.025,0.25,0.75,-0.6921247169780023,-0.606342822661625,-0.6655743390661824,0.7125,0.65,0.65,0.026550377911819904,-0.0625,20
inference_affirm,0.025,0.25,1.0,-0.6921247169780023,-0.6096005309398455,-0.6664113785189254,0.7125,0.65,0.65,0.02571333845907678,-0.0625,20
inference_affirm,0.025,0.5,0.0,-0.6921247169780023,-0.5986647730558078,-0.638404833709017,0.7125,0.65,0.65,0.05371988326898529,-0.0625,20
inference_affirm,0.025,0.5,0.25,-0.6921247169780023,-0.6009188811171153,-0.6396424832291765,0.7125,0.65,0.65,0.05248223374882575,-0.0625,20
inference_affirm,0.025,0.5,0.5,-0.6921247169780023,-0.6034648259728483,-0.6410040854605262,0.7125,0.65,0.65,0.05112063151747601,-0.0625,20
inference_affirm,0.025,0.5,0.75,-0.6921247169780023,-0.606342822661625,-0.6425052211163218,0.7125,0.65,0.65,0.049619495861680504,-0.0625,20
inference_affirm,0.025,0.5,1.0,-0.6921247169780023,-0.6096005309398455,-0.6441636167128728,0.7125,0.65,0.65,0.047961100265129473,-0.0625,20
inference_affirm,0.025,0.75,0.0,-0.6921247169780023,-0.5986647730558078,-0.6168665024456439,0.7125,0.65,0.65,0.07525821453235834,-0.0625,20
inference_affirm,0.025,0.75,0.25,-0.6921247169780023,-0.6009188811171153,-0.6186367219943423,0.7125,0.65,0.65,0.07348799498366003,-0.0625,20
inference_affirm,0.025,0.75,0.5,-0.6921247169780023,-0.6034648259728483,-0.6206102213934797,0.7125,0.65,0.65,0.0715144955845226,-0.0625,20
inference_affirm,0.025,0.75,0.75,-0.6921247169780023,-0.606342822661625,-0.6228137980092064,0.7125,0.65,0.65,0.06931091896879582,-0.0625,20
inference_affirm,0.025,0.75,1.0,-0.6921247169780023,-0.6096005309398455,-0.6252786345699414,0.7125,0.65,0.65,0.06684608240806096,-0.0625,20
inference_affirm,0.025,1.0,0.0,-0.6921247169780023,-0.5986647730558078,-0.5986647730558078,0.7125,0.65,0.65,0.09345994392219448,-0.0625,20
inference_affirm,0.025,1.0,0.25,-0.6921247169780023,-0.6009188811171153,-0.6009188811171153,0.7125,0.65,0.65,0.09120583586088696,-0.0625,20
inference_affirm,0.025,1.0,0.5,-0.6921247169780023,-0.6034648259728483,-0.6034648259728483,0.7125,0.65,0.65,0.0886598910051539,-0.0625,20
inference_affirm,0.025,1.0,0.75,-0.6921247169780023,-0.606342822661625,-0.606342822661625,0.7125,0.65,0.65,0.08578189431637724,-0.0625,20
inference_affirm,0.025,1.0,1.0,-0.6921247169780023,-0.6096005309398455,-0.6096005309398455,0.7125,0.65,0.65,0.0825241860381568,-0.0625,20
inference_affirm,0.05,0.0,0.0,-0.6921247169780023,-0.6284584149985779,-0.6921247169780023,0.7125,0.675,0.7125,0.0,0.0,20
inference_affirm,0.05,0.0,0.25,-0.6921247169780023,-0.6299173139628544,-0.6921247169780023,0.7125,0.675,0.7125,0.0,0.0,20
inference_affirm,0.05,0.0,0.5,-0.6921247169780023,-0.6314802100262396,-0.6921247169780023,0.7125,0.675,0.7125,0.0,0.0,20
inference_affirm,0.05,0.0,0.75,-0.6921247169780023,-0.6331551506293069,-0.6921247169780023,0.7125,0.675,0.7125,0.0,0.0,20
inference_affirm,0.05,0.0,1.0,-0.6921247169780023,-0.6349509987456403,-0.6921247169780023,0.7125,0.675,0.7125,0.0,0.0,20
inference_affirm,0.05,0.25,0.0,-0.6921247169780023,-0.6284584149985779,-0.6740135652712916,0.7125,0.675,0.675,0.018111151706710647,-0.0375,20
inference_affirm,0.05,0.25,0.25,-0.6921247169780023,-0.6299173139628544,-0.6744199047393178,0.7125,0.675,0.675,0.017704812238684448,-0.0375,20
inference_affirm,0.05,0.25,0.5,-0.6921247169780023,-0.6314802100262396,-0.674845728371951,0.7125,0.675,0.675,0.017278988606051204,-0.0375,20
inference_affirm,0.05,0.25,0.75,-0.6921247169780023,-0.6331551506293069,-0.6752923246822073,0.7125,0.675,0.675,0.01683239229579487,-0.0375,20
inference_affirm,0.05,0.25,1.0,-0.6921247169780023,-0.6349509987456403,-0.6757610589757643,0.7125,0.675,0.675,0.016363658002237914,-0.0375,20
inference_affirm,0.05,0.5,0.0,-0.6921247169780023,-0.6284584149985779,-0.6573804171612322,0.7125,0.675,0.675,0.03474429981677006,-0.0375,20
inference_affirm,0.05,0.5,0.25,-0.6921247169780023,-0.6299173139628544,-0.6581646227252593,0.7125,0.675,0.675,0.033960094252742906,-0.0375,20
inference_affirm,0.05,0.5,0.5,-0.6921247169780023,-0.6314802100262396,-0.6589923106648381,0.7125,0.675,0.675,0.03313240631316418,-0.0375,20
inference_affirm,0.05,0.5,0.75,-0.6921247169780023,-0.6331551506293069,-0.6598665330678608,0.7125,0.675,0.675,0.03225818391014152,-0.0375,20
inference_affirm,0.05,0.5,1.0,-0.6921247169780023,-0.6349509987456403,-0.6607905793087384,0.7125,0.675,0.675,0.03133413766926384,-0.0375,20
inference_affirm,0.05,0.75,0.0,-0.6921247169780023,-0.6284584149985779,-0.6422057166769702,0.7125,0.675,0.675,0.049919000301031975,-0.0375,20
inference_affirm,0.05,0.75,0.25,-0.6921247169780023,-0.6299173139628544,-0.6433402707171164,0.7125,0.675,0.675,0.04878444626088586,-0.0375,20
inference_affirm,0.05,0.75,0.5,-0.6921247169780023,-0.6314802100262396,-0.6445465945535743,0.7125,0.675,0.675,0.04757812242442792,-0.0375,20
inference_affirm,0.05,0.75,0.75,-0.6921247169780023,-0.6331551506293069,-0.6458299890640261,0.7125,0.675,0.675,0.046294727913976166,-0.0375,20
inference_affirm,0.05,0.75,1.0,-0.6921247169780023,-0.6349509987456403,-0.647196237751297,0.7125,0.675,0.675,0.04492847922670527,-0.0375,20
inference_affirm,0.05,1.0,0.0,-0.6921247169780023,-0.6284584149985779,-0.6284584149985779,0.7125,0.675,0.675,0.06366630197942438,-0.0375,20
inference_affirm,0.05,1.0,0.25,-0.6921247169780023,-0.6299173139628544,-0.6299173139628544,0.7125,0.675,0.675,0.06220740301514791,-0.0375,20
inference_affirm,0.05,1.0,0.5,-0.6921247169780023,-0.6314802100262396,-0.6314802100262396,0.7125,0.675,0.675,0.06064450695176273,-0.0375,20
inference_affirm,0.05,1.0,0.75,-0.6921247169780023,-0.6331551506293069,-0.6331551506293069,0.7125,0.675,0.675,0.0589695663486953,-0.0375,20
inference_affirm,0.05,1.0,1.0,-0.6921247169780023,-0.6349509987456403,-0.6349509987456403,0.7125,0.675,0.675,0.05717371823236199,-0.0375,20
inference_affirm,0.1,0.0,0.0,-0.6921247169780023,-0.6530632396496072,-0.6921247169780023,0.7125,0.675,0.7125,0.0,0.0,20
inference_affirm,0.1,0.0,0.25,-0.6921247169780023,-0.6539644165179821,-0.6921247169780023,0.7125,0.675,0.7125,0.0,0.0,20
inference_affirm,0.1,0.0,0.5,-0.6921247169780023,-0.6548998632525402,-0.6921247169780023,0.7125,0.675,0.7125,0.0,0.0,20
inference_affirm,0.1,0.0,0.75,-0.6921247169780023,-0.6558710146054865,-0.6921247169780023,0.7125,0.675,0.7125,0.0,0.0,20
inference_affirm,0.1,0.0,1.0,-0.6921247169780023,-0.6568793777784865,-0.6921247169780023,0.7125,0.675,0.7125,0.0,0.0,20
inference_affirm,0.1,0.25,0.0,-0.6921247169780023,-0.6530632396496072,-0.6815957945695539,0.7125,0.675,0.675,0.010528922408448355,-0.0375,20
inference_affirm,0.1,0.25,0.25,-0.6921247169780023,-0.6539644165179821,-0.6818375415079991,0.7125,0.675,0.675,0.010287175470003147,-0.0375,20
inference_affirm,0.1,0.25,0.5,-0.6921247169780023,-0.6548998632525402,-0.682085536871994,0.7125,0.675,0.675,0.010039180106008289,-0.0375,20
inference_affirm,0.1,0.25,0.75,-0.6921247169780023,-0.6558710146054865,-0.6823399991522955,0.7125,0.675,0.675,0.009784717825706824,-0.0375,20
inference_affirm,0.1,0.25,1.0,-0.6921247169780023,-0.6568793777784865,-0.6826011528890296,0.7125,0.675,0.675,0.009523564088972763,-0.0375,20
inference_affirm,0.1,0.5,0.0,-0.6921247169780023,-0.6530632396496072,-0.6715777473527169,0.7125,0.675,0.675,0.020546969625285294,-0.0375,20
inference_affirm,0.1,0.5,0.25,-0.6921247169780023,-0.6539644165179821,-0.6720501721914156,0.7125,0.675,0.675,0.02007454478658673,-0.0375,20
inference_affirm,0.1,0.5,0.5,-0.6921247169780023,-0.6548998632525402,-0.6725366622199987,0.7125,0.675,0.675,0.019588054758003497,-0.0375,20
inference_affirm,0.1,0.5,0.75,-0.6921247169780023,-0.6558710146054865,-0.6730377460193353,0.7125,0.675,0.675,0.019086970958666977,-0.0375,20
inference_affirm,0.1,0.5,1.0,-0.6921247169780023,-0.6568793777784865,-0.6735539723649914,0.7125,0.675,0.675,0.018570744613010937,-0.0375,20
inference_affirm,0.1,0.75,0.0,-0.6921247169780023,-0.6530632396496072,-0.6620681806528692,0.7125,0.675,0.675,0.030056536325133075,-0.0375,20
inference_affirm,0.1,0.75,0.25,-0.6921247169780023,-0.6539644165179821,-0.6627603450851118,0.7125,0.675,0.675,0.029364371892890505,-0.0375,20
inference_affirm,0.1,0.75,0.5,-0.6921247169780023,-0.6548998632525402,-0.6634759307795901,0.7125,0.675,0.675,0.028648786198412195,-0.0375,20
inference_affirm,0.1,0.75,0.75,-0.6921247169780023,-0.6558710146054865,-0.6642158704568188,0.7125,0.675,0.675,0.027908846521183396,-0.0375,20
inference_affirm,0.1,0.75,1.0,-0.6921247169780023,-0.6568793777784865,-0.6649811391945231,0.7125,0.675,0.675,0.02714357778347924,-0.0375,20
inference_affirm,0.1,1.0,0.0,-0.6921247169780023,-0.6530632396496072,-0.6530632396496072,0.7125,0.675,0.675,0.03906147732839503,-0.0375,20
inference_affirm,0.1,1.0,0.25,-0.6921247169780023,-0.6539644165179821,-0.6539644165179821,0.7125,0.675,0.675,0.03816030046002017,-0.0375,20
inference_affirm,0.1,1.0,0.5,-0.6921247169780023,-0.6548998632525402,-0.6548998632525402,0.7125,0.675,0.675,0.037224853725461984,-0.0375,20
inference_affirm,0.1,1.0,0.75,-0.6921247169780023,-0.6558710146054865,-0.6558710146054865,0.7125,0.675,0.675,0.03625370237251581,-0.0375,20
inference_affirm,0.1,1.0,1.0,-0.6921247169780023,-0.6568793777784865,-0.6568793777784865,0.7125,0.675,0.675,0.03524533919951584,-0.0375,20
inference_affirm,0.25,0.0,0.0,-0.6921247169780023,-0.6743208805299472,-0.6921247169780023,0.7125,0.675,0.7125,0.0,0.0,20
inference_affirm,0.25,0.0,0.25,-0.6921247169780023,-0.6747516615433347,-0.6921247169780023,0.7125,0.675,0.7125,0.0,0.0,20
inference_affirm,0.25,0.0,0.5,-0.6921247169780023,-0.67518928263598,-0.6921247169780023,0.7125,0.675,0.7125,0.0,0.0,20
inference_affirm,0.25,0.0,0.75,-0.6921247169780023,-0.6756338626818341,-0.6921247169780023,0.7125,0.675,0.7125,0.0,0.0,20
inference_affirm,0.25,0.0,1.0,-0.6921247169780023,-0.6760855227242956,-0.6921247169780023,0.7125,0.675,0.7125,0.0,0.0,20
inference_affirm,0.25,0.25,0.0,-0.6921247169780023,-0.6743208805299472,-0.6875237554416399,0.7125,0.675,0.6875,0.00460096153636233,-0.025,20
inference_affirm,0.25,0.25,0.25,-0.6921247169780023,-0.6747516615433347,-0.6876350729986997,0.7125,0.675,0.6875,0.004489643979302516,-0.025,20
inference_affirm,0.25,0.25,0.5,-0.6921247169780023,-0.67518928263598,-0.6877476014334805,0.7125,0.675,0.6875,0.004377115544521792,-0.025,20
inference_affirm,0.25,0.25,0.75,-0.6921247169780023,-0.6756338626818341,-0.6878613578181095,0.7125,0.675,0.6875,0.004263359159892693,-0.025,20
inference_affirm,0.25,0.25,1.0,-0.6921247169780023,-0.6760855227242956,-0.6879763593583565,0.7125,0.675,0.6875,0.004148357619645738,-0.025,20
inference_affirm,0.25,0.5,0.0,-0.6921247169780023,-0.6743208805299472,-0.6830228699754681,0.7125,0.675,0.675,0.009101847002534108,-0.0375,20
inference_affirm,0.25,0.5,0.25,-0.6921247169780023,-0.6747516615433347,-0.6832430857609907,0.7125,0.675,0.675,0.008881631217011516,-0.0375,20
inference_affirm,0.25,0.5,0.5,-0.6921247169780023,-0.67518928263598,-0.6834660570473752,0.7125,0.675,0.675,0.008658659930627139,-0.0375,20
inference_affirm,0.25,0.5,0.75,-0.6921247169780023,-0.6756338626818341,-0.6836918262965204,0.7125,0.675,0.675,0.008432890681481908,-0.0375,20
inference_affirm,0.25,0.5,1.0,-0.6921247169780023,-0.6760855227242956,-0.6839204365205307,0.7125,0.675,0.675,0.008204280457471536,-0.0375,20
inference_affirm,0.25,0.75,0.0,-0.6921247169780023,-0.6743208805299472,-0.6786219631428347,0.7125,0.675,0.675,0.013502753835167487,-0.0375,20
inference_affirm,0.25,0.75,0.25,-0.6921247169780023,-0.6747516615433347,-0.6789486636403386,0.7125,0.675,0.675,0.013176053337663685,-0.0375,20
inference_affirm,0.25,0.75,0.5,-0.6921247169780023,-0.67518928263598,-0.6792799967284924,0.7125,0.675,0.675,0.012844720249509911,-0.0375,20
inference_affirm,0.25,0.75,0.75,-0.6921247169780023,-0.6756338626818341,-0.6796160387234168,0.7125,0.675,0.675,0.012508678254585492,-0.0375,20
inference_affirm,0.25,0.75,1.0,-0.6921247169780023,-0.6760855227242956,-0.6799568671774452,0.7125,0.675,0.675,0.012167849800557079,-0.0375,20
inference_affirm,0.25,1.0,0.0,-0.6921247169780023,-0.6743208805299472,-0.6743208805299472,0.7125,0.675,0.675,0.01780383644805498,-0.0375,20
inference_affirm,0.25,1.0,0.25,-0.6921247169780023,-0.6747516615433347,-0.6747516615433347,0.7125,0.675,0.675,0.01737305543466765,-0.0375,20
inference_affirm,0.25,1.0,0.5,-0.6921247169780023,-0.67518928263598,-0.67518928263598,0.7125,0.675,0.675,0.016935434342022243,-0.0375,20
inference_affirm,0.25,1.0,0.75,-0.6921247169780023,-0.6756338626818341,-0.6756338626818341,0.7125,0.675,0.675,0.016490854296168124,-0.0375,20
inference_affirm,0.25,1.0,1.0,-0.6921247169780023,-0.6760855227242956,-0.6760855227242956,0.7125,0.675,0.675,0.016039194253706746,-0.0375,20
inference_affirm,0.5,0.0,0.0,-0.6921247169780023,-0.68314281682536,-0.6921247169780023,0.7125,0.6875,0.7125,0.0,0.0,20
inference_affirm,0.5,0.0,0.25,-0.6921247169780023,-0.6833741765756,-0.6921247169780023,0.7125,0.6875,0.7125,0.0,0.0,20
inference_affirm,0.5,0.0,0.5,-0.6921247169780023,-0.6836073979656887,-0.6921247169780023,0.7125,0.6875,0.7125,0.0,0.0,20
inference_affirm,0.5,0.0,0.75,-0.6921247169780023,-0.6838424972326653,-0.6921247169780023,0.7125,0.6875,0.7125,0.0,0.0,20
inference_affirm,0.5,0.0,1.0,-0.6921247169780023,-0.6840794907495368,-0.6921247169780023,0.7125,0.6875,0.7125,0.0,0.0,20
inference_affirm,0.5,0.25,0.0,-0.6921247169780023,-0.68314281682536,-0.6898414995104137,0.7125,0.6875,0.6875,0.002283217467588472,-0.025,20
inference_affirm,0.5,0.25,0.25,-0.6921247169780023,-0.6833741765756,-0.6899003217791437,0.7125,0.6875,0.6875,0.002224395198858481,-0.025,20
inference_affirm,0.5,0.25,0.5,-0.6921247169780023,-0.6836073979656887,-0.6899594692237805,0.7125,0.6875,0.6875,0.0021652477542217995,-0.025,20
inference_affirm,0.5,0.25,0.75,-0.6921247169780023,-0.6838424972326653,-0.6900189441112632,0.7125,0.6875,0.6875,0.002105772866739064,-0.025,20
inference_affirm,0.5,0.25,1.0,-0.6921247169780023,-0.6840794907495368,-0.6900787487147977,0.7125,0.6875,0.6875,0.0020459682632045007,-0.025,20
inference_affirm,0.5,0.5,0.0,-0.6921247169780023,-0.68314281682536,-0.6875834488069705,0.7125,0.6875,0.6875,0.004541268171031709,-0.025,20
inference_affirm,0.5,0.5,0.25,-0.6921247169780023,-0.6833741765756,-0.6877004381315908,0.7125,0.6875,0.6875,0.00442427884641145,-0.025,20
inference_affirm,0.5,0.5,0.5,-0.6921247169780023,-0.6836073979656887,-0.6878181713704399,0.7125,0.6875,0.6875,0.004306545607562368,-0.025,20
inference_affirm,0.5,0.5,0.75,-0.6921247169780023,-0.6838424972326653,-0.6879366542428826,0.7125,0.6875,0.6875,0.0041880627351196355,-0.025,20
inference_affirm,0.5,0.5,1.0,-0.6921247169780023,-0.6840794907495368,-0.6880558925003648,0.7125,0.6875,0.6875,0.004068824477637523,-0.025,20
inference_affirm,0.5,0.75,0.0,-0.6921247169780023,-0.68314281682536,-0.6853505580489399,0.7125,0.6875,0.6875,0.006774158929062413,-0.025,20
inference_affirm,0.5,0.75,0.25,-0.6921247169780023,-0.6833741765756,-0.6855250596448421,0.7125,0.6875,0.6875,0.006599657333160103,-0.025,20
inference_affirm,0.5,0.75,0.5,-0.6921247169780023,-0.6836073979656887,-0.6857008173601171,0.7125,0.6875,0.6875,0.00642389961788517,-0.025,20
inference_affirm,0.5,0.75,0.75,-0.6921247169780023,-0.6838424972326653,-0.6858778415642549,0.7125,0.6875,0.6875,0.00624687541374735,-0.025,20
inference_affirm,0.5,0.75,1.0,-0.6921247169780023,-0.6840794907495368,-0.6860561427028236,0.7125,0.6875,0.6875,0.006068574275178723,-0.025,20
inference_affirm,0.5,1.0,0.0,-0.6921247169780023,-0.68314281682536,-0.68314281682536,0.7125,0.6875,0.6875,0.008981900152642275,-0.025,20
inference_affirm,0.5,1.0,0.25,-0.6921247169780023,-0.6833741765756,-0.6833741765756,0.7125,0.6875,0.6875,0.008750540402402257,-0.025,20
inference_affirm,0.5,1.0,0.5,-0.6921247169780023,-0.6836073979656887,-0.6836073979656887,0.7125,0.6875,0.6875,0.008517319012313524,-0.025,20
inference_affirm,0.5,1.0,0.75,-0.6921247169780023,-0.6838424972326653,-0.6838424972326653,0.7125,0.6875,0.6875,0.008282219745336944,-0.025,20
inference_affirm,0.5,1.0,1.0,-0.6921247169780023,-0.6840794907495368,-0.6840794907495368,0.7125,0.6875,0.6875,0.00804522622846553,-0.025,20
inference_affirm,1.0,0.0,0.0,-0.6921247169780023,-0.6879817431914032,-0.6921247169780023,0.7125,0.6875,0.7125,0.0,0.0,20
inference_affirm,1.0,0.0,0.25,-0.6921247169780023,-0.6881019537342341,-0.6921247169780023,0.7125,0.6875,0.7125,0.0,0.0,20
inference_affirm,1.0,0.0,0.5,-0.6921247169780023,-0.6882226508969239,-0.6921247169780023,0.7125,0.6875,0.7125,0.0,0.0,20
inference_affirm,1.0,0.0,0.75,-0.6921247169780023,-0.6883438367988786,-0.6921247169780023,0.7125,0.6875,0.7125,0.0,0.0,20
inference_affirm,1.0,0.0,1.0,-0.6921247169780023,-0.6884655135679133,-0.6921247169780023,0.7125,0.6875,0.7125,0.0,0.0,20
inference_affirm,1.0,0.25,0.0,-0.6921247169780023,-0.6879817431914032,-0.6910807877060275,0.7125,0.6875,0.6875,0.0010439292719747583,-0.025,20
inference_affirm,1.0,0.25,0.25,-0.6921247169780023,-0.6881019537342341,-0.6911110774387519,0.7125,0.6875,0.6875,0.0010136395392503828,-0.025,20
inference_affirm,1.0,0.25,0.5,-0.6921247169780023,-0.6882226508969239,-0.6911414515314972,0.7125,0.6875,0.6875,0.000983265446505116,-0.025,20
inference_affirm,1.0,0.25,0.75,-0.6921247169780023,-0.6883438367988786,-0.6911719102753241,0.7125,0.6875,0.6875,0.0009528067026781717,-0.025,20
inference_affirm,1.0,0.25,1.0,-0.6921247169780023,-0.6884655135679133,-0.6912024539616023,0.7125,0.6875,0.6875,0.0009222630164000323,-0.025,20
inference_affirm,1.0,0.5,0.0,-0.6921247169780023,-0.6879817431914032,-0.6900423159403163,0.7125,0.6875,0.6875,0.0020824010376859657,-0.025,20
inference_affirm,1.0,0.5,0.25,-0.6921247169780023,-0.6881019537342341,-0.6901027373212283,0.7125,0.6875,0.6875,0.002021979656774009,-0.025,20
inference_affirm,1.0,0.5,0.5,-0.6921247169780023,-0.6882226508969239,-0.690163352290137,0.7125,0.6875,0.6875,0.001961364687865219,-0.025,20
inference_affirm,1.0,0.5,0.75,-0.6921247169780023,-0.6883438367988786,-0.6902241615877044,0.7125,0.6875,0.6875,0.0019005553902979144,-0.025,20
inference_affirm,1.0,0.5,1.0,-0.6921247169780023,-0.6884655135679133,-0.690285165956489,0.7125,0.6875,0.6875,0.001839551021513297,-0.025,20
inference_affirm,1.0,0.75,0.0,-0.6921247169780023,-0.6879817431914032,-0.689009301288729,0.7125,0.6875,0.6875,0.003115415689273304,-0.025,20
inference_affirm,1.0,0.75,0.25,-0.6921247169780023,-0.6881019537342341,-0.6890996962599223,0.7125,0.6875,0.6875,0.0030250207180799573,-0.025,20
inference_affirm,1.0,0.75,0.5,-0.6921247169780023,-0.6882226508969239,-0.6891904189088512,0.7125,0.6875,0.6875,0.00293429806915102,-0.025,20
inference_affirm,1.0,0.75,0.75,-0.6921247169780023,-0.6883438367988786,-0.6892814705851775,0.7125,0.6875,0.6875,0.0028432463928248055,-0.025,20
inference_affirm,1.0,0.75,1.0,-0.6921247169780023,-0.6884655135679133,-0.6893728526432208,0.7125,0.6875,0.6875,0.0027518643347814844,-0.025,20
inference_affirm,1.0,1.0,0.0,-0.6921247169780023,-0.6879817431914032,-0.6879817431914032,0.7125,0.6875,0.6875,0.004142973786599113,-0.025,20
inference_affirm,1.0,1.0,0.25,-0.6921247169780023,-0.6881019537342341,-0.6881019537342341,0.7125,0.6875,0.6875,0.004022763243768229,-0.025,20
inference_affirm,1.0,1.0,0.5,-0.6921247169780023,-0.6882226508969239,-0.6882226508969239,0.7125,0.6875,0.6875,0.003902066081078287,-0.025,20
inference_affirm,1.0,1.0,0.75,-0.6921247169780023,-0.6883438367988786,-0.6883438367988786,0.7125,0.6875,0.6875,0.003780880179123752,-0.025,20
inference_affirm,1.0,1.0,1.0,-0.6921247169780023,-0.6884655135679133,-0.6884655135679133,0.7125,0.6875,0.6875,0.003659203410088929,-0.025,20
inference_categories,0.001,0.0,0.0,-0.692313306009079,-0.7544332635906535,-0.692313306009079,0.6550675675675676,0.6317567567567568,0.6550675675675676,0.0,0.0,148
inference_categories,0.001,0.0,0.25,-0.692313306009079,-3.457761419692458,-0.692313306009079,0.6550675675675676,0.5831081081081081,0.6550675675675676,0.0,0.0,148
inference_categories,0.001,0.0,0.5,-0.692313306009079,-5.359426726144614,-0.692313306009079,0.6550675675675676,0.5628378378378378,0.6550675675675676,0.0,0.0,148
inference_categories,0.001,0.0,0.75,-0.692313306009079,-6.1434668959970775,-0.692313306009079,0.6550675675675676,0.5513513513513513,0.6550675675675676,0.0,0.0,148
inference_categories,0.001,0.0,1.0,-0.692313306009079,-6.495978228707477,-0.692313306009079,0.6550675675675676,0.5543918918918919,0.6550675675675676,0.0,0.0,148
inference_categories,0.001,0.25,0.0,-0.692313306009079,-0.7544332635906535,-0.6450063025863407,0.6550675675675676,0.6317567567567568,0.6317567567567568,0.04730700342273828,-0.02331081081081081,148
inference_categories,0.001,0.25,0.25,-0.692313306009079,-3.457761419692458,-1.5783231628156529,0.6550675675675676,0.5831081081081081,0.5831081081081081,-0.886009856806574,-0.07195945945945946,148
inference_categories,0.001,0.25,0.5,-0.692313306009079,-5.359426726144614,-2.747441407236813,0.6550675675675676,0.5628378378378378,0.5628378378378378,-2.055128101227734,-0.09222972972972973,148
inference_categories,0.001,0.25,0.75,-0.692313306009079,-6.1434668959970775,-3.4040207890087184,0.6550675675675676,0.5513513513513513,0.5513513513513513,-2.711707482999639,-0.10371621621621621,148
inference_categories,0.001,0.25,1.0,-0.692313306009079,-6.495978228707477,-3.751242803122506,0.6550675675675676,0.5543918918918919,0.5543918918918919,-3.0589294971134264,-0.10067567567567567,148
inference_categories,0.001,0.5,0.0,-0.692313306009079,-0.7544332635906535,-0.6504653482474919,0.6550675675675676,0.6317567567567568,0.6317567567567568,0.04184795776158707,-0.02331081081081081,148
inference_categories,0.001,0.5,0.25,-0.692313306009079,-3.457761419692458,-2.4429073300475084,0.6550675675675676,0.5831081081081081,0.5831081081081081,-1.75059402403843,-0.07195945945945946,148
inference_categories,0.001,0.5,0.5,-0.692313306009079,-5.359426726144614,-4.123686929419381,0.6550675675675676,0.5628378378378378,0.5628378378378378,-3.431373623410302,-0.09222972972972973,148
inference_categories,0.001,0.5,0.75,-0.692313306009079,-6.1434668959970775,-4.820623653034299,0.6550675675675676,0.5513513513513513,0.5513513513513513,-4.12831034702522,-0.10371621621621621,148
inference_categories,0.001,0.5,1.0,-0.692313306009079,-6.495978228707477,-5.1884081440853524,0.6550675675675676,0.5543918918918919,0.5543918918918919,-4.496094838076274,-0.10067567567567567,148
inference_categories,0.001,0.75,0.0,-0.692313306009079,-0.7544332635906535,-0.6912185898722815,0.6550675675675676,0.6317567567567568,0.6317567567567568,0.0010947161367974563,-0.02331081081081081,148
inference_categories,0.001,0.75,0.25,-0.692313306009079,-3.457761419692458,-3.0257928295279997,0.6550675675675676,0.5831081081081081,0.5831081081081081,-2.3334795235189207,-0.07195945945945946,148
inference_categories,0.001,0.75,0.5,-0.692313306009079,-5.359426726144614,-4.891034023447811,0.6550675675675676,0.5628378378378378,0.5628378378378378,-4.198720717438732,-0.09222972972972973,148
inference_categories,0.001,0.75,0.75,-0.692313306009079,-6.1434668959970775,-5.609821057421435,0.6550675675675676,0.5513513513513513,0.5513513513513513,-4.917507751412356,-0.10371621621621621,148
inference_categories,0.001,0.75,1.0,-0.692313306009079,-6.495978228707477,-6.001951951086764,0.6550675675675676,0.5543918918918919,0.5543918918918919,-5.309638645077686,-0.10067567567567567,148
inference_categories,0.001,1.0,0.0,-0.692313306009079,-0.7544332635906535,-0.7544332635906535,0.6550675675675676,0.6317567567567568,0.6317567567567568,-0.0621199575815745,-0.02331081081081081,148
inference_categories,0.001,1.0,0.25,-0.692313306009079,-3.457761419692458,-3.457761419692458,0.6550675675675676,0.5831081081081081,0.5831081081081081,-2.7654481136833793,-0.07195945945945946,148
inference_categories,0.001,1.0,0.5,-0.692313306009079,-5.359426726144614,-5.359426726144614,0.6550675675675676,0.5628378378378378,0.5628378378378378,-4.667113420135535,-0.09222972972972973,148
inference_categories,0.001,1.0,0.75,-0.692313306009079,-6.1434668959970775,-6.1434668959970775,0.6550675675675676,0.5513513513513513,0.5513513513513513,-5.451153589987999,-0.10371621621621621,148
inference_categories,0.001,1.0,1.0,-0.692313306009079,-6.495978228707477,-6.495978228707477,0.6550675675675676,0.5543918918918919,0.5543918918918919,-5.803664922698398,-0.10067567567567567,148
inference_categories,0.005,0.0,0.0,-0.692313306009079,-0.6301458309643946,-0.692313306009079,0.6550675675675676,0.6459459459459459,0.6550675675675676,0.0,0.0,148
inference_categories,0.005,0.0,0.25,-0.692313306009079,-0.9193820933077442,-0.692313306009079,0.6550675675675676,0.6236486486486487,0.6550675675675676,0.0,0.0,148
inference_categories,0.005,0.0,0.5,-0.692313306009079,-1.6948882203391522,-0.692313306009079,0.6550675675675676,0.5956081081081082,0.6550675675675676,0.0,0.0,148
inference_categories,0.005,0.0,0.75,-0.692313306009079,-2.4456304879563526,-0.692313306009079,0.6550675675675676,0.5760135135135135,0.6550675675675676,0.0,0.0,148
inference_categories,0.005,0.0,1.0,-0.692313306009079,-3.2634665436077515,-0.692313306009079,0.6550675675675676,0.5594594594594594,0.6550675675675676,0.0,0.0,148
inference_categories,0.005,0.25,0.0,-0.692313306009079,-0.6301458309643946,-0.6525591332602643,0.6550675675675676,0.6459459459459459,0.647635135135135,0.039754172748814674,-0.007432432432432433,148
inference_categories,0.005,0.25,0.25,-0.692313306009079,-0.9193820933077442,-0.6764909204784609,0.6550675675675676,0.6236486486486487,0.6253378378378378,0.015822385530618082,-0.02972972972972973,148
inference_categories,0.005,0.25,0.5,-0.692313306009079,-1.6948882203391522,-0.8103407552559065,0.6550675675675676,0.5956081081081082,0.5989864864864866,-0.11802744924682762,-0.056081081081081084,148
inference_categories,0.005,0.25,0.75,-0.692313306009079,-2.4456304879563526,-1.0076817898796184,0.6550675675675676,0.5760135135135135,0.5777027027027027,-0.31536848387053934,-0.07736486486486487,148
inference_categories,0.005,0.25,1.0,-0.692313306009079,-3.2634665436077515,-1.2550246933026998,0.6550675675675676,0.5594594594594594,0.5611486486486487,-0.5627113872936209,-0.09391891891891892,148
inference_categories,0.005,0.5,0.0,-0.692313306009079,-0.6301458309643946,-0.6309326625841161,0.6550675675675676,0.6459459459459459,0.647635135135135,0.06138064342496294,-0.007432432432432433,148
inference_categories,0.005,0.5,0.25,-0.692313306009079,-0.9193820933077442,-0.7303204037054197,0.6550675675675676,0.6236486486486487,0.6253378378378378,-0.03800709769634075,-0.02972972972972973,148
inference_categories,0.005,0.5,0.5,-0.692313306009079,-1.6948882203391522,-1.0891567034860747,0.6550675675675676,0.5956081081081082,0.5972972972972973,-0.3968433974769957,-0.05777027027027028,148
inference_categories,0.005,0.5,0.75,-0.692313306009079,-2.4456304879563526,-1.536900047213243,0.6550675675675676,0.5760135135135135,0.5777027027027027,-0.844586741204164,-0.07736486486486487,148
inference_categories,0.005,0.5,1.0,-0.692313306009079,-3.2634665436077515,-2.0109427565328777,0.6550675675675676,0.5594594594594594,0.5611486486486487,-1.3186294505237988,-0.09391891891891892,148
inference_categories,0.005,0.75,0.0,-0.692313306009079,-0.6301458309643946,-0.6245137272548462,0.6550675675675676,0.6459459459459459,0.6459459459459459,0.06779957875423284,-0.009121621621621622,148
inference_categories,0.005,0.75,0.25,-0.692313306009079,-0.9193820933077442,-0.8158253897282957,0.6550675675675676,0.6236486486486487,0.6236486486486487,-0.12351208371921665,-0.031418918918918924,148
inference_categories,0.005,0.75,0.5,-0.692313306009079,-1.6948882203391522,-1.4053775770455574,0.6550675675675676,0.5956081081081082,0.5956081081081082,-0.7130642710364784,-0.05945945945945946,148
inference_categories,0.005,0.75,0.75,-0.692313306009079,-2.4456304879563526,-2.0187833984073134,0.6550675675675676,0.5760135135135135,0.5760135135135135,-1.3264700923982344,-0.07905405405405405,148
inference_categories,0.005,0.75,1.0,-0.692313306009079,-3.2634665436077515,-2.693205110528196,0.6550675675675676,0.5594594594594594,0.5594594594594594,-2.000891804519117,-0.09560810810810812,148
inference_categories,0.005,1.0,0.0,-0.692313306009079,-0.6301458309643946,-0.6301458309643946,0.6550675675675676,0.6459459459459459,0.6459459459459459,0.06216747504468444,-0.009121621621621622,148
inference_categories,0.005,1.0,0.25,-0.692313306009079,-0.9193820933077442,-0.9193820933077442,0.6550675675675676,0.6236486486486487,0.6236486486486487,-0.22706878729866511,-0.031418918918918924,148
inference_categories,0.005,1.0,0.5,-0.692313306009079,-1.6948882203391522,-1.6948882203391522,0.6550675675675676,0.5956081081081082,0.5956081081081082,-1.0025749143300733,-0.05945945945945946,148
inference_categories,0.005,1.0,0.75,-0.692313306009079,-2.4456304879563526,-2.4456304879563526,0.6550675675675676,0.5760135135135135,0.5760135135135135,-1.753317181947274,-0.07905405405405405,148
inference_categories,0.005,1.0,1.0,-0.692313306009079,-3.2634665436077515,-3.2634665436077515,0.6550675675675676,0.5594594594594594,0.5594594594594594,-2.571153237598672,-0.09560810810810812,148
inference_categories,0.01,0.0,0.0,-0.692313306009079,-0.6189382169964123,-0.692313306009079,0.6550675675675676,0.6631756756756757,0.6550675675675676,0.0,0.0,148
inference_categories,0.01,0.0,0.25,-0.692313306009079,-0.705660078786476,-0.692313306009079,0.6550675675675676,0.6388513513513513,0.6550675675675676,0.0,0.0,148
inference_categories,0.01,0.0,0.5,-0.692313306009079,-1.0010996586258851,-0.692313306009079,0.6550675675675676,0.6168918918918919,0.6550675675675676,0.0,0.0,148
inference_categories,0.01,0.0,0.75,-0.692313306009079,-1.501649916299602,-0.692313306009079,0.6550675675675676,0.5875,0.6550675675675676,0.0,0.0,148
inference_categories,0.01,0.0,1.0,-0.692313306009079,-1.9349905377765944,-0.692313306009079,0.6550675675675676,0.5861486486486487,0.6550675675675676,0.0,0.0,148
inference_categories,0.01,0.25,0.0,-0.692313306009079,-0.6189382169964123,-0.6593961803026972,0.6550675675675676,0.6631756756756757,0.664864864864865,0.03291712570638185,0.009797297297297298,148
inference_categories,0.01,0.25,0.25,-0.692313306009079,-0.705660078786476,-0.661723498228211,0.6550675675675676,0.6388513513513513,0.6371621621621621,0.030589807780867943,-0.017905405405405406,148
inference_categories,0.01,0.25,0.5,-0.692313306009079,-1.0010996586258851,-0.6920951533961722,0.6550675675675676,0.6168918918918919,0.6168918918918919,0.0002181526129068409,-0.03817567567567568,148
inference_categories,0.01,0.25,0.75,-0.692313306009079,-1.501649916299602,-0.7751291494046398,0.6550675675675676,0.5875,0.5875,-0.0828158433955608,-0.06756756756756757,148
inference_categories,0.01,0.25,1.0,-0.692313306009079,-1.9349905377765944,-0.8662812364520176,0.6550675675675676,0.5861486486486487,0.5861486486486487,-0.17396793044293865,-0.06891891891891891,148
inference_categories,0.01,0.5,0.0,-0.692313306009079,-0.6189382169964123,-0.6369722902590992,0.6550675675675676,0.6631756756756757,0.6631756756756757,0.05534101574997979,0.008108108108108109,148
inference_categories,0.01,0.5,0.25,-0.692313306009079,-0.705660078786476,-0.6593975696019104,0.6550675675675676,0.6388513513513513,0.6388513513513513,0.03291573640716858,-0.016216216216216217,148
inference_categories,0.01,0.5,0.5,-0.692313306009079,-1.0010996586258851,-0.7680915402515233,0.6550675675675676,0.6168918918918919,0.6168918918918919,-0.07577823424244422,-0.03817567567567568,148
inference_categories,0.01,0.5,0.75,-0.692313306009079,-1.501649916299602,-0.9880626172069146,0.6550675675675676,0.5875,0.5875,-0.2957493111978357,-0.06756756756756757,148
inference_categories,0.01,0.5,1.0,-0.692313306009079,-1.9349905377765944,-1.212926796553436,0.6550675675675676,0.5861486486486487,0.5861486486486487,-0.5206134905443569,-0.06891891891891891,148
inference_categories,0.01,0.75,0.0,-0.692313306009079,-0.6189382169964123,-0.6239401850281523,0.6550675675675676,0.6631756756756757,0.6631756756756757,0.0683731209809267,0.008108108108108109,148
inference_categories,0.01,0.75,0.25,-0.692313306009079,-0.705660078786476,-0.6760121968015396,0.6550675675675676,0.6388513513513513,0.6388513513513513,0.016301109207539386,-0.016216216216216217,148
inference_categories,0.01,0.75,0.5,-0.692313306009079,-1.0010996586258851,-0.8759617985686584,0.6550675675675676,0.6168918918918919,0.6168918918918919,-0.18364849255957932,-0.03817567567567568,148
inference_categories,0.01,0.75,0.75,-0.692313306009079,-1.501649916299602,-1.2411572966328417,0.6550675675675676,0.5875,0.5875,-0.5488439906237627,-0.06756756756756757,148
inference_categories,0.01,0.75,1.0,-0.692313306009079,-1.9349905377765944,-1.5842198729591337,0.6550675675675676,0.5861486486486487,0.5861486486486487,-0.8919065669500547,-0.06891891891891891,148
inference_categories,0.01,1.0,0.0,-0.692313306009079,-0.6189382169964123,-0.6189382169964123,0.6550675675675676,0.6631756756756757,0.6631756756756757,0.0733750890126668,0.008108108108108109,148
inference_categories,0.01,1.0,0.25,-0.692313306009079,-0.705660078786476,-0.705660078786476,0.6550675675675676,0.6388513513513513,0.6388513513513513,-0.013346772777396992,-0.016216216216216217,148
inference_categories,0.01,1.0,0.5,-0.692313306009079,-1.0010996586258851,-1.0010996586258851,0.6550675675675676,0.6168918918918919,0.6168918918918919,-0.30878635261680626,-0.03817567567567568,148
inference_categories,0.01,1.0,0.75,-0.692313306009079,-1.501649916299602,-1.501649916299602,0.6550675675675676,0.5875,0.5875,-0.809336610290523,-0.06756756756756757,148
inference_categories,0.01,1.0,1.0,-0.692313306009079,-1.9349905377765944,-1.9349905377765944,0.6550675675675676,0.5861486486486487,0.5861486486486487,-1.2426772317675152,-0.06891891891891891,148
inference_categories,0.025,0.0,0.0,-0.692313306009079,-0.6263816998612282,-0.692313306009079,0.6550675675675676,0.6699324324324325,0.6550675675675676,0.0,0.0,148
inference_categories,0.025,0.0,0.25,-0.692313306009079,-0.6424455899578858,-0.692313306009079,0.6550675675675676,0.6483108108108109,0.6550675675675676,0.0,0.0,148
inference_categories,0.025,0.0,0.5,-0.692313306009079,-0.7158359630366103,-0.692313306009079,0.6550675675675676,0.6206081081081081,0.6550675675675676,0.0,0.0,148
inference_categories,0.025,0.0,0.75,-0.692313306009079,-0.846792400305018,-0.692313306009079,0.6550675675675676,0.5996621621621622,0.6550675675675676,0.0,0.0,148
inference_categories,0.025,0.0,1.0,-0.692313306009079,-1.0164247881936168,-0.692313306009079,0.6550675675675676,0.5888513513513514,0.6550675675675676,0.0,0.0,148
inference_categories,0.025,0.25,0.0,-0.692313306009079,-0.6263816998612282,-0.6695411983918358,0.6550675675675676,0.6699324324324325,0.6699324324324325,0.02277210761724312,0.014864864864864866,148
inference_categories,0.025,0.25,0.25,-0.692313306009079,-0.6424455899578858,-0.6697663291414933,0.6550675675675676,0.6483108108108109,0.6533783783783784,0.022546976867585736,-0.0016891891891891893,148
inference_categories,0.025,0.25,0.5,-0.692313306009079,-0.7158359630366103,-0.6738903537735818,0.6550675675675676,0.6206081081081081,0.6222972972972972,0.018422952235497274,-0.03277027027027027,148
inference_categories,0.025,0.25,0.75,-0.692313306009079,-0.846792400305018,-0.6863764419090197,0.6550675675675676,0.5996621621621622,0.5996621621621622,0.005936864100059301,-0.0554054054054054,148
inference_categories,0.025,0.25,1.0,-0.692313306009079,-1.0164247881936168,-0.706949192775707,0.6550675675675676,0.5888513513513514,0.5935810810810811,-0.014635886766627986,-0.06148648648648648,148
inference_categories,0.025,0.5,0.0,-0.692313306009079,-0.6263816998612282,-0.6511221433317703,0.6550675675675676,0.6699324324324325,0.6699324324324325,0.04119116267730875,0.014864864864864866,148
inference_categories,0.025,0.5,0.25,-0.692313306009079,-0.6424455899578858,-0.6544397322509384,0.6550675675675676,0.6483108108108109,0.65,0.03787357375814061,-0.005067567567567568,148
inference_categories,0.025,0.5,0.5,-0.692313306009079,-0.7158359630366103,-0.6753478661683381,0.6550675675675676,0.6206081081081081,0.6239864864864865,0.016965439840740955,-0.03108108108108108,148
inference_categories,0.025,0.5,0.75,-0.692313306009079,-0.846792400305018,-0.7207386811319693,0.6550675675675676,0.5996621621621622,0.5996621621621622,-0.028425375122890253,-0.0554054054054054,148
inference_categories,0.025,0.5,1.0,-0.692313306009079,-1.0164247881936168,-0.7856113833053603,0.6550675675675676,0.5888513513513514,0.5905405405405406,-0.0932980772962813,-0.06452702702702703,148
inference_categories,0.025,0.75,0.0,-0.692313306009079,-0.6263816998612282,-0.6368386619038532,0.6550675675675676,0.6699324324324325,0.6699324324324325,0.0554746441052258,0.014864864864864866,148
inference_categories,0.025,0.75,0.25,-0.692313306009079,-0.6424455899578858,-0.6456201635379021,0.6550675675675676,0.6483108108108109,0.6483108108108109,0.04669314247117693,-0.006756756756756757,148
inference_categories,0.025,0.75,0.5,-0.692313306009079,-0.7158359630366103,-0.6907358579837622,0.6550675675675676,0.6206081081081081,0.6206081081081081,0.0015774480253168298,-0.034459459459459454,148
inference_categories,0.025,0.75,0.75,-0.692313306009079,-0.846792400305018,-0.777141290053861,0.6550675675675676,0.5996621621621622,0.5996621621621622,-0.08482798404478205,-0.0554054054054054,148
inference_categories,0.025,0.75,1.0,-0.692313306009079,-1.0164247881936168,-0.8932224645010169,0.6550675675675676,0.5888513513513514,0.5888513513513514,-0.20090915849193786,-0.06621621621621622,148
inference_categories,0.025,1.0,0.0,-0.692313306009079,-0.6263816998612282,-0.6263816998612282,0.6550675675675676,0.6699324324324325,0.6699324324324325,0.06593160614785076,0.014864864864864866,148
inference_categories,0.025,1.0,0.25,-0.692313306009079,-0.6424455899578858,-0.6424455899578858,0.6550675675675676,0.6483108108108109,0.6483108108108109,0.04986771605119318,-0.006756756756756757,148
inference_categories,0.025,1.0,0.5,-0.692313306009079,-0.7158359630366103,-0.7158359630366103,0.6550675675675676,0.6206081081081081,0.6206081081081081,-0.02352265702753133,-0.034459459459459454,148
inference_categories,0.025,1.0,0.75,-0.692313306009079,-0.846792400305018,-0.846792400305018,0.6550675675675676,0.5996621621621622,0.5996621621621622,-0.15447909429593895,-0.0554054054054054,148
inference_categories,0.025,1.0,1.0,-0.692313306009079,-1.0164247881936168,-1.0164247881936168,0.6550675675675676,0.5888513513513514,0.5888513513513514,-0.3241114821845377,-0.06621621621621622,148
inference_categories,0.05,0.0,0.0,-0.692313306009079,-0.641449060345452,-0.692313306009079,0.6550675675675676,0.6733108108108109,0.6550675675675676,0.0,0.0,148
inference_categories,0.05,0.0,0.25,-0.692313306009079,-0.647182926524653,-0.692313306009079,0.6550675675675676,0.6581081081081082,0.6550675675675676,0.0,0.0,148
inference_categories,0.05,0.0,0.5,-0.692313306009079,-0.6670473039583018,-0.692313306009079,0.6550675675675676,0.6317567567567568,0.6550675675675676,0.0,0.0,148
inference_categories,0.05,0.0,0.75,-0.692313306009079,-0.7062546210119756,-0.692313306009079,0.6550675675675676,0.6094594594594595,0.6550675675675676,0.0,0.0,148
inference_categories,0.05,0.0,1.0,-0.692313306009079,-0.762885520011822,-0.692313306009079,0.6550675675675676,0.597972972972973,0.6550675675675676,0.0,0.0,148
inference_categories,0.05,0.25,0.0,-0.692313306009079,-0.641449060345452,-0.6768076468589189,0.6550675675675676,0.6733108108108109,0.6716216216216216,0.015505659150160169,0.016554054054054055,148
inference_categories,0.05,0.25,0.25,-0.692313306009079,-0.647182926524653,-0.6773003242464017,0.6550675675675676,0.6581081081081082,0.6614864864864866,0.015012981762677216,0.006418918918918919,148
inference_categories,0.05,0.25,0.5,-0.692313306009079,-0.6670473039583018,-0.6780355643897025,0.6550675675675676,0.6317567567567568,0.6334459459459459,0.014277741619376528,-0.021621621621621623,148
inference_categories,0.05,0.25,0.75,-0.692313306009079,-0.7062546210119756,-0.6804128619982452,0.6550675675675676,0.6094594594594595,0.6111486486486487,0.011900444010833755,-0.04391891891891892,148
inference_categories,0.05,0.25,1.0,-0.692313306009079,-0.762885520011822,-0.6849473877733413,0.6550675675675676,0.597972972972973,0.5996621621621622,0.00736591823573768,-0.0554054054054054,148
inference_categories,0.05,0.5,0.0,-0.692313306009079,-0.641449060345452,-0.6631957649306849,0.6550675675675676,0.6733108108108109,0.6716216216216216,0.02911754107839416,0.016554054054054055,148
inference_categories,0.05,0.5,0.25,-0.692313306009079,-0.647182926524653,-0.6648424425081396,0.6550675675675676,0.6581081081081082,0.6581081081081082,0.027470863500939424,0.003040540540540541,148
inference_categories,0.05,0.5,0.5,-0.692313306009079,-0.6670473039583018,-0.6694805193759015,0.6550675675675676,0.6317567567567568,0.6300675675675675,0.02283278663317747,-0.025,148
inference_categories,0.05,0.5,0.75,-0.692313306009079,-0.7062546210119756,-0.6804727604145686,0.6550675675675676,0.6094594594594595,0.6094594594594595,0.011840545594510334,-0.04560810810810811,148
inference_categories,0.05,0.5,1.0,-0.692313306009079,-0.762885520011822,-0.6984370285169779,0.6550675675675676,0.597972972972973,0.5962837837837838,-0.006123722507898918,-0.05878378378378378,148
inference_categories,0.05,0.75,0.0,-0.692313306009079,-0.641449060345452,-0.6514325153977553,0.6550675675675676,0.6733108108108109,0.6733108108108109,0.040880790611323756,0.018243243243243244,148
inference_categories,0.05,0.75,0.25,-0.692313306009079,-0.647182926524653,-0.6548479099105062,0.6550675675675676,0.6581081081081082,0.6581081081081082,0.03746539609857286,0.003040540540540541,148
inference_categories,0.05,0.75,0.5,-0.692313306009079,-0.6670473039583018,-0.6660547231062952,0.6550675675675676,0.6317567567567568,0.6300675675675675,0.026258582902783847,-0.025,148
inference_categories,0.05,0.75,0.75,-0.692313306009079,-0.7062546210119756,-0.6898632115413893,0.6550675675675676,0.6094594594594595,0.6094594594594595,0.002450094467689704,-0.04560810810810811,148
inference_categories,0.05,0.75,1.0,-0.692313306009079,-0.762885520011822,-0.7259565589711211,0.6550675675675676,0.597972972972973,0.5962837837837838,-0.03364325296204202,-0.05878378378378378,148
inference_categories,0.05,1.0,0.0,-0.692313306009079,-0.641449060345452,-0.641449060345452,0.6550675675675676,0.6733108108108109,0.6733108108108109,0.050864245663627045,0.018243243243243244,148
inference_categories,0.05,1.0,0.25,-0.692313306009079,-0.647182926524653,-0.647182926524653,0.6550675675675676,0.6581081081081082,0.6581081081081082,0.045130379484426025,0.003040540540540541,148
inference_categories,0.05,1.0,0.5,-0.692313306009079,-0.6670473039583018,-0.6670473039583018,0.6550675675675676,0.6317567567567568,0.6317567567567568,0.02526600205077719,-0.023310810810810812,148
inference_categories,0.05,1.0,0.75,-0.692313306009079,-0.7062546210119756,-0.7062546210119756,0.6550675675675676,0.6094594594594595,0.6094594594594595,-0.013941315002896542,-0.04560810810810811,148
inference_categories,0.05,1.0,1.0,-0.692313306009079,-0.762885520011822,-0.762885520011822,0.6550675675675676,0.597972972972973,0.597972972972973,-0.07057221400274288,-0.05709459459459459,148
inference_categories,0.1,0.0,0.0,-0.692313306009079,-0.65811534011103,-0.692313306009079,0.6550675675675676,0.6699324324324325,0.6550675675675676,0.0,0.0,148
inference_categories,0.1,0.0,0.25,-0.692313306009079,-0.66087120166992,-0.692313306009079,0.6550675675675676,0.6547297297297298,0.6550675675675676,0.0,0.0,148
inference_categories,0.1,0.0,0.5,-0.692313306009079,-0.6667353837076211,-0.692313306009079,0.6550675675675676,0.6233108108108109,0.6550675675675676,0.0,0.0,148
inference_categories,0.1,0.0,0.75,-0.692313306009079,-0.6769800855249797,-0.692313306009079,0.6550675675675676,0.6175675675675676,0.6550675675675676,0.0,0.0,148
inference_categories,0.1,0.0,1.0,-0.692313306009079,-0.692643648420938,-0.692313306009079,0.6550675675675676,0.6077702702702703,0.6550675675675676,0.0,0.0,148
inference_categories,0.1,0.25,0.0,-0.692313306009079,-0.65811534011103,-0.6827237822657533,0.6550675675675676,0.6699324324324325,0.6682432432432432,0.009589523743325749,0.013175675675675676,148
inference_categories,0.1,0.25,0.25,-0.692313306009079,-0.66087120166992,-0.6831877067130868,0.6550675675675676,0.6547297297297298,0.6564189189189189,0.009125599295992222,0.0013513513513513519,148
inference_categories,0.1,0.25,0.5,-0.692313306009079,-0.6667353837076211,-0.6835943043283852,0.6550675675675676,0.6233108108108109,0.6266891891891891,0.008719001680693885,-0.02837837837837838,148
inference_categories,0.1,0.25,0.75,-0.692313306009079,-0.6769800855249797,-0.6841171051380591,0.6550675675675676,0.6175675675675676,0.6175675675675676,0.008196200871019856,-0.0375,148
inference_categories,0.1,0.25,1.0,-0.692313306009079,-0.692643648420938,-0.685001587312975,0.6550675675675676,0.6077702702702703,0.6094594594594595,0.007311718696104016,-0.04560810810810811,148
inference_categories,0.1,0.5,0.0,-0.692313306009079,-0.65811534011103,-0.6738327362093333,0.6550675675675676,0.6699324324324325,0.6699324324324325,0.018480569799745786,0.014864864864864866,148
inference_categories,0.1,0.5,0.25,-0.692313306009079,-0.66087120166992,-0.6749137404051669,0.6550675675675676,0.6547297297297298,0.6581081081081082,0.017399565603912055,0.003040540540540541,148
inference_categories,0.1,0.5,0.5,-0.692313306009079,-0.6667353837076211,-0.6764588801855413,0.6550675675675676,0.6233108108108109,0.625,0.015854425823537573,-0.03006756756756757,148
inference_categories,0.1,0.5,0.75,-0.692313306009079,-0.6769800855249797,-0.6789711557474019,0.6550675675675676,0.6175675675675676,0.6192567567567568,0.013342150261677118,-0.03581081081081081,148
inference_categories,0.1,0.5,1.0,-0.692313306009079,-0.692643648420938,-0.6830526209727008,0.6550675675675676,0.6077702702702703,0.6077702702702703,0.009260685036378127,-0.0472972972972973,148
inference_categories,0.1,0.75,0.0,-0.692313306009079,-0.65811534011103,-0.6656334591666141,0.6550675675675676,0.6699324324324325,0.6699324324324325,0.026679846842464848,0.014864864864864866,148
inference_categories,0.1,0.75,0.25,-0.692313306009079,-0.66087120166992,-0.6674805679069605,0.6550675675675676,0.6547297297297298,0.6547297297297298,0.024832738102118453,-0.00033783783783783737,148
inference_categories,0.1,0.75,0.5,-0.692313306009079,-0.6667353837076211,-0.6708618292457086,0.6550675675675676,0.6233108108108109,0.6233108108108109,0.02145147676337037,-0.03175675675675676,148
inference_categories,0.1,0.75,0.75,-0.692313306009079,-0.6769800855249797,-0.6766800167183591,0.6550675675675676,0.6175675675675676,0.6175675675675676,0.015633289290719908,-0.0375,148
inference_categories,0.1,0.75,1.0,-0.692313306009079,-0.692643648420938,-0.6858429561062792,0.6550675675675676,0.6077702702702703,0.6077702702702703,0.006470349902799816,-0.0472972972972973,148
inference_categories,0.1,1.0,0.0,-0.692313306009079,-0.65811534011103,-0.65811534011103,0.6550675675675676,0.6699324324324325,0.6699324324324325,0.034197965898049014,0.014864864864864866,148
inference_categories,0.1,1.0,0.25,-0.692313306009079,-0.66087120166992,-0.66087120166992,0.6550675675675676,0.6547297297297298,0.6547297297297298,0.03144210433915903,-0.00033783783783783737,148
inference_categories,0.1,1.0,0.5,-0.692313306009079,-0.6667353837076211,-0.6667353837076211,0.6550675675675676,0.6233108108108109,0.6233108108108109,0.025577922301457865,-0.03175675675675676,148
inference_categories,0.1,1.0,0.75,-0.692313306009079,-0.6769800855249797,-0.6769800855249797,0.6550675675675676,0.6175675675675676,0.6175675675675676,0.015333220484099325,-0.0375,148
inference_categories,0.1,1.0,1.0,-0.692313306009079,-0.692643648420938,-0.692643648420938,0.6550675675675676,0.6077702702702703,0.6077702702702703,-0.0003303424118590067,-0.0472972972972973,148
inference_categories,0.25,0.0,0.0,-0.692313306009079,-0.6754120599588297,-0.692313306009079,0.6550675675675676,0.6682432432432432,0.6550675675675676,0.0,0.0,148
inference_categories,0.25,0.0,0.25,-0.692313306009079,-0.676626639692567,-0.692313306009079,0.6550675675675676,0.6547297297297298,0.6550675675675676,0.0,0.0,148
inference_categories,0.25,0.0,0.5,-0.692313306009079,-0.6783242664612192,-0.692313306009079,0.6550675675675676,0.6199324324324325,0.6550675675675676,0.0,0.0,148
inference_categories,0.25,0.0,0.75,-0.692313306009079,-0.6805545108092069,-0.692313306009079,0.6550675675675676,0.6091216216216216,0.6550675675675676,0.0,0.0,148
inference_categories,0.25,0.0,1.0,-0.692313306009079,-0.6834000233379764,-0.692313306009079,0.6550675675675676,0.6141891891891892,0.6550675675675676,0.0,0.0,148
inference_categories,0.25,0.25,0.0,-0.692313306009079,-0.6754120599588297,-0.6878677324294056,0.6550675675675676,0.6682432432432432,0.6719594594594595,0.004445573579673485,0.016891891891891893,148
inference_categories,0.25,0.25,0.25,-0.692313306009079,-0.676626639692567,-0.6881377118244221,0.6550675675675676,0.6547297297297298,0.6614864864864866,0.004175594184656874,0.006418918918918919,148
inference_categories,0.25,0.25,0.5,-0.692313306009079,-0.6783242664612192,-0.6883944992764309,0.6550675675675676,0.6199324324324325,0.6297297297297297,0.003918806732647986,-0.02533783783783784,148
inference_categories,0.25,0.25,0.75,-0.692313306009079,-0.6805545108092069,-0.6886389862464705,0.6550675675675676,0.6091216216216216,0.6128378378378379,0.003674319762608529,-0.04222972972972973,148
inference_categories,0.25,0.25,1.0,-0.692313306009079,-0.6834000233379764,-0.6888789853001476,0.6550675675675676,0.6141891891891892,0.6175675675675676,0.0034343207089314433,-0.0375,148
inference_categories,0.25,0.5,0.0,-0.692313306009079,-0.6754120599588297,-0.6835692582032518,0.6550675675675676,0.6682432432432432,0.6699324324324325,0.008744047805827148,0.014864864864864866,148
inference_categories,0.25,0.5,0.25,-0.692313306009079,-0.676626639692567,-0.6841317648218048,0.6550675675675676,0.6547297297297298,0.6581081081081082,0.008181541187274214,0.003040540540540541,148
inference_categories,0.25,0.5,0.5,-0.692313306009079,-0.6783242664612192,-0.6847578472849212,0.6550675675675676,0.6199324324324325,0.6212837837837838,0.0075554587241578345,-0.033783783783783786,148
inference_categories,0.25,0.5,0.75,-0.692313306009079,-0.6805545108092069,-0.6854583647551064,0.6550675675675676,0.6091216216216216,0.6108108108108109,0.006854941253972682,-0.044256756756756756,148
inference_categories,0.25,0.5,1.0,-0.692313306009079,-0.6834000233379764,-0.6862602810639774,0.6550675675675676,0.6141891891891892,0.6175675675675676,0.00605302494510165,-0.0375,148
inference_categories,0.25,0.75,0.0,-0.692313306009079,-0.6754120599588297,-0.6794175458480417,0.6550675675675676,0.6682432432432432,0.6699324324324325,0.012895760161037296,0.014864864864864866,148
inference_categories,0.25,0.75,0.25,-0.692313306009079,-0.676626639692567,-0.6802949922816595,0.6550675675675676,0.6547297297297298,0.6547297297297298,0.012018313727419539,-0.00033783783783783737,148
inference_categories,0.25,0.75,0.5,-0.692313306009079,-0.6783242664612192,-0.6814018878807829,0.6550675675675676,0.6199324324324325,0.6195945945945946,0.010911418128296085,-0.03547297297297297,148
inference_categories,0.25,0.75,0.75,-0.692313306009079,-0.6805545108092069,-0.6827662810190993,0.6550675675675676,0.6091216216216216,0.6108108108108109,0.00954702498997966,-0.044256756756756756,148
inference_categories,0.25,0.75,1.0,-0.692313306009079,-0.6834000233379764,-0.6844418873158237,0.6550675675675676,0.6141891891891892,0.6175675675675676,0.007871418693255422,-0.0375,148
inference_categories,0.25,1.0,0.0,-0.692313306009079,-0.6754120599588297,-0.6754120599588297,0.6550675675675676,0.6682432432432432,0.6682432432432432,0.016901246050249303,0.013175675675675676,148
inference_categories,0.25,1.0,0.25,-0.692313306009079,-0.676626639692567,-0.676626639692567,0.6550675675675676,0.6547297297297298,0.6547297297297298,0.01568666631651202,-0.00033783783783783737,148
inference_categories,0.25,1.0,0.5,-0.692313306009079,-0.6783242664612192,-0.6783242664612192,0.6550675675675676,0.6199324324324325,0.6199324324324325,0.01398903954785977,-0.03513513513513514,148
inference_categories,0.25,1.0,0.75,-0.692313306009079,-0.6805545108092069,-0.6805545108092069,0.6550675675675676,0.6091216216216216,0.6091216216216216,0.011758795199872123,-0.04594594594594594,148
inference_categories,0.25,1.0,1.0,-0.692313306009079,-0.6834000233379764,-0.6834000233379764,0.6550675675675676,0.6141891891891892,0.6141891891891892,0.008913282671102465,-0.04087837837837838,148
inference_categories,0.5,0.0,0.0,-0.692313306009079,-0.6834225899842366,-0.692313306009079,0.6550675675675676,0.6682432432432432,0.6550675675675676,0.0,0.0,148
inference_categories,0.5,0.0,0.25,-0.692313306009079,-0.6840703401895387,-0.692313306009079,0.6550675675675676,0.6581081081081082,0.6550675675675676,0.0,0.0,148
inference_categories,0.5,0.0,0.5,-0.692313306009079,-0.6848420149160453,-0.692313306009079,0.6550675675675676,0.6246621621621622,0.6550675675675676,0.0,0.0,148
inference_categories,0.5,0.0,0.75,-0.692313306009079,-0.6857411228577125,-0.692313306009079,0.6550675675675676,0.6091216216216216,0.6550675675675676,0.0,0.0,148
inference_categories,0.5,0.0,1.0,-0.692313306009079,-0.6867730182700215,-0.692313306009079,0.6550675675675676,0.6074324324324325,0.6550675675675676,0.0,0.0,148
inference_categories,0.5,0.25,0.0,-0.692313306009079,-0.6834225899842366,-0.6900326543059077,0.6550675675675676,0.6682432432432432,0.6719594594594595,0.0022806517031712928,0.016891891891891893,148
inference_categories,0.5,0.25,0.25,-0.692313306009079,-0.6840703401895387,-0.6901862525984582,0.6550675675675676,0.6581081081081082,0.6635135135135135,0.002127053410620745,0.008445945945945946,148
inference_categories,0.5,0.25,0.5,-0.692313306009079,-0.6848420149160453,-0.6903369288607696,0.6550675675675676,0.6246621621621622,0.6347972972972973,0.001976377148309471,-0.02027027027027027,148
inference_categories,0.5,0.25,0.75,-0.692313306009079,-0.6857411228577125,-0.6904843300625042,0.6550675675675676,0.6091216216216216,0.6131756756756757,0.0018289759465748103,-0.041891891891891894,148
inference_categories,0.5,0.25,1.0,-0.692313306009079,-0.6867730182700215,-0.6906283501496309,0.6550675675675676,0.6074324324324325,0.6111486486486487,0.001684955859448087,-0.04391891891891892,148
inference_categories,0.5,0.5,0.0,-0.692313306009079,-0.6834225899842366,-0.687790671109401,0.6550675675675676,0.6682432432432432,0.6702702702702703,0.004522634899678146,0.015202702702702704,148
inference_categories,0.5,0.5,0.25,-0.692313306009079,-0.6840703401895387,-0.6881034341020904,0.6550675675675676,0.6581081081081082,0.6581081081081082,0.004209871906988681,0.003040540540540541,148
inference_categories,0.5,0.5,0.5,-0.692313306009079,-0.6848420149160453,-0.6884329992070057,0.6550675675675676,0.6246621621621622,0.6246621621621622,0.00388030680207331,-0.030405405405405407,148
inference_categories,0.5,0.5,0.75,-0.692313306009079,-0.6857411228577125,-0.6887795663081644,0.6550675675675676,0.6091216216216216,0.6077702702702703,0.0035337397009147136,-0.0472972972972973,148
inference_categories,0.5,0.5,1.0,-0.692313306009079,-0.6867730182700215,-0.68914404534473,0.6550675675675676,0.6074324324324325,0.6125,0.003169260664349058,-0.04256756756756756,148
inference_categories,0.5,0.75,0.0,-0.692313306009079,-0.6834225899842366,-0.6855873299545778,0.6550675675675676,0.6682432432432432,0.6716216216216216,0.006725976054501177,0.016554054054054055,148
inference_categories,0.5,0.75,0.25,-0.692313306009079,-0.6840703401895387,-0.6860648150974537,0.6550675675675676,0.6581081081081082,0.6564189189189189,0.006248490911625382,0.0013513513513513519,148
inference_categories,0.5,0.75,0.5,-0.692313306009079,-0.6848420149160453,-0.6866014156681564,0.6550675675675676,0.6246621621621622,0.6212837837837838,0.005711890340922579,-0.033783783783783786,148
inference_categories,0.5,0.75,0.75,-0.692313306009079,-0.6857411228577125,-0.6871986794918207,0.6550675675675676,0.6091216216216216,0.6091216216216216,0.005114626517258295,-0.04594594594594594,148
inference_categories,0.5,0.75,1.0,-0.692313306009079,-0.6867730182700215,-0.6878594474466602,0.6550675675675676,0.6074324324324325,0.6074324324324325,0.004453858562418827,-0.047635135135135134,148
inference_categories,0.5,1.0,0.0,-0.692313306009079,-0.6834225899842366,-0.6834225899842366,0.6550675675675676,0.6682432432432432,0.6682432432432432,0.008890716024842487,0.013175675675675676,148
inference_categories,0.5,1.0,0.25,-0.692313306009079,-0.6840703401895387,-0.6840703401895387,0.6550675675675676,0.6581081081081082,0.6581081081081082,0.008242965819540276,0.003040540540540541,148
inference_categories,0.5,1.0,0.5,-0.692313306009079,-0.6848420149160453,-0.6848420149160453,0.6550675675675676,0.6246621621621622,0.6246621621621622,0.007471291093033611,-0.030405405405405407,148
inference_categories,0.5,1.0,0.75,-0.692313306009079,-0.6857411228577125,-0.6857411228577125,0.6550675675675676,0.6091216216216216,0.6091216216216216,0.006572183151366521,-0.04594594594594594,148
inference_categories,0.5,1.0,1.0,-0.692313306009079,-0.6867730182700215,-0.6867730182700215,0.6550675675675676,0.6074324324324325,0.6074324324324325,0.005540287739057559,-0.047635135135135134,148
inference_categories,1.0,0.0,0.0,-0.692313306009079,-0.6880384960696622,-0.692313306009079,0.6550675675675676,0.6699324324324325,0.6550675675675676,0.0,0.0,148
inference_categories,1.0,0.0,0.25,-0.692313306009079,-0.6883755726790032,-0.692313306009079,0.6550675675675676,0.6581081081081082,0.6550675675675676,0.0,0.0,148
inference_categories,1.0,0.0,0.5,-0.692313306009079,-0.6887442898870954,-0.692313306009079,0.6550675675675676,0.6229729729729729,0.6550675675675676,0.0,0.0,148
inference_categories,1.0,0.0,0.75,-0.692313306009079,-0.6891449303310099,-0.692313306009079,0.6550675675675676,0.6108108108108109,0.6550675675675676,0.0,0.0,148
inference_categories,1.0,0.0,1.0,-0.692313306009079,-0.6895778748232707,-0.692313306009079,0.6550675675675676,0.6006756756756757,0.6550675675675676,0.0,0.0,148
inference_categories,1.0,0.25,0.0,-0.692313306009079,-0.6880384960696622,-0.6912313825076685,0.6550675675675676,0.6699324324324325,0.6719594594594595,0.0010819235014104692,0.016891891891891893,148
inference_categories,1.0,0.25,0.25,-0.692313306009079,-0.6883755726790032,-0.6913134250322142,0.6550675675675676,0.6581081081081082,0.6665540540540541,0.0009998809768649287,0.011486486486486487,148
inference_categories,1.0,0.25,0.5,-0.692313306009079,-0.6887442898870954,-0.6913948178432694,0.6550675675675676,0.6229729729729729,0.6412162162162163,0.0009184881658096163,-0.01385135135135135,148
inference_categories,1.0,0.25,0.75,-0.692313306009079,-0.6891449303310099,-0.6914754952789667,0.6550675675675676,0.6108108108108109,0.6216216216216216,0.0008378107301123824,-0.033445945945945944,148
inference_categories,1.0,0.25,1.0,-0.692313306009079,-0.6895778748232707,-0.6915554019439214,0.6550675675675676,0.6006756756756757,0.6043918918918919,0.0007579040651576,-0.05067567567567568,148
inference_categories,1.0,0.5,0.0,-0.692313306009079,-0.6880384960696622,-0.690158274267278,0.6550675675675676,0.6699324324324325,0.668581081081081,0.0021550317418009904,0.013513513513513514,148
inference_categories,1.0,0.5,0.25,-0.692313306009079,-0.6883755726790032,-0.6903238441637217,0.6550675675675676,0.6581081081081082,0.6564189189189189,0.001989461845357364,0.0013513513513513519,148
inference_categories,1.0,0.5,0.5,-0.692313306009079,-0.6887442898870954,-0.6904938240389412,0.6550675675675676,0.6229729729729729,0.6263513513513513,0.0018194819701377858,-0.028716216216216218,148
inference_categories,1.0,0.5,0.75,-0.692313306009079,-0.6891449303310099,-0.6906681788566273,0.6550675675675676,0.6108108108108109,0.606081081081081,0.0016451271524516736,-0.048986486486486486,148
inference_categories,1.0,0.5,1.0,-0.692313306009079,-0.6895778748232707,-0.6908469079806894,0.6550675675675676,0.6006756756756757,0.6006756756756757,0.0014663980283896383,-0.0543918918918919,148
inference_categories,1.0,0.75,0.0,-0.692313306009079,-0.6880384960696622,-0.6890939796059093,0.6550675675675676,0.6699324324324325,0.6736486486486487,0.0032193264031696507,0.018581081081081082,148
inference_categories,1.0,0.75,0.25,-0.692313306009079,-0.6883755726790032,-0.6893445611619672,0.6550675675675676,0.6581081081081082,0.6581081081081082,0.0029687448471118812,0.003040540540540541,148
inference_categories,1.0,0.75,0.5,-0.692313306009079,-0.6887442898870954,-0.6896103181305099,0.6550675675675676,0.6229729729729729,0.6229729729729729,0.0027029878785690643,-0.03209459459459459,148
inference_categories,1.0,0.75,0.75,-0.692313306009079,-0.6891449303310099,-0.6898913354471973,0.6550675675675676,0.6108108108108109,0.6108108108108109,0.0024219705618817072,-0.044256756756756756,148
inference_categories,1.0,0.75,1.0,-0.692313306009079,-0.6895778748232707,-0.6901877648225487,0.6550675675675676,0.6006756756756757,0.6057432432432432,0.0021255411865302534,-0.04932432432432432,148
inference_categories,1.0,1.0,0.0,-0.692313306009079,-0.6880384960696622,-0.6880384960696622,0.6550675675675676,0.6699324324324325,0.6699324324324325,0.00427480993941679,0.014864864864864866,148
inference_categories,1.0,1.0,0.25,-0.692313306009079,-0.6883755726790032,-0.6883755726790032,0.6550675675675676,0.6581081081081082,0.6581081081081082,0.003937733330075845,0.003040540540540541,148
inference_categories,1.0,1.0,0.5,-0.692313306009079,-0.6887442898870954,-0.6887442898870954,0.6550675675675676,0.6229729729729729,0.6229729729729729,0.003569016121983737,-0.03209459459459459,148
inference_categories,1.0,1.0,0.75,-0.692313306009079,-0.6891449303310099,-0.6891449303310099,0.6550675675675676,0.6108108108108109,0.6108108108108109,0.003168375678069165,-0.044256756756756756,148
inference_categories,1.0,1.0,1.0,-0.692313306009079,-0.6895778748232707,-0.6895778748232707,0.6550675675675676,0.6006756756756757,0.6006756756756757,0.0027354311858083,-0.0543918918918919,148
