user_id,condition,n_trials,rating_partial_vs_standard,test_acc_standard,test_ll_standard,spearman_standard,topn_sign_standard,topn_overlap_standard,combined_standard,test_acc_projected,test_ll_projected,spearman_projected,topn_sign_projected,topn_overlap_projected,combined_projected,test_acc_partial,test_ll_partial,spearman_partial,topn_sign_partial,topn_overlap_partial,combined_partial,test_acc_blend,test_ll_blend,spearman_blend,topn_sign_blend,topn_overlap_blend,combined_blend
0,choice_only,20,0.46790969587664044,0.58,-0.6905539869752336,0.3084909594216971,0.2,0.3,-0.14575452028915145,0.58,-0.6862345334872202,0.2570757995180809,0.2,0.3,-0.17146210024095954,0.58,-0.6862345334872202,0.2570757995180809,0.2,0.3,-0.17146210024095954,0.58,-0.6862345334872202,0.2570757995180809,0.2,0.3,-0.17146210024095954
0,inference_affirm,20,0.8018129591945581,0.525,-0.6918497001618955,0.25948588513856297,0.4,0.6,0.029742942569281505,0.59,-0.6693370346551268,0.3390187106144692,0.5,0.7,0.1695093553072346,0.625,-0.6471197675753335,0.41855153609037554,0.6,0.8,0.30927576804518775,0.625,-0.6471197675753335,0.41855153609037554,0.6,0.8,0.30927576804518775
0,inference_categories,20,0.7012964794990814,0.57,-0.6908665702962402,0.23136821956627282,0.3,0.5,-0.0843158902168636,0.59,-0.676303283257496,0.18316650715663269,0.2,0.3,-0.20841674642168365,0.58,-0.6966056907654234,0.37275990930121733,0.4,0.5,0.08637995465060869,0.58,-0.6966056907654234,0.37275990930121733,0.4,0.5,0.08637995465060869
1,choice_only,20,0.34304057134139254,0.54,-0.6915797554731645,-0.012612508647623564,0.3,0.5,-0.2063062543238118,0.605,-0.6738523292318859,-0.07252192472383549,0.2,0.4,-0.3362609623619177,0.605,-0.6738523292318859,-0.07252192472383549,0.2,0.4,-0.3362609623619177,0.605,-0.6738523292318859,-0.07252192472383549,0.2,0.4,-0.3362609623619177
1,inference_affirm,20,0.9537052132155995,0.52,-0.6930715345942923,-0.09932350560003557,0.2,0.5,-0.34966175280001777,0.545,-0.6846915154656295,-0.07252192472383549,0.3,0.6,-0.23626096236191776,0.565,-0.665390884935478,0.5108066002287542,0.5,0.6,0.2554033001143771,0.565,-0.665390884935478,0.5108066002287542,0.5,0.6,0.2554033001143771
1,inference_categories,20,0.9845023876172693,0.46,-0.6935144303360307,-0.0015765635809529455,0.2,0.4,-0.30078828179047645,0.495,-0.7085503509857111,0.06306254323811782,0.2,0.4,-0.2684687283809411,0.53,-0.6863101064992705,0.6590035768383312,0.7,0.7,0.5295017884191655,0.53,-0.6863101064992705,0.6590035768383312,0.7,0.7,0.5295017884191655
2,choice_only,20,0.6902717100267914,0.6,-0.6905445014946724,0.13834289277321493,0.2,0.6,-0.23082855361339252,0.65,-0.6396815876992606,0.25889884218987363,0.3,0.6,-0.0705505789050632,0.65,-0.6396815876992606,0.25889884218987363,0.3,0.6,-0.0705505789050632,0.65,-0.6396815876992606,0.25889884218987363,0.3,0.6,-0.0705505789050632
2,inference_affirm,20,0.759007730359454,0.57,-0.6910233205499177,0.12055594941665872,0.3,0.4,-0.13972202529167066,0.585,-0.6704732064424813,0.16403514428824056,0.2,0.4,-0.2179824278558797,0.625,-0.6604185849213434,0.3794547916065324,0.4,0.6,0.08972739580326622,0.625,-0.6604185849213434,0.3794547916065324,0.4,0.6,0.08972739580326622
2,inference_categories,20,0.6532604716810947,0.485,-0.6948615082583319,0.15020085501091907,0.1,0.5,-0.3248995724945405,0.485,-0.8185597023632615,0.1660114713278579,0.2,0.5,-0.21699426433607105,0.44,-0.7888810707951487,0.20356168508058767,0.2,0.6,-0.19821915745970614,0.44,-0.7888810707951487,0.20356168508058767,0.2,0.6,-0.19821915745970614
3,choice_only,20,0.3114721130466298,0.53,-0.6905298378001486,0.2773213939263839,0.5,0.4,0.13866069696319194,0.625,-0.6370183750330052,0.1600229892124232,0.4,0.3,-0.01998850539378838,0.625,-0.6370183750330052,0.1600229892124232,0.4,0.3,-0.01998850539378838,0.625,-0.6370183750330052,0.1600229892124232,0.4,0.3,-0.01998850539378838
3,inference_affirm,20,0.6647406434906985,0.56,-0.6907408965438031,0.0714665777065191,0.4,0.3,-0.06426671114674043,0.66,-0.6401266217750825,0.006214485017958182,0.4,0.6,-0.09689275749102089,0.51,-0.7461501439964511,0.1452635872947725,0.5,0.4,0.07263179364738626,0.51,-0.7461501439964511,0.1452635872947725,0.5,0.4,0.07263179364738626
3,inference_categories,20,0.6767485467870779,0.555,-0.6908404125977502,0.13361142788610092,0.3,0.5,-0.13319428605694955,0.625,-0.6476050302660596,0.04117096324397296,0.3,0.5,-0.17941451837801353,0.5,-0.7472750453853803,0.22915913503720797,0.4,0.6,0.014579567518604009,0.5,-0.7472750453853803,0.22915913503720797,0.4,0.6,0.014579567518604009
4,choice_only,20,0.7279408174615618,0.505,-0.693521994320511,0.01581061631693885,0.2,0.4,-0.2920946918415306,0.52,-0.7024152471003002,0.2094906661994397,0.3,0.4,-0.09525466690028016,0.52,-0.7024152471003002,0.2094906661994397,0.3,0.4,-0.09525466690028016,0.52,-0.7024152471003002,0.2094906661994397,0.3,0.4,-0.09525466690028016
4,inference_affirm,20,0.3775406687981454,0.55,-0.6918963085319298,0.4407209298346704,0.4,0.5,0.12036046491733524,0.555,-0.7006787608035409,0.4585078731912266,0.4,0.6,0.12925393659561332,0.535,-0.705820104852273,0.4407209298346704,0.3,0.4,0.020360464917335203,0.535,-0.705820104852273,0.4407209298346704,0.3,0.4,0.020360464917335203
4,inference_categories,20,0.7259794270122275,0.51,-0.6926924734711357,0.4486262379931398,0.4,0.7,0.12431311899656991,0.575,-0.668295812779096,0.5533715710928597,0.5,0.8,0.27668578554642986,0.56,-0.6945563821836322,0.638353633796406,0.5,0.7,0.319176816898203,0.56,-0.6945563821836322,0.638353633796406,0.5,0.7,0.319176816898203
5,choice_only,20,0.6485422258044362,0.59,-0.6912536363872909,0.10953029844151298,0.4,0.5,-0.04523485077924349,0.56,-0.6861552984072532,0.15458531482170978,0.5,0.5,0.07729265741085489,0.56,-0.6861552984072532,0.15458531482170978,0.5,0.5,0.07729265741085489,0.56,-0.6861552984072532,0.15458531482170978,0.5,0.5,0.07729265741085489
5,inference_affirm,20,0.6634409966213579,0.63,-0.6900179735266673,0.22449827127373934,0.5,0.5,0.11224913563686967,0.565,-0.6908163765050398,0.27887501518087343,0.6,0.5,0.2394375075904367,0.57,-0.6994179541419223,0.29596484898025843,0.6,0.6,0.2479824244901292,0.57,-0.6994179541419223,0.29596484898025843,0.6,0.6,0.2479824244901292
5,inference_categories,20,0.5551227919142799,0.56,-0.6914752435905339,0.2819822576898525,0.6,0.6,0.24099112884492624,0.605,-0.6734591085453208,0.30606338713444053,0.6,0.6,0.2530316935672202,0.6,-0.6701817643649868,0.3705386691957566,0.6,0.6,0.2852693345978783,0.6,-0.6701817643649868,0.3705386691957566,0.6,0.6,0.2852693345978783
6,choice_only,20,0.6808358447687556,0.58,-0.6910545575976091,0.3685596349395199,0.6,0.4,0.28427981746975994,0.605,-0.6661212219748822,0.47160590021852855,0.7,0.5,0.43580295010926423,0.605,-0.6661212219748822,0.47160590021852855,0.7,0.5,0.43580295010926423,0.605,-0.6661212219748822,0.47160590021852855,0.7,0.5,0.43580295010926423
6,inference_affirm,20,0.7351425258631682,0.65,-0.6886726360145523,0.2384355189302608,0.6,0.5,0.2192177594651304,0.595,-0.6545214605783048,0.35802935965553356,0.6,0.5,0.27901467982776673,0.62,-0.6456427119447082,0.4467845370491323,0.7,0.5,0.42339226852456613,0.62,-0.6456427119447082,0.4467845370491323,0.7,0.5,0.42339226852456613
6,inference_categories,20,0.7786153844207426,0.615,-0.6893158721966515,0.3377209716078458,0.6,0.5,0.26886048580392286,0.645,-0.6305565906337511,0.4016547858320483,0.7,0.6,0.4008273929160241,0.61,-0.6606487970417824,0.44076723688685443,0.8,0.6,0.5203836184434273,0.61,-0.6606487970417824,0.44076723688685443,0.8,0.6,0.5203836184434273
7,choice_only,20,0.428312945604068,0.6,-0.6910654677614397,0.37335823496983067,0.5,0.6,0.18667911748491534,0.61,-0.6725907639512356,0.45786318527164416,0.4,0.5,0.1289315926358221,0.61,-0.6725907639512356,0.45786318527164416,0.4,0.5,0.1289315926358221,0.61,-0.6725907639512356,0.45786318527164416,0.4,0.5,0.1289315926358221
7,inference_affirm,20,0.7558289321858828,0.59,-0.6914076699415836,0.3257281720724448,0.6,0.6,0.26286408603622236,0.605,-0.685746671015815,0.41484248329981177,0.7,0.7,0.40742124164990584,0.645,-0.6542628337924135,0.5777065693360341,0.7,0.6,0.48885328466801703,0.645,-0.6542628337924135,0.5777065693360341,0.7,0.6,0.48885328466801703
7,inference_categories,20,0.7704068300005887,0.55,-0.6915888540535963,0.28270747010061253,0.5,0.6,0.14135373505030627,0.63,-0.638515270640989,0.5039567945271789,0.5,0.6,0.25197839726358945,0.62,-0.640884529948274,0.5669513938430761,0.6,0.5,0.38347569692153805,0.62,-0.640884529948274,0.5669513938430761,0.6,0.5,0.38347569692153805
8,choice_only,20,0.44453712036493737,0.5,-0.6926298210673436,0.30975390821046617,0.4,0.7,0.054876954105233106,0.56,-0.7183958524171966,0.22064661954718137,0.4,0.6,0.010323309773590708,0.56,-0.7183958524171966,0.22064661954718137,0.4,0.6,0.010323309773590708,0.56,-0.7183958524171966,0.22064661954718137,0.4,0.6,0.010323309773590708
8,inference_affirm,20,0.534421500533212,0.51,-0.6926890622920238,0.4947576122923336,0.4,0.6,0.14737880614616683,0.555,-0.6713405784041739,0.40989352785111,0.3,0.5,0.004946763925554987,0.59,-0.6764732672094271,0.5499192671791289,0.4,0.6,0.17495963358956446,0.59,-0.6764732672094271,0.5499192671791289,0.4,0.6,0.17495963358956446
8,inference_categories,20,0.80334725426798,0.5,-0.6928986525544313,0.3963152743405142,0.3,0.6,-0.0018423628297428996,0.54,-0.7320411612537205,0.48542256300379905,0.4,0.7,0.14271128150189955,0.565,-0.7430665122834879,0.5592543164676635,0.5,0.7,0.2796271582338318,0.565,-0.7430665122834879,0.5592543164676635,0.5,0.7,0.2796271582338318
9,choice_only,20,0.5011027953471509,0.555,-0.6900132424127277,0.652855904148887,0.5,0.6,0.3264279520744435,0.565,-0.6929593377378896,0.6546203795655056,0.5,0.6,0.3273101897827528,0.565,-0.6929593377378896,0.6546203795655056,0.5,0.6,0.3273101897827528,0.565,-0.6929593377378896,0.6546203795655056,0.5,0.6,0.3273101897827528
9,inference_affirm,20,0.7742134099842362,0.505,-0.6931321262981059,0.3775977391563833,0.4,0.5,0.08879886957819166,0.595,-0.6873029022501342,0.32466347665782486,0.4,0.5,0.06233173832891245,0.595,-0.6747373004771617,0.6705006583150731,0.5,0.5,0.33525032915753655,0.595,-0.6747373004771617,0.6705006583150731,0.5,0.5,0.33525032915753655
9,inference_categories,20,0.5830363117284582,0.595,-0.690672674284063,0.6281532483162264,0.5,0.6,0.3140766241581132,0.59,-0.6604743050340729,0.6334466745660823,0.5,0.5,0.31672333728304114,0.58,-0.6627415185878084,0.762253379979241,0.5,0.7,0.3811266899896205,0.58,-0.6627415185878084,0.762253379979241,0.5,0.7,0.3811266899896205
10,choice_only,20,0.5370113593017397,0.525,-0.6922638223497931,0.11772640276346767,0.2,0.6,-0.24113679861826615,0.525,-0.7144714441465575,0.17705309391986085,0.2,0.6,-0.21147345304006956,0.525,-0.7144714441465575,0.17705309391986085,0.2,0.6,-0.21147345304006956,0.525,-0.7144714441465575,0.17705309391986085,0.2,0.6,-0.21147345304006956
10,inference_affirm,20,0.7794459709912733,0.54,-0.6921774533496887,0.1918847667089591,0.3,0.6,-0.10405761664552046,0.565,-0.6870670940844248,0.3105381490217455,0.3,0.6,-0.04473092548912727,0.555,-0.7010955963552901,0.49686103843479273,0.4,0.6,0.1484305192173964,0.555,-0.7010955963552901,0.49686103843479273,0.4,0.6,0.1484305192173964
10,inference_categories,20,0.6446454289631611,0.575,-0.6911482678860221,0.09733285267845754,0.2,0.4,-0.25133357366077125,0.56,-0.7105688694236835,0.1955926849062337,0.2,0.4,-0.20220365754688313,0.58,-0.7286728759638406,0.3355665968533488,0.2,0.3,-0.1322167015733256,0.58,-0.7286728759638406,0.3355665968533488,0.2,0.3,-0.1322167015733256
11,choice_only,20,0.48719322265431986,0.48,-0.6936503296582608,-0.09617037843812967,0.3,0.7,-0.24808518921906486,0.48,-0.7762530450647702,-0.11666570499051797,0.3,0.7,-0.258332852495259,0.48,-0.7762530450647702,-0.11666570499051797,0.3,0.7,-0.258332852495259,0.48,-0.7762530450647702,-0.11666570499051797,0.3,0.7,-0.258332852495259
11,inference_affirm,20,0.5666057242130952,0.51,-0.6930524897846682,-0.21441264700960058,0.3,0.4,-0.3072063235048003,0.51,-0.7195594343182694,-0.21283608342864763,0.3,0.3,-0.30641804171432385,0.53,-0.7090374312036112,-0.10720632350480029,0.3,0.4,-0.25360316175240016,0.53,-0.7090374312036112,-0.10720632350480029,0.3,0.4,-0.25360316175240016
11,inference_categories,20,0.8205776444127352,0.53,-0.6921194351295235,-0.20810639268578876,0.3,0.5,-0.3040531963428944,0.54,-0.7398432712821943,-0.24121422788580066,0.4,0.4,-0.2206071139429003,0.54,-0.729776650098398,0.0,0.5,0.5,0.0,0.54,-0.729776650098398,0.0,0.5,0.5,0.0
12,choice_only,20,0.40894797320089493,0.465,-0.6935340604961471,-0.07901033863397032,0.3,0.5,-0.23950516931698518,0.505,-0.7349506243464995,-0.026336779544656776,0.2,0.4,-0.31316838977232836,0.505,-0.7349506243464995,-0.026336779544656776,0.2,0.4,-0.31316838977232836,0.505,-0.7349506243464995,-0.026336779544656776,0.2,0.4,-0.31316838977232836
12,inference_affirm,20,0.40398412709143244,0.5,-0.6930510865144954,0.17941931064797426,0.4,0.6,-0.01029034467601285,0.46,-0.7953373005951454,0.16460487215410483,0.4,0.6,-0.017697563922947565,0.515,-0.7848738195145626,0.22386262612958258,0.3,0.6,-0.08806868693520872,0.515,-0.7848738195145626,0.22386262612958258,0.3,0.6,-0.08806868693520872
12,inference_categories,20,0.5267228040617743,0.58,-0.692062388271096,0.09053267968475766,0.3,0.6,-0.1547336601576212,0.6,-0.6875473920547189,0.11193131306479129,0.3,0.6,-0.14403434346760435,0.605,-0.6669165770604764,0.1333299464448249,0.3,0.5,-0.13333502677758757,0.605,-0.6669165770604764,0.1333299464448249,0.3,0.5,-0.13333502677758757
13,choice_only,20,0.7844305715746412,0.55,-0.6909504800664255,0.06515338482322293,0.5,0.6,0.032576692411611465,0.645,-0.650927377605704,0.18182339950666862,0.7,0.6,0.29091169975333425,0.645,-0.650927377605704,0.18182339950666862,0.7,0.6,0.29091169975333425,0.645,-0.650927377605704,0.18182339950666862,0.7,0.6,0.29091169975333425
13,inference_affirm,20,0.8275265847840929,0.565,-0.690791174376446,-0.02727350992600029,0.5,0.5,-0.013636754963000146,0.64,-0.6517019449574178,-0.02727350992600029,0.5,0.5,-0.013636754963000146,0.645,-0.6564430597995002,0.20000573945733546,0.7,0.6,0.3000028697286677,0.645,-0.6564430597995002,0.20000573945733546,0.7,0.6,0.3000028697286677
13,inference_categories,20,0.663300080768965,0.595,-0.690725652496893,0.019697534946555767,0.5,0.4,0.009848767473277883,0.605,-0.6695690355012516,0.03636467990133372,0.6,0.5,0.11818233995066683,0.635,-0.6724987469861347,0.09091169975333431,0.6,0.5,0.14545584987666713,0.635,-0.6724987469861347,0.09091169975333431,0.6,0.5,0.14545584987666713
14,choice_only,20,0.710991880189554,0.595,-0.6908297744881906,0.36364417528959353,0.3,0.5,-0.018177912355203246,0.61,-0.702321392442025,0.5237266654985994,0.4,0.6,0.1618633327492997,0.61,-0.702321392442025,0.5237266654985994,0.4,0.6,0.1618633327492997,0.61,-0.702321392442025,0.5237266654985994,0.4,0.6,0.1618633327492997
14,inference_affirm,20,0.8261110583582216,0.555,-0.6911650749275747,0.4308392946365836,0.3,0.5,0.01541964731829179,0.565,-0.7008452151882659,0.5593005522117117,0.3,0.5,0.07965027610585584,0.575,-0.7071212665759471,0.6541642501133448,0.5,0.7,0.3270821250566724,0.575,-0.7071212665759471,0.6541642501133448,0.5,0.7,0.3270821250566724
14,inference_categories,20,0.5516932158183456,0.5,-0.692105566371583,0.4011943890423233,0.3,0.7,0.000597194521161637,0.495,-0.7557647176306639,0.5019870680628085,0.3,0.6,0.05099353403140422,0.5,-0.7718893502962767,0.4842001247062522,0.3,0.6,0.04210006235312608,0.5,-0.7718893502962767,0.4842001247062522,0.3,0.6,0.04210006235312608
15,choice_only,20,0.7783698131962042,0.49,-0.6931586833675206,0.08355786979050611,0.2,0.5,-0.25822106510474696,0.52,-0.7222696740118579,0.18603450255244758,0.4,0.4,-0.006982748723776189,0.52,-0.7222696740118579,0.18603450255244758,0.4,0.4,-0.006982748723776189,0.52,-0.7222696740118579,0.18603450255244758,0.4,0.4,-0.006982748723776189
15,inference_affirm,20,0.8147012195083291,0.555,-0.6913822790504166,0.1765751210667299,0.3,0.4,-0.11171243946663506,0.62,-0.6658919783245003,0.21283608342864763,0.4,0.5,0.0064180417143238355,0.66,-0.6372904558529955,0.36891587794298925,0.5,0.5,0.18445793897149462,0.66,-0.6372904558529955,0.36891587794298925,0.5,0.5,0.18445793897149462
15,inference_categories,20,0.5295261741270253,0.55,-0.6910939852746784,0.4855815829335072,0.5,0.6,0.2427907914667536,0.63,-0.6377089790082264,0.5249956724573308,0.5,0.6,0.2624978362286654,0.62,-0.6788061960004521,0.5328784903620954,0.5,0.4,0.2664392451810477,0.62,-0.6788061960004521,0.5328784903620954,0.5,0.4,0.2664392451810477
16,choice_only,20,0.5468003699967239,0.535,-0.6914499468116264,0.05533715710928597,0.3,0.8,-0.172331421445357,0.585,-0.6699383708967579,0.13043758461474547,0.3,0.8,-0.13478120769262728,0.585,-0.6699383708967579,0.13043758461474547,0.3,0.8,-0.13478120769262728,0.585,-0.6699383708967579,0.13043758461474547,0.3,0.8,-0.13478120769262728
16,inference_affirm,20,0.5468003699967239,0.56,-0.6917480883493283,0.24901720699178687,0.3,0.8,-0.07549139650410658,0.55,-0.7142762694041283,0.233206590674848,0.3,0.7,-0.08339670466257601,0.55,-0.7016784561509601,0.3241176344972464,0.3,0.7,-0.03794118275137681,0.55,-0.7016784561509601,0.3241176344972464,0.3,0.7,-0.03794118275137681
16,inference_categories,20,0.3880461390087691,0.56,-0.6913057985060196,0.3181886533783943,0.3,0.6,-0.04090567331080286,0.495,-0.726500182021035,0.205538012120205,0.2,0.5,-0.1972309939398975,0.56,-0.7089652123246304,0.33597559673495053,0.2,0.6,-0.13201220163252472,0.56,-0.7089652123246304,0.33597559673495053,0.2,0.6,-0.13201220163252472
17,choice_only,20,0.492799034769403,0.57,-0.6903494507274591,0.5217974447285123,0.4,0.5,0.16089872236425617,0.63,-0.6356044186465614,0.510275103677725,0.4,0.5,0.15513755183886252,0.63,-0.6356044186465614,0.510275103677725,0.4,0.5,0.15513755183886252,0.63,-0.6356044186465614,0.510275103677725,0.4,0.5,0.15513755183886252
17,inference_affirm,20,0.6721888077257199,0.55,-0.6893932531259026,0.37529910851135906,0.4,0.6,0.08764955425567955,0.575,-0.6818070094766524,0.35554652385286645,0.4,0.5,0.07777326192643325,0.6,-0.6682105372328523,0.4625396907530346,0.5,0.6,0.2312698453765173,0.6,-0.6682105372328523,0.4625396907530346,0.5,0.6,0.2312698453765173
17,inference_categories,20,0.7354827206853233,0.55,-0.6904988332185892,0.3604846700174896,0.4,0.6,0.08024233500874481,0.615,-0.6784841419851582,0.33414789047283283,0.4,0.6,0.06707394523641644,0.645,-0.6528421216773449,0.5695328576532027,0.5,0.7,0.28476642882660136,0.645,-0.6528421216773449,0.5695328576532027,0.5,0.7,0.28476642882660136
18,choice_only,20,0.3742425234307763,0.525,-0.6920306018909198,0.23297494331326082,0.4,0.5,0.016487471656630434,0.55,-0.7319512631768176,0.22735141019880284,0.3,0.4,-0.08632429490059859,0.55,-0.7319512631768176,0.22735141019880284,0.3,0.4,-0.08632429490059859,0.55,-0.7319512631768176,0.22735141019880284,0.3,0.4,-0.08632429490059859
18,inference_affirm,20,0.5976211474628598,0.595,-0.6910570357189826,0.3502657768433853,0.2,0.2,-0.12486711157830735,0.56,-0.6650723139638101,0.3582993955783253,0.2,0.2,-0.12085030221083734,0.64,-0.6627377382397984,0.3084909594216971,0.3,0.4,-0.045754520289151474,0.64,-0.6627377382397984,0.3084909594216971,0.3,0.4,-0.045754520289151474
18,inference_categories,20,0.6521578615292469,0.59,-0.691284227368768,0.4780003147289317,0.4,0.4,0.13900015736446586,0.635,-0.6513479834792577,0.3896305086445914,0.3,0.4,-0.0051847456777043,0.605,-0.658815539973105,0.5294154746325479,0.5,0.6,0.26470773731627395,0.605,-0.658815539973105,0.5294154746325479,0.5,0.6,0.26470773731627395
19,choice_only,20,0.5696449704177338,0.595,-0.6904073402228312,0.016900990060362706,0.5,0.6,0.008450495030181353,0.545,-0.7017742328954577,0.129062105915497,0.5,0.6,0.0645310529577485,0.545,-0.7017742328954577,0.129062105915497,0.5,0.6,0.0645310529577485,0.545,-0.7017742328954577,0.129062105915497,0.5,0.6,0.0645310529577485
19,inference_affirm,20,0.8329804343431036,0.51,-0.6922896438240826,-0.07374977480885543,0.4,0.6,-0.1368748874044277,0.535,-0.7588559398369307,-0.0921872185110693,0.5,0.8,-0.04609360925553465,0.51,-0.739400344516456,0.16900990060362703,0.6,0.7,0.1845049503018135,0.51,-0.739400344516456,0.16900990060362703,0.6,0.7,0.1845049503018135
19,inference_categories,20,0.5920846671503791,0.525,-0.6914347979727158,-0.12137983770624125,0.5,0.7,-0.060689918853120625,0.52,-0.7323860630591247,-0.0645310529577485,0.5,0.7,-0.03226552647887425,0.51,-0.7346964314777331,0.02765616555332079,0.5,0.7,0.013828082776660394,0.51,-0.7346964314777331,0.02765616555332079,0.5,0.7,0.013828082776660394
20,choice_only,20,0.6295112199924597,0.435,-0.6951682572129693,0.3509040124022574,0.4,0.4,0.07545200620112871,0.525,-0.7552429580301382,0.3629522188366697,0.5,0.5,0.18147610941833486,0.525,-0.7552429580301382,0.3629522188366697,0.5,0.5,0.18147610941833486,0.525,-0.7552429580301382,0.3629522188366697,0.5,0.5,0.18147610941833486
20,inference_affirm,20,0.8026376365668948,0.49,-0.693838211406244,0.5105427476582199,0.6,0.5,0.35527137382910995,0.555,-0.7193062396137663,0.5466873669614568,0.6,0.4,0.3733436834807284,0.535,-0.718882584423914,0.6716875087184841,0.8,0.6,0.6358437543592421,0.535,-0.718882584423914,0.6716875087184841,0.8,0.6,0.6358437543592421
20,inference_categories,20,0.8739943851705104,0.5,-0.6931501030754723,0.5617476250044722,0.5,0.5,0.2808738125022361,0.59,-0.6965475748778005,0.5873500636775982,0.7,0.6,0.49367503183879907,0.57,-0.7005184726067436,0.73644661830345,0.8,0.7,0.6682233091517251,0.57,-0.7005184726067436,0.73644661830345,0.8,0.7,0.6682233091517251
21,choice_only,20,0.6337928650457751,0.615,-0.6901707670238142,0.6193308712331334,0.4,0.7,0.2096654356165667,0.675,-0.6088755500756371,0.638740100815938,0.5,0.7,0.319370050407969,0.675,-0.6088755500756371,0.638740100815938,0.5,0.7,0.319370050407969,0.675,-0.6088755500756371,0.638740100815938,0.5,0.7,0.319370050407969
21,inference_affirm,20,0.5220416479198304,0.58,-0.689954212266314,0.6281532483162264,0.5,0.7,0.3140766241581132,0.69,-0.5902620483111796,0.6599138058153614,0.5,0.7,0.3299569029076807,0.73,-0.5674758976189791,0.6634427566485986,0.5,0.7,0.3317213783242993,0.73,-0.5674758976189791,0.6634427566485986,0.5,0.7,0.3317213783242993
21,inference_categories,20,0.6262374850673191,0.45,-0.6939949665851342,0.11469090208020988,0.4,0.7,-0.04265454895989504,0.605,-0.6668580283482751,0.23291075499365696,0.4,0.7,0.016455377496828502,0.65,-0.643236502022102,0.3211345258245876,0.4,0.7,0.060567262912293834,0.65,-0.643236502022102,0.3211345258245876,0.4,0.7,0.060567262912293834
22,choice_only,20,0.4248076926853026,0.565,-0.6918401170814863,0.2568860854870015,0.1,0.9,-0.2715569572564993,0.54,-0.6933734628794238,0.1356589440212255,0.1,0.8,-0.3321705279893873,0.54,-0.6933734628794238,0.1356589440212255,0.1,0.8,-0.3321705279893873,0.54,-0.6933734628794238,0.1356589440212255,0.1,0.8,-0.3321705279893873
22,inference_affirm,20,0.5171310574691589,0.605,-0.6914066149588846,0.49356764739637365,0.2,0.6,-0.05321617630181316,0.58,-0.6760194815471007,0.49356764739637365,0.2,0.6,-0.05321617630181316,0.61,-0.6689374384342348,0.5209880722517277,0.2,0.6,-0.03950596387413613,0.61,-0.6689374384342348,0.5209880722517277,0.2,0.6,-0.03950596387413613
22,inference_categories,20,0.6031295890202332,0.545,-0.6917610873523833,0.35357916260851324,0.2,0.5,-0.12321041869574337,0.59,-0.6759923454003585,0.3809995874638673,0.2,0.5,-0.10950020626806634,0.595,-0.6780760485843929,0.5209880722517277,0.2,0.5,-0.03950596387413613,0.595,-0.6780760485843929,0.5209880722517277,0.2,0.5,-0.03950596387413613
23,choice_only,20,0.7519497264366491,0.54,-0.6930812865618111,0.16625092087564589,0.2,0.5,-0.21687453956217706,0.565,-0.7187381169716193,0.40986613166372104,0.3,0.5,0.004933065831860511,0.565,-0.7187381169716193,0.40986613166372104,0.3,0.5,0.004933065831860511,0.565,-0.7187381169716193,0.40986613166372104,0.3,0.5,0.004933065831860511
23,inference_affirm,20,0.8653039946484079,0.515,-0.6925394374245806,0.06913404630472403,0.2,0.4,-0.265432976847638,0.565,-0.6683365849497644,0.3687149136251949,0.4,0.4,0.08435745681259746,0.6,-0.6596546273913743,0.4131582291068031,0.4,0.4,0.10657911455340158,0.6,-0.6596546273913743,0.4131582291068031,0.4,0.4,0.10657911455340158
23,inference_categories,20,0.6625950047469212,0.525,-0.6913727284185179,0.10699316690016815,0.3,0.6,-0.14650341654991594,0.62,-0.6379133538408087,0.18764955425567953,0.3,0.7,-0.10617522287216025,0.64,-0.6433139079195962,0.37694515723290006,0.3,0.5,-0.01152742138354998,0.64,-0.6433139079195962,0.37694515723290006,0.3,0.5,-0.01152742138354998
24,choice_only,20,0.4564153010926793,0.555,-0.691469751879819,0.3790835860954491,0.4,0.3,0.08954179304772458,0.58,-0.7152643977869747,0.30917062964341957,0.4,0.3,0.05458531482170981,0.58,-0.7152643977869747,0.30917062964341957,0.4,0.3,0.05458531482170981,0.58,-0.7152643977869747,0.30917062964341957,0.4,0.3,0.05458531482170981
24,inference_affirm,20,0.896985790548354,0.575,-0.6908597521690041,0.36121694166881935,0.4,0.5,0.0806084708344097,0.595,-0.6868976764272675,0.38918212424963117,0.7,0.6,0.39459106212481554,0.705,-0.6059705742529604,0.6268861761865316,0.7,0.6,0.5134430880932658,0.705,-0.6059705742529604,0.6268861761865316,0.7,0.6,0.5134430880932658
24,inference_categories,20,0.7994049170895461,0.555,-0.6919123050023727,0.29285760647127934,0.5,0.7,0.14642880323563967,0.585,-0.6822288615385468,0.41481687494870867,0.6,0.6,0.3074084374743543,0.605,-0.6699900645049283,0.4458893000384996,0.7,0.8,0.42294465001924975,0.605,-0.6699900645049283,0.4458893000384996,0.7,0.8,0.42294465001924975
25,choice_only,20,0.16215148984710645,0.49,-0.6940412441411928,0.23123026363523067,0.3,0.7,-0.08438486818238468,0.485,-0.7544242029293824,-0.025692251515025626,0.1,0.7,-0.41284612575751284,0.485,-0.7544242029293824,-0.025692251515025626,0.1,0.7,-0.41284612575751284,0.485,-0.7544242029293824,-0.025692251515025626,0.1,0.7,-0.41284612575751284
25,inference_affirm,20,0.5759893727227765,0.51,-0.6928544263850526,-0.019763270396173562,0.2,0.6,-0.30988163519808676,0.59,-0.6777883673052244,0.0671951193469901,0.2,0.6,-0.26640244032650495,0.585,-0.6504201173505015,0.1027690060601025,0.2,0.6,-0.24861549696994872,0.585,-0.6504201173505015,0.1027690060601025,0.2,0.6,-0.24861549696994872
25,inference_categories,20,0.3534845837488578,0.525,-0.6927862585149797,0.3972417349630885,0.3,0.7,-0.0013791325184557557,0.59,-0.7012446001146274,0.33597559673495053,0.3,0.7,-0.032012201632524745,0.585,-0.7031374214642553,0.35573886713112407,0.2,0.7,-0.12213056643443795,0.585,-0.7031374214642553,0.35573886713112407,0.2,0.7,-0.12213056643443795
26,choice_only,20,0.3608089074700683,0.485,-0.6931031370986274,0.34645753975116866,0.6,0.6,0.2732287698755843,0.515,-0.7457400882877931,0.31771554654311207,0.5,0.5,0.15885777327155604,0.515,-0.7457400882877931,0.31771554654311207,0.5,0.5,0.15885777327155604,0.515,-0.7457400882877931,0.31771554654311207,0.5,0.5,0.15885777327155604
26,inference_affirm,20,0.7440396464075173,0.455,-0.6941953942537809,0.22993594566445275,0.5,0.6,0.11496797283222637,0.495,-0.7370623215527274,0.20740843747435433,0.4,0.5,0.0037042187371771895,0.56,-0.7268311693134369,0.45676464881992646,0.6,0.6,0.3283823244099632,0.56,-0.7268311693134369,0.45676464881992646,0.6,0.6,0.3283823244099632
26,inference_categories,20,0.7535366672684268,0.53,-0.6921270888526442,0.22838232440996323,0.5,0.7,0.11419116220498161,0.54,-0.6986253085621627,0.20430119496537524,0.5,0.7,0.10215059748268762,0.6,-0.6827144500750633,0.475408103873801,0.6,0.7,0.33770405193690045,0.6,-0.6827144500750633,0.475408103873801,0.6,0.7,0.33770405193690045
27,choice_only,20,0.7253574526944739,0.475,-0.6941549176678415,0.06748799758318298,0.2,0.3,-0.2662560012084085,0.52,-0.7280297713562809,0.055965656532395644,0.4,0.5,-0.07201717173380215,0.52,-0.7280297713562809,0.055965656532395644,0.4,0.5,-0.07201717173380215,0.52,-0.7280297713562809,0.055965656532395644,0.4,0.5,-0.07201717173380215
27,inference_affirm,20,0.5492215281356636,0.435,-0.6949545508737793,0.2600756980034857,0.4,0.5,0.03003784900174286,0.405,-0.7945718020035472,0.23703101590191095,0.4,0.5,0.018515507950955495,0.465,-0.8043420096550696,0.33908603663745596,0.4,0.4,0.069543018318728,0.465,-0.8043420096550696,0.33908603663745596,0.4,0.4,0.069543018318728
27,inference_categories,20,0.9130795927626294,0.465,-0.6932621043681815,0.18764955425567953,0.4,0.5,-0.006175222872160213,0.55,-0.7084329861177163,0.20740213891417209,0.5,0.5,0.10370106945708604,0.495,-0.7741083686333073,0.5283816396146765,0.7,0.7,0.46419081980733823,0.495,-0.7741083686333073,0.5283816396146765,0.7,0.7,0.46419081980733823
28,choice_only,20,0.3775406687981454,0.53,-0.6928563411684509,0.2659127801265149,0.5,0.7,0.13295639006325746,0.56,-0.6777466393812415,0.2659127801265149,0.4,0.6,0.032956390063257485,0.56,-0.6777466393812415,0.2659127801265149,0.4,0.6,0.032956390063257485,0.56,-0.6777466393812415,0.2659127801265149,0.4,0.6,0.032956390063257485
28,inference_affirm,20,0.553519017005366,0.47,-0.6934070739890723,0.18637995465060866,0.3,0.5,-0.10681002267469568,0.45,-0.7516213613839523,0.15344211783735456,0.3,0.5,-0.12327894108132273,0.51,-0.7141017053698363,0.272339675114467,0.3,0.5,-0.06383016244276651,0.51,-0.7141017053698363,0.272339675114467,0.3,0.5,-0.06383016244276651
28,inference_categories,20,0.2768932769344725,0.51,-0.6936153056727943,0.12934126163253445,0.5,0.6,0.06467063081626723,0.545,-0.7080050670626363,0.09399333919879833,0.4,0.5,-0.05300333040060081,0.545,-0.7006411231572881,-0.05462860739759219,0.4,0.6,-0.12731430369879607,0.545,-0.7006411231572881,-0.05462860739759219,0.4,0.6,-0.12731430369879607
29,choice_only,20,0.6224593312018545,0.515,-0.6919645160476219,0.17361926152918047,0.6,0.7,0.18680963076459023,0.585,-0.6650651948700395,0.17361926152918047,0.7,0.8,0.2868096307645902,0.585,-0.6650651948700395,0.17361926152918047,0.7,0.8,0.2868096307645902,0.585,-0.6650651948700395,0.17361926152918047,0.7,0.8,0.2868096307645902
29,inference_affirm,20,0.6339690345496132,0.55,-0.6917326446161327,0.016900990060362706,0.7,0.5,0.20845049503018132,0.585,-0.6727315231238622,0.010755175492958085,0.7,0.5,0.205377587746479,0.55,-0.7346309273234374,0.23661386084507785,0.7,0.6,0.3183069304225389,0.55,-0.7346309273234374,0.23661386084507785,0.7,0.6,0.3183069304225389
29,inference_categories,20,0.5583107632895018,0.495,-0.6921485875913459,-0.10908820857143199,0.6,0.5,0.04545589571428398,0.58,-0.6756230265258929,-0.08604140394366468,0.5,0.6,-0.04302070197183234,0.515,-0.7226861393647502,-0.01536453641851155,0.6,0.6,0.0923177317907442,0.515,-0.7226861393647502,-0.01536453641851155,0.6,0.6,0.0923177317907442
30,choice_only,20,0.4375718602542572,0.57,-0.6913041930192683,0.06254985141855984,0.4,0.5,-0.06872507429072006,0.605,-0.7016927086155785,-0.037859120595444114,0.4,0.6,-0.11892956029772203,0.605,-0.7016927086155785,-0.037859120595444114,0.4,0.6,-0.11892956029772203,0.605,-0.7016927086155785,-0.037859120595444114,0.4,0.6,-0.11892956029772203
30,inference_affirm,20,0.4239474756628851,0.555,-0.6923364430010133,0.034567023152362014,0.4,0.5,-0.08271648842381897,0.59,-0.692869842022259,-0.10370106945708604,0.3,0.5,-0.251850534728543,0.58,-0.7033542724802269,0.11193131306479129,0.3,0.4,-0.14403434346760435,0.58,-0.7033542724802269,0.11193131306479129,0.3,0.4,-0.14403434346760435
30,inference_categories,20,0.5256968508794768,0.59,-0.6912220101708806,0.2419691620665341,0.4,0.5,0.020984581033267072,0.635,-0.6334191654697696,0.17612721320489214,0.4,0.6,-0.01193639339755391,0.625,-0.6399301331879862,0.2831203801050603,0.4,0.6,0.04156019005253017,0.625,-0.6399301331879862,0.2831203801050603,0.4,0.6,0.04156019005253017
31,choice_only,20,0.5232874583050908,0.555,-0.6919446453592875,-0.18954179304772456,0.2,0.4,-0.39477089652386227,0.545,-0.7011647995601311,-0.1522548829399755,0.2,0.4,-0.3761274414699877,0.545,-0.7011647995601311,-0.1522548829399755,0.2,0.4,-0.3761274414699877,0.545,-0.7011647995601311,-0.1522548829399755,0.2,0.4,-0.3761274414699877
31,inference_affirm,20,0.7354408280689602,0.535,-0.6909855716468701,-0.04971588014366546,0.2,0.5,-0.3248579400718327,0.585,-0.7015789293383091,-0.021750697562853638,0.2,0.4,-0.3108753487814268,0.625,-0.6568367738565155,0.15924617858517842,0.3,0.5,-0.1203769107074108,0.625,-0.6568367738565155,0.15924617858517842,0.3,0.5,-0.1203769107074108
31,inference_categories,20,0.5493603813027244,0.505,-0.6930885703428643,0.35810969915984026,0.3,0.4,-0.020945150420079883,0.505,-0.7501101906198737,0.34956478226014776,0.3,0.4,-0.025217608869926134,0.53,-0.734723947148384,0.4373443831388071,0.3,0.4,0.01867219156940353,0.53,-0.734723947148384,0.4373443831388071,0.3,0.4,0.01867219156940353
32,choice_only,20,0.6462117437679884,0.525,-0.6913225814079422,0.23618839080723686,0.4,0.6,0.01809419540361845,0.595,-0.7042342231945902,0.27715984635543095,0.5,0.7,0.13857992317771547,0.595,-0.7042342231945902,0.27715984635543095,0.5,0.7,0.13857992317771547,0.595,-0.7042342231945902,0.27715984635543095,0.5,0.7,0.13857992317771547
32,inference_affirm,20,0.5913493830716486,0.515,-0.6917553461072046,0.30608087380121507,0.4,0.6,0.05304043690060756,0.575,-0.7066218788665118,0.47719695285543773,0.4,0.6,0.1385984764277189,0.585,-0.7105124045658403,0.4538994585241117,0.4,0.6,0.12694972926205586,0.585,-0.7105124045658403,0.4538994585241117,0.4,0.6,0.12694972926205586
32,inference_categories,20,0.8548596134146437,0.54,-0.6915571417830342,0.29885061693976905,0.4,0.6,0.04942530846988455,0.545,-0.6872098239884679,0.270732951367479,0.4,0.5,0.03536647568373952,0.605,-0.6941688584723127,0.6081449382349602,0.6,0.6,0.40407246911748007,0.605,-0.6941688584723127,0.6081449382349602,0.6,0.6,0.40407246911748007
33,choice_only,20,0.3896552271709815,0.55,-0.6917827711121305,0.26801580876200076,0.5,0.6,0.13400790438100038,0.5,-0.7031466194517622,0.28851113531438904,0.4,0.5,0.044255567657194544,0.5,-0.7031466194517622,0.28851113531438904,0.4,0.5,0.044255567657194544,0.5,-0.7031466194517622,0.28851113531438904,0.4,0.5,0.044255567657194544
33,inference_affirm,20,0.580102830276105,0.585,-0.6910770372505836,0.46981594712397773,0.6,0.5,0.33490797356198887,0.635,-0.6467711098890576,0.44616749340968354,0.5,0.5,0.22308374670484177,0.635,-0.6267849330319433,0.5990941607621193,0.6,0.6,0.3995470803810596,0.635,-0.6267849330319433,0.5990941607621193,0.6,0.6,0.3995470803810596
33,inference_categories,20,0.8240330486099979,0.56,-0.691253184994781,0.4083299674668128,0.4,0.4,0.10416498373340644,0.575,-0.6863364984568477,0.375222132266801,0.4,0.4,0.08761106613340053,0.645,-0.6330176794069861,0.6258957416383194,0.6,0.5,0.4129478708191597,0.645,-0.6330176794069861,0.6258957416383194,0.6,0.5,0.4129478708191597
34,choice_only,20,0.5201443101946444,0.555,-0.6912510670974463,0.23167895052454046,0.3,0.6,-0.08416052473772978,0.575,-0.6840636220981345,0.2639273026122054,0.3,0.5,-0.06803634869389732,0.575,-0.6840636220981345,0.2639273026122054,0.3,0.5,-0.06803634869389732,0.575,-0.6840636220981345,0.2639273026122054,0.3,0.5,-0.06803634869389732
34,inference_affirm,20,0.7094050711676091,0.575,-0.6909853106328105,0.3089052673660539,0.3,0.7,-0.045547366316973065,0.58,-0.6712816862689327,0.3403049786093067,0.3,0.6,-0.029847510695346663,0.61,-0.6219584263194043,0.4659038235823175,0.4,0.6,0.13295191179115878,0.61,-0.6219584263194043,0.4659038235823175,0.4,0.6,0.13295191179115878
34,inference_categories,20,0.5685182684083677,0.59,-0.6912968878526482,0.37170468985255933,0.5,0.6,0.18585234492627967,0.65,-0.6476842133480334,0.3538832321199024,0.4,0.5,0.07694161605995123,0.63,-0.6458032727961128,0.48202799962615,0.5,0.7,0.241013999813075,0.63,-0.6458032727961128,0.48202799962615,0.5,0.7,0.241013999813075
35,choice_only,20,0.41375094420711683,0.55,-0.6919304425644682,0.47274083871733835,0.7,0.4,0.43637041935866916,0.55,-0.6748286031869157,0.5333486385528946,0.6,0.6,0.3666743192764473,0.55,-0.6748286031869157,0.5333486385528946,0.6,0.6,0.3666743192764473,0.55,-0.6748286031869157,0.5333486385528946,0.6,0.6,0.3666743192764473
35,inference_affirm,20,0.36340683823132824,0.525,-0.6920632387630206,0.16212586456011285,0.6,0.3,0.1810629322800564,0.55,-0.7142835364502801,0.20758171443678003,0.6,0.4,0.20379085721839,0.54,-0.6938993982749301,0.13788274462589037,0.5,0.3,0.06894137231294518,0.54,-0.6938993982749301,0.13788274462589037,0.5,0.3,0.06894137231294518
35,inference_categories,20,0.4735089171984242,0.515,-0.691743854259543,0.40607225889822657,0.7,0.4,0.40303612944911327,0.55,-0.683406763208827,0.4863775936803386,0.7,0.5,0.44318879684016926,0.57,-0.6774460106450259,0.36364679901333724,0.7,0.5,0.38182339950666855,0.57,-0.6774460106450259,0.36364679901333724,0.7,0.5,0.38182339950666855
36,choice_only,20,0.647254598071568,0.55,-0.6926434706061465,-0.0477354129246904,0.1,0.3,-0.42386770646234523,0.5,-0.7316350034502715,-0.004938146164623145,0.2,0.4,-0.3024690730823116,0.5,-0.7316350034502715,-0.004938146164623145,0.2,0.4,-0.3024690730823116,0.5,-0.7316350034502715,-0.004938146164623145,0.2,0.4,-0.3024690730823116
36,inference_affirm,20,0.35086859012261745,0.575,-0.6907926616352458,0.576117052539367,0.6,0.7,0.38805852626968346,0.605,-0.6294997636763136,0.47735412924690396,0.4,0.5,0.138677064623452,0.63,-0.6190216479564156,0.5300276883362175,0.5,0.6,0.26501384416810875,0.63,-0.6190216479564156,0.5300276883362175,0.5,0.6,0.26501384416810875
36,inference_categories,20,0.3305372663518097,0.53,-0.6904665250437801,0.30781111092817603,0.4,0.5,0.05390555546408804,0.545,-0.7294511514824943,0.2419691620665341,0.4,0.5,0.020984581033267072,0.55,-0.7172779640339206,0.2255086748511236,0.3,0.4,-0.0872456625744382,0.55,-0.7172779640339206,0.2255086748511236,0.3,0.4,-0.0872456625744382
37,choice_only,20,0.5653344836959351,0.51,-0.6927671475334091,0.22332495547676123,0.1,0.5,-0.2883375222616194,0.485,-0.7175484418805601,0.12846125757512813,0.2,0.5,-0.2357693712124359,0.485,-0.7175484418805601,0.12846125757512813,0.2,0.5,-0.2357693712124359,0.485,-0.7175484418805601,0.12846125757512813,0.2,0.5,-0.2357693712124359
37,inference_affirm,20,0.23811407380692767,0.525,-0.6921562756949831,0.39131275384423647,0.2,0.6,-0.10434362307788175,0.52,-0.7332656894469249,0.3873600997650018,0.2,0.6,-0.10631995011749909,0.495,-0.7504049212480858,0.32609396153686376,0.0,0.4,-0.3369530192315681,0.495,-0.7504049212480858,0.32609396153686376,0.0,0.4,-0.3369530192315681
37,inference_categories,20,0.3798656843308346,0.55,-0.6927630753603351,0.22332495547676123,0.2,0.7,-0.18833752226161937,0.575,-0.6882189421501513,0.25889884218987363,0.1,0.6,-0.2705505789050632,0.57,-0.6948071410389599,0.22727760955599596,0.1,0.6,-0.28636119522200204,0.57,-0.6948071410389599,0.22727760955599596,0.1,0.6,-0.28636119522200204
38,choice_only,20,0.3701598141065453,0.57,-0.6908218970998561,0.6022472879240252,0.6,0.5,0.40112364396201255,0.565,-0.6890133117653842,0.5896347792764015,0.5,0.4,0.29481738963820076,0.565,-0.6890133117653842,0.5896347792764015,0.5,0.4,0.29481738963820076,0.565,-0.6890133117653842,0.5896347792764015,0.5,0.4,0.29481738963820076
38,inference_affirm,20,0.5578752103353265,0.61,-0.6908505733663436,0.28851113531438904,0.4,0.4,0.044255567657194544,0.595,-0.6891540932293299,0.2364845371429418,0.4,0.4,0.018242268571470918,0.615,-0.6628149129957103,0.3815283865906128,0.4,0.4,0.09076419329530641,0.615,-0.6628149129957103,0.3815283865906128,0.4,0.4,0.09076419329530641
38,inference_categories,20,0.5196968463284666,0.58,-0.6904169449707467,0.518689418133519,0.5,0.4,0.2593447090667595,0.565,-0.69291105301586,0.4934644008382719,0.5,0.4,0.24673220041913596,0.545,-0.6785017191318582,0.550220689752578,0.5,0.4,0.275110344876289,0.545,-0.6785017191318582,0.550220689752578,0.5,0.4,0.275110344876289
39,choice_only,20,0.4484948474995037,0.55,-0.6917871256799287,0.5235703627629769,0.6,0.4,0.3617851813814884,0.545,-0.7214297942501016,0.6408687674769376,0.5,0.3,0.3204343837384688,0.545,-0.7214297942501016,0.6408687674769376,0.5,0.3,0.3204343837384688,0.545,-0.7214297942501016,0.6408687674769376,0.5,0.3,0.3204343837384688
39,inference_affirm,20,0.5402100287652536,0.57,-0.6920317022588162,0.536776143426138,0.7,0.5,0.46838807171306895,0.55,-0.7049721107839713,0.5872688341970482,0.7,0.5,0.49363441709852407,0.55,-0.7418936580363967,0.6012514254874541,0.7,0.6,0.500625712743727,0.55,-0.7418936580363967,0.6012514254874541,0.7,0.6,0.500625712743727
39,inference_categories,20,0.7041300399650913,0.575,-0.6913869929679709,0.6136803955233705,0.5,0.4,0.30684019776168525,0.555,-0.6900052647117276,0.6991295645202955,0.6,0.5,0.44956478226014773,0.555,-0.705113588883828,0.7604976040726326,0.6,0.5,0.48024880203631626,0.555,-0.705113588883828,0.7604976040726326,0.6,0.5,0.48024880203631626
40,choice_only,20,0.5895561229498057,0.555,-0.6917275931281958,-0.21234028507879524,0.3,0.5,-0.3061701425393976,0.66,-0.634056902982328,-0.06748799758318298,0.3,0.6,-0.2337439987915915,0.66,-0.634056902982328,-0.06748799758318298,0.3,0.6,-0.2337439987915915,0.66,-0.634056902982328,-0.06748799758318298,0.3,0.6,-0.2337439987915915
40,inference_affirm,20,0.6865293849392362,0.555,-0.6920546249032697,0.3818833033975232,0.3,0.4,-0.009058348301238417,0.61,-0.7139364765416272,0.4032819367775568,0.3,0.4,0.001640968388778391,0.59,-0.7170357078098888,0.49546066518385556,0.4,0.6,0.1477303325919278,0.59,-0.7170357078098888,0.49546066518385556,0.4,0.6,0.1477303325919278
40,inference_categories,20,0.7249448351762182,0.58,-0.6921382323138533,-0.021398633380033626,0.3,0.6,-0.21069931669001682,0.64,-0.6391066562780573,0.08724058224167555,0.4,0.6,-0.0563797088791622,0.595,-0.6505717153969541,0.16625092087564589,0.4,0.5,-0.016874539562177035,0.595,-0.6505717153969541,0.16625092087564589,0.4,0.5,-0.016874539562177035
41,choice_only,20,0.2894348051153211,0.57,-0.6917450905988008,0.3390777606326941,0.6,0.5,0.26953888031634704,0.685,-0.6444358477915276,0.1798255090096985,0.5,0.5,0.08991275450484924,0.685,-0.6444358477915276,0.1798255090096985,0.5,0.5,0.08991275450484924,0.685,-0.6444358477915276,0.1798255090096985,0.5,0.5,0.08991275450484924
41,inference_affirm,20,0.4068080986759489,0.485,-0.6915486197923828,0.4335623501123662,0.6,0.6,0.3167811750561831,0.625,-0.6636333107975874,0.4007975327928025,0.6,0.6,0.30039876639640123,0.62,-0.6976705572431533,0.28269179594321237,0.6,0.6,0.24134589797160616,0.62,-0.6976705572431533,0.28269179594321237,0.6,0.6,0.24134589797160616
41,inference_categories,20,0.45488095175032744,0.54,-0.6910878294509554,0.5219511596256079,0.7,0.5,0.4609755798128039,0.63,-0.6257633210497275,0.5265229946004307,0.8,0.5,0.5632614973002155,0.655,-0.6534245360916787,0.4495637725242462,0.7,0.6,0.42478188626212304,0.655,-0.6534245360916787,0.4495637725242462,0.7,0.6,0.42478188626212304
42,choice_only,20,0.5392267722523514,0.525,-0.691793522949475,0.24189261843221632,0.2,0.6,-0.17905369078389183,0.565,-0.6734803684445752,0.30478469922459256,0.2,0.6,-0.1476076503877037,0.565,-0.6734803684445752,0.30478469922459256,0.2,0.6,-0.1476076503877037,0.565,-0.6734803684445752,0.30478469922459256,0.2,0.6,-0.1476076503877037
42,inference_affirm,20,0.513603102058613,0.565,-0.6905103464963909,0.16206805434958493,0.1,0.7,-0.31896597282520756,0.565,-0.7225188939685956,0.09675704737288651,0.1,0.8,-0.3516214763135568,0.595,-0.6757098239314367,0.1838383900084844,0.1,0.6,-0.30808080499575785,0.595,-0.6757098239314367,0.1838383900084844,0.1,0.6,-0.30808080499575785
42,inference_categories,20,0.5105812220351144,0.64,-0.6887419669256858,0.11127060447881952,0.2,0.9,-0.24436469776059022,0.635,-0.6478916312346295,0.08708134263559787,0.2,0.7,-0.25645932868220106,0.635,-0.6106124865959397,0.12820308776907463,0.2,0.7,-0.23589845611546267,0.635,-0.6106124865959397,0.12820308776907463,0.2,0.7,-0.23589845611546267
43,choice_only,20,0.4007343372986572,0.585,-0.6884471566433416,0.5550111122456023,0.5,0.5,0.27750555612280114,0.615,-0.6235906017081603,0.5940485910885652,0.4,0.4,0.19702429554428263,0.615,-0.6235906017081603,0.5940485910885652,0.4,0.4,0.19702429554428263,0.615,-0.6235906017081603,0.5940485910885652,0.4,0.4,0.19702429554428263
43,inference_affirm,20,0.6156193907171231,0.6,-0.6885620754723538,0.5176709150914639,0.5,0.5,0.25883545754573195,0.63,-0.6211571631785386,0.6322374290871159,0.4,0.4,0.21611871454355797,0.665,-0.5939455704241812,0.7060691825509803,0.5,0.5,0.35303459127549014,0.665,-0.5939455704241812,0.7060691825509803,0.5,0.5,0.35303459127549014
43,inference_categories,20,0.8189403193294973,0.605,-0.6895165763533595,0.5261573235355863,0.4,0.6,0.16307866176779318,0.62,-0.6358674942827942,0.6330860699315282,0.5,0.7,0.3165430349657641,0.655,-0.6231126617365519,0.7298311261945231,0.6,0.8,0.4649155630972615,0.655,-0.6231126617365519,0.7298311261945231,0.6,0.8,0.4649155630972615
44,choice_only,20,0.7026673409100166,0.585,-0.6915904430369935,-0.09372261698386826,0.4,0.5,-0.1468613084919341,0.585,-0.6696887491542843,0.050290184723051266,0.5,0.6,0.025145092361525633,0.585,-0.6696887491542843,0.050290184723051266,0.5,0.6,0.025145092361525633,0.585,-0.6696887491542843,0.050290184723051266,0.5,0.6,0.025145092361525633
44,inference_affirm,20,0.6761668549483733,0.5,-0.6926463602726769,-0.03962256978179796,0.4,0.5,-0.11981128489089896,0.555,-0.6884107351043841,-0.07772119457198833,0.4,0.6,-0.13886059728599415,0.55,-0.7206287449497899,0.05486201969787411,0.5,0.6,0.027431009848937055,0.55,-0.7206287449497899,0.05486201969787411,0.5,0.6,0.027431009848937055
44,inference_categories,20,0.457243723708859,0.46,-0.6944241021158869,0.24078330867400308,0.4,0.5,0.02039165433700156,0.445,-0.7722650742711349,0.11505784686637488,0.4,0.5,-0.04247107656681254,0.465,-0.7685131114408216,0.1722057840516604,0.4,0.6,-0.013897107974169778,0.465,-0.7685131114408216,0.1722057840516604,0.4,0.6,-0.013897107974169778
45,choice_only,20,0.342846737452826,0.54,-0.6915021357494759,0.4302609081170037,0.4,0.5,0.11513045405850186,0.585,-0.6634013241272524,0.3700074081637349,0.3,0.4,-0.014996295918132563,0.585,-0.6634013241272524,0.3700074081637349,0.3,0.4,-0.014996295918132563,0.585,-0.6634013241272524,0.3700074081637349,0.3,0.4,-0.014996295918132563
45,inference_affirm,20,0.17424154846462786,0.56,-0.6910835822928838,0.2707164293675033,0.4,0.6,0.035358214683751665,0.605,-0.6519607968856806,0.25798681670131973,0.4,0.6,0.02899340835065989,0.52,-0.8163337370252435,0.04837252813149746,0.2,0.5,-0.27581373593425124,0.52,-0.8163337370252435,0.04837252813149746,0.2,0.5,-0.27581373593425124
45,inference_categories,20,0.5711185546739349,0.6,-0.689903335815949,0.14002573932801893,0.3,0.6,-0.12998713033599055,0.56,-0.6869998596271093,0.010183690132946833,0.3,0.6,-0.1949081549335266,0.545,-0.7437404992845102,0.2545922533236708,0.3,0.5,-0.07270387333816461,0.545,-0.7437404992845102,0.2545922533236708,0.3,0.5,-0.07270387333816461
46,choice_only,20,0.6091757822181297,0.5,-0.6931649336934299,-0.008381697453841878,0.5,0.6,-0.004190848726920939,0.455,-0.7673186405673195,0.16915789406844517,0.5,0.7,0.08457894703422258,0.455,-0.7673186405673195,0.16915789406844517,0.5,0.7,0.08457894703422258,0.455,-0.7673186405673195,0.16915789406844517,0.5,0.7,0.08457894703422258
46,inference_affirm,20,0.7488397102070382,0.515,-0.692697916597711,0.20116073889220507,0.5,0.5,0.10058036944610253,0.5,-0.7189748346141672,0.189731151455148,0.5,0.6,0.094865575727574,0.57,-0.705389234945651,0.43813418508718904,0.6,0.8,0.3190670925435945,0.57,-0.705389234945651,0.43813418508718904,0.6,0.8,0.3190670925435945
46,inference_categories,20,0.8388344880519001,0.505,-0.691964202815953,0.2240199137663193,0.4,0.6,0.012009956883159673,0.53,-0.6971548261071989,0.30555097081732663,0.5,0.6,0.15277548540866331,0.62,-0.671377906562864,0.4838525348354175,0.6,0.7,0.3419262674177087,0.62,-0.671377906562864,0.4838525348354175,0.6,0.7,0.3419262674177087
47,choice_only,20,0.584373623540561,0.55,-0.6905637624910773,0.4373443831388071,0.3,0.2,0.01867219156940353,0.58,-0.6498515138057255,0.3736459117047357,0.4,0.3,0.08682295585236788,0.58,-0.6498515138057255,0.3736459117047357,0.4,0.3,0.08682295585236788,0.58,-0.6498515138057255,0.3736459117047357,0.4,0.3,0.08682295585236788
47,inference_affirm,20,0.5218339047965687,0.52,-0.6920144697429379,0.15691574670344413,0.3,0.4,-0.12154212664827795,0.47,-0.7627228000485896,0.18954179304772456,0.3,0.4,-0.10522910347613773,0.505,-0.7273161112561966,0.19187222492945888,0.3,0.4,-0.10406388753527057,0.505,-0.7273161112561966,0.19187222492945888,0.3,0.4,-0.10406388753527057
47,inference_categories,20,0.5469553725048693,0.52,-0.6920424332848728,0.6214485017958182,0.6,0.5,0.4107242508979091,0.575,-0.6706013487251229,0.5336689009171589,0.4,0.4,0.16683445045857948,0.645,-0.6455868323774289,0.6967991326385612,0.6,0.5,0.4483995663192806,0.645,-0.6455868323774289,0.6967991326385612,0.6,0.5,0.4483995663192806
48,choice_only,20,0.49117853838139913,0.465,-0.6928500862132588,0.21879495166070806,0.4,0.7,0.009397475830354052,0.53,-0.7516346071873085,0.20467914832775916,0.4,0.7,0.0023395741638796014,0.53,-0.7516346071873085,0.20467914832775916,0.4,0.7,0.0023395741638796014,0.53,-0.7516346071873085,0.20467914832775916,0.4,0.7,0.0023395741638796014
48,inference_affirm,20,0.6224593312018547,0.47,-0.6949698486409409,-0.2346752304102756,0.1,0.6,-0.5173376152051379,0.475,-0.7198533641284751,-0.19409229582804746,0.2,0.7,-0.3970461479140237,0.515,-0.7419482149241035,-0.2346752304102756,0.2,0.6,-0.4173376152051378,0.515,-0.7419482149241035,-0.2346752304102756,0.2,0.6,-0.4173376152051378
48,inference_categories,20,0.3429939518088338,0.5,-0.692831392428022,0.19762124666128472,0.3,0.5,-0.10118937666935765,0.565,-0.6916741934467246,0.2064436237443778,0.2,0.4,-0.1967781881278111,0.59,-0.7181313182415556,0.13762908249625183,0.2,0.4,-0.23118545875187407,0.59,-0.7181313182415556,0.13762908249625183,0.2,0.4,-0.23118545875187407
49,choice_only,20,0.5963218681500765,0.58,-0.6906162264919167,0.33334289909555914,0.6,0.6,0.26667144954777955,0.635,-0.6388329024389644,0.4894079836721164,0.6,0.6,0.34470399183605815,0.635,-0.6388329024389644,0.4894079836721164,0.6,0.6,0.34470399183605815,0.635,-0.6388329024389644,0.4894079836721164,0.6,0.6,0.34470399183605815
49,inference_affirm,20,0.7197444869836702,0.505,-0.692914262283995,0.19849054446144657,0.5,0.5,0.09924527223072328,0.575,-0.6773813233035421,0.21667288441211346,0.4,0.4,0.008336442206056754,0.685,-0.6290683980882992,0.3757683589804485,0.6,0.5,0.28788417949022427,0.685,-0.6290683980882992,0.3757683589804485,0.6,0.5,0.28788417949022427
49,inference_categories,20,0.7951226989684854,0.535,-0.6914265023871369,0.2621287342887806,0.5,0.5,0.1310643671443903,0.6,-0.6740551681666119,0.47274083871733835,0.6,0.5,0.3363704193586692,0.67,-0.6074907765413746,0.6045628033596732,0.6,0.6,0.40228140167983656,0.67,-0.6074907765413746,0.6045628033596732,0.6,0.6,0.40228140167983656
50,choice_only,20,0.5150588620127997,0.55,-0.6914930000732623,0.3086841899231082,0.3,0.5,-0.04565790503844591,0.57,-0.6877652743106489,0.3327856582053929,0.3,0.4,-0.03360717089730356,0.57,-0.6877652743106489,0.3327856582053929,0.3,0.4,-0.03360717089730356,0.57,-0.6877652743106489,0.3327856582053929,0.3,0.4,-0.03360717089730356
50,inference_affirm,20,0.31924648181731247,0.56,-0.6919187401159251,0.23081790778034214,0.3,0.5,-0.08459104610982894,0.575,-0.6818393552074979,0.2706780284010438,0.3,0.5,-0.0646609857994781,0.465,-0.7458370203552046,0.12792317780597276,0.2,0.5,-0.23603841109701362,0.465,-0.7458370203552046,0.12792317780597276,0.2,0.5,-0.23603841109701362
50,inference_categories,20,0.10701074917335812,0.53,-0.6910645691483662,0.5886320138173384,0.4,0.6,0.19431600690866924,0.6,-0.6698427430069781,0.5830701365214265,0.4,0.5,0.19153506826071326,0.495,-0.7798127678273515,0.13997391194711511,0.2,0.4,-0.23001304402644243,0.495,-0.7798127678273515,0.13997391194711511,0.2,0.4,-0.23001304402644243
51,choice_only,20,0.5120480954755505,0.535,-0.692032554971714,0.4418490304217016,0.5,0.6,0.2209245152108508,0.59,-0.6717801986514231,0.4611297153855577,0.5,0.6,0.23056485769277885,0.59,-0.6717801986514231,0.4611297153855577,0.5,0.6,0.23056485769277885,0.59,-0.6717801986514231,0.4611297153855577,0.5,0.6,0.23056485769277885
51,inference_affirm,20,0.4440234950336528,0.57,-0.692203510202543,0.546286073975922,0.7,0.7,0.47314303698796095,0.58,-0.6884666453133977,0.562353311445802,0.6,0.7,0.381176655722901,0.545,-0.6895584436222544,0.6563466506446004,0.6,0.6,0.4281733253223002,0.545,-0.6895584436222544,0.6563466506446004,0.6,0.6,0.4281733253223002
51,inference_categories,20,0.3803985792792743,0.54,-0.6920821832925952,0.4450624779156776,0.7,0.8,0.42253123895783873,0.575,-0.6837307207127605,0.4956742759457998,0.6,0.7,0.3478371379728999,0.56,-0.6881509560000345,0.6499197556566483,0.5,0.6,0.32495987782832414,0.56,-0.6881509560000345,0.6499197556566483,0.5,0.6,0.32495987782832414
52,choice_only,20,0.47810729747796743,0.56,-0.6916412382346556,0.34745945808653605,0.5,0.6,0.17372972904326803,0.575,-0.6868730425744798,0.3124087232795609,0.5,0.5,0.15620436163978044,0.575,-0.6868730425744798,0.3124087232795609,0.5,0.5,0.15620436163978044,0.575,-0.6868730425744798,0.3124087232795609,0.5,0.5,0.15620436163978044
52,inference_affirm,20,0.7826236605850945,0.585,-0.6909443451087135,0.3306960631788523,0.5,0.7,0.16534803158942615,0.59,-0.6643651117556282,0.403083450280214,0.5,0.6,0.201541725140107,0.65,-0.6428109903960747,0.6431047864584132,0.6,0.6,0.42155239322920657,0.65,-0.6428109903960747,0.6431047864584132,0.6,0.6,0.42155239322920657
52,inference_categories,20,0.6224593312018545,0.555,-0.6918917772986322,0.25602275859007917,0.5,0.4,0.12801137929503958,0.545,-0.6804121780129809,0.31469464076697234,0.5,0.3,0.15734732038348617,0.53,-0.7009033427552235,0.25602275859007917,0.6,0.5,0.22801137929503956,0.53,-0.7009033427552235,0.25602275859007917,0.6,0.5,0.22801137929503956
53,choice_only,20,0.46039568210255355,0.555,-0.6916380719851642,0.1746248109209392,0.1,0.6,-0.31268759453953043,0.575,-0.7017126629087324,0.1111248796769613,0.1,0.6,-0.3444375601615194,0.575,-0.7017126629087324,0.1111248796769613,0.1,0.6,-0.3444375601615194,0.575,-0.7017126629087324,0.1111248796769613,0.1,0.6,-0.3444375601615194
53,inference_affirm,20,0.5153289848771919,0.485,-0.6925269302334991,0.13421576376568053,0.1,0.5,-0.33289211811715974,0.48,-0.7645247951919694,0.07648855354388245,0.1,0.5,-0.3617557232280588,0.475,-0.7365862614181501,0.1587498281099447,0.1,0.4,-0.3206250859450277,0.475,-0.7365862614181501,0.1587498281099447,0.1,0.4,-0.3206250859450277
53,inference_categories,20,0.8335846932499967,0.495,-0.6937065340829963,-0.3694541454195077,0.0,0.9,-0.6847270727097539,0.415,-0.762056742434979,-0.3997609307859517,0.0,0.6,-0.6998804653929759,0.54,-0.7230324683956727,0.07504537328833749,0.1,0.5,-0.3624773133558313,0.54,-0.7230324683956727,0.07504537328833749,0.1,0.5,-0.3624773133558313
54,choice_only,20,0.49223251867325024,0.57,-0.690237065099308,0.15691574670344413,0.4,0.5,-0.021542126648277912,0.615,-0.6701443845690668,0.14448677666752774,0.4,0.5,-0.02775661166623611,0.615,-0.6701443845690668,0.14448677666752774,0.4,0.5,-0.02775661166623611,0.615,-0.6701443845690668,0.14448677666752774,0.4,0.5,-0.02775661166623611
54,inference_affirm,20,0.5570403841638456,0.545,-0.6916613209547074,0.12428970035916365,0.5,0.6,0.06214485017958182,0.565,-0.6738302855612264,0.10875348781426819,0.5,0.6,0.054376743907134095,0.515,-0.6862932574203099,0.21595335437404684,0.5,0.6,0.10797667718702342,0.515,-0.6862932574203099,0.21595335437404684,0.5,0.6,0.10797667718702342
54,inference_categories,20,0.3572336588030427,0.655,-0.6891358213534798,0.12972737474987706,0.4,0.4,-0.03513631262506145,0.68,-0.647397527939435,0.014759401917650685,0.3,0.4,-0.19262029904117467,0.605,-0.6551950362022257,0.09477089652386228,0.3,0.4,-0.15261455173806887,0.605,-0.6551950362022257,0.09477089652386228,0.3,0.4,-0.15261455173806887
55,choice_only,20,0.5914429106952004,0.46,-0.6930788479281216,0.3231955340953538,0.4,0.7,0.061597767047676916,0.445,-0.7703977196528987,0.2711689359239066,0.5,0.7,0.1355844679619533,0.445,-0.7703977196528987,0.2711689359239066,0.5,0.7,0.1355844679619533,0.445,-0.7703977196528987,0.2711689359239066,0.5,0.7,0.1355844679619533
55,inference_affirm,20,0.7264947587373121,0.495,-0.6927732586566379,0.2916642624762949,0.5,0.5,0.14583213123814745,0.54,-0.7183934820046661,0.3137361526096361,0.5,0.5,0.15686807630481805,0.555,-0.712265965396136,0.4824284557716013,0.6,0.6,0.34121422788580064,0.555,-0.712265965396136,0.4824284557716013,0.6,0.6,0.34121422788580064
55,inference_categories,20,0.51280677734568,0.525,-0.6915019765697759,0.4146362217906247,0.5,0.6,0.20731811089531235,0.52,-0.7280901083217581,0.4209424761144364,0.5,0.6,0.2104712380572182,0.52,-0.7456188068676539,0.4351315483430129,0.5,0.4,0.21756577417150644,0.52,-0.7456188068676539,0.4351315483430129,0.5,0.4,0.21756577417150644
56,choice_only,20,0.3517415266124057,0.57,-0.6896983018778468,0.5116390627364347,0.5,0.5,0.25581953136821733,0.625,-0.6727836265474113,0.46708190712275116,0.4,0.4,0.1335409535613756,0.625,-0.6727836265474113,0.46708190712275116,0.4,0.4,0.1335409535613756,0.625,-0.6727836265474113,0.46708190712275116,0.4,0.4,0.1335409535613756
56,inference_affirm,20,0.5057614461406913,0.53,-0.6914862990426727,0.33955625484910523,0.6,0.4,0.2697781274245526,0.58,-0.6989663804939913,0.25197839726358945,0.5,0.4,0.12598919863179472,0.59,-0.7040092569935663,0.3487749767002121,0.6,0.3,0.27438748835010607,0.59,-0.7040092569935663,0.3487749767002121,0.6,0.3,0.27438748835010607
56,inference_categories,20,0.4980794423931783,0.535,-0.691683458627669,0.5654149402012251,0.6,0.4,0.3827074701006125,0.585,-0.6936130819260705,0.4194518442253653,0.4,0.2,0.10972592211268267,0.59,-0.6926313660218191,0.5623420329175227,0.6,0.5,0.38117101645876134,0.59,-0.6926313660218191,0.5623420329175227,0.6,0.5,0.38117101645876134
57,choice_only,20,0.49794245071239646,0.54,-0.6925297882338336,0.3588386212959485,0.3,0.4,-0.020580689352025755,0.54,-0.717482293202043,0.35554652385286645,0.3,0.4,-0.022226738073566787,0.54,-0.717482293202043,0.35554652385286645,0.3,0.4,-0.022226738073566787,0.54,-0.717482293202043,0.35554652385286645,0.3,0.4,-0.022226738073566787
57,inference_affirm,20,0.5441224913949074,0.56,-0.6915141142212198,0.2304468210157468,0.3,0.5,-0.08477658949212662,0.53,-0.7129128930497969,0.21234028507879524,0.3,0.5,-0.09382985746060239,0.535,-0.7419209167408539,0.30122691604201185,0.3,0.4,-0.049386541978994086,0.535,-0.7419209167408539,0.30122691604201185,0.3,0.4,-0.049386541978994086
57,inference_categories,20,0.7322679793904515,0.585,-0.6902993905112299,0.31768740325742234,0.2,0.3,-0.14115629837128882,0.54,-0.7122529670953872,0.4180963752714263,0.3,0.4,0.009048187635713134,0.54,-0.7366974029171435,0.5201513960069714,0.3,0.4,0.06007569800348567,0.54,-0.7366974029171435,0.5201513960069714,0.3,0.4,0.06007569800348567
58,choice_only,20,0.7771340140463414,0.54,-0.6909193941251728,0.38159688990965135,0.4,0.5,0.0907984449548257,0.59,-0.6640371388540413,0.48121376222290774,0.6,0.6,0.3406068811114539,0.59,-0.6640371388540413,0.48121376222290774,0.6,0.6,0.3406068811114539,0.59,-0.6640371388540413,0.48121376222290774,0.6,0.6,0.3406068811114539
58,inference_affirm,20,0.7725955756277045,0.565,-0.6904777000043708,0.36633301431326537,0.4,0.4,0.08316650715663271,0.61,-0.6648047598880238,0.5856508057771281,0.5,0.5,0.29282540288856407,0.595,-0.6864227968216505,0.6555432887711063,0.5,0.5,0.3277716443855532,0.595,-0.6864227968216505,0.6555432887711063,0.5,0.5,0.3277716443855532
58,inference_categories,20,0.6932419051305291,0.525,-0.6916598643001969,0.4410456685482076,0.4,0.4,0.12052283427410382,0.57,-0.6884675572886203,0.5985045957530322,0.6,0.6,0.39925229787651606,0.575,-0.7255594522510534,0.567173482686766,0.5,0.5,0.283586741343383,0.575,-0.7255594522510534,0.567173482686766,0.5,0.5,0.283586741343383
59,choice_only,20,0.3602977196489792,0.575,-0.6902419589457073,0.4329108137652957,0.4,0.5,0.11645540688264788,0.61,-0.6824146777746466,0.4032819367775568,0.3,0.4,0.001640968388778391,0.61,-0.6824146777746466,0.4032819367775568,0.3,0.4,0.001640968388778391,0.61,-0.6824146777746466,0.4032819367775568,0.3,0.4,0.001640968388778391
59,inference_affirm,20,0.6122496739197432,0.55,-0.6911910956352326,0.35225442640978427,0.5,0.6,0.17612721320489214,0.575,-0.6820176930817701,0.3604846700174896,0.4,0.5,0.08024233500874481,0.62,-0.6482391334806941,0.5349658345008407,0.5,0.6,0.26748291725042034,0.62,-0.6482391334806941,0.5349658345008407,0.5,0.6,0.26748291725042034
59,inference_categories,20,0.7124672252533139,0.53,-0.6919204678870803,0.21234028507879524,0.3,0.5,-0.09382985746060239,0.565,-0.6919643450198556,0.2288007722942057,0.3,0.4,-0.08559961385289716,0.58,-0.6737874302579343,0.37529910851135906,0.4,0.6,0.08764955425567955,0.58,-0.6737874302579343,0.37529910851135906,0.4,0.6,0.08764955425567955
60,choice_only,20,0.27695909469920976,0.57,-0.6909936997401803,0.3483253705423915,0.3,0.6,-0.025837314728804267,0.69,-0.6101015422567347,0.16448698053390706,0.2,0.7,-0.21775650973304644,0.69,-0.6101015422567347,0.16448698053390706,0.2,0.7,-0.21775650973304644,0.69,-0.6101015422567347,0.16448698053390706,0.2,0.7,-0.21775650973304644
60,inference_affirm,20,0.6023670380278537,0.575,-0.6912143833005768,0.25640617553814926,0.2,0.5,-0.17179691223092536,0.605,-0.6369826920931125,0.20318979948306168,0.2,0.6,-0.19840510025846914,0.64,-0.6278073552901864,0.22254120895763904,0.3,0.6,-0.08872939552118049,0.64,-0.6278073552901864,0.22254120895763904,0.3,0.6,-0.08872939552118049
60,inference_categories,20,0.1733024839336876,0.57,-0.6915143133513033,0.40637959896612336,0.3,0.6,0.003189799483061667,0.595,-0.6448757836396506,0.01451355710593298,0.2,0.7,-0.2927432214470335,0.62,-0.654281347571636,0.18141946382416224,0.1,0.6,-0.30929026808791893,0.62,-0.654281347571636,0.18141946382416224,0.1,0.6,-0.30929026808791893
61,choice_only,20,0.3421528710051294,0.485,-0.6933685620782774,0.6211660508954605,0.4,0.3,0.21058302544773028,0.51,-0.7036551543945185,0.5596800712382957,0.3,0.2,0.07984003561914782,0.51,-0.7036551543945185,0.5596800712382957,0.3,0.2,0.07984003561914782,0.51,-0.7036551543945185,0.5596800712382957,0.3,0.2,0.07984003561914782
61,inference_affirm,20,0.5264400898328647,0.505,-0.6928696097406329,0.5565269440763897,0.3,0.4,0.07826347203819484,0.57,-0.6878888080026414,0.46981594712397773,0.4,0.4,0.1349079735619889,0.5,-0.7330258185968556,0.3988705859810952,0.4,0.5,0.09943529299054762,0.5,-0.7330258185968556,0.3988705859810952,0.4,0.5,0.09943529299054762
61,inference_categories,20,0.8334612854412203,0.495,-0.6926697859052416,0.39256433165728344,0.4,0.5,0.09628216582864174,0.545,-0.7105100479570996,0.3972940224001423,0.5,0.6,0.19864701120007114,0.59,-0.7316459384882711,0.43670811192396586,0.7,0.8,0.4183540559619829,0.59,-0.7316459384882711,0.43670811192396586,0.7,0.8,0.4183540559619829
62,choice_only,20,0.5395829879698038,0.465,-0.6941257485990306,0.0867630823373523,0.3,0.5,-0.15661845883132386,0.45,-0.8271307528943541,0.15022867034337853,0.3,0.5,-0.12488566482831075,0.45,-0.8271307528943541,0.15022867034337853,0.3,0.5,-0.12488566482831075,0.45,-0.8271307528943541,0.15022867034337853,0.3,0.5,-0.12488566482831075
62,inference_affirm,20,0.797646222998496,0.41,-0.6954012253035738,0.1116673004156664,0.3,0.5,-0.1441663497921668,0.455,-0.8003753383991398,0.36472629056627726,0.3,0.5,-0.017636854716861383,0.55,-0.7497747272672846,0.46032635351206364,0.4,0.5,0.13016317675603184,0.55,-0.7497747272672846,0.46032635351206364,0.4,0.5,0.13016317675603184
62,inference_categories,20,0.8387172645214966,0.495,-0.6942006807846289,0.05141515990361618,0.3,0.5,-0.17429242004819193,0.46,-0.8013052011745174,0.12130764289759442,0.3,0.5,-0.1393461785512028,0.495,-0.7481084954926481,0.31090104504217914,0.5,0.7,0.15545052252108957,0.495,-0.7481084954926481,0.31090104504217914,0.5,0.7,0.15545052252108957
63,choice_only,20,0.5198011004786705,0.57,-0.6912144939248855,0.03094361654486796,0.6,0.6,0.11547180827243396,0.565,-0.6650535485655911,0.06264195544448879,0.6,0.6,0.13132097772224438,0.565,-0.6650535485655911,0.06264195544448879,0.6,0.6,0.13132097772224438,0.565,-0.6650535485655911,0.06264195544448879,0.6,0.6,0.13132097772224438
63,inference_affirm,20,0.5600860156253338,0.565,-0.6913944021744552,-0.04301917422091399,0.5,0.5,-0.021509587110456994,0.545,-0.6822788558220577,0.06943445663726469,0.5,0.6,0.034717228318632345,0.545,-0.7760748564467125,0.05358528718745426,0.5,0.8,0.02679264359372713,0.545,-0.7760748564467125,0.05358528718745426,0.5,0.8,0.02679264359372713
63,inference_categories,20,0.5009434018239264,0.505,-0.6937343466627158,0.19396364517148937,0.5,0.4,0.09698182258574468,0.45,-0.7658359854784345,0.08301945902281646,0.4,0.5,-0.05849027048859175,0.505,-0.8195010612874606,0.19547308988099513,0.5,0.5,0.09773654494049756,0.505,-0.8195010612874606,0.19547308988099513,0.5,0.5,0.09773654494049756
64,choice_only,20,0.6867666676467643,0.575,-0.6923379466802436,0.20022758265282692,0.2,0.4,-0.19988620867358653,0.52,-0.6812558391277959,0.31424606721902,0.3,0.4,-0.04287696639049002,0.52,-0.6812558391277959,0.31424606721902,0.3,0.4,-0.04287696639049002,0.52,-0.6812558391277959,0.31424606721902,0.3,0.4,-0.04287696639049002
64,inference_affirm,20,0.6592388168211704,0.535,-0.6923485339863019,0.5126196907732096,0.3,0.6,0.05630984538660477,0.57,-0.6716534091364932,0.44587716322226734,0.4,0.7,0.12293858161113369,0.575,-0.6630015872023398,0.5765812796761961,0.4,0.6,0.18829063983809807,0.575,-0.6630015872023398,0.5765812796761961,0.4,0.6,0.18829063983809807
64,inference_categories,20,0.4647176416807364,0.515,-0.692393114523135,0.6108795230009858,0.5,0.7,0.3054397615004929,0.6,-0.6545824694385649,0.5052038543786604,0.5,0.7,0.2526019271893302,0.545,-0.6775490888462946,0.5543337704925486,0.5,0.6,0.2771668852462743,0.545,-0.6775490888462946,0.5543337704925486,0.5,0.6,0.2771668852462743
65,choice_only,20,0.5820111332238653,0.49,-0.6924555846708639,0.29052007482375136,0.2,0.7,-0.1547399625881243,0.59,-0.6855020439879143,0.4229339864781142,0.2,0.5,-0.08853300676094289,0.59,-0.6855020439879143,0.4229339864781142,0.2,0.5,-0.08853300676094289,0.59,-0.6855020439879143,0.4229339864781142,0.2,0.5,-0.08853300676094289
65,inference_affirm,20,0.41654981446616507,0.475,-0.693792004267369,0.2865674207445166,0.2,0.5,-0.1567162896277417,0.465,-0.7214033725974659,0.35771519417074144,0.2,0.5,-0.12114240291462927,0.545,-0.7850000821420019,0.3517862130518894,0.1,0.5,-0.22410689347405532,0.545,-0.7850000821420019,0.3517862130518894,0.1,0.5,-0.22410689347405532
65,inference_categories,20,0.5369884355428137,0.505,-0.6932580715174609,-0.039526540792347124,0.1,0.6,-0.41976327039617356,0.5,-0.7216997725000783,-0.05533715710928597,0.1,0.5,-0.427668578554643,0.545,-0.7366603020581479,0.019763270396173562,0.1,0.4,-0.39011836480191325,0.545,-0.7366603020581479,0.019763270396173562,0.1,0.4,-0.39011836480191325
66,choice_only,20,0.26238515807555596,0.505,-0.6922044723201347,0.4189813323988794,0.2,0.5,-0.09050933380056028,0.53,-0.7206970889958093,0.205538012120205,0.1,0.6,-0.2972309939398975,0.53,-0.7206970889958093,0.205538012120205,0.1,0.6,-0.2972309939398975,0.53,-0.7206970889958093,0.205538012120205,0.1,0.6,-0.2972309939398975
66,inference_affirm,20,0.847027854933444,0.505,-0.6920228450738345,0.12450860349589343,0.1,0.5,-0.3377456982520533,0.61,-0.6746464182971009,0.2470408799521695,0.2,0.5,-0.17647956002391524,0.55,-0.6766079330415703,0.4090996972007927,0.3,0.6,0.004549848600396339,0.55,-0.6766079330415703,0.4090996972007927,0.3,0.6,0.004549848600396339
66,inference_categories,20,0.7170450822479948,0.6,-0.6902408358533986,0.20356168508058767,0.2,0.5,-0.19821915745970614,0.61,-0.6414228861779968,0.322141307457629,0.2,0.4,-0.1389293462711855,0.625,-0.6549566034698567,0.37550213752729766,0.3,0.6,-0.01224893123635118,0.625,-0.6549566034698567,0.37550213752729766,0.3,0.6,-0.01224893123635118
67,choice_only,20,0.6189176538728846,0.53,-0.6917781625298575,0.25347876933595553,0.5,0.7,0.12673938466797777,0.61,-0.6426114324990178,0.24746146917367765,0.6,0.6,0.2237307345868388,0.61,-0.6426114324990178,0.24746146917367765,0.6,0.6,0.2237307345868388,0.61,-0.6426114324990178,0.24746146917367765,0.6,0.6,0.2237307345868388
67,inference_affirm,20,0.871454134209864,0.485,-0.6921754761416132,0.22038361844342721,0.6,0.5,0.2101918092217136,0.6,-0.6720470785780647,0.32418204624272057,0.6,0.5,0.26209102312136023,0.68,-0.633650994573222,0.5859346033018082,0.8,0.7,0.5929673016509042,0.68,-0.633650994573222,0.5859346033018082,0.8,0.7,0.5929673016509042
67,inference_categories,20,0.8104870369646759,0.52,-0.6921387761608375,0.44001507436656967,0.7,0.6,0.42000753718328476,0.62,-0.6408897808826048,0.4437758869679933,0.7,0.5,0.4218879434839966,0.615,-0.6274847409886328,0.6212862417551906,0.9,0.7,0.7106431208775954,0.615,-0.6274847409886328,0.6212862417551906,0.9,0.7,0.7106431208775954
68,choice_only,20,0.4704868742403246,0.515,-0.6927599878472654,0.30404929217651494,0.3,0.5,-0.04797535391174254,0.605,-0.6649546267782263,0.2567733351612641,0.3,0.5,-0.07161333241936796,0.605,-0.6649546267782263,0.2567733351612641,0.3,0.5,-0.07161333241936796,0.605,-0.6649546267782263,0.2567733351612641,0.3,0.5,-0.07161333241936796
68,inference_affirm,20,0.7507351062883291,0.53,-0.6915716818502219,0.022247509183647433,0.3,0.6,-0.1888762454081763,0.635,-0.6398664772834501,0.1853959098637286,0.3,0.5,-0.10730204506813572,0.61,-0.640574522128422,0.26326219200649464,0.4,0.6,0.031631096003247344,0.61,-0.640574522128422,0.26326219200649464,0.4,0.6,0.031631096003247344
68,inference_categories,20,0.42468113885411546,0.605,-0.6912002426023396,0.5274513635623079,0.3,0.5,0.06372568178115395,0.715,-0.59173198263946,0.4403152859263555,0.3,0.5,0.020157642963177735,0.65,-0.6084628589462794,0.4060170426015656,0.3,0.4,0.0030085213007828016,0.65,-0.6084628589462794,0.4060170426015656,0.3,0.4,0.0030085213007828016
69,choice_only,20,0.5029130068933128,0.61,-0.6910918612349949,0.43967481502054134,0.5,0.6,0.21983740751027067,0.575,-0.6893874662870558,0.4443356787840101,0.5,0.5,0.22216783939200505,0.575,-0.6893874662870558,0.4443356787840101,0.5,0.5,0.22216783939200505,0.575,-0.6893874662870558,0.4443356787840101,0.5,0.5,0.22216783939200505
69,inference_affirm,20,0.7380773373486775,0.53,-0.6923069381346683,0.2431417263276139,0.5,0.5,0.12157086316380696,0.515,-0.7424826312896963,0.2143997331195573,0.5,0.6,0.10719986655977864,0.6,-0.6941848806979795,0.4575414594471712,0.6,0.5,0.32877072972358556,0.6,-0.6941848806979795,0.4575414594471712,0.6,0.5,0.32877072972358556
69,inference_categories,20,0.6984346026072847,0.615,-0.6901904761816882,0.4163704962031982,0.4,0.3,0.10818524810159913,0.62,-0.6377374642395942,0.4979356120638994,0.4,0.2,0.14896780603194973,0.645,-0.6170340249290759,0.5523123559710335,0.5,0.3,0.2761561779855167,0.645,-0.6170340249290759,0.5523123559710335,0.5,0.3,0.2761561779855167
70,choice_only,20,0.5378075698765732,0.595,-0.69093111455334,0.10454845471633445,0.5,0.7,0.052274227358167225,0.635,-0.6451089642669325,0.16515625455189065,0.5,0.8,0.08257812727594532,0.635,-0.6451089642669325,0.16515625455189065,0.5,0.8,0.08257812727594532,0.635,-0.6451089642669325,0.16515625455189065,0.5,0.8,0.08257812727594532
70,inference_affirm,20,0.8000128577430925,0.535,-0.6924139766680107,0.3939506989311154,0.6,0.5,0.2969753494655577,0.585,-0.6705473530821565,0.45304330377078267,0.7,0.5,0.42652165188539126,0.605,-0.6811942926581775,0.5485005885117836,0.8,0.4,0.5742502942558918,0.605,-0.6811942926581775,0.5485005885117836,0.8,0.4,0.5742502942558918
70,inference_categories,20,0.8258986062393064,0.54,-0.6923839526630737,-0.00909116997533343,0.5,0.6,-0.004545584987666715,0.595,-0.6833325861498999,0.045455849876667155,0.6,0.6,0.12272792493833355,0.58,-0.700078172187756,0.21364249442033562,0.7,0.6,0.3068212472101678,0.58,-0.700078172187756,0.21364249442033562,0.7,0.6,0.3068212472101678
71,choice_only,20,0.5643868439514513,0.54,-0.692423898375443,0.291071578486054,0.2,0.4,-0.154464210756973,0.525,-0.7078552051437202,0.19466570535691508,0.3,0.5,-0.10266714732154247,0.525,-0.7078552051437202,0.19466570535691508,0.3,0.5,-0.10266714732154247,0.525,-0.7078552051437202,0.19466570535691508,0.3,0.5,-0.10266714732154247
71,inference_affirm,20,0.8210890606545399,0.54,-0.6924220061135423,-0.029663345578196578,0.1,0.8,-0.4148316727890983,0.525,-0.7461629224686825,0.07323138439617281,0.3,0.8,-0.1633843078019136,0.5,-0.7761791985069942,0.17983403256781674,0.3,0.8,-0.11008298371609164,0.5,-0.7761791985069942,0.17983403256781674,0.3,0.8,-0.11008298371609164
71,inference_categories,20,0.7068349891183887,0.47,-0.6926830538597701,0.16036746203212526,0.2,0.5,-0.21981626898393736,0.605,-0.6686445206218281,0.24935749876671498,0.2,0.5,-0.1753212506166425,0.605,-0.6978324782035658,0.3123921081203827,0.3,0.6,-0.04380394593980866,0.605,-0.6978324782035658,0.3123921081203827,0.3,0.6,-0.04380394593980866
72,choice_only,20,0.5272031356789108,0.475,-0.6936159044549595,-0.016685631887735575,0.1,0.5,-0.4083428159438678,0.49,-0.7733560043103392,0.02688240693024065,0.1,0.5,-0.3865587965348797,0.49,-0.7733560043103392,0.02688240693024065,0.1,0.5,-0.3865587965348797,0.49,-0.7733560043103392,0.02688240693024065,0.1,0.5,-0.3865587965348797
72,inference_affirm,20,0.7688125008781191,0.585,-0.6903033740526792,0.24564958056944042,0.2,0.6,-0.17717520971527978,0.615,-0.6724273132251097,0.2669701102037692,0.3,0.6,-0.06651494489811541,0.565,-0.7070559297768478,0.3262968013601624,0.4,0.6,0.06314840068008123,0.565,-0.7070559297768478,0.3262968013601624,0.4,0.6,0.06314840068008123
72,inference_categories,20,0.545067606182636,0.595,-0.6908280884733509,0.2818017829928675,0.3,0.7,-0.059099108503566256,0.64,-0.6470028606039198,0.3605950446849522,0.3,0.8,-0.01970247765752392,0.58,-0.7216253329111157,0.3541061878397217,0.3,0.6,-0.022946906080139162,0.58,-0.7216253329111157,0.3541061878397217,0.3,0.6,-0.022946906080139162
73,choice_only,20,0.6197324469151057,0.545,-0.6910402477322939,0.3568871264876776,0.1,0.4,-0.2215564367561612,0.65,-0.6690099783214791,0.35225222874108436,0.2,0.4,-0.12387388562945781,0.65,-0.6690099783214791,0.35225222874108436,0.2,0.4,-0.12387388562945781,0.65,-0.6690099783214791,0.35225222874108436,0.2,0.4,-0.12387388562945781
73,inference_affirm,20,0.8166204855326643,0.62,-0.6903292699422804,0.4616358155606843,0.3,0.6,0.03081790778034213,0.65,-0.6338937198217743,0.46905165195523346,0.3,0.6,0.03452582597761672,0.605,-0.6441868836976528,0.6590824595655552,0.5,0.5,0.3295412297827776,0.605,-0.6441868836976528,0.6590824595655552,0.5,0.5,0.3295412297827776
73,inference_categories,20,0.6011330648997725,0.55,-0.6931747167041644,0.24286864192148447,0.3,0.6,-0.07856567903925778,0.575,-0.7094520370224612,0.29756043533128446,0.2,0.5,-0.15121978233435776,0.625,-0.7075815971837827,0.4069440221508843,0.3,0.6,0.0034720110754421496,0.625,-0.7075815971837827,0.4069440221508843,0.3,0.6,0.0034720110754421496
74,choice_only,20,0.4228044083875959,0.625,-0.6891709164366108,0.2529698610710216,0.2,0.5,-0.1735150694644892,0.635,-0.6506353846538172,0.12846125757512813,0.2,0.5,-0.2357693712124359,0.635,-0.6506353846538172,0.12846125757512813,0.2,0.5,-0.2357693712124359,0.635,-0.6506353846538172,0.12846125757512813,0.2,0.5,-0.2357693712124359
74,inference_affirm,20,0.5529149029094181,0.575,-0.6909239622991216,0.4308392946365836,0.3,0.5,0.01541964731829179,0.62,-0.6578238427740175,0.5296556466174515,0.3,0.5,0.06482782330872572,0.635,-0.6629850364182911,0.51582135734013,0.3,0.6,0.057910678670065,0.635,-0.6629850364182911,0.51582135734013,0.3,0.6,0.057910678670065
74,inference_categories,20,0.6806852059330839,0.555,-0.6908581327152953,0.34190457785380257,0.2,0.5,-0.1290477110730987,0.575,-0.6547261339086187,0.26680415034834304,0.2,0.6,-0.16659792482582847,0.645,-0.6447412621170097,0.4446735839139051,0.3,0.5,0.02233679195695254,0.645,-0.6447412621170097,0.4446735839139051,0.3,0.5,0.02233679195695254
75,choice_only,20,0.5654639895626692,0.575,-0.6912868044507232,0.15472857982485855,0.3,0.5,-0.12263571008757074,0.65,-0.6284959736210302,0.2600756980034857,0.3,0.5,-0.06996215099825717,0.65,-0.6284959736210302,0.2600756980034857,0.3,0.5,-0.06996215099825717,0.65,-0.6284959736210302,0.2600756980034857,0.3,0.5,-0.06996215099825717
75,inference_affirm,20,0.8298193202800701,0.585,-0.6915144687357475,0.25349150311732144,0.2,0.4,-0.17325424844133927,0.58,-0.6608032193573223,0.4460792035376241,0.3,0.4,0.023039601768812035,0.59,-0.6663701057699544,0.48723042157615026,0.4,0.5,0.14361521078807515,0.59,-0.6663701057699544,0.48723042157615026,0.4,0.5,0.14361521078807515
75,inference_categories,20,0.5133709571700887,0.455,-0.693978145904737,0.5185053472854302,0.4,0.4,0.15925267364271511,0.5,-0.708897393876436,0.5448421268300869,0.5,0.5,0.27242106341504346,0.51,-0.7247916359071559,0.5399039806654639,0.4,0.5,0.16995199033273195,0.51,-0.7247916359071559,0.5399039806654639,0.4,0.5,0.16995199033273195
76,choice_only,20,0.7104402880552068,0.485,-0.691474800424425,0.055179725333353094,0.2,0.3,-0.2724101373333234,0.515,-0.7377694982637902,0.014189072228576507,0.4,0.5,-0.09290546388571172,0.515,-0.7377694982637902,0.014189072228576507,0.4,0.5,-0.09290546388571172,0.515,-0.7377694982637902,0.014189072228576507,0.4,0.5,-0.09290546388571172
76,inference_affirm,20,0.793058610127618,0.525,-0.6905336100001414,-0.023648453714294183,0.3,0.4,-0.2118242268571471,0.54,-0.7052105571047304,0.0662156704000237,0.3,0.5,-0.16689216479998817,0.555,-0.6936094993183609,0.3137361526096361,0.4,0.5,0.05686807630481808,0.555,-0.6936094993183609,0.3137361526096361,0.4,0.5,0.05686807630481808
76,inference_categories,20,0.9323462549398313,0.57,-0.6912333237748104,-0.08671099695241198,0.2,0.4,-0.343355498476206,0.54,-0.7298476302841818,-0.06936879756192961,0.3,0.5,-0.2346843987809648,0.585,-0.6866479474862224,0.3626096236191774,0.5,0.5,0.1813048118095887,0.585,-0.6866479474862224,0.3626096236191774,0.5,0.5,0.1813048118095887
77,choice_only,20,0.3414912920766142,0.58,-0.6904508962832652,0.273946398861455,0.4,0.4,0.03697319943072752,0.62,-0.6361609430684319,0.21128417272892275,0.3,0.4,-0.09435791363553864,0.62,-0.6361609430684319,0.21128417272892275,0.3,0.4,-0.09435791363553864,0.62,-0.6361609430684319,0.21128417272892275,0.3,0.4,-0.09435791363553864
77,inference_affirm,20,0.5990914561489507,0.555,-0.6906989657273814,0.31009768316868513,0.4,0.5,0.05504884158434259,0.65,-0.6425851816479556,0.16067237469880058,0.3,0.5,-0.11966381265059972,0.62,-0.648622711018337,0.47077005786748566,0.4,0.4,0.13538502893374285,0.62,-0.648622711018337,0.47077005786748566,0.4,0.4,0.13538502893374285
77,inference_categories,20,0.4479705043862484,0.555,-0.6914894803232167,0.0008033618734940028,0.3,0.5,-0.199598319063253,0.575,-0.6734179420152228,-0.06587567362650824,0.4,0.7,-0.1329378368132541,0.585,-0.6847064341937427,-0.0827462729698823,0.3,0.6,-0.24137313648494116,0.585,-0.6847064341937427,-0.0827462729698823,0.3,0.6,-0.24137313648494116
78,choice_only,20,0.5227087043656876,0.635,-0.6882894021963543,0.5969868283802287,0.7,0.4,0.4984934141901143,0.66,-0.6211362247723825,0.43334576882422693,0.8,0.5,0.5166728844121136,0.66,-0.6211362247723825,0.43334576882422693,0.8,0.5,0.5166728844121136,0.66,-0.6211362247723825,0.43334576882422693,0.8,0.5,0.5166728844121136
78,inference_affirm,20,0.5500229286633257,0.6,-0.689421343262395,0.2303096393751136,0.7,0.6,0.31515481968755676,0.62,-0.6451530322780519,0.19849054446144657,0.6,0.6,0.19924527223072325,0.62,-0.6872255729978756,0.31061497415722555,0.7,0.5,0.3553074870786127,0.62,-0.6872255729978756,0.31061497415722555,0.7,0.5,0.3553074870786127
78,inference_categories,20,0.6547918625055026,0.58,-0.6901023807603427,0.39243550393522636,0.8,0.6,0.4962177519676132,0.625,-0.6254707034578346,0.3045541941736699,0.7,0.6,0.3522770970868349,0.575,-0.7458329277350774,0.6485034582404514,0.8,0.5,0.6242517291202258,0.575,-0.7458329277350774,0.6485034582404514,0.8,0.5,0.6242517291202258
79,choice_only,20,0.39859891885905097,0.53,-0.6913575130136786,0.301624673408895,0.1,0.5,-0.24918766329555253,0.565,-0.680311974146251,0.13710212427677046,0.1,0.6,-0.3314489378616148,0.565,-0.680311974146251,0.13710212427677046,0.1,0.6,-0.3314489378616148,0.565,-0.680311974146251,0.13710212427677046,0.1,0.6,-0.3314489378616148
79,inference_affirm,20,0.5,0.53,-0.6911050420196694,0.5181017117406378,0.2,0.6,-0.04094914412968109,0.575,-0.6844952952243929,0.5181017117406378,0.2,0.6,-0.04094914412968109,0.65,-0.6447627674168329,0.5181017117406378,0.2,0.7,-0.04094914412968109,0.65,-0.6447627674168329,0.5181017117406378,0.2,0.7,-0.04094914412968109
79,inference_categories,20,0.5324259818717884,0.555,-0.6916203971591597,0.3478064415863335,0.2,0.7,-0.12609677920683324,0.595,-0.7019455988819658,0.34203372056415365,0.2,0.7,-0.12898313971792316,0.59,-0.6663635685340188,0.3997609307859517,0.2,0.8,-0.10011953460702414,0.59,-0.6663635685340188,0.3997609307859517,0.2,0.8,-0.10011953460702414
80,choice_only,20,0.4664474910991425,0.515,-0.6923617724461547,0.6692792346080604,0.4,0.6,0.2346396173040302,0.555,-0.6738930984413991,0.615514420747579,0.4,0.6,0.20775721037378952,0.555,-0.6738930984413991,0.615514420747579,0.4,0.6,0.20775721037378952,0.555,-0.6738930984413991,0.615514420747579,0.4,0.6,0.20775721037378952
80,inference_affirm,20,0.6077818521249102,0.48,-0.6941511987171897,-0.4328994495318063,0.0,0.7,-0.7164497247659032,0.435,-0.7900487235414855,-0.4625627951100029,0.0,0.7,-0.7312813975550014,0.495,-0.800984899635381,-0.2577003147105828,0.0,0.6,-0.6288501573552914,0.495,-0.800984899635381,-0.2577003147105828,0.0,0.6,-0.6288501573552914
80,inference_categories,20,0.31523087820887324,0.5,-0.6933336612931049,0.3105381490217455,0.3,0.6,-0.04473092548912727,0.49,-0.7906838975153394,0.3346396173040302,0.3,0.6,-0.032680191347984916,0.5,-0.7629074900858214,0.20022758265282692,0.2,0.4,-0.19988620867358653,0.5,-0.7629074900858214,0.20022758265282692,0.2,0.4,-0.19988620867358653
81,choice_only,20,0.5195368767546176,0.515,-0.691844083850342,0.3983437906129337,0.6,0.7,0.2991718953064668,0.64,-0.660223864593073,0.4296187163222136,0.6,0.8,0.3148093581611068,0.64,-0.660223864593073,0.4296187163222136,0.6,0.8,0.3148093581611068,0.64,-0.660223864593073,0.4296187163222136,0.6,0.8,0.3148093581611068
81,inference_affirm,20,0.4753293193056776,0.505,-0.6914143652584293,0.39340564444831055,0.5,0.6,0.19670282222415528,0.545,-0.6866705205016216,0.3357939391943739,0.4,0.7,0.06789696959718697,0.525,-0.707701421863907,0.35390047513132544,0.5,0.7,0.17695023756566272,0.525,-0.707701421863907,0.35390047513132544,0.5,0.7,0.17695023756566272
81,inference_categories,20,0.38141666989413686,0.535,-0.6919782418014762,0.3950516931698516,0.5,0.6,0.1975258465849258,0.605,-0.683751673868928,0.5152132498423482,0.6,0.7,0.35760662492117407,0.55,-0.7162991255341609,0.40163588805601574,0.4,0.5,0.1008179440280079,0.55,-0.7162991255341609,0.40163588805601574,0.4,0.5,0.1008179440280079
82,choice_only,20,0.3143087913388034,0.55,-0.6906963337013817,0.49560625313674583,0.5,0.7,0.24780312656837292,0.67,-0.6527025811297008,0.38358566167433067,0.4,0.6,0.09179283083716536,0.67,-0.6527025811297008,0.38358566167433067,0.4,0.6,0.09179283083716536,0.67,-0.6527025811297008,0.38358566167433067,0.4,0.6,0.09179283083716536
82,inference_affirm,20,0.4994695996711953,0.555,-0.6913884279833308,0.4531742109161341,0.4,0.5,0.12658710545806706,0.635,-0.6445993605499737,0.4659038235823175,0.4,0.5,0.13295191179115878,0.66,-0.6388595582882123,0.4523255700717218,0.4,0.4,0.12616278503586092,0.66,-0.6388595582882123,0.4523255700717218,0.4,0.4,0.12616278503586092
82,inference_categories,20,0.6504303331982012,0.6,-0.6909751830786744,0.49390897144792134,0.5,0.6,0.24695448572396067,0.625,-0.6599191658897238,0.46844974611555423,0.5,0.6,0.23422487305777712,0.645,-0.6353928096233907,0.5422814995794187,0.6,0.7,0.37114074978970935,0.645,-0.6353928096233907,0.5422814995794187,0.6,0.7,0.37114074978970935
83,choice_only,20,0.5559300323167543,0.56,-0.6916340585879679,0.43040185760015415,0.5,0.6,0.21520092880007707,0.65,-0.6432609293227258,0.520265981714472,0.5,0.6,0.260132990857236,0.65,-0.6432609293227258,0.520265981714472,0.5,0.6,0.260132990857236,0.65,-0.6432609293227258,0.520265981714472,0.5,0.6,0.260132990857236
83,inference_affirm,20,0.7588511135878604,0.525,-0.691791553667891,0.32004240693344793,0.4,0.5,0.06002120346672399,0.635,-0.6831963300354582,0.3846815137525187,0.3,0.4,-0.007659243123740667,0.66,-0.6326984821076248,0.578598834209731,0.5,0.6,0.2892994171048655,0.66,-0.6326984821076248,0.578598834209731,0.5,0.6,0.2892994171048655
83,inference_categories,20,0.3573898596554287,0.62,-0.6889951680835824,0.48715814651446016,0.6,0.6,0.34357907325723,0.68,-0.6142314317452198,0.4934644008382719,0.6,0.6,0.34673220041913594,0.66,-0.6268349616812988,0.4524737477334953,0.5,0.6,0.22623687386674765,0.66,-0.6268349616812988,0.4524737477334953,0.5,0.6,0.22623687386674765
84,choice_only,20,0.6772176995735791,0.54,-0.6920262989606772,0.02688240693024065,0.1,0.4,-0.3865587965348797,0.56,-0.6861188141372597,0.12328828005937953,0.2,0.5,-0.23835585997031022,0.56,-0.6861188141372597,0.12328828005937953,0.2,0.5,-0.23835585997031022,0.56,-0.6861188141372597,0.12328828005937953,0.2,0.5,-0.23835585997031022
84,inference_affirm,20,0.6690597450824586,0.505,-0.6936910144886431,-0.10845660727028125,0.1,0.3,-0.45422830363514066,0.495,-0.7350665965037462,-0.1418278710457524,0.1,0.4,-0.4709139355228762,0.545,-0.6939905597305349,-0.02688240693024065,0.2,0.3,-0.31344120346512033,0.545,-0.6939905597305349,-0.02688240693024065,0.2,0.3,-0.31344120346512033
84,inference_categories,20,0.8902470337759637,0.53,-0.691944390802747,0.0074158363945491445,0.1,0.4,-0.39629208180272546,0.615,-0.6727053591551874,0.09825983222777618,0.2,0.5,-0.25087008388611187,0.655,-0.641345208938559,0.24472260102012178,0.4,0.6,0.02236130051006091,0.655,-0.641345208938559,0.24472260102012178,0.4,0.6,0.02236130051006091
85,choice_only,20,0.44003782145925413,0.615,-0.6901331391808637,0.3679397380602533,0.3,0.4,-0.016030130969873352,0.68,-0.6268296866361538,0.271536313240973,0.3,0.4,-0.06423184337951351,0.68,-0.6268296866361538,0.271536313240973,0.3,0.4,-0.06423184337951351,0.68,-0.6268296866361538,0.271536313240973,0.3,0.4,-0.06423184337951351
85,inference_affirm,20,0.8278387612268124,0.535,-0.6921500741353516,0.48362384784338974,0.4,0.5,0.1418119239216949,0.59,-0.6781667977431256,0.5101347896686919,0.5,0.5,0.25506739483434593,0.655,-0.6287029266747136,0.7117786199156865,0.6,0.6,0.4558893099578432,0.655,-0.6287029266747136,0.7117786199156865,0.6,0.6,0.4558893099578432
85,inference_categories,20,0.6723682925773823,0.64,-0.6891378524433068,0.4322086879397736,0.5,0.7,0.2161043439698868,0.68,-0.6262268216321609,0.4434557541686896,0.5,0.7,0.2217278770843448,0.65,-0.639145586163702,0.5197751321506199,0.6,0.7,0.3598875660753099,0.65,-0.639145586163702,0.5197751321506199,0.6,0.7,0.3598875660753099
86,choice_only,20,0.5246138940924223,0.575,-0.690742970558203,0.30427677112391843,0.4,0.5,0.05213838556195924,0.57,-0.6634026315450009,0.34369086064774207,0.4,0.5,0.07184543032387106,0.57,-0.6634026315450009,0.34369086064774207,0.4,0.5,0.07184543032387106,0.57,-0.6634026315450009,0.34369086064774207,0.4,0.5,0.07184543032387106
86,inference_affirm,20,0.7097439682337997,0.535,-0.6915108695161831,0.2159892105905535,0.3,0.4,-0.09200539470472326,0.505,-0.7274835410391997,0.20968295626674174,0.4,0.5,0.004841478133370894,0.505,-0.7194812949767172,0.3736455686858481,0.4,0.5,0.08682278434292406,0.505,-0.7194812949767172,0.3736455686858481,0.4,0.5,0.08682278434292406
86,inference_categories,20,0.8605436944606307,0.54,-0.691592885746653,0.12297195931432972,0.4,0.5,-0.03851402034283512,0.52,-0.7124177929309309,0.2427907914667536,0.5,0.5,0.1213953957333768,0.53,-0.7554014909288773,0.4508971841525424,0.6,0.6,0.3254485920762712,0.53,-0.7554014909288773,0.4508971841525424,0.6,0.6,0.3254485920762712
87,choice_only,20,0.29576683920088503,0.51,-0.692957235508198,-0.03534792243373613,0.3,0.7,-0.21767396121686808,0.45,-0.7439625504112618,-0.18236314528313863,0.2,0.5,-0.3911815726415693,0.45,-0.7439625504112618,-0.18236314528313863,0.2,0.5,-0.3911815726415693,0.45,-0.7439625504112618,-0.18236314528313863,0.2,0.5,-0.3911815726415693
87,inference_affirm,20,0.3884340358442622,0.52,-0.6913478969548065,0.06426894987952023,0.3,0.4,-0.16786552506023988,0.615,-0.6732567862870189,-0.012853789975904044,0.3,0.5,-0.20642689498795203,0.53,-0.6984027165765642,-0.11729083353012441,0.3,0.6,-0.2586454167650622,0.53,-0.6984027165765642,-0.11729083353012441,0.3,0.6,-0.2586454167650622
87,inference_categories,20,0.39563634593791575,0.53,-0.6919072995193428,0.23136821956627282,0.4,0.7,0.015684109783136432,0.535,-0.702301170683679,0.11648747165663041,0.4,0.6,-0.04175626417168477,0.55,-0.6888162561342308,0.2618959707590449,0.3,0.5,-0.06905201462047755,0.55,-0.6888162561342308,0.2618959707590449,0.3,0.5,-0.06905201462047755
88,choice_only,20,0.7227044133358455,0.525,-0.6921499743303287,-0.21128417272892275,0.2,0.5,-0.40564208636446136,0.595,-0.7105325841995643,-0.0281176655722901,0.3,0.6,-0.21405883278614507,0.595,-0.7105325841995643,-0.0281176655722901,0.3,0.6,-0.21405883278614507,0.595,-0.7105325841995643,-0.0281176655722901,0.3,0.6,-0.21405883278614507
88,inference_affirm,20,0.48945743817323034,0.565,-0.6900974780454371,0.17593625029518664,0.4,0.5,-0.012031874852406657,0.62,-0.6543274980369637,0.1397849659879565,0.4,0.6,-0.030107517006021725,0.61,-0.6491218855844113,0.15906565095181258,0.4,0.6,-0.02046717452409369,0.61,-0.6491218855844113,0.15906565095181258,0.4,0.6,-0.02046717452409369
88,inference_categories,20,0.6566998543315831,0.555,-0.6909129728846602,-0.01847732309036207,0.3,0.5,-0.20923866154518106,0.555,-0.6812928355324296,-0.012050428102410044,0.3,0.5,-0.20602521405120502,0.545,-0.6849949202838971,0.04097145554819415,0.4,0.6,-0.0795142722259029,0.545,-0.6849949202838971,0.04097145554819415,0.4,0.6,-0.0795142722259029
89,choice_only,20,0.3761257693843436,0.54,-0.6913108001942422,0.18637995465060866,0.4,0.5,-0.0068100226746956455,0.52,-0.7506737254377219,0.18396986903012666,0.3,0.5,-0.10801506548493668,0.52,-0.7506737254377219,0.18396986903012666,0.3,0.5,-0.10801506548493668,0.52,-0.7506737254377219,0.18396986903012666,0.3,0.5,-0.10801506548493668
89,inference_affirm,20,0.6539780370206516,0.49,-0.6931143755746606,0.4747868672349557,0.4,0.5,0.13739343361747788,0.585,-0.6879560563581092,0.48362384784338974,0.4,0.4,0.1418119239216949,0.605,-0.6734427998062031,0.5294154746325479,0.5,0.5,0.26470773731627395,0.605,-0.6734427998062031,0.5294154746325479,0.5,0.5,0.26470773731627395
89,inference_categories,20,0.6759182009870909,0.515,-0.6919245100351087,0.1944135733855487,0.4,0.6,-0.0027932133072256227,0.525,-0.7253026888594263,0.2225312389578388,0.4,0.6,0.011265619478919423,0.58,-0.6673790855721067,0.4884440190843538,0.4,0.5,0.14422200954217693,0.58,-0.6673790855721067,0.4884440190843538,0.4,0.5,0.14422200954217693
90,choice_only,20,0.3461644627447789,0.585,-0.6910243040631981,0.2679996663994466,0.4,0.4,0.03399983319972333,0.6,-0.7046874538768921,0.21362292249231252,0.3,0.5,-0.09318853875384375,0.6,-0.7046874538768921,0.21362292249231252,0.3,0.5,-0.09318853875384375,0.6,-0.7046874538768921,0.21362292249231252,0.3,0.5,-0.09318853875384375
90,inference_affirm,20,0.6319944418701539,0.62,-0.6907939523774184,0.3200459784248464,0.2,0.3,-0.1399770107875768,0.585,-0.681404734543049,0.3052865765071957,0.3,0.5,-0.04735671174640216,0.6,-0.6416477650201605,0.3363590015969866,0.3,0.5,-0.0318204992015067,0.6,-0.6416477650201605,0.3363590015969866,0.3,0.5,-0.0318204992015067
90,inference_categories,20,0.6328973210942507,0.505,-0.6920328455253203,0.3169387359158673,0.4,0.4,0.05846936795793367,0.525,-0.685052808528136,0.2990720914892376,0.4,0.4,0.04953604574461881,0.64,-0.6449503961310151,0.33480538034249707,0.5,0.6,0.16740269017124854,0.64,-0.6449503961310151,0.33480538034249707,0.5,0.6,0.16740269017124854
91,choice_only,20,0.3705862942884565,0.57,-0.690279976848735,-0.17057680972685943,0.2,0.4,-0.3852884048634297,0.625,-0.6582049452027567,-0.18245778154863077,0.1,0.4,-0.4912288907743154,0.625,-0.6582049452027567,-0.18245778154863077,0.1,0.4,-0.4912288907743154,0.625,-0.6582049452027567,-0.18245778154863077,0.1,0.4,-0.4912288907743154
91,inference_affirm,20,0.6596960160662364,0.48,-0.691558260504789,-0.1391770984836067,0.4,0.6,-0.16958854924180333,0.65,-0.6341634841546628,-0.08401544359681136,0.4,0.6,-0.14200772179840565,0.7,-0.6102695963258581,0.1255988449730109,0.4,0.7,-0.03720057751349452,0.7,-0.6102695963258581,0.1255988449730109,0.4,0.7,-0.03720057751349452
91,inference_categories,20,0.7951787288356222,0.53,-0.6919989133474985,-0.06704262670856664,0.2,0.4,-0.3335213133542833,0.605,-0.682019965851124,-0.001697281688824472,0.3,0.5,-0.20084864084441226,0.63,-0.6519610206925575,0.07552903515268901,0.4,0.6,-0.062235482423655474,0.63,-0.6519610206925575,0.07552903515268901,0.4,0.6,-0.062235482423655474
92,choice_only,20,0.4176583781993995,0.47,-0.6945533842696997,0.14681486608331684,0.3,0.7,-0.1265925669583416,0.49,-0.7885616363020097,0.21385749279188349,0.2,0.6,-0.19307125360405825,0.49,-0.7885616363020097,0.21385749279188349,0.2,0.6,-0.19307125360405825,0.49,-0.7885616363020097,0.21385749279188349,0.2,0.6,-0.19307125360405825
92,inference_affirm,20,0.7341047534368653,0.435,-0.6943901078777971,0.24016535896866278,0.2,0.5,-0.1799173205156686,0.495,-0.8085904762315055,0.2715650702119155,0.3,0.5,-0.06421746489404226,0.545,-0.7612773320105523,0.4463850841608361,0.3,0.5,0.023192542080418044,0.545,-0.7612773320105523,0.4463850841608361,0.3,0.5,0.023192542080418044
92,inference_categories,20,0.8245340373741119,0.44,-0.6937820034584169,-0.007637767599710124,0.2,0.5,-0.30381888379985506,0.46,-0.7469949360880744,0.06195078164209323,0.2,0.5,-0.2690246091789534,0.51,-0.7429140956885993,0.21131157025864677,0.4,0.5,0.00565578512932341,0.51,-0.7429140956885993,0.21131157025864677,0.4,0.5,0.00565578512932341
93,choice_only,20,0.3496667692701206,0.55,-0.6913386519889082,0.39605740363254344,0.5,0.7,0.19802870181627172,0.595,-0.6734762761466092,0.3478556912229032,0.4,0.6,0.07392784561145163,0.595,-0.6734762761466092,0.3478556912229032,0.4,0.6,0.07392784561145163,0.595,-0.6734762761466092,0.3478556912229032,0.4,0.6,0.07392784561145163
93,inference_affirm,20,0.6489618595128013,0.585,-0.6910560545928746,0.3599061193253133,0.2,0.3,-0.12004694033734334,0.56,-0.6989825070764654,0.18637995465060866,0.1,0.2,-0.3068100226746957,0.555,-0.690072333519239,0.40569774611447146,0.3,0.4,0.002848873057235718,0.555,-0.690072333519239,0.40569774611447146,0.3,0.4,0.002848873057235718
93,inference_categories,20,0.6262276960124573,0.52,-0.6928371787859919,0.47077005786748566,0.4,0.5,0.13538502893374285,0.53,-0.7333925123320597,0.43863558292772564,0.4,0.5,0.11931779146386284,0.49,-0.7599422572849609,0.47719695285543773,0.5,0.6,0.23859847642771886,0.49,-0.7599422572849609,0.47719695285543773,0.5,0.6,0.23859847642771886
94,choice_only,20,0.7564661934255957,0.58,-0.6903470550172385,0.011857962237704137,0.0,0.3,-0.4940710188811479,0.59,-0.6689532058344798,0.06521879230737274,0.2,0.4,-0.26739060384631363,0.59,-0.6689532058344798,0.06521879230737274,0.2,0.4,-0.26739060384631363,0.59,-0.6689532058344798,0.06521879230737274,0.2,0.4,-0.26739060384631363
94,inference_affirm,20,0.5345306679168021,0.63,-0.6895435609293776,0.199609031001353,0.2,0.4,-0.2001954844993235,0.625,-0.6606958364838087,0.19763270396173557,0.2,0.4,-0.2011836480191322,0.59,-0.6602232377667722,0.2549461881106389,0.2,0.4,-0.17252690594468054,0.59,-0.6602232377667722,0.2549461881106389,0.2,0.4,-0.17252690594468054
94,inference_categories,20,0.4938242920800772,0.555,-0.6921589627757779,0.18775106876364883,0.2,0.3,-0.20612446561817557,0.53,-0.6933252683161248,0.19763270396173557,0.2,0.3,-0.2011836480191322,0.505,-0.7264427572964303,0.17786943356556204,0.2,0.4,-0.21106528321721896,0.505,-0.7264427572964303,0.17786943356556204,0.2,0.4,-0.21106528321721896
95,choice_only,20,0.4832552761447975,0.61,-0.6908585128367588,0.21283608342864763,0.5,0.6,0.10641804171432381,0.59,-0.6972374739430495,0.18603450255244758,0.5,0.6,0.09301725127622379,0.59,-0.6972374739430495,0.18603450255244758,0.5,0.6,0.09301725127622379,0.59,-0.6972374739430495,0.18603450255244758,0.5,0.6,0.09301725127622379
95,inference_affirm,20,0.49915438280627805,0.5,-0.6932887173699178,0.2648626816000948,0.5,0.6,0.1324313408000474,0.565,-0.7016559600969036,0.3468439878096479,0.5,0.6,0.17342199390482396,0.6,-0.6848528455000442,0.46350969280016596,0.4,0.5,0.131754846400083,0.6,-0.6848528455000442,0.46350969280016596,0.4,0.5,0.131754846400083
95,inference_categories,20,0.5733679368754566,0.5,-0.6931938762426816,-0.018918762971435344,0.3,0.6,-0.2094593814857177,0.585,-0.6979681697268965,0.017342199390482402,0.2,0.4,-0.2913289003047588,0.54,-0.7156122788723027,0.09932350560003557,0.3,0.5,-0.15033824719998223,0.54,-0.7156122788723027,0.09932350560003557,0.3,0.5,-0.15033824719998223
96,choice_only,20,0.6826635641901366,0.605,-0.6911841547184758,0.4090595162760593,0.6,0.4,0.3045297581380296,0.63,-0.6579441388157928,0.515475368296215,0.7,0.5,0.45773768414810745,0.63,-0.6579441388157928,0.515475368296215,0.7,0.5,0.45773768414810745,0.63,-0.6579441388157928,0.515475368296215,0.7,0.5,0.45773768414810745
96,inference_affirm,20,0.827757287324572,0.52,-0.692242794391116,0.06339667779924166,0.4,0.6,-0.06830166110037915,0.57,-0.7137819678250186,0.1637747509813743,0.4,0.6,-0.018112624509312822,0.525,-0.6949501636708255,0.29132282893461053,0.6,0.4,0.24566141446730524,0.525,-0.6949501636708255,0.29132282893461053,0.6,0.4,0.24566141446730524
96,inference_categories,20,0.6036654014006391,0.575,-0.6914219873296485,0.21434114874981705,0.7,0.4,0.30717057437490847,0.605,-0.6739142211544796,0.4120784056950708,0.7,0.5,0.40603920284753536,0.595,-0.6741407624140447,0.5826456578692211,0.6,0.5,0.3913228289346105,0.595,-0.6741407624140447,0.5826456578692211,0.6,0.5,0.3913228289346105
97,choice_only,20,0.4814354583107963,0.565,-0.690422043262666,0.18363537148871753,0.5,0.6,0.09181768574435877,0.665,-0.629043411303498,0.15391844415236905,0.5,0.6,0.07695922207618452,0.665,-0.629043411303498,0.15391844415236905,0.5,0.6,0.07695922207618452,0.665,-0.629043411303498,0.15391844415236905,0.5,0.6,0.07695922207618452
97,inference_affirm,20,0.5114275970403955,0.59,-0.6909693186613611,0.28345376843901626,0.6,0.6,0.2417268842195081,0.64,-0.6375900431210816,0.23468752870757256,0.6,0.6,0.21734376435378627,0.63,-0.6303720502965343,0.3017411083383076,0.6,0.6,0.25087055416915377,0.63,-0.6303720502965343,0.3017411083383076,0.6,0.6,0.25087055416915377
97,inference_categories,20,0.8325576286898898,0.565,-0.6912413312162319,-0.016001422411879948,0.5,0.5,-0.008000711205939974,0.565,-0.686210161349469,-0.0060957799664304564,0.5,0.4,-0.0030478899832152282,0.595,-0.6419250748284148,0.2255438587579269,0.7,0.6,0.3127719293789634,0.595,-0.6419250748284148,0.2255438587579269,0.7,0.6,0.3127719293789634
98,choice_only,20,0.7830927744172087,0.53,-0.69344537636712,0.28693457173343606,0.2,0.3,-0.15653271413328196,0.565,-0.7348713867788953,0.40044714956204813,0.4,0.4,0.10022357478102409,0.565,-0.7348713867788953,0.40044714956204813,0.4,0.4,0.10022357478102409,0.565,-0.7348713867788953,0.40044714956204813,0.4,0.4,0.10022357478102409
98,inference_affirm,20,0.5877633457515851,0.555,-0.6927566906059447,0.20652982910483586,0.4,0.5,0.0032649145524179524,0.53,-0.7265057510149725,0.20022357478102407,0.4,0.6,0.00011178739051205533,0.54,-0.7514771943079811,0.34842055139060096,0.4,0.4,0.0742102756953005,0.54,-0.7514771943079811,0.34842055139060096,0.4,0.4,0.0742102756953005
98,inference_categories,20,0.96512111599638,0.485,-0.69337845867817,0.22387202849531826,0.3,0.4,-0.08806398575234088,0.56,-0.6764669320545975,0.3373846063239303,0.4,0.3,0.06869230316196517,0.57,-0.6772935319833738,0.752020828114555,0.7,0.6,0.5760104140572775,0.57,-0.6772935319833738,0.752020828114555,0.7,0.6,0.5760104140572775
99,choice_only,20,0.49660150584298884,0.59,-0.6910192336807366,0.4723008613648219,0.6,0.6,0.3361504306824109,0.625,-0.6532890202299555,0.46686318697410845,0.6,0.6,0.3334315934870542,0.625,-0.6532890202299555,0.46686318697410845,0.6,0.6,0.3334315934870542,0.625,-0.6532890202299555,0.46686318697410845,0.6,0.6,0.3334315934870542
99,inference_affirm,20,0.7247263422971002,0.585,-0.6910643173530987,0.23925767319139002,0.4,0.5,0.01962883659569503,0.585,-0.6804349621791801,0.2881967427078107,0.4,0.5,0.044098371353905375,0.64,-0.6612215832177768,0.42646903435738026,0.5,0.5,0.21323451717869013,0.64,-0.6612215832177768,0.42646903435738026,0.5,0.5,0.21323451717869013
99,inference_categories,20,0.30402527830327847,0.57,-0.6907051723128135,0.6059122892509228,0.7,0.7,0.5029561446254613,0.61,-0.6544735212094883,0.6517441162583644,0.7,0.7,0.5258720581291821,0.595,-0.6748311053129932,0.4746312932465562,0.6,0.6,0.33731564662327806,0.595,-0.6748311053129932,0.4746312932465562,0.6,0.6,0.33731564662327806
