lambda,scale,alpha,qualtrics_id,condition,domain,fold,n_test,test_acc_std,test_ll_std,test_acc_part,test_ll_part,delta_ll,delta_acc
0.05,0.5,0.0,R_5EfMjMbx1z8Kvhl,inference_categories,dailydilemmas,0,4,0.75,-0.6923275991814979,0.75,-0.6474770576780244,0.04485054150347345,0.0
0.05,0.5,0.0,R_5EfMjMbx1z8Kvhl,inference_categories,dailydilemmas,1,4,0.5,-0.692107728588651,0.75,-0.6227211444561678,0.06938658413248322,0.25
0.05,0.5,0.0,R_5EfMjMbx1z8Kvhl,inference_categories,dailydilemmas,2,4,0.5,-0.6930055898490717,0.5,-0.6739875225166478,0.019018067332423838,0.0
0.05,0.5,0.0,R_5EfMjMbx1z8Kvhl,inference_categories,dailydilemmas,3,4,0.75,-0.6921698893625947,1.0,-0.596088529211675,0.09608136015091973,0.25
0.05,0.5,0.0,R_5EfMjMbx1z8Kvhl,inference_categories,dailydilemmas,4,4,0.5,-0.6916124977152831,0.75,-0.5715242462068771,0.12008825150840596,0.25
0.05,0.5,0.0,R_56aT1YjmRtKACUH,inference_categories,dailydilemmas,0,4,0.75,-0.6928161057074206,0.75,-0.6648660318813502,0.0279500738260704,0.0
0.05,0.5,0.0,R_56aT1YjmRtKACUH,inference_categories,dailydilemmas,1,4,0.25,-0.6937101957354634,0.5,-0.7411775624979983,-0.047467366762534824,0.25
0.05,0.5,0.0,R_56aT1YjmRtKACUH,inference_categories,dailydilemmas,2,4,0.75,-0.6924772749383264,0.75,-0.6567590395961703,0.035718235342156124,0.0
0.05,0.5,0.0,R_56aT1YjmRtKACUH,inference_categories,dailydilemmas,3,4,0.75,-0.692553249130433,0.75,-0.6580823375180933,0.03447091161233973,0.0
0.05,0.5,0.0,R_56aT1YjmRtKACUH,inference_categories,dailydilemmas,4,4,0.5,-0.6927715965415814,0.5,-0.6851833881273592,0.007588208414222142,0.0
0.05,0.5,0.0,R_3HS2lsaEfcZSuXu,inference_categories,dailydilemmas,0,4,1.0,-0.6922145708976619,0.75,-0.6026404871534607,0.08957408374420117,-0.25
0.05,0.5,0.0,R_3HS2lsaEfcZSuXu,inference_categories,dailydilemmas,1,4,0.5,-0.6935194048429342,0.5,-0.7603528470111593,-0.06683344216822518,0.0
0.05,0.5,0.0,R_3HS2lsaEfcZSuXu,inference_categories,dailydilemmas,2,4,0.5,-0.6928434999593708,0.5,-0.6976816208965292,-0.004838120937158408,0.0
0.05,0.5,0.0,R_3HS2lsaEfcZSuXu,inference_categories,dailydilemmas,3,4,0.5,-0.6925147737062834,0.75,-0.6190258011002241,0.07348897260605936,0.25
0.05,0.5,0.0,R_3HS2lsaEfcZSuXu,inference_categories,dailydilemmas,4,4,0.75,-0.6922641213528324,0.75,-0.6065493532940868,0.08571476805874567,0.0
0.05,0.5,0.0,R_6HoVfVJSFl7IrlL,inference_categories,dailydilemmas,0,4,0.75,-0.6928992813204569,0.5,-0.6881436706618054,0.004755610658651488,-0.25
0.05,0.5,0.0,R_6HoVfVJSFl7IrlL,inference_categories,dailydilemmas,1,4,0.75,-0.692487035620315,0.75,-0.6017178323655075,0.09076920325480753,0.0
0.05,0.5,0.0,R_6HoVfVJSFl7IrlL,inference_categories,dailydilemmas,2,4,0.25,-0.6934830207785968,0.5,-0.7359075076154111,-0.042424486836814324,0.25
0.05,0.5,0.0,R_6HoVfVJSFl7IrlL,inference_categories,dailydilemmas,3,4,0.75,-0.6924371284265671,1.0,-0.6279432617805013,0.06449386664606582,0.25
0.05,0.5,0.0,R_6HoVfVJSFl7IrlL,inference_categories,dailydilemmas,4,4,0.75,-0.691991702915315,0.75,-0.6050158782572141,0.08697582465810083,0.0
0.05,0.5,0.0,R_5Q5TZ5csoblHSvA,inference_categories,dailydilemmas,0,4,0.5,-0.6932046971065635,0.25,-0.741775498591112,-0.04857080148454851,-0.25
0.05,0.5,0.0,R_5Q5TZ5csoblHSvA,inference_categories,dailydilemmas,1,4,0.75,-0.6933010362528886,0.5,-0.6859076063144391,0.007393429938449492,-0.25
0.05,0.5,0.0,R_5Q5TZ5csoblHSvA,inference_categories,dailydilemmas,2,4,0.5,-0.6925393726246563,0.75,-0.665122000780802,0.027417371843854288,0.25
0.05,0.5,0.0,R_5Q5TZ5csoblHSvA,inference_categories,dailydilemmas,3,4,0.25,-0.693672157233209,0.25,-0.7168412085314801,-0.02316905129827118,0.0
0.05,0.5,0.0,R_5Q5TZ5csoblHSvA,inference_categories,dailydilemmas,4,4,0.5,-0.6927479762012052,0.5,-0.670032049325954,0.022715926875251258,0.0
0.05,0.5,0.0,R_18H831wJaDlPwgg,inference_categories,dailydilemmas,0,4,0.5,-0.6916147042699178,0.5,-0.6598997283853102,0.03171497588460759,0.0
0.05,0.5,0.0,R_18H831wJaDlPwgg,inference_categories,dailydilemmas,1,4,1.0,-0.6899870586634695,1.0,-0.5422750011558435,0.14771205750762606,0.0
0.05,0.5,0.0,R_18H831wJaDlPwgg,inference_categories,dailydilemmas,2,4,0.25,-0.6917238616310285,0.75,-0.5877377238915852,0.10398613773944332,0.5
0.05,0.5,0.0,R_18H831wJaDlPwgg,inference_categories,dailydilemmas,3,4,1.0,-0.6891156439819446,1.0,-0.45873260983152125,0.23038303415042333,0.0
0.05,0.5,0.0,R_18H831wJaDlPwgg,inference_categories,dailydilemmas,4,4,0.75,-0.6902118746874193,1.0,-0.4993302218324857,0.19088165285493358,0.25
0.05,0.5,0.0,R_12mMAseFwoOpgqC,inference_categories,dailydilemmas,0,4,0.75,-0.6923560192102111,0.75,-0.6401739322248834,0.05218208698532767,0.0
0.05,0.5,0.0,R_12mMAseFwoOpgqC,inference_categories,dailydilemmas,1,4,0.5,-0.692708683905009,0.5,-0.6460498759101498,0.04665880799485911,0.0
0.05,0.5,0.0,R_12mMAseFwoOpgqC,inference_categories,dailydilemmas,2,4,0.5,-0.6938594465566419,0.5,-0.7282127247213676,-0.034353278164725665,0.0
0.05,0.5,0.0,R_12mMAseFwoOpgqC,inference_categories,dailydilemmas,3,4,0.25,-0.693157141606494,0.5,-0.6873579585939784,0.005799183012515585,0.25
0.05,0.5,0.0,R_12mMAseFwoOpgqC,inference_categories,dailydilemmas,4,4,0.75,-0.6923894076906529,0.5,-0.6344938812304723,0.05789552646018059,-0.25
0.05,0.5,0.0,R_7ojvA7NDI10RoKR,inference_categories,dailydilemmas,0,5,0.6,-0.6920068818772697,0.6,-0.6186030952527987,0.073403786624471,0.0
0.05,0.5,0.0,R_7ojvA7NDI10RoKR,inference_categories,dailydilemmas,1,5,0.8,-0.6917348847637751,0.8,-0.5885556176687191,0.10317926709505598,0.0
0.05,0.5,0.0,R_7ojvA7NDI10RoKR,inference_categories,dailydilemmas,2,5,0.8,-0.6916545545853191,0.8,-0.614200785914317,0.07745376867100207,0.0
0.05,0.5,0.0,R_7ojvA7NDI10RoKR,inference_categories,dailydilemmas,3,5,1.0,-0.6917046586626592,1.0,-0.5507880545678324,0.14091660409482676,0.0
0.05,0.5,0.0,R_5gbXjT8uFYXCo7E,inference_categories,dailydilemmas,0,4,0.25,-0.694026868559669,0.25,-0.7914423024525292,-0.09741543389286023,0.0
0.05,0.5,0.0,R_5gbXjT8uFYXCo7E,inference_categories,dailydilemmas,1,4,0.5,-0.6930937564136729,0.5,-0.7081898643008263,-0.015096107887153432,0.0
0.05,0.5,0.0,R_5gbXjT8uFYXCo7E,inference_categories,dailydilemmas,2,4,0.5,-0.6928904338246693,0.5,-0.6777540679055334,0.015136365919135919,0.0
0.05,0.5,0.0,R_5gbXjT8uFYXCo7E,inference_categories,dailydilemmas,3,4,0.75,-0.6928488703434292,0.75,-0.6634348346361262,0.029414035707303055,0.0
0.05,0.5,0.0,R_5gbXjT8uFYXCo7E,inference_categories,dailydilemmas,4,4,0.75,-0.6923363356652761,0.75,-0.6827384083335942,0.009597927331681855,0.0
0.05,0.5,0.0,R_7f9o7q4AZOoP4ot,inference_categories,dailydilemmas,0,4,0.5,-0.6928590408729023,0.5,-0.6942632465828169,-0.0014042057099146188,0.0
0.05,0.5,0.0,R_7f9o7q4AZOoP4ot,inference_categories,dailydilemmas,1,4,0.25,-0.6940582712554482,0.25,-0.7618795512276526,-0.06782127997220444,0.0
0.05,0.5,0.0,R_7f9o7q4AZOoP4ot,inference_categories,dailydilemmas,2,4,0.25,-0.6938234561373877,0.0,-0.7341199871315424,-0.040296530994154645,-0.25
0.05,0.5,0.0,R_7f9o7q4AZOoP4ot,inference_categories,dailydilemmas,3,4,0.5,-0.6930868562810306,0.25,-0.738870953229899,-0.045784096948868425,-0.25
0.05,0.5,0.0,R_7f9o7q4AZOoP4ot,inference_categories,dailydilemmas,4,4,0.25,-0.6937483224132927,0.25,-0.7723424231621462,-0.07859410074885353,0.0
0.05,0.5,0.0,R_1WHYlcDjJDcnUfD,inference_categories,dailydilemmas,0,4,0.25,-0.6936107817399355,0.5,-0.7102088340996423,-0.016598052359706794,0.25
0.05,0.5,0.0,R_1WHYlcDjJDcnUfD,inference_categories,dailydilemmas,1,4,0.75,-0.6927597897553112,0.75,-0.6696573942022513,0.023102395553059818,0.0
0.05,0.5,0.0,R_1WHYlcDjJDcnUfD,inference_categories,dailydilemmas,2,4,0.5,-0.692882790314926,0.75,-0.6849797278963989,0.007903062418527007,0.25
0.05,0.5,0.0,R_1WHYlcDjJDcnUfD,inference_categories,dailydilemmas,3,4,0.5,-0.6933126230141359,0.25,-0.7380472026891514,-0.044734579675015484,-0.25
0.05,0.5,0.0,R_1WHYlcDjJDcnUfD,inference_categories,dailydilemmas,4,4,0.5,-0.6933165620073277,0.5,-0.7016568621721255,-0.00834030016479781,0.0
0.05,0.5,0.0,R_6Q0gBjey6IdfZpf,inference_categories,dailydilemmas,0,4,0.75,-0.6921669564928575,0.75,-0.608302691868762,0.08386426462409557,0.0
0.05,0.5,0.0,R_6Q0gBjey6IdfZpf,inference_categories,dailydilemmas,1,4,1.0,-0.6919515344248186,1.0,-0.6027512852273461,0.08920024919747249,0.0
0.05,0.5,0.0,R_6Q0gBjey6IdfZpf,inference_categories,dailydilemmas,2,4,0.75,-0.6922742370254034,1.0,-0.608808628228543,0.08346560879686038,0.25
0.05,0.5,0.0,R_6Q0gBjey6IdfZpf,inference_categories,dailydilemmas,3,4,0.75,-0.6922809472749593,0.5,-0.6338462428705022,0.05843470440445708,-0.25
0.05,0.5,0.0,R_6Q0gBjey6IdfZpf,inference_categories,dailydilemmas,4,4,0.5,-0.6923239171830518,0.5,-0.6054584313279325,0.08686548585511922,0.0
0.05,0.5,0.0,R_1wzohnjOPhN82Wd,inference_categories,dailydilemmas,0,4,0.75,-0.6912657817430935,0.75,-0.6163624454727333,0.07490333627036017,0.0
0.05,0.5,0.0,R_1wzohnjOPhN82Wd,inference_categories,dailydilemmas,1,4,0.75,-0.6910091198303364,0.75,-0.6002797258950674,0.09072939393526902,0.0
0.05,0.5,0.0,R_1wzohnjOPhN82Wd,inference_categories,dailydilemmas,2,4,0.75,-0.6916135310151922,0.75,-0.5796549877883108,0.11195854322688137,0.0
0.05,0.5,0.0,R_1wzohnjOPhN82Wd,inference_categories,dailydilemmas,3,4,0.75,-0.6912827721934094,1.0,-0.59229014831327,0.09899262388013941,0.25
0.05,0.5,0.0,R_1wzohnjOPhN82Wd,inference_categories,dailydilemmas,4,4,0.25,-0.6945114868894781,0.25,-0.77121587477421,-0.076704387884732,0.0
0.05,0.5,0.0,R_70kbQcqJL4Tkq6B,inference_categories,dailydilemmas,0,4,0.5,-0.693099326816225,0.5,-0.747979975701173,-0.054880648884948036,0.0
0.05,0.5,0.0,R_70kbQcqJL4Tkq6B,inference_categories,dailydilemmas,1,4,0.5,-0.6935456776381743,0.5,-0.7203679543433212,-0.02682227670514692,0.0
0.05,0.5,0.0,R_70kbQcqJL4Tkq6B,inference_categories,dailydilemmas,2,4,1.0,-0.6903881142268726,1.0,-0.5785782640819095,0.11180985014496314,0.0
0.05,0.5,0.0,R_70kbQcqJL4Tkq6B,inference_categories,dailydilemmas,3,4,0.75,-0.6910186881848221,0.75,-0.6286130623641978,0.062405625820624366,0.0
0.05,0.5,0.0,R_70kbQcqJL4Tkq6B,inference_categories,dailydilemmas,4,4,0.75,-0.6910584094419714,0.75,-0.5776391263918703,0.11341928305010107,0.0
0.05,0.5,0.0,R_6rftRMhNP0o6boD,inference_categories,dailydilemmas,0,4,0.25,-0.6927920742765155,0.25,-0.6850600572047971,0.007732017071718333,0.0
0.05,0.5,0.0,R_6rftRMhNP0o6boD,inference_categories,dailydilemmas,1,4,0.5,-0.6924913932327733,0.5,-0.6813704323061911,0.011120960926582213,0.0
0.05,0.5,0.0,R_6rftRMhNP0o6boD,inference_categories,dailydilemmas,2,4,0.75,-0.6930215747126403,0.5,-0.7363869282915567,-0.043365353578916466,-0.25
0.05,0.5,0.0,R_6rftRMhNP0o6boD,inference_categories,dailydilemmas,3,4,0.75,-0.6913539511353748,0.75,-0.6144978515174018,0.07685609961797302,0.0
0.05,0.5,0.0,R_6rftRMhNP0o6boD,inference_categories,dailydilemmas,4,4,1.0,-0.6911317756524363,1.0,-0.618504174848225,0.07262760080421138,0.0
0.05,0.5,0.0,R_6jv2PrGBJcO4of6,inference_categories,dailydilemmas,0,4,1.0,-0.6913708595536875,1.0,-0.5110416159246252,0.18032924362906233,0.0
0.05,0.5,0.0,R_6jv2PrGBJcO4of6,inference_categories,dailydilemmas,1,4,0.75,-0.6912995160513344,1.0,-0.5829750977661455,0.1083244182851889,0.25
0.05,0.5,0.0,R_6jv2PrGBJcO4of6,inference_categories,dailydilemmas,2,4,0.5,-0.6926591280607736,0.5,-0.6719120006296665,0.02074712743110707,0.0
0.05,0.5,0.0,R_6jv2PrGBJcO4of6,inference_categories,dailydilemmas,3,4,0.75,-0.6920955861097676,0.75,-0.616094796372576,0.0760007897371916,0.0
0.05,0.5,0.0,R_6jv2PrGBJcO4of6,inference_categories,dailydilemmas,4,4,0.5,-0.6944162521312823,0.5,-0.8166794522491556,-0.12226320011787328,0.0
0.05,0.5,0.0,R_1dHqTtKKq3yQvmX,inference_categories,dailydilemmas,0,4,0.75,-0.6901793664806752,0.75,-0.5502002330692024,0.13997913341147283,0.0
0.05,0.5,0.0,R_1dHqTtKKq3yQvmX,inference_categories,dailydilemmas,1,4,0.5,-0.6905398035230048,0.5,-0.6013118603036179,0.08922794321938687,0.0
0.05,0.5,0.0,R_1dHqTtKKq3yQvmX,inference_categories,dailydilemmas,2,4,0.75,-0.6916850396000928,0.75,-0.6003858372612204,0.09129920233887234,0.0
0.05,0.5,0.0,R_1dHqTtKKq3yQvmX,inference_categories,dailydilemmas,3,4,0.75,-0.6917166981820564,0.75,-0.6422872682718348,0.04942942991022159,0.0
0.05,0.5,0.0,R_1dHqTtKKq3yQvmX,inference_categories,dailydilemmas,4,4,0.75,-0.6905830384527758,0.75,-0.5242822049693491,0.16630083348342672,0.0
0.05,0.5,0.0,R_1P81VK8fH860C4V,inference_categories,dailydilemmas,0,4,1.0,-0.6920433577900249,1.0,-0.6005782746549366,0.09146508313508828,0.0
0.05,0.5,0.0,R_1P81VK8fH860C4V,inference_categories,dailydilemmas,1,4,1.0,-0.6919164570325738,1.0,-0.5119688654609952,0.17994759157157858,0.0
0.05,0.5,0.0,R_1P81VK8fH860C4V,inference_categories,dailydilemmas,2,4,0.75,-0.6928577825296892,0.75,-0.608094596295935,0.08476318623375423,0.0
0.05,0.5,0.0,R_1P81VK8fH860C4V,inference_categories,dailydilemmas,3,4,0.25,-0.6932254130917721,0.5,-0.6900107529175236,0.0032146601742485403,0.25
0.05,0.5,0.0,R_1P81VK8fH860C4V,inference_categories,dailydilemmas,4,4,1.0,-0.6913179800919581,1.0,-0.5171676872617494,0.17415029283020866,0.0
0.05,0.5,0.0,R_7go085j249AymBb,inference_categories,dailydilemmas,0,4,0.5,-0.6920457681275483,0.5,-0.6176035194888476,0.07444224863870064,0.0
0.05,0.5,0.0,R_7go085j249AymBb,inference_categories,dailydilemmas,1,4,0.75,-0.6918687893093179,0.75,-0.5960951237386816,0.09577366557063638,0.0
0.05,0.5,0.0,R_7go085j249AymBb,inference_categories,dailydilemmas,2,4,0.75,-0.6916919699910548,1.0,-0.5732337870291042,0.11845818296195054,0.25
0.05,0.5,0.0,R_7go085j249AymBb,inference_categories,dailydilemmas,3,4,0.75,-0.6921476975615788,0.75,-0.6162043102636463,0.07594338729793249,0.0
0.05,0.5,0.0,R_7go085j249AymBb,inference_categories,dailydilemmas,4,4,0.5,-0.6933859969559947,0.5,-0.719553161782158,-0.026167164826163325,0.0
0.05,0.5,0.0,R_6xzSCFMWRhzZIRg,inference_categories,dailydilemmas,0,4,0.25,-0.6927821561848767,0.25,-0.6742070734933625,0.0185750826915142,0.0
0.05,0.5,0.0,R_6xzSCFMWRhzZIRg,inference_categories,dailydilemmas,1,4,0.75,-0.6925641341245401,0.75,-0.6500098148593783,0.042554319265161844,0.0
0.05,0.5,0.0,R_6xzSCFMWRhzZIRg,inference_categories,dailydilemmas,2,4,0.75,-0.6928042560852457,0.75,-0.6496319335413983,0.0431723225438474,0.0
0.05,0.5,0.0,R_6xzSCFMWRhzZIRg,inference_categories,dailydilemmas,3,4,1.0,-0.6921312027011314,1.0,-0.5899109056918826,0.10222029700924873,0.0
0.05,0.5,0.0,R_6xzSCFMWRhzZIRg,inference_categories,dailydilemmas,4,4,0.75,-0.6925934243944709,0.75,-0.6611469574171885,0.03144646697728237,0.0
0.05,0.5,0.0,R_5EychZPB1u00qZH,inference_categories,dailydilemmas,0,4,1.0,-0.6915691978027982,0.75,-0.5482860343988791,0.1432831634039191,-0.25
0.05,0.5,0.0,R_5EychZPB1u00qZH,inference_categories,dailydilemmas,1,4,0.5,-0.6922579912654148,0.5,-0.6309899711172118,0.061268020148202984,0.0
0.05,0.5,0.0,R_5EychZPB1u00qZH,inference_categories,dailydilemmas,2,4,1.0,-0.6920351292436367,1.0,-0.5851019275954009,0.10693320164823583,0.0
0.05,0.5,0.0,R_5EychZPB1u00qZH,inference_categories,dailydilemmas,3,4,1.0,-0.6918581079995139,0.75,-0.5561750385730906,0.13568306942642328,-0.25
0.05,0.5,0.0,R_5EychZPB1u00qZH,inference_categories,dailydilemmas,4,4,0.25,-0.693113923592781,0.25,-0.7399822788214153,-0.046868355228634306,0.0
0.05,0.5,0.0,R_59glCvaBnt5WTU6,inference_categories,dailydilemmas,0,4,0.5,-0.6934585289871318,0.5,-0.7070219997609573,-0.01356347077382547,0.0
0.05,0.5,0.0,R_59glCvaBnt5WTU6,inference_categories,dailydilemmas,1,4,0.75,-0.6924249223884483,0.75,-0.6051769211898534,0.08724800119859488,0.0
0.05,0.5,0.0,R_59glCvaBnt5WTU6,inference_categories,dailydilemmas,2,4,0.75,-0.6921256744126439,1.0,-0.5902588722280027,0.10186680218464128,0.25
0.05,0.5,0.0,R_59glCvaBnt5WTU6,inference_categories,dailydilemmas,3,4,0.75,-0.6923140677501498,0.75,-0.6191468996896113,0.07316716806053847,0.0
0.05,0.5,0.0,R_59glCvaBnt5WTU6,inference_categories,dailydilemmas,4,4,0.75,-0.6924660984930848,0.75,-0.6451654448447497,0.047300653648335134,0.0
0.05,0.5,0.0,R_1nBL27EvLs0Bkk4,inference_categories,dailydilemmas,0,4,0.5,-0.6925040934732599,0.5,-0.6309453004741521,0.061558792999107825,0.0
0.05,0.5,0.0,R_1nBL27EvLs0Bkk4,inference_categories,dailydilemmas,1,4,0.25,-0.693942222109138,0.75,-0.7713280460186053,-0.07738582390946724,0.5
0.05,0.5,0.0,R_1nBL27EvLs0Bkk4,inference_categories,dailydilemmas,2,4,0.75,-0.6912821629528922,0.75,-0.592761594207065,0.09852056874582726,0.0
0.05,0.5,0.0,R_1nBL27EvLs0Bkk4,inference_categories,dailydilemmas,3,4,0.5,-0.6924616239598635,0.75,-0.6508958385302908,0.04156578542957279,0.25
0.05,0.5,0.0,R_1nBL27EvLs0Bkk4,inference_categories,dailydilemmas,4,4,1.0,-0.6911718043804796,1.0,-0.5512031827562329,0.13996862162424673,0.0
0.05,0.5,0.0,R_6FsUQnzEYAQwtwa,inference_categories,dailydilemmas,0,4,0.75,-0.6927384253042169,0.75,-0.6535455216392652,0.03919290366495176,0.0
0.05,0.5,0.0,R_6FsUQnzEYAQwtwa,inference_categories,dailydilemmas,1,4,0.5,-0.6927163458859349,0.5,-0.6841708704777055,0.008545475408229364,0.0
0.05,0.5,0.0,R_6FsUQnzEYAQwtwa,inference_categories,dailydilemmas,2,4,0.5,-0.6932754640605925,0.75,-0.6724223151283867,0.0208531489322058,0.25
0.05,0.5,0.0,R_6FsUQnzEYAQwtwa,inference_categories,dailydilemmas,3,4,0.75,-0.6926125292192916,0.75,-0.6825985059395243,0.010014023279767303,0.0
0.05,0.5,0.0,R_6FsUQnzEYAQwtwa,inference_categories,dailydilemmas,4,4,0.75,-0.6926171705827615,0.5,-0.6449229317605538,0.04769423882220769,-0.25
0.05,0.5,0.0,R_5pX1jjp1Yu1RSN7,inference_categories,dailydilemmas,0,4,1.0,-0.6916563926178843,1.0,-0.5747516096659644,0.11690478295191986,0.0
0.05,0.5,0.0,R_5pX1jjp1Yu1RSN7,inference_categories,dailydilemmas,1,4,0.75,-0.6913416045752215,0.75,-0.5732120455271079,0.11812955904811362,0.0
0.05,0.5,0.0,R_5pX1jjp1Yu1RSN7,inference_categories,dailydilemmas,2,4,0.75,-0.6917451406050665,0.75,-0.575120000868835,0.11662513973623156,0.0
0.05,0.5,0.0,R_5pX1jjp1Yu1RSN7,inference_categories,dailydilemmas,3,4,0.75,-0.6915415809271314,0.75,-0.6076928826972148,0.08384869822991659,0.0
0.05,0.5,0.0,R_5pX1jjp1Yu1RSN7,inference_categories,dailydilemmas,4,4,0.25,-0.6954732529707177,0.25,-0.8567800799454347,-0.161306826974717,0.0
0.05,0.5,0.0,R_5DY1mtPtJpWz8WC,inference_categories,dailydilemmas,0,5,1.0,-0.6901900358599771,1.0,-0.43764948248514923,0.25254055337482784,0.0
0.05,0.5,0.0,R_5DY1mtPtJpWz8WC,inference_categories,dailydilemmas,1,5,0.6,-0.6912324351004475,0.8,-0.5458723216717029,0.14536011342874466,0.20000000000000007
0.05,0.5,0.0,R_5DY1mtPtJpWz8WC,inference_categories,dailydilemmas,2,5,0.8,-0.691829432035987,0.8,-0.5870634280082507,0.10476600402773628,0.0
0.05,0.5,0.0,R_5DY1mtPtJpWz8WC,inference_categories,dailydilemmas,3,5,0.6,-0.6903303706504949,0.6,-0.5004182276876754,0.18991214296281944,0.0
0.05,0.5,0.0,R_1PN3SGDWOMibPAh,inference_categories,dailydilemmas,0,4,0.75,-0.6919509454770811,1.0,-0.5889913225391835,0.10295962293789762,0.25
0.05,0.5,0.0,R_1PN3SGDWOMibPAh,inference_categories,dailydilemmas,1,4,0.5,-0.693423134032705,0.5,-0.7512140689817115,-0.057790934949006556,0.0
0.05,0.5,0.0,R_1PN3SGDWOMibPAh,inference_categories,dailydilemmas,2,4,0.5,-0.692956189895669,0.75,-0.6601704998295751,0.03278569006609389,0.25
0.05,0.5,0.0,R_1PN3SGDWOMibPAh,inference_categories,dailydilemmas,3,4,0.5,-0.6922843616630568,0.5,-0.6466404311372478,0.04564393052580906,0.0
0.05,0.5,0.0,R_1PN3SGDWOMibPAh,inference_categories,dailydilemmas,4,4,1.0,-0.6918221546867992,1.0,-0.6070280957466158,0.08479405894018344,0.0
0.05,0.5,0.0,R_3SrBXsc2uYrsSZz,inference_categories,dailydilemmas,0,4,0.5,-0.6921819867098238,0.75,-0.6290582799001264,0.06312370680969737,0.25
0.05,0.5,0.0,R_3SrBXsc2uYrsSZz,inference_categories,dailydilemmas,1,4,0.75,-0.6927603848918005,0.5,-0.7067242866435739,-0.013963901751773422,-0.25
0.05,0.5,0.0,R_3SrBXsc2uYrsSZz,inference_categories,dailydilemmas,2,4,0.5,-0.6928712779217644,0.5,-0.7432818946712201,-0.05041061674945568,0.0
0.05,0.5,0.0,R_3SrBXsc2uYrsSZz,inference_categories,dailydilemmas,3,4,0.75,-0.6917737093762071,0.75,-0.5770912702787553,0.1146824390974518,0.0
0.05,0.5,0.0,R_3SrBXsc2uYrsSZz,inference_categories,dailydilemmas,4,4,1.0,-0.691789791299691,1.0,-0.590054771776453,0.10173501952323794,0.0
0.05,0.5,0.0,R_7rNeEq8TvAxjqdL,inference_categories,dailydilemmas,0,4,0.75,-0.6911846470944386,0.75,-0.5595280695072004,0.13165657758723825,0.0
0.05,0.5,0.0,R_7rNeEq8TvAxjqdL,inference_categories,dailydilemmas,1,4,0.75,-0.69164818192401,0.75,-0.5600649163795628,0.13158326554444721,0.0
0.05,0.5,0.0,R_7rNeEq8TvAxjqdL,inference_categories,dailydilemmas,2,4,1.0,-0.6907843678215682,1.0,-0.5202674912253968,0.17051687659617132,0.0
0.05,0.5,0.0,R_7rNeEq8TvAxjqdL,inference_categories,dailydilemmas,3,4,0.75,-0.6922579415528716,0.5,-0.671509292154723,0.020748649398148578,-0.25
0.05,0.5,0.0,R_7rNeEq8TvAxjqdL,inference_categories,dailydilemmas,4,4,0.75,-0.6916794143622071,0.75,-0.5874900125046884,0.10418940185751879,0.0
0.05,0.5,0.0,R_7QAkOtO6FETwKSv,inference_categories,dailydilemmas,0,4,0.5,-0.6935653153634046,0.5,-0.7651524277978088,-0.07158711243440419,0.0
0.05,0.5,0.0,R_7QAkOtO6FETwKSv,inference_categories,dailydilemmas,1,4,0.75,-0.6922413992091314,0.75,-0.6579416949684038,0.03429970424072759,0.0
0.05,0.5,0.0,R_7QAkOtO6FETwKSv,inference_categories,dailydilemmas,2,4,0.5,-0.6929267303893999,0.5,-0.7514646609185971,-0.0585379305291972,0.0
0.05,0.5,0.0,R_7QAkOtO6FETwKSv,inference_categories,dailydilemmas,3,4,1.0,-0.6920532080201354,0.5,-0.6989562515300196,-0.0069030435098842435,-0.5
0.05,0.5,0.0,R_7QAkOtO6FETwKSv,inference_categories,dailydilemmas,4,4,0.5,-0.692874388257928,0.5,-0.712095844822686,-0.019221456564757933,0.0
0.05,0.5,0.0,R_6gCrJV80LvD23XK,choice_only,dailydilemmas,0,4,0.5,-0.693771785100323,0.5,-0.7623043658938501,-0.06853258079352709,0.0
0.05,0.5,0.0,R_6gCrJV80LvD23XK,choice_only,dailydilemmas,1,4,1.0,-0.6920506137011905,1.0,-0.5697211733364957,0.12232944036469473,0.0
0.05,0.5,0.0,R_6gCrJV80LvD23XK,choice_only,dailydilemmas,2,4,0.75,-0.692272194395104,0.75,-0.6406146439800595,0.051657550415044495,0.0
0.05,0.5,0.0,R_6gCrJV80LvD23XK,choice_only,dailydilemmas,3,4,0.25,-0.6935722697383494,0.25,-0.7311366754598347,-0.03756440572148534,0.0
0.05,0.5,0.0,R_6gCrJV80LvD23XK,choice_only,dailydilemmas,4,4,0.5,-0.69288341392352,0.5,-0.6717138202882612,0.021169593635258832,0.0
0.05,0.5,0.0,R_7SrhV7HvgsG1fvA,choice_only,dailydilemmas,0,4,0.5,-0.6919869228690966,0.5,-0.6417624386169318,0.05022448425216475,0.0
0.05,0.5,0.0,R_7SrhV7HvgsG1fvA,choice_only,dailydilemmas,1,4,0.75,-0.6927850648558612,1.0,-0.6622367556811984,0.03054830917466278,0.25
0.05,0.5,0.0,R_7SrhV7HvgsG1fvA,choice_only,dailydilemmas,2,4,0.5,-0.6932548429514276,0.5,-0.7341229189156817,-0.040868075964254125,0.0
0.05,0.5,0.0,R_7SrhV7HvgsG1fvA,choice_only,dailydilemmas,3,4,0.75,-0.6925621208023383,1.0,-0.6488511870437993,0.04371093375853896,0.25
0.05,0.5,0.0,R_7SrhV7HvgsG1fvA,choice_only,dailydilemmas,4,4,0.0,-0.694777709820397,0.0,-0.8150445773756837,-0.1202668675552867,0.0
0.05,0.5,0.0,R_5aLcKnMSH0hrVLH,choice_only,dailydilemmas,0,4,1.0,-0.6923263146045625,1.0,-0.6038746553856295,0.08845165921893305,0.0
0.05,0.5,0.0,R_5aLcKnMSH0hrVLH,choice_only,dailydilemmas,1,4,1.0,-0.691702529524409,0.75,-0.6040561315310526,0.08764639799335638,-0.25
0.05,0.5,0.0,R_5aLcKnMSH0hrVLH,choice_only,dailydilemmas,2,4,0.75,-0.6924378717203983,0.5,-0.636056588269835,0.05638128345056326,-0.25
0.05,0.5,0.0,R_5aLcKnMSH0hrVLH,choice_only,dailydilemmas,3,4,1.0,-0.6922143155928429,1.0,-0.6562703667345263,0.03594394885831653,0.0
0.05,0.5,0.0,R_5aLcKnMSH0hrVLH,choice_only,dailydilemmas,4,4,0.5,-0.6935217086981267,0.5,-0.7644273510255217,-0.07090564232739505,0.0
0.05,0.5,0.0,R_6E6esO9YjIptSgZ,choice_only,dailydilemmas,0,5,0.4,-0.6933243109022651,0.4,-0.7054602416980122,-0.012135930795747152,0.0
0.05,0.5,0.0,R_6E6esO9YjIptSgZ,choice_only,dailydilemmas,1,5,0.4,-0.6935058840958112,0.4,-0.6820935462427143,0.01141233785309681,0.0
0.05,0.5,0.0,R_6E6esO9YjIptSgZ,choice_only,dailydilemmas,2,5,0.4,-0.693025151606699,1.0,-0.6447133923943393,0.04831175921235964,0.6
0.05,0.5,0.0,R_6E6esO9YjIptSgZ,choice_only,dailydilemmas,3,5,0.4,-0.693228696324342,0.4,-0.6870833082646364,0.006145388059705659,0.0
0.05,0.5,0.0,R_1MCxQvFXsgFj9AZ,choice_only,dailydilemmas,0,4,0.0,-0.6941318405634145,0.5,-0.7124398208359541,-0.01830798027253966,0.5
0.05,0.5,0.0,R_1MCxQvFXsgFj9AZ,choice_only,dailydilemmas,1,4,0.75,-0.6930678237544948,0.5,-0.6862570048935281,0.006810818860966683,-0.25
0.05,0.5,0.0,R_1MCxQvFXsgFj9AZ,choice_only,dailydilemmas,2,4,0.25,-0.6935068931572397,0.25,-0.7521454362139278,-0.05863854305668814,0.0
0.05,0.5,0.0,R_1MCxQvFXsgFj9AZ,choice_only,dailydilemmas,3,4,0.25,-0.6936224990050501,0.25,-0.7175711700858988,-0.023948671080848638,0.0
0.05,0.5,0.0,R_1MCxQvFXsgFj9AZ,choice_only,dailydilemmas,4,4,0.75,-0.6930774068097307,0.5,-0.6906203734669647,0.002457033342766035,-0.25
0.05,0.5,0.0,R_3JfmC4gRU1JpbNv,choice_only,dailydilemmas,0,4,0.75,-0.691414093721901,0.75,-0.5835649645602115,0.10784912916168954,0.0
0.05,0.5,0.0,R_3JfmC4gRU1JpbNv,choice_only,dailydilemmas,1,4,1.0,-0.6911231568843574,1.0,-0.5451955575526863,0.1459275993316711,0.0
0.05,0.5,0.0,R_3JfmC4gRU1JpbNv,choice_only,dailydilemmas,2,4,0.5,-0.6937110318112766,0.5,-0.7168610759186562,-0.02315004410737964,0.0
0.05,0.5,0.0,R_3JfmC4gRU1JpbNv,choice_only,dailydilemmas,3,4,0.5,-0.6933484607438867,0.5,-0.6683160778098595,0.02503238293402721,0.0
0.05,0.5,0.0,R_3JfmC4gRU1JpbNv,choice_only,dailydilemmas,4,4,1.0,-0.691460935575063,1.0,-0.5597013328433629,0.13175960273170018,0.0
0.05,0.5,0.0,R_7QGHM1iZnW1jfRx,choice_only,dailydilemmas,0,4,0.5,-0.6933461948959684,0.5,-0.6948283927692911,-0.0014821978733227104,0.0
0.05,0.5,0.0,R_7QGHM1iZnW1jfRx,choice_only,dailydilemmas,1,4,0.5,-0.6933979723363053,0.5,-0.7209386001075477,-0.027540627771242443,0.0
0.05,0.5,0.0,R_7QGHM1iZnW1jfRx,choice_only,dailydilemmas,2,4,0.5,-0.692723397096704,0.25,-0.7037469315006161,-0.011023534403912016,-0.25
0.05,0.5,0.0,R_7QGHM1iZnW1jfRx,choice_only,dailydilemmas,3,4,0.75,-0.693106248193503,0.75,-0.6771035103274408,0.01600273786606221,0.0
0.05,0.5,0.0,R_7QGHM1iZnW1jfRx,choice_only,dailydilemmas,4,4,0.25,-0.6938567634717323,0.25,-0.7315161765973378,-0.0376594131256055,0.0
0.05,0.5,0.0,R_6rBDZvDRiktj92h,choice_only,dailydilemmas,0,4,0.75,-0.6919508583886247,0.5,-0.6576226122615974,0.03432824612702734,-0.25
0.05,0.5,0.0,R_6rBDZvDRiktj92h,choice_only,dailydilemmas,1,4,0.5,-0.6920848654673555,0.5,-0.6340945475415577,0.057990317925797785,0.0
0.05,0.5,0.0,R_6rBDZvDRiktj92h,choice_only,dailydilemmas,2,4,0.75,-0.6926821806338346,0.75,-0.6894457847696365,0.003236395864198105,0.0
0.05,0.5,0.0,R_6rBDZvDRiktj92h,choice_only,dailydilemmas,3,4,0.5,-0.6925047484490472,0.5,-0.6904190397927643,0.002085708656282881,0.0
0.05,0.5,0.0,R_6rBDZvDRiktj92h,choice_only,dailydilemmas,4,4,0.5,-0.6936433799394314,0.5,-0.7484311058612259,-0.05478772592179448,0.0
0.05,0.5,0.0,R_7DZXdu8GHiSZQbw,choice_only,dailydilemmas,0,5,0.8,-0.6915098669160649,0.8,-0.5863664282285799,0.10514343868748499,0.0
0.05,0.5,0.0,R_7DZXdu8GHiSZQbw,choice_only,dailydilemmas,1,5,0.6,-0.690806185488559,0.6,-0.5610037277517576,0.12980245773680144,0.0
0.05,0.5,0.0,R_7DZXdu8GHiSZQbw,choice_only,dailydilemmas,2,5,0.8,-0.6908536245536288,0.8,-0.5441739976727319,0.14667962688089686,0.0
0.05,0.5,0.0,R_7DZXdu8GHiSZQbw,choice_only,dailydilemmas,3,5,0.8,-0.6915137653328134,0.8,-0.6070427638433438,0.08447100148946962,0.0
0.05,0.5,0.0,R_3wNdGb7QZmozWdV,inference_affirm,dailydilemmas,0,4,0.75,-0.6925585495452946,0.5,-0.6727472074234582,0.01981134212183644,-0.25
0.05,0.5,0.0,R_3wNdGb7QZmozWdV,inference_affirm,dailydilemmas,1,4,0.5,-0.692981251064235,0.5,-0.698930188552563,-0.005948937488327921,0.0
0.05,0.5,0.0,R_3wNdGb7QZmozWdV,inference_affirm,dailydilemmas,2,4,0.25,-0.693020012554981,0.25,-0.7094143612739368,-0.01639434871895573,0.0
0.05,0.5,0.0,R_3wNdGb7QZmozWdV,inference_affirm,dailydilemmas,3,4,1.0,-0.6923061806371242,0.75,-0.6598510930582315,0.032455087578892705,-0.25
0.05,0.5,0.0,R_3wNdGb7QZmozWdV,inference_affirm,dailydilemmas,4,4,0.75,-0.6922461602262034,0.75,-0.6513598121307056,0.04088634809549785,0.0
0.05,0.5,0.0,R_54BDOExpKqNLP7U,choice_only,dailydilemmas,0,5,1.0,-0.690222392201228,1.0,-0.48126444010797814,0.2089579520932499,0.0
0.05,0.5,0.0,R_54BDOExpKqNLP7U,choice_only,dailydilemmas,1,5,0.8,-0.6912457920133276,1.0,-0.5455707397582685,0.14567505225505906,0.19999999999999996
0.05,0.5,0.0,R_54BDOExpKqNLP7U,choice_only,dailydilemmas,2,5,0.6,-0.6923603456842805,0.6,-0.6535029266555555,0.03885741902872497,0.0
0.05,0.5,0.0,R_54BDOExpKqNLP7U,choice_only,dailydilemmas,3,5,0.8,-0.6900271794005838,1.0,-0.45526903526251045,0.23475814413807333,0.19999999999999996
0.05,0.5,0.0,R_7FP7x1oOPEhKFnt,choice_only,dailydilemmas,0,4,1.0,-0.6919280667454282,1.0,-0.56693140574824,0.1249966609971882,0.0
0.05,0.5,0.0,R_7FP7x1oOPEhKFnt,choice_only,dailydilemmas,1,4,0.5,-0.6928210627175507,1.0,-0.6376487734914849,0.055172289226065874,0.5
0.05,0.5,0.0,R_7FP7x1oOPEhKFnt,choice_only,dailydilemmas,2,4,1.0,-0.6925045821357162,0.75,-0.6363857154031342,0.05611886673258204,-0.25
0.05,0.5,0.0,R_7FP7x1oOPEhKFnt,choice_only,dailydilemmas,3,4,0.75,-0.6929586161800017,0.75,-0.6989295939911883,-0.005970977811186606,0.0
0.05,0.5,0.0,R_7FP7x1oOPEhKFnt,choice_only,dailydilemmas,4,4,0.75,-0.6921518574026817,0.5,-0.6311519486558198,0.0609999087468619,-0.25
0.05,0.5,0.0,R_3RlcXTweCHzrYtz,choice_only,dailydilemmas,0,4,0.75,-0.692169622767719,0.75,-0.6155333313118719,0.07663629145584705,0.0
0.05,0.5,0.0,R_3RlcXTweCHzrYtz,choice_only,dailydilemmas,1,4,0.5,-0.6921245155651763,0.5,-0.6342384516509667,0.057886063914209585,0.0
0.05,0.5,0.0,R_3RlcXTweCHzrYtz,choice_only,dailydilemmas,2,4,0.25,-0.6934837659178836,0.5,-0.7216831147169033,-0.02819934879901964,0.25
0.05,0.5,0.0,R_3RlcXTweCHzrYtz,choice_only,dailydilemmas,3,4,0.5,-0.6932357233524356,0.5,-0.7100179709255303,-0.016782247573094766,0.0
0.05,0.5,0.0,R_3RlcXTweCHzrYtz,choice_only,dailydilemmas,4,4,0.75,-0.6924225385240101,0.75,-0.6077533487113486,0.08466918981266158,0.0
0.05,0.5,0.0,R_64MjAxTXtmHjKMx,choice_only,dailydilemmas,0,4,0.5,-0.6926941351033684,0.5,-0.6521466147298527,0.04054752037351572,0.0
0.05,0.5,0.0,R_64MjAxTXtmHjKMx,choice_only,dailydilemmas,1,4,0.25,-0.6940710556215365,0.25,-0.676927110671755,0.017143944949781442,0.0
0.05,0.5,0.0,R_64MjAxTXtmHjKMx,choice_only,dailydilemmas,2,4,0.25,-0.6938039134381895,0.25,-0.792382275499179,-0.09857836206098947,0.0
0.05,0.5,0.0,R_64MjAxTXtmHjKMx,choice_only,dailydilemmas,3,4,0.75,-0.6920861844549647,0.75,-0.5900790089224803,0.1020071755324844,0.0
0.05,0.5,0.0,R_64MjAxTXtmHjKMx,choice_only,dailydilemmas,4,4,1.0,-0.6918386995488164,1.0,-0.5532800152021845,0.13855868434663188,0.0
0.05,0.5,0.0,R_5B7Sbr53fSq1D3z,inference_affirm,dailydilemmas,0,4,1.0,-0.6924009679036246,0.75,-0.6451721018643468,0.047228866039277784,-0.25
0.05,0.5,0.0,R_5B7Sbr53fSq1D3z,inference_affirm,dailydilemmas,1,4,1.0,-0.6914967585051052,0.75,-0.5660156159695036,0.1254811425356016,-0.25
0.05,0.5,0.0,R_5B7Sbr53fSq1D3z,inference_affirm,dailydilemmas,2,4,0.5,-0.6916899171728221,0.5,-0.5978623588535814,0.09382755831924072,0.0
0.05,0.5,0.0,R_5B7Sbr53fSq1D3z,inference_affirm,dailydilemmas,3,4,0.5,-0.6925555829975424,0.5,-0.6448178194915336,0.04773776350600878,0.0
0.05,0.5,0.0,R_5B7Sbr53fSq1D3z,inference_affirm,dailydilemmas,4,4,0.5,-0.6934639971088424,0.25,-0.7105532829046255,-0.01708928579578306,-0.25
0.05,0.5,0.0,R_7fTeTaHgGhgcqkN,inference_affirm,dailydilemmas,0,4,0.75,-0.6918140257887567,0.75,-0.5818013639915559,0.11001266179720082,0.0
0.05,0.5,0.0,R_7fTeTaHgGhgcqkN,inference_affirm,dailydilemmas,1,4,0.75,-0.6912834457678454,1.0,-0.586589898659674,0.10469354710817136,0.25
0.05,0.5,0.0,R_7fTeTaHgGhgcqkN,inference_affirm,dailydilemmas,2,4,1.0,-0.6919592595083794,1.0,-0.5977100712468845,0.09424918826149498,0.0
0.05,0.5,0.0,R_7fTeTaHgGhgcqkN,inference_affirm,dailydilemmas,3,4,0.5,-0.6923729489017025,0.5,-0.6833385305114537,0.009034418390248877,0.0
0.05,0.5,0.0,R_7fTeTaHgGhgcqkN,inference_affirm,dailydilemmas,4,4,0.75,-0.6914575245591041,0.75,-0.6111171373475639,0.08034038721154024,0.0
0.05,0.5,0.0,R_12tlw5u4cVbNiP1,inference_affirm,dailydilemmas,0,4,0.75,-0.6916294137246326,0.75,-0.5888054575153383,0.1028239562092943,0.0
0.05,0.5,0.0,R_12tlw5u4cVbNiP1,inference_affirm,dailydilemmas,1,4,0.5,-0.6922729032778986,0.5,-0.6307998326548517,0.061473070623046855,0.0
0.05,0.5,0.0,R_12tlw5u4cVbNiP1,inference_affirm,dailydilemmas,2,4,1.0,-0.6913990748711327,1.0,-0.5562484921265467,0.13515058274458602,0.0
0.05,0.5,0.0,R_12tlw5u4cVbNiP1,inference_affirm,dailydilemmas,3,4,0.75,-0.6917636640252386,0.75,-0.5762734792826971,0.11549018474254147,0.0
0.05,0.5,0.0,R_12tlw5u4cVbNiP1,inference_affirm,dailydilemmas,4,4,0.75,-0.6918227014195795,1.0,-0.5997601951125058,0.09206250630707369,0.25
0.05,0.5,0.02,R_5EfMjMbx1z8Kvhl,inference_categories,dailydilemmas,0,4,0.75,-0.6923275991814979,0.75,-0.6490465544528583,0.043281044728639584,0.0
0.05,0.5,0.02,R_5EfMjMbx1z8Kvhl,inference_categories,dailydilemmas,1,4,0.5,-0.692107728588651,0.75,-0.6240314372927503,0.06807629129590065,0.25
0.05,0.5,0.02,R_5EfMjMbx1z8Kvhl,inference_categories,dailydilemmas,2,4,0.5,-0.6930055898490717,0.5,-0.6737828904294009,0.019222699419670808,0.0
0.05,0.5,0.02,R_5EfMjMbx1z8Kvhl,inference_categories,dailydilemmas,3,4,0.75,-0.6921698893625947,1.0,-0.596447537623659,0.09572235173893573,0.25
0.05,0.5,0.02,R_5EfMjMbx1z8Kvhl,inference_categories,dailydilemmas,4,4,0.5,-0.6916124977152831,0.75,-0.5736750371613402,0.11793746055394294,0.25
0.05,0.5,0.02,R_56aT1YjmRtKACUH,inference_categories,dailydilemmas,0,4,0.75,-0.6928161057074206,0.75,-0.6650884752282489,0.027727630479171705,0.0
0.05,0.5,0.02,R_56aT1YjmRtKACUH,inference_categories,dailydilemmas,1,4,0.25,-0.6937101957354634,0.5,-0.7408500459293901,-0.047139850193926636,0.25
0.05,0.5,0.02,R_56aT1YjmRtKACUH,inference_categories,dailydilemmas,2,4,0.75,-0.6924772749383264,0.75,-0.6565946157059042,0.03588265923242229,0.0
0.05,0.5,0.02,R_56aT1YjmRtKACUH,inference_categories,dailydilemmas,3,4,0.75,-0.692553249130433,0.75,-0.6584413278000216,0.03411192133041141,0.0
0.05,0.5,0.02,R_56aT1YjmRtKACUH,inference_categories,dailydilemmas,4,4,0.5,-0.6927715965415814,0.5,-0.6864801899701881,0.006291406571393265,0.0
0.05,0.5,0.02,R_3HS2lsaEfcZSuXu,inference_categories,dailydilemmas,0,4,1.0,-0.6922145708976619,0.75,-0.6035662737213883,0.08864829717627365,-0.25
0.05,0.5,0.02,R_3HS2lsaEfcZSuXu,inference_categories,dailydilemmas,1,4,0.5,-0.6935194048429342,0.5,-0.7606054367431984,-0.06708603190026419,0.0
0.05,0.5,0.02,R_3HS2lsaEfcZSuXu,inference_categories,dailydilemmas,2,4,0.5,-0.6928434999593708,0.5,-0.6981544650000243,-0.005310965040653537,0.0
0.05,0.5,0.02,R_3HS2lsaEfcZSuXu,inference_categories,dailydilemmas,3,4,0.5,-0.6925147737062834,0.75,-0.6192684983427418,0.07324627536354167,0.25
0.05,0.5,0.02,R_3HS2lsaEfcZSuXu,inference_categories,dailydilemmas,4,4,0.75,-0.6922641213528324,0.75,-0.60678164352447,0.08548247782836249,0.0
0.05,0.5,0.02,R_6HoVfVJSFl7IrlL,inference_categories,dailydilemmas,0,4,0.75,-0.6928992813204569,0.5,-0.6879485687096134,0.004950712610843455,-0.25
0.05,0.5,0.02,R_6HoVfVJSFl7IrlL,inference_categories,dailydilemmas,1,4,0.75,-0.692487035620315,0.75,-0.6020169401971727,0.09047009542314233,0.0
0.05,0.5,0.02,R_6HoVfVJSFl7IrlL,inference_categories,dailydilemmas,2,4,0.25,-0.6934830207785968,0.5,-0.7354354328329871,-0.041952412054390265,0.25
0.05,0.5,0.02,R_6HoVfVJSFl7IrlL,inference_categories,dailydilemmas,3,4,0.75,-0.6924371284265671,1.0,-0.62806490152991,0.06437222689665711,0.25
0.05,0.5,0.02,R_6HoVfVJSFl7IrlL,inference_categories,dailydilemmas,4,4,0.75,-0.691991702915315,0.75,-0.6053850392517282,0.08660666366358682,0.0
0.05,0.5,0.02,R_5Q5TZ5csoblHSvA,inference_categories,dailydilemmas,0,4,0.5,-0.6932046971065635,0.25,-0.741515905103072,-0.048311207996508454,-0.25
0.05,0.5,0.02,R_5Q5TZ5csoblHSvA,inference_categories,dailydilemmas,1,4,0.75,-0.6933010362528886,0.5,-0.6856111860716372,0.007689850181251456,-0.25
0.05,0.5,0.02,R_5Q5TZ5csoblHSvA,inference_categories,dailydilemmas,2,4,0.5,-0.6925393726246563,0.75,-0.665661382454449,0.02687799017020731,0.25
0.05,0.5,0.02,R_5Q5TZ5csoblHSvA,inference_categories,dailydilemmas,3,4,0.25,-0.693672157233209,0.25,-0.7168546429435134,-0.023182485710304457,0.0
0.05,0.5,0.02,R_5Q5TZ5csoblHSvA,inference_categories,dailydilemmas,4,4,0.5,-0.6927479762012052,0.5,-0.6704055903851159,0.022342385816089272,0.0
0.05,0.5,0.02,R_18H831wJaDlPwgg,inference_categories,dailydilemmas,0,4,0.5,-0.6916147042699178,0.5,-0.6603398148869698,0.03127488938294798,0.0
0.05,0.5,0.02,R_18H831wJaDlPwgg,inference_categories,dailydilemmas,1,4,1.0,-0.6899870586634695,1.0,-0.5416302648026831,0.14835679386078648,0.0
0.05,0.5,0.02,R_18H831wJaDlPwgg,inference_categories,dailydilemmas,2,4,0.25,-0.6917238616310285,0.75,-0.5884549564534117,0.10326890517761678,0.5
0.05,0.5,0.02,R_18H831wJaDlPwgg,inference_categories,dailydilemmas,3,4,1.0,-0.6891156439819446,1.0,-0.4596359980320629,0.22947964594988168,0.0
0.05,0.5,0.02,R_18H831wJaDlPwgg,inference_categories,dailydilemmas,4,4,0.75,-0.6902118746874193,1.0,-0.4995681636292939,0.1906437110581254,0.25
0.05,0.5,0.02,R_12mMAseFwoOpgqC,inference_categories,dailydilemmas,0,4,0.75,-0.6923560192102111,0.75,-0.6401468045108025,0.052209214699408535,0.0
0.05,0.5,0.02,R_12mMAseFwoOpgqC,inference_categories,dailydilemmas,1,4,0.5,-0.692708683905009,0.5,-0.64590560483018,0.046803079074828946,0.0
0.05,0.5,0.02,R_12mMAseFwoOpgqC,inference_categories,dailydilemmas,2,4,0.5,-0.6938594465566419,0.5,-0.7276633390737658,-0.0338038925171239,0.0
0.05,0.5,0.02,R_12mMAseFwoOpgqC,inference_categories,dailydilemmas,3,4,0.25,-0.693157141606494,0.5,-0.6875678305343967,0.005589311072097258,0.25
0.05,0.5,0.02,R_12mMAseFwoOpgqC,inference_categories,dailydilemmas,4,4,0.75,-0.6923894076906529,0.5,-0.6344279256599997,0.05796148203065321,-0.25
0.05,0.5,0.02,R_7ojvA7NDI10RoKR,inference_categories,dailydilemmas,0,5,0.6,-0.6920068818772697,0.6,-0.6187326312803638,0.07327425059690584,0.0
0.05,0.5,0.02,R_7ojvA7NDI10RoKR,inference_categories,dailydilemmas,1,5,0.8,-0.6917348847637751,0.8,-0.5883244734687815,0.10341041129499362,0.0
0.05,0.5,0.02,R_7ojvA7NDI10RoKR,inference_categories,dailydilemmas,2,5,0.8,-0.6916545545853191,0.8,-0.6145243208293049,0.07713023375601424,0.0
0.05,0.5,0.02,R_7ojvA7NDI10RoKR,inference_categories,dailydilemmas,3,5,1.0,-0.6917046586626592,1.0,-0.551832751513605,0.13987190714905418,0.0
0.05,0.5,0.02,R_5gbXjT8uFYXCo7E,inference_categories,dailydilemmas,0,4,0.25,-0.694026868559669,0.25,-0.7901884095807236,-0.09616154102105456,0.0
0.05,0.5,0.02,R_5gbXjT8uFYXCo7E,inference_categories,dailydilemmas,1,4,0.5,-0.6930937564136729,0.5,-0.707052654183143,-0.013958897769470124,0.0
0.05,0.5,0.02,R_5gbXjT8uFYXCo7E,inference_categories,dailydilemmas,2,4,0.5,-0.6928904338246693,0.5,-0.6769383764359849,0.015952057388684437,0.0
0.05,0.5,0.02,R_5gbXjT8uFYXCo7E,inference_categories,dailydilemmas,3,4,0.75,-0.6928488703434292,0.75,-0.6634170132723312,0.029431857071098078,0.0
0.05,0.5,0.02,R_5gbXjT8uFYXCo7E,inference_categories,dailydilemmas,4,4,0.75,-0.6923363356652761,0.75,-0.6814957441759948,0.010840591489281293,0.0
0.05,0.5,0.02,R_7f9o7q4AZOoP4ot,inference_categories,dailydilemmas,0,4,0.5,-0.6928590408729023,0.5,-0.6946991595598224,-0.0018401186869201336,0.0
0.05,0.5,0.02,R_7f9o7q4AZOoP4ot,inference_categories,dailydilemmas,1,4,0.25,-0.6940582712554482,0.25,-0.7620832661228664,-0.0680249948674182,0.0
0.05,0.5,0.02,R_7f9o7q4AZOoP4ot,inference_categories,dailydilemmas,2,4,0.25,-0.6938234561373877,0.0,-0.7338034485594667,-0.03997999242207895,-0.25
0.05,0.5,0.02,R_7f9o7q4AZOoP4ot,inference_categories,dailydilemmas,3,4,0.5,-0.6930868562810306,0.25,-0.7383182207992697,-0.04523136451823906,-0.25
0.05,0.5,0.02,R_7f9o7q4AZOoP4ot,inference_categories,dailydilemmas,4,4,0.25,-0.6937483224132927,0.25,-0.7738848648537939,-0.08013654244050128,0.0
0.05,0.5,0.02,R_1WHYlcDjJDcnUfD,inference_categories,dailydilemmas,0,4,0.25,-0.6936107817399355,0.5,-0.7101273520080305,-0.016516570268094943,0.25
0.05,0.5,0.02,R_1WHYlcDjJDcnUfD,inference_categories,dailydilemmas,1,4,0.75,-0.6927597897553112,0.75,-0.6703693825674879,0.022390407187823258,0.0
0.05,0.5,0.02,R_1WHYlcDjJDcnUfD,inference_categories,dailydilemmas,2,4,0.5,-0.692882790314926,0.75,-0.6848520719817119,0.008030718333214004,0.25
0.05,0.5,0.02,R_1WHYlcDjJDcnUfD,inference_categories,dailydilemmas,3,4,0.5,-0.6933126230141359,0.25,-0.7383307676478195,-0.04501814463368359,-0.25
0.05,0.5,0.02,R_1WHYlcDjJDcnUfD,inference_categories,dailydilemmas,4,4,0.5,-0.6933165620073277,0.5,-0.7007673878327647,-0.007450825825436991,0.0
0.05,0.5,0.02,R_6Q0gBjey6IdfZpf,inference_categories,dailydilemmas,0,4,0.75,-0.6921669564928575,0.75,-0.6088880796942833,0.08327887679857426,0.0
0.05,0.5,0.02,R_6Q0gBjey6IdfZpf,inference_categories,dailydilemmas,1,4,1.0,-0.6919515344248186,1.0,-0.6028712505342387,0.08908028389057987,0.0
0.05,0.5,0.02,R_6Q0gBjey6IdfZpf,inference_categories,dailydilemmas,2,4,0.75,-0.6922742370254034,0.75,-0.6089918410045025,0.08328239602090082,0.0
0.05,0.5,0.02,R_6Q0gBjey6IdfZpf,inference_categories,dailydilemmas,3,4,0.75,-0.6922809472749593,0.5,-0.6349583555554474,0.05732259171951182,-0.25
0.05,0.5,0.02,R_6Q0gBjey6IdfZpf,inference_categories,dailydilemmas,4,4,0.5,-0.6923239171830518,0.5,-0.6054028282339392,0.08692108894911255,0.0
0.05,0.5,0.02,R_1wzohnjOPhN82Wd,inference_categories,dailydilemmas,0,4,0.75,-0.6912657817430935,0.75,-0.6169521029082962,0.07431367883479734,0.0
0.05,0.5,0.02,R_1wzohnjOPhN82Wd,inference_categories,dailydilemmas,1,4,0.75,-0.6910091198303364,0.75,-0.6005157441388197,0.09049337569151672,0.0
0.05,0.5,0.02,R_1wzohnjOPhN82Wd,inference_categories,dailydilemmas,2,4,0.75,-0.6916135310151922,0.75,-0.5791208751968511,0.11249265581834111,0.0
0.05,0.5,0.02,R_1wzohnjOPhN82Wd,inference_categories,dailydilemmas,3,4,0.75,-0.6912827721934094,1.0,-0.592118333079903,0.09916443911350636,0.25
0.05,0.5,0.02,R_1wzohnjOPhN82Wd,inference_categories,dailydilemmas,4,4,0.25,-0.6945114868894781,0.25,-0.7706858818983473,-0.07617439500886924,0.0
0.05,0.5,0.02,R_70kbQcqJL4Tkq6B,inference_categories,dailydilemmas,0,4,0.5,-0.693099326816225,0.5,-0.7478016319367603,-0.05470230512053531,0.0
0.05,0.5,0.02,R_70kbQcqJL4Tkq6B,inference_categories,dailydilemmas,1,4,0.5,-0.6935456776381743,0.5,-0.7192437127598377,-0.025698035121663354,0.0
0.05,0.5,0.02,R_70kbQcqJL4Tkq6B,inference_categories,dailydilemmas,2,4,1.0,-0.6903881142268726,1.0,-0.5798479047467268,0.11054020948014587,0.0
0.05,0.5,0.02,R_70kbQcqJL4Tkq6B,inference_categories,dailydilemmas,3,4,0.75,-0.6910186881848221,0.75,-0.6282985191083081,0.06272016907651401,0.0
0.05,0.5,0.02,R_70kbQcqJL4Tkq6B,inference_categories,dailydilemmas,4,4,0.75,-0.6910584094419714,0.75,-0.5780763555287121,0.11298205391325933,0.0
0.05,0.5,0.02,R_6rftRMhNP0o6boD,inference_categories,dailydilemmas,0,4,0.25,-0.6927920742765155,0.25,-0.6839597147319918,0.00883235954452366,0.0
0.05,0.5,0.02,R_6rftRMhNP0o6boD,inference_categories,dailydilemmas,1,4,0.5,-0.6924913932327733,0.5,-0.6811210981213958,0.011370295111377549,0.0
0.05,0.5,0.02,R_6rftRMhNP0o6boD,inference_categories,dailydilemmas,2,4,0.75,-0.6930215747126403,0.5,-0.735755707623454,-0.04273413291081374,-0.25
0.05,0.5,0.02,R_6rftRMhNP0o6boD,inference_categories,dailydilemmas,3,4,0.75,-0.6913539511353748,0.75,-0.614994289458868,0.07635966167650676,0.0
0.05,0.5,0.02,R_6rftRMhNP0o6boD,inference_categories,dailydilemmas,4,4,1.0,-0.6911317756524363,1.0,-0.6193992685319349,0.07173250712050139,0.0
0.05,0.5,0.02,R_6jv2PrGBJcO4of6,inference_categories,dailydilemmas,0,4,1.0,-0.6913708595536875,1.0,-0.5132429556676411,0.17812790388604638,0.0
0.05,0.5,0.02,R_6jv2PrGBJcO4of6,inference_categories,dailydilemmas,1,4,0.75,-0.6912995160513344,1.0,-0.5841079503898972,0.10719156566143728,0.25
0.05,0.5,0.02,R_6jv2PrGBJcO4of6,inference_categories,dailydilemmas,2,4,0.5,-0.6926591280607736,0.5,-0.6723947343161225,0.020264393744651055,0.0
0.05,0.5,0.02,R_6jv2PrGBJcO4of6,inference_categories,dailydilemmas,3,4,0.75,-0.6920955861097676,0.75,-0.616739973536372,0.07535561257339563,0.0
0.05,0.5,0.02,R_6jv2PrGBJcO4of6,inference_categories,dailydilemmas,4,4,0.5,-0.6944162521312823,0.5,-0.817356880688562,-0.12294062855727972,0.0
0.05,0.5,0.02,R_1dHqTtKKq3yQvmX,inference_categories,dailydilemmas,0,4,0.75,-0.6901793664806752,0.75,-0.5486820111084261,0.14149735537224917,0.0
0.05,0.5,0.02,R_1dHqTtKKq3yQvmX,inference_categories,dailydilemmas,1,4,0.5,-0.6905398035230048,0.5,-0.5990921151464013,0.09144768837660355,0.0
0.05,0.5,0.02,R_1dHqTtKKq3yQvmX,inference_categories,dailydilemmas,2,4,0.75,-0.6916850396000928,0.75,-0.6000668710894864,0.09161816851060633,0.0
0.05,0.5,0.02,R_1dHqTtKKq3yQvmX,inference_categories,dailydilemmas,3,4,0.75,-0.6917166981820564,0.75,-0.6416442474469712,0.05007245073508515,0.0
0.05,0.5,0.02,R_1dHqTtKKq3yQvmX,inference_categories,dailydilemmas,4,4,0.75,-0.6905830384527758,0.75,-0.5244941845100471,0.16608885394272865,0.0
0.05,0.5,0.02,R_1P81VK8fH860C4V,inference_categories,dailydilemmas,0,4,1.0,-0.6920433577900249,1.0,-0.600025173635357,0.09201818415466789,0.0
0.05,0.5,0.02,R_1P81VK8fH860C4V,inference_categories,dailydilemmas,1,4,1.0,-0.6919164570325738,1.0,-0.5122012702511086,0.17971518678146514,0.0
0.05,0.5,0.02,R_1P81VK8fH860C4V,inference_categories,dailydilemmas,2,4,0.75,-0.6928577825296892,0.75,-0.6084110088228427,0.0844467737068465,0.0
0.05,0.5,0.02,R_1P81VK8fH860C4V,inference_categories,dailydilemmas,3,4,0.25,-0.6932254130917721,0.5,-0.690220081672987,0.0030053314187851177,0.25
0.05,0.5,0.02,R_1P81VK8fH860C4V,inference_categories,dailydilemmas,4,4,1.0,-0.6913179800919581,1.0,-0.5182344275108827,0.17308355258107544,0.0
0.05,0.5,0.02,R_7go085j249AymBb,inference_categories,dailydilemmas,0,4,0.5,-0.6920457681275483,0.5,-0.6175636046010562,0.07448216352649206,0.0
0.05,0.5,0.02,R_7go085j249AymBb,inference_categories,dailydilemmas,1,4,0.75,-0.6918687893093179,0.75,-0.5955395586277104,0.09632923068160759,0.0
0.05,0.5,0.02,R_7go085j249AymBb,inference_categories,dailydilemmas,2,4,0.75,-0.6916919699910548,1.0,-0.5731758995760606,0.11851607041499412,0.25
0.05,0.5,0.02,R_7go085j249AymBb,inference_categories,dailydilemmas,3,4,0.75,-0.6921476975615788,0.75,-0.6157333175922383,0.07641437996934053,0.0
0.05,0.5,0.02,R_7go085j249AymBb,inference_categories,dailydilemmas,4,4,0.5,-0.6933859969559947,0.5,-0.7195054012624698,-0.02611940430647508,0.0
0.05,0.5,0.02,R_6xzSCFMWRhzZIRg,inference_categories,dailydilemmas,0,4,0.25,-0.6927821561848767,0.25,-0.6739339013088015,0.01884825487607522,0.0
0.05,0.5,0.02,R_6xzSCFMWRhzZIRg,inference_categories,dailydilemmas,1,4,0.75,-0.6925641341245401,0.75,-0.64918612225725,0.04337801186729007,0.0
0.05,0.5,0.02,R_6xzSCFMWRhzZIRg,inference_categories,dailydilemmas,2,4,0.75,-0.6928042560852457,0.75,-0.6492397104804307,0.04356454560481493,0.0
0.05,0.5,0.02,R_6xzSCFMWRhzZIRg,inference_categories,dailydilemmas,3,4,1.0,-0.6921312027011314,1.0,-0.5911868496950043,0.10094435300612703,0.0
0.05,0.5,0.02,R_6xzSCFMWRhzZIRg,inference_categories,dailydilemmas,4,4,0.75,-0.6925934243944709,0.75,-0.6602738407892619,0.032319583605209035,0.0
0.05,0.5,0.02,R_5EychZPB1u00qZH,inference_categories,dailydilemmas,0,4,1.0,-0.6915691978027982,0.75,-0.5484134350564538,0.14315576274634445,-0.25
0.05,0.5,0.02,R_5EychZPB1u00qZH,inference_categories,dailydilemmas,1,4,0.5,-0.6922579912654148,0.5,-0.6315510834312938,0.060706907834120916,0.0
0.05,0.5,0.02,R_5EychZPB1u00qZH,inference_categories,dailydilemmas,2,4,1.0,-0.6920351292436367,1.0,-0.5850192599823619,0.10701586926127482,0.0
0.05,0.5,0.02,R_5EychZPB1u00qZH,inference_categories,dailydilemmas,3,4,1.0,-0.6918581079995139,0.75,-0.5558211900934911,0.1360369179060228,-0.25
0.05,0.5,0.02,R_5EychZPB1u00qZH,inference_categories,dailydilemmas,4,4,0.25,-0.693113923592781,0.25,-0.7400130664507285,-0.046899142857947496,0.0
0.05,0.5,0.02,R_59glCvaBnt5WTU6,inference_categories,dailydilemmas,0,4,0.5,-0.6934585289871318,0.5,-0.7072590175763224,-0.013800488589190585,0.0
0.05,0.5,0.02,R_59glCvaBnt5WTU6,inference_categories,dailydilemmas,1,4,0.75,-0.6924249223884483,0.75,-0.6047511924141592,0.08767372997428913,0.0
0.05,0.5,0.02,R_59glCvaBnt5WTU6,inference_categories,dailydilemmas,2,4,0.75,-0.6921256744126439,1.0,-0.5906721671468196,0.10145350726582436,0.25
0.05,0.5,0.02,R_59glCvaBnt5WTU6,inference_categories,dailydilemmas,3,4,0.75,-0.6923140677501498,0.75,-0.6192532786674151,0.07306078908273472,0.0
0.05,0.5,0.02,R_59glCvaBnt5WTU6,inference_categories,dailydilemmas,4,4,0.75,-0.6924660984930848,0.75,-0.6459609694646615,0.0465051290284233,0.0
0.05,0.5,0.02,R_1nBL27EvLs0Bkk4,inference_categories,dailydilemmas,0,4,0.5,-0.6925040934732599,0.5,-0.6308199899454553,0.06168410352780462,0.0
0.05,0.5,0.02,R_1nBL27EvLs0Bkk4,inference_categories,dailydilemmas,1,4,0.25,-0.693942222109138,0.75,-0.7711344653093428,-0.07719224320020479,0.5
0.05,0.5,0.02,R_1nBL27EvLs0Bkk4,inference_categories,dailydilemmas,2,4,0.75,-0.6912821629528922,0.75,-0.5930217335278665,0.09826042942502577,0.0
0.05,0.5,0.02,R_1nBL27EvLs0Bkk4,inference_categories,dailydilemmas,3,4,0.5,-0.6924616239598635,0.75,-0.6508443912666354,0.041617232693228146,0.25
0.05,0.5,0.02,R_1nBL27EvLs0Bkk4,inference_categories,dailydilemmas,4,4,1.0,-0.6911718043804796,1.0,-0.5522802319690083,0.13889157241147132,0.0
0.05,0.5,0.02,R_6FsUQnzEYAQwtwa,inference_categories,dailydilemmas,0,4,0.75,-0.6927384253042169,0.75,-0.6538777465327041,0.03886067877151278,0.0
0.05,0.5,0.02,R_6FsUQnzEYAQwtwa,inference_categories,dailydilemmas,1,4,0.5,-0.6927163458859349,0.5,-0.6842920690742955,0.008424276811639375,0.0
0.05,0.5,0.02,R_6FsUQnzEYAQwtwa,inference_categories,dailydilemmas,2,4,0.5,-0.6932754640605925,0.75,-0.6722495238999894,0.021025940160603107,0.25
0.05,0.5,0.02,R_6FsUQnzEYAQwtwa,inference_categories,dailydilemmas,3,4,0.75,-0.6926125292192916,0.75,-0.6838911901006973,0.008721339118594296,0.0
0.05,0.5,0.02,R_6FsUQnzEYAQwtwa,inference_categories,dailydilemmas,4,4,0.75,-0.6926171705827615,0.5,-0.6457948786282248,0.04682229195453669,-0.25
0.05,0.5,0.02,R_5pX1jjp1Yu1RSN7,inference_categories,dailydilemmas,0,4,1.0,-0.6916563926178843,1.0,-0.5742983380900573,0.117358054527827,0.0
0.05,0.5,0.02,R_5pX1jjp1Yu1RSN7,inference_categories,dailydilemmas,1,4,0.75,-0.6913416045752215,0.75,-0.5734318776975266,0.11790972687769496,0.0
0.05,0.5,0.02,R_5pX1jjp1Yu1RSN7,inference_categories,dailydilemmas,2,4,0.75,-0.6917451406050665,0.75,-0.5750229877691079,0.11672215283595866,0.0
0.05,0.5,0.02,R_5pX1jjp1Yu1RSN7,inference_categories,dailydilemmas,3,4,0.75,-0.6915415809271314,0.75,-0.6081415346909564,0.08340004623617492,0.0
0.05,0.5,0.02,R_5pX1jjp1Yu1RSN7,inference_categories,dailydilemmas,4,4,0.25,-0.6954732529707177,0.25,-0.8569385262744933,-0.16146527330377558,0.0
0.05,0.5,0.02,R_5DY1mtPtJpWz8WC,inference_categories,dailydilemmas,0,5,1.0,-0.6901900358599771,1.0,-0.4377976353127592,0.25239240054721784,0.0
0.05,0.5,0.02,R_5DY1mtPtJpWz8WC,inference_categories,dailydilemmas,1,5,0.6,-0.6912324351004475,0.8,-0.5457658245576688,0.14546661054277876,0.20000000000000007
0.05,0.5,0.02,R_5DY1mtPtJpWz8WC,inference_categories,dailydilemmas,2,5,0.8,-0.691829432035987,0.8,-0.5870319524847492,0.10479747955123786,0.0
0.05,0.5,0.02,R_5DY1mtPtJpWz8WC,inference_categories,dailydilemmas,3,5,0.6,-0.6903303706504949,0.6,-0.5001942912806747,0.19013607936982013,0.0
0.05,0.5,0.02,R_1PN3SGDWOMibPAh,inference_categories,dailydilemmas,0,4,0.75,-0.6919509454770811,1.0,-0.588727238610833,0.10322370686624815,0.25
0.05,0.5,0.02,R_1PN3SGDWOMibPAh,inference_categories,dailydilemmas,1,4,0.5,-0.693423134032705,0.5,-0.7512669572986997,-0.0578438232659948,0.0
0.05,0.5,0.02,R_1PN3SGDWOMibPAh,inference_categories,dailydilemmas,2,4,0.5,-0.692956189895669,0.75,-0.659900831387926,0.03305535850774299,0.25
0.05,0.5,0.02,R_1PN3SGDWOMibPAh,inference_categories,dailydilemmas,3,4,0.5,-0.6922843616630568,0.5,-0.6463489040545464,0.04593545760851048,0.0
0.05,0.5,0.02,R_1PN3SGDWOMibPAh,inference_categories,dailydilemmas,4,4,1.0,-0.6918221546867992,1.0,-0.6070848721580351,0.08473728252876411,0.0
0.05,0.5,0.02,R_3SrBXsc2uYrsSZz,inference_categories,dailydilemmas,0,4,0.5,-0.6921819867098238,0.75,-0.6290788302041943,0.06310315650562948,0.25
0.05,0.5,0.02,R_3SrBXsc2uYrsSZz,inference_categories,dailydilemmas,1,4,0.75,-0.6927603848918005,0.5,-0.7064884057744157,-0.013728020882615266,-0.25
0.05,0.5,0.02,R_3SrBXsc2uYrsSZz,inference_categories,dailydilemmas,2,4,0.5,-0.6928712779217644,0.5,-0.7427185122810727,-0.04984723435930827,0.0
0.05,0.5,0.02,R_3SrBXsc2uYrsSZz,inference_categories,dailydilemmas,3,4,0.75,-0.6917737093762071,0.75,-0.5777688429970802,0.11400486637912688,0.0
0.05,0.5,0.02,R_3SrBXsc2uYrsSZz,inference_categories,dailydilemmas,4,4,1.0,-0.691789791299691,1.0,-0.5896597108961962,0.1021300804034948,0.0
0.05,0.5,0.02,R_7rNeEq8TvAxjqdL,inference_categories,dailydilemmas,0,4,0.75,-0.6911846470944386,0.75,-0.5587437999514604,0.1324408471429782,0.0
0.05,0.5,0.02,R_7rNeEq8TvAxjqdL,inference_categories,dailydilemmas,1,4,0.75,-0.69164818192401,0.75,-0.5609634945583701,0.13068468736563987,0.0
0.05,0.5,0.02,R_7rNeEq8TvAxjqdL,inference_categories,dailydilemmas,2,4,1.0,-0.6907843678215682,1.0,-0.5204319633253726,0.1703524044961956,0.0
0.05,0.5,0.02,R_7rNeEq8TvAxjqdL,inference_categories,dailydilemmas,3,4,0.75,-0.6922579415528716,0.5,-0.6720052980485525,0.0202526435043191,-0.25
0.05,0.5,0.02,R_7rNeEq8TvAxjqdL,inference_categories,dailydilemmas,4,4,0.75,-0.6916794143622071,0.75,-0.5872754092092399,0.10440400515296722,0.0
0.05,0.5,0.02,R_7QAkOtO6FETwKSv,inference_categories,dailydilemmas,0,4,0.5,-0.6935653153634046,0.5,-0.7646794146009518,-0.07111409923754719,0.0
0.05,0.5,0.02,R_7QAkOtO6FETwKSv,inference_categories,dailydilemmas,1,4,0.75,-0.6922413992091314,0.75,-0.657815448655407,0.03442595055372444,0.0
0.05,0.5,0.02,R_7QAkOtO6FETwKSv,inference_categories,dailydilemmas,2,4,0.5,-0.6929267303893999,0.5,-0.7515892294352671,-0.05866249904586718,0.0
0.05,0.5,0.02,R_7QAkOtO6FETwKSv,inference_categories,dailydilemmas,3,4,1.0,-0.6920532080201354,0.5,-0.6994662439975389,-0.007413035977403504,-0.5
0.05,0.5,0.02,R_7QAkOtO6FETwKSv,inference_categories,dailydilemmas,4,4,0.5,-0.692874388257928,0.5,-0.7116904484876349,-0.018816060229706832,0.0
0.05,0.5,0.02,R_6gCrJV80LvD23XK,choice_only,dailydilemmas,0,4,0.5,-0.693771785100323,0.5,-0.7623043658938501,-0.06853258079352709,0.0
0.05,0.5,0.02,R_6gCrJV80LvD23XK,choice_only,dailydilemmas,1,4,1.0,-0.6920506137011905,1.0,-0.5697211733364957,0.12232944036469473,0.0
0.05,0.5,0.02,R_6gCrJV80LvD23XK,choice_only,dailydilemmas,2,4,0.75,-0.692272194395104,0.75,-0.6406146439800595,0.051657550415044495,0.0
0.05,0.5,0.02,R_6gCrJV80LvD23XK,choice_only,dailydilemmas,3,4,0.25,-0.6935722697383494,0.25,-0.7311366754598347,-0.03756440572148534,0.0
0.05,0.5,0.02,R_6gCrJV80LvD23XK,choice_only,dailydilemmas,4,4,0.5,-0.69288341392352,0.5,-0.6717138202882612,0.021169593635258832,0.0
0.05,0.5,0.02,R_7SrhV7HvgsG1fvA,choice_only,dailydilemmas,0,4,0.5,-0.6919869228690966,0.5,-0.6417624386169318,0.05022448425216475,0.0
0.05,0.5,0.02,R_7SrhV7HvgsG1fvA,choice_only,dailydilemmas,1,4,0.75,-0.6927850648558612,1.0,-0.6622367556811984,0.03054830917466278,0.25
0.05,0.5,0.02,R_7SrhV7HvgsG1fvA,choice_only,dailydilemmas,2,4,0.5,-0.6932548429514276,0.5,-0.7341229189156817,-0.040868075964254125,0.0
0.05,0.5,0.02,R_7SrhV7HvgsG1fvA,choice_only,dailydilemmas,3,4,0.75,-0.6925621208023383,1.0,-0.6488511870437993,0.04371093375853896,0.25
0.05,0.5,0.02,R_7SrhV7HvgsG1fvA,choice_only,dailydilemmas,4,4,0.0,-0.694777709820397,0.0,-0.8150445773756837,-0.1202668675552867,0.0
0.05,0.5,0.02,R_5aLcKnMSH0hrVLH,choice_only,dailydilemmas,0,4,1.0,-0.6923263146045625,1.0,-0.6038746553856295,0.08845165921893305,0.0
0.05,0.5,0.02,R_5aLcKnMSH0hrVLH,choice_only,dailydilemmas,1,4,1.0,-0.691702529524409,0.75,-0.6040561315310526,0.08764639799335638,-0.25
0.05,0.5,0.02,R_5aLcKnMSH0hrVLH,choice_only,dailydilemmas,2,4,0.75,-0.6924378717203983,0.5,-0.636056588269835,0.05638128345056326,-0.25
0.05,0.5,0.02,R_5aLcKnMSH0hrVLH,choice_only,dailydilemmas,3,4,1.0,-0.6922143155928429,1.0,-0.6562703667345263,0.03594394885831653,0.0
0.05,0.5,0.02,R_5aLcKnMSH0hrVLH,choice_only,dailydilemmas,4,4,0.5,-0.6935217086981267,0.5,-0.7644273510255217,-0.07090564232739505,0.0
0.05,0.5,0.02,R_6E6esO9YjIptSgZ,choice_only,dailydilemmas,0,5,0.4,-0.6933243109022651,0.4,-0.7054602416980122,-0.012135930795747152,0.0
0.05,0.5,0.02,R_6E6esO9YjIptSgZ,choice_only,dailydilemmas,1,5,0.4,-0.6935058840958112,0.4,-0.6820935462427143,0.01141233785309681,0.0
0.05,0.5,0.02,R_6E6esO9YjIptSgZ,choice_only,dailydilemmas,2,5,0.4,-0.693025151606699,1.0,-0.6447133923943393,0.04831175921235964,0.6
0.05,0.5,0.02,R_6E6esO9YjIptSgZ,choice_only,dailydilemmas,3,5,0.4,-0.693228696324342,0.4,-0.6870833082646364,0.006145388059705659,0.0
0.05,0.5,0.02,R_1MCxQvFXsgFj9AZ,choice_only,dailydilemmas,0,4,0.0,-0.6941318405634145,0.5,-0.7124398208359541,-0.01830798027253966,0.5
0.05,0.5,0.02,R_1MCxQvFXsgFj9AZ,choice_only,dailydilemmas,1,4,0.75,-0.6930678237544948,0.5,-0.6862570048935281,0.006810818860966683,-0.25
0.05,0.5,0.02,R_1MCxQvFXsgFj9AZ,choice_only,dailydilemmas,2,4,0.25,-0.6935068931572397,0.25,-0.7521454362139278,-0.05863854305668814,0.0
0.05,0.5,0.02,R_1MCxQvFXsgFj9AZ,choice_only,dailydilemmas,3,4,0.25,-0.6936224990050501,0.25,-0.7175711700858988,-0.023948671080848638,0.0
0.05,0.5,0.02,R_1MCxQvFXsgFj9AZ,choice_only,dailydilemmas,4,4,0.75,-0.6930774068097307,0.5,-0.6906203734669647,0.002457033342766035,-0.25
0.05,0.5,0.02,R_3JfmC4gRU1JpbNv,choice_only,dailydilemmas,0,4,0.75,-0.691414093721901,0.75,-0.5835649645602115,0.10784912916168954,0.0
0.05,0.5,0.02,R_3JfmC4gRU1JpbNv,choice_only,dailydilemmas,1,4,1.0,-0.6911231568843574,1.0,-0.5451955575526863,0.1459275993316711,0.0
0.05,0.5,0.02,R_3JfmC4gRU1JpbNv,choice_only,dailydilemmas,2,4,0.5,-0.6937110318112766,0.5,-0.7168610759186562,-0.02315004410737964,0.0
0.05,0.5,0.02,R_3JfmC4gRU1JpbNv,choice_only,dailydilemmas,3,4,0.5,-0.6933484607438867,0.5,-0.6683160778098595,0.02503238293402721,0.0
0.05,0.5,0.02,R_3JfmC4gRU1JpbNv,choice_only,dailydilemmas,4,4,1.0,-0.691460935575063,1.0,-0.5597013328433629,0.13175960273170018,0.0
0.05,0.5,0.02,R_7QGHM1iZnW1jfRx,choice_only,dailydilemmas,0,4,0.5,-0.6933461948959684,0.5,-0.6948283927692911,-0.0014821978733227104,0.0
0.05,0.5,0.02,R_7QGHM1iZnW1jfRx,choice_only,dailydilemmas,1,4,0.5,-0.6933979723363053,0.5,-0.7209386001075477,-0.027540627771242443,0.0
0.05,0.5,0.02,R_7QGHM1iZnW1jfRx,choice_only,dailydilemmas,2,4,0.5,-0.692723397096704,0.25,-0.7037469315006161,-0.011023534403912016,-0.25
0.05,0.5,0.02,R_7QGHM1iZnW1jfRx,choice_only,dailydilemmas,3,4,0.75,-0.693106248193503,0.75,-0.6771035103274408,0.01600273786606221,0.0
0.05,0.5,0.02,R_7QGHM1iZnW1jfRx,choice_only,dailydilemmas,4,4,0.25,-0.6938567634717323,0.25,-0.7315161765973378,-0.0376594131256055,0.0
0.05,0.5,0.02,R_6rBDZvDRiktj92h,choice_only,dailydilemmas,0,4,0.75,-0.6919508583886247,0.5,-0.6576226122615974,0.03432824612702734,-0.25
0.05,0.5,0.02,R_6rBDZvDRiktj92h,choice_only,dailydilemmas,1,4,0.5,-0.6920848654673555,0.5,-0.6340945475415577,0.057990317925797785,0.0
0.05,0.5,0.02,R_6rBDZvDRiktj92h,choice_only,dailydilemmas,2,4,0.75,-0.6926821806338346,0.75,-0.6894457847696365,0.003236395864198105,0.0
0.05,0.5,0.02,R_6rBDZvDRiktj92h,choice_only,dailydilemmas,3,4,0.5,-0.6925047484490472,0.5,-0.6904190397927643,0.002085708656282881,0.0
0.05,0.5,0.02,R_6rBDZvDRiktj92h,choice_only,dailydilemmas,4,4,0.5,-0.6936433799394314,0.5,-0.7484311058612259,-0.05478772592179448,0.0
0.05,0.5,0.02,R_7DZXdu8GHiSZQbw,choice_only,dailydilemmas,0,5,0.8,-0.6915098669160649,0.8,-0.5863664282285799,0.10514343868748499,0.0
0.05,0.5,0.02,R_7DZXdu8GHiSZQbw,choice_only,dailydilemmas,1,5,0.6,-0.690806185488559,0.6,-0.5610037277517576,0.12980245773680144,0.0
0.05,0.5,0.02,R_7DZXdu8GHiSZQbw,choice_only,dailydilemmas,2,5,0.8,-0.6908536245536288,0.8,-0.5441739976727319,0.14667962688089686,0.0
0.05,0.5,0.02,R_7DZXdu8GHiSZQbw,choice_only,dailydilemmas,3,5,0.8,-0.6915137653328134,0.8,-0.6070427638433438,0.08447100148946962,0.0
0.05,0.5,0.02,R_3wNdGb7QZmozWdV,inference_affirm,dailydilemmas,0,4,0.75,-0.6925585495452946,0.5,-0.6741355011359789,0.018423048409315745,-0.25
0.05,0.5,0.02,R_3wNdGb7QZmozWdV,inference_affirm,dailydilemmas,1,4,0.5,-0.692981251064235,0.5,-0.6984716056911933,-0.005490354626958238,0.0
0.05,0.5,0.02,R_3wNdGb7QZmozWdV,inference_affirm,dailydilemmas,2,4,0.25,-0.693020012554981,0.25,-0.7109742210501095,-0.01795420849512852,0.0
0.05,0.5,0.02,R_3wNdGb7QZmozWdV,inference_affirm,dailydilemmas,3,4,1.0,-0.6923061806371242,0.75,-0.6594717826753187,0.03283439796180554,-0.25
0.05,0.5,0.02,R_3wNdGb7QZmozWdV,inference_affirm,dailydilemmas,4,4,0.75,-0.6922461602262034,0.75,-0.651127509088976,0.04111865113722746,0.0
0.05,0.5,0.02,R_54BDOExpKqNLP7U,choice_only,dailydilemmas,0,5,1.0,-0.690222392201228,1.0,-0.48126444010797814,0.2089579520932499,0.0
0.05,0.5,0.02,R_54BDOExpKqNLP7U,choice_only,dailydilemmas,1,5,0.8,-0.6912457920133276,1.0,-0.5455707397582685,0.14567505225505906,0.19999999999999996
0.05,0.5,0.02,R_54BDOExpKqNLP7U,choice_only,dailydilemmas,2,5,0.6,-0.6923603456842805,0.6,-0.6535029266555555,0.03885741902872497,0.0
0.05,0.5,0.02,R_54BDOExpKqNLP7U,choice_only,dailydilemmas,3,5,0.8,-0.6900271794005838,1.0,-0.45526903526251045,0.23475814413807333,0.19999999999999996
0.05,0.5,0.02,R_7FP7x1oOPEhKFnt,choice_only,dailydilemmas,0,4,1.0,-0.6919280667454282,1.0,-0.56693140574824,0.1249966609971882,0.0
0.05,0.5,0.02,R_7FP7x1oOPEhKFnt,choice_only,dailydilemmas,1,4,0.5,-0.6928210627175507,1.0,-0.6376487734914849,0.055172289226065874,0.5
0.05,0.5,0.02,R_7FP7x1oOPEhKFnt,choice_only,dailydilemmas,2,4,1.0,-0.6925045821357162,0.75,-0.6363857154031342,0.05611886673258204,-0.25
0.05,0.5,0.02,R_7FP7x1oOPEhKFnt,choice_only,dailydilemmas,3,4,0.75,-0.6929586161800017,0.75,-0.6989295939911883,-0.005970977811186606,0.0
0.05,0.5,0.02,R_7FP7x1oOPEhKFnt,choice_only,dailydilemmas,4,4,0.75,-0.6921518574026817,0.5,-0.6311519486558198,0.0609999087468619,-0.25
0.05,0.5,0.02,R_3RlcXTweCHzrYtz,choice_only,dailydilemmas,0,4,0.75,-0.692169622767719,0.75,-0.6155333313118719,0.07663629145584705,0.0
0.05,0.5,0.02,R_3RlcXTweCHzrYtz,choice_only,dailydilemmas,1,4,0.5,-0.6921245155651763,0.5,-0.6342384516509667,0.057886063914209585,0.0
0.05,0.5,0.02,R_3RlcXTweCHzrYtz,choice_only,dailydilemmas,2,4,0.25,-0.6934837659178836,0.5,-0.7216831147169033,-0.02819934879901964,0.25
0.05,0.5,0.02,R_3RlcXTweCHzrYtz,choice_only,dailydilemmas,3,4,0.5,-0.6932357233524356,0.5,-0.7100179709255303,-0.016782247573094766,0.0
0.05,0.5,0.02,R_3RlcXTweCHzrYtz,choice_only,dailydilemmas,4,4,0.75,-0.6924225385240101,0.75,-0.6077533487113486,0.08466918981266158,0.0
0.05,0.5,0.02,R_64MjAxTXtmHjKMx,choice_only,dailydilemmas,0,4,0.5,-0.6926941351033684,0.5,-0.6521466147298527,0.04054752037351572,0.0
0.05,0.5,0.02,R_64MjAxTXtmHjKMx,choice_only,dailydilemmas,1,4,0.25,-0.6940710556215365,0.25,-0.676927110671755,0.017143944949781442,0.0
0.05,0.5,0.02,R_64MjAxTXtmHjKMx,choice_only,dailydilemmas,2,4,0.25,-0.6938039134381895,0.25,-0.792382275499179,-0.09857836206098947,0.0
0.05,0.5,0.02,R_64MjAxTXtmHjKMx,choice_only,dailydilemmas,3,4,0.75,-0.6920861844549647,0.75,-0.5900790089224803,0.1020071755324844,0.0
0.05,0.5,0.02,R_64MjAxTXtmHjKMx,choice_only,dailydilemmas,4,4,1.0,-0.6918386995488164,1.0,-0.5532800152021845,0.13855868434663188,0.0
0.05,0.5,0.02,R_5B7Sbr53fSq1D3z,inference_affirm,dailydilemmas,0,4,1.0,-0.6924009679036246,0.75,-0.6454826074533572,0.04691836045026743,-0.25
0.05,0.5,0.02,R_5B7Sbr53fSq1D3z,inference_affirm,dailydilemmas,1,4,1.0,-0.6914967585051052,0.75,-0.5667415999955736,0.12475515850953156,-0.25
0.05,0.5,0.02,R_5B7Sbr53fSq1D3z,inference_affirm,dailydilemmas,2,4,0.5,-0.6916899171728221,0.5,-0.5979653108931384,0.09372460627968371,0.0
0.05,0.5,0.02,R_5B7Sbr53fSq1D3z,inference_affirm,dailydilemmas,3,4,0.5,-0.6925555829975424,0.5,-0.6439707644562624,0.04858481854127994,0.0
0.05,0.5,0.02,R_5B7Sbr53fSq1D3z,inference_affirm,dailydilemmas,4,4,0.5,-0.6934639971088424,0.25,-0.7104402410752791,-0.01697624396643671,-0.25
0.05,0.5,0.02,R_7fTeTaHgGhgcqkN,inference_affirm,dailydilemmas,0,4,0.75,-0.6918140257887567,0.75,-0.5821544182433482,0.10965960754540849,0.0
0.05,0.5,0.02,R_7fTeTaHgGhgcqkN,inference_affirm,dailydilemmas,1,4,0.75,-0.6912834457678454,1.0,-0.5866032312261559,0.10468021454168952,0.25
0.05,0.5,0.02,R_7fTeTaHgGhgcqkN,inference_affirm,dailydilemmas,2,4,1.0,-0.6919592595083794,1.0,-0.598060591229979,0.09389866827840043,0.0
0.05,0.5,0.02,R_7fTeTaHgGhgcqkN,inference_affirm,dailydilemmas,3,4,0.5,-0.6923729489017025,0.5,-0.6828032708917898,0.009569678009912708,0.0
0.05,0.5,0.02,R_7fTeTaHgGhgcqkN,inference_affirm,dailydilemmas,4,4,0.75,-0.6914575245591041,0.75,-0.6111886236996165,0.08026890085948768,0.0
0.05,0.5,0.02,R_12tlw5u4cVbNiP1,inference_affirm,dailydilemmas,0,4,0.75,-0.6916294137246326,0.75,-0.589175720610696,0.1024536931139366,0.0
0.05,0.5,0.02,R_12tlw5u4cVbNiP1,inference_affirm,dailydilemmas,1,4,0.5,-0.6922729032778986,0.5,-0.6308779339666981,0.061394969311200476,0.0
0.05,0.5,0.02,R_12tlw5u4cVbNiP1,inference_affirm,dailydilemmas,2,4,1.0,-0.6913990748711327,1.0,-0.5564303954499468,0.13496867942118596,0.0
0.05,0.5,0.02,R_12tlw5u4cVbNiP1,inference_affirm,dailydilemmas,3,4,0.75,-0.6917636640252386,0.75,-0.57653629307214,0.11522737095309854,0.0
0.05,0.5,0.02,R_12tlw5u4cVbNiP1,inference_affirm,dailydilemmas,4,4,0.75,-0.6918227014195795,1.0,-0.5997554475432603,0.0920672538763192,0.25
0.05,0.5,0.05,R_5EfMjMbx1z8Kvhl,inference_categories,dailydilemmas,0,4,0.75,-0.6923275991814979,0.75,-0.6514853325327896,0.04084226664870827,0.0
0.05,0.5,0.05,R_5EfMjMbx1z8Kvhl,inference_categories,dailydilemmas,1,4,0.5,-0.692107728588651,0.75,-0.6260827323243382,0.0660249962643128,0.25
0.05,0.5,0.05,R_5EfMjMbx1z8Kvhl,inference_categories,dailydilemmas,2,4,0.5,-0.6930055898490717,0.5,-0.6734598361159607,0.01954575373311096,0.0
0.05,0.5,0.05,R_5EfMjMbx1z8Kvhl,inference_categories,dailydilemmas,3,4,0.75,-0.6921698893625947,1.0,-0.597027869893012,0.09514201946958267,0.25
0.05,0.5,0.05,R_5EfMjMbx1z8Kvhl,inference_categories,dailydilemmas,4,4,0.5,-0.6916124977152831,0.75,-0.5769820066700287,0.11463049104525436,0.25
0.05,0.5,0.05,R_56aT1YjmRtKACUH,inference_categories,dailydilemmas,0,4,0.75,-0.6928161057074206,0.75,-0.6653207057539035,0.02749539995351713,0.0
0.05,0.5,0.05,R_56aT1YjmRtKACUH,inference_categories,dailydilemmas,1,4,0.25,-0.6937101957354634,0.5,-0.7404087989502182,-0.04669860321475472,0.25
0.05,0.5,0.05,R_56aT1YjmRtKACUH,inference_categories,dailydilemmas,2,4,0.75,-0.6924772749383264,0.75,-0.6564084373747079,0.03606883756361856,0.0
0.05,0.5,0.05,R_56aT1YjmRtKACUH,inference_categories,dailydilemmas,3,4,0.75,-0.692553249130433,0.75,-0.6590236508399451,0.03352959829048796,0.0
0.05,0.5,0.05,R_56aT1YjmRtKACUH,inference_categories,dailydilemmas,4,4,0.5,-0.6927715965415814,0.5,-0.6884117641625516,0.0043598323790298155,0.0
0.05,0.5,0.05,R_3HS2lsaEfcZSuXu,inference_categories,dailydilemmas,0,4,1.0,-0.6922145708976619,0.75,-0.6048926911279888,0.0873218797696731,-0.25
0.05,0.5,0.05,R_3HS2lsaEfcZSuXu,inference_categories,dailydilemmas,1,4,0.5,-0.6935194048429342,0.5,-0.7610087895446467,-0.06748938470171251,0.0
0.05,0.5,0.05,R_3HS2lsaEfcZSuXu,inference_categories,dailydilemmas,2,4,0.5,-0.6928434999593708,0.5,-0.6988391163332334,-0.005995616373862589,0.0
0.05,0.5,0.05,R_3HS2lsaEfcZSuXu,inference_categories,dailydilemmas,3,4,0.5,-0.6925147737062834,0.75,-0.6196061197530285,0.07290865395325496,0.25
0.05,0.5,0.05,R_3HS2lsaEfcZSuXu,inference_categories,dailydilemmas,4,4,0.75,-0.6922641213528324,0.75,-0.6071181214068884,0.08514599994594407,0.0
0.05,0.5,0.05,R_6HoVfVJSFl7IrlL,inference_categories,dailydilemmas,0,4,0.75,-0.6928992813204569,0.5,-0.6876452395385897,0.005254041781867169,-0.25
0.05,0.5,0.05,R_6HoVfVJSFl7IrlL,inference_categories,dailydilemmas,1,4,0.75,-0.692487035620315,0.75,-0.6024916818638145,0.08999535375650047,0.0
0.05,0.5,0.05,R_6HoVfVJSFl7IrlL,inference_categories,dailydilemmas,2,4,0.25,-0.6934830207785968,0.5,-0.7347230056704143,-0.04123998489181746,0.25
0.05,0.5,0.05,R_6HoVfVJSFl7IrlL,inference_categories,dailydilemmas,3,4,0.75,-0.6924371284265671,1.0,-0.6282503872185408,0.06418674120802637,0.25
0.05,0.5,0.05,R_6HoVfVJSFl7IrlL,inference_categories,dailydilemmas,4,4,0.75,-0.691991702915315,0.75,-0.6059279426536673,0.08606376026164764,0.0
0.05,0.5,0.05,R_5Q5TZ5csoblHSvA,inference_categories,dailydilemmas,0,4,0.5,-0.6932046971065635,0.25,-0.7411314045940298,-0.0479267074874663,-0.25
0.05,0.5,0.05,R_5Q5TZ5csoblHSvA,inference_categories,dailydilemmas,1,4,0.75,-0.6933010362528886,0.5,-0.6851547451731909,0.008146291079697776,-0.25
0.05,0.5,0.05,R_5Q5TZ5csoblHSvA,inference_categories,dailydilemmas,2,4,0.5,-0.6925393726246563,0.75,-0.666477457854761,0.026061914769895278,0.25
0.05,0.5,0.05,R_5Q5TZ5csoblHSvA,inference_categories,dailydilemmas,3,4,0.25,-0.693672157233209,0.25,-0.7168513528216687,-0.02317919558845971,0.0
0.05,0.5,0.05,R_5Q5TZ5csoblHSvA,inference_categories,dailydilemmas,4,4,0.5,-0.6927479762012052,0.5,-0.6709710905843608,0.021776885616844432,0.0
0.05,0.5,0.05,R_18H831wJaDlPwgg,inference_categories,dailydilemmas,0,4,0.5,-0.6916147042699178,0.5,-0.6610001266057874,0.030614577664130338,0.0
0.05,0.5,0.05,R_18H831wJaDlPwgg,inference_categories,dailydilemmas,1,4,1.0,-0.6899870586634695,1.0,-0.5406848245804645,0.14930223408300503,0.0
0.05,0.5,0.05,R_18H831wJaDlPwgg,inference_categories,dailydilemmas,2,4,0.25,-0.6917238616310285,0.75,-0.5895486526099531,0.10217520902107535,0.5
0.05,0.5,0.05,R_18H831wJaDlPwgg,inference_categories,dailydilemmas,3,4,1.0,-0.6891156439819446,1.0,-0.4610320151510895,0.2280836288308551,0.0
0.05,0.5,0.05,R_18H831wJaDlPwgg,inference_categories,dailydilemmas,4,4,0.75,-0.6902118746874193,1.0,-0.499968290864771,0.19024358382264828,0.25
0.05,0.5,0.05,R_12mMAseFwoOpgqC,inference_categories,dailydilemmas,0,4,0.75,-0.6923560192102111,0.5,-0.6401299295261911,0.05222608968401998,-0.25
0.05,0.5,0.05,R_12mMAseFwoOpgqC,inference_categories,dailydilemmas,1,4,0.5,-0.692708683905009,0.5,-0.6456938113765688,0.047014872528440166,0.0
0.05,0.5,0.05,R_12mMAseFwoOpgqC,inference_categories,dailydilemmas,2,4,0.5,-0.6938594465566419,0.5,-0.7268284293977264,-0.032968982841084515,0.0
0.05,0.5,0.05,R_12mMAseFwoOpgqC,inference_categories,dailydilemmas,3,4,0.25,-0.693157141606494,0.5,-0.6878815283203817,0.005275613286112257,0.25
0.05,0.5,0.05,R_12mMAseFwoOpgqC,inference_categories,dailydilemmas,4,4,0.75,-0.6923894076906529,0.5,-0.6343251798440839,0.05806422784656906,-0.25
0.05,0.5,0.05,R_7ojvA7NDI10RoKR,inference_categories,dailydilemmas,0,5,0.6,-0.6920068818772697,0.6,-0.6189421551183111,0.07306472675895859,0.0
0.05,0.5,0.05,R_7ojvA7NDI10RoKR,inference_categories,dailydilemmas,1,5,0.8,-0.6917348847637751,0.8,-0.587988124231783,0.10374676053199205,0.0
0.05,0.5,0.05,R_7ojvA7NDI10RoKR,inference_categories,dailydilemmas,2,5,0.8,-0.6916545545853191,0.8,-0.6150152222049332,0.0766393323803859,0.0
0.05,0.5,0.05,R_7ojvA7NDI10RoKR,inference_categories,dailydilemmas,3,5,1.0,-0.6917046586626592,1.0,-0.5534440320686964,0.13826062659396277,0.0
0.05,0.5,0.05,R_5gbXjT8uFYXCo7E,inference_categories,dailydilemmas,0,4,0.25,-0.694026868559669,0.25,-0.7883037064453391,-0.0942768378856701,0.0
0.05,0.5,0.05,R_5gbXjT8uFYXCo7E,inference_categories,dailydilemmas,1,4,0.5,-0.6930937564136729,0.5,-0.7053544078269113,-0.0122606514132384,0.0
0.05,0.5,0.05,R_5gbXjT8uFYXCo7E,inference_categories,dailydilemmas,2,4,0.5,-0.6928904338246693,0.5,-0.6755913159305664,0.017299117894102878,0.0
0.05,0.5,0.05,R_5gbXjT8uFYXCo7E,inference_categories,dailydilemmas,3,4,0.75,-0.6928488703434292,0.75,-0.6634231971919676,0.029425673151461607,0.0
0.05,0.5,0.05,R_5gbXjT8uFYXCo7E,inference_categories,dailydilemmas,4,4,0.75,-0.6923363356652761,0.75,-0.6795594642870336,0.01277687137824246,0.0
0.05,0.5,0.05,R_7f9o7q4AZOoP4ot,inference_categories,dailydilemmas,0,4,0.5,-0.6928590408729023,0.5,-0.6953474411930816,-0.0024884003201792737,0.0
0.05,0.5,0.05,R_7f9o7q4AZOoP4ot,inference_categories,dailydilemmas,1,4,0.25,-0.6940582712554482,0.25,-0.7624116725068109,-0.06835340125136269,0.0
0.05,0.5,0.05,R_7f9o7q4AZOoP4ot,inference_categories,dailydilemmas,2,4,0.25,-0.6938234561373877,0.0,-0.7333327332275646,-0.03950927709017693,-0.25
0.05,0.5,0.05,R_7f9o7q4AZOoP4ot,inference_categories,dailydilemmas,3,4,0.5,-0.6930868562810306,0.25,-0.7374750287592169,-0.04438817247818627,-0.25
0.05,0.5,0.05,R_7f9o7q4AZOoP4ot,inference_categories,dailydilemmas,4,4,0.25,-0.6937483224132927,0.25,-0.7760994787193664,-0.0823511563060737,0.0
0.05,0.5,0.05,R_1WHYlcDjJDcnUfD,inference_categories,dailydilemmas,0,4,0.25,-0.6936107817399355,0.5,-0.7100121147590863,-0.01640133301915081,0.25
0.05,0.5,0.05,R_1WHYlcDjJDcnUfD,inference_categories,dailydilemmas,1,4,0.75,-0.6927597897553112,0.75,-0.6714502396730702,0.021309550082241002,0.0
0.05,0.5,0.05,R_1WHYlcDjJDcnUfD,inference_categories,dailydilemmas,2,4,0.5,-0.692882790314926,0.75,-0.6846612179560116,0.008221572358914297,0.25
0.05,0.5,0.05,R_1WHYlcDjJDcnUfD,inference_categories,dailydilemmas,3,4,0.5,-0.6933126230141359,0.25,-0.7387330937489904,-0.04542047073485456,-0.25
0.05,0.5,0.05,R_1WHYlcDjJDcnUfD,inference_categories,dailydilemmas,4,4,0.5,-0.6933165620073277,0.5,-0.6994066932253636,-0.006090131218035921,0.0
0.05,0.5,0.05,R_6Q0gBjey6IdfZpf,inference_categories,dailydilemmas,0,4,0.75,-0.6921669564928575,0.75,-0.6097957344986037,0.08237122199425384,0.0
0.05,0.5,0.05,R_6Q0gBjey6IdfZpf,inference_categories,dailydilemmas,1,4,1.0,-0.6919515344248186,1.0,-0.6030649439747477,0.08888659045007086,0.0
0.05,0.5,0.05,R_6Q0gBjey6IdfZpf,inference_categories,dailydilemmas,2,4,0.75,-0.6922742370254034,0.75,-0.6092725997426574,0.08300163728274601,0.0
0.05,0.5,0.05,R_6Q0gBjey6IdfZpf,inference_categories,dailydilemmas,3,4,0.75,-0.6922809472749593,0.5,-0.6366541360419955,0.05562681123296376,-0.25
0.05,0.5,0.05,R_6Q0gBjey6IdfZpf,inference_categories,dailydilemmas,4,4,0.5,-0.6923239171830518,0.5,-0.6053106893699216,0.08701322781313015,0.0
0.05,0.5,0.05,R_1wzohnjOPhN82Wd,inference_categories,dailydilemmas,0,4,0.75,-0.6912657817430935,0.75,-0.6178374207608937,0.07342836098219985,0.0
0.05,0.5,0.05,R_1wzohnjOPhN82Wd,inference_categories,dailydilemmas,1,4,0.75,-0.6910091198303364,0.75,-0.6008759850943828,0.09013313473595364,0.0
0.05,0.5,0.05,R_1wzohnjOPhN82Wd,inference_categories,dailydilemmas,2,4,0.75,-0.6916135310151922,0.75,-0.5783276363336688,0.11328589468152339,0.0
0.05,0.5,0.05,R_1wzohnjOPhN82Wd,inference_categories,dailydilemmas,3,4,0.75,-0.6912827721934094,1.0,-0.5918818601394151,0.09940091205399426,0.25
0.05,0.5,0.05,R_1wzohnjOPhN82Wd,inference_categories,dailydilemmas,4,4,0.25,-0.6945114868894781,0.25,-0.7698800065166224,-0.0753685196271443,0.0
0.05,0.5,0.05,R_70kbQcqJL4Tkq6B,inference_categories,dailydilemmas,0,4,0.5,-0.693099326816225,0.5,-0.74753712484578,-0.05443779802955506,0.0
0.05,0.5,0.05,R_70kbQcqJL4Tkq6B,inference_categories,dailydilemmas,1,4,0.5,-0.6935456776381743,0.5,-0.7175030594366466,-0.023957381798472288,0.0
0.05,0.5,0.05,R_70kbQcqJL4Tkq6B,inference_categories,dailydilemmas,2,4,1.0,-0.6903881142268726,1.0,-0.5817944558546848,0.10859365837218782,0.0
0.05,0.5,0.05,R_70kbQcqJL4Tkq6B,inference_categories,dailydilemmas,3,4,0.75,-0.6910186881848221,0.75,-0.6278232016791714,0.06319548650565077,0.0
0.05,0.5,0.05,R_70kbQcqJL4Tkq6B,inference_categories,dailydilemmas,4,4,0.75,-0.6910584094419714,0.75,-0.5787470566381056,0.11231135280386584,0.0
0.05,0.5,0.05,R_6rftRMhNP0o6boD,inference_categories,dailydilemmas,0,4,0.25,-0.6927920742765155,0.25,-0.6822630308742923,0.01052904340222316,0.0
0.05,0.5,0.05,R_6rftRMhNP0o6boD,inference_categories,dailydilemmas,1,4,0.5,-0.6924913932327733,0.5,-0.680762031277681,0.011729361955092332,0.0
0.05,0.5,0.05,R_6rftRMhNP0o6boD,inference_categories,dailydilemmas,2,4,0.75,-0.6930215747126403,0.5,-0.73480364748169,-0.04178207276904977,-0.25
0.05,0.5,0.05,R_6rftRMhNP0o6boD,inference_categories,dailydilemmas,3,4,0.75,-0.6913539511353748,0.75,-0.6157548041439783,0.07559914699139647,0.0
0.05,0.5,0.05,R_6rftRMhNP0o6boD,inference_categories,dailydilemmas,4,4,1.0,-0.6911317756524363,1.0,-0.6207312746448733,0.07040050100756301,0.0
0.05,0.5,0.05,R_6jv2PrGBJcO4of6,inference_categories,dailydilemmas,0,4,1.0,-0.6913708595536875,1.0,-0.5165114648026812,0.17485939475100631,0.0
0.05,0.5,0.05,R_6jv2PrGBJcO4of6,inference_categories,dailydilemmas,1,4,0.75,-0.6912995160513344,1.0,-0.5859535561419136,0.10534595990942086,0.25
0.05,0.5,0.05,R_6jv2PrGBJcO4of6,inference_categories,dailydilemmas,2,4,0.5,-0.6926591280607736,0.5,-0.673220829270609,0.019438298790164565,0.0
0.05,0.5,0.05,R_6jv2PrGBJcO4of6,inference_categories,dailydilemmas,3,4,0.75,-0.6920955861097676,0.75,-0.6177418889641239,0.07435369714564377,0.0
0.05,0.5,0.05,R_6jv2PrGBJcO4of6,inference_categories,dailydilemmas,4,4,0.5,-0.6944162521312823,0.5,-0.8183567257672086,-0.12394047363592631,0.0
0.05,0.5,0.05,R_1dHqTtKKq3yQvmX,inference_categories,dailydilemmas,0,4,0.75,-0.6901793664806752,0.75,-0.5464320125637624,0.14374735391691285,0.0
0.05,0.5,0.05,R_1dHqTtKKq3yQvmX,inference_categories,dailydilemmas,1,4,0.5,-0.6905398035230048,0.5,-0.5957699587493335,0.09476984477367134,0.0
0.05,0.5,0.05,R_1dHqTtKKq3yQvmX,inference_categories,dailydilemmas,2,4,0.75,-0.6916850396000928,0.75,-0.5995936026400457,0.09209143696004707,0.0
0.05,0.5,0.05,R_1dHqTtKKq3yQvmX,inference_categories,dailydilemmas,3,4,0.75,-0.6917166981820564,0.75,-0.6406744402999517,0.0510422578821047,0.0
0.05,0.5,0.05,R_1dHqTtKKq3yQvmX,inference_categories,dailydilemmas,4,4,0.75,-0.6905830384527758,0.75,-0.5247880714410137,0.1657949670117621,0.0
0.05,0.5,0.05,R_1P81VK8fH860C4V,inference_categories,dailydilemmas,0,4,1.0,-0.6920433577900249,1.0,-0.5991706775823882,0.09287268020763673,0.0
0.05,0.5,0.05,R_1P81VK8fH860C4V,inference_categories,dailydilemmas,1,4,1.0,-0.6919164570325738,1.0,-0.5125633920019066,0.17935306503066717,0.0
0.05,0.5,0.05,R_1P81VK8fH860C4V,inference_categories,dailydilemmas,2,4,0.75,-0.6928577825296892,0.75,-0.60888935324647,0.08396842928321924,0.0
0.05,0.5,0.05,R_1P81VK8fH860C4V,inference_categories,dailydilemmas,3,4,0.25,-0.6932254130917721,0.5,-0.6905332952110751,0.002692117880697009,0.25
0.05,0.5,0.05,R_1P81VK8fH860C4V,inference_categories,dailydilemmas,4,4,1.0,-0.6913179800919581,1.0,-0.5198494486462686,0.17146853144568952,0.0
0.05,0.5,0.05,R_7go085j249AymBb,inference_categories,dailydilemmas,0,4,0.5,-0.6920457681275483,0.5,-0.6175073231009158,0.07453844502663243,0.0
0.05,0.5,0.05,R_7go085j249AymBb,inference_categories,dailydilemmas,1,4,0.75,-0.6918687893093179,0.75,-0.5946520690350297,0.09721672027428829,0.0
0.05,0.5,0.05,R_7go085j249AymBb,inference_categories,dailydilemmas,2,4,0.75,-0.6916919699910548,1.0,-0.5730736326436378,0.118618337347417,0.25
0.05,0.5,0.05,R_7go085j249AymBb,inference_categories,dailydilemmas,3,4,0.75,-0.6921476975615788,0.75,-0.6149932602540946,0.07715443730748417,0.0
0.05,0.5,0.05,R_7go085j249AymBb,inference_categories,dailydilemmas,4,4,0.5,-0.6933859969559947,0.5,-0.7194358018563417,-0.02604980490034703,0.0
0.05,0.5,0.05,R_6xzSCFMWRhzZIRg,inference_categories,dailydilemmas,0,4,0.25,-0.6927821561848767,0.25,-0.6735309434709043,0.019251212713972454,0.0
0.05,0.5,0.05,R_6xzSCFMWRhzZIRg,inference_categories,dailydilemmas,1,4,0.75,-0.6925641341245401,0.75,-0.6479242508198714,0.044639883304668726,0.0
0.05,0.5,0.05,R_6xzSCFMWRhzZIRg,inference_categories,dailydilemmas,2,4,0.75,-0.6928042560852457,0.75,-0.648690917727574,0.044113338357671616,0.0
0.05,0.5,0.05,R_6xzSCFMWRhzZIRg,inference_categories,dailydilemmas,3,4,1.0,-0.6921312027011314,1.0,-0.5931058257005792,0.09902537700055214,0.0
0.05,0.5,0.05,R_6xzSCFMWRhzZIRg,inference_categories,dailydilemmas,4,4,0.75,-0.6925934243944709,0.75,-0.6589746618308501,0.03361876256362084,0.0
0.05,0.5,0.05,R_5EychZPB1u00qZH,inference_categories,dailydilemmas,0,4,1.0,-0.6915691978027982,0.75,-0.5486237470362162,0.14294545076658205,-0.25
0.05,0.5,0.05,R_5EychZPB1u00qZH,inference_categories,dailydilemmas,1,4,0.5,-0.6922579912654148,0.5,-0.6324068360347924,0.059851155230622344,0.0
0.05,0.5,0.05,R_5EychZPB1u00qZH,inference_categories,dailydilemmas,2,4,1.0,-0.6920351292436367,1.0,-0.5848938412408186,0.10714128800281819,0.0
0.05,0.5,0.05,R_5EychZPB1u00qZH,inference_categories,dailydilemmas,3,4,1.0,-0.6918581079995139,0.75,-0.5552973812385625,0.13656072676095132,-0.25
0.05,0.5,0.05,R_5EychZPB1u00qZH,inference_categories,dailydilemmas,4,4,0.25,-0.693113923592781,0.25,-0.7400475885600784,-0.04693366496729734,0.0
0.05,0.5,0.05,R_59glCvaBnt5WTU6,inference_categories,dailydilemmas,0,4,0.5,-0.6934585289871318,0.5,-0.7076224586300545,-0.014163929642922679,0.0
0.05,0.5,0.05,R_59glCvaBnt5WTU6,inference_categories,dailydilemmas,1,4,0.75,-0.6924249223884483,0.75,-0.604116101907045,0.08830882048140332,0.0
0.05,0.5,0.05,R_59glCvaBnt5WTU6,inference_categories,dailydilemmas,2,4,0.75,-0.6921256744126439,1.0,-0.5912779359244676,0.1008477384881763,0.25
0.05,0.5,0.05,R_59glCvaBnt5WTU6,inference_categories,dailydilemmas,3,4,0.75,-0.6923140677501498,0.75,-0.6194327380947765,0.0728813296553733,0.0
0.05,0.5,0.05,R_59glCvaBnt5WTU6,inference_categories,dailydilemmas,4,4,0.75,-0.6924660984930848,0.75,-0.6471658398545921,0.04530025863849274,0.0
0.05,0.5,0.05,R_1nBL27EvLs0Bkk4,inference_categories,dailydilemmas,0,4,0.5,-0.6925040934732599,0.5,-0.6306341548111954,0.06186993866206447,0.0
0.05,0.5,0.05,R_1nBL27EvLs0Bkk4,inference_categories,dailydilemmas,1,4,0.25,-0.693942222109138,0.75,-0.7708451951369015,-0.0769029730277635,0.5
0.05,0.5,0.05,R_1nBL27EvLs0Bkk4,inference_categories,dailydilemmas,2,4,0.75,-0.6912821629528922,0.75,-0.5934162668829401,0.09786589606995211,0.0
0.05,0.5,0.05,R_1nBL27EvLs0Bkk4,inference_categories,dailydilemmas,3,4,0.5,-0.6924616239598635,0.75,-0.6507560975607658,0.04170552639909775,0.25
0.05,0.5,0.05,R_1nBL27EvLs0Bkk4,inference_categories,dailydilemmas,4,4,1.0,-0.6911718043804796,1.0,-0.5539177475418746,0.13725405683860503,0.0
0.05,0.5,0.05,R_6FsUQnzEYAQwtwa,inference_categories,dailydilemmas,0,4,0.75,-0.6927384253042169,0.75,-0.654371051574507,0.038367373729709886,0.0
0.05,0.5,0.05,R_6FsUQnzEYAQwtwa,inference_categories,dailydilemmas,1,4,0.5,-0.6927163458859349,0.5,-0.6844762943347539,0.008240051551181016,0.0
0.05,0.5,0.05,R_6FsUQnzEYAQwtwa,inference_categories,dailydilemmas,2,4,0.5,-0.6932754640605925,0.75,-0.6719865044994973,0.021288959561095222,0.25
0.05,0.5,0.05,R_6FsUQnzEYAQwtwa,inference_categories,dailydilemmas,3,4,0.75,-0.6926125292192916,0.75,-0.6858634073880151,0.006749121831276517,0.0
0.05,0.5,0.05,R_6FsUQnzEYAQwtwa,inference_categories,dailydilemmas,4,4,0.75,-0.6926171705827615,0.5,-0.6470909356583728,0.045526234924388675,-0.25
0.05,0.5,0.05,R_5pX1jjp1Yu1RSN7,inference_categories,dailydilemmas,0,4,1.0,-0.6916563926178843,1.0,-0.5736556666656829,0.11800072595220135,0.0
0.05,0.5,0.05,R_5pX1jjp1Yu1RSN7,inference_categories,dailydilemmas,1,4,0.75,-0.6913416045752215,0.75,-0.5737697969640513,0.11757180761117025,0.0
0.05,0.5,0.05,R_5pX1jjp1Yu1RSN7,inference_categories,dailydilemmas,2,4,0.75,-0.6917451406050665,0.75,-0.5748704147888941,0.11687472581617242,0.0
0.05,0.5,0.05,R_5pX1jjp1Yu1RSN7,inference_categories,dailydilemmas,3,4,0.75,-0.6915415809271314,0.75,-0.6088204551569255,0.08272112577020585,0.0
0.05,0.5,0.05,R_5pX1jjp1Yu1RSN7,inference_categories,dailydilemmas,4,4,0.25,-0.6954732529707177,0.25,-0.8571237026021359,-0.16165044963141817,0.0
0.05,0.5,0.05,R_5DY1mtPtJpWz8WC,inference_categories,dailydilemmas,0,5,1.0,-0.6901900358599771,1.0,-0.4380369348312268,0.25215310102875027,0.0
0.05,0.5,0.05,R_5DY1mtPtJpWz8WC,inference_categories,dailydilemmas,1,5,0.6,-0.6912324351004475,0.8,-0.545620352677903,0.14561208242254453,0.20000000000000007
0.05,0.5,0.05,R_5DY1mtPtJpWz8WC,inference_categories,dailydilemmas,2,5,0.8,-0.691829432035987,0.8,-0.5869960256247865,0.10483340641120054,0.0
0.05,0.5,0.05,R_5DY1mtPtJpWz8WC,inference_categories,dailydilemmas,3,5,0.6,-0.6903303706504949,0.6,-0.4998755650849246,0.19045480556557026,0.0
0.05,0.5,0.05,R_1PN3SGDWOMibPAh,inference_categories,dailydilemmas,0,4,0.75,-0.6919509454770811,1.0,-0.5883213988673299,0.10362954660975121,0.25
0.05,0.5,0.05,R_1PN3SGDWOMibPAh,inference_categories,dailydilemmas,1,4,0.5,-0.693423134032705,0.5,-0.7513382600787238,-0.057915126046018894,0.0
0.05,0.5,0.05,R_1PN3SGDWOMibPAh,inference_categories,dailydilemmas,2,4,0.5,-0.692956189895669,0.75,-0.6594977356608693,0.03345845423479965,0.25
0.05,0.5,0.05,R_1PN3SGDWOMibPAh,inference_categories,dailydilemmas,3,4,0.5,-0.6922843616630568,0.5,-0.6459089389787132,0.04637542268434369,0.0
0.05,0.5,0.05,R_1PN3SGDWOMibPAh,inference_categories,dailydilemmas,4,4,1.0,-0.6918221546867992,1.0,-0.6071615526552965,0.08466060203150272,0.0
0.05,0.5,0.05,R_3SrBXsc2uYrsSZz,inference_categories,dailydilemmas,0,4,0.5,-0.6921819867098238,0.75,-0.6291254842003353,0.06305650250948847,0.25
0.05,0.5,0.05,R_3SrBXsc2uYrsSZz,inference_categories,dailydilemmas,1,4,0.75,-0.6927603848918005,0.5,-0.7061327837026977,-0.013372398810897246,-0.25
0.05,0.5,0.05,R_3SrBXsc2uYrsSZz,inference_categories,dailydilemmas,2,4,0.5,-0.6928712779217644,0.5,-0.7418503908296259,-0.0489791129078615,0.0
0.05,0.5,0.05,R_3SrBXsc2uYrsSZz,inference_categories,dailydilemmas,3,4,0.75,-0.6917737093762071,0.75,-0.5787859366072515,0.11298777276895555,0.0
0.05,0.5,0.05,R_3SrBXsc2uYrsSZz,inference_categories,dailydilemmas,4,4,1.0,-0.691789791299691,1.0,-0.5890931286328283,0.10269666266686273,0.0
0.05,0.5,0.05,R_7rNeEq8TvAxjqdL,inference_categories,dailydilemmas,0,4,0.75,-0.6911846470944386,0.75,-0.5575494930064334,0.1336351540880052,0.0
0.05,0.5,0.05,R_7rNeEq8TvAxjqdL,inference_categories,dailydilemmas,1,4,0.75,-0.69164818192401,0.75,-0.5623250033427367,0.1293231785812733,0.0
0.05,0.5,0.05,R_7rNeEq8TvAxjqdL,inference_categories,dailydilemmas,2,4,1.0,-0.6907843678215682,1.0,-0.5206750792099399,0.17010928861162822,0.0
0.05,0.5,0.05,R_7rNeEq8TvAxjqdL,inference_categories,dailydilemmas,3,4,0.75,-0.6922579415528716,0.5,-0.6727497453412018,0.01950819621166977,-0.25
0.05,0.5,0.05,R_7rNeEq8TvAxjqdL,inference_categories,dailydilemmas,4,4,0.75,-0.6916794143622071,0.75,-0.5869603397326426,0.10471907462956453,0.0
0.05,0.5,0.05,R_7QAkOtO6FETwKSv,inference_categories,dailydilemmas,0,4,0.5,-0.6935653153634046,0.5,-0.7639924020230162,-0.07042708665961162,0.0
0.05,0.5,0.05,R_7QAkOtO6FETwKSv,inference_categories,dailydilemmas,1,4,0.75,-0.6922413992091314,0.75,-0.6576023596349692,0.034639039574162256,0.0
0.05,0.5,0.05,R_7QAkOtO6FETwKSv,inference_categories,dailydilemmas,2,4,0.5,-0.6929267303893999,0.5,-0.7517677060289426,-0.058840975639542714,0.0
0.05,0.5,0.05,R_7QAkOtO6FETwKSv,inference_categories,dailydilemmas,3,4,1.0,-0.6920532080201354,0.5,-0.7001647859160595,-0.008111577895924094,-0.5
0.05,0.5,0.05,R_7QAkOtO6FETwKSv,inference_categories,dailydilemmas,4,4,0.5,-0.692874388257928,0.5,-0.7110710486739139,-0.018196660415985888,0.0
0.05,0.5,0.05,R_6gCrJV80LvD23XK,choice_only,dailydilemmas,0,4,0.5,-0.693771785100323,0.5,-0.7623043658938501,-0.06853258079352709,0.0
0.05,0.5,0.05,R_6gCrJV80LvD23XK,choice_only,dailydilemmas,1,4,1.0,-0.6920506137011905,1.0,-0.5697211733364957,0.12232944036469473,0.0
0.05,0.5,0.05,R_6gCrJV80LvD23XK,choice_only,dailydilemmas,2,4,0.75,-0.692272194395104,0.75,-0.6406146439800595,0.051657550415044495,0.0
0.05,0.5,0.05,R_6gCrJV80LvD23XK,choice_only,dailydilemmas,3,4,0.25,-0.6935722697383494,0.25,-0.7311366754598347,-0.03756440572148534,0.0
0.05,0.5,0.05,R_6gCrJV80LvD23XK,choice_only,dailydilemmas,4,4,0.5,-0.69288341392352,0.5,-0.6717138202882612,0.021169593635258832,0.0
0.05,0.5,0.05,R_7SrhV7HvgsG1fvA,choice_only,dailydilemmas,0,4,0.5,-0.6919869228690966,0.5,-0.6417624386169318,0.05022448425216475,0.0
0.05,0.5,0.05,R_7SrhV7HvgsG1fvA,choice_only,dailydilemmas,1,4,0.75,-0.6927850648558612,1.0,-0.6622367556811984,0.03054830917466278,0.25
0.05,0.5,0.05,R_7SrhV7HvgsG1fvA,choice_only,dailydilemmas,2,4,0.5,-0.6932548429514276,0.5,-0.7341229189156817,-0.040868075964254125,0.0
0.05,0.5,0.05,R_7SrhV7HvgsG1fvA,choice_only,dailydilemmas,3,4,0.75,-0.6925621208023383,1.0,-0.6488511870437993,0.04371093375853896,0.25
0.05,0.5,0.05,R_7SrhV7HvgsG1fvA,choice_only,dailydilemmas,4,4,0.0,-0.694777709820397,0.0,-0.8150445773756837,-0.1202668675552867,0.0
0.05,0.5,0.05,R_5aLcKnMSH0hrVLH,choice_only,dailydilemmas,0,4,1.0,-0.6923263146045625,1.0,-0.6038746553856295,0.08845165921893305,0.0
0.05,0.5,0.05,R_5aLcKnMSH0hrVLH,choice_only,dailydilemmas,1,4,1.0,-0.691702529524409,0.75,-0.6040561315310526,0.08764639799335638,-0.25
0.05,0.5,0.05,R_5aLcKnMSH0hrVLH,choice_only,dailydilemmas,2,4,0.75,-0.6924378717203983,0.5,-0.636056588269835,0.05638128345056326,-0.25
0.05,0.5,0.05,R_5aLcKnMSH0hrVLH,choice_only,dailydilemmas,3,4,1.0,-0.6922143155928429,1.0,-0.6562703667345263,0.03594394885831653,0.0
0.05,0.5,0.05,R_5aLcKnMSH0hrVLH,choice_only,dailydilemmas,4,4,0.5,-0.6935217086981267,0.5,-0.7644273510255217,-0.07090564232739505,0.0
0.05,0.5,0.05,R_6E6esO9YjIptSgZ,choice_only,dailydilemmas,0,5,0.4,-0.6933243109022651,0.4,-0.7054602416980122,-0.012135930795747152,0.0
0.05,0.5,0.05,R_6E6esO9YjIptSgZ,choice_only,dailydilemmas,1,5,0.4,-0.6935058840958112,0.4,-0.6820935462427143,0.01141233785309681,0.0
0.05,0.5,0.05,R_6E6esO9YjIptSgZ,choice_only,dailydilemmas,2,5,0.4,-0.693025151606699,1.0,-0.6447133923943393,0.04831175921235964,0.6
0.05,0.5,0.05,R_6E6esO9YjIptSgZ,choice_only,dailydilemmas,3,5,0.4,-0.693228696324342,0.4,-0.6870833082646364,0.006145388059705659,0.0
0.05,0.5,0.05,R_1MCxQvFXsgFj9AZ,choice_only,dailydilemmas,0,4,0.0,-0.6941318405634145,0.5,-0.7124398208359541,-0.01830798027253966,0.5
0.05,0.5,0.05,R_1MCxQvFXsgFj9AZ,choice_only,dailydilemmas,1,4,0.75,-0.6930678237544948,0.5,-0.6862570048935281,0.006810818860966683,-0.25
0.05,0.5,0.05,R_1MCxQvFXsgFj9AZ,choice_only,dailydilemmas,2,4,0.25,-0.6935068931572397,0.25,-0.7521454362139278,-0.05863854305668814,0.0
0.05,0.5,0.05,R_1MCxQvFXsgFj9AZ,choice_only,dailydilemmas,3,4,0.25,-0.6936224990050501,0.25,-0.7175711700858988,-0.023948671080848638,0.0
0.05,0.5,0.05,R_1MCxQvFXsgFj9AZ,choice_only,dailydilemmas,4,4,0.75,-0.6930774068097307,0.5,-0.6906203734669647,0.002457033342766035,-0.25
0.05,0.5,0.05,R_3JfmC4gRU1JpbNv,choice_only,dailydilemmas,0,4,0.75,-0.691414093721901,0.75,-0.5835649645602115,0.10784912916168954,0.0
0.05,0.5,0.05,R_3JfmC4gRU1JpbNv,choice_only,dailydilemmas,1,4,1.0,-0.6911231568843574,1.0,-0.5451955575526863,0.1459275993316711,0.0
0.05,0.5,0.05,R_3JfmC4gRU1JpbNv,choice_only,dailydilemmas,2,4,0.5,-0.6937110318112766,0.5,-0.7168610759186562,-0.02315004410737964,0.0
0.05,0.5,0.05,R_3JfmC4gRU1JpbNv,choice_only,dailydilemmas,3,4,0.5,-0.6933484607438867,0.5,-0.6683160778098595,0.02503238293402721,0.0
0.05,0.5,0.05,R_3JfmC4gRU1JpbNv,choice_only,dailydilemmas,4,4,1.0,-0.691460935575063,1.0,-0.5597013328433629,0.13175960273170018,0.0
0.05,0.5,0.05,R_7QGHM1iZnW1jfRx,choice_only,dailydilemmas,0,4,0.5,-0.6933461948959684,0.5,-0.6948283927692911,-0.0014821978733227104,0.0
0.05,0.5,0.05,R_7QGHM1iZnW1jfRx,choice_only,dailydilemmas,1,4,0.5,-0.6933979723363053,0.5,-0.7209386001075477,-0.027540627771242443,0.0
0.05,0.5,0.05,R_7QGHM1iZnW1jfRx,choice_only,dailydilemmas,2,4,0.5,-0.692723397096704,0.25,-0.7037469315006161,-0.011023534403912016,-0.25
0.05,0.5,0.05,R_7QGHM1iZnW1jfRx,choice_only,dailydilemmas,3,4,0.75,-0.693106248193503,0.75,-0.6771035103274408,0.01600273786606221,0.0
0.05,0.5,0.05,R_7QGHM1iZnW1jfRx,choice_only,dailydilemmas,4,4,0.25,-0.6938567634717323,0.25,-0.7315161765973378,-0.0376594131256055,0.0
0.05,0.5,0.05,R_6rBDZvDRiktj92h,choice_only,dailydilemmas,0,4,0.75,-0.6919508583886247,0.5,-0.6576226122615974,0.03432824612702734,-0.25
0.05,0.5,0.05,R_6rBDZvDRiktj92h,choice_only,dailydilemmas,1,4,0.5,-0.6920848654673555,0.5,-0.6340945475415577,0.057990317925797785,0.0
0.05,0.5,0.05,R_6rBDZvDRiktj92h,choice_only,dailydilemmas,2,4,0.75,-0.6926821806338346,0.75,-0.6894457847696365,0.003236395864198105,0.0
0.05,0.5,0.05,R_6rBDZvDRiktj92h,choice_only,dailydilemmas,3,4,0.5,-0.6925047484490472,0.5,-0.6904190397927643,0.002085708656282881,0.0
0.05,0.5,0.05,R_6rBDZvDRiktj92h,choice_only,dailydilemmas,4,4,0.5,-0.6936433799394314,0.5,-0.7484311058612259,-0.05478772592179448,0.0
0.05,0.5,0.05,R_7DZXdu8GHiSZQbw,choice_only,dailydilemmas,0,5,0.8,-0.6915098669160649,0.8,-0.5863664282285799,0.10514343868748499,0.0
0.05,0.5,0.05,R_7DZXdu8GHiSZQbw,choice_only,dailydilemmas,1,5,0.6,-0.690806185488559,0.6,-0.5610037277517576,0.12980245773680144,0.0
0.05,0.5,0.05,R_7DZXdu8GHiSZQbw,choice_only,dailydilemmas,2,5,0.8,-0.6908536245536288,0.8,-0.5441739976727319,0.14667962688089686,0.0
0.05,0.5,0.05,R_7DZXdu8GHiSZQbw,choice_only,dailydilemmas,3,5,0.8,-0.6915137653328134,0.8,-0.6070427638433438,0.08447100148946962,0.0
0.05,0.5,0.05,R_3wNdGb7QZmozWdV,inference_affirm,dailydilemmas,0,4,0.75,-0.6925585495452946,0.5,-0.6762340479526446,0.016324501592649976,-0.25
0.05,0.5,0.05,R_3wNdGb7QZmozWdV,inference_affirm,dailydilemmas,1,4,0.5,-0.692981251064235,0.5,-0.6977872536915807,-0.004806002627345651,0.0
0.05,0.5,0.05,R_3wNdGb7QZmozWdV,inference_affirm,dailydilemmas,2,4,0.25,-0.693020012554981,0.25,-0.7133881237991054,-0.02036811124412441,0.0
0.05,0.5,0.05,R_3wNdGb7QZmozWdV,inference_affirm,dailydilemmas,3,4,1.0,-0.6923061806371242,0.75,-0.6588094910789584,0.03349668955816587,-0.25
0.05,0.5,0.05,R_3wNdGb7QZmozWdV,inference_affirm,dailydilemmas,4,4,0.75,-0.6922461602262034,0.75,-0.6508048433833341,0.041441316842869336,0.0
0.05,0.5,0.05,R_54BDOExpKqNLP7U,choice_only,dailydilemmas,0,5,1.0,-0.690222392201228,1.0,-0.48126444010797814,0.2089579520932499,0.0
0.05,0.5,0.05,R_54BDOExpKqNLP7U,choice_only,dailydilemmas,1,5,0.8,-0.6912457920133276,1.0,-0.5455707397582685,0.14567505225505906,0.19999999999999996
0.05,0.5,0.05,R_54BDOExpKqNLP7U,choice_only,dailydilemmas,2,5,0.6,-0.6923603456842805,0.6,-0.6535029266555555,0.03885741902872497,0.0
0.05,0.5,0.05,R_54BDOExpKqNLP7U,choice_only,dailydilemmas,3,5,0.8,-0.6900271794005838,1.0,-0.45526903526251045,0.23475814413807333,0.19999999999999996
0.05,0.5,0.05,R_7FP7x1oOPEhKFnt,choice_only,dailydilemmas,0,4,1.0,-0.6919280667454282,1.0,-0.56693140574824,0.1249966609971882,0.0
0.05,0.5,0.05,R_7FP7x1oOPEhKFnt,choice_only,dailydilemmas,1,4,0.5,-0.6928210627175507,1.0,-0.6376487734914849,0.055172289226065874,0.5
0.05,0.5,0.05,R_7FP7x1oOPEhKFnt,choice_only,dailydilemmas,2,4,1.0,-0.6925045821357162,0.75,-0.6363857154031342,0.05611886673258204,-0.25
0.05,0.5,0.05,R_7FP7x1oOPEhKFnt,choice_only,dailydilemmas,3,4,0.75,-0.6929586161800017,0.75,-0.6989295939911883,-0.005970977811186606,0.0
0.05,0.5,0.05,R_7FP7x1oOPEhKFnt,choice_only,dailydilemmas,4,4,0.75,-0.6921518574026817,0.5,-0.6311519486558198,0.0609999087468619,-0.25
0.05,0.5,0.05,R_3RlcXTweCHzrYtz,choice_only,dailydilemmas,0,4,0.75,-0.692169622767719,0.75,-0.6155333313118719,0.07663629145584705,0.0
0.05,0.5,0.05,R_3RlcXTweCHzrYtz,choice_only,dailydilemmas,1,4,0.5,-0.6921245155651763,0.5,-0.6342384516509667,0.057886063914209585,0.0
0.05,0.5,0.05,R_3RlcXTweCHzrYtz,choice_only,dailydilemmas,2,4,0.25,-0.6934837659178836,0.5,-0.7216831147169033,-0.02819934879901964,0.25
0.05,0.5,0.05,R_3RlcXTweCHzrYtz,choice_only,dailydilemmas,3,4,0.5,-0.6932357233524356,0.5,-0.7100179709255303,-0.016782247573094766,0.0
0.05,0.5,0.05,R_3RlcXTweCHzrYtz,choice_only,dailydilemmas,4,4,0.75,-0.6924225385240101,0.75,-0.6077533487113486,0.08466918981266158,0.0
0.05,0.5,0.05,R_64MjAxTXtmHjKMx,choice_only,dailydilemmas,0,4,0.5,-0.6926941351033684,0.5,-0.6521466147298527,0.04054752037351572,0.0
0.05,0.5,0.05,R_64MjAxTXtmHjKMx,choice_only,dailydilemmas,1,4,0.25,-0.6940710556215365,0.25,-0.676927110671755,0.017143944949781442,0.0
0.05,0.5,0.05,R_64MjAxTXtmHjKMx,choice_only,dailydilemmas,2,4,0.25,-0.6938039134381895,0.25,-0.792382275499179,-0.09857836206098947,0.0
0.05,0.5,0.05,R_64MjAxTXtmHjKMx,choice_only,dailydilemmas,3,4,0.75,-0.6920861844549647,0.75,-0.5900790089224803,0.1020071755324844,0.0
0.05,0.5,0.05,R_64MjAxTXtmHjKMx,choice_only,dailydilemmas,4,4,1.0,-0.6918386995488164,1.0,-0.5532800152021845,0.13855868434663188,0.0
0.05,0.5,0.05,R_5B7Sbr53fSq1D3z,inference_affirm,dailydilemmas,0,4,1.0,-0.6924009679036246,0.75,-0.6459627606269596,0.04643820727666503,-0.25
0.05,0.5,0.05,R_5B7Sbr53fSq1D3z,inference_affirm,dailydilemmas,1,4,1.0,-0.6914967585051052,0.75,-0.5678517616860612,0.12364499681904395,-0.25
0.05,0.5,0.05,R_5B7Sbr53fSq1D3z,inference_affirm,dailydilemmas,2,4,0.5,-0.6916899171728221,0.5,-0.5981381695615884,0.09355174761123375,0.0
0.05,0.5,0.05,R_5B7Sbr53fSq1D3z,inference_affirm,dailydilemmas,3,4,0.5,-0.6925555829975424,0.5,-0.6426897673115628,0.049865815685979586,0.0
0.05,0.5,0.05,R_5B7Sbr53fSq1D3z,inference_affirm,dailydilemmas,4,4,0.5,-0.6934639971088424,0.25,-0.7102744969510005,-0.0168104998421581,-0.25
0.05,0.5,0.05,R_7fTeTaHgGhgcqkN,inference_affirm,dailydilemmas,0,4,0.75,-0.6918140257887567,0.75,-0.5826937996720823,0.10912022611667438,0.0
0.05,0.5,0.05,R_7fTeTaHgGhgcqkN,inference_affirm,dailydilemmas,1,4,0.75,-0.6912834457678454,1.0,-0.5865927123381045,0.10469073342974089,0.25
0.05,0.5,0.05,R_7fTeTaHgGhgcqkN,inference_affirm,dailydilemmas,2,4,1.0,-0.6919592595083794,1.0,-0.5986310968308771,0.09332816267750232,0.0
0.05,0.5,0.05,R_7fTeTaHgGhgcqkN,inference_affirm,dailydilemmas,3,4,0.5,-0.6923729489017025,0.5,-0.6819785701571494,0.010394378744553179,0.0
0.05,0.5,0.05,R_7fTeTaHgGhgcqkN,inference_affirm,dailydilemmas,4,4,0.75,-0.6914575245591041,0.75,-0.6113166408023684,0.08014088375673578,0.0
0.05,0.5,0.05,R_12tlw5u4cVbNiP1,inference_affirm,dailydilemmas,0,4,0.75,-0.6916294137246326,0.75,-0.5897566558082846,0.10187275791634798,0.0
0.05,0.5,0.05,R_12tlw5u4cVbNiP1,inference_affirm,dailydilemmas,1,4,0.5,-0.6922729032778986,0.5,-0.6310207903403519,0.06125211293754673,0.0
0.05,0.5,0.05,R_12tlw5u4cVbNiP1,inference_affirm,dailydilemmas,2,4,1.0,-0.6913990748711327,1.0,-0.5567253126534688,0.13467376221766392,0.0
0.05,0.5,0.05,R_12tlw5u4cVbNiP1,inference_affirm,dailydilemmas,3,4,0.75,-0.6917636640252386,0.75,-0.5769509140175203,0.11481275000771829,0.0
0.05,0.5,0.05,R_12tlw5u4cVbNiP1,inference_affirm,dailydilemmas,4,4,0.75,-0.6918227014195795,1.0,-0.5997250013109775,0.09209770010860197,0.25
0.05,0.5,0.1,R_5EfMjMbx1z8Kvhl,inference_categories,dailydilemmas,0,4,0.75,-0.6923275991814979,0.75,-0.655759860887553,0.036567738293944885,0.0
0.05,0.5,0.1,R_5EfMjMbx1z8Kvhl,inference_categories,dailydilemmas,1,4,0.5,-0.692107728588651,0.75,-0.6297019299031916,0.06240579868545937,0.25
0.05,0.5,0.1,R_5EfMjMbx1z8Kvhl,inference_categories,dailydilemmas,2,4,0.5,-0.6930055898490717,0.5,-0.6728894362259779,0.020116153623093824,0.0
0.05,0.5,0.1,R_5EfMjMbx1z8Kvhl,inference_categories,dailydilemmas,3,4,0.75,-0.6921698893625947,1.0,-0.5981089203822386,0.0940609689803561,0.25
0.05,0.5,0.1,R_5EfMjMbx1z8Kvhl,inference_categories,dailydilemmas,4,4,0.5,-0.6916124977152831,0.75,-0.5826887451713976,0.10892375254388553,0.25
0.05,0.5,0.1,R_56aT1YjmRtKACUH,inference_categories,dailydilemmas,0,4,0.75,-0.6928161057074206,0.75,-0.6654274972968355,0.027388608410585102,0.0
0.05,0.5,0.1,R_56aT1YjmRtKACUH,inference_categories,dailydilemmas,1,4,0.25,-0.6937101957354634,0.5,-0.7398074339356285,-0.04609723820016509,0.25
0.05,0.5,0.1,R_56aT1YjmRtKACUH,inference_categories,dailydilemmas,2,4,0.75,-0.6924772749383264,0.75,-0.6562804254858067,0.036196849452519775,0.0
0.05,0.5,0.1,R_56aT1YjmRtKACUH,inference_categories,dailydilemmas,3,4,0.75,-0.692553249130433,0.75,-0.6600902726712587,0.032462976459174286,0.0
0.05,0.5,0.1,R_56aT1YjmRtKACUH,inference_categories,dailydilemmas,4,4,0.5,-0.6927715965415814,0.5,-0.6915347489160287,0.0012368476255526506,0.0
0.05,0.5,0.1,R_3HS2lsaEfcZSuXu,inference_categories,dailydilemmas,0,4,1.0,-0.6922145708976619,0.75,-0.606918594987067,0.0852959759105949,-0.25
0.05,0.5,0.1,R_3HS2lsaEfcZSuXu,inference_categories,dailydilemmas,1,4,0.5,-0.6935194048429342,0.5,-0.7617429381729132,-0.06822353332997899,0.0
0.05,0.5,0.1,R_3HS2lsaEfcZSuXu,inference_categories,dailydilemmas,2,4,0.5,-0.6928434999593708,0.5,-0.6999007822359878,-0.007057282276617061,0.0
0.05,0.5,0.1,R_3HS2lsaEfcZSuXu,inference_categories,dailydilemmas,3,4,0.5,-0.6925147737062834,0.75,-0.6200918665983481,0.07242290710793531,0.25
0.05,0.5,0.1,R_3HS2lsaEfcZSuXu,inference_categories,dailydilemmas,4,4,0.75,-0.6922641213528324,0.75,-0.6076359557276532,0.08462816562517927,0.0
0.05,0.5,0.1,R_6HoVfVJSFl7IrlL,inference_categories,dailydilemmas,0,4,0.75,-0.6928992813204569,0.5,-0.6871144437703052,0.005784837550151689,-0.25
0.05,0.5,0.1,R_6HoVfVJSFl7IrlL,inference_categories,dailydilemmas,1,4,0.75,-0.692487035620315,0.75,-0.6033520082252528,0.08913502739506218,0.0
0.05,0.5,0.1,R_6HoVfVJSFl7IrlL,inference_categories,dailydilemmas,2,4,0.25,-0.6934830207785968,0.5,-0.733528012688773,-0.040044991910176186,0.25
0.05,0.5,0.1,R_6HoVfVJSFl7IrlL,inference_categories,dailydilemmas,3,4,0.75,-0.6924371284265671,1.0,-0.6285695885499549,0.0638675398766122,0.25
0.05,0.5,0.1,R_6HoVfVJSFl7IrlL,inference_categories,dailydilemmas,4,4,0.75,-0.691991702915315,0.75,-0.6068018716836563,0.08518983123165869,0.0
0.05,0.5,0.1,R_5Q5TZ5csoblHSvA,inference_categories,dailydilemmas,0,4,0.5,-0.6932046971065635,0.25,-0.7405029852425387,-0.04729828813597514,-0.25
0.05,0.5,0.1,R_5Q5TZ5csoblHSvA,inference_categories,dailydilemmas,1,4,0.75,-0.6933010362528886,0.5,-0.684363069837667,0.008937966415221599,-0.25
0.05,0.5,0.1,R_5Q5TZ5csoblHSvA,inference_categories,dailydilemmas,2,4,0.5,-0.6925393726246563,0.75,-0.667856402173033,0.024682970451623265,0.25
0.05,0.5,0.1,R_5Q5TZ5csoblHSvA,inference_categories,dailydilemmas,3,4,0.25,-0.693672157233209,0.25,-0.716783983215813,-0.023111825982604084,0.0
0.05,0.5,0.1,R_5Q5TZ5csoblHSvA,inference_categories,dailydilemmas,4,4,0.5,-0.6927479762012052,0.5,-0.6719259837420399,0.020821992459165273,0.0
0.05,0.5,0.1,R_18H831wJaDlPwgg,inference_categories,dailydilemmas,0,4,0.5,-0.6916147042699178,0.5,-0.6621007804120443,0.029513923857873436,0.0
0.05,0.5,0.1,R_18H831wJaDlPwgg,inference_categories,dailydilemmas,1,4,1.0,-0.6899870586634695,1.0,-0.5391717561620297,0.15081530250143982,0.0
0.05,0.5,0.1,R_18H831wJaDlPwgg,inference_categories,dailydilemmas,2,4,0.25,-0.6917238616310285,0.75,-0.591413350615371,0.10031051101565747,0.5
0.05,0.5,0.1,R_18H831wJaDlPwgg,inference_categories,dailydilemmas,3,4,1.0,-0.6891156439819446,1.0,-0.46345912064622885,0.22565652333571573,0.0
0.05,0.5,0.1,R_18H831wJaDlPwgg,inference_categories,dailydilemmas,4,4,0.75,-0.6902118746874193,1.0,-0.5007561369121716,0.1894557377752477,0.25
0.05,0.5,0.1,R_12mMAseFwoOpgqC,inference_categories,dailydilemmas,0,4,0.75,-0.6923560192102111,0.5,-0.640164016938612,0.052192002271599036,-0.25
0.05,0.5,0.1,R_12mMAseFwoOpgqC,inference_categories,dailydilemmas,1,4,0.5,-0.692708683905009,0.5,-0.6453536458418645,0.04735503806314445,0.0
0.05,0.5,0.1,R_12mMAseFwoOpgqC,inference_categories,dailydilemmas,2,4,0.5,-0.6938594465566419,0.5,-0.7254088499852951,-0.0315494034286532,0.0
0.05,0.5,0.1,R_12mMAseFwoOpgqC,inference_categories,dailydilemmas,3,4,0.25,-0.693157141606494,0.5,-0.6884012919820581,0.0047558496244358706,0.25
0.05,0.5,0.1,R_12mMAseFwoOpgqC,inference_categories,dailydilemmas,4,4,0.75,-0.6923894076906529,0.5,-0.6341440537129571,0.05824535397769581,-0.25
0.05,0.5,0.1,R_7ojvA7NDI10RoKR,inference_categories,dailydilemmas,0,5,0.6,-0.6920068818772697,0.6,-0.6193326107226814,0.07267427115458824,0.0
0.05,0.5,0.1,R_7ojvA7NDI10RoKR,inference_categories,dailydilemmas,1,5,0.8,-0.6917348847637751,0.8,-0.5874583997330063,0.1042764850307688,0.0
0.05,0.5,0.1,R_7ojvA7NDI10RoKR,inference_categories,dailydilemmas,2,5,0.8,-0.6916545545853191,0.8,-0.6158458269209771,0.07580872766434199,0.0
0.05,0.5,0.1,R_7ojvA7NDI10RoKR,inference_categories,dailydilemmas,3,5,1.0,-0.6917046586626592,1.0,-0.5562443087456554,0.13546034991700373,0.0
0.05,0.5,0.1,R_5gbXjT8uFYXCo7E,inference_categories,dailydilemmas,0,4,0.25,-0.694026868559669,0.25,-0.7851590049644532,-0.09113213640478424,0.0
0.05,0.5,0.1,R_5gbXjT8uFYXCo7E,inference_categories,dailydilemmas,1,4,0.5,-0.6930937564136729,0.5,-0.7025621142147802,-0.00946835780110733,0.0
0.05,0.5,0.1,R_5gbXjT8uFYXCo7E,inference_categories,dailydilemmas,2,4,0.5,-0.6928904338246693,0.75,-0.6730415925890548,0.01984884123561448,0.25
0.05,0.5,0.1,R_5gbXjT8uFYXCo7E,inference_categories,dailydilemmas,3,4,0.75,-0.6928488703434292,0.75,-0.6635244599942306,0.029324410349198637,0.0
0.05,0.5,0.1,R_5gbXjT8uFYXCo7E,inference_categories,dailydilemmas,4,4,0.75,-0.6923363356652761,0.75,-0.6761664019755012,0.01616993368977493,0.0
0.05,0.5,0.1,R_7f9o7q4AZOoP4ot,inference_categories,dailydilemmas,0,4,0.5,-0.6928590408729023,0.5,-0.6964103228039342,-0.0035512819310319355,0.0
0.05,0.5,0.1,R_7f9o7q4AZOoP4ot,inference_categories,dailydilemmas,1,4,0.25,-0.6940582712554482,0.25,-0.7630204030460422,-0.06896213179059407,0.0
0.05,0.5,0.1,R_7f9o7q4AZOoP4ot,inference_categories,dailydilemmas,2,4,0.25,-0.6938234561373877,0.0,-0.7325524893857815,-0.03872903324839383,-0.25
0.05,0.5,0.1,R_7f9o7q4AZOoP4ot,inference_categories,dailydilemmas,3,4,0.5,-0.6930868562810306,0.25,-0.7360365177856936,-0.04294966150466295,-0.25
0.05,0.5,0.1,R_7f9o7q4AZOoP4ot,inference_categories,dailydilemmas,4,4,0.25,-0.6937483224132927,0.25,-0.7795107471270842,-0.08576242471379159,0.0
0.05,0.5,0.1,R_1WHYlcDjJDcnUfD,inference_categories,dailydilemmas,0,4,0.25,-0.6936107817399355,0.5,-0.7098409473048829,-0.016230165564947385,0.25
0.05,0.5,0.1,R_1WHYlcDjJDcnUfD,inference_categories,dailydilemmas,1,4,0.75,-0.6927597897553112,0.75,-0.673284590318823,0.019475199436488122,0.0
0.05,0.5,0.1,R_1WHYlcDjJDcnUfD,inference_categories,dailydilemmas,2,4,0.5,-0.692882790314926,0.75,-0.684345602996386,0.008537187318539918,0.25
0.05,0.5,0.1,R_1WHYlcDjJDcnUfD,inference_categories,dailydilemmas,3,4,0.5,-0.6933126230141359,0.25,-0.7393367371044081,-0.046024114090272183,-0.25
0.05,0.5,0.1,R_1WHYlcDjJDcnUfD,inference_categories,dailydilemmas,4,4,0.5,-0.6933165620073277,0.75,-0.6970702953918751,-0.0037537333845474308,0.25
0.05,0.5,0.1,R_6Q0gBjey6IdfZpf,inference_categories,dailydilemmas,0,4,0.75,-0.6921669564928575,0.75,-0.6113828294979036,0.08078412699495396,0.0
0.05,0.5,0.1,R_6Q0gBjey6IdfZpf,inference_categories,dailydilemmas,1,4,1.0,-0.6919515344248186,1.0,-0.6034262095111879,0.08852532491363074,0.0
0.05,0.5,0.1,R_6Q0gBjey6IdfZpf,inference_categories,dailydilemmas,2,4,0.75,-0.6922742370254034,0.75,-0.6097579278583899,0.08251630916701347,0.0
0.05,0.5,0.1,R_6Q0gBjey6IdfZpf,inference_categories,dailydilemmas,3,4,0.75,-0.6922809472749593,0.5,-0.6395485409864166,0.0527324062885427,-0.25
0.05,0.5,0.1,R_6Q0gBjey6IdfZpf,inference_categories,dailydilemmas,4,4,0.5,-0.6923239171830518,0.5,-0.6051355951791093,0.08718832200394244,0.0
0.05,0.5,0.1,R_1wzohnjOPhN82Wd,inference_categories,dailydilemmas,0,4,0.75,-0.6912657817430935,0.75,-0.6193149796268884,0.07195080211620508,0.0
0.05,0.5,0.1,R_1wzohnjOPhN82Wd,inference_categories,dailydilemmas,1,4,0.75,-0.6910091198303364,0.75,-0.6014932235003468,0.08951589632998957,0.0
0.05,0.5,0.1,R_1wzohnjOPhN82Wd,inference_categories,dailydilemmas,2,4,0.75,-0.6916135310151922,0.75,-0.577039007368807,0.1145745236463852,0.0
0.05,0.5,0.1,R_1wzohnjOPhN82Wd,inference_categories,dailydilemmas,3,4,0.75,-0.6912827721934094,1.0,-0.5915452172150226,0.09973755497838677,0.25
0.05,0.5,0.1,R_1wzohnjOPhN82Wd,inference_categories,dailydilemmas,4,4,0.25,-0.6945114868894781,0.25,-0.7685140937972553,-0.07400260690777727,0.0
0.05,0.5,0.1,R_70kbQcqJL4Tkq6B,inference_categories,dailydilemmas,0,4,0.5,-0.693099326816225,0.5,-0.7471053865863243,-0.05400605977009931,0.0
0.05,0.5,0.1,R_70kbQcqJL4Tkq6B,inference_categories,dailydilemmas,1,4,0.5,-0.6935456776381743,0.5,-0.7144646181852322,-0.020918940547057896,0.0
0.05,0.5,0.1,R_70kbQcqJL4Tkq6B,inference_categories,dailydilemmas,2,4,1.0,-0.6903881142268726,1.0,-0.5851421710545528,0.10524594317231983,0.0
0.05,0.5,0.1,R_70kbQcqJL4Tkq6B,inference_categories,dailydilemmas,3,4,0.75,-0.6910186881848221,0.75,-0.6270243043073587,0.06399438387746348,0.0
0.05,0.5,0.1,R_70kbQcqJL4Tkq6B,inference_categories,dailydilemmas,4,4,0.75,-0.6910584094419714,1.0,-0.5799036266661656,0.11115478277580582,0.25
0.05,0.5,0.1,R_6rftRMhNP0o6boD,inference_categories,dailydilemmas,0,4,0.25,-0.6927920742765155,0.25,-0.6793189982747041,0.013473076001811357,0.0
0.05,0.5,0.1,R_6rftRMhNP0o6boD,inference_categories,dailydilemmas,1,4,0.5,-0.6924913932327733,0.5,-0.6802072848669063,0.01228410836586702,0.0
0.05,0.5,0.1,R_6rftRMhNP0o6boD,inference_categories,dailydilemmas,2,4,0.75,-0.6930215747126403,0.5,-0.7332054912582873,-0.040183916545647014,-0.25
0.05,0.5,0.1,R_6rftRMhNP0o6boD,inference_categories,dailydilemmas,3,4,0.75,-0.6913539511353748,0.75,-0.6170635510384719,0.07429040009690291,0.0
0.05,0.5,0.1,R_6rftRMhNP0o6boD,inference_categories,dailydilemmas,4,4,1.0,-0.6911317756524363,1.0,-0.6229184896699751,0.06821328598246124,0.0
0.05,0.5,0.1,R_6jv2PrGBJcO4of6,inference_categories,dailydilemmas,0,4,1.0,-0.6913708595536875,1.0,-0.5218244865189112,0.16954637303477627,0.0
0.05,0.5,0.1,R_6jv2PrGBJcO4of6,inference_categories,dailydilemmas,1,4,0.75,-0.6912995160513344,1.0,-0.589402635797039,0.10189688025429544,0.25
0.05,0.5,0.1,R_6jv2PrGBJcO4of6,inference_categories,dailydilemmas,2,4,0.5,-0.6926591280607736,0.5,-0.6748656434082142,0.017793484652559366,0.0
0.05,0.5,0.1,R_6jv2PrGBJcO4of6,inference_categories,dailydilemmas,3,4,0.75,-0.6920955861097676,0.75,-0.619494530745894,0.07260105536387362,0.0
0.05,0.5,0.1,R_6jv2PrGBJcO4of6,inference_categories,dailydilemmas,4,4,0.5,-0.6944162521312823,0.5,-0.8199579280701156,-0.12554167593883325,0.0
0.05,0.5,0.1,R_1dHqTtKKq3yQvmX,inference_categories,dailydilemmas,0,4,0.75,-0.6901793664806752,0.75,-0.5427839631172109,0.14739540336346435,0.0
0.05,0.5,0.1,R_1dHqTtKKq3yQvmX,inference_categories,dailydilemmas,1,4,0.5,-0.6905398035230048,0.5,-0.5902921482489708,0.10024765527403401,0.0
0.05,0.5,0.1,R_1dHqTtKKq3yQvmX,inference_categories,dailydilemmas,2,4,0.75,-0.6916850396000928,0.75,-0.5988219394517383,0.09286310014835442,0.0
0.05,0.5,0.1,R_1dHqTtKKq3yQvmX,inference_categories,dailydilemmas,3,4,0.75,-0.6917166981820564,0.75,-0.6390455724776118,0.052671125704444544,0.0
0.05,0.5,0.1,R_1dHqTtKKq3yQvmX,inference_categories,dailydilemmas,4,4,0.75,-0.6905830384527758,0.75,-0.525217182917168,0.1653658555356078,0.0
0.05,0.5,0.1,R_1P81VK8fH860C4V,inference_categories,dailydilemmas,0,4,1.0,-0.6920433577900249,1.0,-0.5976834988536303,0.09435985893639465,0.0
0.05,0.5,0.1,R_1P81VK8fH860C4V,inference_categories,dailydilemmas,1,4,1.0,-0.6919164570325738,1.0,-0.5132021354126456,0.17871432161992817,0.0
0.05,0.5,0.1,R_1P81VK8fH860C4V,inference_categories,dailydilemmas,2,4,0.75,-0.6928577825296892,0.75,-0.6096959617446749,0.08316182078501433,0.0
0.05,0.5,0.1,R_1P81VK8fH860C4V,inference_categories,dailydilemmas,3,4,0.25,-0.6932254130917721,0.5,-0.6910531350590792,0.0021722780326929314,0.25
0.05,0.5,0.1,R_1P81VK8fH860C4V,inference_categories,dailydilemmas,4,4,1.0,-0.6913179800919581,1.0,-0.5225784239814991,0.168739556110459,0.0
0.05,0.5,0.1,R_7go085j249AymBb,inference_categories,dailydilemmas,0,4,0.5,-0.6920457681275483,0.5,-0.6174212922997373,0.07462447582781095,0.0
0.05,0.5,0.1,R_7go085j249AymBb,inference_categories,dailydilemmas,1,4,0.75,-0.6918687893093179,0.75,-0.593035454220019,0.09883333508929892,0.0
0.05,0.5,0.1,R_7go085j249AymBb,inference_categories,dailydilemmas,2,4,0.75,-0.6916919699910548,1.0,-0.572862008720922,0.11882996127013279,0.25
0.05,0.5,0.1,R_7go085j249AymBb,inference_categories,dailydilemmas,3,4,0.75,-0.6921476975615788,0.75,-0.6136770240796,0.07847067348197878,0.0
0.05,0.5,0.1,R_7go085j249AymBb,inference_categories,dailydilemmas,4,4,0.5,-0.6933859969559947,0.5,-0.7193232804593126,-0.02593728350331792,0.0
0.05,0.5,0.1,R_6xzSCFMWRhzZIRg,inference_categories,dailydilemmas,0,4,0.25,-0.6927821561848767,0.25,-0.67287876820369,0.019903387981186738,0.0
0.05,0.5,0.1,R_6xzSCFMWRhzZIRg,inference_categories,dailydilemmas,1,4,0.75,-0.6925641341245401,0.75,-0.6457601494949077,0.04680398462963242,0.0
0.05,0.5,0.1,R_6xzSCFMWRhzZIRg,inference_categories,dailydilemmas,2,4,0.75,-0.6928042560852457,0.75,-0.6478854047432876,0.044918851341958055,0.0
0.05,0.5,0.1,R_6xzSCFMWRhzZIRg,inference_categories,dailydilemmas,3,4,1.0,-0.6921312027011314,1.0,-0.5963041926230854,0.09582701007804595,0.0
0.05,0.5,0.1,R_6xzSCFMWRhzZIRg,inference_categories,dailydilemmas,4,4,0.75,-0.6925934243944709,0.75,-0.6568479980580232,0.03574542633644773,0.0
0.05,0.5,0.1,R_5EychZPB1u00qZH,inference_categories,dailydilemmas,0,4,1.0,-0.6915691978027982,0.75,-0.5490258689373629,0.1425433288654353,-0.25
0.05,0.5,0.1,R_5EychZPB1u00qZH,inference_categories,dailydilemmas,1,4,0.5,-0.6922579912654148,0.5,-0.6338689218663245,0.058389069399090276,0.0
0.05,0.5,0.1,R_5EychZPB1u00qZH,inference_categories,dailydilemmas,2,4,1.0,-0.6920351292436367,1.0,-0.5846818080466817,0.10735332119695506,0.0
0.05,0.5,0.1,R_5EychZPB1u00qZH,inference_categories,dailydilemmas,3,4,1.0,-0.6918581079995139,0.75,-0.5544452147064715,0.1374128932930424,-0.25
0.05,0.5,0.1,R_5EychZPB1u00qZH,inference_categories,dailydilemmas,4,4,0.25,-0.693113923592781,0.25,-0.7400729394905584,-0.0469590158977774,0.0
0.05,0.5,0.1,R_59glCvaBnt5WTU6,inference_categories,dailydilemmas,0,4,0.5,-0.6934585289871318,0.5,-0.7082481087505375,-0.01478957976340567,0.0
0.05,0.5,0.1,R_59glCvaBnt5WTU6,inference_categories,dailydilemmas,1,4,0.75,-0.6924249223884483,0.75,-0.6030703226199771,0.08935459976847127,0.0
0.05,0.5,0.1,R_59glCvaBnt5WTU6,inference_categories,dailydilemmas,2,4,0.75,-0.6921256744126439,1.0,-0.5922490306602661,0.09987664375237781,0.25
0.05,0.5,0.1,R_59glCvaBnt5WTU6,inference_categories,dailydilemmas,3,4,0.75,-0.6923140677501498,0.75,-0.6197854062231142,0.07252866152703563,0.0
0.05,0.5,0.1,R_59glCvaBnt5WTU6,inference_categories,dailydilemmas,4,4,0.75,-0.6924660984930848,0.75,-0.6492036711556699,0.04326242733741492,0.0
0.05,0.5,0.1,R_1nBL27EvLs0Bkk4,inference_categories,dailydilemmas,0,4,0.5,-0.6925040934732599,0.5,-0.6303333465178123,0.062170746955447664,0.0
0.05,0.5,0.1,R_1nBL27EvLs0Bkk4,inference_categories,dailydilemmas,1,4,0.25,-0.693942222109138,0.75,-0.7703665083088576,-0.07642428619971953,0.5
0.05,0.5,0.1,R_1nBL27EvLs0Bkk4,inference_categories,dailydilemmas,2,4,0.75,-0.6912821629528922,0.75,-0.5940834162626755,0.09719874669021678,0.0
0.05,0.5,0.1,R_1nBL27EvLs0Bkk4,inference_categories,dailydilemmas,3,4,0.5,-0.6924616239598635,0.75,-0.6505799920697225,0.04188163189014105,0.25
0.05,0.5,0.1,R_1nBL27EvLs0Bkk4,inference_categories,dailydilemmas,4,4,1.0,-0.6911718043804796,1.0,-0.556698600626058,0.13447320375442162,0.0
0.05,0.5,0.1,R_6FsUQnzEYAQwtwa,inference_categories,dailydilemmas,0,4,0.75,-0.6927384253042169,0.75,-0.6551763543344842,0.03756207096973274,0.0
0.05,0.5,0.1,R_6FsUQnzEYAQwtwa,inference_categories,dailydilemmas,1,4,0.5,-0.6927163458859349,0.5,-0.6847901910880461,0.00792615479788883,0.0
0.05,0.5,0.1,R_6FsUQnzEYAQwtwa,inference_categories,dailydilemmas,2,4,0.5,-0.6932754640605925,0.75,-0.6715395879304614,0.02173587613013106,0.25
0.05,0.5,0.1,R_6FsUQnzEYAQwtwa,inference_categories,dailydilemmas,3,4,0.75,-0.6926125292192916,0.75,-0.6892284598646043,0.003384069354687269,0.0
0.05,0.5,0.1,R_6FsUQnzEYAQwtwa,inference_categories,dailydilemmas,4,4,0.75,-0.6926171705827615,0.5,-0.649215082585012,0.04340208799774947,-0.25
0.05,0.5,0.1,R_5pX1jjp1Yu1RSN7,inference_categories,dailydilemmas,0,4,1.0,-0.6916563926178843,1.0,-0.5726917102213138,0.11896468239657043,0.0
0.05,0.5,0.1,R_5pX1jjp1Yu1RSN7,inference_categories,dailydilemmas,1,4,0.75,-0.6913416045752215,0.75,-0.5743563732228176,0.1169852313524039,0.0
0.05,0.5,0.1,R_5pX1jjp1Yu1RSN7,inference_categories,dailydilemmas,2,4,0.75,-0.6917451406050665,0.75,-0.5746013879820171,0.11714375262304944,0.0
0.05,0.5,0.1,R_5pX1jjp1Yu1RSN7,inference_categories,dailydilemmas,3,4,0.75,-0.6915415809271314,0.75,-0.6099728398935635,0.08156874103356782,0.0
0.05,0.5,0.1,R_5pX1jjp1Yu1RSN7,inference_categories,dailydilemmas,4,4,0.25,-0.6954732529707177,0.25,-0.8572868788862636,-0.16181362591554593,0.0
0.05,0.5,0.1,R_5DY1mtPtJpWz8WC,inference_categories,dailydilemmas,0,5,1.0,-0.6901900358599771,1.0,-0.43848190459290315,0.2517081312670739,0.0
0.05,0.5,0.1,R_5DY1mtPtJpWz8WC,inference_categories,dailydilemmas,1,5,0.6,-0.6912324351004475,0.8,-0.5454178457976303,0.1458145893028172,0.20000000000000007
0.05,0.5,0.1,R_5DY1mtPtJpWz8WC,inference_categories,dailydilemmas,2,5,0.8,-0.691829432035987,0.8,-0.5869675968319903,0.10486183520399672,0.0
0.05,0.5,0.1,R_5DY1mtPtJpWz8WC,inference_categories,dailydilemmas,3,5,0.6,-0.6903303706504949,0.6,-0.49939205164563305,0.1909383190048618,0.0
0.05,0.5,0.1,R_1PN3SGDWOMibPAh,inference_categories,dailydilemmas,0,4,0.75,-0.6919509454770811,1.0,-0.5876182587714691,0.10433268670561202,0.25
0.05,0.5,0.1,R_1PN3SGDWOMibPAh,inference_categories,dailydilemmas,1,4,0.5,-0.693423134032705,0.5,-0.7514360739348068,-0.05801293990210188,0.0
0.05,0.5,0.1,R_1PN3SGDWOMibPAh,inference_categories,dailydilemmas,2,4,0.5,-0.692956189895669,0.75,-0.6588315125991282,0.034124677296540784,0.25
0.05,0.5,0.1,R_1PN3SGDWOMibPAh,inference_categories,dailydilemmas,3,4,0.5,-0.6922843616630568,0.5,-0.6451706491211817,0.04711371254187513,0.0
0.05,0.5,0.1,R_1PN3SGDWOMibPAh,inference_categories,dailydilemmas,4,4,1.0,-0.6918221546867992,1.0,-0.6072662641865976,0.08455589050020162,0.0
0.05,0.5,0.1,R_3SrBXsc2uYrsSZz,inference_categories,dailydilemmas,0,4,0.5,-0.6921819867098238,0.75,-0.6292455755054117,0.06293641120441207,0.25
0.05,0.5,0.1,R_3SrBXsc2uYrsSZz,inference_categories,dailydilemmas,1,4,0.75,-0.6927603848918005,0.5,-0.7055378503008826,-0.01277746540908209,-0.25
0.05,0.5,0.1,R_3SrBXsc2uYrsSZz,inference_categories,dailydilemmas,2,4,0.5,-0.6928712779217644,0.5,-0.7403481474170647,-0.04747686949530028,0.0
0.05,0.5,0.1,R_3SrBXsc2uYrsSZz,inference_categories,dailydilemmas,3,4,0.75,-0.6917737093762071,0.75,-0.5804794966265922,0.11129421274961493,0.0
0.05,0.5,0.1,R_3SrBXsc2uYrsSZz,inference_categories,dailydilemmas,4,4,1.0,-0.691789791299691,1.0,-0.588225935724566,0.10356385557512493,0.0
0.05,0.5,0.1,R_7rNeEq8TvAxjqdL,inference_categories,dailydilemmas,0,4,0.75,-0.6911846470944386,0.75,-0.5555148486012046,0.13566979849323402,0.0
0.05,0.5,0.1,R_7rNeEq8TvAxjqdL,inference_categories,dailydilemmas,1,4,0.75,-0.69164818192401,0.75,-0.564627138034334,0.12702104388967606,0.0
0.05,0.5,0.1,R_7rNeEq8TvAxjqdL,inference_categories,dailydilemmas,2,4,1.0,-0.6907843678215682,1.0,-0.5210700057304459,0.16971436209112223,0.0
0.05,0.5,0.1,R_7rNeEq8TvAxjqdL,inference_categories,dailydilemmas,3,4,0.75,-0.6922579415528716,0.5,-0.6739909607844928,0.018266980768378738,-0.25
0.05,0.5,0.1,R_7rNeEq8TvAxjqdL,inference_categories,dailydilemmas,4,4,0.75,-0.6916794143622071,0.75,-0.5864540460233895,0.10522536833881768,0.0
0.05,0.5,0.1,R_7QAkOtO6FETwKSv,inference_categories,dailydilemmas,0,4,0.5,-0.6935653153634046,0.5,-0.7629071984298164,-0.06934188306641176,0.0
0.05,0.5,0.1,R_7QAkOtO6FETwKSv,inference_categories,dailydilemmas,1,4,0.75,-0.6922413992091314,0.75,-0.6571881787100821,0.03505322049904935,0.0
0.05,0.5,0.1,R_7QAkOtO6FETwKSv,inference_categories,dailydilemmas,2,4,0.5,-0.6929267303893999,0.5,-0.752039275467148,-0.0591125450777481,0.0
0.05,0.5,0.1,R_7QAkOtO6FETwKSv,inference_categories,dailydilemmas,3,4,1.0,-0.6920532080201354,0.5,-0.7011477992693775,-0.009094591249242168,-0.5
0.05,0.5,0.1,R_7QAkOtO6FETwKSv,inference_categories,dailydilemmas,4,4,0.5,-0.692874388257928,0.5,-0.710016187961662,-0.017141799703733973,0.0
0.05,0.5,0.1,R_6gCrJV80LvD23XK,choice_only,dailydilemmas,0,4,0.5,-0.693771785100323,0.5,-0.7623043658938501,-0.06853258079352709,0.0
0.05,0.5,0.1,R_6gCrJV80LvD23XK,choice_only,dailydilemmas,1,4,1.0,-0.6920506137011905,1.0,-0.5697211733364957,0.12232944036469473,0.0
0.05,0.5,0.1,R_6gCrJV80LvD23XK,choice_only,dailydilemmas,2,4,0.75,-0.692272194395104,0.75,-0.6406146439800595,0.051657550415044495,0.0
0.05,0.5,0.1,R_6gCrJV80LvD23XK,choice_only,dailydilemmas,3,4,0.25,-0.6935722697383494,0.25,-0.7311366754598347,-0.03756440572148534,0.0
0.05,0.5,0.1,R_6gCrJV80LvD23XK,choice_only,dailydilemmas,4,4,0.5,-0.69288341392352,0.5,-0.6717138202882612,0.021169593635258832,0.0
0.05,0.5,0.1,R_7SrhV7HvgsG1fvA,choice_only,dailydilemmas,0,4,0.5,-0.6919869228690966,0.5,-0.6417624386169318,0.05022448425216475,0.0
0.05,0.5,0.1,R_7SrhV7HvgsG1fvA,choice_only,dailydilemmas,1,4,0.75,-0.6927850648558612,1.0,-0.6622367556811984,0.03054830917466278,0.25
0.05,0.5,0.1,R_7SrhV7HvgsG1fvA,choice_only,dailydilemmas,2,4,0.5,-0.6932548429514276,0.5,-0.7341229189156817,-0.040868075964254125,0.0
0.05,0.5,0.1,R_7SrhV7HvgsG1fvA,choice_only,dailydilemmas,3,4,0.75,-0.6925621208023383,1.0,-0.6488511870437993,0.04371093375853896,0.25
0.05,0.5,0.1,R_7SrhV7HvgsG1fvA,choice_only,dailydilemmas,4,4,0.0,-0.694777709820397,0.0,-0.8150445773756837,-0.1202668675552867,0.0
0.05,0.5,0.1,R_5aLcKnMSH0hrVLH,choice_only,dailydilemmas,0,4,1.0,-0.6923263146045625,1.0,-0.6038746553856295,0.08845165921893305,0.0
0.05,0.5,0.1,R_5aLcKnMSH0hrVLH,choice_only,dailydilemmas,1,4,1.0,-0.691702529524409,0.75,-0.6040561315310526,0.08764639799335638,-0.25
0.05,0.5,0.1,R_5aLcKnMSH0hrVLH,choice_only,dailydilemmas,2,4,0.75,-0.6924378717203983,0.5,-0.636056588269835,0.05638128345056326,-0.25
0.05,0.5,0.1,R_5aLcKnMSH0hrVLH,choice_only,dailydilemmas,3,4,1.0,-0.6922143155928429,1.0,-0.6562703667345263,0.03594394885831653,0.0
0.05,0.5,0.1,R_5aLcKnMSH0hrVLH,choice_only,dailydilemmas,4,4,0.5,-0.6935217086981267,0.5,-0.7644273510255217,-0.07090564232739505,0.0
0.05,0.5,0.1,R_6E6esO9YjIptSgZ,choice_only,dailydilemmas,0,5,0.4,-0.6933243109022651,0.4,-0.7054602416980122,-0.012135930795747152,0.0
0.05,0.5,0.1,R_6E6esO9YjIptSgZ,choice_only,dailydilemmas,1,5,0.4,-0.6935058840958112,0.4,-0.6820935462427143,0.01141233785309681,0.0
0.05,0.5,0.1,R_6E6esO9YjIptSgZ,choice_only,dailydilemmas,2,5,0.4,-0.693025151606699,1.0,-0.6447133923943393,0.04831175921235964,0.6
0.05,0.5,0.1,R_6E6esO9YjIptSgZ,choice_only,dailydilemmas,3,5,0.4,-0.693228696324342,0.4,-0.6870833082646364,0.006145388059705659,0.0
0.05,0.5,0.1,R_1MCxQvFXsgFj9AZ,choice_only,dailydilemmas,0,4,0.0,-0.6941318405634145,0.5,-0.7124398208359541,-0.01830798027253966,0.5
0.05,0.5,0.1,R_1MCxQvFXsgFj9AZ,choice_only,dailydilemmas,1,4,0.75,-0.6930678237544948,0.5,-0.6862570048935281,0.006810818860966683,-0.25
0.05,0.5,0.1,R_1MCxQvFXsgFj9AZ,choice_only,dailydilemmas,2,4,0.25,-0.6935068931572397,0.25,-0.7521454362139278,-0.05863854305668814,0.0
0.05,0.5,0.1,R_1MCxQvFXsgFj9AZ,choice_only,dailydilemmas,3,4,0.25,-0.6936224990050501,0.25,-0.7175711700858988,-0.023948671080848638,0.0
0.05,0.5,0.1,R_1MCxQvFXsgFj9AZ,choice_only,dailydilemmas,4,4,0.75,-0.6930774068097307,0.5,-0.6906203734669647,0.002457033342766035,-0.25
0.05,0.5,0.1,R_3JfmC4gRU1JpbNv,choice_only,dailydilemmas,0,4,0.75,-0.691414093721901,0.75,-0.5835649645602115,0.10784912916168954,0.0
0.05,0.5,0.1,R_3JfmC4gRU1JpbNv,choice_only,dailydilemmas,1,4,1.0,-0.6911231568843574,1.0,-0.5451955575526863,0.1459275993316711,0.0
0.05,0.5,0.1,R_3JfmC4gRU1JpbNv,choice_only,dailydilemmas,2,4,0.5,-0.6937110318112766,0.5,-0.7168610759186562,-0.02315004410737964,0.0
0.05,0.5,0.1,R_3JfmC4gRU1JpbNv,choice_only,dailydilemmas,3,4,0.5,-0.6933484607438867,0.5,-0.6683160778098595,0.02503238293402721,0.0
0.05,0.5,0.1,R_3JfmC4gRU1JpbNv,choice_only,dailydilemmas,4,4,1.0,-0.691460935575063,1.0,-0.5597013328433629,0.13175960273170018,0.0
0.05,0.5,0.1,R_7QGHM1iZnW1jfRx,choice_only,dailydilemmas,0,4,0.5,-0.6933461948959684,0.5,-0.6948283927692911,-0.0014821978733227104,0.0
0.05,0.5,0.1,R_7QGHM1iZnW1jfRx,choice_only,dailydilemmas,1,4,0.5,-0.6933979723363053,0.5,-0.7209386001075477,-0.027540627771242443,0.0
0.05,0.5,0.1,R_7QGHM1iZnW1jfRx,choice_only,dailydilemmas,2,4,0.5,-0.692723397096704,0.25,-0.7037469315006161,-0.011023534403912016,-0.25
0.05,0.5,0.1,R_7QGHM1iZnW1jfRx,choice_only,dailydilemmas,3,4,0.75,-0.693106248193503,0.75,-0.6771035103274408,0.01600273786606221,0.0
0.05,0.5,0.1,R_7QGHM1iZnW1jfRx,choice_only,dailydilemmas,4,4,0.25,-0.6938567634717323,0.25,-0.7315161765973378,-0.0376594131256055,0.0
0.05,0.5,0.1,R_6rBDZvDRiktj92h,choice_only,dailydilemmas,0,4,0.75,-0.6919508583886247,0.5,-0.6576226122615974,0.03432824612702734,-0.25
0.05,0.5,0.1,R_6rBDZvDRiktj92h,choice_only,dailydilemmas,1,4,0.5,-0.6920848654673555,0.5,-0.6340945475415577,0.057990317925797785,0.0
0.05,0.5,0.1,R_6rBDZvDRiktj92h,choice_only,dailydilemmas,2,4,0.75,-0.6926821806338346,0.75,-0.6894457847696365,0.003236395864198105,0.0
0.05,0.5,0.1,R_6rBDZvDRiktj92h,choice_only,dailydilemmas,3,4,0.5,-0.6925047484490472,0.5,-0.6904190397927643,0.002085708656282881,0.0
0.05,0.5,0.1,R_6rBDZvDRiktj92h,choice_only,dailydilemmas,4,4,0.5,-0.6936433799394314,0.5,-0.7484311058612259,-0.05478772592179448,0.0
0.05,0.5,0.1,R_7DZXdu8GHiSZQbw,choice_only,dailydilemmas,0,5,0.8,-0.6915098669160649,0.8,-0.5863664282285799,0.10514343868748499,0.0
0.05,0.5,0.1,R_7DZXdu8GHiSZQbw,choice_only,dailydilemmas,1,5,0.6,-0.690806185488559,0.6,-0.5610037277517576,0.12980245773680144,0.0
0.05,0.5,0.1,R_7DZXdu8GHiSZQbw,choice_only,dailydilemmas,2,5,0.8,-0.6908536245536288,0.8,-0.5441739976727319,0.14667962688089686,0.0
0.05,0.5,0.1,R_7DZXdu8GHiSZQbw,choice_only,dailydilemmas,3,5,0.8,-0.6915137653328134,0.8,-0.6070427638433438,0.08447100148946962,0.0
0.05,0.5,0.1,R_3wNdGb7QZmozWdV,inference_affirm,dailydilemmas,0,4,0.75,-0.6925585495452946,0.5,-0.6797612033985645,0.012797346146730115,-0.25
0.05,0.5,0.1,R_3wNdGb7QZmozWdV,inference_affirm,dailydilemmas,1,4,0.5,-0.692981251064235,0.5,-0.6966610418537371,-0.003679790789502091,0.0
0.05,0.5,0.1,R_3wNdGb7QZmozWdV,inference_affirm,dailydilemmas,2,4,0.25,-0.693020012554981,0.25,-0.717607181686397,-0.02458716913141601,0.0
0.05,0.5,0.1,R_3wNdGb7QZmozWdV,inference_affirm,dailydilemmas,3,4,1.0,-0.6923061806371242,0.75,-0.6574902668667618,0.03481591377036242,-0.25
0.05,0.5,0.1,R_3wNdGb7QZmozWdV,inference_affirm,dailydilemmas,4,4,0.75,-0.6922461602262034,0.75,-0.6503412837051443,0.04190487652105912,0.0
0.05,0.5,0.1,R_54BDOExpKqNLP7U,choice_only,dailydilemmas,0,5,1.0,-0.690222392201228,1.0,-0.48126444010797814,0.2089579520932499,0.0
0.05,0.5,0.1,R_54BDOExpKqNLP7U,choice_only,dailydilemmas,1,5,0.8,-0.6912457920133276,1.0,-0.5455707397582685,0.14567505225505906,0.19999999999999996
0.05,0.5,0.1,R_54BDOExpKqNLP7U,choice_only,dailydilemmas,2,5,0.6,-0.6923603456842805,0.6,-0.6535029266555555,0.03885741902872497,0.0
0.05,0.5,0.1,R_54BDOExpKqNLP7U,choice_only,dailydilemmas,3,5,0.8,-0.6900271794005838,1.0,-0.45526903526251045,0.23475814413807333,0.19999999999999996
0.05,0.5,0.1,R_7FP7x1oOPEhKFnt,choice_only,dailydilemmas,0,4,1.0,-0.6919280667454282,1.0,-0.56693140574824,0.1249966609971882,0.0
0.05,0.5,0.1,R_7FP7x1oOPEhKFnt,choice_only,dailydilemmas,1,4,0.5,-0.6928210627175507,1.0,-0.6376487734914849,0.055172289226065874,0.5
0.05,0.5,0.1,R_7FP7x1oOPEhKFnt,choice_only,dailydilemmas,2,4,1.0,-0.6925045821357162,0.75,-0.6363857154031342,0.05611886673258204,-0.25
0.05,0.5,0.1,R_7FP7x1oOPEhKFnt,choice_only,dailydilemmas,3,4,0.75,-0.6929586161800017,0.75,-0.6989295939911883,-0.005970977811186606,0.0
0.05,0.5,0.1,R_7FP7x1oOPEhKFnt,choice_only,dailydilemmas,4,4,0.75,-0.6921518574026817,0.5,-0.6311519486558198,0.0609999087468619,-0.25
0.05,0.5,0.1,R_3RlcXTweCHzrYtz,choice_only,dailydilemmas,0,4,0.75,-0.692169622767719,0.75,-0.6155333313118719,0.07663629145584705,0.0
0.05,0.5,0.1,R_3RlcXTweCHzrYtz,choice_only,dailydilemmas,1,4,0.5,-0.6921245155651763,0.5,-0.6342384516509667,0.057886063914209585,0.0
0.05,0.5,0.1,R_3RlcXTweCHzrYtz,choice_only,dailydilemmas,2,4,0.25,-0.6934837659178836,0.5,-0.7216831147169033,-0.02819934879901964,0.25
0.05,0.5,0.1,R_3RlcXTweCHzrYtz,choice_only,dailydilemmas,3,4,0.5,-0.6932357233524356,0.5,-0.7100179709255303,-0.016782247573094766,0.0
0.05,0.5,0.1,R_3RlcXTweCHzrYtz,choice_only,dailydilemmas,4,4,0.75,-0.6924225385240101,0.75,-0.6077533487113486,0.08466918981266158,0.0
0.05,0.5,0.1,R_64MjAxTXtmHjKMx,choice_only,dailydilemmas,0,4,0.5,-0.6926941351033684,0.5,-0.6521466147298527,0.04054752037351572,0.0
0.05,0.5,0.1,R_64MjAxTXtmHjKMx,choice_only,dailydilemmas,1,4,0.25,-0.6940710556215365,0.25,-0.676927110671755,0.017143944949781442,0.0
0.05,0.5,0.1,R_64MjAxTXtmHjKMx,choice_only,dailydilemmas,2,4,0.25,-0.6938039134381895,0.25,-0.792382275499179,-0.09857836206098947,0.0
0.05,0.5,0.1,R_64MjAxTXtmHjKMx,choice_only,dailydilemmas,3,4,0.75,-0.6920861844549647,0.75,-0.5900790089224803,0.1020071755324844,0.0
0.05,0.5,0.1,R_64MjAxTXtmHjKMx,choice_only,dailydilemmas,4,4,1.0,-0.6918386995488164,1.0,-0.5532800152021845,0.13855868434663188,0.0
0.05,0.5,0.1,R_5B7Sbr53fSq1D3z,inference_affirm,dailydilemmas,0,4,1.0,-0.6924009679036246,0.75,-0.6467993448404045,0.04560162306322013,-0.25
0.05,0.5,0.1,R_5B7Sbr53fSq1D3z,inference_affirm,dailydilemmas,1,4,1.0,-0.6914967585051052,0.75,-0.569756921273535,0.12173983723157011,-0.25
0.05,0.5,0.1,R_5B7Sbr53fSq1D3z,inference_affirm,dailydilemmas,2,4,0.5,-0.6916899171728221,0.5,-0.5984749655666903,0.0932149516061318,0.0
0.05,0.5,0.1,R_5B7Sbr53fSq1D3z,inference_affirm,dailydilemmas,3,4,0.5,-0.6925555829975424,0.5,-0.6405341291766276,0.05202145382091483,0.0
0.05,0.5,0.1,R_5B7Sbr53fSq1D3z,inference_affirm,dailydilemmas,4,4,0.5,-0.6934639971088424,0.25,-0.710008025665656,-0.016544028556813584,-0.25
0.05,0.5,0.1,R_7fTeTaHgGhgcqkN,inference_affirm,dailydilemmas,0,4,0.75,-0.6918140257887567,0.75,-0.5836212809843966,0.10819274480436014,0.0
0.05,0.5,0.1,R_7fTeTaHgGhgcqkN,inference_affirm,dailydilemmas,1,4,0.75,-0.6912834457678454,1.0,-0.5864948255504753,0.10478862021737012,0.25
0.05,0.5,0.1,R_7fTeTaHgGhgcqkN,inference_affirm,dailydilemmas,2,4,1.0,-0.6919592595083794,1.0,-0.5996955267222629,0.09226373278611655,0.0
0.05,0.5,0.1,R_7fTeTaHgGhgcqkN,inference_affirm,dailydilemmas,3,4,0.5,-0.6923729489017025,0.5,-0.6805509503706907,0.011821998531011846,0.0
0.05,0.5,0.1,R_7fTeTaHgGhgcqkN,inference_affirm,dailydilemmas,4,4,0.75,-0.6914575245591041,0.75,-0.6115865140096761,0.07987101054942802,0.0
0.05,0.5,0.1,R_12tlw5u4cVbNiP1,inference_affirm,dailydilemmas,0,4,0.75,-0.6916294137246326,0.75,-0.5907923545391432,0.10083705918548935,0.0
0.05,0.5,0.1,R_12tlw5u4cVbNiP1,inference_affirm,dailydilemmas,1,4,0.5,-0.6922729032778986,0.5,-0.6313297350109597,0.06094316826693891,0.0
0.05,0.5,0.1,R_12tlw5u4cVbNiP1,inference_affirm,dailydilemmas,2,4,1.0,-0.6913990748711327,1.0,-0.5572811753240606,0.1341178995470721,0.0
0.05,0.5,0.1,R_12tlw5u4cVbNiP1,inference_affirm,dailydilemmas,3,4,0.75,-0.6917636640252386,0.75,-0.5776922706596259,0.11407139336561267,0.0
0.05,0.5,0.1,R_12tlw5u4cVbNiP1,inference_affirm,dailydilemmas,4,4,0.75,-0.6918227014195795,1.0,-0.5996125232917537,0.09221017812782573,0.25
0.05,0.5,0.15,R_5EfMjMbx1z8Kvhl,inference_categories,dailydilemmas,0,4,0.75,-0.6923275991814979,0.75,-0.660266824309554,0.03206077487194392,0.0
0.05,0.5,0.15,R_5EfMjMbx1z8Kvhl,inference_categories,dailydilemmas,1,4,0.5,-0.692107728588651,0.75,-0.6335184956614199,0.05858923292723106,0.25
0.05,0.5,0.15,R_5EfMjMbx1z8Kvhl,inference_categories,dailydilemmas,2,4,0.5,-0.6930055898490717,0.5,-0.6722980180467559,0.02070757180231575,0.0
0.05,0.5,0.15,R_5EfMjMbx1z8Kvhl,inference_categories,dailydilemmas,3,4,0.75,-0.6921698893625947,1.0,-0.5993345004033871,0.09283538895920762,0.25
0.05,0.5,0.15,R_5EfMjMbx1z8Kvhl,inference_categories,dailydilemmas,4,4,0.5,-0.6916124977152831,0.75,-0.5886028671141077,0.1030096306011754,0.25
0.05,0.5,0.15,R_56aT1YjmRtKACUH,inference_categories,dailydilemmas,0,4,0.75,-0.6928161057074206,0.75,-0.6651791984505416,0.02763690725687895,0.0
0.05,0.5,0.15,R_56aT1YjmRtKACUH,inference_categories,dailydilemmas,1,4,0.25,-0.6937101957354634,0.5,-0.7393720883882713,-0.045661892652807845,0.25
0.05,0.5,0.15,R_56aT1YjmRtKACUH,inference_categories,dailydilemmas,2,4,0.75,-0.6924772749383264,0.75,-0.6564090778976104,0.036068197040716066,0.0
0.05,0.5,0.15,R_56aT1YjmRtKACUH,inference_categories,dailydilemmas,3,4,0.75,-0.692553249130433,0.75,-0.6612402199414208,0.03131302918901224,0.0
0.05,0.5,0.15,R_56aT1YjmRtKACUH,inference_categories,dailydilemmas,4,4,0.5,-0.6927715965415814,0.5,-0.6944465647455184,-0.0016749682039369773,0.0
0.05,0.5,0.15,R_3HS2lsaEfcZSuXu,inference_categories,dailydilemmas,0,4,1.0,-0.6922145708976619,0.75,-0.6086892647952136,0.08352530610244835,-0.25
0.05,0.5,0.15,R_3HS2lsaEfcZSuXu,inference_categories,dailydilemmas,1,4,0.5,-0.6935194048429342,0.5,-0.762548134085342,-0.06902872924240788,0.0
0.05,0.5,0.15,R_3HS2lsaEfcZSuXu,inference_categories,dailydilemmas,2,4,0.5,-0.6928434999593708,0.5,-0.7008420059475625,-0.00799850598819174,0.0
0.05,0.5,0.15,R_3HS2lsaEfcZSuXu,inference_categories,dailydilemmas,3,4,0.5,-0.6925147737062834,0.75,-0.6204733464472385,0.07204142725904494,0.25
0.05,0.5,0.15,R_3HS2lsaEfcZSuXu,inference_categories,dailydilemmas,4,4,0.75,-0.6922641213528324,0.75,-0.6080837971611748,0.08418032419165766,0.0
0.05,0.5,0.15,R_6HoVfVJSFl7IrlL,inference_categories,dailydilemmas,0,4,0.75,-0.6928992813204569,0.5,-0.6865577370172463,0.0063415443032105445,-0.25
0.05,0.5,0.15,R_6HoVfVJSFl7IrlL,inference_categories,dailydilemmas,1,4,0.75,-0.692487035620315,0.75,-0.6042972035657246,0.08818983205459041,0.0
0.05,0.5,0.15,R_6HoVfVJSFl7IrlL,inference_categories,dailydilemmas,2,4,0.25,-0.6934830207785968,0.5,-0.732329867816284,-0.03884684703768715,0.25
0.05,0.5,0.15,R_6HoVfVJSFl7IrlL,inference_categories,dailydilemmas,3,4,0.75,-0.6924371284265671,1.0,-0.6289044956880405,0.0635326327385266,0.25
0.05,0.5,0.15,R_6HoVfVJSFl7IrlL,inference_categories,dailydilemmas,4,4,0.75,-0.691991702915315,0.75,-0.607634363216068,0.08435733969924697,0.0
0.05,0.5,0.15,R_5Q5TZ5csoblHSvA,inference_categories,dailydilemmas,0,4,0.5,-0.6932046971065635,0.25,-0.7398887930073045,-0.04668409590074096,-0.25
0.05,0.5,0.15,R_5Q5TZ5csoblHSvA,inference_categories,dailydilemmas,1,4,0.75,-0.6933010362528886,0.5,-0.6835339491137944,0.009767087139094244,-0.25
0.05,0.5,0.15,R_5Q5TZ5csoblHSvA,inference_categories,dailydilemmas,2,4,0.5,-0.6925393726246563,0.75,-0.6692590203011768,0.02328035232347947,0.25
0.05,0.5,0.15,R_5Q5TZ5csoblHSvA,inference_categories,dailydilemmas,3,4,0.25,-0.693672157233209,0.25,-0.7166410860308512,-0.02296892879764223,0.0
0.05,0.5,0.15,R_5Q5TZ5csoblHSvA,inference_categories,dailydilemmas,4,4,0.5,-0.6927479762012052,0.5,-0.6728939955343877,0.01985398066681754,0.0
0.05,0.5,0.15,R_18H831wJaDlPwgg,inference_categories,dailydilemmas,0,4,0.5,-0.6916147042699178,0.5,-0.6632010389100589,0.028413665359858897,0.0
0.05,0.5,0.15,R_18H831wJaDlPwgg,inference_categories,dailydilemmas,1,4,1.0,-0.6899870586634695,1.0,-0.537744227892019,0.1522428307714505,0.0
0.05,0.5,0.15,R_18H831wJaDlPwgg,inference_categories,dailydilemmas,2,4,0.25,-0.6917238616310285,0.75,-0.5933202854065809,0.09840357622444762,0.5
0.05,0.5,0.15,R_18H831wJaDlPwgg,inference_categories,dailydilemmas,3,4,1.0,-0.6891156439819446,1.0,-0.4659962376495112,0.22311940633243338,0.0
0.05,0.5,0.15,R_18H831wJaDlPwgg,inference_categories,dailydilemmas,4,4,0.75,-0.6902118746874193,1.0,-0.5017031667799305,0.18850870790748875,0.25
0.05,0.5,0.15,R_12mMAseFwoOpgqC,inference_categories,dailydilemmas,0,4,0.75,-0.6923560192102111,0.5,-0.6402733082682637,0.052082710941947385,-0.25
0.05,0.5,0.15,R_12mMAseFwoOpgqC,inference_categories,dailydilemmas,1,4,0.5,-0.692708683905009,0.5,-0.6450303325072619,0.04767835139774701,0.0
0.05,0.5,0.15,R_12mMAseFwoOpgqC,inference_categories,dailydilemmas,2,4,0.5,-0.6938594465566419,0.5,-0.7239556359668944,-0.030096189410252494,0.0
0.05,0.5,0.15,R_12mMAseFwoOpgqC,inference_categories,dailydilemmas,3,4,0.25,-0.693157141606494,0.5,-0.6889170681447949,0.004240073461699079,0.25
0.05,0.5,0.15,R_12mMAseFwoOpgqC,inference_categories,dailydilemmas,4,4,0.75,-0.6923894076906529,0.5,-0.633951121179854,0.058438286510798965,-0.25
0.05,0.5,0.15,R_7ojvA7NDI10RoKR,inference_categories,dailydilemmas,0,5,0.6,-0.6920068818772697,0.6,-0.6197753943068195,0.07223148757045017,0.0
0.05,0.5,0.15,R_7ojvA7NDI10RoKR,inference_categories,dailydilemmas,1,5,0.8,-0.6917348847637751,0.8,-0.5869727518486645,0.1047621329151106,0.0
0.05,0.5,0.15,R_7ojvA7NDI10RoKR,inference_categories,dailydilemmas,2,5,0.8,-0.6916545545853191,0.8,-0.6166879963053159,0.0749665582800032,0.0
0.05,0.5,0.15,R_7ojvA7NDI10RoKR,inference_categories,dailydilemmas,3,5,1.0,-0.6917046586626592,1.0,-0.5591818850303141,0.1325227736323451,0.0
0.05,0.5,0.15,R_5gbXjT8uFYXCo7E,inference_categories,dailydilemmas,0,4,0.25,-0.694026868559669,0.25,-0.7820207783694892,-0.08799390980982025,0.0
0.05,0.5,0.15,R_5gbXjT8uFYXCo7E,inference_categories,dailydilemmas,1,4,0.5,-0.6930937564136729,0.5,-0.6998473374557541,-0.006753581042081236,0.0
0.05,0.5,0.15,R_5gbXjT8uFYXCo7E,inference_categories,dailydilemmas,2,4,0.5,-0.6928904338246693,0.75,-0.6701619509555877,0.02272848286908158,0.25
0.05,0.5,0.15,R_5gbXjT8uFYXCo7E,inference_categories,dailydilemmas,3,4,0.75,-0.6928488703434292,0.75,-0.6637422150416822,0.029106655301747053,0.0
0.05,0.5,0.15,R_5gbXjT8uFYXCo7E,inference_categories,dailydilemmas,4,4,0.75,-0.6923363356652761,0.75,-0.6726172063268698,0.01971912933840625,0.0
0.05,0.5,0.15,R_7f9o7q4AZOoP4ot,inference_categories,dailydilemmas,0,4,0.5,-0.6928590408729023,0.5,-0.6974472757231696,-0.00458823485026727,0.0
0.05,0.5,0.15,R_7f9o7q4AZOoP4ot,inference_categories,dailydilemmas,1,4,0.25,-0.6940582712554482,0.25,-0.763705083297996,-0.06964681204254786,0.0
0.05,0.5,0.15,R_7f9o7q4AZOoP4ot,inference_categories,dailydilemmas,2,4,0.25,-0.6938234561373877,0.0,-0.7317664205459533,-0.037942964408565594,-0.25
0.05,0.5,0.15,R_7f9o7q4AZOoP4ot,inference_categories,dailydilemmas,3,4,0.5,-0.6930868562810306,0.25,-0.7345638354421447,-0.041476979161114036,-0.25
0.05,0.5,0.15,R_7f9o7q4AZOoP4ot,inference_categories,dailydilemmas,4,4,0.25,-0.6937483224132927,0.25,-0.7825511213110307,-0.08880279889773801,0.0
0.05,0.5,0.15,R_1WHYlcDjJDcnUfD,inference_categories,dailydilemmas,0,4,0.25,-0.6936107817399355,0.5,-0.7096993496595517,-0.016088567919616215,0.25
0.05,0.5,0.15,R_1WHYlcDjJDcnUfD,inference_categories,dailydilemmas,1,4,0.75,-0.6927597897553112,0.75,-0.6751575120581654,0.01760227769714573,0.0
0.05,0.5,0.15,R_1WHYlcDjJDcnUfD,inference_categories,dailydilemmas,2,4,0.5,-0.692882790314926,0.75,-0.6840344597031589,0.008848330611767041,0.25
0.05,0.5,0.15,R_1WHYlcDjJDcnUfD,inference_categories,dailydilemmas,3,4,0.5,-0.6933126230141359,0.25,-0.7398484032180276,-0.04653578020389171,-0.25
0.05,0.5,0.15,R_1WHYlcDjJDcnUfD,inference_categories,dailydilemmas,4,4,0.5,-0.6933165620073277,0.75,-0.694651936614014,-0.0013353746066863126,0.25
0.05,0.5,0.15,R_6Q0gBjey6IdfZpf,inference_categories,dailydilemmas,0,4,0.75,-0.6921669564928575,0.75,-0.6130544394266261,0.07911251706623146,0.0
0.05,0.5,0.15,R_6Q0gBjey6IdfZpf,inference_categories,dailydilemmas,1,4,1.0,-0.6919515344248186,1.0,-0.6038384870357554,0.08811304738906323,0.0
0.05,0.5,0.15,R_6Q0gBjey6IdfZpf,inference_categories,dailydilemmas,2,4,0.75,-0.6922742370254034,0.75,-0.6102678189213436,0.08200641810405973,0.0
0.05,0.5,0.15,R_6Q0gBjey6IdfZpf,inference_categories,dailydilemmas,3,4,0.75,-0.6922809472749593,0.5,-0.6425185031404258,0.04976244413453346,-0.25
0.05,0.5,0.15,R_6Q0gBjey6IdfZpf,inference_categories,dailydilemmas,4,4,0.5,-0.6923239171830518,0.5,-0.6049370984684502,0.08738681871460152,0.0
0.05,0.5,0.15,R_1wzohnjOPhN82Wd,inference_categories,dailydilemmas,0,4,0.75,-0.6912657817430935,0.75,-0.6207948181532819,0.07047096358981164,0.0
0.05,0.5,0.15,R_1wzohnjOPhN82Wd,inference_categories,dailydilemmas,1,4,0.75,-0.6910091198303364,0.75,-0.6021319091738677,0.0888772106564687,0.0
0.05,0.5,0.15,R_1wzohnjOPhN82Wd,inference_categories,dailydilemmas,2,4,0.75,-0.6916135310151922,0.75,-0.5758123893790408,0.1158011416361514,0.0
0.05,0.5,0.15,R_1wzohnjOPhN82Wd,inference_categories,dailydilemmas,3,4,0.75,-0.6912827721934094,1.0,-0.5912809995108066,0.1000017726826028,0.25
0.05,0.5,0.15,R_1wzohnjOPhN82Wd,inference_categories,dailydilemmas,4,4,0.25,-0.6945114868894781,0.25,-0.7671298151519996,-0.07261832826252157,0.0
0.05,0.5,0.15,R_70kbQcqJL4Tkq6B,inference_categories,dailydilemmas,0,4,0.5,-0.693099326816225,0.5,-0.7466867285768543,-0.05358740176062926,0.0
0.05,0.5,0.15,R_70kbQcqJL4Tkq6B,inference_categories,dailydilemmas,1,4,0.5,-0.6935456776381743,0.5,-0.7112682197678679,-0.017722542129693597,0.0
0.05,0.5,0.15,R_70kbQcqJL4Tkq6B,inference_categories,dailydilemmas,2,4,1.0,-0.6903881142268726,1.0,-0.5886036541481023,0.10178446007877029,0.0
0.05,0.5,0.15,R_70kbQcqJL4Tkq6B,inference_categories,dailydilemmas,3,4,0.75,-0.6910186881848221,0.75,-0.6262214992237584,0.06479718896106379,0.0
0.05,0.5,0.15,R_70kbQcqJL4Tkq6B,inference_categories,dailydilemmas,4,4,0.75,-0.6910584094419714,1.0,-0.5811069253826581,0.10995148405931332,0.25
0.05,0.5,0.15,R_6rftRMhNP0o6boD,inference_categories,dailydilemmas,0,4,0.25,-0.6927920742765155,0.5,-0.6762430423831596,0.01654903189335588,0.25
0.05,0.5,0.15,R_6rftRMhNP0o6boD,inference_categories,dailydilemmas,1,4,0.5,-0.6924913932327733,0.5,-0.679712867701367,0.012778525531406348,0.0
0.05,0.5,0.15,R_6rftRMhNP0o6boD,inference_categories,dailydilemmas,2,4,0.75,-0.6930215747126403,0.5,-0.7315970604590549,-0.03857548574641467,-0.25
0.05,0.5,0.15,R_6rftRMhNP0o6boD,inference_categories,dailydilemmas,3,4,0.75,-0.6913539511353748,0.75,-0.6184214818794083,0.07293246925596653,0.0
0.05,0.5,0.15,R_6rftRMhNP0o6boD,inference_categories,dailydilemmas,4,4,1.0,-0.6911317756524363,1.0,-0.6250584616556868,0.06607331399674954,0.0
0.05,0.5,0.15,R_6jv2PrGBJcO4of6,inference_categories,dailydilemmas,0,4,1.0,-0.6913708595536875,1.0,-0.5268975396162823,0.16447331993740522,0.0
0.05,0.5,0.15,R_6jv2PrGBJcO4of6,inference_categories,dailydilemmas,1,4,0.75,-0.6912995160513344,1.0,-0.5932778276160637,0.0980216884352707,0.25
0.05,0.5,0.15,R_6jv2PrGBJcO4of6,inference_categories,dailydilemmas,2,4,0.5,-0.6926591280607736,0.5,-0.6768303011103567,0.015828826950416874,0.0
0.05,0.5,0.15,R_6jv2PrGBJcO4of6,inference_categories,dailydilemmas,3,4,0.75,-0.6920955861097676,0.75,-0.6213339224645222,0.07076166364524539,0.0
0.05,0.5,0.15,R_6jv2PrGBJcO4of6,inference_categories,dailydilemmas,4,4,0.5,-0.6944162521312823,0.5,-0.8214430164662616,-0.12702676433497928,0.0
0.05,0.5,0.15,R_1dHqTtKKq3yQvmX,inference_categories,dailydilemmas,0,4,0.75,-0.6901793664806752,0.75,-0.5393074603125321,0.15087190616814317,0.0
0.05,0.5,0.15,R_1dHqTtKKq3yQvmX,inference_categories,dailydilemmas,1,4,0.5,-0.6905398035230048,0.5,-0.5849506084303501,0.10558919509265474,0.0
0.05,0.5,0.15,R_1dHqTtKKq3yQvmX,inference_categories,dailydilemmas,2,4,0.75,-0.6916850396000928,0.75,-0.598077093802529,0.09360794579756371,0.0
0.05,0.5,0.15,R_1dHqTtKKq3yQvmX,inference_categories,dailydilemmas,3,4,0.75,-0.6917166981820564,0.75,-0.6374038198885261,0.054312878293530265,0.0
0.05,0.5,0.15,R_1dHqTtKKq3yQvmX,inference_categories,dailydilemmas,4,4,0.75,-0.6905830384527758,0.75,-0.5255777959218794,0.16500524253089643,0.0
0.05,0.5,0.15,R_1P81VK8fH860C4V,inference_categories,dailydilemmas,0,4,1.0,-0.6920433577900249,1.0,-0.5961237378389586,0.09591961995106635,0.0
0.05,0.5,0.15,R_1P81VK8fH860C4V,inference_categories,dailydilemmas,1,4,1.0,-0.6919164570325738,1.0,-0.5138834431169645,0.17803301391560922,0.0
0.05,0.5,0.15,R_1P81VK8fH860C4V,inference_categories,dailydilemmas,2,4,0.75,-0.6928577825296892,0.75,-0.6105133467070489,0.08234443582264028,0.0
0.05,0.5,0.15,R_1P81VK8fH860C4V,inference_categories,dailydilemmas,3,4,0.25,-0.6932254130917721,0.25,-0.6915701131729687,0.0016552999188034212,0.0
0.05,0.5,0.15,R_1P81VK8fH860C4V,inference_categories,dailydilemmas,4,4,1.0,-0.6913179800919581,1.0,-0.5253498043765353,0.16596817571542277,0.0
0.05,0.5,0.15,R_7go085j249AymBb,inference_categories,dailydilemmas,0,4,0.5,-0.6920457681275483,0.5,-0.6173418810638456,0.07470388706370268,0.0
0.05,0.5,0.15,R_7go085j249AymBb,inference_categories,dailydilemmas,1,4,0.75,-0.6918687893093179,0.75,-0.591260495664247,0.10060829364507096,0.0
0.05,0.5,0.15,R_7go085j249AymBb,inference_categories,dailydilemmas,2,4,0.75,-0.6916919699910548,1.0,-0.5725996530584018,0.11909231693265299,0.25
0.05,0.5,0.15,R_7go085j249AymBb,inference_categories,dailydilemmas,3,4,0.75,-0.6921476975615788,0.75,-0.6122695773762121,0.07987812018536666,0.0
0.05,0.5,0.15,R_7go085j249AymBb,inference_categories,dailydilemmas,4,4,0.5,-0.6933859969559947,0.5,-0.7192114718470133,-0.025825474891018607,0.0
0.05,0.5,0.15,R_6xzSCFMWRhzZIRg,inference_categories,dailydilemmas,0,4,0.25,-0.6927821561848767,0.25,-0.6722529270674541,0.02052922911742261,0.0
0.05,0.5,0.15,R_6xzSCFMWRhzZIRg,inference_categories,dailydilemmas,1,4,0.75,-0.6925641341245401,0.75,-0.6435363613063272,0.04902777281821291,0.0
0.05,0.5,0.15,R_6xzSCFMWRhzZIRg,inference_categories,dailydilemmas,2,4,0.75,-0.6928042560852457,0.75,-0.6472205434318639,0.04558371265338179,0.0
0.05,0.5,0.15,R_6xzSCFMWRhzZIRg,inference_categories,dailydilemmas,3,4,1.0,-0.6921312027011314,1.0,-0.59948037870957,0.09265082399156133,0.0
0.05,0.5,0.15,R_6xzSCFMWRhzZIRg,inference_categories,dailydilemmas,4,4,0.75,-0.6925934243944709,0.75,-0.6547865479390931,0.037806876455377836,0.0
0.05,0.5,0.15,R_5EychZPB1u00qZH,inference_categories,dailydilemmas,0,4,1.0,-0.6915691978027982,0.75,-0.5494927657351262,0.14207643206767206,-0.25
0.05,0.5,0.15,R_5EychZPB1u00qZH,inference_categories,dailydilemmas,1,4,0.5,-0.6922579912654148,0.5,-0.6353727399123964,0.05688525135301836,0.0
0.05,0.5,0.15,R_5EychZPB1u00qZH,inference_categories,dailydilemmas,2,4,1.0,-0.6920351292436367,1.0,-0.5844673347727709,0.10756779447086584,0.0
0.05,0.5,0.15,R_5EychZPB1u00qZH,inference_categories,dailydilemmas,3,4,1.0,-0.6918581079995139,0.75,-0.5536226626245763,0.1382354453749376,-0.25
0.05,0.5,0.15,R_5EychZPB1u00qZH,inference_categories,dailydilemmas,4,4,0.25,-0.693113923592781,0.25,-0.7400564388239408,-0.046942515231159776,0.0
0.05,0.5,0.15,R_59glCvaBnt5WTU6,inference_categories,dailydilemmas,0,4,0.5,-0.6934585289871318,0.5,-0.7088964578402517,-0.015437928853119898,0.0
0.05,0.5,0.15,R_59glCvaBnt5WTU6,inference_categories,dailydilemmas,1,4,0.75,-0.6924249223884483,0.75,-0.6020459736819184,0.09037894870652996,0.0
0.05,0.5,0.15,R_59glCvaBnt5WTU6,inference_categories,dailydilemmas,2,4,0.75,-0.6921256744126439,1.0,-0.5931717606594843,0.09895391375315965,0.25
0.05,0.5,0.15,R_59glCvaBnt5WTU6,inference_categories,dailydilemmas,3,4,0.75,-0.6923140677501498,0.75,-0.620205324400986,0.07210874334916384,0.0
0.05,0.5,0.15,R_59glCvaBnt5WTU6,inference_categories,dailydilemmas,4,4,0.75,-0.6924660984930848,0.75,-0.6512766026637135,0.04118949582937137,0.0
0.05,0.5,0.15,R_1nBL27EvLs0Bkk4,inference_categories,dailydilemmas,0,4,0.5,-0.6925040934732599,0.5,-0.6300489176800059,0.06245517579325399,0.0
0.05,0.5,0.15,R_1nBL27EvLs0Bkk4,inference_categories,dailydilemmas,1,4,0.25,-0.693942222109138,0.75,-0.7698926921129763,-0.07595047000383826,0.5
0.05,0.5,0.15,R_1nBL27EvLs0Bkk4,inference_categories,dailydilemmas,2,4,0.75,-0.6912821629528922,0.75,-0.5947590322025219,0.09652313075037033,0.0
0.05,0.5,0.15,R_1nBL27EvLs0Bkk4,inference_categories,dailydilemmas,3,4,0.5,-0.6924616239598635,0.75,-0.6503691023587249,0.04209252160113863,0.25
0.05,0.5,0.15,R_1nBL27EvLs0Bkk4,inference_categories,dailydilemmas,4,4,1.0,-0.6911718043804796,1.0,-0.5595319528269654,0.1316398515535142,0.0
0.05,0.5,0.15,R_6FsUQnzEYAQwtwa,inference_categories,dailydilemmas,0,4,0.75,-0.6927384253042169,0.75,-0.6559551544612442,0.036783270842972726,0.0
0.05,0.5,0.15,R_6FsUQnzEYAQwtwa,inference_categories,dailydilemmas,1,4,0.5,-0.6927163458859349,0.5,-0.6851132423548981,0.00760310353103677,0.0
0.05,0.5,0.15,R_6FsUQnzEYAQwtwa,inference_categories,dailydilemmas,2,4,0.5,-0.6932754640605925,0.75,-0.6710848171297872,0.022190646930805302,0.25
0.05,0.5,0.15,R_6FsUQnzEYAQwtwa,inference_categories,dailydilemmas,3,4,0.75,-0.6926125292192916,0.75,-0.6926726956562556,-6.016643696393764e-05,0.0
0.05,0.5,0.15,R_6FsUQnzEYAQwtwa,inference_categories,dailydilemmas,4,4,0.75,-0.6926171705827615,0.5,-0.651287834843882,0.041329335738879536,-0.25
0.05,0.5,0.15,R_5pX1jjp1Yu1RSN7,inference_categories,dailydilemmas,0,4,1.0,-0.6916563926178843,1.0,-0.5718728709952352,0.11978352162264905,0.0
0.05,0.5,0.15,R_5pX1jjp1Yu1RSN7,inference_categories,dailydilemmas,1,4,0.75,-0.6913416045752215,0.5,-0.5749747796473964,0.11636682492782513,-0.25
0.05,0.5,0.15,R_5pX1jjp1Yu1RSN7,inference_categories,dailydilemmas,2,4,0.75,-0.6917451406050665,0.75,-0.5743212519192794,0.11742388868578713,0.0
0.05,0.5,0.15,R_5pX1jjp1Yu1RSN7,inference_categories,dailydilemmas,3,4,0.75,-0.6915415809271314,0.75,-0.6111589971679736,0.08038258375915774,0.0
0.05,0.5,0.15,R_5pX1jjp1Yu1RSN7,inference_categories,dailydilemmas,4,4,0.25,-0.6954732529707177,0.25,-0.8572608275817208,-0.16178757461100313,0.0
0.05,0.5,0.15,R_5DY1mtPtJpWz8WC,inference_categories,dailydilemmas,0,5,1.0,-0.6901900358599771,1.0,-0.43898539567892564,0.25120464018105143,0.0
0.05,0.5,0.15,R_5DY1mtPtJpWz8WC,inference_categories,dailydilemmas,1,5,0.6,-0.6912324351004475,0.8,-0.5452681919151406,0.14596424318530687,0.20000000000000007
0.05,0.5,0.15,R_5DY1mtPtJpWz8WC,inference_categories,dailydilemmas,2,5,0.8,-0.691829432035987,0.8,-0.5869805587631945,0.10484887327279246,0.0
0.05,0.5,0.15,R_5DY1mtPtJpWz8WC,inference_categories,dailydilemmas,3,5,0.6,-0.6903303706504949,0.6,-0.4989710226742677,0.19135934797622717,0.0
0.05,0.5,0.15,R_1PN3SGDWOMibPAh,inference_categories,dailydilemmas,0,4,0.75,-0.6919509454770811,1.0,-0.5868806922090837,0.10507025326799746,0.25
0.05,0.5,0.15,R_1PN3SGDWOMibPAh,inference_categories,dailydilemmas,1,4,0.5,-0.693423134032705,0.5,-0.7515083096143998,-0.0580851755816949,0.0
0.05,0.5,0.15,R_1PN3SGDWOMibPAh,inference_categories,dailydilemmas,2,4,0.5,-0.692956189895669,0.75,-0.6581753254053945,0.03478086449027451,0.25
0.05,0.5,0.15,R_1PN3SGDWOMibPAh,inference_categories,dailydilemmas,3,4,0.5,-0.6922843616630568,0.5,-0.6444296672800031,0.047854694383053786,0.0
0.05,0.5,0.15,R_1PN3SGDWOMibPAh,inference_categories,dailydilemmas,4,4,1.0,-0.6918221546867992,1.0,-0.6073417226631567,0.08448043202364253,0.0
0.05,0.5,0.15,R_3SrBXsc2uYrsSZz,inference_categories,dailydilemmas,0,4,0.5,-0.6921819867098238,0.75,-0.6294177747921222,0.06276421191770154,0.25
0.05,0.5,0.15,R_3SrBXsc2uYrsSZz,inference_categories,dailydilemmas,1,4,0.75,-0.6927603848918005,0.5,-0.7049442080863237,-0.012183823194523269,-0.25
0.05,0.5,0.15,R_3SrBXsc2uYrsSZz,inference_categories,dailydilemmas,2,4,0.5,-0.6928712779217644,0.5,-0.7387870846531421,-0.04591580673137774,0.0
0.05,0.5,0.15,R_3SrBXsc2uYrsSZz,inference_categories,dailydilemmas,3,4,0.75,-0.6917737093762071,0.75,-0.5821651169422587,0.10960859243394838,0.0
0.05,0.5,0.15,R_3SrBXsc2uYrsSZz,inference_categories,dailydilemmas,4,4,1.0,-0.691789791299691,1.0,-0.5874661875930287,0.10432360370666227,0.0
0.05,0.5,0.15,R_7rNeEq8TvAxjqdL,inference_categories,dailydilemmas,0,4,0.75,-0.6911846470944386,0.75,-0.553431444987734,0.1377532021067046,0.0
0.05,0.5,0.15,R_7rNeEq8TvAxjqdL,inference_categories,dailydilemmas,1,4,0.75,-0.69164818192401,0.75,-0.5669648189555934,0.12468336296841664,0.0
0.05,0.5,0.15,R_7rNeEq8TvAxjqdL,inference_categories,dailydilemmas,2,4,1.0,-0.6907843678215682,1.0,-0.521451159327502,0.1693332084940662,0.0
0.05,0.5,0.15,R_7rNeEq8TvAxjqdL,inference_categories,dailydilemmas,3,4,0.75,-0.6922579415528716,0.5,-0.6752317110553568,0.017026230497514727,-0.25
0.05,0.5,0.15,R_7rNeEq8TvAxjqdL,inference_categories,dailydilemmas,4,4,0.75,-0.6916794143622071,0.75,-0.5859722440937148,0.1057071702684923,0.0
0.05,0.5,0.15,R_7QAkOtO6FETwKSv,inference_categories,dailydilemmas,0,4,0.5,-0.6935653153634046,0.5,-0.7618952806000286,-0.06832996523662405,0.0
0.05,0.5,0.15,R_7QAkOtO6FETwKSv,inference_categories,dailydilemmas,1,4,0.75,-0.6922413992091314,0.75,-0.6567079536269379,0.03553344558219351,0.0
0.05,0.5,0.15,R_7QAkOtO6FETwKSv,inference_categories,dailydilemmas,2,4,0.5,-0.6929267303893999,0.5,-0.7522727691894535,-0.059346038800053624,0.0
0.05,0.5,0.15,R_7QAkOtO6FETwKSv,inference_categories,dailydilemmas,3,4,1.0,-0.6920532080201354,0.25,-0.7018999265025219,-0.009846718482386496,-0.75
0.05,0.5,0.15,R_7QAkOtO6FETwKSv,inference_categories,dailydilemmas,4,4,0.5,-0.692874388257928,0.5,-0.7089458304649654,-0.01607144220703738,0.0
0.05,0.5,0.15,R_6gCrJV80LvD23XK,choice_only,dailydilemmas,0,4,0.5,-0.693771785100323,0.5,-0.7623043658938501,-0.06853258079352709,0.0
0.05,0.5,0.15,R_6gCrJV80LvD23XK,choice_only,dailydilemmas,1,4,1.0,-0.6920506137011905,1.0,-0.5697211733364957,0.12232944036469473,0.0
0.05,0.5,0.15,R_6gCrJV80LvD23XK,choice_only,dailydilemmas,2,4,0.75,-0.692272194395104,0.75,-0.6406146439800595,0.051657550415044495,0.0
0.05,0.5,0.15,R_6gCrJV80LvD23XK,choice_only,dailydilemmas,3,4,0.25,-0.6935722697383494,0.25,-0.7311366754598347,-0.03756440572148534,0.0
0.05,0.5,0.15,R_6gCrJV80LvD23XK,choice_only,dailydilemmas,4,4,0.5,-0.69288341392352,0.5,-0.6717138202882612,0.021169593635258832,0.0
0.05,0.5,0.15,R_7SrhV7HvgsG1fvA,choice_only,dailydilemmas,0,4,0.5,-0.6919869228690966,0.5,-0.6417624386169318,0.05022448425216475,0.0
0.05,0.5,0.15,R_7SrhV7HvgsG1fvA,choice_only,dailydilemmas,1,4,0.75,-0.6927850648558612,1.0,-0.6622367556811984,0.03054830917466278,0.25
0.05,0.5,0.15,R_7SrhV7HvgsG1fvA,choice_only,dailydilemmas,2,4,0.5,-0.6932548429514276,0.5,-0.7341229189156817,-0.040868075964254125,0.0
0.05,0.5,0.15,R_7SrhV7HvgsG1fvA,choice_only,dailydilemmas,3,4,0.75,-0.6925621208023383,1.0,-0.6488511870437993,0.04371093375853896,0.25
0.05,0.5,0.15,R_7SrhV7HvgsG1fvA,choice_only,dailydilemmas,4,4,0.0,-0.694777709820397,0.0,-0.8150445773756837,-0.1202668675552867,0.0
0.05,0.5,0.15,R_5aLcKnMSH0hrVLH,choice_only,dailydilemmas,0,4,1.0,-0.6923263146045625,1.0,-0.6038746553856295,0.08845165921893305,0.0
0.05,0.5,0.15,R_5aLcKnMSH0hrVLH,choice_only,dailydilemmas,1,4,1.0,-0.691702529524409,0.75,-0.6040561315310526,0.08764639799335638,-0.25
0.05,0.5,0.15,R_5aLcKnMSH0hrVLH,choice_only,dailydilemmas,2,4,0.75,-0.6924378717203983,0.5,-0.636056588269835,0.05638128345056326,-0.25
0.05,0.5,0.15,R_5aLcKnMSH0hrVLH,choice_only,dailydilemmas,3,4,1.0,-0.6922143155928429,1.0,-0.6562703667345263,0.03594394885831653,0.0
0.05,0.5,0.15,R_5aLcKnMSH0hrVLH,choice_only,dailydilemmas,4,4,0.5,-0.6935217086981267,0.5,-0.7644273510255217,-0.07090564232739505,0.0
0.05,0.5,0.15,R_6E6esO9YjIptSgZ,choice_only,dailydilemmas,0,5,0.4,-0.6933243109022651,0.4,-0.7054602416980122,-0.012135930795747152,0.0
0.05,0.5,0.15,R_6E6esO9YjIptSgZ,choice_only,dailydilemmas,1,5,0.4,-0.6935058840958112,0.4,-0.6820935462427143,0.01141233785309681,0.0
0.05,0.5,0.15,R_6E6esO9YjIptSgZ,choice_only,dailydilemmas,2,5,0.4,-0.693025151606699,1.0,-0.6447133923943393,0.04831175921235964,0.6
0.05,0.5,0.15,R_6E6esO9YjIptSgZ,choice_only,dailydilemmas,3,5,0.4,-0.693228696324342,0.4,-0.6870833082646364,0.006145388059705659,0.0
0.05,0.5,0.15,R_1MCxQvFXsgFj9AZ,choice_only,dailydilemmas,0,4,0.0,-0.6941318405634145,0.5,-0.7124398208359541,-0.01830798027253966,0.5
0.05,0.5,0.15,R_1MCxQvFXsgFj9AZ,choice_only,dailydilemmas,1,4,0.75,-0.6930678237544948,0.5,-0.6862570048935281,0.006810818860966683,-0.25
0.05,0.5,0.15,R_1MCxQvFXsgFj9AZ,choice_only,dailydilemmas,2,4,0.25,-0.6935068931572397,0.25,-0.7521454362139278,-0.05863854305668814,0.0
0.05,0.5,0.15,R_1MCxQvFXsgFj9AZ,choice_only,dailydilemmas,3,4,0.25,-0.6936224990050501,0.25,-0.7175711700858988,-0.023948671080848638,0.0
0.05,0.5,0.15,R_1MCxQvFXsgFj9AZ,choice_only,dailydilemmas,4,4,0.75,-0.6930774068097307,0.5,-0.6906203734669647,0.002457033342766035,-0.25
0.05,0.5,0.15,R_3JfmC4gRU1JpbNv,choice_only,dailydilemmas,0,4,0.75,-0.691414093721901,0.75,-0.5835649645602115,0.10784912916168954,0.0
0.05,0.5,0.15,R_3JfmC4gRU1JpbNv,choice_only,dailydilemmas,1,4,1.0,-0.6911231568843574,1.0,-0.5451955575526863,0.1459275993316711,0.0
0.05,0.5,0.15,R_3JfmC4gRU1JpbNv,choice_only,dailydilemmas,2,4,0.5,-0.6937110318112766,0.5,-0.7168610759186562,-0.02315004410737964,0.0
0.05,0.5,0.15,R_3JfmC4gRU1JpbNv,choice_only,dailydilemmas,3,4,0.5,-0.6933484607438867,0.5,-0.6683160778098595,0.02503238293402721,0.0
0.05,0.5,0.15,R_3JfmC4gRU1JpbNv,choice_only,dailydilemmas,4,4,1.0,-0.691460935575063,1.0,-0.5597013328433629,0.13175960273170018,0.0
0.05,0.5,0.15,R_7QGHM1iZnW1jfRx,choice_only,dailydilemmas,0,4,0.5,-0.6933461948959684,0.5,-0.6948283927692911,-0.0014821978733227104,0.0
0.05,0.5,0.15,R_7QGHM1iZnW1jfRx,choice_only,dailydilemmas,1,4,0.5,-0.6933979723363053,0.5,-0.7209386001075477,-0.027540627771242443,0.0
0.05,0.5,0.15,R_7QGHM1iZnW1jfRx,choice_only,dailydilemmas,2,4,0.5,-0.692723397096704,0.25,-0.7037469315006161,-0.011023534403912016,-0.25
0.05,0.5,0.15,R_7QGHM1iZnW1jfRx,choice_only,dailydilemmas,3,4,0.75,-0.693106248193503,0.75,-0.6771035103274408,0.01600273786606221,0.0
0.05,0.5,0.15,R_7QGHM1iZnW1jfRx,choice_only,dailydilemmas,4,4,0.25,-0.6938567634717323,0.25,-0.7315161765973378,-0.0376594131256055,0.0
0.05,0.5,0.15,R_6rBDZvDRiktj92h,choice_only,dailydilemmas,0,4,0.75,-0.6919508583886247,0.5,-0.6576226122615974,0.03432824612702734,-0.25
0.05,0.5,0.15,R_6rBDZvDRiktj92h,choice_only,dailydilemmas,1,4,0.5,-0.6920848654673555,0.5,-0.6340945475415577,0.057990317925797785,0.0
0.05,0.5,0.15,R_6rBDZvDRiktj92h,choice_only,dailydilemmas,2,4,0.75,-0.6926821806338346,0.75,-0.6894457847696365,0.003236395864198105,0.0
0.05,0.5,0.15,R_6rBDZvDRiktj92h,choice_only,dailydilemmas,3,4,0.5,-0.6925047484490472,0.5,-0.6904190397927643,0.002085708656282881,0.0
0.05,0.5,0.15,R_6rBDZvDRiktj92h,choice_only,dailydilemmas,4,4,0.5,-0.6936433799394314,0.5,-0.7484311058612259,-0.05478772592179448,0.0
0.05,0.5,0.15,R_7DZXdu8GHiSZQbw,choice_only,dailydilemmas,0,5,0.8,-0.6915098669160649,0.8,-0.5863664282285799,0.10514343868748499,0.0
0.05,0.5,0.15,R_7DZXdu8GHiSZQbw,choice_only,dailydilemmas,1,5,0.6,-0.690806185488559,0.6,-0.5610037277517576,0.12980245773680144,0.0
0.05,0.5,0.15,R_7DZXdu8GHiSZQbw,choice_only,dailydilemmas,2,5,0.8,-0.6908536245536288,0.8,-0.5441739976727319,0.14667962688089686,0.0
0.05,0.5,0.15,R_7DZXdu8GHiSZQbw,choice_only,dailydilemmas,3,5,0.8,-0.6915137653328134,0.8,-0.6070427638433438,0.08447100148946962,0.0
0.05,0.5,0.15,R_3wNdGb7QZmozWdV,inference_affirm,dailydilemmas,0,4,0.75,-0.6925585495452946,0.5,-0.6833037964934309,0.00925475305186374,-0.25
0.05,0.5,0.15,R_3wNdGb7QZmozWdV,inference_affirm,dailydilemmas,1,4,0.5,-0.692981251064235,0.5,-0.6955604851953656,-0.002579234131130592,0.0
0.05,0.5,0.15,R_3wNdGb7QZmozWdV,inference_affirm,dailydilemmas,2,4,0.25,-0.693020012554981,0.25,-0.7220645510804549,-0.02904453852547384,0.0
0.05,0.5,0.15,R_3wNdGb7QZmozWdV,inference_affirm,dailydilemmas,3,4,1.0,-0.6923061806371242,0.75,-0.6559637935387184,0.03634238709840587,-0.25
0.05,0.5,0.15,R_3wNdGb7QZmozWdV,inference_affirm,dailydilemmas,4,4,0.75,-0.6922461602262034,0.75,-0.6499787270113051,0.04226743321489834,0.0
0.05,0.5,0.15,R_54BDOExpKqNLP7U,choice_only,dailydilemmas,0,5,1.0,-0.690222392201228,1.0,-0.48126444010797814,0.2089579520932499,0.0
0.05,0.5,0.15,R_54BDOExpKqNLP7U,choice_only,dailydilemmas,1,5,0.8,-0.6912457920133276,1.0,-0.5455707397582685,0.14567505225505906,0.19999999999999996
0.05,0.5,0.15,R_54BDOExpKqNLP7U,choice_only,dailydilemmas,2,5,0.6,-0.6923603456842805,0.6,-0.6535029266555555,0.03885741902872497,0.0
0.05,0.5,0.15,R_54BDOExpKqNLP7U,choice_only,dailydilemmas,3,5,0.8,-0.6900271794005838,1.0,-0.45526903526251045,0.23475814413807333,0.19999999999999996
0.05,0.5,0.15,R_7FP7x1oOPEhKFnt,choice_only,dailydilemmas,0,4,1.0,-0.6919280667454282,1.0,-0.56693140574824,0.1249966609971882,0.0
0.05,0.5,0.15,R_7FP7x1oOPEhKFnt,choice_only,dailydilemmas,1,4,0.5,-0.6928210627175507,1.0,-0.6376487734914849,0.055172289226065874,0.5
0.05,0.5,0.15,R_7FP7x1oOPEhKFnt,choice_only,dailydilemmas,2,4,1.0,-0.6925045821357162,0.75,-0.6363857154031342,0.05611886673258204,-0.25
0.05,0.5,0.15,R_7FP7x1oOPEhKFnt,choice_only,dailydilemmas,3,4,0.75,-0.6929586161800017,0.75,-0.6989295939911883,-0.005970977811186606,0.0
0.05,0.5,0.15,R_7FP7x1oOPEhKFnt,choice_only,dailydilemmas,4,4,0.75,-0.6921518574026817,0.5,-0.6311519486558198,0.0609999087468619,-0.25
0.05,0.5,0.15,R_3RlcXTweCHzrYtz,choice_only,dailydilemmas,0,4,0.75,-0.692169622767719,0.75,-0.6155333313118719,0.07663629145584705,0.0
0.05,0.5,0.15,R_3RlcXTweCHzrYtz,choice_only,dailydilemmas,1,4,0.5,-0.6921245155651763,0.5,-0.6342384516509667,0.057886063914209585,0.0
0.05,0.5,0.15,R_3RlcXTweCHzrYtz,choice_only,dailydilemmas,2,4,0.25,-0.6934837659178836,0.5,-0.7216831147169033,-0.02819934879901964,0.25
0.05,0.5,0.15,R_3RlcXTweCHzrYtz,choice_only,dailydilemmas,3,4,0.5,-0.6932357233524356,0.5,-0.7100179709255303,-0.016782247573094766,0.0
0.05,0.5,0.15,R_3RlcXTweCHzrYtz,choice_only,dailydilemmas,4,4,0.75,-0.6924225385240101,0.75,-0.6077533487113486,0.08466918981266158,0.0
0.05,0.5,0.15,R_64MjAxTXtmHjKMx,choice_only,dailydilemmas,0,4,0.5,-0.6926941351033684,0.5,-0.6521466147298527,0.04054752037351572,0.0
0.05,0.5,0.15,R_64MjAxTXtmHjKMx,choice_only,dailydilemmas,1,4,0.25,-0.6940710556215365,0.25,-0.676927110671755,0.017143944949781442,0.0
0.05,0.5,0.15,R_64MjAxTXtmHjKMx,choice_only,dailydilemmas,2,4,0.25,-0.6938039134381895,0.25,-0.792382275499179,-0.09857836206098947,0.0
0.05,0.5,0.15,R_64MjAxTXtmHjKMx,choice_only,dailydilemmas,3,4,0.75,-0.6920861844549647,0.75,-0.5900790089224803,0.1020071755324844,0.0
0.05,0.5,0.15,R_64MjAxTXtmHjKMx,choice_only,dailydilemmas,4,4,1.0,-0.6918386995488164,1.0,-0.5532800152021845,0.13855868434663188,0.0
0.05,0.5,0.15,R_5B7Sbr53fSq1D3z,inference_affirm,dailydilemmas,0,4,1.0,-0.6924009679036246,0.75,-0.6476776488431464,0.04472331906047822,-0.25
0.05,0.5,0.15,R_5B7Sbr53fSq1D3z,inference_affirm,dailydilemmas,1,4,1.0,-0.6914967585051052,0.75,-0.5717277464931532,0.119769012011952,-0.25
0.05,0.5,0.15,R_5B7Sbr53fSq1D3z,inference_affirm,dailydilemmas,2,4,0.5,-0.6916899171728221,0.5,-0.5988713528340904,0.0928185643387317,0.0
0.05,0.5,0.15,R_5B7Sbr53fSq1D3z,inference_affirm,dailydilemmas,3,4,0.5,-0.6925555829975424,0.5,-0.638364574261252,0.05419100873629035,0.0
0.05,0.5,0.15,R_5B7Sbr53fSq1D3z,inference_affirm,dailydilemmas,4,4,0.5,-0.6934639971088424,0.25,-0.7097530061603415,-0.016289009051499104,-0.25
0.05,0.5,0.15,R_7fTeTaHgGhgcqkN,inference_affirm,dailydilemmas,0,4,0.75,-0.6918140257887567,0.75,-0.5845875082702605,0.10722651751849621,0.0
0.05,0.5,0.15,R_7fTeTaHgGhgcqkN,inference_affirm,dailydilemmas,1,4,0.75,-0.6912834457678454,1.0,-0.5862994363306969,0.10498400943714847,0.25
0.05,0.5,0.15,R_7fTeTaHgGhgcqkN,inference_affirm,dailydilemmas,2,4,1.0,-0.6919592595083794,1.0,-0.6008911701268415,0.09106808938153799,0.0
0.05,0.5,0.15,R_7fTeTaHgGhgcqkN,inference_affirm,dailydilemmas,3,4,0.5,-0.6923729489017025,0.5,-0.6790661613576662,0.013306787544036358,0.0
0.05,0.5,0.15,R_7fTeTaHgGhgcqkN,inference_affirm,dailydilemmas,4,4,0.75,-0.6914575245591041,0.75,-0.6119282383601065,0.07952928619899768,0.0
0.05,0.5,0.15,R_12tlw5u4cVbNiP1,inference_affirm,dailydilemmas,0,4,0.75,-0.6916294137246326,0.75,-0.5919109618894023,0.09971845183523032,0.0
0.05,0.5,0.15,R_12tlw5u4cVbNiP1,inference_affirm,dailydilemmas,1,4,0.5,-0.6922729032778986,0.5,-0.6317302329697773,0.06054267030812133,0.0
0.05,0.5,0.15,R_12tlw5u4cVbNiP1,inference_affirm,dailydilemmas,2,4,1.0,-0.6913990748711327,1.0,-0.5579259846691652,0.13347309020196751,0.0
0.05,0.5,0.15,R_12tlw5u4cVbNiP1,inference_affirm,dailydilemmas,3,4,0.75,-0.6917636640252386,0.75,-0.578489331753316,0.11327433227192263,0.0
0.05,0.5,0.15,R_12tlw5u4cVbNiP1,inference_affirm,dailydilemmas,4,4,0.75,-0.6918227014195795,1.0,-0.5994251386516037,0.09239756276797573,0.25
0.05,0.5,0.2,R_5EfMjMbx1z8Kvhl,inference_categories,dailydilemmas,0,4,0.75,-0.6923275991814979,0.75,-0.6649661245169296,0.027361474664568286,0.0
0.05,0.5,0.2,R_5EfMjMbx1z8Kvhl,inference_categories,dailydilemmas,1,4,0.5,-0.692107728588651,0.75,-0.6374641849019498,0.05464354368670121,0.25
0.05,0.5,0.2,R_5EfMjMbx1z8Kvhl,inference_categories,dailydilemmas,2,4,0.5,-0.6930055898490717,0.5,-0.67170811283575,0.02129747701332163,0.0
0.05,0.5,0.2,R_5EfMjMbx1z8Kvhl,inference_categories,dailydilemmas,3,4,0.75,-0.6921698893625947,1.0,-0.6007049464793793,0.09146494288321538,0.25
0.05,0.5,0.2,R_5EfMjMbx1z8Kvhl,inference_categories,dailydilemmas,4,4,0.5,-0.6916124977152831,0.75,-0.594678348836976,0.09693414887830709,0.25
0.05,0.5,0.2,R_56aT1YjmRtKACUH,inference_categories,dailydilemmas,0,4,0.75,-0.6928161057074206,0.75,-0.6645860105590218,0.028230095148398804,0.0
0.05,0.5,0.2,R_56aT1YjmRtKACUH,inference_categories,dailydilemmas,1,4,0.25,-0.6937101957354634,0.5,-0.7390977702105483,-0.0453875744750849,0.25
0.05,0.5,0.2,R_56aT1YjmRtKACUH,inference_categories,dailydilemmas,2,4,0.75,-0.6924772749383264,0.75,-0.6568188876472791,0.03565838729104731,0.0
0.05,0.5,0.2,R_56aT1YjmRtKACUH,inference_categories,dailydilemmas,3,4,0.75,-0.692553249130433,0.75,-0.662429111261092,0.030124137869340983,0.0
0.05,0.5,0.2,R_56aT1YjmRtKACUH,inference_categories,dailydilemmas,4,4,0.5,-0.6927715965415814,0.5,-0.6970602184357219,-0.004288621894140476,0.0
0.05,0.5,0.2,R_3HS2lsaEfcZSuXu,inference_categories,dailydilemmas,0,4,1.0,-0.6922145708976619,0.75,-0.6101869034358123,0.08202766746184964,-0.25
0.05,0.5,0.2,R_3HS2lsaEfcZSuXu,inference_categories,dailydilemmas,1,4,0.5,-0.6935194048429342,0.5,-0.7634160180748134,-0.06989661323187923,0.0
0.05,0.5,0.2,R_3HS2lsaEfcZSuXu,inference_categories,dailydilemmas,2,4,0.5,-0.6928434999593708,0.5,-0.7016409403224497,-0.008797440363078946,0.0
0.05,0.5,0.2,R_3HS2lsaEfcZSuXu,inference_categories,dailydilemmas,3,4,0.5,-0.6925147737062834,0.75,-0.6207452966067653,0.0717694770995182,0.25
0.05,0.5,0.2,R_3HS2lsaEfcZSuXu,inference_categories,dailydilemmas,4,4,0.75,-0.6922641213528324,0.75,-0.6084462284744381,0.08381789287839436,0.0
0.05,0.5,0.2,R_6HoVfVJSFl7IrlL,inference_categories,dailydilemmas,0,4,0.75,-0.6928992813204569,0.5,-0.6859820788840347,0.006917202436422132,-0.25
0.05,0.5,0.2,R_6HoVfVJSFl7IrlL,inference_categories,dailydilemmas,1,4,0.75,-0.692487035620315,0.75,-0.6053244828317031,0.08716255278861185,0.0
0.05,0.5,0.2,R_6HoVfVJSFl7IrlL,inference_categories,dailydilemmas,2,4,0.25,-0.6934830207785968,0.5,-0.7311358362539173,-0.03765281547532051,0.25
0.05,0.5,0.2,R_6HoVfVJSFl7IrlL,inference_categories,dailydilemmas,3,4,0.75,-0.6924371284265671,1.0,-0.6292584718919713,0.06317865653459587,0.25
0.05,0.5,0.2,R_6HoVfVJSFl7IrlL,inference_categories,dailydilemmas,4,4,0.75,-0.691991702915315,0.75,-0.6084228737950279,0.08356882912028707,0.0
0.05,0.5,0.2,R_5Q5TZ5csoblHSvA,inference_categories,dailydilemmas,0,4,0.5,-0.6932046971065635,0.25,-0.7392869907117426,-0.046082293605179125,-0.25
0.05,0.5,0.2,R_5Q5TZ5csoblHSvA,inference_categories,dailydilemmas,1,4,0.75,-0.6933010362528886,0.5,-0.6826692817075527,0.010631754545335936,-0.25
0.05,0.5,0.2,R_5Q5TZ5csoblHSvA,inference_categories,dailydilemmas,2,4,0.5,-0.6925393726246563,0.75,-0.6706853436440278,0.021854028980628493,0.25
0.05,0.5,0.2,R_5Q5TZ5csoblHSvA,inference_categories,dailydilemmas,3,4,0.25,-0.693672157233209,0.25,-0.7164258759550222,-0.0227537187218132,0.0
0.05,0.5,0.2,R_5Q5TZ5csoblHSvA,inference_categories,dailydilemmas,4,4,0.5,-0.6927479762012052,0.5,-0.6738723773279267,0.0188755988732785,0.0
0.05,0.5,0.2,R_18H831wJaDlPwgg,inference_categories,dailydilemmas,0,4,0.5,-0.6916147042699178,0.5,-0.6643002633077933,0.02731444096212443,0.0
0.05,0.5,0.2,R_18H831wJaDlPwgg,inference_categories,dailydilemmas,1,4,1.0,-0.6899870586634695,1.0,-0.5364092780601175,0.15357778060335203,0.0
0.05,0.5,0.2,R_18H831wJaDlPwgg,inference_categories,dailydilemmas,2,4,0.25,-0.6917238616310285,0.75,-0.5952569793527481,0.09646688227828037,0.5
0.05,0.5,0.2,R_18H831wJaDlPwgg,inference_categories,dailydilemmas,3,4,1.0,-0.6891156439819446,1.0,-0.46862395286619424,0.22049169111575034,0.0
0.05,0.5,0.2,R_18H831wJaDlPwgg,inference_categories,dailydilemmas,4,4,0.75,-0.6902118746874193,1.0,-0.5028162004789118,0.18739567420850745,0.25
0.05,0.5,0.2,R_12mMAseFwoOpgqC,inference_categories,dailydilemmas,0,4,0.75,-0.6923560192102111,0.5,-0.6404542447693664,0.05190177444084465,-0.25
0.05,0.5,0.2,R_12mMAseFwoOpgqC,inference_categories,dailydilemmas,1,4,0.5,-0.692708683905009,0.5,-0.6447247767529813,0.047983907152027605,0.0
0.05,0.5,0.2,R_12mMAseFwoOpgqC,inference_categories,dailydilemmas,2,4,0.5,-0.6938594465566419,0.5,-0.7224706020421042,-0.028611155485462336,0.0
0.05,0.5,0.2,R_12mMAseFwoOpgqC,inference_categories,dailydilemmas,3,4,0.25,-0.693157141606494,0.5,-0.6894287021938255,0.0037284394126685383,0.25
0.05,0.5,0.2,R_12mMAseFwoOpgqC,inference_categories,dailydilemmas,4,4,0.75,-0.6923894076906529,0.5,-0.6337471249174325,0.05864228277322048,-0.25
0.05,0.5,0.2,R_7ojvA7NDI10RoKR,inference_categories,dailydilemmas,0,5,0.6,-0.6920068818772697,0.6,-0.6202709396993431,0.07173594217792656,0.0
0.05,0.5,0.2,R_7ojvA7NDI10RoKR,inference_categories,dailydilemmas,1,5,0.8,-0.6917348847637751,0.8,-0.5865377995674819,0.10519708519629323,0.0
0.05,0.5,0.2,R_7ojvA7NDI10RoKR,inference_categories,dailydilemmas,2,5,0.8,-0.6916545545853191,0.8,-0.6175373876947308,0.07411716689058834,0.0
0.05,0.5,0.2,R_7ojvA7NDI10RoKR,inference_categories,dailydilemmas,3,5,1.0,-0.6917046586626592,1.0,-0.5622481695446433,0.12945648911801588,0.0
0.05,0.5,0.2,R_5gbXjT8uFYXCo7E,inference_categories,dailydilemmas,0,4,0.25,-0.694026868559669,0.25,-0.7789012546484596,-0.08487438608879061,0.0
0.05,0.5,0.2,R_5gbXjT8uFYXCo7E,inference_categories,dailydilemmas,1,4,0.5,-0.6930937564136729,0.5,-0.6972442181598083,-0.004150461746135425,0.0
0.05,0.5,0.2,R_5gbXjT8uFYXCo7E,inference_categories,dailydilemmas,2,4,0.5,-0.6928904338246693,0.75,-0.6670235425425225,0.02586689128214681,0.25
0.05,0.5,0.2,R_5gbXjT8uFYXCo7E,inference_categories,dailydilemmas,3,4,0.75,-0.6928488703434292,0.75,-0.6640759355148506,0.028772934828578678,0.0
0.05,0.5,0.2,R_5gbXjT8uFYXCo7E,inference_categories,dailydilemmas,4,4,0.75,-0.6923363356652761,0.75,-0.6689797683535049,0.02335656731177116,0.0
0.05,0.5,0.2,R_7f9o7q4AZOoP4ot,inference_categories,dailydilemmas,0,4,0.5,-0.6928590408729023,0.5,-0.6984543777578774,-0.005595336884975155,0.0
0.05,0.5,0.2,R_7f9o7q4AZOoP4ot,inference_categories,dailydilemmas,1,4,0.25,-0.6940582712554482,0.25,-0.7644625424574344,-0.07040427120198622,0.0
0.05,0.5,0.2,R_7f9o7q4AZOoP4ot,inference_categories,dailydilemmas,2,4,0.25,-0.6938234561373877,0.0,-0.7309614987728374,-0.03713804263544973,-0.25
0.05,0.5,0.2,R_7f9o7q4AZOoP4ot,inference_categories,dailydilemmas,3,4,0.5,-0.6930868562810306,0.25,-0.733065539183686,-0.03997868290265538,-0.25
0.05,0.5,0.2,R_7f9o7q4AZOoP4ot,inference_categories,dailydilemmas,4,4,0.25,-0.6937483224132927,0.25,-0.7852023626278075,-0.09145404021451486,0.0
0.05,0.5,0.2,R_1WHYlcDjJDcnUfD,inference_categories,dailydilemmas,0,4,0.25,-0.6936107817399355,0.5,-0.7095908858921152,-0.015980104152179653,0.25
0.05,0.5,0.2,R_1WHYlcDjJDcnUfD,inference_categories,dailydilemmas,1,4,0.75,-0.6927597897553112,0.75,-0.6770656400557228,0.015694149699588378,0.0
0.05,0.5,0.2,R_1WHYlcDjJDcnUfD,inference_categories,dailydilemmas,2,4,0.5,-0.692882790314926,0.75,-0.6837294709705654,0.009153319344360589,0.25
0.05,0.5,0.2,R_1WHYlcDjJDcnUfD,inference_categories,dailydilemmas,3,4,0.5,-0.6933126230141359,0.25,-0.7402594993699299,-0.046946876355793976,-0.25
0.05,0.5,0.2,R_1WHYlcDjJDcnUfD,inference_categories,dailydilemmas,4,4,0.5,-0.6933165620073277,0.75,-0.6921565448755821,0.0011600171317456276,0.25
0.05,0.5,0.2,R_6Q0gBjey6IdfZpf,inference_categories,dailydilemmas,0,4,0.75,-0.6921669564928575,0.75,-0.6147995439446267,0.07736741254823087,0.0
0.05,0.5,0.2,R_6Q0gBjey6IdfZpf,inference_categories,dailydilemmas,1,4,1.0,-0.6919515344248186,1.0,-0.6043051700594692,0.08764636436534945,0.0
0.05,0.5,0.2,R_6Q0gBjey6IdfZpf,inference_categories,dailydilemmas,2,4,0.75,-0.6922742370254034,0.75,-0.6108058363759122,0.08146840064949112,0.0
0.05,0.5,0.2,R_6Q0gBjey6IdfZpf,inference_categories,dailydilemmas,3,4,0.75,-0.6922809472749593,0.5,-0.6455522815214134,0.04672866575354584,-0.25
0.05,0.5,0.2,R_6Q0gBjey6IdfZpf,inference_categories,dailydilemmas,4,4,0.5,-0.6923239171830518,0.5,-0.6047200613039165,0.08760385587913522,0.0
0.05,0.5,0.2,R_1wzohnjOPhN82Wd,inference_categories,dailydilemmas,0,4,0.75,-0.6912657817430935,0.75,-0.6222767452943081,0.0689890364487854,0.0
0.05,0.5,0.2,R_1wzohnjOPhN82Wd,inference_categories,dailydilemmas,1,4,0.75,-0.6910091198303364,0.75,-0.6027924575912066,0.08821666223912983,0.0
0.05,0.5,0.2,R_1wzohnjOPhN82Wd,inference_categories,dailydilemmas,2,4,0.75,-0.6916135310151922,0.75,-0.5746707493737648,0.11694278164142735,0.0
0.05,0.5,0.2,R_1wzohnjOPhN82Wd,inference_categories,dailydilemmas,3,4,0.75,-0.6912827721934094,1.0,-0.5910889071276099,0.10019386506579953,0.25
0.05,0.5,0.2,R_1wzohnjOPhN82Wd,inference_categories,dailydilemmas,4,4,0.25,-0.6945114868894781,0.25,-0.7657384109160525,-0.07122692402657449,0.0
0.05,0.5,0.2,R_70kbQcqJL4Tkq6B,inference_categories,dailydilemmas,0,4,0.5,-0.693099326816225,0.5,-0.7462829962367745,-0.05318366942054953,0.0
0.05,0.5,0.2,R_70kbQcqJL4Tkq6B,inference_categories,dailydilemmas,1,4,0.5,-0.6935456776381743,0.5,-0.7079318231936018,-0.014386145555427499,0.0
0.05,0.5,0.2,R_70kbQcqJL4Tkq6B,inference_categories,dailydilemmas,2,4,1.0,-0.6903881142268726,1.0,-0.5921593302759474,0.09822878395092527,0.0
0.05,0.5,0.2,R_70kbQcqJL4Tkq6B,inference_categories,dailydilemmas,3,4,0.75,-0.6910186881848221,0.75,-0.6254201601792735,0.06559852800554866,0.0
0.05,0.5,0.2,R_70kbQcqJL4Tkq6B,inference_categories,dailydilemmas,4,4,0.75,-0.6910584094419714,1.0,-0.5823546499448391,0.10870375949713229,0.25
0.05,0.5,0.2,R_6rftRMhNP0o6boD,inference_categories,dailydilemmas,0,4,0.25,-0.6927920742765155,0.5,-0.6730534836425122,0.019738590634003295,0.25
0.05,0.5,0.2,R_6rftRMhNP0o6boD,inference_categories,dailydilemmas,1,4,0.5,-0.6924913932327733,0.5,-0.6792844188144394,0.013206974418333961,0.0
0.05,0.5,0.2,R_6rftRMhNP0o6boD,inference_categories,dailydilemmas,2,4,0.75,-0.6930215747126403,0.5,-0.7299825563237867,-0.03696098161114647,-0.25
0.05,0.5,0.2,R_6rftRMhNP0o6boD,inference_categories,dailydilemmas,3,4,0.75,-0.6913539511353748,0.75,-0.6198249755562136,0.07152897557916116,0.0
0.05,0.5,0.2,R_6rftRMhNP0o6boD,inference_categories,dailydilemmas,4,4,1.0,-0.6911317756524363,1.0,-0.627145460504831,0.06398631514760533,0.0
0.05,0.5,0.2,R_6jv2PrGBJcO4of6,inference_categories,dailydilemmas,0,4,1.0,-0.6913708595536875,1.0,-0.5316529904742289,0.15971786907945862,0.0
0.05,0.5,0.2,R_6jv2PrGBJcO4of6,inference_categories,dailydilemmas,1,4,0.75,-0.6912995160513344,1.0,-0.5975166359320402,0.09378288011929425,0.25
0.05,0.5,0.2,R_6jv2PrGBJcO4of6,inference_categories,dailydilemmas,2,4,0.5,-0.6926591280607736,0.5,-0.6790856980734991,0.01357342998727451,0.0
0.05,0.5,0.2,R_6jv2PrGBJcO4of6,inference_categories,dailydilemmas,3,4,0.75,-0.6920955861097676,0.75,-0.6232364058827026,0.06885918022706505,0.0
0.05,0.5,0.2,R_6jv2PrGBJcO4of6,inference_categories,dailydilemmas,4,4,0.5,-0.6944162521312823,0.5,-0.8227744883540842,-0.12835823622280185,0.0
0.05,0.5,0.2,R_1dHqTtKKq3yQvmX,inference_categories,dailydilemmas,0,4,0.75,-0.6901793664806752,0.75,-0.5360491020496162,0.15413026443105904,0.0
0.05,0.5,0.2,R_1dHqTtKKq3yQvmX,inference_categories,dailydilemmas,1,4,0.5,-0.6905398035230048,0.5,-0.5798141174145398,0.110725686108465,0.0
0.05,0.5,0.2,R_1dHqTtKKq3yQvmX,inference_categories,dailydilemmas,2,4,0.75,-0.6916850396000928,0.75,-0.5973660065407127,0.09431903305938005,0.0
0.05,0.5,0.2,R_1dHqTtKKq3yQvmX,inference_categories,dailydilemmas,3,4,0.75,-0.6917166981820564,0.75,-0.6357528230656454,0.05596387511641099,0.0
0.05,0.5,0.2,R_1dHqTtKKq3yQvmX,inference_categories,dailydilemmas,4,4,0.75,-0.6905830384527758,0.75,-0.5258813970646875,0.1647016413880883,0.0
0.05,0.5,0.2,R_1P81VK8fH860C4V,inference_categories,dailydilemmas,0,4,1.0,-0.6920433577900249,1.0,-0.5944997350907851,0.09754362269923977,0.0
0.05,0.5,0.2,R_1P81VK8fH860C4V,inference_categories,dailydilemmas,1,4,1.0,-0.6919164570325738,1.0,-0.51460554222983,0.17731091480274375,0.0
0.05,0.5,0.2,R_1P81VK8fH860C4V,inference_categories,dailydilemmas,2,4,0.75,-0.6928577825296892,0.75,-0.6113404365174392,0.08151734601225002,0.0
0.05,0.5,0.2,R_1P81VK8fH860C4V,inference_categories,dailydilemmas,3,4,0.25,-0.6932254130917721,0.25,-0.6920841259233349,0.0011412871684371995,0.0
0.05,0.5,0.2,R_1P81VK8fH860C4V,inference_categories,dailydilemmas,4,4,1.0,-0.6913179800919581,1.0,-0.5281585906441323,0.16315938944782582,0.0
0.05,0.5,0.2,R_7go085j249AymBb,inference_categories,dailydilemmas,0,4,0.5,-0.6920457681275483,0.5,-0.6172653262648795,0.07478044186266875,0.0
0.05,0.5,0.2,R_7go085j249AymBb,inference_categories,dailydilemmas,1,4,0.75,-0.6918687893093179,0.75,-0.5893455764971033,0.10252321281221466,0.0
0.05,0.5,0.2,R_7go085j249AymBb,inference_categories,dailydilemmas,2,4,0.75,-0.6916919699910548,1.0,-0.5722884650131933,0.11940350497786145,0.25
0.05,0.5,0.2,R_7go085j249AymBb,inference_categories,dailydilemmas,3,4,0.75,-0.6921476975615788,0.75,-0.6107866804419994,0.08136101711957944,0.0
0.05,0.5,0.2,R_7go085j249AymBb,inference_categories,dailydilemmas,4,4,0.5,-0.6933859969559947,0.5,-0.7190956252593793,-0.025709628303384635,0.0
0.05,0.5,0.2,R_6xzSCFMWRhzZIRg,inference_categories,dailydilemmas,0,4,0.25,-0.6927821561848767,0.25,-0.6716556879333894,0.02112646825148734,0.0
0.05,0.5,0.2,R_6xzSCFMWRhzZIRg,inference_categories,dailydilemmas,1,4,0.75,-0.6925641341245401,0.75,-0.6412736378644956,0.05129049626004445,0.0
0.05,0.5,0.2,R_6xzSCFMWRhzZIRg,inference_categories,dailydilemmas,2,4,0.75,-0.6928042560852457,0.75,-0.6466985724029991,0.046105683682246545,0.0
0.05,0.5,0.2,R_6xzSCFMWRhzZIRg,inference_categories,dailydilemmas,3,4,1.0,-0.6921312027011314,1.0,-0.6026085325471642,0.0895226701539672,0.0
0.05,0.5,0.2,R_6xzSCFMWRhzZIRg,inference_categories,dailydilemmas,4,4,0.75,-0.6925934243944709,0.75,-0.6528088435642169,0.039784580830254046,0.0
0.05,0.5,0.2,R_5EychZPB1u00qZH,inference_categories,dailydilemmas,0,4,1.0,-0.6915691978027982,0.75,-0.5500242813043071,0.1415449164984911,-0.25
0.05,0.5,0.2,R_5EychZPB1u00qZH,inference_categories,dailydilemmas,1,4,0.5,-0.6922579912654148,0.5,-0.636914437743,0.05534355352241471,0.0
0.05,0.5,0.2,R_5EychZPB1u00qZH,inference_categories,dailydilemmas,2,4,1.0,-0.6920351292436367,1.0,-0.5842519906161732,0.10778313862746358,0.0
0.05,0.5,0.2,R_5EychZPB1u00qZH,inference_categories,dailydilemmas,3,4,1.0,-0.6918581079995139,0.75,-0.552833585266903,0.1390245227326109,-0.25
0.05,0.5,0.2,R_5EychZPB1u00qZH,inference_categories,dailydilemmas,4,4,0.25,-0.693113923592781,0.25,-0.7399964630026717,-0.04688253940989073,0.0
0.05,0.5,0.2,R_59glCvaBnt5WTU6,inference_categories,dailydilemmas,0,4,0.5,-0.6934585289871318,0.5,-0.7095646440143241,-0.01610611502719228,0.0
0.05,0.5,0.2,R_59glCvaBnt5WTU6,inference_categories,dailydilemmas,1,4,0.75,-0.6924249223884483,0.75,-0.6010494564381694,0.0913754659502789,0.0
0.05,0.5,0.2,R_59glCvaBnt5WTU6,inference_categories,dailydilemmas,2,4,0.75,-0.6921256744126439,1.0,-0.5940472045695083,0.09807846984313562,0.25
0.05,0.5,0.2,R_59glCvaBnt5WTU6,inference_categories,dailydilemmas,3,4,0.75,-0.6923140677501498,0.75,-0.6206919599656362,0.07162210778451361,0.0
0.05,0.5,0.2,R_59glCvaBnt5WTU6,inference_categories,dailydilemmas,4,4,0.75,-0.6924660984930848,0.75,-0.6533820991713186,0.039083999321766205,0.0
0.05,0.5,0.2,R_1nBL27EvLs0Bkk4,inference_categories,dailydilemmas,0,4,0.5,-0.6925040934732599,0.5,-0.6297867983024923,0.06271729517076763,0.0
0.05,0.5,0.2,R_1nBL27EvLs0Bkk4,inference_categories,dailydilemmas,1,4,0.25,-0.693942222109138,0.75,-0.7694241133847315,-0.07548189127559346,0.5
0.05,0.5,0.2,R_1nBL27EvLs0Bkk4,inference_categories,dailydilemmas,2,4,0.75,-0.6912821629528922,0.75,-0.5954385580644111,0.0958436048884811,0.0
0.05,0.5,0.2,R_1nBL27EvLs0Bkk4,inference_categories,dailydilemmas,3,4,0.5,-0.6924616239598635,0.75,-0.6501253615775813,0.042336262382282275,0.25
0.05,0.5,0.2,R_1nBL27EvLs0Bkk4,inference_categories,dailydilemmas,4,4,1.0,-0.6911718043804796,1.0,-0.5624027816274704,0.12876902275300928,0.0
0.05,0.5,0.2,R_6FsUQnzEYAQwtwa,inference_categories,dailydilemmas,0,4,0.75,-0.6927384253042169,1.0,-0.6567015851974071,0.03603684010680985,0.25
0.05,0.5,0.2,R_6FsUQnzEYAQwtwa,inference_categories,dailydilemmas,1,4,0.5,-0.6927163458859349,0.5,-0.6854460613692099,0.007270284516724956,0.0
0.05,0.5,0.2,R_6FsUQnzEYAQwtwa,inference_categories,dailydilemmas,2,4,0.5,-0.6932754640605925,0.75,-0.670625584771323,0.022649879289269537,0.25
0.05,0.5,0.2,R_6FsUQnzEYAQwtwa,inference_categories,dailydilemmas,3,4,0.75,-0.6926125292192916,0.75,-0.6961734266950661,-0.0035608974757744827,0.0
0.05,0.5,0.2,R_6FsUQnzEYAQwtwa,inference_categories,dailydilemmas,4,4,0.75,-0.6926171705827615,0.5,-0.6533026235552825,0.03931454702747905,-0.25
0.05,0.5,0.2,R_5pX1jjp1Yu1RSN7,inference_categories,dailydilemmas,0,4,1.0,-0.6916563926178843,1.0,-0.5712094606195154,0.12044693199836887,0.0
0.05,0.5,0.2,R_5pX1jjp1Yu1RSN7,inference_categories,dailydilemmas,1,4,0.75,-0.6913416045752215,0.5,-0.5756280289620379,0.11571357561318363,-0.25
0.05,0.5,0.2,R_5pX1jjp1Yu1RSN7,inference_categories,dailydilemmas,2,4,0.75,-0.6917451406050665,0.75,-0.574039248228608,0.11770589237645857,0.0
0.05,0.5,0.2,R_5pX1jjp1Yu1RSN7,inference_categories,dailydilemmas,3,4,0.75,-0.6915415809271314,0.75,-0.612386856607877,0.07915472431925441,0.0
0.05,0.5,0.2,R_5pX1jjp1Yu1RSN7,inference_categories,dailydilemmas,4,4,0.25,-0.6954732529707177,0.25,-0.8570393006179504,-0.1615660476472327,0.0
0.05,0.5,0.2,R_5DY1mtPtJpWz8WC,inference_categories,dailydilemmas,0,5,1.0,-0.6901900358599771,1.0,-0.4395481645347716,0.2506418713252055,0.0
0.05,0.5,0.2,R_5DY1mtPtJpWz8WC,inference_categories,dailydilemmas,1,5,0.6,-0.6912324351004475,0.8,-0.5451745272934055,0.14605790780704198,0.20000000000000007
0.05,0.5,0.2,R_5DY1mtPtJpWz8WC,inference_categories,dailydilemmas,2,5,0.8,-0.691829432035987,0.8,-0.5870371146438618,0.10479231739212524,0.0
0.05,0.5,0.2,R_5DY1mtPtJpWz8WC,inference_categories,dailydilemmas,3,5,0.6,-0.6903303706504949,0.6,-0.4986154603438539,0.19171491030664095,0.0
0.05,0.5,0.2,R_1PN3SGDWOMibPAh,inference_categories,dailydilemmas,0,4,0.75,-0.6919509454770811,1.0,-0.5861080802501484,0.10584286522693276,0.25
0.05,0.5,0.2,R_1PN3SGDWOMibPAh,inference_categories,dailydilemmas,1,4,0.5,-0.693423134032705,0.5,-0.7515558717573483,-0.058132737724643335,0.0
0.05,0.5,0.2,R_1PN3SGDWOMibPAh,inference_categories,dailydilemmas,2,4,0.5,-0.692956189895669,0.75,-0.6575326718942892,0.03542351800137977,0.25
0.05,0.5,0.2,R_1PN3SGDWOMibPAh,inference_categories,dailydilemmas,3,4,0.5,-0.6922843616630568,0.5,-0.6436902699801776,0.048594091682879204,0.0
0.05,0.5,0.2,R_1PN3SGDWOMibPAh,inference_categories,dailydilemmas,4,4,1.0,-0.6918221546867992,1.0,-0.6073879978819476,0.08443415680485156,0.0
0.05,0.5,0.2,R_3SrBXsc2uYrsSZz,inference_categories,dailydilemmas,0,4,0.5,-0.6921819867098238,0.75,-0.62963999298769,0.06254199372213376,0.25
0.05,0.5,0.2,R_3SrBXsc2uYrsSZz,inference_categories,dailydilemmas,1,4,0.75,-0.6927603848918005,0.5,-0.704356430299119,-0.011596045407318512,-0.25
0.05,0.5,0.2,R_3SrBXsc2uYrsSZz,inference_categories,dailydilemmas,2,4,0.5,-0.6928712779217644,0.5,-0.7371796799659611,-0.044308402044196726,0.0
0.05,0.5,0.2,R_3SrBXsc2uYrsSZz,inference_categories,dailydilemmas,3,4,0.75,-0.6917737093762071,0.75,-0.583835976627094,0.10793773274911311,0.0
0.05,0.5,0.2,R_3SrBXsc2uYrsSZz,inference_categories,dailydilemmas,4,4,1.0,-0.691789791299691,1.0,-0.5868243135419674,0.10496547775772358,0.0
0.05,0.5,0.2,R_7rNeEq8TvAxjqdL,inference_categories,dailydilemmas,0,4,0.75,-0.6911846470944386,0.75,-0.5513073735700619,0.13987727352437673,0.0
0.05,0.5,0.2,R_7rNeEq8TvAxjqdL,inference_categories,dailydilemmas,1,4,0.75,-0.69164818192401,0.75,-0.5693314756660832,0.12231670625792679,0.0
0.05,0.5,0.2,R_7rNeEq8TvAxjqdL,inference_categories,dailydilemmas,2,4,1.0,-0.6907843678215682,1.0,-0.5218177234617751,0.16896664435979303,0.0
0.05,0.5,0.2,R_7rNeEq8TvAxjqdL,inference_categories,dailydilemmas,3,4,0.75,-0.6922579415528716,0.5,-0.6764708802149894,0.015787061337882213,-0.25
0.05,0.5,0.2,R_7rNeEq8TvAxjqdL,inference_categories,dailydilemmas,4,4,0.75,-0.6916794143622071,0.75,-0.5855160352446587,0.10616337911754847,0.0
0.05,0.5,0.2,R_7QAkOtO6FETwKSv,inference_categories,dailydilemmas,0,4,0.5,-0.6935653153634046,0.5,-0.7609534098995797,-0.06738809453617511,0.0
0.05,0.5,0.2,R_7QAkOtO6FETwKSv,inference_categories,dailydilemmas,1,4,0.75,-0.6922413992091314,0.75,-0.656171668619107,0.036069730590024385,0.0
0.05,0.5,0.2,R_7QAkOtO6FETwKSv,inference_categories,dailydilemmas,2,4,0.5,-0.6929267303893999,0.5,-0.752461788689357,-0.05953505829995709,0.0
0.05,0.5,0.2,R_7QAkOtO6FETwKSv,inference_categories,dailydilemmas,3,4,1.0,-0.6920532080201354,0.25,-0.702419370038426,-0.010366162018290659,-0.75
0.05,0.5,0.2,R_7QAkOtO6FETwKSv,inference_categories,dailydilemmas,4,4,0.5,-0.692874388257928,0.5,-0.7078746557837796,-0.015000267525851596,0.0
0.05,0.5,0.2,R_6gCrJV80LvD23XK,choice_only,dailydilemmas,0,4,0.5,-0.693771785100323,0.5,-0.7623043658938501,-0.06853258079352709,0.0
0.05,0.5,0.2,R_6gCrJV80LvD23XK,choice_only,dailydilemmas,1,4,1.0,-0.6920506137011905,1.0,-0.5697211733364957,0.12232944036469473,0.0
0.05,0.5,0.2,R_6gCrJV80LvD23XK,choice_only,dailydilemmas,2,4,0.75,-0.692272194395104,0.75,-0.6406146439800595,0.051657550415044495,0.0
0.05,0.5,0.2,R_6gCrJV80LvD23XK,choice_only,dailydilemmas,3,4,0.25,-0.6935722697383494,0.25,-0.7311366754598347,-0.03756440572148534,0.0
0.05,0.5,0.2,R_6gCrJV80LvD23XK,choice_only,dailydilemmas,4,4,0.5,-0.69288341392352,0.5,-0.6717138202882612,0.021169593635258832,0.0
0.05,0.5,0.2,R_7SrhV7HvgsG1fvA,choice_only,dailydilemmas,0,4,0.5,-0.6919869228690966,0.5,-0.6417624386169318,0.05022448425216475,0.0
0.05,0.5,0.2,R_7SrhV7HvgsG1fvA,choice_only,dailydilemmas,1,4,0.75,-0.6927850648558612,1.0,-0.6622367556811984,0.03054830917466278,0.25
0.05,0.5,0.2,R_7SrhV7HvgsG1fvA,choice_only,dailydilemmas,2,4,0.5,-0.6932548429514276,0.5,-0.7341229189156817,-0.040868075964254125,0.0
0.05,0.5,0.2,R_7SrhV7HvgsG1fvA,choice_only,dailydilemmas,3,4,0.75,-0.6925621208023383,1.0,-0.6488511870437993,0.04371093375853896,0.25
0.05,0.5,0.2,R_7SrhV7HvgsG1fvA,choice_only,dailydilemmas,4,4,0.0,-0.694777709820397,0.0,-0.8150445773756837,-0.1202668675552867,0.0
0.05,0.5,0.2,R_5aLcKnMSH0hrVLH,choice_only,dailydilemmas,0,4,1.0,-0.6923263146045625,1.0,-0.6038746553856295,0.08845165921893305,0.0
0.05,0.5,0.2,R_5aLcKnMSH0hrVLH,choice_only,dailydilemmas,1,4,1.0,-0.691702529524409,0.75,-0.6040561315310526,0.08764639799335638,-0.25
0.05,0.5,0.2,R_5aLcKnMSH0hrVLH,choice_only,dailydilemmas,2,4,0.75,-0.6924378717203983,0.5,-0.636056588269835,0.05638128345056326,-0.25
0.05,0.5,0.2,R_5aLcKnMSH0hrVLH,choice_only,dailydilemmas,3,4,1.0,-0.6922143155928429,1.0,-0.6562703667345263,0.03594394885831653,0.0
0.05,0.5,0.2,R_5aLcKnMSH0hrVLH,choice_only,dailydilemmas,4,4,0.5,-0.6935217086981267,0.5,-0.7644273510255217,-0.07090564232739505,0.0
0.05,0.5,0.2,R_6E6esO9YjIptSgZ,choice_only,dailydilemmas,0,5,0.4,-0.6933243109022651,0.4,-0.7054602416980122,-0.012135930795747152,0.0
0.05,0.5,0.2,R_6E6esO9YjIptSgZ,choice_only,dailydilemmas,1,5,0.4,-0.6935058840958112,0.4,-0.6820935462427143,0.01141233785309681,0.0
0.05,0.5,0.2,R_6E6esO9YjIptSgZ,choice_only,dailydilemmas,2,5,0.4,-0.693025151606699,1.0,-0.6447133923943393,0.04831175921235964,0.6
0.05,0.5,0.2,R_6E6esO9YjIptSgZ,choice_only,dailydilemmas,3,5,0.4,-0.693228696324342,0.4,-0.6870833082646364,0.006145388059705659,0.0
0.05,0.5,0.2,R_1MCxQvFXsgFj9AZ,choice_only,dailydilemmas,0,4,0.0,-0.6941318405634145,0.5,-0.7124398208359541,-0.01830798027253966,0.5
0.05,0.5,0.2,R_1MCxQvFXsgFj9AZ,choice_only,dailydilemmas,1,4,0.75,-0.6930678237544948,0.5,-0.6862570048935281,0.006810818860966683,-0.25
0.05,0.5,0.2,R_1MCxQvFXsgFj9AZ,choice_only,dailydilemmas,2,4,0.25,-0.6935068931572397,0.25,-0.7521454362139278,-0.05863854305668814,0.0
0.05,0.5,0.2,R_1MCxQvFXsgFj9AZ,choice_only,dailydilemmas,3,4,0.25,-0.6936224990050501,0.25,-0.7175711700858988,-0.023948671080848638,0.0
0.05,0.5,0.2,R_1MCxQvFXsgFj9AZ,choice_only,dailydilemmas,4,4,0.75,-0.6930774068097307,0.5,-0.6906203734669647,0.002457033342766035,-0.25
0.05,0.5,0.2,R_3JfmC4gRU1JpbNv,choice_only,dailydilemmas,0,4,0.75,-0.691414093721901,0.75,-0.5835649645602115,0.10784912916168954,0.0
0.05,0.5,0.2,R_3JfmC4gRU1JpbNv,choice_only,dailydilemmas,1,4,1.0,-0.6911231568843574,1.0,-0.5451955575526863,0.1459275993316711,0.0
0.05,0.5,0.2,R_3JfmC4gRU1JpbNv,choice_only,dailydilemmas,2,4,0.5,-0.6937110318112766,0.5,-0.7168610759186562,-0.02315004410737964,0.0
0.05,0.5,0.2,R_3JfmC4gRU1JpbNv,choice_only,dailydilemmas,3,4,0.5,-0.6933484607438867,0.5,-0.6683160778098595,0.02503238293402721,0.0
0.05,0.5,0.2,R_3JfmC4gRU1JpbNv,choice_only,dailydilemmas,4,4,1.0,-0.691460935575063,1.0,-0.5597013328433629,0.13175960273170018,0.0
0.05,0.5,0.2,R_7QGHM1iZnW1jfRx,choice_only,dailydilemmas,0,4,0.5,-0.6933461948959684,0.5,-0.6948283927692911,-0.0014821978733227104,0.0
0.05,0.5,0.2,R_7QGHM1iZnW1jfRx,choice_only,dailydilemmas,1,4,0.5,-0.6933979723363053,0.5,-0.7209386001075477,-0.027540627771242443,0.0
0.05,0.5,0.2,R_7QGHM1iZnW1jfRx,choice_only,dailydilemmas,2,4,0.5,-0.692723397096704,0.25,-0.7037469315006161,-0.011023534403912016,-0.25
0.05,0.5,0.2,R_7QGHM1iZnW1jfRx,choice_only,dailydilemmas,3,4,0.75,-0.693106248193503,0.75,-0.6771035103274408,0.01600273786606221,0.0
0.05,0.5,0.2,R_7QGHM1iZnW1jfRx,choice_only,dailydilemmas,4,4,0.25,-0.6938567634717323,0.25,-0.7315161765973378,-0.0376594131256055,0.0
0.05,0.5,0.2,R_6rBDZvDRiktj92h,choice_only,dailydilemmas,0,4,0.75,-0.6919508583886247,0.5,-0.6576226122615974,0.03432824612702734,-0.25
0.05,0.5,0.2,R_6rBDZvDRiktj92h,choice_only,dailydilemmas,1,4,0.5,-0.6920848654673555,0.5,-0.6340945475415577,0.057990317925797785,0.0
0.05,0.5,0.2,R_6rBDZvDRiktj92h,choice_only,dailydilemmas,2,4,0.75,-0.6926821806338346,0.75,-0.6894457847696365,0.003236395864198105,0.0
0.05,0.5,0.2,R_6rBDZvDRiktj92h,choice_only,dailydilemmas,3,4,0.5,-0.6925047484490472,0.5,-0.6904190397927643,0.002085708656282881,0.0
0.05,0.5,0.2,R_6rBDZvDRiktj92h,choice_only,dailydilemmas,4,4,0.5,-0.6936433799394314,0.5,-0.7484311058612259,-0.05478772592179448,0.0
0.05,0.5,0.2,R_7DZXdu8GHiSZQbw,choice_only,dailydilemmas,0,5,0.8,-0.6915098669160649,0.8,-0.5863664282285799,0.10514343868748499,0.0
0.05,0.5,0.2,R_7DZXdu8GHiSZQbw,choice_only,dailydilemmas,1,5,0.6,-0.690806185488559,0.6,-0.5610037277517576,0.12980245773680144,0.0
0.05,0.5,0.2,R_7DZXdu8GHiSZQbw,choice_only,dailydilemmas,2,5,0.8,-0.6908536245536288,0.8,-0.5441739976727319,0.14667962688089686,0.0
0.05,0.5,0.2,R_7DZXdu8GHiSZQbw,choice_only,dailydilemmas,3,5,0.8,-0.6915137653328134,0.8,-0.6070427638433438,0.08447100148946962,0.0
0.05,0.5,0.2,R_3wNdGb7QZmozWdV,inference_affirm,dailydilemmas,0,4,0.75,-0.6925585495452946,0.5,-0.6868381727364263,0.005720376808868277,-0.25
0.05,0.5,0.2,R_3wNdGb7QZmozWdV,inference_affirm,dailydilemmas,1,4,0.5,-0.692981251064235,0.5,-0.6944936819367107,-0.0015124308724756563,0.0
0.05,0.5,0.2,R_3wNdGb7QZmozWdV,inference_affirm,dailydilemmas,2,4,0.25,-0.693020012554981,0.25,-0.7267465316331242,-0.03372651907814317,0.0
0.05,0.5,0.2,R_3wNdGb7QZmozWdV,inference_affirm,dailydilemmas,3,4,1.0,-0.6923061806371242,0.75,-0.6543080665580745,0.03799811407904974,-0.25
0.05,0.5,0.2,R_3wNdGb7QZmozWdV,inference_affirm,dailydilemmas,4,4,0.75,-0.6922461602262034,0.75,-0.6497259874007708,0.042520172825432634,0.0
0.05,0.5,0.2,R_54BDOExpKqNLP7U,choice_only,dailydilemmas,0,5,1.0,-0.690222392201228,1.0,-0.48126444010797814,0.2089579520932499,0.0
0.05,0.5,0.2,R_54BDOExpKqNLP7U,choice_only,dailydilemmas,1,5,0.8,-0.6912457920133276,1.0,-0.5455707397582685,0.14567505225505906,0.19999999999999996
0.05,0.5,0.2,R_54BDOExpKqNLP7U,choice_only,dailydilemmas,2,5,0.6,-0.6923603456842805,0.6,-0.6535029266555555,0.03885741902872497,0.0
0.05,0.5,0.2,R_54BDOExpKqNLP7U,choice_only,dailydilemmas,3,5,0.8,-0.6900271794005838,1.0,-0.45526903526251045,0.23475814413807333,0.19999999999999996
0.05,0.5,0.2,R_7FP7x1oOPEhKFnt,choice_only,dailydilemmas,0,4,1.0,-0.6919280667454282,1.0,-0.56693140574824,0.1249966609971882,0.0
0.05,0.5,0.2,R_7FP7x1oOPEhKFnt,choice_only,dailydilemmas,1,4,0.5,-0.6928210627175507,1.0,-0.6376487734914849,0.055172289226065874,0.5
0.05,0.5,0.2,R_7FP7x1oOPEhKFnt,choice_only,dailydilemmas,2,4,1.0,-0.6925045821357162,0.75,-0.6363857154031342,0.05611886673258204,-0.25
0.05,0.5,0.2,R_7FP7x1oOPEhKFnt,choice_only,dailydilemmas,3,4,0.75,-0.6929586161800017,0.75,-0.6989295939911883,-0.005970977811186606,0.0
0.05,0.5,0.2,R_7FP7x1oOPEhKFnt,choice_only,dailydilemmas,4,4,0.75,-0.6921518574026817,0.5,-0.6311519486558198,0.0609999087468619,-0.25
0.05,0.5,0.2,R_3RlcXTweCHzrYtz,choice_only,dailydilemmas,0,4,0.75,-0.692169622767719,0.75,-0.6155333313118719,0.07663629145584705,0.0
0.05,0.5,0.2,R_3RlcXTweCHzrYtz,choice_only,dailydilemmas,1,4,0.5,-0.6921245155651763,0.5,-0.6342384516509667,0.057886063914209585,0.0
0.05,0.5,0.2,R_3RlcXTweCHzrYtz,choice_only,dailydilemmas,2,4,0.25,-0.6934837659178836,0.5,-0.7216831147169033,-0.02819934879901964,0.25
0.05,0.5,0.2,R_3RlcXTweCHzrYtz,choice_only,dailydilemmas,3,4,0.5,-0.6932357233524356,0.5,-0.7100179709255303,-0.016782247573094766,0.0
0.05,0.5,0.2,R_3RlcXTweCHzrYtz,choice_only,dailydilemmas,4,4,0.75,-0.6924225385240101,0.75,-0.6077533487113486,0.08466918981266158,0.0
0.05,0.5,0.2,R_64MjAxTXtmHjKMx,choice_only,dailydilemmas,0,4,0.5,-0.6926941351033684,0.5,-0.6521466147298527,0.04054752037351572,0.0
0.05,0.5,0.2,R_64MjAxTXtmHjKMx,choice_only,dailydilemmas,1,4,0.25,-0.6940710556215365,0.25,-0.676927110671755,0.017143944949781442,0.0
0.05,0.5,0.2,R_64MjAxTXtmHjKMx,choice_only,dailydilemmas,2,4,0.25,-0.6938039134381895,0.25,-0.792382275499179,-0.09857836206098947,0.0
0.05,0.5,0.2,R_64MjAxTXtmHjKMx,choice_only,dailydilemmas,3,4,0.75,-0.6920861844549647,0.75,-0.5900790089224803,0.1020071755324844,0.0
0.05,0.5,0.2,R_64MjAxTXtmHjKMx,choice_only,dailydilemmas,4,4,1.0,-0.6918386995488164,1.0,-0.5532800152021845,0.13855868434663188,0.0
0.05,0.5,0.2,R_5B7Sbr53fSq1D3z,inference_affirm,dailydilemmas,0,4,1.0,-0.6924009679036246,0.75,-0.6485929605812443,0.04380800732238033,-0.25
0.05,0.5,0.2,R_5B7Sbr53fSq1D3z,inference_affirm,dailydilemmas,1,4,1.0,-0.6914967585051052,0.75,-0.5737603939629168,0.11773636454218839,-0.25
0.05,0.5,0.2,R_5B7Sbr53fSq1D3z,inference_affirm,dailydilemmas,2,4,0.5,-0.6916899171728221,0.5,-0.5993250928374068,0.09236482433541537,0.0
0.05,0.5,0.2,R_5B7Sbr53fSq1D3z,inference_affirm,dailydilemmas,3,4,0.5,-0.6925555829975424,0.5,-0.6361950379510187,0.05636054504652366,0.0
0.05,0.5,0.2,R_5B7Sbr53fSq1D3z,inference_affirm,dailydilemmas,4,4,0.5,-0.6934639971088424,0.25,-0.7095084615474632,-0.01604446443862073,-0.25
0.05,0.5,0.2,R_7fTeTaHgGhgcqkN,inference_affirm,dailydilemmas,0,4,0.75,-0.6918140257887567,0.75,-0.5855948595434346,0.10621916624532213,0.0
0.05,0.5,0.2,R_7fTeTaHgGhgcqkN,inference_affirm,dailydilemmas,1,4,0.75,-0.6912834457678454,1.0,-0.5860115938030285,0.10527185196481692,0.25
0.05,0.5,0.2,R_7fTeTaHgGhgcqkN,inference_affirm,dailydilemmas,2,4,1.0,-0.6919592595083794,1.0,-0.6022037889728711,0.08975547053550836,0.0
0.05,0.5,0.2,R_7fTeTaHgGhgcqkN,inference_affirm,dailydilemmas,3,4,0.5,-0.6923729489017025,0.5,-0.6775359119341209,0.014837036967581652,0.0
0.05,0.5,0.2,R_7fTeTaHgGhgcqkN,inference_affirm,dailydilemmas,4,4,0.75,-0.6914575245591041,0.75,-0.6123424258522355,0.07911509870686861,0.0
0.05,0.5,0.2,R_12tlw5u4cVbNiP1,inference_affirm,dailydilemmas,0,4,0.75,-0.6916294137246326,0.75,-0.5931102672787779,0.09851914644585469,0.0
0.05,0.5,0.2,R_12tlw5u4cVbNiP1,inference_affirm,dailydilemmas,1,4,0.5,-0.6922729032778986,0.5,-0.6322246003676246,0.060048302910273965,0.0
0.05,0.5,0.2,R_12tlw5u4cVbNiP1,inference_affirm,dailydilemmas,2,4,1.0,-0.6913990748711327,1.0,-0.5586686938428984,0.1327303810282343,0.0
0.05,0.5,0.2,R_12tlw5u4cVbNiP1,inference_affirm,dailydilemmas,3,4,0.75,-0.6917636640252386,0.75,-0.5793332250557475,0.11243043896949112,0.0
0.05,0.5,0.2,R_12tlw5u4cVbNiP1,inference_affirm,dailydilemmas,4,4,0.75,-0.6918227014195795,1.0,-0.5991674679315301,0.09265523348804938,0.25
0.05,0.5,0.3,R_5EfMjMbx1z8Kvhl,inference_categories,dailydilemmas,0,4,0.75,-0.6923275991814979,0.5,-0.6747593318059819,0.017568267375515978,-0.25
0.05,0.5,0.3,R_5EfMjMbx1z8Kvhl,inference_categories,dailydilemmas,1,4,0.5,-0.692107728588651,0.75,-0.6454526289805952,0.046655099608055806,0.25
0.05,0.5,0.3,R_5EfMjMbx1z8Kvhl,inference_categories,dailydilemmas,2,4,0.5,-0.6930055898490717,0.5,-0.6706199449310226,0.022385644918049064,0.0
0.05,0.5,0.3,R_5EfMjMbx1z8Kvhl,inference_categories,dailydilemmas,3,4,0.75,-0.6921698893625947,1.0,-0.6038699763033883,0.08829991305920637,0.25
0.05,0.5,0.3,R_5EfMjMbx1z8Kvhl,inference_categories,dailydilemmas,4,4,0.5,-0.6916124977152831,0.75,-0.6071167042657597,0.0844957934495234,0.25
0.05,0.5,0.3,R_56aT1YjmRtKACUH,inference_categories,dailydilemmas,0,4,0.75,-0.6928161057074206,0.75,-0.6624848575829649,0.030331248124455645,0.0
0.05,0.5,0.3,R_56aT1YjmRtKACUH,inference_categories,dailydilemmas,1,4,0.25,-0.6937101957354634,0.5,-0.7389979304164664,-0.045287734681003,0.25
0.05,0.5,0.3,R_56aT1YjmRtKACUH,inference_categories,dailydilemmas,2,4,0.75,-0.6924772749383264,0.75,-0.6585250808136394,0.033952194124687085,0.0
0.05,0.5,0.3,R_56aT1YjmRtKACUH,inference_categories,dailydilemmas,3,4,0.75,-0.692553249130433,0.75,-0.6647529073520271,0.027800341778405957,0.0
0.05,0.5,0.3,R_56aT1YjmRtKACUH,inference_categories,dailydilemmas,4,4,0.5,-0.6927715965415814,0.5,-0.7011881411369164,-0.00841654459533503,0.0
0.05,0.5,0.3,R_3HS2lsaEfcZSuXu,inference_categories,dailydilemmas,0,4,1.0,-0.6922145708976619,0.75,-0.612356140119316,0.07985843077834587,-0.25
0.05,0.5,0.3,R_3HS2lsaEfcZSuXu,inference_categories,dailydilemmas,1,4,0.5,-0.6935194048429342,0.5,-0.7653016897472035,-0.0717822849042693,0.0
0.05,0.5,0.3,R_3HS2lsaEfcZSuXu,inference_categories,dailydilemmas,2,4,0.5,-0.6928434999593708,0.5,-0.7027451809088292,-0.009901680949458425,0.0
0.05,0.5,0.3,R_3HS2lsaEfcZSuXu,inference_categories,dailydilemmas,3,4,0.5,-0.6925147737062834,0.75,-0.620965489560616,0.07154928414566741,0.25
0.05,0.5,0.3,R_3HS2lsaEfcZSuXu,inference_categories,dailydilemmas,4,4,0.75,-0.6922641213528324,0.75,-0.6088784196094403,0.0833857017433921,0.0
0.05,0.5,0.3,R_6HoVfVJSFl7IrlL,inference_categories,dailydilemmas,0,4,0.75,-0.6928992813204569,0.5,-0.684803155173098,0.008096126147358884,-0.25
0.05,0.5,0.3,R_6HoVfVJSFl7IrlL,inference_categories,dailydilemmas,1,4,0.75,-0.692487035620315,0.75,-0.607608295732698,0.08487873988761696,0.0
0.05,0.5,0.3,R_6HoVfVJSFl7IrlL,inference_categories,dailydilemmas,2,4,0.25,-0.6934830207785968,0.5,-0.7287876557627433,-0.03530463498414649,0.25
0.05,0.5,0.3,R_6HoVfVJSFl7IrlL,inference_categories,dailydilemmas,3,4,0.75,-0.6924371284265671,1.0,-0.6300348726743497,0.06240225575221747,0.25
0.05,0.5,0.3,R_6HoVfVJSFl7IrlL,inference_categories,dailydilemmas,4,4,0.75,-0.691991702915315,0.75,-0.6098618035337479,0.08212989938156712,0.0
0.05,0.5,0.3,R_5Q5TZ5csoblHSvA,inference_categories,dailydilemmas,0,4,0.5,-0.6932046971065635,0.25,-0.7381116326588334,-0.04490693555226988,-0.25
0.05,0.5,0.3,R_5Q5TZ5csoblHSvA,inference_categories,dailydilemmas,1,4,0.75,-0.6933010362528886,0.5,-0.680843645845814,0.012457390407074609,-0.25
0.05,0.5,0.3,R_5Q5TZ5csoblHSvA,inference_categories,dailydilemmas,2,4,0.5,-0.6925393726246563,0.75,-0.6736082482575754,0.018931124367080887,0.25
0.05,0.5,0.3,R_5Q5TZ5csoblHSvA,inference_categories,dailydilemmas,3,4,0.25,-0.693672157233209,0.25,-0.7157970958920217,-0.02212493865881271,0.0
0.05,0.5,0.3,R_5Q5TZ5csoblHSvA,inference_categories,dailydilemmas,4,4,0.5,-0.6927479762012052,0.5,-0.675849373825111,0.016898602376094196,0.0
0.05,0.5,0.3,R_18H831wJaDlPwgg,inference_categories,dailydilemmas,0,4,0.5,-0.6916147042699178,0.5,-0.666493123560544,0.02512158070937376,0.0
0.05,0.5,0.3,R_18H831wJaDlPwgg,inference_categories,dailydilemmas,1,4,1.0,-0.6899870586634695,1.0,-0.5340365271902354,0.15595053147323412,0.0
0.05,0.5,0.3,R_18H831wJaDlPwgg,inference_categories,dailydilemmas,2,4,0.25,-0.6917238616310285,0.5,-0.5991674376853399,0.09255642394568864,0.25
0.05,0.5,0.3,R_18H831wJaDlPwgg,inference_categories,dailydilemmas,3,4,1.0,-0.6891156439819446,1.0,-0.47406758830463525,0.21504805567730934,0.0
0.05,0.5,0.3,R_18H831wJaDlPwgg,inference_categories,dailydilemmas,4,4,0.75,-0.6902118746874193,1.0,-0.5055512213648082,0.18466065332261106,0.25
0.05,0.5,0.3,R_12mMAseFwoOpgqC,inference_categories,dailydilemmas,0,4,0.75,-0.6923560192102111,0.5,-0.6410137075363893,0.05134231167382175,-0.25
0.05,0.5,0.3,R_12mMAseFwoOpgqC,inference_categories,dailydilemmas,1,4,0.5,-0.692708683905009,0.5,-0.6441702425864251,0.04853844131858387,0.0
0.05,0.5,0.3,R_12mMAseFwoOpgqC,inference_categories,dailydilemmas,2,4,0.5,-0.6938594465566419,0.5,-0.7194130930702478,-0.02555364651360592,0.0
0.05,0.5,0.3,R_12mMAseFwoOpgqC,inference_categories,dailydilemmas,3,4,0.25,-0.693157141606494,0.5,-0.6904390685927817,0.0027180730137122966,0.25
0.05,0.5,0.3,R_12mMAseFwoOpgqC,inference_categories,dailydilemmas,4,4,0.75,-0.6923894076906529,0.5,-0.6333094395517,0.05907996813895289,-0.25
0.05,0.5,0.3,R_7ojvA7NDI10RoKR,inference_categories,dailydilemmas,0,5,0.6,-0.6920068818772697,0.6,-0.6214194595105991,0.0705874223666706,0.0
0.05,0.5,0.3,R_7ojvA7NDI10RoKR,inference_categories,dailydilemmas,1,5,0.8,-0.6917348847637751,0.8,-0.5858466681887795,0.10588821657499559,0.0
0.05,0.5,0.3,R_7ojvA7NDI10RoKR,inference_categories,dailydilemmas,2,5,0.8,-0.6916545545853191,0.8,-0.6192428455827332,0.07241170900258587,0.0
0.05,0.5,0.3,R_7ojvA7NDI10RoKR,inference_categories,dailydilemmas,3,5,1.0,-0.6917046586626592,1.0,-0.5687254566884337,0.12297920197422552,0.0
0.05,0.5,0.3,R_5gbXjT8uFYXCo7E,inference_categories,dailydilemmas,0,4,0.25,-0.694026868559669,0.25,-0.7727641292651096,-0.07873726070544063,0.0
0.05,0.5,0.3,R_5gbXjT8uFYXCo7E,inference_categories,dailydilemmas,1,4,0.5,-0.6930937564136729,0.5,-0.6924955523324403,0.0005982040812325673,0.0
0.05,0.5,0.3,R_5gbXjT8uFYXCo7E,inference_categories,dailydilemmas,2,4,0.5,-0.6928904338246693,0.75,-0.6602995585726442,0.03259087525202509,0.25
0.05,0.5,0.3,R_5gbXjT8uFYXCo7E,inference_categories,dailydilemmas,3,4,0.75,-0.6928488703434292,0.75,-0.6650664019801412,0.027782468363288015,0.0
0.05,0.5,0.3,R_5gbXjT8uFYXCo7E,inference_categories,dailydilemmas,4,4,0.75,-0.6923363356652761,0.75,-0.6617392052791768,0.030597130386099236,0.0
0.05,0.5,0.3,R_7f9o7q4AZOoP4ot,inference_categories,dailydilemmas,0,4,0.5,-0.6928590408729023,0.5,-0.7003669092387758,-0.007507868365873471,0.0
0.05,0.5,0.3,R_7f9o7q4AZOoP4ot,inference_categories,dailydilemmas,1,4,0.25,-0.6940582712554482,0.25,-0.7661706325312712,-0.07211236127582299,0.0
0.05,0.5,0.3,R_7f9o7q4AZOoP4ot,inference_categories,dailydilemmas,2,4,0.25,-0.6938234561373877,0.25,-0.7292455184951988,-0.03542206235781109,0.0
0.05,0.5,0.3,R_7f9o7q4AZOoP4ot,inference_categories,dailydilemmas,3,4,0.5,-0.6930868562810306,0.25,-0.7300260780607875,-0.03693922177975684,-0.25
0.05,0.5,0.3,R_7f9o7q4AZOoP4ot,inference_categories,dailydilemmas,4,4,0.25,-0.6937483224132927,0.25,-0.7893008207845175,-0.09555249837122481,0.0
0.05,0.5,0.3,R_1WHYlcDjJDcnUfD,inference_categories,dailydilemmas,0,4,0.25,-0.6936107817399355,0.5,-0.7094846092219239,-0.0158738274819884,0.25
0.05,0.5,0.3,R_1WHYlcDjJDcnUfD,inference_categories,dailydilemmas,1,4,0.75,-0.6927597897553112,0.75,-0.6809721061538225,0.01178768360148863,0.0
0.05,0.5,0.3,R_1WHYlcDjJDcnUfD,inference_categories,dailydilemmas,2,4,0.5,-0.692882790314926,0.75,-0.6831449552512894,0.009737835063636568,0.25
0.05,0.5,0.3,R_1WHYlcDjJDcnUfD,inference_categories,dailydilemmas,3,4,0.5,-0.6933126230141359,0.25,-0.7407528567026311,-0.04744023368849526,-0.25
0.05,0.5,0.3,R_1WHYlcDjJDcnUfD,inference_categories,dailydilemmas,4,4,0.5,-0.6933165620073277,0.75,-0.6869577466259178,0.006358815381409921,0.25
0.05,0.5,0.3,R_6Q0gBjey6IdfZpf,inference_categories,dailydilemmas,0,4,0.75,-0.6921669564928575,0.75,-0.618460219837299,0.07370673665555849,0.0
0.05,0.5,0.3,R_6Q0gBjey6IdfZpf,inference_categories,dailydilemmas,1,4,1.0,-0.6919515344248186,1.0,-0.6054144651207493,0.08653706930406935,0.0
0.05,0.5,0.3,R_6Q0gBjey6IdfZpf,inference_categories,dailydilemmas,2,4,0.75,-0.6922742370254034,0.75,-0.6119814961874692,0.08029274083793414,0.0
0.05,0.5,0.3,R_6Q0gBjey6IdfZpf,inference_categories,dailydilemmas,3,4,0.75,-0.6922809472749593,0.5,-0.6517615217601578,0.04051942551480148,-0.25
0.05,0.5,0.3,R_6Q0gBjey6IdfZpf,inference_categories,dailydilemmas,4,4,0.5,-0.6923239171830518,0.5,-0.6042535017513484,0.08807041543170335,0.0
0.05,0.5,0.3,R_1wzohnjOPhN82Wd,inference_categories,dailydilemmas,0,4,0.75,-0.6912657817430935,0.75,-0.6252471778943043,0.06601860384878921,0.0
0.05,0.5,0.3,R_1wzohnjOPhN82Wd,inference_categories,dailydilemmas,1,4,0.75,-0.6910091198303364,0.75,-0.6041805326843174,0.08682858714601904,0.0
0.05,0.5,0.3,R_1wzohnjOPhN82Wd,inference_categories,dailydilemmas,2,4,0.75,-0.6916135310151922,0.75,-0.5727269118664591,0.11888661914873311,0.0
0.05,0.5,0.3,R_1wzohnjOPhN82Wd,inference_categories,dailydilemmas,3,4,0.75,-0.6912827721934094,1.0,-0.590915438951851,0.10036733324155844,0.25
0.05,0.5,0.3,R_1wzohnjOPhN82Wd,inference_categories,dailydilemmas,4,4,0.25,-0.6945114868894781,0.25,-0.7629737905330056,-0.06846230364352757,0.0
0.05,0.5,0.3,R_70kbQcqJL4Tkq6B,inference_categories,dailydilemmas,0,4,0.5,-0.693099326816225,0.5,-0.7455268958877954,-0.05242756907157042,0.0
0.05,0.5,0.3,R_70kbQcqJL4Tkq6B,inference_categories,dailydilemmas,1,4,0.5,-0.6935456776381743,0.5,-0.7009206830272664,-0.007375005389092082,0.0
0.05,0.5,0.3,R_70kbQcqJL4Tkq6B,inference_categories,dailydilemmas,2,4,1.0,-0.6903881142268726,1.0,-0.5994676931302236,0.090920421096649,0.0
0.05,0.5,0.3,R_70kbQcqJL4Tkq6B,inference_categories,dailydilemmas,3,4,0.75,-0.6910186881848221,0.75,-0.6238442815854364,0.06717440659938578,0.0
0.05,0.5,0.3,R_70kbQcqJL4Tkq6B,inference_categories,dailydilemmas,4,4,0.75,-0.6910584094419714,1.0,-0.5849722177238295,0.10608619171814193,0.25
0.05,0.5,0.3,R_6rftRMhNP0o6boD,inference_categories,dailydilemmas,0,4,0.25,-0.6927920742765155,0.5,-0.6664214929419932,0.026370581334522303,0.25
0.05,0.5,0.3,R_6rftRMhNP0o6boD,inference_categories,dailydilemmas,1,4,0.5,-0.6924913932327733,0.75,-0.6786419157187923,0.013849477513981023,0.25
0.05,0.5,0.3,R_6rftRMhNP0o6boD,inference_categories,dailydilemmas,2,4,0.75,-0.6930215747126403,0.5,-0.7267495228926661,-0.03372794818002589,-0.25
0.05,0.5,0.3,R_6rftRMhNP0o6boD,inference_categories,dailydilemmas,3,4,0.75,-0.6913539511353748,0.75,-0.6227487787281052,0.0686051724072696,0.0
0.05,0.5,0.3,R_6rftRMhNP0o6boD,inference_categories,dailydilemmas,4,4,1.0,-0.6911317756524363,1.0,-0.6311469386472736,0.05998483700516277,0.0
0.05,0.5,0.3,R_6jv2PrGBJcO4of6,inference_categories,dailydilemmas,0,4,1.0,-0.6913708595536875,1.0,-0.5399539436487985,0.15141691590488904,0.0
0.05,0.5,0.3,R_6jv2PrGBJcO4of6,inference_categories,dailydilemmas,1,4,0.75,-0.6912995160513344,1.0,-0.6067630319656331,0.08453648408570136,0.25
0.05,0.5,0.3,R_6jv2PrGBJcO4of6,inference_categories,dailydilemmas,2,4,0.5,-0.6926591280607736,0.5,-0.6842961650790607,0.008362962981712907,0.0
0.05,0.5,0.3,R_6jv2PrGBJcO4of6,inference_categories,dailydilemmas,3,4,0.75,-0.6920955861097676,0.75,-0.6271162790478704,0.06497930706189725,0.0
0.05,0.5,0.3,R_6jv2PrGBJcO4of6,inference_categories,dailydilemmas,4,4,0.5,-0.6944162521312823,0.5,-0.8248494477191202,-0.13043319558783784,0.0
0.05,0.5,0.3,R_1dHqTtKKq3yQvmX,inference_categories,dailydilemmas,0,4,0.75,-0.6901793664806752,0.75,-0.530348890101443,0.1598304763792322,0.0
0.05,0.5,0.3,R_1dHqTtKKq3yQvmX,inference_categories,dailydilemmas,1,4,0.5,-0.6905398035230048,0.5,-0.5704015299783916,0.12013827354461326,0.0
0.05,0.5,0.3,R_1dHqTtKKq3yQvmX,inference_categories,dailydilemmas,2,4,0.75,-0.6916850396000928,0.75,-0.596080222725114,0.09560481687497879,0.0
0.05,0.5,0.3,R_1dHqTtKKq3yQvmX,inference_categories,dailydilemmas,3,4,0.75,-0.6917166981820564,0.75,-0.6324407621166436,0.059275936065412815,0.0
0.05,0.5,0.3,R_1dHqTtKKq3yQvmX,inference_categories,dailydilemmas,4,4,0.75,-0.6905830384527758,0.75,-0.5263842726843353,0.1641987657684405,0.0
0.05,0.5,0.3,R_1P81VK8fH860C4V,inference_categories,dailydilemmas,0,4,1.0,-0.6920433577900249,1.0,-0.5910979786415772,0.1009453791484477,0.0
0.05,0.5,0.3,R_1P81VK8fH860C4V,inference_categories,dailydilemmas,1,4,1.0,-0.6919164570325738,1.0,-0.5161646095282637,0.17575184750431005,0.0
0.05,0.5,0.3,R_1P81VK8fH860C4V,inference_categories,dailydilemmas,2,4,0.75,-0.6928577825296892,0.75,-0.6130196377574774,0.07983814477221185,0.0
0.05,0.5,0.3,R_1P81VK8fH860C4V,inference_categories,dailydilemmas,3,4,0.25,-0.6932254130917721,0.25,-0.6931031232618858,0.00012228982988626846,0.0
0.05,0.5,0.3,R_1P81VK8fH860C4V,inference_categories,dailydilemmas,4,4,1.0,-0.6913179800919581,1.0,-0.5338676882493872,0.15745029184257087,0.0
0.05,0.5,0.3,R_7go085j249AymBb,inference_categories,dailydilemmas,0,4,0.5,-0.6920457681275483,0.5,-0.6171050228586661,0.07494074526888217,0.0
0.05,0.5,0.3,R_7go085j249AymBb,inference_categories,dailydilemmas,1,4,0.75,-0.6918687893093179,0.75,-0.5851822779839333,0.10668651132538465,0.0
0.05,0.5,0.3,R_7go085j249AymBb,inference_categories,dailydilemmas,2,4,0.75,-0.6916919699910548,1.0,-0.5715326396469373,0.12015933034411741,0.25
0.05,0.5,0.3,R_7go085j249AymBb,inference_categories,dailydilemmas,3,4,0.75,-0.6921476975615788,0.75,-0.6076632875763694,0.08448440998520934,0.0
0.05,0.5,0.3,R_7go085j249AymBb,inference_categories,dailydilemmas,4,4,0.5,-0.6933859969559947,0.5,-0.7188302365772339,-0.025444239621239206,0.0
0.05,0.5,0.3,R_6xzSCFMWRhzZIRg,inference_categories,dailydilemmas,0,4,0.25,-0.6927821561848767,0.25,-0.6705549858575699,0.02222717032730681,0.0
0.05,0.5,0.3,R_6xzSCFMWRhzZIRg,inference_categories,dailydilemmas,1,4,0.75,-0.6925641341245401,0.75,-0.6367196092234859,0.05584452490105418,0.0
0.05,0.5,0.3,R_6xzSCFMWRhzZIRg,inference_categories,dailydilemmas,2,4,0.75,-0.6928042560852457,0.75,-0.6460769884643448,0.04672726762090085,0.0
0.05,0.5,0.3,R_6xzSCFMWRhzZIRg,inference_categories,dailydilemmas,3,4,1.0,-0.6921312027011314,1.0,-0.6086205221532446,0.0835106805478868,0.0
0.05,0.5,0.3,R_6xzSCFMWRhzZIRg,inference_categories,dailydilemmas,4,4,0.75,-0.6925934243944709,0.75,-0.6491697739577407,0.04342365043673024,0.0
0.05,0.5,0.3,R_5EychZPB1u00qZH,inference_categories,dailydilemmas,0,4,1.0,-0.6915691978027982,0.75,-0.5512779185951304,0.14029127920766782,-0.25
0.05,0.5,0.3,R_5EychZPB1u00qZH,inference_categories,dailydilemmas,1,4,0.5,-0.6922579912654148,0.5,-0.6400944842351439,0.05216350703027084,0.0
0.05,0.5,0.3,R_5EychZPB1u00qZH,inference_categories,dailydilemmas,2,4,1.0,-0.6920351292436367,1.0,-0.583825170436567,0.10820995880706974,0.0
0.05,0.5,0.3,R_5EychZPB1u00qZH,inference_categories,dailydilemmas,3,4,1.0,-0.6918581079995139,0.75,-0.5513697173454426,0.14048839065407126,-0.25
0.05,0.5,0.3,R_5EychZPB1u00qZH,inference_categories,dailydilemmas,4,4,0.25,-0.693113923592781,0.25,-0.7397411151070363,-0.04662719151425532,0.0
0.05,0.5,0.3,R_59glCvaBnt5WTU6,inference_categories,dailydilemmas,0,4,0.5,-0.6934585289871318,0.5,-0.7109475536987098,-0.017489024711577983,0.0
0.05,0.5,0.3,R_59glCvaBnt5WTU6,inference_categories,dailydilemmas,1,4,0.75,-0.6924249223884483,0.75,-0.5991645960883775,0.09326032630007086,0.0
0.05,0.5,0.3,R_59glCvaBnt5WTU6,inference_categories,dailydilemmas,2,4,0.75,-0.6921256744126439,1.0,-0.5956675596759913,0.09645811473665267,0.25
0.05,0.5,0.3,R_59glCvaBnt5WTU6,inference_categories,dailydilemmas,3,4,0.75,-0.6923140677501498,0.75,-0.6218579946094898,0.07045607314066005,0.0
0.05,0.5,0.3,R_59glCvaBnt5WTU6,inference_categories,dailydilemmas,4,4,0.75,-0.6924660984930848,0.75,-0.6576796981124913,0.03478640038059355,0.0
0.05,0.5,0.3,R_1nBL27EvLs0Bkk4,inference_categories,dailydilemmas,0,4,0.5,-0.6925040934732599,0.75,-0.6293521032825753,0.06315199019068463,0.25
0.05,0.5,0.3,R_1nBL27EvLs0Bkk4,inference_categories,dailydilemmas,1,4,0.25,-0.693942222109138,0.5,-0.7685024986198028,-0.07456027651066477,0.25
0.05,0.5,0.3,R_1nBL27EvLs0Bkk4,inference_categories,dailydilemmas,2,4,0.75,-0.6912821629528922,0.75,-0.5967888395723817,0.09449332338051053,0.0
0.05,0.5,0.3,R_1nBL27EvLs0Bkk4,inference_categories,dailydilemmas,3,4,0.5,-0.6924616239598635,0.75,-0.6495485758909076,0.042913048068955906,0.25
0.05,0.5,0.3,R_1nBL27EvLs0Bkk4,inference_categories,dailydilemmas,4,4,1.0,-0.6911718043804796,1.0,-0.5681928199210589,0.12297898445942079,0.0
0.05,0.5,0.3,R_6FsUQnzEYAQwtwa,inference_categories,dailydilemmas,0,4,0.75,-0.6927384253042169,1.0,-0.6580767386919028,0.03466168661231417,0.25
0.05,0.5,0.3,R_6FsUQnzEYAQwtwa,inference_categories,dailydilemmas,1,4,0.5,-0.6927163458859349,0.5,-0.6861429867755001,0.006573359110434773,0.0
0.05,0.5,0.3,R_6FsUQnzEYAQwtwa,inference_categories,dailydilemmas,2,4,0.5,-0.6932754640605925,0.75,-0.6697076093469805,0.023567854713612002,0.25
0.05,0.5,0.3,R_6FsUQnzEYAQwtwa,inference_categories,dailydilemmas,3,4,0.75,-0.6926125292192916,0.75,-0.7032477668496411,-0.010635237630349459,0.0
0.05,0.5,0.3,R_6FsUQnzEYAQwtwa,inference_categories,dailydilemmas,4,4,0.75,-0.6926171705827615,0.5,-0.6571377745484194,0.03547939603434214,-0.25
0.05,0.5,0.3,R_5pX1jjp1Yu1RSN7,inference_categories,dailydilemmas,0,4,1.0,-0.6916563926178843,1.0,-0.57037437076232,0.12128202185556425,0.0
0.05,0.5,0.3,R_5pX1jjp1Yu1RSN7,inference_categories,dailydilemmas,1,4,0.75,-0.6913416045752215,0.5,-0.5770508520212015,0.11429075255401999,-0.25
0.05,0.5,0.3,R_5pX1jjp1Yu1RSN7,inference_categories,dailydilemmas,2,4,0.75,-0.6917451406050665,0.75,-0.573509527288414,0.11823561331665255,0.0
0.05,0.5,0.3,R_5pX1jjp1Yu1RSN7,inference_categories,dailydilemmas,3,4,0.75,-0.6915415809271314,0.75,-0.6149915280539162,0.07655005287321515,0.0
0.05,0.5,0.3,R_5pX1jjp1Yu1RSN7,inference_categories,dailydilemmas,4,4,0.25,-0.6954732529707177,0.25,-0.8559990346023817,-0.16052578163166398,0.0
0.05,0.5,0.3,R_5DY1mtPtJpWz8WC,inference_categories,dailydilemmas,0,5,1.0,-0.6901900358599771,1.0,-0.44085322712556996,0.2493368087344071,0.0
0.05,0.5,0.3,R_5DY1mtPtJpWz8WC,inference_categories,dailydilemmas,1,5,0.6,-0.6912324351004475,0.8,-0.5451661282294528,0.14606630687099476,0.20000000000000007
0.05,0.5,0.3,R_5DY1mtPtJpWz8WC,inference_categories,dailydilemmas,2,5,0.8,-0.691829432035987,0.8,-0.5872885063706953,0.10454092566529172,0.0
0.05,0.5,0.3,R_5DY1mtPtJpWz8WC,inference_categories,dailydilemmas,3,5,0.6,-0.6903303706504949,0.6,-0.49811061714277105,0.1922197535077238,0.0
0.05,0.5,0.3,R_1PN3SGDWOMibPAh,inference_categories,dailydilemmas,0,4,0.75,-0.6919509454770811,1.0,-0.5844584594887093,0.1074924859883718,0.25
0.05,0.5,0.3,R_1PN3SGDWOMibPAh,inference_categories,dailydilemmas,1,4,0.5,-0.693423134032705,0.5,-0.7515810878852457,-0.058157953852540745,0.0
0.05,0.5,0.3,R_1PN3SGDWOMibPAh,inference_categories,dailydilemmas,2,4,0.5,-0.692956189895669,0.75,-0.6563016881540299,0.03665450174163909,0.25
0.05,0.5,0.3,R_1PN3SGDWOMibPAh,inference_categories,dailydilemmas,3,4,0.5,-0.6922843616630568,0.5,-0.6422338532093358,0.050050508453721054,0.0
0.05,0.5,0.3,R_1PN3SGDWOMibPAh,inference_categories,dailydilemmas,4,4,1.0,-0.6918221546867992,1.0,-0.607396255463847,0.08442589922295218,0.0
0.05,0.5,0.3,R_3SrBXsc2uYrsSZz,inference_categories,dailydilemmas,0,4,0.5,-0.6921819867098238,0.75,-0.6302220336848042,0.061959953025019554,0.25
0.05,0.5,0.3,R_3SrBXsc2uYrsSZz,inference_categories,dailydilemmas,1,4,0.75,-0.6927603848918005,0.5,-0.7032160025734784,-0.010455617681677909,-0.25
0.05,0.5,0.3,R_3SrBXsc2uYrsSZz,inference_categories,dailydilemmas,2,4,0.5,-0.6928712779217644,0.5,-0.7338765193883976,-0.0410052414666332,0.0
0.05,0.5,0.3,R_3SrBXsc2uYrsSZz,inference_categories,dailydilemmas,3,4,0.75,-0.6917737093762071,0.75,-0.5871086286758763,0.10466508070033076,0.0
0.05,0.5,0.3,R_3SrBXsc2uYrsSZz,inference_categories,dailydilemmas,4,4,1.0,-0.691789791299691,1.0,-0.5859223782749694,0.10586741302472158,0.0
0.05,0.5,0.3,R_7rNeEq8TvAxjqdL,inference_categories,dailydilemmas,0,4,0.75,-0.6911846470944386,0.75,-0.5469729369511945,0.14421171014324408,0.0
0.05,0.5,0.3,R_7rNeEq8TvAxjqdL,inference_categories,dailydilemmas,1,4,0.75,-0.69164818192401,0.75,-0.5741255495577414,0.11752263236626859,0.0
0.05,0.5,0.3,R_7rNeEq8TvAxjqdL,inference_categories,dailydilemmas,2,4,1.0,-0.6907843678215682,1.0,-0.5225054501051111,0.1682789177164571,0.0
0.05,0.5,0.3,R_7rNeEq8TvAxjqdL,inference_categories,dailydilemmas,3,4,0.75,-0.6922579415528716,0.5,-0.678940432011413,0.013317509541458605,-0.25
0.05,0.5,0.3,R_7rNeEq8TvAxjqdL,inference_categories,dailydilemmas,4,4,0.75,-0.6916794143622071,0.75,-0.5846846662009529,0.1069947481612542,0.0
0.05,0.5,0.3,R_7QAkOtO6FETwKSv,inference_categories,dailydilemmas,0,4,0.5,-0.6935653153634046,0.5,-0.7592591019921329,-0.06569378662872827,0.0
0.05,0.5,0.3,R_7QAkOtO6FETwKSv,inference_categories,dailydilemmas,1,4,0.75,-0.6922413992091314,0.75,-0.6549749965133246,0.03726640269580683,0.0
0.05,0.5,0.3,R_7QAkOtO6FETwKSv,inference_categories,dailydilemmas,2,4,0.5,-0.6929267303893999,0.5,-0.7526826851912405,-0.059755954801840594,0.0
0.05,0.5,0.3,R_7QAkOtO6FETwKSv,inference_categories,dailydilemmas,3,4,1.0,-0.6920532080201354,0.25,-0.7027717340816139,-0.010718526061478495,-0.75
0.05,0.5,0.3,R_7QAkOtO6FETwKSv,inference_categories,dailydilemmas,4,4,0.5,-0.692874388257928,0.5,-0.7057864866183252,-0.012912098360397195,0.0
0.05,0.5,0.3,R_6gCrJV80LvD23XK,choice_only,dailydilemmas,0,4,0.5,-0.693771785100323,0.5,-0.7623043658938501,-0.06853258079352709,0.0
0.05,0.5,0.3,R_6gCrJV80LvD23XK,choice_only,dailydilemmas,1,4,1.0,-0.6920506137011905,1.0,-0.5697211733364957,0.12232944036469473,0.0
0.05,0.5,0.3,R_6gCrJV80LvD23XK,choice_only,dailydilemmas,2,4,0.75,-0.692272194395104,0.75,-0.6406146439800595,0.051657550415044495,0.0
0.05,0.5,0.3,R_6gCrJV80LvD23XK,choice_only,dailydilemmas,3,4,0.25,-0.6935722697383494,0.25,-0.7311366754598347,-0.03756440572148534,0.0
0.05,0.5,0.3,R_6gCrJV80LvD23XK,choice_only,dailydilemmas,4,4,0.5,-0.69288341392352,0.5,-0.6717138202882612,0.021169593635258832,0.0
0.05,0.5,0.3,R_7SrhV7HvgsG1fvA,choice_only,dailydilemmas,0,4,0.5,-0.6919869228690966,0.5,-0.6417624386169318,0.05022448425216475,0.0
0.05,0.5,0.3,R_7SrhV7HvgsG1fvA,choice_only,dailydilemmas,1,4,0.75,-0.6927850648558612,1.0,-0.6622367556811984,0.03054830917466278,0.25
0.05,0.5,0.3,R_7SrhV7HvgsG1fvA,choice_only,dailydilemmas,2,4,0.5,-0.6932548429514276,0.5,-0.7341229189156817,-0.040868075964254125,0.0
0.05,0.5,0.3,R_7SrhV7HvgsG1fvA,choice_only,dailydilemmas,3,4,0.75,-0.6925621208023383,1.0,-0.6488511870437993,0.04371093375853896,0.25
0.05,0.5,0.3,R_7SrhV7HvgsG1fvA,choice_only,dailydilemmas,4,4,0.0,-0.694777709820397,0.0,-0.8150445773756837,-0.1202668675552867,0.0
0.05,0.5,0.3,R_5aLcKnMSH0hrVLH,choice_only,dailydilemmas,0,4,1.0,-0.6923263146045625,1.0,-0.6038746553856295,0.08845165921893305,0.0
0.05,0.5,0.3,R_5aLcKnMSH0hrVLH,choice_only,dailydilemmas,1,4,1.0,-0.691702529524409,0.75,-0.6040561315310526,0.08764639799335638,-0.25
0.05,0.5,0.3,R_5aLcKnMSH0hrVLH,choice_only,dailydilemmas,2,4,0.75,-0.6924378717203983,0.5,-0.636056588269835,0.05638128345056326,-0.25
0.05,0.5,0.3,R_5aLcKnMSH0hrVLH,choice_only,dailydilemmas,3,4,1.0,-0.6922143155928429,1.0,-0.6562703667345263,0.03594394885831653,0.0
0.05,0.5,0.3,R_5aLcKnMSH0hrVLH,choice_only,dailydilemmas,4,4,0.5,-0.6935217086981267,0.5,-0.7644273510255217,-0.07090564232739505,0.0
0.05,0.5,0.3,R_6E6esO9YjIptSgZ,choice_only,dailydilemmas,0,5,0.4,-0.6933243109022651,0.4,-0.7054602416980122,-0.012135930795747152,0.0
0.05,0.5,0.3,R_6E6esO9YjIptSgZ,choice_only,dailydilemmas,1,5,0.4,-0.6935058840958112,0.4,-0.6820935462427143,0.01141233785309681,0.0
0.05,0.5,0.3,R_6E6esO9YjIptSgZ,choice_only,dailydilemmas,2,5,0.4,-0.693025151606699,1.0,-0.6447133923943393,0.04831175921235964,0.6
0.05,0.5,0.3,R_6E6esO9YjIptSgZ,choice_only,dailydilemmas,3,5,0.4,-0.693228696324342,0.4,-0.6870833082646364,0.006145388059705659,0.0
0.05,0.5,0.3,R_1MCxQvFXsgFj9AZ,choice_only,dailydilemmas,0,4,0.0,-0.6941318405634145,0.5,-0.7124398208359541,-0.01830798027253966,0.5
0.05,0.5,0.3,R_1MCxQvFXsgFj9AZ,choice_only,dailydilemmas,1,4,0.75,-0.6930678237544948,0.5,-0.6862570048935281,0.006810818860966683,-0.25
0.05,0.5,0.3,R_1MCxQvFXsgFj9AZ,choice_only,dailydilemmas,2,4,0.25,-0.6935068931572397,0.25,-0.7521454362139278,-0.05863854305668814,0.0
0.05,0.5,0.3,R_1MCxQvFXsgFj9AZ,choice_only,dailydilemmas,3,4,0.25,-0.6936224990050501,0.25,-0.7175711700858988,-0.023948671080848638,0.0
0.05,0.5,0.3,R_1MCxQvFXsgFj9AZ,choice_only,dailydilemmas,4,4,0.75,-0.6930774068097307,0.5,-0.6906203734669647,0.002457033342766035,-0.25
0.05,0.5,0.3,R_3JfmC4gRU1JpbNv,choice_only,dailydilemmas,0,4,0.75,-0.691414093721901,0.75,-0.5835649645602115,0.10784912916168954,0.0
0.05,0.5,0.3,R_3JfmC4gRU1JpbNv,choice_only,dailydilemmas,1,4,1.0,-0.6911231568843574,1.0,-0.5451955575526863,0.1459275993316711,0.0
0.05,0.5,0.3,R_3JfmC4gRU1JpbNv,choice_only,dailydilemmas,2,4,0.5,-0.6937110318112766,0.5,-0.7168610759186562,-0.02315004410737964,0.0
0.05,0.5,0.3,R_3JfmC4gRU1JpbNv,choice_only,dailydilemmas,3,4,0.5,-0.6933484607438867,0.5,-0.6683160778098595,0.02503238293402721,0.0
0.05,0.5,0.3,R_3JfmC4gRU1JpbNv,choice_only,dailydilemmas,4,4,1.0,-0.691460935575063,1.0,-0.5597013328433629,0.13175960273170018,0.0
0.05,0.5,0.3,R_7QGHM1iZnW1jfRx,choice_only,dailydilemmas,0,4,0.5,-0.6933461948959684,0.5,-0.6948283927692911,-0.0014821978733227104,0.0
0.05,0.5,0.3,R_7QGHM1iZnW1jfRx,choice_only,dailydilemmas,1,4,0.5,-0.6933979723363053,0.5,-0.7209386001075477,-0.027540627771242443,0.0
0.05,0.5,0.3,R_7QGHM1iZnW1jfRx,choice_only,dailydilemmas,2,4,0.5,-0.692723397096704,0.25,-0.7037469315006161,-0.011023534403912016,-0.25
0.05,0.5,0.3,R_7QGHM1iZnW1jfRx,choice_only,dailydilemmas,3,4,0.75,-0.693106248193503,0.75,-0.6771035103274408,0.01600273786606221,0.0
0.05,0.5,0.3,R_7QGHM1iZnW1jfRx,choice_only,dailydilemmas,4,4,0.25,-0.6938567634717323,0.25,-0.7315161765973378,-0.0376594131256055,0.0
0.05,0.5,0.3,R_6rBDZvDRiktj92h,choice_only,dailydilemmas,0,4,0.75,-0.6919508583886247,0.5,-0.6576226122615974,0.03432824612702734,-0.25
0.05,0.5,0.3,R_6rBDZvDRiktj92h,choice_only,dailydilemmas,1,4,0.5,-0.6920848654673555,0.5,-0.6340945475415577,0.057990317925797785,0.0
0.05,0.5,0.3,R_6rBDZvDRiktj92h,choice_only,dailydilemmas,2,4,0.75,-0.6926821806338346,0.75,-0.6894457847696365,0.003236395864198105,0.0
0.05,0.5,0.3,R_6rBDZvDRiktj92h,choice_only,dailydilemmas,3,4,0.5,-0.6925047484490472,0.5,-0.6904190397927643,0.002085708656282881,0.0
0.05,0.5,0.3,R_6rBDZvDRiktj92h,choice_only,dailydilemmas,4,4,0.5,-0.6936433799394314,0.5,-0.7484311058612259,-0.05478772592179448,0.0
0.05,0.5,0.3,R_7DZXdu8GHiSZQbw,choice_only,dailydilemmas,0,5,0.8,-0.6915098669160649,0.8,-0.5863664282285799,0.10514343868748499,0.0
0.05,0.5,0.3,R_7DZXdu8GHiSZQbw,choice_only,dailydilemmas,1,5,0.6,-0.690806185488559,0.6,-0.5610037277517576,0.12980245773680144,0.0
0.05,0.5,0.3,R_7DZXdu8GHiSZQbw,choice_only,dailydilemmas,2,5,0.8,-0.6908536245536288,0.8,-0.5441739976727319,0.14667962688089686,0.0
0.05,0.5,0.3,R_7DZXdu8GHiSZQbw,choice_only,dailydilemmas,3,5,0.8,-0.6915137653328134,0.8,-0.6070427638433438,0.08447100148946962,0.0
0.05,0.5,0.3,R_3wNdGb7QZmozWdV,inference_affirm,dailydilemmas,0,4,0.75,-0.6925585495452946,0.75,-0.6938008277528154,-0.001242278207520764,0.0
0.05,0.5,0.3,R_3wNdGb7QZmozWdV,inference_affirm,dailydilemmas,1,4,0.5,-0.692981251064235,0.5,-0.6924880883345014,0.0004931627297336538,0.0
0.05,0.5,0.3,R_3wNdGb7QZmozWdV,inference_affirm,dailydilemmas,2,4,0.25,-0.693020012554981,0.25,-0.7366886481011673,-0.043668635546186274,0.0
0.05,0.5,0.3,R_3wNdGb7QZmozWdV,inference_affirm,dailydilemmas,3,4,1.0,-0.6923061806371242,0.75,-0.6509209425456606,0.04138523809146366,-0.25
0.05,0.5,0.3,R_3wNdGb7QZmozWdV,inference_affirm,dailydilemmas,4,4,0.75,-0.6922461602262034,0.75,-0.6495815283605932,0.0426646318656102,0.0
0.05,0.5,0.3,R_54BDOExpKqNLP7U,choice_only,dailydilemmas,0,5,1.0,-0.690222392201228,1.0,-0.48126444010797814,0.2089579520932499,0.0
0.05,0.5,0.3,R_54BDOExpKqNLP7U,choice_only,dailydilemmas,1,5,0.8,-0.6912457920133276,1.0,-0.5455707397582685,0.14567505225505906,0.19999999999999996
0.05,0.5,0.3,R_54BDOExpKqNLP7U,choice_only,dailydilemmas,2,5,0.6,-0.6923603456842805,0.6,-0.6535029266555555,0.03885741902872497,0.0
0.05,0.5,0.3,R_54BDOExpKqNLP7U,choice_only,dailydilemmas,3,5,0.8,-0.6900271794005838,1.0,-0.45526903526251045,0.23475814413807333,0.19999999999999996
0.05,0.5,0.3,R_7FP7x1oOPEhKFnt,choice_only,dailydilemmas,0,4,1.0,-0.6919280667454282,1.0,-0.56693140574824,0.1249966609971882,0.0
0.05,0.5,0.3,R_7FP7x1oOPEhKFnt,choice_only,dailydilemmas,1,4,0.5,-0.6928210627175507,1.0,-0.6376487734914849,0.055172289226065874,0.5
0.05,0.5,0.3,R_7FP7x1oOPEhKFnt,choice_only,dailydilemmas,2,4,1.0,-0.6925045821357162,0.75,-0.6363857154031342,0.05611886673258204,-0.25
0.05,0.5,0.3,R_7FP7x1oOPEhKFnt,choice_only,dailydilemmas,3,4,0.75,-0.6929586161800017,0.75,-0.6989295939911883,-0.005970977811186606,0.0
0.05,0.5,0.3,R_7FP7x1oOPEhKFnt,choice_only,dailydilemmas,4,4,0.75,-0.6921518574026817,0.5,-0.6311519486558198,0.0609999087468619,-0.25
0.05,0.5,0.3,R_3RlcXTweCHzrYtz,choice_only,dailydilemmas,0,4,0.75,-0.692169622767719,0.75,-0.6155333313118719,0.07663629145584705,0.0
0.05,0.5,0.3,R_3RlcXTweCHzrYtz,choice_only,dailydilemmas,1,4,0.5,-0.6921245155651763,0.5,-0.6342384516509667,0.057886063914209585,0.0
0.05,0.5,0.3,R_3RlcXTweCHzrYtz,choice_only,dailydilemmas,2,4,0.25,-0.6934837659178836,0.5,-0.7216831147169033,-0.02819934879901964,0.25
0.05,0.5,0.3,R_3RlcXTweCHzrYtz,choice_only,dailydilemmas,3,4,0.5,-0.6932357233524356,0.5,-0.7100179709255303,-0.016782247573094766,0.0
0.05,0.5,0.3,R_3RlcXTweCHzrYtz,choice_only,dailydilemmas,4,4,0.75,-0.6924225385240101,0.75,-0.6077533487113486,0.08466918981266158,0.0
0.05,0.5,0.3,R_64MjAxTXtmHjKMx,choice_only,dailydilemmas,0,4,0.5,-0.6926941351033684,0.5,-0.6521466147298527,0.04054752037351572,0.0
0.05,0.5,0.3,R_64MjAxTXtmHjKMx,choice_only,dailydilemmas,1,4,0.25,-0.6940710556215365,0.25,-0.676927110671755,0.017143944949781442,0.0
0.05,0.5,0.3,R_64MjAxTXtmHjKMx,choice_only,dailydilemmas,2,4,0.25,-0.6938039134381895,0.25,-0.792382275499179,-0.09857836206098947,0.0
0.05,0.5,0.3,R_64MjAxTXtmHjKMx,choice_only,dailydilemmas,3,4,0.75,-0.6920861844549647,0.75,-0.5900790089224803,0.1020071755324844,0.0
0.05,0.5,0.3,R_64MjAxTXtmHjKMx,choice_only,dailydilemmas,4,4,1.0,-0.6918386995488164,1.0,-0.5532800152021845,0.13855868434663188,0.0
0.05,0.5,0.3,R_5B7Sbr53fSq1D3z,inference_affirm,dailydilemmas,0,4,1.0,-0.6924009679036246,0.75,-0.6505135336978343,0.04188743420579033,-0.25
0.05,0.5,0.3,R_5B7Sbr53fSq1D3z,inference_affirm,dailydilemmas,1,4,1.0,-0.6914967585051052,0.75,-0.5779936066660818,0.11350315183902338,-0.25
0.05,0.5,0.3,R_5B7Sbr53fSq1D3z,inference_affirm,dailydilemmas,2,4,0.5,-0.6916899171728221,0.5,-0.600391648203004,0.09129826896981819,0.0
0.05,0.5,0.3,R_5B7Sbr53fSq1D3z,inference_affirm,dailydilemmas,3,4,0.5,-0.6925555829975424,0.5,-0.6319114617591861,0.060644121238356274,0.0
0.05,0.5,0.3,R_5B7Sbr53fSq1D3z,inference_affirm,dailydilemmas,4,4,0.5,-0.6934639971088424,0.25,-0.7090464857975293,-0.015582488688686835,-0.25
0.05,0.5,0.3,R_7fTeTaHgGhgcqkN,inference_affirm,dailydilemmas,0,4,0.75,-0.6918140257887567,0.75,-0.5877351022182641,0.10407892357049264,0.0
0.05,0.5,0.3,R_7fTeTaHgGhgcqkN,inference_affirm,dailydilemmas,1,4,0.75,-0.6912834457678454,1.0,-0.5851866894730096,0.10609675629483584,0.25
0.05,0.5,0.3,R_7fTeTaHgGhgcqkN,inference_affirm,dailydilemmas,2,4,1.0,-0.6919592595083794,1.0,-0.6051157616684016,0.0868434978399778,0.0
0.05,0.5,0.3,R_7fTeTaHgGhgcqkN,inference_affirm,dailydilemmas,3,4,0.5,-0.6923729489017025,0.5,-0.6743887127466119,0.017984236155090594,0.0
0.05,0.5,0.3,R_7fTeTaHgGhgcqkN,inference_affirm,dailydilemmas,4,4,0.75,-0.6914575245591041,0.75,-0.6133861596031822,0.07807136495592193,0.0
0.05,0.5,0.3,R_12tlw5u4cVbNiP1,inference_affirm,dailydilemmas,0,4,0.75,-0.6916294137246326,0.75,-0.595739093758471,0.0958903199661616,0.0
0.05,0.5,0.3,R_12tlw5u4cVbNiP1,inference_affirm,dailydilemmas,1,4,0.5,-0.6922729032778986,0.5,-0.6334974607195767,0.0587754425583219,0.0
0.05,0.5,0.3,R_12tlw5u4cVbNiP1,inference_affirm,dailydilemmas,2,4,1.0,-0.6913990748711327,1.0,-0.5604765176860337,0.13092255718509904,0.0
0.05,0.5,0.3,R_12tlw5u4cVbNiP1,inference_affirm,dailydilemmas,3,4,0.75,-0.6917636640252386,0.75,-0.5811248184814517,0.11063884554378689,0.0
0.05,0.5,0.3,R_12tlw5u4cVbNiP1,inference_affirm,dailydilemmas,4,4,0.75,-0.6918227014195795,1.0,-0.5984699075678576,0.0933527938517219,0.25
0.05,0.5,0.5,R_5EfMjMbx1z8Kvhl,inference_categories,dailydilemmas,0,4,0.75,-0.6923275991814979,0.5,-0.6945779817656477,-0.0022503825841497793,-0.25
0.05,0.5,0.5,R_5EfMjMbx1z8Kvhl,inference_categories,dailydilemmas,1,4,0.5,-0.692107728588651,0.75,-0.6600134051082905,0.032094323480360454,0.25
0.05,0.5,0.5,R_5EfMjMbx1z8Kvhl,inference_categories,dailydilemmas,2,4,0.5,-0.6930055898490717,0.5,-0.6692873391414772,0.02371825070759448,0.0
0.05,0.5,0.5,R_5EfMjMbx1z8Kvhl,inference_categories,dailydilemmas,3,4,0.75,-0.6921698893625947,1.0,-0.6117391092781703,0.08043078008442439,0.25
0.05,0.5,0.5,R_5EfMjMbx1z8Kvhl,inference_categories,dailydilemmas,4,4,0.5,-0.6916124977152831,0.5,-0.6318013289251873,0.05981116879009585,0.0
0.05,0.5,0.5,R_56aT1YjmRtKACUH,inference_categories,dailydilemmas,0,4,0.75,-0.6928161057074206,1.0,-0.6559647535946285,0.03685135211279211,0.25
0.05,0.5,0.5,R_56aT1YjmRtKACUH,inference_categories,dailydilemmas,1,4,0.25,-0.6937101957354634,0.5,-0.7402631445165788,-0.04655294878111538,0.25
0.05,0.5,0.5,R_56aT1YjmRtKACUH,inference_categories,dailydilemmas,2,4,0.75,-0.6924772749383264,0.5,-0.6651673326950095,0.027309942243316954,-0.25
0.05,0.5,0.5,R_56aT1YjmRtKACUH,inference_categories,dailydilemmas,3,4,0.75,-0.692553249130433,0.5,-0.6683113291953298,0.024241919935103273,-0.25
0.05,0.5,0.5,R_56aT1YjmRtKACUH,inference_categories,dailydilemmas,4,4,0.5,-0.6927715965415814,0.25,-0.7052021475819881,-0.01243055104040669,-0.25
0.05,0.5,0.5,R_3HS2lsaEfcZSuXu,inference_categories,dailydilemmas,0,4,1.0,-0.6922145708976619,0.75,-0.6140226929554494,0.0781918779422125,-0.25
0.05,0.5,0.5,R_3HS2lsaEfcZSuXu,inference_categories,dailydilemmas,1,4,0.5,-0.6935194048429342,0.5,-0.7693760566421446,-0.07585665179921042,0.0
0.05,0.5,0.5,R_3HS2lsaEfcZSuXu,inference_categories,dailydilemmas,2,4,0.5,-0.6928434999593708,0.5,-0.702818793978404,-0.009975294019033187,0.0
0.05,0.5,0.5,R_3HS2lsaEfcZSuXu,inference_categories,dailydilemmas,3,4,0.5,-0.6925147737062834,0.75,-0.6204240708261821,0.07209070288010133,0.25
0.05,0.5,0.5,R_3HS2lsaEfcZSuXu,inference_categories,dailydilemmas,4,4,0.75,-0.6922641213528324,0.75,-0.608641347658359,0.08362277369447346,0.0
0.05,0.5,0.5,R_6HoVfVJSFl7IrlL,inference_categories,dailydilemmas,0,4,0.75,-0.6928992813204569,0.5,-0.6825356987255685,0.010363582594888343,-0.25
0.05,0.5,0.5,R_6HoVfVJSFl7IrlL,inference_categories,dailydilemmas,1,4,0.75,-0.692487035620315,0.75,-0.6129146647936463,0.07957237082666868,0.0
0.05,0.5,0.5,R_6HoVfVJSFl7IrlL,inference_categories,dailydilemmas,2,4,0.25,-0.6934830207785968,0.75,-0.7244095226208309,-0.03092650184223411,0.5
0.05,0.5,0.5,R_6HoVfVJSFl7IrlL,inference_categories,dailydilemmas,3,4,0.75,-0.6924371284265671,1.0,-0.6319040630895468,0.0605330653370203,0.25
0.05,0.5,0.5,R_6HoVfVJSFl7IrlL,inference_categories,dailydilemmas,4,4,0.75,-0.691991702915315,0.75,-0.6121875842428759,0.07980411867243908,0.0
0.05,0.5,0.5,R_5Q5TZ5csoblHSvA,inference_categories,dailydilemmas,0,4,0.5,-0.6932046971065635,0.25,-0.7358014982638557,-0.04259680115729214,-0.25
0.05,0.5,0.5,R_5Q5TZ5csoblHSvA,inference_categories,dailydilemmas,1,4,0.75,-0.6933010362528886,0.75,-0.6769086558062327,0.01639238044665592,0.0
0.05,0.5,0.5,R_5Q5TZ5csoblHSvA,inference_categories,dailydilemmas,2,4,0.5,-0.6925393726246563,0.75,-0.6797152229117025,0.012824149712953758,0.25
0.05,0.5,0.5,R_5Q5TZ5csoblHSvA,inference_categories,dailydilemmas,3,4,0.25,-0.693672157233209,0.25,-0.7139273428460479,-0.0202551856128389,0.0
0.05,0.5,0.5,R_5Q5TZ5csoblHSvA,inference_categories,dailydilemmas,4,4,0.5,-0.6927479762012052,0.5,-0.6798119141126684,0.012936062088536815,0.0
0.05,0.5,0.5,R_18H831wJaDlPwgg,inference_categories,dailydilemmas,0,4,0.5,-0.6916147042699178,0.5,-0.6708399910768013,0.020774713193116523,0.0
0.05,0.5,0.5,R_18H831wJaDlPwgg,inference_categories,dailydilemmas,1,4,1.0,-0.6899870586634695,1.0,-0.5305035476097899,0.15948351105367964,0.0
0.05,0.5,0.5,R_18H831wJaDlPwgg,inference_categories,dailydilemmas,2,4,0.25,-0.6917238616310285,0.5,-0.6067874804806398,0.0849363811503887,0.25
0.05,0.5,0.5,R_18H831wJaDlPwgg,inference_categories,dailydilemmas,3,4,1.0,-0.6891156439819446,1.0,-0.4851196658635767,0.2039959781183679,0.0
0.05,0.5,0.5,R_18H831wJaDlPwgg,inference_categories,dailydilemmas,4,4,0.75,-0.6902118746874193,1.0,-0.5129300389763057,0.17728183571111356,0.25
0.05,0.5,0.5,R_12mMAseFwoOpgqC,inference_categories,dailydilemmas,0,4,0.75,-0.6923560192102111,0.5,-0.6427728953390814,0.04958312387112962,-0.25
0.05,0.5,0.5,R_12mMAseFwoOpgqC,inference_categories,dailydilemmas,1,4,0.5,-0.692708683905009,0.5,-0.6433057740457626,0.049402909859246336,0.0
0.05,0.5,0.5,R_12mMAseFwoOpgqC,inference_categories,dailydilemmas,2,4,0.5,-0.6938594465566419,0.25,-0.71301174512671,-0.01915229857006806,-0.25
0.05,0.5,0.5,R_12mMAseFwoOpgqC,inference_categories,dailydilemmas,3,4,0.25,-0.693157141606494,0.5,-0.6924065835991773,0.0007505580073167151,0.25
0.05,0.5,0.5,R_12mMAseFwoOpgqC,inference_categories,dailydilemmas,4,4,0.75,-0.6923894076906529,0.75,-0.6323437384499511,0.06004566924070187,0.0
0.05,0.5,0.5,R_7ojvA7NDI10RoKR,inference_categories,dailydilemmas,0,5,0.6,-0.6920068818772697,0.6,-0.6243116068509779,0.0676952750262918,0.0
0.05,0.5,0.5,R_7ojvA7NDI10RoKR,inference_categories,dailydilemmas,1,5,0.8,-0.6917348847637751,1.0,-0.5853420780632759,0.10639280670049922,0.19999999999999996
0.05,0.5,0.5,R_7ojvA7NDI10RoKR,inference_categories,dailydilemmas,2,5,0.8,-0.6916545545853191,0.8,-0.6226126592901937,0.06904189529512539,0.0
0.05,0.5,0.5,R_7ojvA7NDI10RoKR,inference_categories,dailydilemmas,3,5,1.0,-0.6917046586626592,1.0,-0.5827093188178705,0.10899533984478871,0.0
0.05,0.5,0.5,R_5gbXjT8uFYXCo7E,inference_categories,dailydilemmas,0,4,0.25,-0.694026868559669,0.25,-0.7611701561535821,-0.06714328759391308,0.0
0.05,0.5,0.5,R_5gbXjT8uFYXCo7E,inference_categories,dailydilemmas,1,4,0.5,-0.6930937564136729,0.5,-0.6853213464589073,0.00777240995476558,0.0
0.05,0.5,0.5,R_5gbXjT8uFYXCo7E,inference_categories,dailydilemmas,2,4,0.5,-0.6928904338246693,0.75,-0.6473157496904323,0.04557468413423704,0.25
0.05,0.5,0.5,R_5gbXjT8uFYXCo7E,inference_categories,dailydilemmas,3,4,0.75,-0.6928488703434292,0.75,-0.6679523121288208,0.024896558214608455,0.0
0.05,0.5,0.5,R_5gbXjT8uFYXCo7E,inference_categories,dailydilemmas,4,4,0.75,-0.6923363356652761,0.75,-0.6493075934722532,0.043028742193022884,0.0
0.05,0.5,0.5,R_7f9o7q4AZOoP4ot,inference_categories,dailydilemmas,0,4,0.5,-0.6928590408729023,0.5,-0.703735225828734,-0.010876184955831758,0.0
0.05,0.5,0.5,R_7f9o7q4AZOoP4ot,inference_categories,dailydilemmas,1,4,0.25,-0.6940582712554482,0.5,-0.7700650075395045,-0.0760067362840563,0.25
0.05,0.5,0.5,R_7f9o7q4AZOoP4ot,inference_categories,dailydilemmas,2,4,0.25,-0.6938234561373877,0.25,-0.7251206597749142,-0.03129720363752653,0.0
0.05,0.5,0.5,R_7f9o7q4AZOoP4ot,inference_categories,dailydilemmas,3,4,0.5,-0.6930868562810306,0.25,-0.7239985728821088,-0.030911716601078165,-0.25
0.05,0.5,0.5,R_7f9o7q4AZOoP4ot,inference_categories,dailydilemmas,4,4,0.25,-0.6937483224132927,0.25,-0.7928197551335622,-0.09907143272026953,0.0
0.05,0.5,0.5,R_1WHYlcDjJDcnUfD,inference_categories,dailydilemmas,0,4,0.25,-0.6936107817399355,0.75,-0.7097516290471728,-0.016140847307237305,0.5
0.05,0.5,0.5,R_1WHYlcDjJDcnUfD,inference_categories,dailydilemmas,1,4,0.75,-0.6927597897553112,0.75,-0.6890214828010713,0.003738306954239823,0.0
0.05,0.5,0.5,R_1WHYlcDjJDcnUfD,inference_categories,dailydilemmas,2,4,0.5,-0.692882790314926,0.75,-0.6821244326794066,0.010758357635519356,0.25
0.05,0.5,0.5,R_1WHYlcDjJDcnUfD,inference_categories,dailydilemmas,3,4,0.5,-0.6933126230141359,0.0,-0.7403326272165862,-0.04702000420245034,-0.5
0.05,0.5,0.5,R_1WHYlcDjJDcnUfD,inference_categories,dailydilemmas,4,4,0.5,-0.6933165620073277,0.75,-0.6759290177278046,0.01738754427952316,0.25
0.05,0.5,0.5,R_6Q0gBjey6IdfZpf,inference_categories,dailydilemmas,0,4,0.75,-0.6921669564928575,0.75,-0.6260796365122101,0.06608731998064743,0.0
0.05,0.5,0.5,R_6Q0gBjey6IdfZpf,inference_categories,dailydilemmas,1,4,1.0,-0.6919515344248186,1.0,-0.6084032807754539,0.08354825364936469,0.0
0.05,0.5,0.5,R_6Q0gBjey6IdfZpf,inference_categories,dailydilemmas,2,4,0.75,-0.6922742370254034,0.75,-0.614834515030127,0.07743972199527638,0.0
0.05,0.5,0.5,R_6Q0gBjey6IdfZpf,inference_categories,dailydilemmas,3,4,0.75,-0.6922809472749593,0.5,-0.6643878974548637,0.02789304982009555,-0.25
0.05,0.5,0.5,R_6Q0gBjey6IdfZpf,inference_categories,dailydilemmas,4,4,0.5,-0.6923239171830518,0.5,-0.6033757067402944,0.08894821044275736,0.0
0.05,0.5,0.5,R_1wzohnjOPhN82Wd,inference_categories,dailydilemmas,0,4,0.75,-0.6912657817430935,0.5,-0.6312379117808552,0.0600278699622383,-0.25
0.05,0.5,0.5,R_1wzohnjOPhN82Wd,inference_categories,dailydilemmas,1,4,0.75,-0.6910091198303364,0.75,-0.6072312809455446,0.08377783888479184,0.0
0.05,0.5,0.5,R_1wzohnjOPhN82Wd,inference_categories,dailydilemmas,2,4,0.75,-0.6916135310151922,0.75,-0.570625460786536,0.12098807022865621,0.0
0.05,0.5,0.5,R_1wzohnjOPhN82Wd,inference_categories,dailydilemmas,3,4,0.75,-0.6912827721934094,1.0,-0.5913438229448409,0.0999389492485685,0.25
0.05,0.5,0.5,R_1wzohnjOPhN82Wd,inference_categories,dailydilemmas,4,4,0.25,-0.6945114868894781,0.25,-0.7576924007191738,-0.0631809138296957,0.0
0.05,0.5,0.5,R_70kbQcqJL4Tkq6B,inference_categories,dailydilemmas,0,4,0.5,-0.693099326816225,0.5,-0.7442545427476038,-0.05115521593137884,0.0
0.05,0.5,0.5,R_70kbQcqJL4Tkq6B,inference_categories,dailydilemmas,1,4,0.5,-0.6935456776381743,0.75,-0.6861837675554319,0.007361910082742451,0.25
0.05,0.5,0.5,R_70kbQcqJL4Tkq6B,inference_categories,dailydilemmas,2,4,1.0,-0.6903881142268726,0.75,-0.6142318596263288,0.07615625460054387,-0.25
0.05,0.5,0.5,R_70kbQcqJL4Tkq6B,inference_categories,dailydilemmas,3,4,0.75,-0.6910186881848221,0.75,-0.6209607867983039,0.07005790138651824,0.0
0.05,0.5,0.5,R_70kbQcqJL4Tkq6B,inference_categories,dailydilemmas,4,4,0.75,-0.6910584094419714,1.0,-0.5905976599938567,0.10046074944811467,0.25
0.05,0.5,0.5,R_6rftRMhNP0o6boD,inference_categories,dailydilemmas,0,4,0.25,-0.6927920742765155,0.5,-0.652874956532286,0.03991711774422946,0.25
0.05,0.5,0.5,R_6rftRMhNP0o6boD,inference_categories,dailydilemmas,1,4,0.5,-0.6924913932327733,0.75,-0.6782545947307298,0.014236798502043513,0.25
0.05,0.5,0.5,R_6rftRMhNP0o6boD,inference_categories,dailydilemmas,2,4,0.75,-0.6930215747126403,0.75,-0.7203358002984813,-0.027314225585841068,0.0
0.05,0.5,0.5,R_6rftRMhNP0o6boD,inference_categories,dailydilemmas,3,4,0.75,-0.6913539511353748,0.75,-0.6288668679260714,0.06248708320930341,0.0
0.05,0.5,0.5,R_6rftRMhNP0o6boD,inference_categories,dailydilemmas,4,4,1.0,-0.6911317756524363,1.0,-0.6384811140135497,0.05265066163888665,0.0
0.05,0.5,0.5,R_6jv2PrGBJcO4of6,inference_categories,dailydilemmas,0,4,1.0,-0.6913708595536875,1.0,-0.5508518835152514,0.1405189760384361,0.0
0.05,0.5,0.5,R_6jv2PrGBJcO4of6,inference_categories,dailydilemmas,1,4,0.75,-0.6912995160513344,0.75,-0.6257583167629432,0.0655411992883912,0.0
0.05,0.5,0.5,R_6jv2PrGBJcO4of6,inference_categories,dailydilemmas,2,4,0.5,-0.6926591280607736,0.5,-0.6959512792425371,-0.003292151181763514,0.0
0.05,0.5,0.5,R_6jv2PrGBJcO4of6,inference_categories,dailydilemmas,3,4,0.75,-0.6920955861097676,0.75,-0.6343194265301325,0.05777615957963511,0.0
0.05,0.5,0.5,R_6jv2PrGBJcO4of6,inference_categories,dailydilemmas,4,4,0.5,-0.6944162521312823,0.5,-0.8261047712916235,-0.1316885191603412,0.0
0.05,0.5,0.5,R_1dHqTtKKq3yQvmX,inference_categories,dailydilemmas,0,4,0.75,-0.6901793664806752,0.75,-0.5229533356902503,0.16722603079042497,0.0
0.05,0.5,0.5,R_1dHqTtKKq3yQvmX,inference_categories,dailydilemmas,1,4,0.5,-0.6905398035230048,0.5,-0.5561058475208369,0.1344339560021679,0.0
0.05,0.5,0.5,R_1dHqTtKKq3yQvmX,inference_categories,dailydilemmas,2,4,0.75,-0.6916850396000928,0.75,-0.5943553348994692,0.09732970470062352,0.0
0.05,0.5,0.5,R_1dHqTtKKq3yQvmX,inference_categories,dailydilemmas,3,4,0.75,-0.6917166981820564,0.75,-0.6259392654651423,0.06577743271691405,0.0
0.05,0.5,0.5,R_1dHqTtKKq3yQvmX,inference_categories,dailydilemmas,4,4,0.75,-0.6905830384527758,0.75,-0.5276285325856384,0.16295450586713744,0.0
0.05,0.5,0.5,R_1P81VK8fH860C4V,inference_categories,dailydilemmas,0,4,1.0,-0.6920433577900249,1.0,-0.5839913242387846,0.10805203355124027,0.0
0.05,0.5,0.5,R_1P81VK8fH860C4V,inference_categories,dailydilemmas,1,4,1.0,-0.6919164570325738,1.0,-0.5196877931529954,0.17222866387957836,0.0
0.05,0.5,0.5,R_1P81VK8fH860C4V,inference_categories,dailydilemmas,2,4,0.75,-0.6928577825296892,0.75,-0.6164542786842231,0.07640350384546613,0.0
0.05,0.5,0.5,R_1P81VK8fH860C4V,inference_categories,dailydilemmas,3,4,0.25,-0.6932254130917721,0.25,-0.6951071038699901,-0.0018816907782179815,0.0
0.05,0.5,0.5,R_1P81VK8fH860C4V,inference_categories,dailydilemmas,4,4,1.0,-0.6913179800919581,1.0,-0.5455038057228121,0.145814174369146,0.0
0.05,0.5,0.5,R_7go085j249AymBb,inference_categories,dailydilemmas,0,4,0.5,-0.6920457681275483,0.5,-0.6166463760756686,0.07539939205187962,0.0
0.05,0.5,0.5,R_7go085j249AymBb,inference_categories,dailydilemmas,1,4,0.75,-0.6918687893093179,0.75,-0.576214780392295,0.11565400891702293,0.0
0.05,0.5,0.5,R_7go085j249AymBb,inference_categories,dailydilemmas,2,4,0.75,-0.6916919699910548,1.0,-0.5696301198203806,0.12206185017067417,0.25
0.05,0.5,0.5,R_7go085j249AymBb,inference_categories,dailydilemmas,3,4,0.75,-0.6921476975615788,0.75,-0.6012811921717626,0.09086650538981622,0.0
0.05,0.5,0.5,R_7go085j249AymBb,inference_categories,dailydilemmas,4,4,0.5,-0.6933859969559947,0.5,-0.7179974493048572,-0.024611452348862528,0.0
0.05,0.5,0.5,R_6xzSCFMWRhzZIRg,inference_categories,dailydilemmas,0,4,0.25,-0.6927821561848767,0.25,-0.6687635449974114,0.02401861118746529,0.0
0.05,0.5,0.5,R_6xzSCFMWRhzZIRg,inference_categories,dailydilemmas,1,4,0.75,-0.6925641341245401,0.75,-0.6280966162771824,0.06446751784735771,0.0
0.05,0.5,0.5,R_6xzSCFMWRhzZIRg,inference_categories,dailydilemmas,2,4,0.75,-0.6928042560852457,0.75,-0.6463193186461579,0.04648493743908777,0.0
0.05,0.5,0.5,R_6xzSCFMWRhzZIRg,inference_categories,dailydilemmas,3,4,1.0,-0.6921312027011314,1.0,-0.6190694315405327,0.07306177116059864,0.0
0.05,0.5,0.5,R_6xzSCFMWRhzZIRg,inference_categories,dailydilemmas,4,4,0.75,-0.6925934243944709,0.5,-0.6434607285492231,0.04913269584524782,-0.25
0.05,0.5,0.5,R_5EychZPB1u00qZH,inference_categories,dailydilemmas,0,4,1.0,-0.6915691978027982,0.75,-0.5544969580686623,0.13707223973413596,-0.25
0.05,0.5,0.5,R_5EychZPB1u00qZH,inference_categories,dailydilemmas,1,4,0.5,-0.6922579912654148,0.5,-0.6467095561856813,0.045548435079733496,0.0
0.05,0.5,0.5,R_5EychZPB1u00qZH,inference_categories,dailydilemmas,2,4,1.0,-0.6920351292436367,1.0,-0.5830328120353951,0.1090023172082416,0.0
0.05,0.5,0.5,R_5EychZPB1u00qZH,inference_categories,dailydilemmas,3,4,1.0,-0.6918581079995139,1.0,-0.5489754504590557,0.14288265754045815,0.0
0.05,0.5,0.5,R_5EychZPB1u00qZH,inference_categories,dailydilemmas,4,4,0.25,-0.693113923592781,0.25,-0.738673096716323,-0.04555917312354196,0.0
0.05,0.5,0.5,R_59glCvaBnt5WTU6,inference_categories,dailydilemmas,0,4,0.5,-0.6934585289871318,0.5,-0.7137981869479977,-0.020339657960865898,0.0
0.05,0.5,0.5,R_59glCvaBnt5WTU6,inference_categories,dailydilemmas,1,4,0.75,-0.6924249223884483,0.75,-0.5959751645389528,0.0964497578494955,0.0
0.05,0.5,0.5,R_59glCvaBnt5WTU6,inference_categories,dailydilemmas,2,4,0.75,-0.6921256744126439,1.0,-0.5985301441666793,0.09359553024596468,0.25
0.05,0.5,0.5,R_59glCvaBnt5WTU6,inference_categories,dailydilemmas,3,4,0.75,-0.6923140677501498,0.75,-0.6248495831063747,0.06746448464377508,0.0
0.05,0.5,0.5,R_59glCvaBnt5WTU6,inference_categories,dailydilemmas,4,4,0.75,-0.6924660984930848,0.75,-0.666534143777026,0.025931954716058803,0.0
0.05,0.5,0.5,R_1nBL27EvLs0Bkk4,inference_categories,dailydilemmas,0,4,0.5,-0.6925040934732599,0.75,-0.6289802191346139,0.06352387433864604,0.25
0.05,0.5,0.5,R_1nBL27EvLs0Bkk4,inference_categories,dailydilemmas,1,4,0.25,-0.693942222109138,0.5,-0.7667045135251699,-0.07276229141603185,0.25
0.05,0.5,0.5,R_1nBL27EvLs0Bkk4,inference_categories,dailydilemmas,2,4,0.75,-0.6912821629528922,1.0,-0.5992982022223428,0.09198396073054949,0.25
0.05,0.5,0.5,R_1nBL27EvLs0Bkk4,inference_categories,dailydilemmas,3,4,0.5,-0.6924616239598635,0.75,-0.6481149175528921,0.04434670640697147,0.25
0.05,0.5,0.5,R_1nBL27EvLs0Bkk4,inference_categories,dailydilemmas,4,4,1.0,-0.6911718043804796,1.0,-0.5795183120735593,0.11165349230692034,0.0
0.05,0.5,0.5,R_6FsUQnzEYAQwtwa,inference_categories,dailydilemmas,0,4,0.75,-0.6927384253042169,1.0,-0.6602554246703713,0.03248300063384557,0.25
0.05,0.5,0.5,R_6FsUQnzEYAQwtwa,inference_categories,dailydilemmas,1,4,0.5,-0.6927163458859349,0.25,-0.6876687991831044,0.005047546702830474,-0.25
0.05,0.5,0.5,R_6FsUQnzEYAQwtwa,inference_categories,dailydilemmas,2,4,0.5,-0.6932754640605925,0.75,-0.6679673562544337,0.025308107806158775,0.25
0.05,0.5,0.5,R_6FsUQnzEYAQwtwa,inference_categories,dailydilemmas,3,4,0.75,-0.6926125292192916,0.75,-0.7169994577681373,-0.02438692854884572,0.0
0.05,0.5,0.5,R_6FsUQnzEYAQwtwa,inference_categories,dailydilemmas,4,4,0.75,-0.6926171705827615,0.5,-0.6639599220371493,0.028657248545612246,-0.25
0.05,0.5,0.5,R_5pX1jjp1Yu1RSN7,inference_categories,dailydilemmas,0,4,1.0,-0.6916563926178843,1.0,-0.570675702870947,0.12098068974693721,0.0
0.05,0.5,0.5,R_5pX1jjp1Yu1RSN7,inference_categories,dailydilemmas,1,4,0.75,-0.6913416045752215,0.75,-0.5804369066719955,0.11090469790322599,0.0
0.05,0.5,0.5,R_5pX1jjp1Yu1RSN7,inference_categories,dailydilemmas,2,4,0.75,-0.6917451406050665,0.75,-0.5728688097483252,0.11887633085674132,0.0
0.05,0.5,0.5,R_5pX1jjp1Yu1RSN7,inference_categories,dailydilemmas,3,4,0.75,-0.6915415809271314,0.75,-0.6208513662968977,0.07069021463023362,0.0
0.05,0.5,0.5,R_5pX1jjp1Yu1RSN7,inference_categories,dailydilemmas,4,4,0.25,-0.6954732529707177,0.25,-0.8516155536694054,-0.15614230069868773,0.0
0.05,0.5,0.5,R_5DY1mtPtJpWz8WC,inference_categories,dailydilemmas,0,5,1.0,-0.6901900358599771,1.0,-0.4441773178133891,0.24601271804658797,0.0
0.05,0.5,0.5,R_5DY1mtPtJpWz8WC,inference_categories,dailydilemmas,1,5,0.6,-0.6912324351004475,0.8,-0.5459200262031702,0.14531240889727737,0.20000000000000007
0.05,0.5,0.5,R_5DY1mtPtJpWz8WC,inference_categories,dailydilemmas,2,5,0.8,-0.691829432035987,0.8,-0.5883790488461553,0.10345038318983169,0.0
0.05,0.5,0.5,R_5DY1mtPtJpWz8WC,inference_categories,dailydilemmas,3,5,0.6,-0.6903303706504949,0.6,-0.4979691986936108,0.19236117195688407,0.0
0.05,0.5,0.5,R_1PN3SGDWOMibPAh,inference_categories,dailydilemmas,0,4,0.75,-0.6919509454770811,1.0,-0.5807845246922043,0.11116642078487682,0.25
0.05,0.5,0.5,R_1PN3SGDWOMibPAh,inference_categories,dailydilemmas,1,4,0.5,-0.693423134032705,0.5,-0.7513854687450998,-0.05796233471239487,0.0
0.05,0.5,0.5,R_1PN3SGDWOMibPAh,inference_categories,dailydilemmas,2,4,0.5,-0.692956189895669,0.75,-0.6541451940898881,0.038810995805780846,0.25
0.05,0.5,0.5,R_1PN3SGDWOMibPAh,inference_categories,dailydilemmas,3,4,0.5,-0.6922843616630568,0.5,-0.6395336082533221,0.052750753409734785,0.0
0.05,0.5,0.5,R_1PN3SGDWOMibPAh,inference_categories,dailydilemmas,4,4,1.0,-0.6918221546867992,1.0,-0.6071311391700015,0.0846910155167977,0.0
0.05,0.5,0.5,R_3SrBXsc2uYrsSZz,inference_categories,dailydilemmas,0,4,0.5,-0.6921819867098238,0.75,-0.6318421304898678,0.06033985621995597,0.25
0.05,0.5,0.5,R_3SrBXsc2uYrsSZz,inference_categories,dailydilemmas,1,4,0.75,-0.6927603848918005,0.5,-0.7011847226461368,-0.008424337754336375,-0.25
0.05,0.5,0.5,R_3SrBXsc2uYrsSZz,inference_categories,dailydilemmas,2,4,0.5,-0.6928712779217644,0.5,-0.7272448456092324,-0.03437356768746802,0.0
0.05,0.5,0.5,R_3SrBXsc2uYrsSZz,inference_categories,dailydilemmas,3,4,0.75,-0.6917737093762071,0.75,-0.5932658467866327,0.09850786258957434,0.0
0.05,0.5,0.5,R_3SrBXsc2uYrsSZz,inference_categories,dailydilemmas,4,4,1.0,-0.691789791299691,1.0,-0.5856990752062099,0.10609071609348109,0.0
0.05,0.5,0.5,R_7rNeEq8TvAxjqdL,inference_categories,dailydilemmas,0,4,0.75,-0.6911846470944386,0.75,-0.5382340480656329,0.1529505990288057,0.0
0.05,0.5,0.5,R_7rNeEq8TvAxjqdL,inference_categories,dailydilemmas,1,4,0.75,-0.69164818192401,0.75,-0.5837820859307287,0.10786609599328134,0.0
0.05,0.5,0.5,R_7rNeEq8TvAxjqdL,inference_categories,dailydilemmas,2,4,1.0,-0.6907843678215682,1.0,-0.523707999203202,0.16707636861836617,0.0
0.05,0.5,0.5,R_7rNeEq8TvAxjqdL,inference_categories,dailydilemmas,3,4,0.75,-0.6922579415528716,0.5,-0.683819047737416,0.008438893815455595,-0.25
0.05,0.5,0.5,R_7rNeEq8TvAxjqdL,inference_categories,dailydilemmas,4,4,0.75,-0.6916794143622071,0.75,-0.583373316225742,0.10830609813646519,0.0
0.05,0.5,0.5,R_7QAkOtO6FETwKSv,inference_categories,dailydilemmas,0,4,0.5,-0.6935653153634046,0.5,-0.7564113079432873,-0.06284599257988266,0.0
0.05,0.5,0.5,R_7QAkOtO6FETwKSv,inference_categories,dailydilemmas,1,4,0.75,-0.6922413992091314,0.75,-0.6524057629793876,0.03983563622974384,0.0
0.05,0.5,0.5,R_7QAkOtO6FETwKSv,inference_categories,dailydilemmas,2,4,0.5,-0.6929267303893999,0.5,-0.7523654024651971,-0.05943867207579723,0.0
0.05,0.5,0.5,R_7QAkOtO6FETwKSv,inference_categories,dailydilemmas,3,4,1.0,-0.6920532080201354,0.5,-0.7010109187012727,-0.008957710681137376,-0.5
0.05,0.5,0.5,R_7QAkOtO6FETwKSv,inference_categories,dailydilemmas,4,4,0.5,-0.692874388257928,0.5,-0.7021598106839755,-0.009285422426047463,0.0
0.05,0.5,0.5,R_6gCrJV80LvD23XK,choice_only,dailydilemmas,0,4,0.5,-0.693771785100323,0.5,-0.7623043658938501,-0.06853258079352709,0.0
0.05,0.5,0.5,R_6gCrJV80LvD23XK,choice_only,dailydilemmas,1,4,1.0,-0.6920506137011905,1.0,-0.5697211733364957,0.12232944036469473,0.0
0.05,0.5,0.5,R_6gCrJV80LvD23XK,choice_only,dailydilemmas,2,4,0.75,-0.692272194395104,0.75,-0.6406146439800595,0.051657550415044495,0.0
0.05,0.5,0.5,R_6gCrJV80LvD23XK,choice_only,dailydilemmas,3,4,0.25,-0.6935722697383494,0.25,-0.7311366754598347,-0.03756440572148534,0.0
0.05,0.5,0.5,R_6gCrJV80LvD23XK,choice_only,dailydilemmas,4,4,0.5,-0.69288341392352,0.5,-0.6717138202882612,0.021169593635258832,0.0
0.05,0.5,0.5,R_7SrhV7HvgsG1fvA,choice_only,dailydilemmas,0,4,0.5,-0.6919869228690966,0.5,-0.6417624386169318,0.05022448425216475,0.0
0.05,0.5,0.5,R_7SrhV7HvgsG1fvA,choice_only,dailydilemmas,1,4,0.75,-0.6927850648558612,1.0,-0.6622367556811984,0.03054830917466278,0.25
0.05,0.5,0.5,R_7SrhV7HvgsG1fvA,choice_only,dailydilemmas,2,4,0.5,-0.6932548429514276,0.5,-0.7341229189156817,-0.040868075964254125,0.0
0.05,0.5,0.5,R_7SrhV7HvgsG1fvA,choice_only,dailydilemmas,3,4,0.75,-0.6925621208023383,1.0,-0.6488511870437993,0.04371093375853896,0.25
0.05,0.5,0.5,R_7SrhV7HvgsG1fvA,choice_only,dailydilemmas,4,4,0.0,-0.694777709820397,0.0,-0.8150445773756837,-0.1202668675552867,0.0
0.05,0.5,0.5,R_5aLcKnMSH0hrVLH,choice_only,dailydilemmas,0,4,1.0,-0.6923263146045625,1.0,-0.6038746553856295,0.08845165921893305,0.0
0.05,0.5,0.5,R_5aLcKnMSH0hrVLH,choice_only,dailydilemmas,1,4,1.0,-0.691702529524409,0.75,-0.6040561315310526,0.08764639799335638,-0.25
0.05,0.5,0.5,R_5aLcKnMSH0hrVLH,choice_only,dailydilemmas,2,4,0.75,-0.6924378717203983,0.5,-0.636056588269835,0.05638128345056326,-0.25
0.05,0.5,0.5,R_5aLcKnMSH0hrVLH,choice_only,dailydilemmas,3,4,1.0,-0.6922143155928429,1.0,-0.6562703667345263,0.03594394885831653,0.0
0.05,0.5,0.5,R_5aLcKnMSH0hrVLH,choice_only,dailydilemmas,4,4,0.5,-0.6935217086981267,0.5,-0.7644273510255217,-0.07090564232739505,0.0
0.05,0.5,0.5,R_6E6esO9YjIptSgZ,choice_only,dailydilemmas,0,5,0.4,-0.6933243109022651,0.4,-0.7054602416980122,-0.012135930795747152,0.0
0.05,0.5,0.5,R_6E6esO9YjIptSgZ,choice_only,dailydilemmas,1,5,0.4,-0.6935058840958112,0.4,-0.6820935462427143,0.01141233785309681,0.0
0.05,0.5,0.5,R_6E6esO9YjIptSgZ,choice_only,dailydilemmas,2,5,0.4,-0.693025151606699,1.0,-0.6447133923943393,0.04831175921235964,0.6
0.05,0.5,0.5,R_6E6esO9YjIptSgZ,choice_only,dailydilemmas,3,5,0.4,-0.693228696324342,0.4,-0.6870833082646364,0.006145388059705659,0.0
0.05,0.5,0.5,R_1MCxQvFXsgFj9AZ,choice_only,dailydilemmas,0,4,0.0,-0.6941318405634145,0.5,-0.7124398208359541,-0.01830798027253966,0.5
0.05,0.5,0.5,R_1MCxQvFXsgFj9AZ,choice_only,dailydilemmas,1,4,0.75,-0.6930678237544948,0.5,-0.6862570048935281,0.006810818860966683,-0.25
0.05,0.5,0.5,R_1MCxQvFXsgFj9AZ,choice_only,dailydilemmas,2,4,0.25,-0.6935068931572397,0.25,-0.7521454362139278,-0.05863854305668814,0.0
0.05,0.5,0.5,R_1MCxQvFXsgFj9AZ,choice_only,dailydilemmas,3,4,0.25,-0.6936224990050501,0.25,-0.7175711700858988,-0.023948671080848638,0.0
0.05,0.5,0.5,R_1MCxQvFXsgFj9AZ,choice_only,dailydilemmas,4,4,0.75,-0.6930774068097307,0.5,-0.6906203734669647,0.002457033342766035,-0.25
0.05,0.5,0.5,R_3JfmC4gRU1JpbNv,choice_only,dailydilemmas,0,4,0.75,-0.691414093721901,0.75,-0.5835649645602115,0.10784912916168954,0.0
0.05,0.5,0.5,R_3JfmC4gRU1JpbNv,choice_only,dailydilemmas,1,4,1.0,-0.6911231568843574,1.0,-0.5451955575526863,0.1459275993316711,0.0
0.05,0.5,0.5,R_3JfmC4gRU1JpbNv,choice_only,dailydilemmas,2,4,0.5,-0.6937110318112766,0.5,-0.7168610759186562,-0.02315004410737964,0.0
0.05,0.5,0.5,R_3JfmC4gRU1JpbNv,choice_only,dailydilemmas,3,4,0.5,-0.6933484607438867,0.5,-0.6683160778098595,0.02503238293402721,0.0
0.05,0.5,0.5,R_3JfmC4gRU1JpbNv,choice_only,dailydilemmas,4,4,1.0,-0.691460935575063,1.0,-0.5597013328433629,0.13175960273170018,0.0
0.05,0.5,0.5,R_7QGHM1iZnW1jfRx,choice_only,dailydilemmas,0,4,0.5,-0.6933461948959684,0.5,-0.6948283927692911,-0.0014821978733227104,0.0
0.05,0.5,0.5,R_7QGHM1iZnW1jfRx,choice_only,dailydilemmas,1,4,0.5,-0.6933979723363053,0.5,-0.7209386001075477,-0.027540627771242443,0.0
0.05,0.5,0.5,R_7QGHM1iZnW1jfRx,choice_only,dailydilemmas,2,4,0.5,-0.692723397096704,0.25,-0.7037469315006161,-0.011023534403912016,-0.25
0.05,0.5,0.5,R_7QGHM1iZnW1jfRx,choice_only,dailydilemmas,3,4,0.75,-0.693106248193503,0.75,-0.6771035103274408,0.01600273786606221,0.0
0.05,0.5,0.5,R_7QGHM1iZnW1jfRx,choice_only,dailydilemmas,4,4,0.25,-0.6938567634717323,0.25,-0.7315161765973378,-0.0376594131256055,0.0
0.05,0.5,0.5,R_6rBDZvDRiktj92h,choice_only,dailydilemmas,0,4,0.75,-0.6919508583886247,0.5,-0.6576226122615974,0.03432824612702734,-0.25
0.05,0.5,0.5,R_6rBDZvDRiktj92h,choice_only,dailydilemmas,1,4,0.5,-0.6920848654673555,0.5,-0.6340945475415577,0.057990317925797785,0.0
0.05,0.5,0.5,R_6rBDZvDRiktj92h,choice_only,dailydilemmas,2,4,0.75,-0.6926821806338346,0.75,-0.6894457847696365,0.003236395864198105,0.0
0.05,0.5,0.5,R_6rBDZvDRiktj92h,choice_only,dailydilemmas,3,4,0.5,-0.6925047484490472,0.5,-0.6904190397927643,0.002085708656282881,0.0
0.05,0.5,0.5,R_6rBDZvDRiktj92h,choice_only,dailydilemmas,4,4,0.5,-0.6936433799394314,0.5,-0.7484311058612259,-0.05478772592179448,0.0
0.05,0.5,0.5,R_7DZXdu8GHiSZQbw,choice_only,dailydilemmas,0,5,0.8,-0.6915098669160649,0.8,-0.5863664282285799,0.10514343868748499,0.0
0.05,0.5,0.5,R_7DZXdu8GHiSZQbw,choice_only,dailydilemmas,1,5,0.6,-0.690806185488559,0.6,-0.5610037277517576,0.12980245773680144,0.0
0.05,0.5,0.5,R_7DZXdu8GHiSZQbw,choice_only,dailydilemmas,2,5,0.8,-0.6908536245536288,0.8,-0.5441739976727319,0.14667962688089686,0.0
0.05,0.5,0.5,R_7DZXdu8GHiSZQbw,choice_only,dailydilemmas,3,5,0.8,-0.6915137653328134,0.8,-0.6070427638433438,0.08447100148946962,0.0
0.05,0.5,0.5,R_3wNdGb7QZmozWdV,inference_affirm,dailydilemmas,0,4,0.75,-0.6925585495452946,0.75,-0.7069342734003504,-0.01437572385505581,0.0
0.05,0.5,0.5,R_3wNdGb7QZmozWdV,inference_affirm,dailydilemmas,1,4,0.5,-0.692981251064235,0.5,-0.6890986971246851,0.0038825539395499487,0.0
0.05,0.5,0.5,R_3wNdGb7QZmozWdV,inference_affirm,dailydilemmas,2,4,0.25,-0.693020012554981,0.25,-0.7577828938076028,-0.06476288125262175,0.0
0.05,0.5,0.5,R_3wNdGb7QZmozWdV,inference_affirm,dailydilemmas,3,4,1.0,-0.6923061806371242,0.75,-0.6454524269357859,0.046853753701338374,-0.25
0.05,0.5,0.5,R_3wNdGb7QZmozWdV,inference_affirm,dailydilemmas,4,4,0.75,-0.6922461602262034,0.75,-0.6508634943073631,0.04138266591884032,0.0
0.05,0.5,0.5,R_54BDOExpKqNLP7U,choice_only,dailydilemmas,0,5,1.0,-0.690222392201228,1.0,-0.48126444010797814,0.2089579520932499,0.0
0.05,0.5,0.5,R_54BDOExpKqNLP7U,choice_only,dailydilemmas,1,5,0.8,-0.6912457920133276,1.0,-0.5455707397582685,0.14567505225505906,0.19999999999999996
0.05,0.5,0.5,R_54BDOExpKqNLP7U,choice_only,dailydilemmas,2,5,0.6,-0.6923603456842805,0.6,-0.6535029266555555,0.03885741902872497,0.0
0.05,0.5,0.5,R_54BDOExpKqNLP7U,choice_only,dailydilemmas,3,5,0.8,-0.6900271794005838,1.0,-0.45526903526251045,0.23475814413807333,0.19999999999999996
0.05,0.5,0.5,R_7FP7x1oOPEhKFnt,choice_only,dailydilemmas,0,4,1.0,-0.6919280667454282,1.0,-0.56693140574824,0.1249966609971882,0.0
0.05,0.5,0.5,R_7FP7x1oOPEhKFnt,choice_only,dailydilemmas,1,4,0.5,-0.6928210627175507,1.0,-0.6376487734914849,0.055172289226065874,0.5
0.05,0.5,0.5,R_7FP7x1oOPEhKFnt,choice_only,dailydilemmas,2,4,1.0,-0.6925045821357162,0.75,-0.6363857154031342,0.05611886673258204,-0.25
0.05,0.5,0.5,R_7FP7x1oOPEhKFnt,choice_only,dailydilemmas,3,4,0.75,-0.6929586161800017,0.75,-0.6989295939911883,-0.005970977811186606,0.0
0.05,0.5,0.5,R_7FP7x1oOPEhKFnt,choice_only,dailydilemmas,4,4,0.75,-0.6921518574026817,0.5,-0.6311519486558198,0.0609999087468619,-0.25
0.05,0.5,0.5,R_3RlcXTweCHzrYtz,choice_only,dailydilemmas,0,4,0.75,-0.692169622767719,0.75,-0.6155333313118719,0.07663629145584705,0.0
0.05,0.5,0.5,R_3RlcXTweCHzrYtz,choice_only,dailydilemmas,1,4,0.5,-0.6921245155651763,0.5,-0.6342384516509667,0.057886063914209585,0.0
0.05,0.5,0.5,R_3RlcXTweCHzrYtz,choice_only,dailydilemmas,2,4,0.25,-0.6934837659178836,0.5,-0.7216831147169033,-0.02819934879901964,0.25
0.05,0.5,0.5,R_3RlcXTweCHzrYtz,choice_only,dailydilemmas,3,4,0.5,-0.6932357233524356,0.5,-0.7100179709255303,-0.016782247573094766,0.0
0.05,0.5,0.5,R_3RlcXTweCHzrYtz,choice_only,dailydilemmas,4,4,0.75,-0.6924225385240101,0.75,-0.6077533487113486,0.08466918981266158,0.0
0.05,0.5,0.5,R_64MjAxTXtmHjKMx,choice_only,dailydilemmas,0,4,0.5,-0.6926941351033684,0.5,-0.6521466147298527,0.04054752037351572,0.0
0.05,0.5,0.5,R_64MjAxTXtmHjKMx,choice_only,dailydilemmas,1,4,0.25,-0.6940710556215365,0.25,-0.676927110671755,0.017143944949781442,0.0
0.05,0.5,0.5,R_64MjAxTXtmHjKMx,choice_only,dailydilemmas,2,4,0.25,-0.6938039134381895,0.25,-0.792382275499179,-0.09857836206098947,0.0
0.05,0.5,0.5,R_64MjAxTXtmHjKMx,choice_only,dailydilemmas,3,4,0.75,-0.6920861844549647,0.75,-0.5900790089224803,0.1020071755324844,0.0
0.05,0.5,0.5,R_64MjAxTXtmHjKMx,choice_only,dailydilemmas,4,4,1.0,-0.6918386995488164,1.0,-0.5532800152021845,0.13855868434663188,0.0
0.05,0.5,0.5,R_5B7Sbr53fSq1D3z,inference_affirm,dailydilemmas,0,4,1.0,-0.6924009679036246,0.75,-0.6545490856130435,0.03785188229058112,-0.25
0.05,0.5,0.5,R_5B7Sbr53fSq1D3z,inference_affirm,dailydilemmas,1,4,1.0,-0.6914967585051052,0.75,-0.586991475997167,0.10450528250793822,-0.25
0.05,0.5,0.5,R_5B7Sbr53fSq1D3z,inference_affirm,dailydilemmas,2,4,0.5,-0.6916899171728221,0.5,-0.6030334139585034,0.08865650321431873,0.0
0.05,0.5,0.5,R_5B7Sbr53fSq1D3z,inference_affirm,dailydilemmas,3,4,0.5,-0.6925555829975424,0.5,-0.6239261591758501,0.06862942382169224,0.0
0.05,0.5,0.5,R_5B7Sbr53fSq1D3z,inference_affirm,dailydilemmas,4,4,0.5,-0.6934639971088424,0.25,-0.708198997990793,-0.014735000881950566,-0.25
0.05,0.5,0.5,R_7fTeTaHgGhgcqkN,inference_affirm,dailydilemmas,0,4,0.75,-0.6918140257887567,1.0,-0.5924538679688928,0.09936015781986396,0.25
0.05,0.5,0.5,R_7fTeTaHgGhgcqkN,inference_affirm,dailydilemmas,1,4,0.75,-0.6912834457678454,1.0,-0.5827946715237684,0.10848877424407699,0.25
0.05,0.5,0.5,R_7fTeTaHgGhgcqkN,inference_affirm,dailydilemmas,2,4,1.0,-0.6919592595083794,1.0,-0.611610422004187,0.08034883750419242,0.0
0.05,0.5,0.5,R_7fTeTaHgGhgcqkN,inference_affirm,dailydilemmas,3,4,0.5,-0.6923729489017025,0.5,-0.6680759983942711,0.024296950507431414,0.0
0.05,0.5,0.5,R_7fTeTaHgGhgcqkN,inference_affirm,dailydilemmas,4,4,0.75,-0.6914575245591041,0.75,-0.6162738701129924,0.07518365444611175,0.0
0.05,0.5,0.5,R_12tlw5u4cVbNiP1,inference_affirm,dailydilemmas,0,4,0.75,-0.6916294137246326,0.75,-0.6018033233112112,0.08982609041342138,0.0
0.05,0.5,0.5,R_12tlw5u4cVbNiP1,inference_affirm,dailydilemmas,1,4,0.5,-0.6922729032778986,0.5,-0.6371209626123618,0.05515194066553675,0.0
0.05,0.5,0.5,R_12tlw5u4cVbNiP1,inference_affirm,dailydilemmas,2,4,1.0,-0.6913990748711327,0.75,-0.5654771737382082,0.12592190113292456,-0.25
0.05,0.5,0.5,R_12tlw5u4cVbNiP1,inference_affirm,dailydilemmas,3,4,0.75,-0.6917636640252386,0.75,-0.5848899674759691,0.10687369654926948,0.0
0.05,0.5,0.5,R_12tlw5u4cVbNiP1,inference_affirm,dailydilemmas,4,4,0.75,-0.6918227014195795,1.0,-0.5966302074617692,0.09519249395781026,0.25
0.05,0.5,0.75,R_5EfMjMbx1z8Kvhl,inference_categories,dailydilemmas,0,4,0.75,-0.6923275991814979,0.5,-0.716531403214977,-0.024203804033479104,-0.25
0.05,0.5,0.75,R_5EfMjMbx1z8Kvhl,inference_categories,dailydilemmas,1,4,0.5,-0.692107728588651,0.75,-0.6729312240005061,0.019176504588144905,0.25
0.05,0.5,0.75,R_5EfMjMbx1z8Kvhl,inference_categories,dailydilemmas,2,4,0.5,-0.6930055898490717,0.75,-0.6697334306688923,0.02327215918017933,0.25
0.05,0.5,0.75,R_5EfMjMbx1z8Kvhl,inference_categories,dailydilemmas,3,4,0.75,-0.6921698893625947,1.0,-0.623831253887216,0.06833863547537866,0.25
0.05,0.5,0.75,R_5EfMjMbx1z8Kvhl,inference_categories,dailydilemmas,4,4,0.5,-0.6916124977152831,0.5,-0.6594285236810171,0.03218397403426598,0.0
0.05,0.5,0.75,R_56aT1YjmRtKACUH,inference_categories,dailydilemmas,0,4,0.75,-0.6928161057074206,1.0,-0.6470830885887182,0.04573301711870237,0.25
0.05,0.5,0.75,R_56aT1YjmRtKACUH,inference_categories,dailydilemmas,1,4,0.25,-0.6937101957354634,0.5,-0.743562140719818,-0.049851944984354524,0.25
0.05,0.5,0.75,R_56aT1YjmRtKACUH,inference_categories,dailydilemmas,2,4,0.75,-0.6924772749383264,0.5,-0.6769079918946727,0.015569283043653792,-0.25
0.05,0.5,0.75,R_56aT1YjmRtKACUH,inference_categories,dailydilemmas,3,4,0.75,-0.692553249130433,0.5,-0.6699377479573004,0.0226155011731326,-0.25
0.05,0.5,0.75,R_56aT1YjmRtKACUH,inference_categories,dailydilemmas,4,4,0.5,-0.6927715965415814,0.25,-0.7057678103764724,-0.012996213834891024,-0.25
0.05,0.5,0.75,R_3HS2lsaEfcZSuXu,inference_categories,dailydilemmas,0,4,1.0,-0.6922145708976619,0.75,-0.6143231794124532,0.07789139148520874,-0.25
0.05,0.5,0.75,R_3HS2lsaEfcZSuXu,inference_categories,dailydilemmas,1,4,0.5,-0.6935194048429342,0.5,-0.77417575986752,-0.08065635502458579,0.0
0.05,0.5,0.75,R_3HS2lsaEfcZSuXu,inference_categories,dailydilemmas,2,4,0.5,-0.6928434999593708,0.5,-0.6996954123086208,-0.006851912349249978,0.0
0.05,0.5,0.75,R_3HS2lsaEfcZSuXu,inference_categories,dailydilemmas,3,4,0.5,-0.6925147737062834,1.0,-0.61934290720336,0.0731718665029234,0.5
0.05,0.5,0.75,R_3HS2lsaEfcZSuXu,inference_categories,dailydilemmas,4,4,0.75,-0.6922641213528324,0.75,-0.6074337167336662,0.08483040461916624,0.0
0.05,0.5,0.75,R_6HoVfVJSFl7IrlL,inference_categories,dailydilemmas,0,4,0.75,-0.6928992813204569,0.75,-0.6803377420514661,0.012561539268990729,0.0
0.05,0.5,0.75,R_6HoVfVJSFl7IrlL,inference_categories,dailydilemmas,1,4,0.75,-0.692487035620315,0.75,-0.6202315021352266,0.0722555334850884,0.0
0.05,0.5,0.75,R_6HoVfVJSFl7IrlL,inference_categories,dailydilemmas,2,4,0.25,-0.6934830207785968,0.75,-0.7197940280126954,-0.026311007234098627,0.5
0.05,0.5,0.75,R_6HoVfVJSFl7IrlL,inference_categories,dailydilemmas,3,4,0.75,-0.6924371284265671,1.0,-0.6347769330798035,0.05766019534676359,0.25
0.05,0.5,0.75,R_6HoVfVJSFl7IrlL,inference_categories,dailydilemmas,4,4,0.75,-0.691991702915315,1.0,-0.6141961845964086,0.07779551831890641,0.25
0.05,0.5,0.75,R_5Q5TZ5csoblHSvA,inference_categories,dailydilemmas,0,4,0.5,-0.6932046971065635,0.5,-0.7327825297381633,-0.03957783263159975,0.0
0.05,0.5,0.75,R_5Q5TZ5csoblHSvA,inference_categories,dailydilemmas,1,4,0.75,-0.6933010362528886,0.75,-0.6718487494674884,0.021452286785400232,0.0
0.05,0.5,0.75,R_5Q5TZ5csoblHSvA,inference_categories,dailydilemmas,2,4,0.5,-0.6925393726246563,0.75,-0.6877103101709466,0.0048290624537096205,0.25
0.05,0.5,0.75,R_5Q5TZ5csoblHSvA,inference_categories,dailydilemmas,3,4,0.25,-0.693672157233209,0.25,-0.7110890912666575,-0.017416934033448572,0.0
0.05,0.5,0.75,R_5Q5TZ5csoblHSvA,inference_categories,dailydilemmas,4,4,0.5,-0.6927479762012052,0.5,-0.6845924274537187,0.008155548747486474,0.0
0.05,0.5,0.75,R_18H831wJaDlPwgg,inference_categories,dailydilemmas,0,4,0.5,-0.6916147042699178,0.5,-0.676156956178013,0.01545774809190481,0.0
0.05,0.5,0.75,R_18H831wJaDlPwgg,inference_categories,dailydilemmas,1,4,1.0,-0.6899870586634695,1.0,-0.5280430972999651,0.16194396136350442,0.0
0.05,0.5,0.75,R_18H831wJaDlPwgg,inference_categories,dailydilemmas,2,4,0.25,-0.6917238616310285,0.5,-0.6152297791645338,0.0764940824664947,0.25
0.05,0.5,0.75,R_18H831wJaDlPwgg,inference_categories,dailydilemmas,3,4,1.0,-0.6891156439819446,1.0,-0.49792261463639287,0.1911930293455517,0.0
0.05,0.5,0.75,R_18H831wJaDlPwgg,inference_categories,dailydilemmas,4,4,0.75,-0.6902118746874193,1.0,-0.5246253063446731,0.1655865683427462,0.25
0.05,0.5,0.75,R_12mMAseFwoOpgqC,inference_categories,dailydilemmas,0,4,0.75,-0.6923560192102111,0.5,-0.6456561950567016,0.046699824153509484,-0.25
0.05,0.5,0.75,R_12mMAseFwoOpgqC,inference_categories,dailydilemmas,1,4,0.5,-0.692708683905009,0.5,-0.6427092186737355,0.04999946523127341,0.0
0.05,0.5,0.75,R_12mMAseFwoOpgqC,inference_categories,dailydilemmas,2,4,0.5,-0.6938594465566419,0.25,-0.7046844901092585,-0.010825043552616598,-0.25
0.05,0.5,0.75,R_12mMAseFwoOpgqC,inference_categories,dailydilemmas,3,4,0.25,-0.693157141606494,0.5,-0.6947692783293028,-0.001612136722808799,0.25
0.05,0.5,0.75,R_12mMAseFwoOpgqC,inference_categories,dailydilemmas,4,4,0.75,-0.6923894076906529,0.75,-0.6310543258493879,0.061335081841265016,0.0
0.05,0.5,0.75,R_7ojvA7NDI10RoKR,inference_categories,dailydilemmas,0,5,0.6,-0.6920068818772697,0.6,-0.6288340805468499,0.0631728013304198,0.0
0.05,0.5,0.75,R_7ojvA7NDI10RoKR,inference_categories,dailydilemmas,1,5,0.8,-0.6917348847637751,1.0,-0.5865905670439602,0.10514431771981492,0.19999999999999996
0.05,0.5,0.75,R_7ojvA7NDI10RoKR,inference_categories,dailydilemmas,2,5,0.8,-0.6916545545853191,0.8,-0.6267072008347163,0.06494735375060279,0.0
0.05,0.5,0.75,R_7ojvA7NDI10RoKR,inference_categories,dailydilemmas,3,5,1.0,-0.6917046586626592,0.8,-0.6009584586867243,0.09074619997593492,-0.19999999999999996
0.05,0.5,0.75,R_5gbXjT8uFYXCo7E,inference_categories,dailydilemmas,0,4,0.25,-0.694026868559669,0.25,-0.7485510898241301,-0.054524221264461104,0.0
0.05,0.5,0.75,R_5gbXjT8uFYXCo7E,inference_categories,dailydilemmas,1,4,0.5,-0.6930937564136729,0.5,-0.6802228821204498,0.012870874293223089,0.0
0.05,0.5,0.75,R_5gbXjT8uFYXCo7E,inference_categories,dailydilemmas,2,4,0.5,-0.6928904338246693,0.75,-0.6358155001358131,0.05707493368885619,0.25
0.05,0.5,0.75,R_5gbXjT8uFYXCo7E,inference_categories,dailydilemmas,3,4,0.75,-0.6928488703434292,0.75,-0.6719287274963942,0.020920142847035028,0.0
0.05,0.5,0.75,R_5gbXjT8uFYXCo7E,inference_categories,dailydilemmas,4,4,0.75,-0.6923363356652761,0.75,-0.6401645372075119,0.05217179845776421,0.0
0.05,0.5,0.75,R_7f9o7q4AZOoP4ot,inference_categories,dailydilemmas,0,4,0.5,-0.6928590408729023,0.5,-0.7070353112961479,-0.014176270423245652,0.0
0.05,0.5,0.75,R_7f9o7q4AZOoP4ot,inference_categories,dailydilemmas,1,4,0.25,-0.6940582712554482,0.5,-0.7747201297542361,-0.08066185849878793,0.25
0.05,0.5,0.75,R_7f9o7q4AZOoP4ot,inference_categories,dailydilemmas,2,4,0.25,-0.6938234561373877,0.25,-0.7183928071554654,-0.024569351018077668,0.0
0.05,0.5,0.75,R_7f9o7q4AZOoP4ot,inference_categories,dailydilemmas,3,4,0.5,-0.6930868562810306,0.5,-0.7170927325803542,-0.024005876299323603,0.0
0.05,0.5,0.75,R_7f9o7q4AZOoP4ot,inference_categories,dailydilemmas,4,4,0.25,-0.6937483224132927,0.25,-0.7901882677449147,-0.09643994533162203,0.0
0.05,0.5,0.75,R_1WHYlcDjJDcnUfD,inference_categories,dailydilemmas,0,4,0.25,-0.6936107817399355,0.5,-0.7109036857194784,-0.017292903979542862,0.25
0.05,0.5,0.75,R_1WHYlcDjJDcnUfD,inference_categories,dailydilemmas,1,4,0.75,-0.6927597897553112,0.5,-0.6991301368191243,-0.00637034706381312,-0.25
0.05,0.5,0.75,R_1WHYlcDjJDcnUfD,inference_categories,dailydilemmas,2,4,0.5,-0.692882790314926,0.75,-0.6812259056222051,0.01165688469272086,0.25
0.05,0.5,0.75,R_1WHYlcDjJDcnUfD,inference_categories,dailydilemmas,3,4,0.5,-0.6933126230141359,0.0,-0.7373402260173023,-0.04402760300316644,-0.5
0.05,0.5,0.75,R_1WHYlcDjJDcnUfD,inference_categories,dailydilemmas,4,4,0.5,-0.6933165620073277,1.0,-0.6617127720785502,0.03160378992877755,0.5
0.05,0.5,0.75,R_6Q0gBjey6IdfZpf,inference_categories,dailydilemmas,0,4,0.75,-0.6921669564928575,0.75,-0.635119218186724,0.05704773830613352,0.0
0.05,0.5,0.75,R_6Q0gBjey6IdfZpf,inference_categories,dailydilemmas,1,4,1.0,-0.6919515344248186,1.0,-0.6136227235571898,0.07832881086762877,0.0
0.05,0.5,0.75,R_6Q0gBjey6IdfZpf,inference_categories,dailydilemmas,2,4,0.75,-0.6922742370254034,0.75,-0.6195486918182259,0.07272554520717744,0.0
0.05,0.5,0.75,R_6Q0gBjey6IdfZpf,inference_categories,dailydilemmas,3,4,0.75,-0.6922809472749593,0.25,-0.6795912407755995,0.012689706499359743,-0.5
0.05,0.5,0.75,R_6Q0gBjey6IdfZpf,inference_categories,dailydilemmas,4,4,0.5,-0.6923239171830518,0.5,-0.60291319333854,0.08941072384451176,0.0
0.05,0.5,0.75,R_1wzohnjOPhN82Wd,inference_categories,dailydilemmas,0,4,0.75,-0.6912657817430935,0.5,-0.6389721062638178,0.05229367547927566,-0.25
0.05,0.5,0.75,R_1wzohnjOPhN82Wd,inference_categories,dailydilemmas,1,4,0.75,-0.6910091198303364,0.75,-0.6115665844077336,0.07944253542260282,0.0
0.05,0.5,0.75,R_1wzohnjOPhN82Wd,inference_categories,dailydilemmas,2,4,0.75,-0.6916135310151922,0.75,-0.5716702433314826,0.11994328768370954,0.0
0.05,0.5,0.75,R_1wzohnjOPhN82Wd,inference_categories,dailydilemmas,3,4,0.75,-0.6912827721934094,1.0,-0.5931168659508801,0.0981659062425293,0.25
0.05,0.5,0.75,R_1wzohnjOPhN82Wd,inference_categories,dailydilemmas,4,4,0.25,-0.6945114868894781,0.25,-0.7515738748529761,-0.05706238796349805,0.0
0.05,0.5,0.75,R_70kbQcqJL4Tkq6B,inference_categories,dailydilemmas,0,4,0.5,-0.693099326816225,0.5,-0.7431505421789204,-0.05005121536269541,0.0
0.05,0.5,0.75,R_70kbQcqJL4Tkq6B,inference_categories,dailydilemmas,1,4,0.5,-0.6935456776381743,0.75,-0.6683017406754139,0.025243936962760394,0.25
0.05,0.5,0.75,R_70kbQcqJL4Tkq6B,inference_categories,dailydilemmas,2,4,1.0,-0.6903881142268726,0.75,-0.6311876055871761,0.0592005086396965,-0.25
0.05,0.5,0.75,R_70kbQcqJL4Tkq6B,inference_categories,dailydilemmas,3,4,0.75,-0.6910186881848221,0.75,-0.6183120768431744,0.0727066113416478,0.0
0.05,0.5,0.75,R_70kbQcqJL4Tkq6B,inference_categories,dailydilemmas,4,4,0.75,-0.6910584094419714,1.0,-0.5980089733808718,0.09304943606109961,0.25
0.05,0.5,0.75,R_6rftRMhNP0o6boD,inference_categories,dailydilemmas,0,4,0.25,-0.6927920742765155,0.5,-0.6376000684667492,0.05519200580976624,0.25
0.05,0.5,0.75,R_6rftRMhNP0o6boD,inference_categories,dailydilemmas,1,4,0.5,-0.6924913932327733,0.75,-0.6792647160716723,0.013226677161101041,0.25
0.05,0.5,0.75,R_6rftRMhNP0o6boD,inference_categories,dailydilemmas,2,4,0.75,-0.6930215747126403,0.5,-0.7125239030306731,-0.01950232831803289,-0.25
0.05,0.5,0.75,R_6rftRMhNP0o6boD,inference_categories,dailydilemmas,3,4,0.75,-0.6913539511353748,0.75,-0.6362791163134598,0.055074834821915,0.0
0.05,0.5,0.75,R_6rftRMhNP0o6boD,inference_categories,dailydilemmas,4,4,1.0,-0.6911317756524363,0.75,-0.6468978886847466,0.044233886967689706,-0.25
0.05,0.5,0.75,R_6jv2PrGBJcO4of6,inference_categories,dailydilemmas,0,4,1.0,-0.6913708595536875,0.75,-0.5556456640911736,0.13572519546251394,-0.25
0.05,0.5,0.75,R_6jv2PrGBJcO4of6,inference_categories,dailydilemmas,1,4,0.75,-0.6912995160513344,0.75,-0.6445488958842994,0.04675062016703502,0.0
0.05,0.5,0.75,R_6jv2PrGBJcO4of6,inference_categories,dailydilemmas,2,4,0.5,-0.6926591280607736,0.5,-0.7086013124148608,-0.01594218435408723,0.0
0.05,0.5,0.75,R_6jv2PrGBJcO4of6,inference_categories,dailydilemmas,3,4,0.75,-0.6920955861097676,0.75,-0.6406834370252856,0.051412149084481995,0.0
0.05,0.5,0.75,R_6jv2PrGBJcO4of6,inference_categories,dailydilemmas,4,4,0.5,-0.6944162521312823,0.5,-0.822070871983697,-0.12765461985241466,0.0
0.05,0.5,0.75,R_1dHqTtKKq3yQvmX,inference_categories,dailydilemmas,0,4,0.75,-0.6901793664806752,0.75,-0.5208578635114027,0.1693215029692725,0.0
0.05,0.5,0.75,R_1dHqTtKKq3yQvmX,inference_categories,dailydilemmas,1,4,0.5,-0.6905398035230048,0.5,-0.5463382511947552,0.1442015523282496,0.0
0.05,0.5,0.75,R_1dHqTtKKq3yQvmX,inference_categories,dailydilemmas,2,4,0.75,-0.6916850396000928,0.75,-0.5942606648165758,0.09742437478351695,0.0
0.05,0.5,0.75,R_1dHqTtKKq3yQvmX,inference_categories,dailydilemmas,3,4,0.75,-0.6917166981820564,0.75,-0.6186395135023982,0.07307718467965818,0.0
0.05,0.5,0.75,R_1dHqTtKKq3yQvmX,inference_categories,dailydilemmas,4,4,0.75,-0.6905830384527758,0.75,-0.5312390367222987,0.15934400173047714,0.0
0.05,0.5,0.75,R_1P81VK8fH860C4V,inference_categories,dailydilemmas,0,4,1.0,-0.6920433577900249,1.0,-0.575467621952498,0.1165757358375269,0.0
0.05,0.5,0.75,R_1P81VK8fH860C4V,inference_categories,dailydilemmas,1,4,1.0,-0.6919164570325738,1.0,-0.5246939075495639,0.16722254948300985,0.0
0.05,0.5,0.75,R_1P81VK8fH860C4V,inference_categories,dailydilemmas,2,4,0.75,-0.6928577825296892,0.75,-0.6208520615381163,0.07200572099157287,0.0
0.05,0.5,0.75,R_1P81VK8fH860C4V,inference_categories,dailydilemmas,3,4,0.25,-0.6932254130917721,0.25,-0.6975652196190065,-0.004339806527234424,0.0
0.05,0.5,0.75,R_1P81VK8fH860C4V,inference_categories,dailydilemmas,4,4,1.0,-0.6913179800919581,1.0,-0.5600339729271377,0.13128400716482036,0.0
0.05,0.5,0.75,R_7go085j249AymBb,inference_categories,dailydilemmas,0,4,0.5,-0.6920457681275483,0.5,-0.6155702943021395,0.07647547382540876,0.0
0.05,0.5,0.75,R_7go085j249AymBb,inference_categories,dailydilemmas,1,4,0.75,-0.6918687893093179,0.75,-0.5658598955106706,0.12600889379864733,0.0
0.05,0.5,0.75,R_7go085j249AymBb,inference_categories,dailydilemmas,2,4,0.75,-0.6916919699910548,1.0,-0.5670844764557033,0.1246074935353515,0.25
0.05,0.5,0.75,R_7go085j249AymBb,inference_categories,dailydilemmas,3,4,0.75,-0.6921476975615788,0.75,-0.5943335900413124,0.09781410752026642,0.0
0.05,0.5,0.75,R_7go085j249AymBb,inference_categories,dailydilemmas,4,4,0.5,-0.6933859969559947,0.5,-0.7159300782289111,-0.022544081272916405,0.0
0.05,0.5,0.75,R_6xzSCFMWRhzZIRg,inference_categories,dailydilemmas,0,4,0.25,-0.6927821561848767,0.5,-0.6672720134043508,0.02551014278052588,0.25
0.05,0.5,0.75,R_6xzSCFMWRhzZIRg,inference_categories,dailydilemmas,1,4,0.75,-0.6925641341245401,0.75,-0.6195233391929154,0.07304079493162474,0.0
0.05,0.5,0.75,R_6xzSCFMWRhzZIRg,inference_categories,dailydilemmas,2,4,0.75,-0.6928042560852457,0.75,-0.6483557793911681,0.04444847669407759,0.0
0.05,0.5,0.75,R_6xzSCFMWRhzZIRg,inference_categories,dailydilemmas,3,4,1.0,-0.6921312027011314,0.75,-0.6281490050472858,0.06398219765384561,-0.25
0.05,0.5,0.75,R_6xzSCFMWRhzZIRg,inference_categories,dailydilemmas,4,4,0.75,-0.6925934243944709,0.5,-0.6393840454726542,0.05320937892181676,-0.25
0.05,0.5,0.75,R_5EychZPB1u00qZH,inference_categories,dailydilemmas,0,4,1.0,-0.6915691978027982,0.75,-0.5596053374502459,0.13196386035255236,-0.25
0.05,0.5,0.75,R_5EychZPB1u00qZH,inference_categories,dailydilemmas,1,4,0.5,-0.6922579912654148,0.5,-0.6550488424813847,0.03720914878403003,0.0
0.05,0.5,0.75,R_5EychZPB1u00qZH,inference_categories,dailydilemmas,2,4,1.0,-0.6920351292436367,1.0,-0.5822828375074157,0.10975229173622103,0.0
0.05,0.5,0.75,R_5EychZPB1u00qZH,inference_categories,dailydilemmas,3,4,1.0,-0.6918581079995139,1.0,-0.5471084072056686,0.1447497007938453,0.0
0.05,0.5,0.75,R_5EychZPB1u00qZH,inference_categories,dailydilemmas,4,4,0.25,-0.693113923592781,0.25,-0.7363334384510323,-0.04321951485825126,0.0
0.05,0.5,0.75,R_59glCvaBnt5WTU6,inference_categories,dailydilemmas,0,4,0.5,-0.6934585289871318,0.5,-0.7172230248061549,-0.023764495819023068,0.0
0.05,0.5,0.75,R_59glCvaBnt5WTU6,inference_categories,dailydilemmas,1,4,0.75,-0.6924249223884483,0.75,-0.5933408868175079,0.09908403557094048,0.0
0.05,0.5,0.75,R_59glCvaBnt5WTU6,inference_categories,dailydilemmas,2,4,0.75,-0.6921256744126439,1.0,-0.6019753774806788,0.09015029693196519,0.25
0.05,0.5,0.75,R_59glCvaBnt5WTU6,inference_categories,dailydilemmas,3,4,0.75,-0.6923140677501498,0.5,-0.6292990552108305,0.06301501253931929,-0.25
0.05,0.5,0.75,R_59glCvaBnt5WTU6,inference_categories,dailydilemmas,4,4,0.75,-0.6924660984930848,0.75,-0.6777990692189756,0.014667029274109233,0.0
0.05,0.5,0.75,R_1nBL27EvLs0Bkk4,inference_categories,dailydilemmas,0,4,0.5,-0.6925040934732599,0.75,-0.6297482233309042,0.06275587014235573,0.25
0.05,0.5,0.75,R_1nBL27EvLs0Bkk4,inference_categories,dailydilemmas,1,4,0.25,-0.693942222109138,0.5,-0.7644462707826563,-0.07050404867351823,0.25
0.05,0.5,0.75,R_1nBL27EvLs0Bkk4,inference_categories,dailydilemmas,2,4,0.75,-0.6912821629528922,1.0,-0.6016659825253956,0.08961618042749664,0.25
0.05,0.5,0.75,R_1nBL27EvLs0Bkk4,inference_categories,dailydilemmas,3,4,0.5,-0.6924616239598635,0.75,-0.6460517386077766,0.0464098853520869,0.25
0.05,0.5,0.75,R_1nBL27EvLs0Bkk4,inference_categories,dailydilemmas,4,4,1.0,-0.6911718043804796,1.0,-0.592154687178593,0.09901711720188666,0.0
0.05,0.5,0.75,R_6FsUQnzEYAQwtwa,inference_categories,dailydilemmas,0,4,0.75,-0.6927384253042169,1.0,-0.6618300050819443,0.03090842022227258,0.25
0.05,0.5,0.75,R_6FsUQnzEYAQwtwa,inference_categories,dailydilemmas,1,4,0.5,-0.6927163458859349,0.25,-0.6898052240203745,0.0029111218655604176,-0.25
0.05,0.5,0.75,R_6FsUQnzEYAQwtwa,inference_categories,dailydilemmas,2,4,0.5,-0.6932754640605925,0.75,-0.6661946366939159,0.027080827366676608,0.25
0.05,0.5,0.75,R_6FsUQnzEYAQwtwa,inference_categories,dailydilemmas,3,4,0.75,-0.6926125292192916,0.75,-0.731707595921022,-0.03909506670173035,0.0
0.05,0.5,0.75,R_6FsUQnzEYAQwtwa,inference_categories,dailydilemmas,4,4,0.75,-0.6926171705827615,0.5,-0.6709988462903387,0.02161832429242283,-0.25
0.05,0.5,0.75,R_5pX1jjp1Yu1RSN7,inference_categories,dailydilemmas,0,4,1.0,-0.6916563926178843,1.0,-0.5742205378999737,0.11743585471791051,0.0
0.05,0.5,0.75,R_5pX1jjp1Yu1RSN7,inference_categories,dailydilemmas,1,4,0.75,-0.6913416045752215,0.75,-0.5858473544944126,0.10549425008080893,0.0
0.05,0.5,0.75,R_5pX1jjp1Yu1RSN7,inference_categories,dailydilemmas,2,4,0.75,-0.6917451406050665,0.75,-0.5735303820767736,0.11821475852829288,0.0
0.05,0.5,0.75,R_5pX1jjp1Yu1RSN7,inference_categories,dailydilemmas,3,4,0.75,-0.6915415809271314,0.75,-0.6291142616077892,0.0624273193193422,0.0
0.05,0.5,0.75,R_5pX1jjp1Yu1RSN7,inference_categories,dailydilemmas,4,4,0.25,-0.6954732529707177,0.25,-0.8426219147175069,-0.1471486617467892,0.0
0.05,0.5,0.75,R_5DY1mtPtJpWz8WC,inference_categories,dailydilemmas,0,5,1.0,-0.6901900358599771,1.0,-0.44958798482250745,0.24060205103746962,0.0
0.05,0.5,0.75,R_5DY1mtPtJpWz8WC,inference_categories,dailydilemmas,1,5,0.6,-0.6912324351004475,1.0,-0.5483614395057803,0.1428709955946672,0.4
0.05,0.5,0.75,R_5DY1mtPtJpWz8WC,inference_categories,dailydilemmas,2,5,0.8,-0.691829432035987,1.0,-0.5908593179668936,0.1009701140690934,0.19999999999999996
0.05,0.5,0.75,R_5DY1mtPtJpWz8WC,inference_categories,dailydilemmas,3,5,0.6,-0.6903303706504949,0.8,-0.49942941134854496,0.1909009593019499,0.20000000000000007
0.05,0.5,0.75,R_1PN3SGDWOMibPAh,inference_categories,dailydilemmas,0,4,0.75,-0.6919509454770811,1.0,-0.5757618451833514,0.11618910029372975,0.25
0.05,0.5,0.75,R_1PN3SGDWOMibPAh,inference_categories,dailydilemmas,1,4,0.5,-0.693423134032705,0.5,-0.7507938801961286,-0.057370746163423636,0.0
0.05,0.5,0.75,R_1PN3SGDWOMibPAh,inference_categories,dailydilemmas,2,4,0.5,-0.692956189895669,0.75,-0.6522189685313982,0.040737221364270826,0.25
0.05,0.5,0.75,R_1PN3SGDWOMibPAh,inference_categories,dailydilemmas,3,4,0.5,-0.6922843616630568,0.5,-0.6368767081109735,0.055407653552083325,0.0
0.05,0.5,0.75,R_1PN3SGDWOMibPAh,inference_categories,dailydilemmas,4,4,1.0,-0.6918221546867992,1.0,-0.6065509624241918,0.08527119226260738,0.0
0.05,0.5,0.75,R_3SrBXsc2uYrsSZz,inference_categories,dailydilemmas,0,4,0.5,-0.6921819867098238,0.75,-0.6345309951194182,0.05765099159040554,0.25
0.05,0.5,0.75,R_3SrBXsc2uYrsSZz,inference_categories,dailydilemmas,1,4,0.75,-0.6927603848918005,0.5,-0.6993094593291147,-0.0065490744373142284,-0.25
0.05,0.5,0.75,R_3SrBXsc2uYrsSZz,inference_categories,dailydilemmas,2,4,0.5,-0.6928712779217644,0.5,-0.7195870824891769,-0.026715804567412516,0.0
0.05,0.5,0.75,R_3SrBXsc2uYrsSZz,inference_categories,dailydilemmas,3,4,0.75,-0.6917737093762071,0.75,-0.6002279970961297,0.09154571228007735,0.0
0.05,0.5,0.75,R_3SrBXsc2uYrsSZz,inference_categories,dailydilemmas,4,4,1.0,-0.691789791299691,1.0,-0.5880398937017273,0.10374989759796371,0.0
0.05,0.5,0.75,R_7rNeEq8TvAxjqdL,inference_categories,dailydilemmas,0,4,0.75,-0.6911846470944386,0.75,-0.5280096864462931,0.16317496064814552,0.0
0.05,0.5,0.75,R_7rNeEq8TvAxjqdL,inference_categories,dailydilemmas,1,4,0.75,-0.69164818192401,0.75,-0.5955423843294787,0.0961057975945313,0.0
0.05,0.5,0.75,R_7rNeEq8TvAxjqdL,inference_categories,dailydilemmas,2,4,1.0,-0.6907843678215682,1.0,-0.525004256925832,0.1657801108957362,0.0
0.05,0.5,0.75,R_7rNeEq8TvAxjqdL,inference_categories,dailydilemmas,3,4,0.75,-0.6922579415528716,0.5,-0.6897360046781347,0.0025219368747368964,-0.25
0.05,0.5,0.75,R_7rNeEq8TvAxjqdL,inference_categories,dailydilemmas,4,4,0.75,-0.6916794143622071,0.75,-0.582455869600497,0.10922354476171015,0.0
0.05,0.5,0.75,R_7QAkOtO6FETwKSv,inference_categories,dailydilemmas,0,4,0.5,-0.6935653153634046,0.5,-0.753044451454024,-0.05947913609061939,0.0
0.05,0.5,0.75,R_7QAkOtO6FETwKSv,inference_categories,dailydilemmas,1,4,0.75,-0.6922413992091314,0.75,-0.6496497023417137,0.042591696867417705,0.0
0.05,0.5,0.75,R_7QAkOtO6FETwKSv,inference_categories,dailydilemmas,2,4,0.5,-0.6929267303893999,0.5,-0.7503890070730201,-0.05746227668362025,0.0
0.05,0.5,0.75,R_7QAkOtO6FETwKSv,inference_categories,dailydilemmas,3,4,1.0,-0.6920532080201354,0.5,-0.6956335538041255,-0.0035803457839901354,-0.5
0.05,0.5,0.75,R_7QAkOtO6FETwKSv,inference_categories,dailydilemmas,4,4,0.5,-0.692874388257928,0.5,-0.6991995285125072,-0.006325140254579198,0.0
0.05,0.5,0.75,R_6gCrJV80LvD23XK,choice_only,dailydilemmas,0,4,0.5,-0.693771785100323,0.5,-0.7623043658938501,-0.06853258079352709,0.0
0.05,0.5,0.75,R_6gCrJV80LvD23XK,choice_only,dailydilemmas,1,4,1.0,-0.6920506137011905,1.0,-0.5697211733364957,0.12232944036469473,0.0
0.05,0.5,0.75,R_6gCrJV80LvD23XK,choice_only,dailydilemmas,2,4,0.75,-0.692272194395104,0.75,-0.6406146439800595,0.051657550415044495,0.0
0.05,0.5,0.75,R_6gCrJV80LvD23XK,choice_only,dailydilemmas,3,4,0.25,-0.6935722697383494,0.25,-0.7311366754598347,-0.03756440572148534,0.0
0.05,0.5,0.75,R_6gCrJV80LvD23XK,choice_only,dailydilemmas,4,4,0.5,-0.69288341392352,0.5,-0.6717138202882612,0.021169593635258832,0.0
0.05,0.5,0.75,R_7SrhV7HvgsG1fvA,choice_only,dailydilemmas,0,4,0.5,-0.6919869228690966,0.5,-0.6417624386169318,0.05022448425216475,0.0
0.05,0.5,0.75,R_7SrhV7HvgsG1fvA,choice_only,dailydilemmas,1,4,0.75,-0.6927850648558612,1.0,-0.6622367556811984,0.03054830917466278,0.25
0.05,0.5,0.75,R_7SrhV7HvgsG1fvA,choice_only,dailydilemmas,2,4,0.5,-0.6932548429514276,0.5,-0.7341229189156817,-0.040868075964254125,0.0
0.05,0.5,0.75,R_7SrhV7HvgsG1fvA,choice_only,dailydilemmas,3,4,0.75,-0.6925621208023383,1.0,-0.6488511870437993,0.04371093375853896,0.25
0.05,0.5,0.75,R_7SrhV7HvgsG1fvA,choice_only,dailydilemmas,4,4,0.0,-0.694777709820397,0.0,-0.8150445773756837,-0.1202668675552867,0.0
0.05,0.5,0.75,R_5aLcKnMSH0hrVLH,choice_only,dailydilemmas,0,4,1.0,-0.6923263146045625,1.0,-0.6038746553856295,0.08845165921893305,0.0
0.05,0.5,0.75,R_5aLcKnMSH0hrVLH,choice_only,dailydilemmas,1,4,1.0,-0.691702529524409,0.75,-0.6040561315310526,0.08764639799335638,-0.25
0.05,0.5,0.75,R_5aLcKnMSH0hrVLH,choice_only,dailydilemmas,2,4,0.75,-0.6924378717203983,0.5,-0.636056588269835,0.05638128345056326,-0.25
0.05,0.5,0.75,R_5aLcKnMSH0hrVLH,choice_only,dailydilemmas,3,4,1.0,-0.6922143155928429,1.0,-0.6562703667345263,0.03594394885831653,0.0
0.05,0.5,0.75,R_5aLcKnMSH0hrVLH,choice_only,dailydilemmas,4,4,0.5,-0.6935217086981267,0.5,-0.7644273510255217,-0.07090564232739505,0.0
0.05,0.5,0.75,R_6E6esO9YjIptSgZ,choice_only,dailydilemmas,0,5,0.4,-0.6933243109022651,0.4,-0.7054602416980122,-0.012135930795747152,0.0
0.05,0.5,0.75,R_6E6esO9YjIptSgZ,choice_only,dailydilemmas,1,5,0.4,-0.6935058840958112,0.4,-0.6820935462427143,0.01141233785309681,0.0
0.05,0.5,0.75,R_6E6esO9YjIptSgZ,choice_only,dailydilemmas,2,5,0.4,-0.693025151606699,1.0,-0.6447133923943393,0.04831175921235964,0.6
0.05,0.5,0.75,R_6E6esO9YjIptSgZ,choice_only,dailydilemmas,3,5,0.4,-0.693228696324342,0.4,-0.6870833082646364,0.006145388059705659,0.0
0.05,0.5,0.75,R_1MCxQvFXsgFj9AZ,choice_only,dailydilemmas,0,4,0.0,-0.6941318405634145,0.5,-0.7124398208359541,-0.01830798027253966,0.5
0.05,0.5,0.75,R_1MCxQvFXsgFj9AZ,choice_only,dailydilemmas,1,4,0.75,-0.6930678237544948,0.5,-0.6862570048935281,0.006810818860966683,-0.25
0.05,0.5,0.75,R_1MCxQvFXsgFj9AZ,choice_only,dailydilemmas,2,4,0.25,-0.6935068931572397,0.25,-0.7521454362139278,-0.05863854305668814,0.0
0.05,0.5,0.75,R_1MCxQvFXsgFj9AZ,choice_only,dailydilemmas,3,4,0.25,-0.6936224990050501,0.25,-0.7175711700858988,-0.023948671080848638,0.0
0.05,0.5,0.75,R_1MCxQvFXsgFj9AZ,choice_only,dailydilemmas,4,4,0.75,-0.6930774068097307,0.5,-0.6906203734669647,0.002457033342766035,-0.25
0.05,0.5,0.75,R_3JfmC4gRU1JpbNv,choice_only,dailydilemmas,0,4,0.75,-0.691414093721901,0.75,-0.5835649645602115,0.10784912916168954,0.0
0.05,0.5,0.75,R_3JfmC4gRU1JpbNv,choice_only,dailydilemmas,1,4,1.0,-0.6911231568843574,1.0,-0.5451955575526863,0.1459275993316711,0.0
0.05,0.5,0.75,R_3JfmC4gRU1JpbNv,choice_only,dailydilemmas,2,4,0.5,-0.6937110318112766,0.5,-0.7168610759186562,-0.02315004410737964,0.0
0.05,0.5,0.75,R_3JfmC4gRU1JpbNv,choice_only,dailydilemmas,3,4,0.5,-0.6933484607438867,0.5,-0.6683160778098595,0.02503238293402721,0.0
0.05,0.5,0.75,R_3JfmC4gRU1JpbNv,choice_only,dailydilemmas,4,4,1.0,-0.691460935575063,1.0,-0.5597013328433629,0.13175960273170018,0.0
0.05,0.5,0.75,R_7QGHM1iZnW1jfRx,choice_only,dailydilemmas,0,4,0.5,-0.6933461948959684,0.5,-0.6948283927692911,-0.0014821978733227104,0.0
0.05,0.5,0.75,R_7QGHM1iZnW1jfRx,choice_only,dailydilemmas,1,4,0.5,-0.6933979723363053,0.5,-0.7209386001075477,-0.027540627771242443,0.0
0.05,0.5,0.75,R_7QGHM1iZnW1jfRx,choice_only,dailydilemmas,2,4,0.5,-0.692723397096704,0.25,-0.7037469315006161,-0.011023534403912016,-0.25
0.05,0.5,0.75,R_7QGHM1iZnW1jfRx,choice_only,dailydilemmas,3,4,0.75,-0.693106248193503,0.75,-0.6771035103274408,0.01600273786606221,0.0
0.05,0.5,0.75,R_7QGHM1iZnW1jfRx,choice_only,dailydilemmas,4,4,0.25,-0.6938567634717323,0.25,-0.7315161765973378,-0.0376594131256055,0.0
0.05,0.5,0.75,R_6rBDZvDRiktj92h,choice_only,dailydilemmas,0,4,0.75,-0.6919508583886247,0.5,-0.6576226122615974,0.03432824612702734,-0.25
0.05,0.5,0.75,R_6rBDZvDRiktj92h,choice_only,dailydilemmas,1,4,0.5,-0.6920848654673555,0.5,-0.6340945475415577,0.057990317925797785,0.0
0.05,0.5,0.75,R_6rBDZvDRiktj92h,choice_only,dailydilemmas,2,4,0.75,-0.6926821806338346,0.75,-0.6894457847696365,0.003236395864198105,0.0
0.05,0.5,0.75,R_6rBDZvDRiktj92h,choice_only,dailydilemmas,3,4,0.5,-0.6925047484490472,0.5,-0.6904190397927643,0.002085708656282881,0.0
0.05,0.5,0.75,R_6rBDZvDRiktj92h,choice_only,dailydilemmas,4,4,0.5,-0.6936433799394314,0.5,-0.7484311058612259,-0.05478772592179448,0.0
0.05,0.5,0.75,R_7DZXdu8GHiSZQbw,choice_only,dailydilemmas,0,5,0.8,-0.6915098669160649,0.8,-0.5863664282285799,0.10514343868748499,0.0
0.05,0.5,0.75,R_7DZXdu8GHiSZQbw,choice_only,dailydilemmas,1,5,0.6,-0.690806185488559,0.6,-0.5610037277517576,0.12980245773680144,0.0
0.05,0.5,0.75,R_7DZXdu8GHiSZQbw,choice_only,dailydilemmas,2,5,0.8,-0.6908536245536288,0.8,-0.5441739976727319,0.14667962688089686,0.0
0.05,0.5,0.75,R_7DZXdu8GHiSZQbw,choice_only,dailydilemmas,3,5,0.8,-0.6915137653328134,0.8,-0.6070427638433438,0.08447100148946962,0.0
0.05,0.5,0.75,R_3wNdGb7QZmozWdV,inference_affirm,dailydilemmas,0,4,0.75,-0.6925585495452946,0.75,-0.7214272421403992,-0.028868692595104606,0.0
0.05,0.5,0.75,R_3wNdGb7QZmozWdV,inference_affirm,dailydilemmas,1,4,0.5,-0.692981251064235,0.5,-0.6860290257621117,0.00695222530212336,0.0
0.05,0.5,0.75,R_3wNdGb7QZmozWdV,inference_affirm,dailydilemmas,2,4,0.25,-0.693020012554981,0.25,-0.7827956226823182,-0.08977561012733715,0.0
0.05,0.5,0.75,R_3wNdGb7QZmozWdV,inference_affirm,dailydilemmas,3,4,1.0,-0.6923061806371242,0.75,-0.6420919979330346,0.050214182704089616,-0.25
0.05,0.5,0.75,R_3wNdGb7QZmozWdV,inference_affirm,dailydilemmas,4,4,0.75,-0.6922461602262034,0.75,-0.6550087936766247,0.037237366549578765,0.0
0.05,0.5,0.75,R_54BDOExpKqNLP7U,choice_only,dailydilemmas,0,5,1.0,-0.690222392201228,1.0,-0.48126444010797814,0.2089579520932499,0.0
0.05,0.5,0.75,R_54BDOExpKqNLP7U,choice_only,dailydilemmas,1,5,0.8,-0.6912457920133276,1.0,-0.5455707397582685,0.14567505225505906,0.19999999999999996
0.05,0.5,0.75,R_54BDOExpKqNLP7U,choice_only,dailydilemmas,2,5,0.6,-0.6923603456842805,0.6,-0.6535029266555555,0.03885741902872497,0.0
0.05,0.5,0.75,R_54BDOExpKqNLP7U,choice_only,dailydilemmas,3,5,0.8,-0.6900271794005838,1.0,-0.45526903526251045,0.23475814413807333,0.19999999999999996
0.05,0.5,0.75,R_7FP7x1oOPEhKFnt,choice_only,dailydilemmas,0,4,1.0,-0.6919280667454282,1.0,-0.56693140574824,0.1249966609971882,0.0
0.05,0.5,0.75,R_7FP7x1oOPEhKFnt,choice_only,dailydilemmas,1,4,0.5,-0.6928210627175507,1.0,-0.6376487734914849,0.055172289226065874,0.5
0.05,0.5,0.75,R_7FP7x1oOPEhKFnt,choice_only,dailydilemmas,2,4,1.0,-0.6925045821357162,0.75,-0.6363857154031342,0.05611886673258204,-0.25
0.05,0.5,0.75,R_7FP7x1oOPEhKFnt,choice_only,dailydilemmas,3,4,0.75,-0.6929586161800017,0.75,-0.6989295939911883,-0.005970977811186606,0.0
0.05,0.5,0.75,R_7FP7x1oOPEhKFnt,choice_only,dailydilemmas,4,4,0.75,-0.6921518574026817,0.5,-0.6311519486558198,0.0609999087468619,-0.25
0.05,0.5,0.75,R_3RlcXTweCHzrYtz,choice_only,dailydilemmas,0,4,0.75,-0.692169622767719,0.75,-0.6155333313118719,0.07663629145584705,0.0
0.05,0.5,0.75,R_3RlcXTweCHzrYtz,choice_only,dailydilemmas,1,4,0.5,-0.6921245155651763,0.5,-0.6342384516509667,0.057886063914209585,0.0
0.05,0.5,0.75,R_3RlcXTweCHzrYtz,choice_only,dailydilemmas,2,4,0.25,-0.6934837659178836,0.5,-0.7216831147169033,-0.02819934879901964,0.25
0.05,0.5,0.75,R_3RlcXTweCHzrYtz,choice_only,dailydilemmas,3,4,0.5,-0.6932357233524356,0.5,-0.7100179709255303,-0.016782247573094766,0.0
0.05,0.5,0.75,R_3RlcXTweCHzrYtz,choice_only,dailydilemmas,4,4,0.75,-0.6924225385240101,0.75,-0.6077533487113486,0.08466918981266158,0.0
0.05,0.5,0.75,R_64MjAxTXtmHjKMx,choice_only,dailydilemmas,0,4,0.5,-0.6926941351033684,0.5,-0.6521466147298527,0.04054752037351572,0.0
0.05,0.5,0.75,R_64MjAxTXtmHjKMx,choice_only,dailydilemmas,1,4,0.25,-0.6940710556215365,0.25,-0.676927110671755,0.017143944949781442,0.0
0.05,0.5,0.75,R_64MjAxTXtmHjKMx,choice_only,dailydilemmas,2,4,0.25,-0.6938039134381895,0.25,-0.792382275499179,-0.09857836206098947,0.0
0.05,0.5,0.75,R_64MjAxTXtmHjKMx,choice_only,dailydilemmas,3,4,0.75,-0.6920861844549647,0.75,-0.5900790089224803,0.1020071755324844,0.0
0.05,0.5,0.75,R_64MjAxTXtmHjKMx,choice_only,dailydilemmas,4,4,1.0,-0.6918386995488164,1.0,-0.5532800152021845,0.13855868434663188,0.0
0.05,0.5,0.75,R_5B7Sbr53fSq1D3z,inference_affirm,dailydilemmas,0,4,1.0,-0.6924009679036246,0.75,-0.6594522955008535,0.032948672402771106,-0.25
0.05,0.5,0.75,R_5B7Sbr53fSq1D3z,inference_affirm,dailydilemmas,1,4,1.0,-0.6914967585051052,0.75,-0.5987973132599232,0.09269944524518192,-0.25
0.05,0.5,0.75,R_5B7Sbr53fSq1D3z,inference_affirm,dailydilemmas,2,4,0.5,-0.6916899171728221,0.75,-0.6068359572761035,0.08485395989671862,0.25
0.05,0.5,0.75,R_5B7Sbr53fSq1D3z,inference_affirm,dailydilemmas,3,4,0.5,-0.6925555829975424,0.5,-0.6158526739176953,0.07670290907984711,0.0
0.05,0.5,0.75,R_5B7Sbr53fSq1D3z,inference_affirm,dailydilemmas,4,4,0.5,-0.6934639971088424,0.25,-0.7071944316298664,-0.01373043452102396,-0.25
0.05,0.5,0.75,R_7fTeTaHgGhgcqkN,inference_affirm,dailydilemmas,0,4,0.75,-0.6918140257887567,1.0,-0.5987531540574371,0.0930608717313196,0.25
0.05,0.5,0.75,R_7fTeTaHgGhgcqkN,inference_affirm,dailydilemmas,1,4,0.75,-0.6912834457678454,1.0,-0.5791936070113596,0.11208983875648582,0.25
0.05,0.5,0.75,R_7fTeTaHgGhgcqkN,inference_affirm,dailydilemmas,2,4,1.0,-0.6919592595083794,1.0,-0.6197587282022353,0.07220053130614412,0.0
0.05,0.5,0.75,R_7fTeTaHgGhgcqkN,inference_affirm,dailydilemmas,3,4,0.5,-0.6923729489017025,0.5,-0.6608237743650717,0.031549174536630864,0.0
0.05,0.5,0.75,R_7fTeTaHgGhgcqkN,inference_affirm,dailydilemmas,4,4,0.75,-0.6914575245591041,0.75,-0.621048863805376,0.07040866075372809,0.0
0.05,0.5,0.75,R_12tlw5u4cVbNiP1,inference_affirm,dailydilemmas,0,4,0.75,-0.6916294137246326,0.75,-0.6104543452035026,0.08117506852112999,0.0
0.05,0.5,0.75,R_12tlw5u4cVbNiP1,inference_affirm,dailydilemmas,1,4,0.5,-0.6922729032778986,0.5,-0.6432265803661595,0.04904632291173905,0.0
0.05,0.5,0.75,R_12tlw5u4cVbNiP1,inference_affirm,dailydilemmas,2,4,1.0,-0.6913990748711327,0.75,-0.574117277318585,0.11728179755254775,-0.25
0.05,0.5,0.75,R_12tlw5u4cVbNiP1,inference_affirm,dailydilemmas,3,4,0.75,-0.6917636640252386,1.0,-0.5895189480468983,0.10224471597834028,0.25
0.05,0.5,0.75,R_12tlw5u4cVbNiP1,inference_affirm,dailydilemmas,4,4,0.75,-0.6918227014195795,1.0,-0.594441809858753,0.09738089156082652,0.25
0.05,0.5,1.0,R_5EfMjMbx1z8Kvhl,inference_categories,dailydilemmas,0,4,0.75,-0.6923275991814979,0.5,-0.7332508487771862,-0.04092324959568827,-0.25
0.05,0.5,1.0,R_5EfMjMbx1z8Kvhl,inference_categories,dailydilemmas,1,4,0.5,-0.692107728588651,0.75,-0.6806516802289411,0.011456048359709925,0.25
0.05,0.5,1.0,R_5EfMjMbx1z8Kvhl,inference_categories,dailydilemmas,2,4,0.5,-0.6930055898490717,0.5,-0.6719901923906375,0.02101539745843417,0.0
0.05,0.5,1.0,R_5EfMjMbx1z8Kvhl,inference_categories,dailydilemmas,3,4,0.75,-0.6921698893625947,0.75,-0.6371439968115818,0.05502589255101287,0.0
0.05,0.5,1.0,R_5EfMjMbx1z8Kvhl,inference_categories,dailydilemmas,4,4,0.5,-0.6916124977152831,0.5,-0.6821416050411193,0.009470892674163789,0.0
0.05,0.5,1.0,R_56aT1YjmRtKACUH,inference_categories,dailydilemmas,0,4,0.75,-0.6928161057074206,1.0,-0.6397815572246561,0.053034548482764454,0.25
0.05,0.5,1.0,R_56aT1YjmRtKACUH,inference_categories,dailydilemmas,1,4,0.25,-0.6937101957354634,0.25,-0.7475601783919167,-0.053849982656453244,0.0
0.05,0.5,1.0,R_56aT1YjmRtKACUH,inference_categories,dailydilemmas,2,4,0.75,-0.6924772749383264,0.5,-0.6888201167605195,0.003657158177806985,-0.25
0.05,0.5,1.0,R_56aT1YjmRtKACUH,inference_categories,dailydilemmas,3,4,0.75,-0.692553249130433,0.5,-0.6692758893640194,0.023277359766413652,-0.25
0.05,0.5,1.0,R_56aT1YjmRtKACUH,inference_categories,dailydilemmas,4,4,0.5,-0.6927715965415814,0.25,-0.7051752281358881,-0.012403631594306685,-0.25
0.05,0.5,1.0,R_3HS2lsaEfcZSuXu,inference_categories,dailydilemmas,0,4,1.0,-0.6922145708976619,0.75,-0.6158801363179339,0.076334434579728,-0.25
0.05,0.5,1.0,R_3HS2lsaEfcZSuXu,inference_categories,dailydilemmas,1,4,0.5,-0.6935194048429342,0.5,-0.7777172929643987,-0.08419788812146456,0.0
0.05,0.5,1.0,R_3HS2lsaEfcZSuXu,inference_categories,dailydilemmas,2,4,0.5,-0.6928434999593708,0.5,-0.6950187206948155,-0.0021752207354447384,0.0
0.05,0.5,1.0,R_3HS2lsaEfcZSuXu,inference_categories,dailydilemmas,3,4,0.5,-0.6925147737062834,1.0,-0.6191079559257997,0.07340681778048375,0.5
0.05,0.5,1.0,R_3HS2lsaEfcZSuXu,inference_categories,dailydilemmas,4,4,0.75,-0.6922641213528324,0.75,-0.606826696108379,0.08543742524445341,0.0
0.05,0.5,1.0,R_6HoVfVJSFl7IrlL,inference_categories,dailydilemmas,0,4,0.75,-0.6928992813204569,0.75,-0.6791509761448542,0.01374830517560266,0.0
0.05,0.5,1.0,R_6HoVfVJSFl7IrlL,inference_categories,dailydilemmas,1,4,0.75,-0.692487035620315,0.75,-0.6272757672998132,0.06521126832050184,0.0
0.05,0.5,1.0,R_6HoVfVJSFl7IrlL,inference_categories,dailydilemmas,2,4,0.25,-0.6934830207785968,0.75,-0.7161582268223287,-0.022675206043731855,0.5
0.05,0.5,1.0,R_6HoVfVJSFl7IrlL,inference_categories,dailydilemmas,3,4,0.75,-0.6924371284265671,0.75,-0.6379302620732935,0.05450686635327362,0.0
0.05,0.5,1.0,R_6HoVfVJSFl7IrlL,inference_categories,dailydilemmas,4,4,0.75,-0.691991702915315,1.0,-0.6154888659133548,0.07650283700196014,0.25
0.05,0.5,1.0,R_5Q5TZ5csoblHSvA,inference_categories,dailydilemmas,0,4,0.5,-0.6932046971065635,0.5,-0.7294245179633961,-0.03621982085683262,0.0
0.05,0.5,1.0,R_5Q5TZ5csoblHSvA,inference_categories,dailydilemmas,1,4,0.75,-0.6933010362528886,0.75,-0.6672201538842859,0.02608088236860273,0.0
0.05,0.5,1.0,R_5Q5TZ5csoblHSvA,inference_categories,dailydilemmas,2,4,0.5,-0.6925393726246563,0.75,-0.6958090840136998,-0.003269711389043528,0.25
0.05,0.5,1.0,R_5Q5TZ5csoblHSvA,inference_categories,dailydilemmas,3,4,0.25,-0.693672157233209,0.25,-0.7085383248067582,-0.014866167573549194,0.0
0.05,0.5,1.0,R_5Q5TZ5csoblHSvA,inference_categories,dailydilemmas,4,4,0.5,-0.6927479762012052,0.75,-0.6889647018262449,0.003783274374960288,0.25
0.05,0.5,1.0,R_18H831wJaDlPwgg,inference_categories,dailydilemmas,0,4,0.5,-0.6916147042699178,0.5,-0.6812937407917066,0.01032096347821121,0.0
0.05,0.5,1.0,R_18H831wJaDlPwgg,inference_categories,dailydilemmas,1,4,1.0,-0.6899870586634695,1.0,-0.5271734937768995,0.16281356488657006,0.0
0.05,0.5,1.0,R_18H831wJaDlPwgg,inference_categories,dailydilemmas,2,4,0.25,-0.6917238616310285,0.5,-0.6222872618759254,0.06943659975510308,0.25
0.05,0.5,1.0,R_18H831wJaDlPwgg,inference_categories,dailydilemmas,3,4,1.0,-0.6891156439819446,1.0,-0.5089417549978826,0.18017388898406195,0.0
0.05,0.5,1.0,R_18H831wJaDlPwgg,inference_categories,dailydilemmas,4,4,0.75,-0.6902118746874193,1.0,-0.5370584724780642,0.15315340220935514,0.25
0.05,0.5,1.0,R_12mMAseFwoOpgqC,inference_categories,dailydilemmas,0,4,0.75,-0.6923560192102111,0.5,-0.6485770207911079,0.043778998419103154,-0.25
0.05,0.5,1.0,R_12mMAseFwoOpgqC,inference_categories,dailydilemmas,1,4,0.5,-0.692708683905009,0.5,-0.6426233485048443,0.05008533540016469,0.0
0.05,0.5,1.0,R_12mMAseFwoOpgqC,inference_categories,dailydilemmas,2,4,0.5,-0.6938594465566419,0.5,-0.6963198650406067,-0.0024604184839648324,0.0
0.05,0.5,1.0,R_12mMAseFwoOpgqC,inference_categories,dailydilemmas,3,4,0.25,-0.693157141606494,0.5,-0.6970423197894786,-0.0038851781829846166,0.25
0.05,0.5,1.0,R_12mMAseFwoOpgqC,inference_categories,dailydilemmas,4,4,0.75,-0.6923894076906529,0.75,-0.6297700114194575,0.0626193962711954,0.0
0.05,0.5,1.0,R_7ojvA7NDI10RoKR,inference_categories,dailydilemmas,0,5,0.6,-0.6920068818772697,0.6,-0.6339543719806026,0.058052509896667104,0.0
0.05,0.5,1.0,R_7ojvA7NDI10RoKR,inference_categories,dailydilemmas,1,5,0.8,-0.6917348847637751,1.0,-0.5896989441872995,0.10203594057647558,0.19999999999999996
0.05,0.5,1.0,R_7ojvA7NDI10RoKR,inference_categories,dailydilemmas,2,5,0.8,-0.6916545545853191,0.8,-0.6307744141629539,0.060880140422365225,0.0
0.05,0.5,1.0,R_7ojvA7NDI10RoKR,inference_categories,dailydilemmas,3,5,1.0,-0.6917046586626592,0.6,-0.6184928684224864,0.07321179024017277,-0.4
0.05,0.5,1.0,R_5gbXjT8uFYXCo7E,inference_categories,dailydilemmas,0,4,0.25,-0.694026868559669,0.25,-0.7385229380293885,-0.04449606946971951,0.0
0.05,0.5,1.0,R_5gbXjT8uFYXCo7E,inference_categories,dailydilemmas,1,4,0.5,-0.6930937564136729,0.5,-0.6771772651757294,0.015916491237943475,0.0
0.05,0.5,1.0,R_5gbXjT8uFYXCo7E,inference_categories,dailydilemmas,2,4,0.5,-0.6928904338246693,0.75,-0.6295906411835118,0.06329979264115748,0.25
0.05,0.5,1.0,R_5gbXjT8uFYXCo7E,inference_categories,dailydilemmas,3,4,0.75,-0.6928488703434292,0.75,-0.67531936646685,0.017529503876579255,0.0
0.05,0.5,1.0,R_5gbXjT8uFYXCo7E,inference_categories,dailydilemmas,4,4,0.75,-0.6923363356652761,0.5,-0.6366563445403793,0.055679991124896744,-0.25
0.05,0.5,1.0,R_7f9o7q4AZOoP4ot,inference_categories,dailydilemmas,0,4,0.5,-0.6928590408729023,0.5,-0.7093219471337241,-0.016462906260821808,0.0
0.05,0.5,1.0,R_7f9o7q4AZOoP4ot,inference_categories,dailydilemmas,1,4,0.25,-0.6940582712554482,0.5,-0.7778614279444621,-0.08380315668901395,0.25
0.05,0.5,1.0,R_7f9o7q4AZOoP4ot,inference_categories,dailydilemmas,2,4,0.25,-0.6938234561373877,0.25,-0.7104132048140418,-0.01658974867665408,0.0
0.05,0.5,1.0,R_7f9o7q4AZOoP4ot,inference_categories,dailydilemmas,3,4,0.5,-0.6930868562810306,0.5,-0.7112944933077787,-0.018207637026748102,0.0
0.05,0.5,1.0,R_7f9o7q4AZOoP4ot,inference_categories,dailydilemmas,4,4,0.25,-0.6937483224132927,0.25,-0.7832563577755058,-0.08950803536221319,0.0
0.05,0.5,1.0,R_1WHYlcDjJDcnUfD,inference_categories,dailydilemmas,0,4,0.25,-0.6936107817399355,0.25,-0.7125980322333518,-0.01898725049341632,0.0
0.05,0.5,1.0,R_1WHYlcDjJDcnUfD,inference_categories,dailydilemmas,1,4,0.75,-0.6927597897553112,0.25,-0.7087774769600521,-0.01601768720474095,-0.5
0.05,0.5,1.0,R_1WHYlcDjJDcnUfD,inference_categories,dailydilemmas,2,4,0.5,-0.692882790314926,0.75,-0.6807876342877242,0.012095156027201792,0.25
0.05,0.5,1.0,R_1WHYlcDjJDcnUfD,inference_categories,dailydilemmas,3,4,0.5,-0.6933126230141359,0.0,-0.7324239888702683,-0.039111365856132396,-0.5
0.05,0.5,1.0,R_1WHYlcDjJDcnUfD,inference_categories,dailydilemmas,4,4,0.5,-0.6933165620073277,1.0,-0.6482259487723927,0.04509061323493502,0.5
0.05,0.5,1.0,R_6Q0gBjey6IdfZpf,inference_categories,dailydilemmas,0,4,0.75,-0.6921669564928575,0.5,-0.6427340626969619,0.04943289379589566,-0.25
0.05,0.5,1.0,R_6Q0gBjey6IdfZpf,inference_categories,dailydilemmas,1,4,1.0,-0.6919515344248186,1.0,-0.6202206872144219,0.07173084721039669,0.0
0.05,0.5,1.0,R_6Q0gBjey6IdfZpf,inference_categories,dailydilemmas,2,4,0.75,-0.6922742370254034,0.75,-0.625540826600535,0.06673341042486836,0.0
0.05,0.5,1.0,R_6Q0gBjey6IdfZpf,inference_categories,dailydilemmas,3,4,0.75,-0.6922809472749593,0.25,-0.6931930156286714,-0.0009120683537121588,-0.5
0.05,0.5,1.0,R_6Q0gBjey6IdfZpf,inference_categories,dailydilemmas,4,4,0.5,-0.6923239171830518,0.5,-0.6036462517396102,0.08867766544344158,0.0
0.05,0.5,1.0,R_1wzohnjOPhN82Wd,inference_categories,dailydilemmas,0,4,0.75,-0.6912657817430935,0.5,-0.6471347397515496,0.04413104199154394,-0.25
0.05,0.5,1.0,R_1wzohnjOPhN82Wd,inference_categories,dailydilemmas,1,4,0.75,-0.6910091198303364,0.75,-0.616469689158507,0.07453943067182944,0.0
0.05,0.5,1.0,R_1wzohnjOPhN82Wd,inference_categories,dailydilemmas,2,4,0.75,-0.6916135310151922,0.75,-0.5759106499728907,0.11570288104230153,0.0
0.05,0.5,1.0,R_1wzohnjOPhN82Wd,inference_categories,dailydilemmas,3,4,0.75,-0.6912827721934094,1.0,-0.595988667940452,0.09529410425295737,0.25
0.05,0.5,1.0,R_1wzohnjOPhN82Wd,inference_categories,dailydilemmas,4,4,0.25,-0.6945114868894781,0.25,-0.7455408039619473,-0.05102931707246927,0.0
0.05,0.5,1.0,R_70kbQcqJL4Tkq6B,inference_categories,dailydilemmas,0,4,0.5,-0.693099326816225,0.5,-0.7425121068636799,-0.04941278004745486,0.0
0.05,0.5,1.0,R_70kbQcqJL4Tkq6B,inference_categories,dailydilemmas,1,4,0.5,-0.6935456776381743,0.75,-0.6530519282865438,0.040493749351630526,0.25
0.05,0.5,1.0,R_70kbQcqJL4Tkq6B,inference_categories,dailydilemmas,2,4,1.0,-0.6903881142268726,0.75,-0.6447886231362496,0.045599491090623,-0.25
0.05,0.5,1.0,R_70kbQcqJL4Tkq6B,inference_categories,dailydilemmas,3,4,0.75,-0.6910186881848221,0.75,-0.6172244284930848,0.07379425969173736,0.0
0.05,0.5,1.0,R_70kbQcqJL4Tkq6B,inference_categories,dailydilemmas,4,4,0.75,-0.6910584094419714,1.0,-0.6053215599947561,0.08573684944721527,0.25
0.05,0.5,1.0,R_6rftRMhNP0o6boD,inference_categories,dailydilemmas,0,4,0.25,-0.6927920742765155,0.75,-0.6262856421364809,0.0665064321400346,0.5
0.05,0.5,1.0,R_6rftRMhNP0o6boD,inference_categories,dailydilemmas,1,4,0.5,-0.6924913932327733,0.75,-0.6813167867917357,0.011174606441037627,0.25
0.05,0.5,1.0,R_6rftRMhNP0o6boD,inference_categories,dailydilemmas,2,4,0.75,-0.6930215747126403,0.5,-0.7050551822585163,-0.012033607545876013,-0.25
0.05,0.5,1.0,R_6rftRMhNP0o6boD,inference_categories,dailydilemmas,3,4,0.75,-0.6913539511353748,0.75,-0.6424318756418058,0.04892207549356897,0.0
0.05,0.5,1.0,R_6rftRMhNP0o6boD,inference_categories,dailydilemmas,4,4,1.0,-0.6911317756524363,0.75,-0.6554200530929462,0.03571172255949018,-0.25
0.05,0.5,1.0,R_6jv2PrGBJcO4of6,inference_categories,dailydilemmas,0,4,1.0,-0.6913708595536875,0.75,-0.5570348591630294,0.13433600039065807,-0.25
0.05,0.5,1.0,R_6jv2PrGBJcO4of6,inference_categories,dailydilemmas,1,4,0.75,-0.6912995160513344,0.75,-0.6554826831486246,0.03581683290270987,0.0
0.05,0.5,1.0,R_6jv2PrGBJcO4of6,inference_categories,dailydilemmas,2,4,0.5,-0.6926591280607736,0.5,-0.7164379995155863,-0.023778871454812722,0.0
0.05,0.5,1.0,R_6jv2PrGBJcO4of6,inference_categories,dailydilemmas,3,4,0.75,-0.6920955861097676,0.75,-0.6443342115642491,0.04776137454551854,0.0
0.05,0.5,1.0,R_6jv2PrGBJcO4of6,inference_categories,dailydilemmas,4,4,0.5,-0.6944162521312823,0.5,-0.8130812682138793,-0.11866501608259694,0.0
0.05,0.5,1.0,R_1dHqTtKKq3yQvmX,inference_categories,dailydilemmas,0,4,0.75,-0.6901793664806752,0.75,-0.5232714626551271,0.1669079038255481,0.0
0.05,0.5,1.0,R_1dHqTtKKq3yQvmX,inference_categories,dailydilemmas,1,4,0.5,-0.6905398035230048,0.5,-0.5417268624910325,0.1488129410319723,0.0
0.05,0.5,1.0,R_1dHqTtKKq3yQvmX,inference_categories,dailydilemmas,2,4,0.75,-0.6916850396000928,0.75,-0.5959340248102991,0.09575101478979364,0.0
0.05,0.5,1.0,R_1dHqTtKKq3yQvmX,inference_categories,dailydilemmas,3,4,0.75,-0.6917166981820564,0.75,-0.61302575297826,0.07869094520379638,0.0
0.05,0.5,1.0,R_1dHqTtKKq3yQvmX,inference_categories,dailydilemmas,4,4,0.75,-0.6905830384527758,0.75,-0.5374391046288443,0.15314393382393154,0.0
0.05,0.5,1.0,R_1P81VK8fH860C4V,inference_categories,dailydilemmas,0,4,1.0,-0.6920433577900249,1.0,-0.5683557474466145,0.12368761034341036,0.0
0.05,0.5,1.0,R_1P81VK8fH860C4V,inference_categories,dailydilemmas,1,4,1.0,-0.6919164570325738,1.0,-0.5301622574828819,0.16175419954969184,0.0
0.05,0.5,1.0,R_1P81VK8fH860C4V,inference_categories,dailydilemmas,2,4,0.75,-0.6928577825296892,0.75,-0.6253733290119057,0.06748445351778354,0.0
0.05,0.5,1.0,R_1P81VK8fH860C4V,inference_categories,dailydilemmas,3,4,0.25,-0.6932254130917721,0.25,-0.7000051946109511,-0.006779781519179018,0.0
0.05,0.5,1.0,R_1P81VK8fH860C4V,inference_categories,dailydilemmas,4,4,1.0,-0.6913179800919581,1.0,-0.5740303681212934,0.11728761197066473,0.0
0.05,0.5,1.0,R_7go085j249AymBb,inference_categories,dailydilemmas,0,4,0.5,-0.6920457681275483,0.5,-0.6138758989051575,0.07816986922239078,0.0
0.05,0.5,1.0,R_7go085j249AymBb,inference_categories,dailydilemmas,1,4,0.75,-0.6918687893093179,0.75,-0.5585856813818318,0.1332831079274861,0.0
0.05,0.5,1.0,R_7go085j249AymBb,inference_categories,dailydilemmas,2,4,0.75,-0.6916919699910548,1.0,-0.56515377728385,0.1265381927072048,0.25
0.05,0.5,1.0,R_7go085j249AymBb,inference_categories,dailydilemmas,3,4,0.75,-0.6921476975615788,0.75,-0.5896822521304637,0.10246544543111513,0.0
0.05,0.5,1.0,R_7go085j249AymBb,inference_categories,dailydilemmas,4,4,0.5,-0.6933859969559947,0.5,-0.712371179580028,-0.01898518262403337,0.0
0.05,0.5,1.0,R_6xzSCFMWRhzZIRg,inference_categories,dailydilemmas,0,4,0.25,-0.6927821561848767,0.5,-0.6663741936939982,0.02640796249087851,0.25
0.05,0.5,1.0,R_6xzSCFMWRhzZIRg,inference_categories,dailydilemmas,1,4,0.75,-0.6925641341245401,0.75,-0.6140018945737432,0.07856223955079689,0.0
0.05,0.5,1.0,R_6xzSCFMWRhzZIRg,inference_categories,dailydilemmas,2,4,0.75,-0.6928042560852457,0.75,-0.6507948931040977,0.04200936298114799,0.0
0.05,0.5,1.0,R_6xzSCFMWRhzZIRg,inference_categories,dailydilemmas,3,4,1.0,-0.6921312027011314,0.75,-0.6327521308564463,0.05937907184468505,-0.25
0.05,0.5,1.0,R_6xzSCFMWRhzZIRg,inference_categories,dailydilemmas,4,4,0.75,-0.6925934243944709,0.5,-0.6378362369834336,0.0547571874110373,-0.25
0.05,0.5,1.0,R_5EychZPB1u00qZH,inference_categories,dailydilemmas,0,4,1.0,-0.6915691978027982,0.75,-0.565454846441334,0.1261143513614642,-0.25
0.05,0.5,1.0,R_5EychZPB1u00qZH,inference_categories,dailydilemmas,1,4,0.5,-0.6922579912654148,0.5,-0.6629396433086325,0.02931834795678223,0.0
0.05,0.5,1.0,R_5EychZPB1u00qZH,inference_categories,dailydilemmas,2,4,1.0,-0.6920351292436367,1.0,-0.5819355080119447,0.11009962123169204,0.0
0.05,0.5,1.0,R_5EychZPB1u00qZH,inference_categories,dailydilemmas,3,4,1.0,-0.6918581079995139,1.0,-0.5464935488600393,0.14536455913947455,0.0
0.05,0.5,1.0,R_5EychZPB1u00qZH,inference_categories,dailydilemmas,4,4,0.25,-0.693113923592781,0.25,-0.7330736322904811,-0.03995970869770005,0.0
0.05,0.5,1.0,R_59glCvaBnt5WTU6,inference_categories,dailydilemmas,0,4,0.5,-0.6934585289871318,0.5,-0.7201834322192403,-0.02672490323210852,0.0
0.05,0.5,1.0,R_59glCvaBnt5WTU6,inference_categories,dailydilemmas,1,4,0.75,-0.6924249223884483,1.0,-0.5922323647481524,0.10019255764029589,0.25
0.05,0.5,1.0,R_59glCvaBnt5WTU6,inference_categories,dailydilemmas,2,4,0.75,-0.6921256744126439,1.0,-0.6059957213131113,0.08612995309953264,0.25
0.05,0.5,1.0,R_59glCvaBnt5WTU6,inference_categories,dailydilemmas,3,4,0.75,-0.6923140677501498,0.5,-0.6337189799137363,0.05859508783641354,-0.25
0.05,0.5,1.0,R_59glCvaBnt5WTU6,inference_categories,dailydilemmas,4,4,0.75,-0.6924660984930848,0.5,-0.6888476865547088,0.003618411938375976,-0.25
0.05,0.5,1.0,R_1nBL27EvLs0Bkk4,inference_categories,dailydilemmas,0,4,0.5,-0.6925040934732599,0.75,-0.6320585719408381,0.060445521532421775,0.25
0.05,0.5,1.0,R_1nBL27EvLs0Bkk4,inference_categories,dailydilemmas,1,4,0.25,-0.693942222109138,0.5,-0.7620179562881897,-0.06807573417905166,0.25
0.05,0.5,1.0,R_1nBL27EvLs0Bkk4,inference_categories,dailydilemmas,2,4,0.75,-0.6912821629528922,1.0,-0.6028965395267853,0.0883856234261069,0.25
0.05,0.5,1.0,R_1nBL27EvLs0Bkk4,inference_categories,dailydilemmas,3,4,0.5,-0.6924616239598635,0.75,-0.6440413643582514,0.048420259601612115,0.25
0.05,0.5,1.0,R_1nBL27EvLs0Bkk4,inference_categories,dailydilemmas,4,4,1.0,-0.6911718043804796,0.75,-0.6025333331997414,0.0886384711807382,-0.25
0.05,0.5,1.0,R_6FsUQnzEYAQwtwa,inference_categories,dailydilemmas,0,4,0.75,-0.6927384253042169,0.75,-0.6623424424624972,0.030395982841719738,0.0
0.05,0.5,1.0,R_6FsUQnzEYAQwtwa,inference_categories,dailydilemmas,1,4,0.5,-0.6927163458859349,0.25,-0.6921015064112768,0.0006148394746581243,-0.25
0.05,0.5,1.0,R_6FsUQnzEYAQwtwa,inference_categories,dailydilemmas,2,4,0.5,-0.6932754640605925,0.75,-0.6650294388974192,0.028246025163173316,0.25
0.05,0.5,1.0,R_6FsUQnzEYAQwtwa,inference_categories,dailydilemmas,3,4,0.75,-0.6926125292192916,0.5,-0.7423252240998574,-0.04971269488056573,-0.25
0.05,0.5,1.0,R_6FsUQnzEYAQwtwa,inference_categories,dailydilemmas,4,4,0.75,-0.6926171705827615,0.5,-0.6768701186872244,0.015747051895537156,-0.25
0.05,0.5,1.0,R_5pX1jjp1Yu1RSN7,inference_categories,dailydilemmas,0,4,1.0,-0.6916563926178843,0.75,-0.5801985439895809,0.11145784862830332,-0.25
0.05,0.5,1.0,R_5pX1jjp1Yu1RSN7,inference_categories,dailydilemmas,1,4,0.75,-0.6913416045752215,0.75,-0.5926578040674603,0.09868380050776127,0.0
0.05,0.5,1.0,R_5pX1jjp1Yu1RSN7,inference_categories,dailydilemmas,2,4,0.75,-0.6917451406050665,0.75,-0.5762999247460487,0.11544521585901779,0.0
0.05,0.5,1.0,R_5pX1jjp1Yu1RSN7,inference_categories,dailydilemmas,3,4,0.75,-0.6915415809271314,0.75,-0.6376592845728735,0.0538822963542579,0.0
0.05,0.5,1.0,R_5pX1jjp1Yu1RSN7,inference_categories,dailydilemmas,4,4,0.25,-0.6954732529707177,0.25,-0.8312850602088938,-0.1358118072381761,0.0
0.05,0.5,1.0,R_5DY1mtPtJpWz8WC,inference_categories,dailydilemmas,0,5,1.0,-0.6901900358599771,1.0,-0.4561614004125141,0.234028635447463,0.0
0.05,0.5,1.0,R_5DY1mtPtJpWz8WC,inference_categories,dailydilemmas,1,5,0.6,-0.6912324351004475,1.0,-0.5523565449363558,0.13887589016409174,0.4
0.05,0.5,1.0,R_5DY1mtPtJpWz8WC,inference_categories,dailydilemmas,2,5,0.8,-0.691829432035987,1.0,-0.5944548134343315,0.09737461860165553,0.19999999999999996
0.05,0.5,1.0,R_5DY1mtPtJpWz8WC,inference_categories,dailydilemmas,3,5,0.6,-0.6903303706504949,1.0,-0.5025362992240547,0.1877940714264401,0.4
0.05,0.5,1.0,R_1PN3SGDWOMibPAh,inference_categories,dailydilemmas,0,4,0.75,-0.6919509454770811,1.0,-0.5707799357257135,0.12117100975136763,0.25
0.05,0.5,1.0,R_1PN3SGDWOMibPAh,inference_categories,dailydilemmas,1,4,0.5,-0.693423134032705,0.5,-0.7499908554964773,-0.056567721463772314,0.0
0.05,0.5,1.0,R_1PN3SGDWOMibPAh,inference_categories,dailydilemmas,2,4,0.5,-0.692956189895669,0.5,-0.6512627508668588,0.041693439028810175,0.0
0.05,0.5,1.0,R_1PN3SGDWOMibPAh,inference_categories,dailydilemmas,3,4,0.5,-0.6922843616630568,0.5,-0.6352998309011972,0.05698453076185961,0.0
0.05,0.5,1.0,R_1PN3SGDWOMibPAh,inference_categories,dailydilemmas,4,4,1.0,-0.6918221546867992,1.0,-0.6061643682220657,0.08565778646473354,0.0
0.05,0.5,1.0,R_3SrBXsc2uYrsSZz,inference_categories,dailydilemmas,0,4,0.5,-0.6921819867098238,0.75,-0.6378134457844582,0.05436854092536558,0.25
0.05,0.5,1.0,R_3SrBXsc2uYrsSZz,inference_categories,dailydilemmas,1,4,0.75,-0.6927603848918005,0.5,-0.6981273088026365,-0.005366923910836041,-0.25
0.05,0.5,1.0,R_3SrBXsc2uYrsSZz,inference_categories,dailydilemmas,2,4,0.5,-0.6928712779217644,0.5,-0.7129710464104828,-0.020099768488718417,0.0
0.05,0.5,1.0,R_3SrBXsc2uYrsSZz,inference_categories,dailydilemmas,3,4,0.75,-0.6917737093762071,0.75,-0.6067027095045726,0.08507099987163447,0.0
0.05,0.5,1.0,R_3SrBXsc2uYrsSZz,inference_categories,dailydilemmas,4,4,1.0,-0.691789791299691,1.0,-0.5923188739575143,0.09947091734217672,0.0
0.05,0.5,1.0,R_7rNeEq8TvAxjqdL,inference_categories,dailydilemmas,0,4,0.75,-0.6911846470944386,0.75,-0.5195565380243929,0.17162810907004566,0.0
0.05,0.5,1.0,R_7rNeEq8TvAxjqdL,inference_categories,dailydilemmas,1,4,0.75,-0.69164818192401,0.5,-0.6065330931200785,0.08511508880393148,-0.25
0.05,0.5,1.0,R_7rNeEq8TvAxjqdL,inference_categories,dailydilemmas,2,4,1.0,-0.6907843678215682,1.0,-0.5263725368923315,0.1644118309292366,0.0
0.05,0.5,1.0,R_7rNeEq8TvAxjqdL,inference_categories,dailydilemmas,3,4,0.75,-0.6922579415528716,0.25,-0.6953585843867389,-0.003100642833867351,-0.5
0.05,0.5,1.0,R_7rNeEq8TvAxjqdL,inference_categories,dailydilemmas,4,4,0.75,-0.6916794143622071,0.75,-0.5823874220519033,0.10929199231030384,0.0
0.05,0.5,1.0,R_7QAkOtO6FETwKSv,inference_categories,dailydilemmas,0,4,0.5,-0.6935653153634046,0.5,-0.7488606036613867,-0.05529528829798214,0.0
0.05,0.5,1.0,R_7QAkOtO6FETwKSv,inference_categories,dailydilemmas,1,4,0.75,-0.6922413992091314,0.75,-0.6479285887836139,0.04431281042551749,0.0
0.05,0.5,1.0,R_7QAkOtO6FETwKSv,inference_categories,dailydilemmas,2,4,0.5,-0.6929267303893999,0.5,-0.7468877579395623,-0.05396102755016241,0.0
0.05,0.5,1.0,R_7QAkOtO6FETwKSv,inference_categories,dailydilemmas,3,4,1.0,-0.6920532080201354,0.5,-0.6890276323888047,0.003025575631330657,-0.5
0.05,0.5,1.0,R_7QAkOtO6FETwKSv,inference_categories,dailydilemmas,4,4,0.5,-0.692874388257928,0.75,-0.6979549859534196,-0.005080597695491629,0.25
0.05,0.5,1.0,R_6gCrJV80LvD23XK,choice_only,dailydilemmas,0,4,0.5,-0.693771785100323,0.5,-0.7623043658938501,-0.06853258079352709,0.0
0.05,0.5,1.0,R_6gCrJV80LvD23XK,choice_only,dailydilemmas,1,4,1.0,-0.6920506137011905,1.0,-0.5697211733364957,0.12232944036469473,0.0
0.05,0.5,1.0,R_6gCrJV80LvD23XK,choice_only,dailydilemmas,2,4,0.75,-0.692272194395104,0.75,-0.6406146439800595,0.051657550415044495,0.0
0.05,0.5,1.0,R_6gCrJV80LvD23XK,choice_only,dailydilemmas,3,4,0.25,-0.6935722697383494,0.25,-0.7311366754598347,-0.03756440572148534,0.0
0.05,0.5,1.0,R_6gCrJV80LvD23XK,choice_only,dailydilemmas,4,4,0.5,-0.69288341392352,0.5,-0.6717138202882612,0.021169593635258832,0.0
0.05,0.5,1.0,R_7SrhV7HvgsG1fvA,choice_only,dailydilemmas,0,4,0.5,-0.6919869228690966,0.5,-0.6417624386169318,0.05022448425216475,0.0
0.05,0.5,1.0,R_7SrhV7HvgsG1fvA,choice_only,dailydilemmas,1,4,0.75,-0.6927850648558612,1.0,-0.6622367556811984,0.03054830917466278,0.25
0.05,0.5,1.0,R_7SrhV7HvgsG1fvA,choice_only,dailydilemmas,2,4,0.5,-0.6932548429514276,0.5,-0.7341229189156817,-0.040868075964254125,0.0
0.05,0.5,1.0,R_7SrhV7HvgsG1fvA,choice_only,dailydilemmas,3,4,0.75,-0.6925621208023383,1.0,-0.6488511870437993,0.04371093375853896,0.25
0.05,0.5,1.0,R_7SrhV7HvgsG1fvA,choice_only,dailydilemmas,4,4,0.0,-0.694777709820397,0.0,-0.8150445773756837,-0.1202668675552867,0.0
0.05,0.5,1.0,R_5aLcKnMSH0hrVLH,choice_only,dailydilemmas,0,4,1.0,-0.6923263146045625,1.0,-0.6038746553856295,0.08845165921893305,0.0
0.05,0.5,1.0,R_5aLcKnMSH0hrVLH,choice_only,dailydilemmas,1,4,1.0,-0.691702529524409,0.75,-0.6040561315310526,0.08764639799335638,-0.25
0.05,0.5,1.0,R_5aLcKnMSH0hrVLH,choice_only,dailydilemmas,2,4,0.75,-0.6924378717203983,0.5,-0.636056588269835,0.05638128345056326,-0.25
0.05,0.5,1.0,R_5aLcKnMSH0hrVLH,choice_only,dailydilemmas,3,4,1.0,-0.6922143155928429,1.0,-0.6562703667345263,0.03594394885831653,0.0
0.05,0.5,1.0,R_5aLcKnMSH0hrVLH,choice_only,dailydilemmas,4,4,0.5,-0.6935217086981267,0.5,-0.7644273510255217,-0.07090564232739505,0.0
0.05,0.5,1.0,R_6E6esO9YjIptSgZ,choice_only,dailydilemmas,0,5,0.4,-0.6933243109022651,0.4,-0.7054602416980122,-0.012135930795747152,0.0
0.05,0.5,1.0,R_6E6esO9YjIptSgZ,choice_only,dailydilemmas,1,5,0.4,-0.6935058840958112,0.4,-0.6820935462427143,0.01141233785309681,0.0
0.05,0.5,1.0,R_6E6esO9YjIptSgZ,choice_only,dailydilemmas,2,5,0.4,-0.693025151606699,1.0,-0.6447133923943393,0.04831175921235964,0.6
0.05,0.5,1.0,R_6E6esO9YjIptSgZ,choice_only,dailydilemmas,3,5,0.4,-0.693228696324342,0.4,-0.6870833082646364,0.006145388059705659,0.0
0.05,0.5,1.0,R_1MCxQvFXsgFj9AZ,choice_only,dailydilemmas,0,4,0.0,-0.6941318405634145,0.5,-0.7124398208359541,-0.01830798027253966,0.5
0.05,0.5,1.0,R_1MCxQvFXsgFj9AZ,choice_only,dailydilemmas,1,4,0.75,-0.6930678237544948,0.5,-0.6862570048935281,0.006810818860966683,-0.25
0.05,0.5,1.0,R_1MCxQvFXsgFj9AZ,choice_only,dailydilemmas,2,4,0.25,-0.6935068931572397,0.25,-0.7521454362139278,-0.05863854305668814,0.0
0.05,0.5,1.0,R_1MCxQvFXsgFj9AZ,choice_only,dailydilemmas,3,4,0.25,-0.6936224990050501,0.25,-0.7175711700858988,-0.023948671080848638,0.0
0.05,0.5,1.0,R_1MCxQvFXsgFj9AZ,choice_only,dailydilemmas,4,4,0.75,-0.6930774068097307,0.5,-0.6906203734669647,0.002457033342766035,-0.25
0.05,0.5,1.0,R_3JfmC4gRU1JpbNv,choice_only,dailydilemmas,0,4,0.75,-0.691414093721901,0.75,-0.5835649645602115,0.10784912916168954,0.0
0.05,0.5,1.0,R_3JfmC4gRU1JpbNv,choice_only,dailydilemmas,1,4,1.0,-0.6911231568843574,1.0,-0.5451955575526863,0.1459275993316711,0.0
0.05,0.5,1.0,R_3JfmC4gRU1JpbNv,choice_only,dailydilemmas,2,4,0.5,-0.6937110318112766,0.5,-0.7168610759186562,-0.02315004410737964,0.0
0.05,0.5,1.0,R_3JfmC4gRU1JpbNv,choice_only,dailydilemmas,3,4,0.5,-0.6933484607438867,0.5,-0.6683160778098595,0.02503238293402721,0.0
0.05,0.5,1.0,R_3JfmC4gRU1JpbNv,choice_only,dailydilemmas,4,4,1.0,-0.691460935575063,1.0,-0.5597013328433629,0.13175960273170018,0.0
0.05,0.5,1.0,R_7QGHM1iZnW1jfRx,choice_only,dailydilemmas,0,4,0.5,-0.6933461948959684,0.5,-0.6948283927692911,-0.0014821978733227104,0.0
0.05,0.5,1.0,R_7QGHM1iZnW1jfRx,choice_only,dailydilemmas,1,4,0.5,-0.6933979723363053,0.5,-0.7209386001075477,-0.027540627771242443,0.0
0.05,0.5,1.0,R_7QGHM1iZnW1jfRx,choice_only,dailydilemmas,2,4,0.5,-0.692723397096704,0.25,-0.7037469315006161,-0.011023534403912016,-0.25
0.05,0.5,1.0,R_7QGHM1iZnW1jfRx,choice_only,dailydilemmas,3,4,0.75,-0.693106248193503,0.75,-0.6771035103274408,0.01600273786606221,0.0
0.05,0.5,1.0,R_7QGHM1iZnW1jfRx,choice_only,dailydilemmas,4,4,0.25,-0.6938567634717323,0.25,-0.7315161765973378,-0.0376594131256055,0.0
0.05,0.5,1.0,R_6rBDZvDRiktj92h,choice_only,dailydilemmas,0,4,0.75,-0.6919508583886247,0.5,-0.6576226122615974,0.03432824612702734,-0.25
0.05,0.5,1.0,R_6rBDZvDRiktj92h,choice_only,dailydilemmas,1,4,0.5,-0.6920848654673555,0.5,-0.6340945475415577,0.057990317925797785,0.0
0.05,0.5,1.0,R_6rBDZvDRiktj92h,choice_only,dailydilemmas,2,4,0.75,-0.6926821806338346,0.75,-0.6894457847696365,0.003236395864198105,0.0
0.05,0.5,1.0,R_6rBDZvDRiktj92h,choice_only,dailydilemmas,3,4,0.5,-0.6925047484490472,0.5,-0.6904190397927643,0.002085708656282881,0.0
0.05,0.5,1.0,R_6rBDZvDRiktj92h,choice_only,dailydilemmas,4,4,0.5,-0.6936433799394314,0.5,-0.7484311058612259,-0.05478772592179448,0.0
0.05,0.5,1.0,R_7DZXdu8GHiSZQbw,choice_only,dailydilemmas,0,5,0.8,-0.6915098669160649,0.8,-0.5863664282285799,0.10514343868748499,0.0
0.05,0.5,1.0,R_7DZXdu8GHiSZQbw,choice_only,dailydilemmas,1,5,0.6,-0.690806185488559,0.6,-0.5610037277517576,0.12980245773680144,0.0
0.05,0.5,1.0,R_7DZXdu8GHiSZQbw,choice_only,dailydilemmas,2,5,0.8,-0.6908536245536288,0.8,-0.5441739976727319,0.14667962688089686,0.0
0.05,0.5,1.0,R_7DZXdu8GHiSZQbw,choice_only,dailydilemmas,3,5,0.8,-0.6915137653328134,0.8,-0.6070427638433438,0.08447100148946962,0.0
0.05,0.5,1.0,R_3wNdGb7QZmozWdV,inference_affirm,dailydilemmas,0,4,0.75,-0.6925585495452946,0.75,-0.7335267044645927,-0.04096815491929806,0.0
0.05,0.5,1.0,R_3wNdGb7QZmozWdV,inference_affirm,dailydilemmas,1,4,0.5,-0.692981251064235,0.5,-0.6839338274818396,0.009047423582395409,0.0
0.05,0.5,1.0,R_3wNdGb7QZmozWdV,inference_affirm,dailydilemmas,2,4,0.25,-0.693020012554981,0.25,-0.8033203347524966,-0.11030032219751562,0.0
0.05,0.5,1.0,R_3wNdGb7QZmozWdV,inference_affirm,dailydilemmas,3,4,1.0,-0.6923061806371242,0.75,-0.6405195902841799,0.051786590352944306,-0.25
0.05,0.5,1.0,R_3wNdGb7QZmozWdV,inference_affirm,dailydilemmas,4,4,0.75,-0.6922461602262034,0.75,-0.66039614348508,0.03185001674112342,0.0
0.05,0.5,1.0,R_54BDOExpKqNLP7U,choice_only,dailydilemmas,0,5,1.0,-0.690222392201228,1.0,-0.48126444010797814,0.2089579520932499,0.0
0.05,0.5,1.0,R_54BDOExpKqNLP7U,choice_only,dailydilemmas,1,5,0.8,-0.6912457920133276,1.0,-0.5455707397582685,0.14567505225505906,0.19999999999999996
0.05,0.5,1.0,R_54BDOExpKqNLP7U,choice_only,dailydilemmas,2,5,0.6,-0.6923603456842805,0.6,-0.6535029266555555,0.03885741902872497,0.0
0.05,0.5,1.0,R_54BDOExpKqNLP7U,choice_only,dailydilemmas,3,5,0.8,-0.6900271794005838,1.0,-0.45526903526251045,0.23475814413807333,0.19999999999999996
0.05,0.5,1.0,R_7FP7x1oOPEhKFnt,choice_only,dailydilemmas,0,4,1.0,-0.6919280667454282,1.0,-0.56693140574824,0.1249966609971882,0.0
0.05,0.5,1.0,R_7FP7x1oOPEhKFnt,choice_only,dailydilemmas,1,4,0.5,-0.6928210627175507,1.0,-0.6376487734914849,0.055172289226065874,0.5
0.05,0.5,1.0,R_7FP7x1oOPEhKFnt,choice_only,dailydilemmas,2,4,1.0,-0.6925045821357162,0.75,-0.6363857154031342,0.05611886673258204,-0.25
0.05,0.5,1.0,R_7FP7x1oOPEhKFnt,choice_only,dailydilemmas,3,4,0.75,-0.6929586161800017,0.75,-0.6989295939911883,-0.005970977811186606,0.0
0.05,0.5,1.0,R_7FP7x1oOPEhKFnt,choice_only,dailydilemmas,4,4,0.75,-0.6921518574026817,0.5,-0.6311519486558198,0.0609999087468619,-0.25
0.05,0.5,1.0,R_3RlcXTweCHzrYtz,choice_only,dailydilemmas,0,4,0.75,-0.692169622767719,0.75,-0.6155333313118719,0.07663629145584705,0.0
0.05,0.5,1.0,R_3RlcXTweCHzrYtz,choice_only,dailydilemmas,1,4,0.5,-0.6921245155651763,0.5,-0.6342384516509667,0.057886063914209585,0.0
0.05,0.5,1.0,R_3RlcXTweCHzrYtz,choice_only,dailydilemmas,2,4,0.25,-0.6934837659178836,0.5,-0.7216831147169033,-0.02819934879901964,0.25
0.05,0.5,1.0,R_3RlcXTweCHzrYtz,choice_only,dailydilemmas,3,4,0.5,-0.6932357233524356,0.5,-0.7100179709255303,-0.016782247573094766,0.0
0.05,0.5,1.0,R_3RlcXTweCHzrYtz,choice_only,dailydilemmas,4,4,0.75,-0.6924225385240101,0.75,-0.6077533487113486,0.08466918981266158,0.0
0.05,0.5,1.0,R_64MjAxTXtmHjKMx,choice_only,dailydilemmas,0,4,0.5,-0.6926941351033684,0.5,-0.6521466147298527,0.04054752037351572,0.0
0.05,0.5,1.0,R_64MjAxTXtmHjKMx,choice_only,dailydilemmas,1,4,0.25,-0.6940710556215365,0.25,-0.676927110671755,0.017143944949781442,0.0
0.05,0.5,1.0,R_64MjAxTXtmHjKMx,choice_only,dailydilemmas,2,4,0.25,-0.6938039134381895,0.25,-0.792382275499179,-0.09857836206098947,0.0
0.05,0.5,1.0,R_64MjAxTXtmHjKMx,choice_only,dailydilemmas,3,4,0.75,-0.6920861844549647,0.75,-0.5900790089224803,0.1020071755324844,0.0
0.05,0.5,1.0,R_64MjAxTXtmHjKMx,choice_only,dailydilemmas,4,4,1.0,-0.6918386995488164,1.0,-0.5532800152021845,0.13855868434663188,0.0
0.05,0.5,1.0,R_5B7Sbr53fSq1D3z,inference_affirm,dailydilemmas,0,4,1.0,-0.6924009679036246,0.75,-0.6636155346111933,0.02878543329243133,-0.25
0.05,0.5,1.0,R_5B7Sbr53fSq1D3z,inference_affirm,dailydilemmas,1,4,1.0,-0.6914967585051052,0.75,-0.6106714157751656,0.08082534272993958,-0.25
0.05,0.5,1.0,R_5B7Sbr53fSq1D3z,inference_affirm,dailydilemmas,2,4,0.5,-0.6916899171728221,0.75,-0.6106315202023944,0.08105839697042772,0.25
0.05,0.5,1.0,R_5B7Sbr53fSq1D3z,inference_affirm,dailydilemmas,3,4,0.5,-0.6925555829975424,0.5,-0.6104581260662874,0.08209745693125503,0.0
0.05,0.5,1.0,R_5B7Sbr53fSq1D3z,inference_affirm,dailydilemmas,4,4,0.5,-0.6934639971088424,0.25,-0.7061557562271772,-0.012691759118334756,-0.25
0.05,0.5,1.0,R_7fTeTaHgGhgcqkN,inference_affirm,dailydilemmas,0,4,0.75,-0.6918140257887567,1.0,-0.6048293748904061,0.08698465089835061,0.25
0.05,0.5,1.0,R_7fTeTaHgGhgcqkN,inference_affirm,dailydilemmas,1,4,0.75,-0.6912834457678454,1.0,-0.5756926282158547,0.11559081755199074,0.25
0.05,0.5,1.0,R_7fTeTaHgGhgcqkN,inference_affirm,dailydilemmas,2,4,1.0,-0.6919592595083794,1.0,-0.6268851668135926,0.06507409269478681,0.0
0.05,0.5,1.0,R_7fTeTaHgGhgcqkN,inference_affirm,dailydilemmas,3,4,0.5,-0.6923729489017025,0.5,-0.6545971666814819,0.0377757822202206,0.0
0.05,0.5,1.0,R_7fTeTaHgGhgcqkN,inference_affirm,dailydilemmas,4,4,0.75,-0.6914575245591041,0.75,-0.6265168914798207,0.06494063307928344,0.0
0.05,0.5,1.0,R_12tlw5u4cVbNiP1,inference_affirm,dailydilemmas,0,4,0.75,-0.6916294137246326,0.5,-0.6195813738414204,0.07204803988321218,-0.25
0.05,0.5,1.0,R_12tlw5u4cVbNiP1,inference_affirm,dailydilemmas,1,4,0.5,-0.6922729032778986,0.5,-0.6502339575087228,0.04203894576917577,0.0
0.05,0.5,1.0,R_12tlw5u4cVbNiP1,inference_affirm,dailydilemmas,2,4,1.0,-0.6913990748711327,0.75,-0.5844975768356844,0.10690149803544835,-0.25
0.05,0.5,1.0,R_12tlw5u4cVbNiP1,inference_affirm,dailydilemmas,3,4,0.75,-0.6917636640252386,1.0,-0.5939730756114813,0.09779058841375732,0.25
0.05,0.5,1.0,R_12tlw5u4cVbNiP1,inference_affirm,dailydilemmas,4,4,0.75,-0.6918227014195795,1.0,-0.5933362347137225,0.09848646670585692,0.25
0.05,1.0,0.0,R_5EfMjMbx1z8Kvhl,inference_categories,dailydilemmas,0,4,0.75,-0.6923275991814979,0.75,-0.6474770576780244,0.04485054150347345,0.0
0.05,1.0,0.0,R_5EfMjMbx1z8Kvhl,inference_categories,dailydilemmas,1,4,0.5,-0.692107728588651,0.75,-0.6227211444561678,0.06938658413248322,0.25
0.05,1.0,0.0,R_5EfMjMbx1z8Kvhl,inference_categories,dailydilemmas,2,4,0.5,-0.6930055898490717,0.5,-0.6739875225166478,0.019018067332423838,0.0
0.05,1.0,0.0,R_5EfMjMbx1z8Kvhl,inference_categories,dailydilemmas,3,4,0.75,-0.6921698893625947,1.0,-0.596088529211675,0.09608136015091973,0.25
0.05,1.0,0.0,R_5EfMjMbx1z8Kvhl,inference_categories,dailydilemmas,4,4,0.5,-0.6916124977152831,0.75,-0.5715242462068771,0.12008825150840596,0.25
0.05,1.0,0.0,R_56aT1YjmRtKACUH,inference_categories,dailydilemmas,0,4,0.75,-0.6928161057074206,0.75,-0.6648660318813502,0.0279500738260704,0.0
0.05,1.0,0.0,R_56aT1YjmRtKACUH,inference_categories,dailydilemmas,1,4,0.25,-0.6937101957354634,0.5,-0.7411775624979983,-0.047467366762534824,0.25
0.05,1.0,0.0,R_56aT1YjmRtKACUH,inference_categories,dailydilemmas,2,4,0.75,-0.6924772749383264,0.75,-0.6567590395961703,0.035718235342156124,0.0
0.05,1.0,0.0,R_56aT1YjmRtKACUH,inference_categories,dailydilemmas,3,4,0.75,-0.692553249130433,0.75,-0.6580823375180933,0.03447091161233973,0.0
0.05,1.0,0.0,R_56aT1YjmRtKACUH,inference_categories,dailydilemmas,4,4,0.5,-0.6927715965415814,0.5,-0.6851833881273592,0.007588208414222142,0.0
0.05,1.0,0.0,R_3HS2lsaEfcZSuXu,inference_categories,dailydilemmas,0,4,1.0,-0.6922145708976619,0.75,-0.6026404871534607,0.08957408374420117,-0.25
0.05,1.0,0.0,R_3HS2lsaEfcZSuXu,inference_categories,dailydilemmas,1,4,0.5,-0.6935194048429342,0.5,-0.7603528470111593,-0.06683344216822518,0.0
0.05,1.0,0.0,R_3HS2lsaEfcZSuXu,inference_categories,dailydilemmas,2,4,0.5,-0.6928434999593708,0.5,-0.6976816208965292,-0.004838120937158408,0.0
0.05,1.0,0.0,R_3HS2lsaEfcZSuXu,inference_categories,dailydilemmas,3,4,0.5,-0.6925147737062834,0.75,-0.6190258011002241,0.07348897260605936,0.25
0.05,1.0,0.0,R_3HS2lsaEfcZSuXu,inference_categories,dailydilemmas,4,4,0.75,-0.6922641213528324,0.75,-0.6065493532940868,0.08571476805874567,0.0
0.05,1.0,0.0,R_6HoVfVJSFl7IrlL,inference_categories,dailydilemmas,0,4,0.75,-0.6928992813204569,0.5,-0.6881436706618054,0.004755610658651488,-0.25
0.05,1.0,0.0,R_6HoVfVJSFl7IrlL,inference_categories,dailydilemmas,1,4,0.75,-0.692487035620315,0.75,-0.6017178323655075,0.09076920325480753,0.0
0.05,1.0,0.0,R_6HoVfVJSFl7IrlL,inference_categories,dailydilemmas,2,4,0.25,-0.6934830207785968,0.5,-0.7359075076154111,-0.042424486836814324,0.25
0.05,1.0,0.0,R_6HoVfVJSFl7IrlL,inference_categories,dailydilemmas,3,4,0.75,-0.6924371284265671,1.0,-0.6279432617805013,0.06449386664606582,0.25
0.05,1.0,0.0,R_6HoVfVJSFl7IrlL,inference_categories,dailydilemmas,4,4,0.75,-0.691991702915315,0.75,-0.6050158782572141,0.08697582465810083,0.0
0.05,1.0,0.0,R_5Q5TZ5csoblHSvA,inference_categories,dailydilemmas,0,4,0.5,-0.6932046971065635,0.25,-0.741775498591112,-0.04857080148454851,-0.25
0.05,1.0,0.0,R_5Q5TZ5csoblHSvA,inference_categories,dailydilemmas,1,4,0.75,-0.6933010362528886,0.5,-0.6859076063144391,0.007393429938449492,-0.25
0.05,1.0,0.0,R_5Q5TZ5csoblHSvA,inference_categories,dailydilemmas,2,4,0.5,-0.6925393726246563,0.75,-0.665122000780802,0.027417371843854288,0.25
0.05,1.0,0.0,R_5Q5TZ5csoblHSvA,inference_categories,dailydilemmas,3,4,0.25,-0.693672157233209,0.25,-0.7168412085314801,-0.02316905129827118,0.0
0.05,1.0,0.0,R_5Q5TZ5csoblHSvA,inference_categories,dailydilemmas,4,4,0.5,-0.6927479762012052,0.5,-0.670032049325954,0.022715926875251258,0.0
0.05,1.0,0.0,R_18H831wJaDlPwgg,inference_categories,dailydilemmas,0,4,0.5,-0.6916147042699178,0.5,-0.6598997283853102,0.03171497588460759,0.0
0.05,1.0,0.0,R_18H831wJaDlPwgg,inference_categories,dailydilemmas,1,4,1.0,-0.6899870586634695,1.0,-0.5422750011558435,0.14771205750762606,0.0
0.05,1.0,0.0,R_18H831wJaDlPwgg,inference_categories,dailydilemmas,2,4,0.25,-0.6917238616310285,0.75,-0.5877377238915852,0.10398613773944332,0.5
0.05,1.0,0.0,R_18H831wJaDlPwgg,inference_categories,dailydilemmas,3,4,1.0,-0.6891156439819446,1.0,-0.45873260983152125,0.23038303415042333,0.0
0.05,1.0,0.0,R_18H831wJaDlPwgg,inference_categories,dailydilemmas,4,4,0.75,-0.6902118746874193,1.0,-0.4993302218324857,0.19088165285493358,0.25
0.05,1.0,0.0,R_12mMAseFwoOpgqC,inference_categories,dailydilemmas,0,4,0.75,-0.6923560192102111,0.75,-0.6401739322248834,0.05218208698532767,0.0
0.05,1.0,0.0,R_12mMAseFwoOpgqC,inference_categories,dailydilemmas,1,4,0.5,-0.692708683905009,0.5,-0.6460498759101498,0.04665880799485911,0.0
0.05,1.0,0.0,R_12mMAseFwoOpgqC,inference_categories,dailydilemmas,2,4,0.5,-0.6938594465566419,0.5,-0.7282127247213676,-0.034353278164725665,0.0
0.05,1.0,0.0,R_12mMAseFwoOpgqC,inference_categories,dailydilemmas,3,4,0.25,-0.693157141606494,0.5,-0.6873579585939784,0.005799183012515585,0.25
0.05,1.0,0.0,R_12mMAseFwoOpgqC,inference_categories,dailydilemmas,4,4,0.75,-0.6923894076906529,0.5,-0.6344938812304723,0.05789552646018059,-0.25
0.05,1.0,0.0,R_7ojvA7NDI10RoKR,inference_categories,dailydilemmas,0,5,0.6,-0.6920068818772697,0.6,-0.6186030952527987,0.073403786624471,0.0
0.05,1.0,0.0,R_7ojvA7NDI10RoKR,inference_categories,dailydilemmas,1,5,0.8,-0.6917348847637751,0.8,-0.5885556176687191,0.10317926709505598,0.0
0.05,1.0,0.0,R_7ojvA7NDI10RoKR,inference_categories,dailydilemmas,2,5,0.8,-0.6916545545853191,0.8,-0.614200785914317,0.07745376867100207,0.0
0.05,1.0,0.0,R_7ojvA7NDI10RoKR,inference_categories,dailydilemmas,3,5,1.0,-0.6917046586626592,1.0,-0.5507880545678324,0.14091660409482676,0.0
0.05,1.0,0.0,R_5gbXjT8uFYXCo7E,inference_categories,dailydilemmas,0,4,0.25,-0.694026868559669,0.25,-0.7914423024525292,-0.09741543389286023,0.0
0.05,1.0,0.0,R_5gbXjT8uFYXCo7E,inference_categories,dailydilemmas,1,4,0.5,-0.6930937564136729,0.5,-0.7081898643008263,-0.015096107887153432,0.0
0.05,1.0,0.0,R_5gbXjT8uFYXCo7E,inference_categories,dailydilemmas,2,4,0.5,-0.6928904338246693,0.5,-0.6777540679055334,0.015136365919135919,0.0
0.05,1.0,0.0,R_5gbXjT8uFYXCo7E,inference_categories,dailydilemmas,3,4,0.75,-0.6928488703434292,0.75,-0.6634348346361262,0.029414035707303055,0.0
0.05,1.0,0.0,R_5gbXjT8uFYXCo7E,inference_categories,dailydilemmas,4,4,0.75,-0.6923363356652761,0.75,-0.6827384083335942,0.009597927331681855,0.0
0.05,1.0,0.0,R_7f9o7q4AZOoP4ot,inference_categories,dailydilemmas,0,4,0.5,-0.6928590408729023,0.5,-0.6942632465828169,-0.0014042057099146188,0.0
0.05,1.0,0.0,R_7f9o7q4AZOoP4ot,inference_categories,dailydilemmas,1,4,0.25,-0.6940582712554482,0.25,-0.7618795512276526,-0.06782127997220444,0.0
0.05,1.0,0.0,R_7f9o7q4AZOoP4ot,inference_categories,dailydilemmas,2,4,0.25,-0.6938234561373877,0.0,-0.7341199871315424,-0.040296530994154645,-0.25
0.05,1.0,0.0,R_7f9o7q4AZOoP4ot,inference_categories,dailydilemmas,3,4,0.5,-0.6930868562810306,0.25,-0.738870953229899,-0.045784096948868425,-0.25
0.05,1.0,0.0,R_7f9o7q4AZOoP4ot,inference_categories,dailydilemmas,4,4,0.25,-0.6937483224132927,0.25,-0.7723424231621462,-0.07859410074885353,0.0
0.05,1.0,0.0,R_1WHYlcDjJDcnUfD,inference_categories,dailydilemmas,0,4,0.25,-0.6936107817399355,0.5,-0.7102088340996423,-0.016598052359706794,0.25
0.05,1.0,0.0,R_1WHYlcDjJDcnUfD,inference_categories,dailydilemmas,1,4,0.75,-0.6927597897553112,0.75,-0.6696573942022513,0.023102395553059818,0.0
0.05,1.0,0.0,R_1WHYlcDjJDcnUfD,inference_categories,dailydilemmas,2,4,0.5,-0.692882790314926,0.75,-0.6849797278963989,0.007903062418527007,0.25
0.05,1.0,0.0,R_1WHYlcDjJDcnUfD,inference_categories,dailydilemmas,3,4,0.5,-0.6933126230141359,0.25,-0.7380472026891514,-0.044734579675015484,-0.25
0.05,1.0,0.0,R_1WHYlcDjJDcnUfD,inference_categories,dailydilemmas,4,4,0.5,-0.6933165620073277,0.5,-0.7016568621721255,-0.00834030016479781,0.0
0.05,1.0,0.0,R_6Q0gBjey6IdfZpf,inference_categories,dailydilemmas,0,4,0.75,-0.6921669564928575,0.75,-0.608302691868762,0.08386426462409557,0.0
0.05,1.0,0.0,R_6Q0gBjey6IdfZpf,inference_categories,dailydilemmas,1,4,1.0,-0.6919515344248186,1.0,-0.6027512852273461,0.08920024919747249,0.0
0.05,1.0,0.0,R_6Q0gBjey6IdfZpf,inference_categories,dailydilemmas,2,4,0.75,-0.6922742370254034,1.0,-0.608808628228543,0.08346560879686038,0.25
0.05,1.0,0.0,R_6Q0gBjey6IdfZpf,inference_categories,dailydilemmas,3,4,0.75,-0.6922809472749593,0.5,-0.6338462428705022,0.05843470440445708,-0.25
0.05,1.0,0.0,R_6Q0gBjey6IdfZpf,inference_categories,dailydilemmas,4,4,0.5,-0.6923239171830518,0.5,-0.6054584313279325,0.08686548585511922,0.0
0.05,1.0,0.0,R_1wzohnjOPhN82Wd,inference_categories,dailydilemmas,0,4,0.75,-0.6912657817430935,0.75,-0.6163624454727333,0.07490333627036017,0.0
0.05,1.0,0.0,R_1wzohnjOPhN82Wd,inference_categories,dailydilemmas,1,4,0.75,-0.6910091198303364,0.75,-0.6002797258950674,0.09072939393526902,0.0
0.05,1.0,0.0,R_1wzohnjOPhN82Wd,inference_categories,dailydilemmas,2,4,0.75,-0.6916135310151922,0.75,-0.5796549877883108,0.11195854322688137,0.0
0.05,1.0,0.0,R_1wzohnjOPhN82Wd,inference_categories,dailydilemmas,3,4,0.75,-0.6912827721934094,1.0,-0.59229014831327,0.09899262388013941,0.25
0.05,1.0,0.0,R_1wzohnjOPhN82Wd,inference_categories,dailydilemmas,4,4,0.25,-0.6945114868894781,0.25,-0.77121587477421,-0.076704387884732,0.0
0.05,1.0,0.0,R_70kbQcqJL4Tkq6B,inference_categories,dailydilemmas,0,4,0.5,-0.693099326816225,0.5,-0.747979975701173,-0.054880648884948036,0.0
0.05,1.0,0.0,R_70kbQcqJL4Tkq6B,inference_categories,dailydilemmas,1,4,0.5,-0.6935456776381743,0.5,-0.7203679543433212,-0.02682227670514692,0.0
0.05,1.0,0.0,R_70kbQcqJL4Tkq6B,inference_categories,dailydilemmas,2,4,1.0,-0.6903881142268726,1.0,-0.5785782640819095,0.11180985014496314,0.0
0.05,1.0,0.0,R_70kbQcqJL4Tkq6B,inference_categories,dailydilemmas,3,4,0.75,-0.6910186881848221,0.75,-0.6286130623641978,0.062405625820624366,0.0
0.05,1.0,0.0,R_70kbQcqJL4Tkq6B,inference_categories,dailydilemmas,4,4,0.75,-0.6910584094419714,0.75,-0.5776391263918703,0.11341928305010107,0.0
0.05,1.0,0.0,R_6rftRMhNP0o6boD,inference_categories,dailydilemmas,0,4,0.25,-0.6927920742765155,0.25,-0.6850600572047971,0.007732017071718333,0.0
0.05,1.0,0.0,R_6rftRMhNP0o6boD,inference_categories,dailydilemmas,1,4,0.5,-0.6924913932327733,0.5,-0.6813704323061911,0.011120960926582213,0.0
0.05,1.0,0.0,R_6rftRMhNP0o6boD,inference_categories,dailydilemmas,2,4,0.75,-0.6930215747126403,0.5,-0.7363869282915567,-0.043365353578916466,-0.25
0.05,1.0,0.0,R_6rftRMhNP0o6boD,inference_categories,dailydilemmas,3,4,0.75,-0.6913539511353748,0.75,-0.6144978515174018,0.07685609961797302,0.0
0.05,1.0,0.0,R_6rftRMhNP0o6boD,inference_categories,dailydilemmas,4,4,1.0,-0.6911317756524363,1.0,-0.618504174848225,0.07262760080421138,0.0
0.05,1.0,0.0,R_6jv2PrGBJcO4of6,inference_categories,dailydilemmas,0,4,1.0,-0.6913708595536875,1.0,-0.5110416159246252,0.18032924362906233,0.0
0.05,1.0,0.0,R_6jv2PrGBJcO4of6,inference_categories,dailydilemmas,1,4,0.75,-0.6912995160513344,1.0,-0.5829750977661455,0.1083244182851889,0.25
0.05,1.0,0.0,R_6jv2PrGBJcO4of6,inference_categories,dailydilemmas,2,4,0.5,-0.6926591280607736,0.5,-0.6719120006296665,0.02074712743110707,0.0
0.05,1.0,0.0,R_6jv2PrGBJcO4of6,inference_categories,dailydilemmas,3,4,0.75,-0.6920955861097676,0.75,-0.616094796372576,0.0760007897371916,0.0
0.05,1.0,0.0,R_6jv2PrGBJcO4of6,inference_categories,dailydilemmas,4,4,0.5,-0.6944162521312823,0.5,-0.8166794522491556,-0.12226320011787328,0.0
0.05,1.0,0.0,R_1dHqTtKKq3yQvmX,inference_categories,dailydilemmas,0,4,0.75,-0.6901793664806752,0.75,-0.5502002330692024,0.13997913341147283,0.0
0.05,1.0,0.0,R_1dHqTtKKq3yQvmX,inference_categories,dailydilemmas,1,4,0.5,-0.6905398035230048,0.5,-0.6013118603036179,0.08922794321938687,0.0
0.05,1.0,0.0,R_1dHqTtKKq3yQvmX,inference_categories,dailydilemmas,2,4,0.75,-0.6916850396000928,0.75,-0.6003858372612204,0.09129920233887234,0.0
0.05,1.0,0.0,R_1dHqTtKKq3yQvmX,inference_categories,dailydilemmas,3,4,0.75,-0.6917166981820564,0.75,-0.6422872682718348,0.04942942991022159,0.0
0.05,1.0,0.0,R_1dHqTtKKq3yQvmX,inference_categories,dailydilemmas,4,4,0.75,-0.6905830384527758,0.75,-0.5242822049693491,0.16630083348342672,0.0
0.05,1.0,0.0,R_1P81VK8fH860C4V,inference_categories,dailydilemmas,0,4,1.0,-0.6920433577900249,1.0,-0.6005782746549366,0.09146508313508828,0.0
0.05,1.0,0.0,R_1P81VK8fH860C4V,inference_categories,dailydilemmas,1,4,1.0,-0.6919164570325738,1.0,-0.5119688654609952,0.17994759157157858,0.0
0.05,1.0,0.0,R_1P81VK8fH860C4V,inference_categories,dailydilemmas,2,4,0.75,-0.6928577825296892,0.75,-0.608094596295935,0.08476318623375423,0.0
0.05,1.0,0.0,R_1P81VK8fH860C4V,inference_categories,dailydilemmas,3,4,0.25,-0.6932254130917721,0.5,-0.6900107529175236,0.0032146601742485403,0.25
0.05,1.0,0.0,R_1P81VK8fH860C4V,inference_categories,dailydilemmas,4,4,1.0,-0.6913179800919581,1.0,-0.5171676872617494,0.17415029283020866,0.0
0.05,1.0,0.0,R_7go085j249AymBb,inference_categories,dailydilemmas,0,4,0.5,-0.6920457681275483,0.5,-0.6176035194888476,0.07444224863870064,0.0
0.05,1.0,0.0,R_7go085j249AymBb,inference_categories,dailydilemmas,1,4,0.75,-0.6918687893093179,0.75,-0.5960951237386816,0.09577366557063638,0.0
0.05,1.0,0.0,R_7go085j249AymBb,inference_categories,dailydilemmas,2,4,0.75,-0.6916919699910548,1.0,-0.5732337870291042,0.11845818296195054,0.25
0.05,1.0,0.0,R_7go085j249AymBb,inference_categories,dailydilemmas,3,4,0.75,-0.6921476975615788,0.75,-0.6162043102636463,0.07594338729793249,0.0
0.05,1.0,0.0,R_7go085j249AymBb,inference_categories,dailydilemmas,4,4,0.5,-0.6933859969559947,0.5,-0.719553161782158,-0.026167164826163325,0.0
0.05,1.0,0.0,R_6xzSCFMWRhzZIRg,inference_categories,dailydilemmas,0,4,0.25,-0.6927821561848767,0.25,-0.6742070734933625,0.0185750826915142,0.0
0.05,1.0,0.0,R_6xzSCFMWRhzZIRg,inference_categories,dailydilemmas,1,4,0.75,-0.6925641341245401,0.75,-0.6500098148593783,0.042554319265161844,0.0
0.05,1.0,0.0,R_6xzSCFMWRhzZIRg,inference_categories,dailydilemmas,2,4,0.75,-0.6928042560852457,0.75,-0.6496319335413983,0.0431723225438474,0.0
0.05,1.0,0.0,R_6xzSCFMWRhzZIRg,inference_categories,dailydilemmas,3,4,1.0,-0.6921312027011314,1.0,-0.5899109056918826,0.10222029700924873,0.0
0.05,1.0,0.0,R_6xzSCFMWRhzZIRg,inference_categories,dailydilemmas,4,4,0.75,-0.6925934243944709,0.75,-0.6611469574171885,0.03144646697728237,0.0
0.05,1.0,0.0,R_5EychZPB1u00qZH,inference_categories,dailydilemmas,0,4,1.0,-0.6915691978027982,0.75,-0.5482860343988791,0.1432831634039191,-0.25
0.05,1.0,0.0,R_5EychZPB1u00qZH,inference_categories,dailydilemmas,1,4,0.5,-0.6922579912654148,0.5,-0.6309899711172118,0.061268020148202984,0.0
0.05,1.0,0.0,R_5EychZPB1u00qZH,inference_categories,dailydilemmas,2,4,1.0,-0.6920351292436367,1.0,-0.5851019275954009,0.10693320164823583,0.0
0.05,1.0,0.0,R_5EychZPB1u00qZH,inference_categories,dailydilemmas,3,4,1.0,-0.6918581079995139,0.75,-0.5561750385730906,0.13568306942642328,-0.25
0.05,1.0,0.0,R_5EychZPB1u00qZH,inference_categories,dailydilemmas,4,4,0.25,-0.693113923592781,0.25,-0.7399822788214153,-0.046868355228634306,0.0
0.05,1.0,0.0,R_59glCvaBnt5WTU6,inference_categories,dailydilemmas,0,4,0.5,-0.6934585289871318,0.5,-0.7070219997609573,-0.01356347077382547,0.0
0.05,1.0,0.0,R_59glCvaBnt5WTU6,inference_categories,dailydilemmas,1,4,0.75,-0.6924249223884483,0.75,-0.6051769211898534,0.08724800119859488,0.0
0.05,1.0,0.0,R_59glCvaBnt5WTU6,inference_categories,dailydilemmas,2,4,0.75,-0.6921256744126439,1.0,-0.5902588722280027,0.10186680218464128,0.25
0.05,1.0,0.0,R_59glCvaBnt5WTU6,inference_categories,dailydilemmas,3,4,0.75,-0.6923140677501498,0.75,-0.6191468996896113,0.07316716806053847,0.0
0.05,1.0,0.0,R_59glCvaBnt5WTU6,inference_categories,dailydilemmas,4,4,0.75,-0.6924660984930848,0.75,-0.6451654448447497,0.047300653648335134,0.0
0.05,1.0,0.0,R_1nBL27EvLs0Bkk4,inference_categories,dailydilemmas,0,4,0.5,-0.6925040934732599,0.5,-0.6309453004741521,0.061558792999107825,0.0
0.05,1.0,0.0,R_1nBL27EvLs0Bkk4,inference_categories,dailydilemmas,1,4,0.25,-0.693942222109138,0.75,-0.7713280460186053,-0.07738582390946724,0.5
0.05,1.0,0.0,R_1nBL27EvLs0Bkk4,inference_categories,dailydilemmas,2,4,0.75,-0.6912821629528922,0.75,-0.592761594207065,0.09852056874582726,0.0
0.05,1.0,0.0,R_1nBL27EvLs0Bkk4,inference_categories,dailydilemmas,3,4,0.5,-0.6924616239598635,0.75,-0.6508958385302908,0.04156578542957279,0.25
0.05,1.0,0.0,R_1nBL27EvLs0Bkk4,inference_categories,dailydilemmas,4,4,1.0,-0.6911718043804796,1.0,-0.5512031827562329,0.13996862162424673,0.0
0.05,1.0,0.0,R_6FsUQnzEYAQwtwa,inference_categories,dailydilemmas,0,4,0.75,-0.6927384253042169,0.75,-0.6535455216392652,0.03919290366495176,0.0
0.05,1.0,0.0,R_6FsUQnzEYAQwtwa,inference_categories,dailydilemmas,1,4,0.5,-0.6927163458859349,0.5,-0.6841708704777055,0.008545475408229364,0.0
0.05,1.0,0.0,R_6FsUQnzEYAQwtwa,inference_categories,dailydilemmas,2,4,0.5,-0.6932754640605925,0.75,-0.6724223151283867,0.0208531489322058,0.25
0.05,1.0,0.0,R_6FsUQnzEYAQwtwa,inference_categories,dailydilemmas,3,4,0.75,-0.6926125292192916,0.75,-0.6825985059395243,0.010014023279767303,0.0
0.05,1.0,0.0,R_6FsUQnzEYAQwtwa,inference_categories,dailydilemmas,4,4,0.75,-0.6926171705827615,0.5,-0.6449229317605538,0.04769423882220769,-0.25
0.05,1.0,0.0,R_5pX1jjp1Yu1RSN7,inference_categories,dailydilemmas,0,4,1.0,-0.6916563926178843,1.0,-0.5747516096659644,0.11690478295191986,0.0
0.05,1.0,0.0,R_5pX1jjp1Yu1RSN7,inference_categories,dailydilemmas,1,4,0.75,-0.6913416045752215,0.75,-0.5732120455271079,0.11812955904811362,0.0
0.05,1.0,0.0,R_5pX1jjp1Yu1RSN7,inference_categories,dailydilemmas,2,4,0.75,-0.6917451406050665,0.75,-0.575120000868835,0.11662513973623156,0.0
0.05,1.0,0.0,R_5pX1jjp1Yu1RSN7,inference_categories,dailydilemmas,3,4,0.75,-0.6915415809271314,0.75,-0.6076928826972148,0.08384869822991659,0.0
0.05,1.0,0.0,R_5pX1jjp1Yu1RSN7,inference_categories,dailydilemmas,4,4,0.25,-0.6954732529707177,0.25,-0.8567800799454347,-0.161306826974717,0.0
0.05,1.0,0.0,R_5DY1mtPtJpWz8WC,inference_categories,dailydilemmas,0,5,1.0,-0.6901900358599771,1.0,-0.43764948248514923,0.25254055337482784,0.0
0.05,1.0,0.0,R_5DY1mtPtJpWz8WC,inference_categories,dailydilemmas,1,5,0.6,-0.6912324351004475,0.8,-0.5458723216717029,0.14536011342874466,0.20000000000000007
0.05,1.0,0.0,R_5DY1mtPtJpWz8WC,inference_categories,dailydilemmas,2,5,0.8,-0.691829432035987,0.8,-0.5870634280082507,0.10476600402773628,0.0
0.05,1.0,0.0,R_5DY1mtPtJpWz8WC,inference_categories,dailydilemmas,3,5,0.6,-0.6903303706504949,0.6,-0.5004182276876754,0.18991214296281944,0.0
0.05,1.0,0.0,R_1PN3SGDWOMibPAh,inference_categories,dailydilemmas,0,4,0.75,-0.6919509454770811,1.0,-0.5889913225391835,0.10295962293789762,0.25
0.05,1.0,0.0,R_1PN3SGDWOMibPAh,inference_categories,dailydilemmas,1,4,0.5,-0.693423134032705,0.5,-0.7512140689817115,-0.057790934949006556,0.0
0.05,1.0,0.0,R_1PN3SGDWOMibPAh,inference_categories,dailydilemmas,2,4,0.5,-0.692956189895669,0.75,-0.6601704998295751,0.03278569006609389,0.25
0.05,1.0,0.0,R_1PN3SGDWOMibPAh,inference_categories,dailydilemmas,3,4,0.5,-0.6922843616630568,0.5,-0.6466404311372478,0.04564393052580906,0.0
0.05,1.0,0.0,R_1PN3SGDWOMibPAh,inference_categories,dailydilemmas,4,4,1.0,-0.6918221546867992,1.0,-0.6070280957466158,0.08479405894018344,0.0
0.05,1.0,0.0,R_3SrBXsc2uYrsSZz,inference_categories,dailydilemmas,0,4,0.5,-0.6921819867098238,0.75,-0.6290582799001264,0.06312370680969737,0.25
0.05,1.0,0.0,R_3SrBXsc2uYrsSZz,inference_categories,dailydilemmas,1,4,0.75,-0.6927603848918005,0.5,-0.7067242866435739,-0.013963901751773422,-0.25
0.05,1.0,0.0,R_3SrBXsc2uYrsSZz,inference_categories,dailydilemmas,2,4,0.5,-0.6928712779217644,0.5,-0.7432818946712201,-0.05041061674945568,0.0
0.05,1.0,0.0,R_3SrBXsc2uYrsSZz,inference_categories,dailydilemmas,3,4,0.75,-0.6917737093762071,0.75,-0.5770912702787553,0.1146824390974518,0.0
0.05,1.0,0.0,R_3SrBXsc2uYrsSZz,inference_categories,dailydilemmas,4,4,1.0,-0.691789791299691,1.0,-0.590054771776453,0.10173501952323794,0.0
0.05,1.0,0.0,R_7rNeEq8TvAxjqdL,inference_categories,dailydilemmas,0,4,0.75,-0.6911846470944386,0.75,-0.5595280695072004,0.13165657758723825,0.0
0.05,1.0,0.0,R_7rNeEq8TvAxjqdL,inference_categories,dailydilemmas,1,4,0.75,-0.69164818192401,0.75,-0.5600649163795628,0.13158326554444721,0.0
0.05,1.0,0.0,R_7rNeEq8TvAxjqdL,inference_categories,dailydilemmas,2,4,1.0,-0.6907843678215682,1.0,-0.5202674912253968,0.17051687659617132,0.0
0.05,1.0,0.0,R_7rNeEq8TvAxjqdL,inference_categories,dailydilemmas,3,4,0.75,-0.6922579415528716,0.5,-0.671509292154723,0.020748649398148578,-0.25
0.05,1.0,0.0,R_7rNeEq8TvAxjqdL,inference_categories,dailydilemmas,4,4,0.75,-0.6916794143622071,0.75,-0.5874900125046884,0.10418940185751879,0.0
0.05,1.0,0.0,R_7QAkOtO6FETwKSv,inference_categories,dailydilemmas,0,4,0.5,-0.6935653153634046,0.5,-0.7651524277978088,-0.07158711243440419,0.0
0.05,1.0,0.0,R_7QAkOtO6FETwKSv,inference_categories,dailydilemmas,1,4,0.75,-0.6922413992091314,0.75,-0.6579416949684038,0.03429970424072759,0.0
0.05,1.0,0.0,R_7QAkOtO6FETwKSv,inference_categories,dailydilemmas,2,4,0.5,-0.6929267303893999,0.5,-0.7514646609185971,-0.0585379305291972,0.0
0.05,1.0,0.0,R_7QAkOtO6FETwKSv,inference_categories,dailydilemmas,3,4,1.0,-0.6920532080201354,0.5,-0.6989562515300196,-0.0069030435098842435,-0.5
0.05,1.0,0.0,R_7QAkOtO6FETwKSv,inference_categories,dailydilemmas,4,4,0.5,-0.692874388257928,0.5,-0.712095844822686,-0.019221456564757933,0.0
0.05,1.0,0.0,R_6gCrJV80LvD23XK,choice_only,dailydilemmas,0,4,0.5,-0.693771785100323,0.5,-0.7623043658938501,-0.06853258079352709,0.0
0.05,1.0,0.0,R_6gCrJV80LvD23XK,choice_only,dailydilemmas,1,4,1.0,-0.6920506137011905,1.0,-0.5697211733364957,0.12232944036469473,0.0
0.05,1.0,0.0,R_6gCrJV80LvD23XK,choice_only,dailydilemmas,2,4,0.75,-0.692272194395104,0.75,-0.6406146439800595,0.051657550415044495,0.0
0.05,1.0,0.0,R_6gCrJV80LvD23XK,choice_only,dailydilemmas,3,4,0.25,-0.6935722697383494,0.25,-0.7311366754598347,-0.03756440572148534,0.0
0.05,1.0,0.0,R_6gCrJV80LvD23XK,choice_only,dailydilemmas,4,4,0.5,-0.69288341392352,0.5,-0.6717138202882612,0.021169593635258832,0.0
0.05,1.0,0.0,R_7SrhV7HvgsG1fvA,choice_only,dailydilemmas,0,4,0.5,-0.6919869228690966,0.5,-0.6417624386169318,0.05022448425216475,0.0
0.05,1.0,0.0,R_7SrhV7HvgsG1fvA,choice_only,dailydilemmas,1,4,0.75,-0.6927850648558612,1.0,-0.6622367556811984,0.03054830917466278,0.25
0.05,1.0,0.0,R_7SrhV7HvgsG1fvA,choice_only,dailydilemmas,2,4,0.5,-0.6932548429514276,0.5,-0.7341229189156817,-0.040868075964254125,0.0
0.05,1.0,0.0,R_7SrhV7HvgsG1fvA,choice_only,dailydilemmas,3,4,0.75,-0.6925621208023383,1.0,-0.6488511870437993,0.04371093375853896,0.25
0.05,1.0,0.0,R_7SrhV7HvgsG1fvA,choice_only,dailydilemmas,4,4,0.0,-0.694777709820397,0.0,-0.8150445773756837,-0.1202668675552867,0.0
0.05,1.0,0.0,R_5aLcKnMSH0hrVLH,choice_only,dailydilemmas,0,4,1.0,-0.6923263146045625,1.0,-0.6038746553856295,0.08845165921893305,0.0
0.05,1.0,0.0,R_5aLcKnMSH0hrVLH,choice_only,dailydilemmas,1,4,1.0,-0.691702529524409,0.75,-0.6040561315310526,0.08764639799335638,-0.25
0.05,1.0,0.0,R_5aLcKnMSH0hrVLH,choice_only,dailydilemmas,2,4,0.75,-0.6924378717203983,0.5,-0.636056588269835,0.05638128345056326,-0.25
0.05,1.0,0.0,R_5aLcKnMSH0hrVLH,choice_only,dailydilemmas,3,4,1.0,-0.6922143155928429,1.0,-0.6562703667345263,0.03594394885831653,0.0
0.05,1.0,0.0,R_5aLcKnMSH0hrVLH,choice_only,dailydilemmas,4,4,0.5,-0.6935217086981267,0.5,-0.7644273510255217,-0.07090564232739505,0.0
0.05,1.0,0.0,R_6E6esO9YjIptSgZ,choice_only,dailydilemmas,0,5,0.4,-0.6933243109022651,0.4,-0.7054602416980122,-0.012135930795747152,0.0
0.05,1.0,0.0,R_6E6esO9YjIptSgZ,choice_only,dailydilemmas,1,5,0.4,-0.6935058840958112,0.4,-0.6820935462427143,0.01141233785309681,0.0
0.05,1.0,0.0,R_6E6esO9YjIptSgZ,choice_only,dailydilemmas,2,5,0.4,-0.693025151606699,1.0,-0.6447133923943393,0.04831175921235964,0.6
0.05,1.0,0.0,R_6E6esO9YjIptSgZ,choice_only,dailydilemmas,3,5,0.4,-0.693228696324342,0.4,-0.6870833082646364,0.006145388059705659,0.0
0.05,1.0,0.0,R_1MCxQvFXsgFj9AZ,choice_only,dailydilemmas,0,4,0.0,-0.6941318405634145,0.5,-0.7124398208359541,-0.01830798027253966,0.5
0.05,1.0,0.0,R_1MCxQvFXsgFj9AZ,choice_only,dailydilemmas,1,4,0.75,-0.6930678237544948,0.5,-0.6862570048935281,0.006810818860966683,-0.25
0.05,1.0,0.0,R_1MCxQvFXsgFj9AZ,choice_only,dailydilemmas,2,4,0.25,-0.6935068931572397,0.25,-0.7521454362139278,-0.05863854305668814,0.0
0.05,1.0,0.0,R_1MCxQvFXsgFj9AZ,choice_only,dailydilemmas,3,4,0.25,-0.6936224990050501,0.25,-0.7175711700858988,-0.023948671080848638,0.0
0.05,1.0,0.0,R_1MCxQvFXsgFj9AZ,choice_only,dailydilemmas,4,4,0.75,-0.6930774068097307,0.5,-0.6906203734669647,0.002457033342766035,-0.25
0.05,1.0,0.0,R_3JfmC4gRU1JpbNv,choice_only,dailydilemmas,0,4,0.75,-0.691414093721901,0.75,-0.5835649645602115,0.10784912916168954,0.0
0.05,1.0,0.0,R_3JfmC4gRU1JpbNv,choice_only,dailydilemmas,1,4,1.0,-0.6911231568843574,1.0,-0.5451955575526863,0.1459275993316711,0.0
0.05,1.0,0.0,R_3JfmC4gRU1JpbNv,choice_only,dailydilemmas,2,4,0.5,-0.6937110318112766,0.5,-0.7168610759186562,-0.02315004410737964,0.0
0.05,1.0,0.0,R_3JfmC4gRU1JpbNv,choice_only,dailydilemmas,3,4,0.5,-0.6933484607438867,0.5,-0.6683160778098595,0.02503238293402721,0.0
0.05,1.0,0.0,R_3JfmC4gRU1JpbNv,choice_only,dailydilemmas,4,4,1.0,-0.691460935575063,1.0,-0.5597013328433629,0.13175960273170018,0.0
0.05,1.0,0.0,R_7QGHM1iZnW1jfRx,choice_only,dailydilemmas,0,4,0.5,-0.6933461948959684,0.5,-0.6948283927692911,-0.0014821978733227104,0.0
0.05,1.0,0.0,R_7QGHM1iZnW1jfRx,choice_only,dailydilemmas,1,4,0.5,-0.6933979723363053,0.5,-0.7209386001075477,-0.027540627771242443,0.0
0.05,1.0,0.0,R_7QGHM1iZnW1jfRx,choice_only,dailydilemmas,2,4,0.5,-0.692723397096704,0.25,-0.7037469315006161,-0.011023534403912016,-0.25
0.05,1.0,0.0,R_7QGHM1iZnW1jfRx,choice_only,dailydilemmas,3,4,0.75,-0.693106248193503,0.75,-0.6771035103274408,0.01600273786606221,0.0
0.05,1.0,0.0,R_7QGHM1iZnW1jfRx,choice_only,dailydilemmas,4,4,0.25,-0.6938567634717323,0.25,-0.7315161765973378,-0.0376594131256055,0.0
0.05,1.0,0.0,R_6rBDZvDRiktj92h,choice_only,dailydilemmas,0,4,0.75,-0.6919508583886247,0.5,-0.6576226122615974,0.03432824612702734,-0.25
0.05,1.0,0.0,R_6rBDZvDRiktj92h,choice_only,dailydilemmas,1,4,0.5,-0.6920848654673555,0.5,-0.6340945475415577,0.057990317925797785,0.0
0.05,1.0,0.0,R_6rBDZvDRiktj92h,choice_only,dailydilemmas,2,4,0.75,-0.6926821806338346,0.75,-0.6894457847696365,0.003236395864198105,0.0
0.05,1.0,0.0,R_6rBDZvDRiktj92h,choice_only,dailydilemmas,3,4,0.5,-0.6925047484490472,0.5,-0.6904190397927643,0.002085708656282881,0.0
0.05,1.0,0.0,R_6rBDZvDRiktj92h,choice_only,dailydilemmas,4,4,0.5,-0.6936433799394314,0.5,-0.7484311058612259,-0.05478772592179448,0.0
0.05,1.0,0.0,R_7DZXdu8GHiSZQbw,choice_only,dailydilemmas,0,5,0.8,-0.6915098669160649,0.8,-0.5863664282285799,0.10514343868748499,0.0
0.05,1.0,0.0,R_7DZXdu8GHiSZQbw,choice_only,dailydilemmas,1,5,0.6,-0.690806185488559,0.6,-0.5610037277517576,0.12980245773680144,0.0
0.05,1.0,0.0,R_7DZXdu8GHiSZQbw,choice_only,dailydilemmas,2,5,0.8,-0.6908536245536288,0.8,-0.5441739976727319,0.14667962688089686,0.0
0.05,1.0,0.0,R_7DZXdu8GHiSZQbw,choice_only,dailydilemmas,3,5,0.8,-0.6915137653328134,0.8,-0.6070427638433438,0.08447100148946962,0.0
0.05,1.0,0.0,R_3wNdGb7QZmozWdV,inference_affirm,dailydilemmas,0,4,0.75,-0.6925585495452946,0.5,-0.6727472074234582,0.01981134212183644,-0.25
0.05,1.0,0.0,R_3wNdGb7QZmozWdV,inference_affirm,dailydilemmas,1,4,0.5,-0.692981251064235,0.5,-0.698930188552563,-0.005948937488327921,0.0
0.05,1.0,0.0,R_3wNdGb7QZmozWdV,inference_affirm,dailydilemmas,2,4,0.25,-0.693020012554981,0.25,-0.7094143612739368,-0.01639434871895573,0.0
0.05,1.0,0.0,R_3wNdGb7QZmozWdV,inference_affirm,dailydilemmas,3,4,1.0,-0.6923061806371242,0.75,-0.6598510930582315,0.032455087578892705,-0.25
0.05,1.0,0.0,R_3wNdGb7QZmozWdV,inference_affirm,dailydilemmas,4,4,0.75,-0.6922461602262034,0.75,-0.6513598121307056,0.04088634809549785,0.0
0.05,1.0,0.0,R_54BDOExpKqNLP7U,choice_only,dailydilemmas,0,5,1.0,-0.690222392201228,1.0,-0.48126444010797814,0.2089579520932499,0.0
0.05,1.0,0.0,R_54BDOExpKqNLP7U,choice_only,dailydilemmas,1,5,0.8,-0.6912457920133276,1.0,-0.5455707397582685,0.14567505225505906,0.19999999999999996
0.05,1.0,0.0,R_54BDOExpKqNLP7U,choice_only,dailydilemmas,2,5,0.6,-0.6923603456842805,0.6,-0.6535029266555555,0.03885741902872497,0.0
0.05,1.0,0.0,R_54BDOExpKqNLP7U,choice_only,dailydilemmas,3,5,0.8,-0.6900271794005838,1.0,-0.45526903526251045,0.23475814413807333,0.19999999999999996
0.05,1.0,0.0,R_7FP7x1oOPEhKFnt,choice_only,dailydilemmas,0,4,1.0,-0.6919280667454282,1.0,-0.56693140574824,0.1249966609971882,0.0
0.05,1.0,0.0,R_7FP7x1oOPEhKFnt,choice_only,dailydilemmas,1,4,0.5,-0.6928210627175507,1.0,-0.6376487734914849,0.055172289226065874,0.5
0.05,1.0,0.0,R_7FP7x1oOPEhKFnt,choice_only,dailydilemmas,2,4,1.0,-0.6925045821357162,0.75,-0.6363857154031342,0.05611886673258204,-0.25
0.05,1.0,0.0,R_7FP7x1oOPEhKFnt,choice_only,dailydilemmas,3,4,0.75,-0.6929586161800017,0.75,-0.6989295939911883,-0.005970977811186606,0.0
0.05,1.0,0.0,R_7FP7x1oOPEhKFnt,choice_only,dailydilemmas,4,4,0.75,-0.6921518574026817,0.5,-0.6311519486558198,0.0609999087468619,-0.25
0.05,1.0,0.0,R_3RlcXTweCHzrYtz,choice_only,dailydilemmas,0,4,0.75,-0.692169622767719,0.75,-0.6155333313118719,0.07663629145584705,0.0
0.05,1.0,0.0,R_3RlcXTweCHzrYtz,choice_only,dailydilemmas,1,4,0.5,-0.6921245155651763,0.5,-0.6342384516509667,0.057886063914209585,0.0
0.05,1.0,0.0,R_3RlcXTweCHzrYtz,choice_only,dailydilemmas,2,4,0.25,-0.6934837659178836,0.5,-0.7216831147169033,-0.02819934879901964,0.25
0.05,1.0,0.0,R_3RlcXTweCHzrYtz,choice_only,dailydilemmas,3,4,0.5,-0.6932357233524356,0.5,-0.7100179709255303,-0.016782247573094766,0.0
0.05,1.0,0.0,R_3RlcXTweCHzrYtz,choice_only,dailydilemmas,4,4,0.75,-0.6924225385240101,0.75,-0.6077533487113486,0.08466918981266158,0.0
0.05,1.0,0.0,R_64MjAxTXtmHjKMx,choice_only,dailydilemmas,0,4,0.5,-0.6926941351033684,0.5,-0.6521466147298527,0.04054752037351572,0.0
0.05,1.0,0.0,R_64MjAxTXtmHjKMx,choice_only,dailydilemmas,1,4,0.25,-0.6940710556215365,0.25,-0.676927110671755,0.017143944949781442,0.0
0.05,1.0,0.0,R_64MjAxTXtmHjKMx,choice_only,dailydilemmas,2,4,0.25,-0.6938039134381895,0.25,-0.792382275499179,-0.09857836206098947,0.0
0.05,1.0,0.0,R_64MjAxTXtmHjKMx,choice_only,dailydilemmas,3,4,0.75,-0.6920861844549647,0.75,-0.5900790089224803,0.1020071755324844,0.0
0.05,1.0,0.0,R_64MjAxTXtmHjKMx,choice_only,dailydilemmas,4,4,1.0,-0.6918386995488164,1.0,-0.5532800152021845,0.13855868434663188,0.0
0.05,1.0,0.0,R_5B7Sbr53fSq1D3z,inference_affirm,dailydilemmas,0,4,1.0,-0.6924009679036246,0.75,-0.6451721018643468,0.047228866039277784,-0.25
0.05,1.0,0.0,R_5B7Sbr53fSq1D3z,inference_affirm,dailydilemmas,1,4,1.0,-0.6914967585051052,0.75,-0.5660156159695036,0.1254811425356016,-0.25
0.05,1.0,0.0,R_5B7Sbr53fSq1D3z,inference_affirm,dailydilemmas,2,4,0.5,-0.6916899171728221,0.5,-0.5978623588535814,0.09382755831924072,0.0
0.05,1.0,0.0,R_5B7Sbr53fSq1D3z,inference_affirm,dailydilemmas,3,4,0.5,-0.6925555829975424,0.5,-0.6448178194915336,0.04773776350600878,0.0
0.05,1.0,0.0,R_5B7Sbr53fSq1D3z,inference_affirm,dailydilemmas,4,4,0.5,-0.6934639971088424,0.25,-0.7105532829046255,-0.01708928579578306,-0.25
0.05,1.0,0.0,R_7fTeTaHgGhgcqkN,inference_affirm,dailydilemmas,0,4,0.75,-0.6918140257887567,0.75,-0.5818013639915559,0.11001266179720082,0.0
0.05,1.0,0.0,R_7fTeTaHgGhgcqkN,inference_affirm,dailydilemmas,1,4,0.75,-0.6912834457678454,1.0,-0.586589898659674,0.10469354710817136,0.25
0.05,1.0,0.0,R_7fTeTaHgGhgcqkN,inference_affirm,dailydilemmas,2,4,1.0,-0.6919592595083794,1.0,-0.5977100712468845,0.09424918826149498,0.0
0.05,1.0,0.0,R_7fTeTaHgGhgcqkN,inference_affirm,dailydilemmas,3,4,0.5,-0.6923729489017025,0.5,-0.6833385305114537,0.009034418390248877,0.0
0.05,1.0,0.0,R_7fTeTaHgGhgcqkN,inference_affirm,dailydilemmas,4,4,0.75,-0.6914575245591041,0.75,-0.6111171373475639,0.08034038721154024,0.0
0.05,1.0,0.0,R_12tlw5u4cVbNiP1,inference_affirm,dailydilemmas,0,4,0.75,-0.6916294137246326,0.75,-0.5888054575153383,0.1028239562092943,0.0
0.05,1.0,0.0,R_12tlw5u4cVbNiP1,inference_affirm,dailydilemmas,1,4,0.5,-0.6922729032778986,0.5,-0.6307998326548517,0.061473070623046855,0.0
0.05,1.0,0.0,R_12tlw5u4cVbNiP1,inference_affirm,dailydilemmas,2,4,1.0,-0.6913990748711327,1.0,-0.5562484921265467,0.13515058274458602,0.0
0.05,1.0,0.0,R_12tlw5u4cVbNiP1,inference_affirm,dailydilemmas,3,4,0.75,-0.6917636640252386,0.75,-0.5762734792826971,0.11549018474254147,0.0
0.05,1.0,0.0,R_12tlw5u4cVbNiP1,inference_affirm,dailydilemmas,4,4,0.75,-0.6918227014195795,1.0,-0.5997601951125058,0.09206250630707369,0.25
0.05,1.0,0.02,R_5EfMjMbx1z8Kvhl,inference_categories,dailydilemmas,0,4,0.75,-0.6923275991814979,0.75,-0.6496430166209717,0.04268458256052621,0.0
0.05,1.0,0.02,R_5EfMjMbx1z8Kvhl,inference_categories,dailydilemmas,1,4,0.5,-0.692107728588651,0.75,-0.6244165752787523,0.06769115330989872,0.25
0.05,1.0,0.02,R_5EfMjMbx1z8Kvhl,inference_categories,dailydilemmas,2,4,0.5,-0.6930055898490717,0.5,-0.6733268790716689,0.019678710777402797,0.0
0.05,1.0,0.02,R_5EfMjMbx1z8Kvhl,inference_categories,dailydilemmas,3,4,0.75,-0.6921698893625947,1.0,-0.5962043577451671,0.0959655316174276,0.25
0.05,1.0,0.02,R_5EfMjMbx1z8Kvhl,inference_categories,dailydilemmas,4,4,0.5,-0.6916124977152831,0.75,-0.5741154547856954,0.11749704292958774,0.25
0.05,1.0,0.02,R_56aT1YjmRtKACUH,inference_categories,dailydilemmas,0,4,0.75,-0.6928161057074206,0.75,-0.6645214166425623,0.028294689064858325,0.0
0.05,1.0,0.02,R_56aT1YjmRtKACUH,inference_categories,dailydilemmas,1,4,0.25,-0.6937101957354634,0.5,-0.7407531380206039,-0.0470429422851405,0.25
0.05,1.0,0.02,R_56aT1YjmRtKACUH,inference_categories,dailydilemmas,2,4,0.75,-0.6924772749383264,0.75,-0.6569080264510471,0.03556924848727938,0.0
0.05,1.0,0.02,R_56aT1YjmRtKACUH,inference_categories,dailydilemmas,3,4,0.75,-0.692553249130433,0.75,-0.6584368694622144,0.03411637966821868,0.0
0.05,1.0,0.02,R_56aT1YjmRtKACUH,inference_categories,dailydilemmas,4,4,0.5,-0.6927715965415814,0.5,-0.6864370966168494,0.006334499924732007,0.0
0.05,1.0,0.02,R_3HS2lsaEfcZSuXu,inference_categories,dailydilemmas,0,4,1.0,-0.6922145708976619,0.75,-0.6039175146345421,0.08829705626311979,-0.25
0.05,1.0,0.02,R_3HS2lsaEfcZSuXu,inference_categories,dailydilemmas,1,4,0.5,-0.6935194048429342,0.5,-0.7610571430358459,-0.06753773819291176,0.0
0.05,1.0,0.02,R_3HS2lsaEfcZSuXu,inference_categories,dailydilemmas,2,4,0.5,-0.6928434999593708,0.5,-0.6983662856759421,-0.005522785716571277,0.0
0.05,1.0,0.02,R_3HS2lsaEfcZSuXu,inference_categories,dailydilemmas,3,4,0.5,-0.6925147737062834,0.75,-0.619109842894195,0.07340493081208843,0.25
0.05,1.0,0.02,R_3HS2lsaEfcZSuXu,inference_categories,dailydilemmas,4,4,0.75,-0.6922641213528324,0.75,-0.6065397188412994,0.08572440251153302,0.0
0.05,1.0,0.02,R_6HoVfVJSFl7IrlL,inference_categories,dailydilemmas,0,4,0.75,-0.6928992813204569,0.5,-0.6877710362827972,0.005128245037659629,-0.25
0.05,1.0,0.02,R_6HoVfVJSFl7IrlL,inference_categories,dailydilemmas,1,4,0.75,-0.692487035620315,0.75,-0.6023308436040145,0.09015619201630054,0.0
0.05,1.0,0.02,R_6HoVfVJSFl7IrlL,inference_categories,dailydilemmas,2,4,0.25,-0.6934830207785968,0.5,-0.7354038886431936,-0.04192086786459681,0.25
0.05,1.0,0.02,R_6HoVfVJSFl7IrlL,inference_categories,dailydilemmas,3,4,0.75,-0.6924371284265671,1.0,-0.6281309909093953,0.06430613751717185,0.25
0.05,1.0,0.02,R_6HoVfVJSFl7IrlL,inference_categories,dailydilemmas,4,4,0.75,-0.691991702915315,0.75,-0.6060516438534682,0.08594005906184676,0.0
0.05,1.0,0.02,R_5Q5TZ5csoblHSvA,inference_categories,dailydilemmas,0,4,0.5,-0.6932046971065635,0.25,-0.7413006835912841,-0.048095986484720576,-0.25
0.05,1.0,0.02,R_5Q5TZ5csoblHSvA,inference_categories,dailydilemmas,1,4,0.75,-0.6933010362528886,0.5,-0.6859873484550988,0.007313687797789847,-0.25
0.05,1.0,0.02,R_5Q5TZ5csoblHSvA,inference_categories,dailydilemmas,2,4,0.5,-0.6925393726246563,0.75,-0.6665246782488105,0.026014694375845804,0.25
0.05,1.0,0.02,R_5Q5TZ5csoblHSvA,inference_categories,dailydilemmas,3,4,0.25,-0.693672157233209,0.25,-0.7168924670167736,-0.023220309783564597,0.0
0.05,1.0,0.02,R_5Q5TZ5csoblHSvA,inference_categories,dailydilemmas,4,4,0.5,-0.6927479762012052,0.5,-0.6708242439182521,0.02192373228295308,0.0
0.05,1.0,0.02,R_18H831wJaDlPwgg,inference_categories,dailydilemmas,0,4,0.5,-0.6916147042699178,0.5,-0.6609116615056876,0.030703042764230193,0.0
0.05,1.0,0.02,R_18H831wJaDlPwgg,inference_categories,dailydilemmas,1,4,1.0,-0.6899870586634695,1.0,-0.5421239814075046,0.14786307725596493,0.0
0.05,1.0,0.02,R_18H831wJaDlPwgg,inference_categories,dailydilemmas,2,4,0.25,-0.6917238616310285,0.75,-0.5881535592854547,0.10357030234557385,0.5
0.05,1.0,0.02,R_18H831wJaDlPwgg,inference_categories,dailydilemmas,3,4,1.0,-0.6891156439819446,1.0,-0.46051179202811965,0.22860385195382493,0.0
0.05,1.0,0.02,R_18H831wJaDlPwgg,inference_categories,dailydilemmas,4,4,0.75,-0.6902118746874193,1.0,-0.49995426963788214,0.19025760504953715,0.25
0.05,1.0,0.02,R_12mMAseFwoOpgqC,inference_categories,dailydilemmas,0,4,0.75,-0.6923560192102111,0.5,-0.64116841988698,0.051187599323231026,-0.25
0.05,1.0,0.02,R_12mMAseFwoOpgqC,inference_categories,dailydilemmas,1,4,0.5,-0.692708683905009,0.5,-0.6453786545229351,0.04733002938207387,0.0
0.05,1.0,0.02,R_12mMAseFwoOpgqC,inference_categories,dailydilemmas,2,4,0.5,-0.6938594465566419,0.5,-0.7277463902087158,-0.0338869436520739,0.0
0.05,1.0,0.02,R_12mMAseFwoOpgqC,inference_categories,dailydilemmas,3,4,0.25,-0.693157141606494,0.5,-0.6876180664543784,0.005539075152115602,0.25
0.05,1.0,0.02,R_12mMAseFwoOpgqC,inference_categories,dailydilemmas,4,4,0.75,-0.6923894076906529,0.5,-0.6349919131577445,0.05739749453290843,-0.25
0.05,1.0,0.02,R_7ojvA7NDI10RoKR,inference_categories,dailydilemmas,0,5,0.6,-0.6920068818772697,0.6,-0.6183699721731253,0.07363690970414438,0.0
0.05,1.0,0.02,R_7ojvA7NDI10RoKR,inference_categories,dailydilemmas,1,5,0.8,-0.6917348847637751,0.8,-0.5884241756505632,0.10331070911321194,0.0
0.05,1.0,0.02,R_7ojvA7NDI10RoKR,inference_categories,dailydilemmas,2,5,0.8,-0.6916545545853191,0.8,-0.6148119588897986,0.07684259569552054,0.0
0.05,1.0,0.02,R_7ojvA7NDI10RoKR,inference_categories,dailydilemmas,3,5,1.0,-0.6917046586626592,1.0,-0.5528019069258177,0.13890275173684152,0.0
0.05,1.0,0.02,R_5gbXjT8uFYXCo7E,inference_categories,dailydilemmas,0,4,0.25,-0.694026868559669,0.25,-0.7893644062204045,-0.0953375376607355,0.0
0.05,1.0,0.02,R_5gbXjT8uFYXCo7E,inference_categories,dailydilemmas,1,4,0.5,-0.6930937564136729,0.5,-0.7065080746811185,-0.013414318267445657,0.0
0.05,1.0,0.02,R_5gbXjT8uFYXCo7E,inference_categories,dailydilemmas,2,4,0.5,-0.6928904338246693,0.5,-0.677235044622558,0.01565538920211129,0.0
0.05,1.0,0.02,R_5gbXjT8uFYXCo7E,inference_categories,dailydilemmas,3,4,0.75,-0.6928488703434292,0.75,-0.6631566374009705,0.029692232942458707,0.0
0.05,1.0,0.02,R_5gbXjT8uFYXCo7E,inference_categories,dailydilemmas,4,4,0.75,-0.6923363356652761,0.75,-0.6809196817741374,0.011416653891138662,0.0
0.05,1.0,0.02,R_7f9o7q4AZOoP4ot,inference_categories,dailydilemmas,0,4,0.5,-0.6928590408729023,0.5,-0.6953984745272555,-0.0025394336543531626,0.0
0.05,1.0,0.02,R_7f9o7q4AZOoP4ot,inference_categories,dailydilemmas,1,4,0.25,-0.6940582712554482,0.25,-0.7622966739716468,-0.06823840271619863,0.0
0.05,1.0,0.02,R_7f9o7q4AZOoP4ot,inference_categories,dailydilemmas,2,4,0.25,-0.6938234561373877,0.0,-0.7339486895069134,-0.04012523336952567,-0.25
0.05,1.0,0.02,R_7f9o7q4AZOoP4ot,inference_categories,dailydilemmas,3,4,0.5,-0.6930868562810306,0.25,-0.7386397156083266,-0.045552859327296025,-0.25
0.05,1.0,0.02,R_7f9o7q4AZOoP4ot,inference_categories,dailydilemmas,4,4,0.25,-0.6937483224132927,0.25,-0.7743164306266106,-0.08056810821331795,0.0
0.05,1.0,0.02,R_1WHYlcDjJDcnUfD,inference_categories,dailydilemmas,0,4,0.25,-0.6936107817399355,0.5,-0.7100459614313285,-0.016435179691392965,0.25
0.05,1.0,0.02,R_1WHYlcDjJDcnUfD,inference_categories,dailydilemmas,1,4,0.75,-0.6927597897553112,0.75,-0.6706335626993108,0.022126227056000314,0.0
0.05,1.0,0.02,R_1WHYlcDjJDcnUfD,inference_categories,dailydilemmas,2,4,0.5,-0.692882790314926,0.75,-0.6846929088256664,0.008189881489259587,0.25
0.05,1.0,0.02,R_1WHYlcDjJDcnUfD,inference_categories,dailydilemmas,3,4,0.5,-0.6933126230141359,0.25,-0.7386189617532182,-0.0453063387390823,-0.25
0.05,1.0,0.02,R_1WHYlcDjJDcnUfD,inference_categories,dailydilemmas,4,4,0.5,-0.6933165620073277,0.5,-0.7002472017241125,-0.006930639716784759,0.0
0.05,1.0,0.02,R_6Q0gBjey6IdfZpf,inference_categories,dailydilemmas,0,4,0.75,-0.6921669564928575,0.75,-0.6093147569622188,0.08285219953063871,0.0
0.05,1.0,0.02,R_6Q0gBjey6IdfZpf,inference_categories,dailydilemmas,1,4,1.0,-0.6919515344248186,1.0,-0.6024986009946505,0.08945293343016814,0.0
0.05,1.0,0.02,R_6Q0gBjey6IdfZpf,inference_categories,dailydilemmas,2,4,0.75,-0.6922742370254034,0.75,-0.6086576988065753,0.08361653821882808,0.0
0.05,1.0,0.02,R_6Q0gBjey6IdfZpf,inference_categories,dailydilemmas,3,4,0.75,-0.6922809472749593,0.75,-0.6349529351108436,0.05732801216411565,0.0
0.05,1.0,0.02,R_6Q0gBjey6IdfZpf,inference_categories,dailydilemmas,4,4,0.5,-0.6923239171830518,0.5,-0.6052682229588918,0.08705569422415993,0.0
0.05,1.0,0.02,R_1wzohnjOPhN82Wd,inference_categories,dailydilemmas,0,4,0.75,-0.6912657817430935,0.75,-0.6177006574757777,0.07356512426731576,0.0
0.05,1.0,0.02,R_1wzohnjOPhN82Wd,inference_categories,dailydilemmas,1,4,0.75,-0.6910091198303364,0.75,-0.6007624126362159,0.09024670719412053,0.0
0.05,1.0,0.02,R_1wzohnjOPhN82Wd,inference_categories,dailydilemmas,2,4,0.75,-0.6916135310151922,0.75,-0.5781278646010716,0.11348566641412061,0.0
0.05,1.0,0.02,R_1wzohnjOPhN82Wd,inference_categories,dailydilemmas,3,4,0.75,-0.6912827721934094,1.0,-0.5917061012515902,0.09957667094181921,0.25
0.05,1.0,0.02,R_1wzohnjOPhN82Wd,inference_categories,dailydilemmas,4,4,0.25,-0.6945114868894781,0.25,-0.7692298041805854,-0.07471831729110734,0.0
0.05,1.0,0.02,R_70kbQcqJL4Tkq6B,inference_categories,dailydilemmas,0,4,0.5,-0.693099326816225,0.5,-0.7473900133214552,-0.05429068650523017,0.0
0.05,1.0,0.02,R_70kbQcqJL4Tkq6B,inference_categories,dailydilemmas,1,4,0.5,-0.6935456776381743,0.5,-0.7188571915285392,-0.0253115138903649,0.0
0.05,1.0,0.02,R_70kbQcqJL4Tkq6B,inference_categories,dailydilemmas,2,4,1.0,-0.6903881142268726,1.0,-0.5805667596500294,0.10982135457684328,0.0
0.05,1.0,0.02,R_70kbQcqJL4Tkq6B,inference_categories,dailydilemmas,3,4,0.75,-0.6910186881848221,0.75,-0.6283444534877215,0.06267423469710065,0.0
0.05,1.0,0.02,R_70kbQcqJL4Tkq6B,inference_categories,dailydilemmas,4,4,0.75,-0.6910584094419714,0.75,-0.5788412197368819,0.11221718970508954,0.0
0.05,1.0,0.02,R_6rftRMhNP0o6boD,inference_categories,dailydilemmas,0,4,0.25,-0.6927920742765155,0.25,-0.6830460664435908,0.009746007832924675,0.0
0.05,1.0,0.02,R_6rftRMhNP0o6boD,inference_categories,dailydilemmas,1,4,0.5,-0.6924913932327733,0.5,-0.6818504376501913,0.010640955582582046,0.0
0.05,1.0,0.02,R_6rftRMhNP0o6boD,inference_categories,dailydilemmas,2,4,0.75,-0.6930215747126403,0.5,-0.736311694306571,-0.0432901195939307,-0.25
0.05,1.0,0.02,R_6rftRMhNP0o6boD,inference_categories,dailydilemmas,3,4,0.75,-0.6913539511353748,0.75,-0.6153738593650022,0.07598009177037257,0.0
0.05,1.0,0.02,R_6rftRMhNP0o6boD,inference_categories,dailydilemmas,4,4,1.0,-0.6911317756524363,1.0,-0.6197583086842621,0.07137346696817426,0.0
0.05,1.0,0.02,R_6jv2PrGBJcO4of6,inference_categories,dailydilemmas,0,4,1.0,-0.6913708595536875,1.0,-0.5151204532983431,0.17625040625534438,0.0
0.05,1.0,0.02,R_6jv2PrGBJcO4of6,inference_categories,dailydilemmas,1,4,0.75,-0.6912995160513344,1.0,-0.585467852703468,0.10583166334786642,0.25
0.05,1.0,0.02,R_6jv2PrGBJcO4of6,inference_categories,dailydilemmas,2,4,0.5,-0.6926591280607736,0.5,-0.6726858852091592,0.019973242851614392,0.0
0.05,1.0,0.02,R_6jv2PrGBJcO4of6,inference_categories,dailydilemmas,3,4,0.75,-0.6920955861097676,0.75,-0.6174627174428605,0.0746328686669071,0.0
0.05,1.0,0.02,R_6jv2PrGBJcO4of6,inference_categories,dailydilemmas,4,4,0.5,-0.6944162521312823,0.5,-0.8179836040298215,-0.12356735189853918,0.0
0.05,1.0,0.02,R_1dHqTtKKq3yQvmX,inference_categories,dailydilemmas,0,4,0.75,-0.6901793664806752,0.75,-0.5484702903419384,0.14170907613873684,0.0
0.05,1.0,0.02,R_1dHqTtKKq3yQvmX,inference_categories,dailydilemmas,1,4,0.5,-0.6905398035230048,0.5,-0.5979224426142742,0.09261736090873063,0.0
0.05,1.0,0.02,R_1dHqTtKKq3yQvmX,inference_categories,dailydilemmas,2,4,0.75,-0.6916850396000928,0.75,-0.59985213583133,0.09183290376876274,0.0
0.05,1.0,0.02,R_1dHqTtKKq3yQvmX,inference_categories,dailydilemmas,3,4,0.75,-0.6917166981820564,0.75,-0.6412291205689622,0.05048757761309419,0.0
0.05,1.0,0.02,R_1dHqTtKKq3yQvmX,inference_categories,dailydilemmas,4,4,0.75,-0.6905830384527758,0.75,-0.5247465128548015,0.16583652559797435,0.0
0.05,1.0,0.02,R_1P81VK8fH860C4V,inference_categories,dailydilemmas,0,4,1.0,-0.6920433577900249,1.0,-0.6001439774865369,0.09189938030348799,0.0
0.05,1.0,0.02,R_1P81VK8fH860C4V,inference_categories,dailydilemmas,1,4,1.0,-0.6919164570325738,1.0,-0.5128078660306538,0.17910859100192,0.0
0.05,1.0,0.02,R_1P81VK8fH860C4V,inference_categories,dailydilemmas,2,4,0.75,-0.6928577825296892,0.75,-0.6071238501797097,0.0857339323499795,0.0
0.05,1.0,0.02,R_1P81VK8fH860C4V,inference_categories,dailydilemmas,3,4,0.25,-0.6932254130917721,0.5,-0.6895965240711963,0.0036288890205757873,0.25
0.05,1.0,0.02,R_1P81VK8fH860C4V,inference_categories,dailydilemmas,4,4,1.0,-0.6913179800919581,1.0,-0.5187167650268697,0.1726012150650884,0.0
0.05,1.0,0.02,R_7go085j249AymBb,inference_categories,dailydilemmas,0,4,0.5,-0.6920457681275483,0.5,-0.6177089892092036,0.07433677891834467,0.0
0.05,1.0,0.02,R_7go085j249AymBb,inference_categories,dailydilemmas,1,4,0.75,-0.6918687893093179,0.75,-0.5950019511076788,0.0968668382016391,0.0
0.05,1.0,0.02,R_7go085j249AymBb,inference_categories,dailydilemmas,2,4,0.75,-0.6916919699910548,1.0,-0.5728131695636388,0.11887880042741594,0.25
0.05,1.0,0.02,R_7go085j249AymBb,inference_categories,dailydilemmas,3,4,0.75,-0.6921476975615788,0.75,-0.6150133022202123,0.07713439534136646,0.0
0.05,1.0,0.02,R_7go085j249AymBb,inference_categories,dailydilemmas,4,4,0.5,-0.6933859969559947,0.5,-0.7196418387589657,-0.026255841802971025,0.0
0.05,1.0,0.02,R_6xzSCFMWRhzZIRg,inference_categories,dailydilemmas,0,4,0.25,-0.6927821561848767,0.25,-0.6733746879129754,0.019407468271901318,0.0
0.05,1.0,0.02,R_6xzSCFMWRhzZIRg,inference_categories,dailydilemmas,1,4,0.75,-0.6925641341245401,0.75,-0.6486010123595513,0.043963121764988844,0.0
0.05,1.0,0.02,R_6xzSCFMWRhzZIRg,inference_categories,dailydilemmas,2,4,0.75,-0.6928042560852457,0.75,-0.6484382326779379,0.044366023407307775,0.0
0.05,1.0,0.02,R_6xzSCFMWRhzZIRg,inference_categories,dailydilemmas,3,4,1.0,-0.6921312027011314,1.0,-0.5933053942538189,0.09882580844731248,0.0
0.05,1.0,0.02,R_6xzSCFMWRhzZIRg,inference_categories,dailydilemmas,4,4,0.75,-0.6925934243944709,0.75,-0.6598501696472621,0.03274325474720885,0.0
0.05,1.0,0.02,R_5EychZPB1u00qZH,inference_categories,dailydilemmas,0,4,1.0,-0.6915691978027982,0.75,-0.5486149346119552,0.14295426319084303,-0.25
0.05,1.0,0.02,R_5EychZPB1u00qZH,inference_categories,dailydilemmas,1,4,0.5,-0.6922579912654148,0.5,-0.630209698088581,0.0620482931768338,0.0
0.05,1.0,0.02,R_5EychZPB1u00qZH,inference_categories,dailydilemmas,2,4,1.0,-0.6920351292436367,1.0,-0.5852206200154086,0.1068145092282281,0.0
0.05,1.0,0.02,R_5EychZPB1u00qZH,inference_categories,dailydilemmas,3,4,1.0,-0.6918581079995139,0.75,-0.5559600425410153,0.13589806545849858,-0.25
0.05,1.0,0.02,R_5EychZPB1u00qZH,inference_categories,dailydilemmas,4,4,0.25,-0.693113923592781,0.25,-0.7397286486031162,-0.046614725010335145,0.0
0.05,1.0,0.02,R_59glCvaBnt5WTU6,inference_categories,dailydilemmas,0,4,0.5,-0.6934585289871318,0.5,-0.7074476844192684,-0.013989155432136635,0.0
0.05,1.0,0.02,R_59glCvaBnt5WTU6,inference_categories,dailydilemmas,1,4,0.75,-0.6924249223884483,0.75,-0.6047666144218511,0.08765830796659724,0.0
0.05,1.0,0.02,R_59glCvaBnt5WTU6,inference_categories,dailydilemmas,2,4,0.75,-0.6921256744126439,1.0,-0.590789758621185,0.10133591579145895,0.25
0.05,1.0,0.02,R_59glCvaBnt5WTU6,inference_categories,dailydilemmas,3,4,0.75,-0.6923140677501498,0.75,-0.6189150407985907,0.07339902695155909,0.0
0.05,1.0,0.02,R_59glCvaBnt5WTU6,inference_categories,dailydilemmas,4,4,0.75,-0.6924660984930848,0.75,-0.6458837703619312,0.046582328131153594,0.0
0.05,1.0,0.02,R_1nBL27EvLs0Bkk4,inference_categories,dailydilemmas,0,4,0.5,-0.6925040934732599,0.5,-0.6303481261600926,0.062155967313167304,0.0
0.05,1.0,0.02,R_1nBL27EvLs0Bkk4,inference_categories,dailydilemmas,1,4,0.25,-0.693942222109138,0.75,-0.7713019082307615,-0.07735968612162347,0.5
0.05,1.0,0.02,R_1nBL27EvLs0Bkk4,inference_categories,dailydilemmas,2,4,0.75,-0.6912821629528922,0.75,-0.5937965878445016,0.09748557510839062,0.0
0.05,1.0,0.02,R_1nBL27EvLs0Bkk4,inference_categories,dailydilemmas,3,4,0.5,-0.6924616239598635,0.75,-0.6512808790805765,0.04118074487928702,0.25
0.05,1.0,0.02,R_1nBL27EvLs0Bkk4,inference_categories,dailydilemmas,4,4,1.0,-0.6911718043804796,1.0,-0.5535688137514652,0.1376029906290145,0.0
0.05,1.0,0.02,R_6FsUQnzEYAQwtwa,inference_categories,dailydilemmas,0,4,0.75,-0.6927384253042169,0.75,-0.6544950758726995,0.038243349431517415,0.0
0.05,1.0,0.02,R_6FsUQnzEYAQwtwa,inference_categories,dailydilemmas,1,4,0.5,-0.6927163458859349,0.5,-0.6840921685060743,0.008624177379860543,0.0
0.05,1.0,0.02,R_6FsUQnzEYAQwtwa,inference_categories,dailydilemmas,2,4,0.5,-0.6932754640605925,0.75,-0.6716763577239423,0.021599106336650187,0.25
0.05,1.0,0.02,R_6FsUQnzEYAQwtwa,inference_categories,dailydilemmas,3,4,0.75,-0.6926125292192916,0.75,-0.6850784681366436,0.00753406108264798,0.0
0.05,1.0,0.02,R_6FsUQnzEYAQwtwa,inference_categories,dailydilemmas,4,4,0.75,-0.6926171705827615,0.5,-0.6458582990671843,0.04675887151557723,-0.25
0.05,1.0,0.02,R_5pX1jjp1Yu1RSN7,inference_categories,dailydilemmas,0,4,1.0,-0.6916563926178843,1.0,-0.5741233637336279,0.11753302888425632,0.0
0.05,1.0,0.02,R_5pX1jjp1Yu1RSN7,inference_categories,dailydilemmas,1,4,0.75,-0.6913416045752215,0.75,-0.5733663450756591,0.11797525949956245,0.0
0.05,1.0,0.02,R_5pX1jjp1Yu1RSN7,inference_categories,dailydilemmas,2,4,0.75,-0.6917451406050665,0.75,-0.5745938851102379,0.11715125549482863,0.0
0.05,1.0,0.02,R_5pX1jjp1Yu1RSN7,inference_categories,dailydilemmas,3,4,0.75,-0.6915415809271314,0.75,-0.6088757118365768,0.08266586909055451,0.0
0.05,1.0,0.02,R_5pX1jjp1Yu1RSN7,inference_categories,dailydilemmas,4,4,0.25,-0.6954732529707177,0.25,-0.8571757807187929,-0.16170252774807514,0.0
0.05,1.0,0.02,R_5DY1mtPtJpWz8WC,inference_categories,dailydilemmas,0,5,1.0,-0.6901900358599771,1.0,-0.43778602944162054,0.25240400641835653,0.0
0.05,1.0,0.02,R_5DY1mtPtJpWz8WC,inference_categories,dailydilemmas,1,5,0.6,-0.6912324351004475,0.8,-0.5458549456122184,0.14537748948822915,0.20000000000000007
0.05,1.0,0.02,R_5DY1mtPtJpWz8WC,inference_categories,dailydilemmas,2,5,0.8,-0.691829432035987,0.8,-0.5870799936628408,0.10474943837314621,0.0
0.05,1.0,0.02,R_5DY1mtPtJpWz8WC,inference_categories,dailydilemmas,3,5,0.6,-0.6903303706504949,0.6,-0.5004287236298436,0.18990164702065127,0.0
0.05,1.0,0.02,R_1PN3SGDWOMibPAh,inference_categories,dailydilemmas,0,4,0.75,-0.6919509454770811,1.0,-0.5897503343087676,0.10220061116831358,0.25
0.05,1.0,0.02,R_1PN3SGDWOMibPAh,inference_categories,dailydilemmas,1,4,0.5,-0.693423134032705,0.5,-0.7502120540950785,-0.05678892006237357,0.0
0.05,1.0,0.02,R_1PN3SGDWOMibPAh,inference_categories,dailydilemmas,2,4,0.5,-0.692956189895669,0.75,-0.6592107306429794,0.03374545925268957,0.25
0.05,1.0,0.02,R_1PN3SGDWOMibPAh,inference_categories,dailydilemmas,3,4,0.5,-0.6922843616630568,0.5,-0.6454486627780336,0.04683569888502326,0.0
0.05,1.0,0.02,R_1PN3SGDWOMibPAh,inference_categories,dailydilemmas,4,4,1.0,-0.6918221546867992,1.0,-0.6078087198563622,0.084013434830437,0.0
0.05,1.0,0.02,R_3SrBXsc2uYrsSZz,inference_categories,dailydilemmas,0,4,0.5,-0.6921819867098238,0.75,-0.6289716411505247,0.06321034555929905,0.25
0.05,1.0,0.02,R_3SrBXsc2uYrsSZz,inference_categories,dailydilemmas,1,4,0.75,-0.6927603848918005,0.5,-0.7062287360668209,-0.013468351175020432,-0.25
0.05,1.0,0.02,R_3SrBXsc2uYrsSZz,inference_categories,dailydilemmas,2,4,0.5,-0.6928712779217644,0.5,-0.7428392392895148,-0.04996796136775039,0.0
0.05,1.0,0.02,R_3SrBXsc2uYrsSZz,inference_categories,dailydilemmas,3,4,0.75,-0.6917737093762071,0.75,-0.5777427147167553,0.11403099465945177,0.0
0.05,1.0,0.02,R_3SrBXsc2uYrsSZz,inference_categories,dailydilemmas,4,4,1.0,-0.691789791299691,1.0,-0.589901778984374,0.10188801231531697,0.0
0.05,1.0,0.02,R_7rNeEq8TvAxjqdL,inference_categories,dailydilemmas,0,4,0.75,-0.6911846470944386,0.75,-0.5588366531980543,0.1323479938963843,0.0
0.05,1.0,0.02,R_7rNeEq8TvAxjqdL,inference_categories,dailydilemmas,1,4,0.75,-0.69164818192401,0.75,-0.5617475266775701,0.1299006552464399,0.0
0.05,1.0,0.02,R_7rNeEq8TvAxjqdL,inference_categories,dailydilemmas,2,4,1.0,-0.6907843678215682,1.0,-0.5208610011512615,0.1699233666703066,0.0
0.05,1.0,0.02,R_7rNeEq8TvAxjqdL,inference_categories,dailydilemmas,3,4,0.75,-0.6922579415528716,0.5,-0.6717799562689578,0.020477985283913758,-0.25
0.05,1.0,0.02,R_7rNeEq8TvAxjqdL,inference_categories,dailydilemmas,4,4,0.75,-0.6916794143622071,0.75,-0.5869677983142981,0.10471161604790902,0.0
0.05,1.0,0.02,R_7QAkOtO6FETwKSv,inference_categories,dailydilemmas,0,4,0.5,-0.6935653153634046,0.5,-0.764990884683991,-0.07142556932058641,0.0
0.05,1.0,0.02,R_7QAkOtO6FETwKSv,inference_categories,dailydilemmas,1,4,0.75,-0.6922413992091314,0.75,-0.6579318281673512,0.03430957104178023,0.0
0.05,1.0,0.02,R_7QAkOtO6FETwKSv,inference_categories,dailydilemmas,2,4,0.5,-0.6929267303893999,0.5,-0.7520298473077756,-0.059103116918375664,0.0
0.05,1.0,0.02,R_7QAkOtO6FETwKSv,inference_categories,dailydilemmas,3,4,1.0,-0.6920532080201354,0.5,-0.6999243553280612,-0.007871147307925819,-0.5
0.05,1.0,0.02,R_7QAkOtO6FETwKSv,inference_categories,dailydilemmas,4,4,0.5,-0.692874388257928,0.5,-0.7115736325414199,-0.0186992442834919,0.0
0.05,1.0,0.02,R_6gCrJV80LvD23XK,choice_only,dailydilemmas,0,4,0.5,-0.693771785100323,0.5,-0.7623043658938501,-0.06853258079352709,0.0
0.05,1.0,0.02,R_6gCrJV80LvD23XK,choice_only,dailydilemmas,1,4,1.0,-0.6920506137011905,1.0,-0.5697211733364957,0.12232944036469473,0.0
0.05,1.0,0.02,R_6gCrJV80LvD23XK,choice_only,dailydilemmas,2,4,0.75,-0.692272194395104,0.75,-0.6406146439800595,0.051657550415044495,0.0
0.05,1.0,0.02,R_6gCrJV80LvD23XK,choice_only,dailydilemmas,3,4,0.25,-0.6935722697383494,0.25,-0.7311366754598347,-0.03756440572148534,0.0
0.05,1.0,0.02,R_6gCrJV80LvD23XK,choice_only,dailydilemmas,4,4,0.5,-0.69288341392352,0.5,-0.6717138202882612,0.021169593635258832,0.0
0.05,1.0,0.02,R_7SrhV7HvgsG1fvA,choice_only,dailydilemmas,0,4,0.5,-0.6919869228690966,0.5,-0.6417624386169318,0.05022448425216475,0.0
0.05,1.0,0.02,R_7SrhV7HvgsG1fvA,choice_only,dailydilemmas,1,4,0.75,-0.6927850648558612,1.0,-0.6622367556811984,0.03054830917466278,0.25
0.05,1.0,0.02,R_7SrhV7HvgsG1fvA,choice_only,dailydilemmas,2,4,0.5,-0.6932548429514276,0.5,-0.7341229189156817,-0.040868075964254125,0.0
0.05,1.0,0.02,R_7SrhV7HvgsG1fvA,choice_only,dailydilemmas,3,4,0.75,-0.6925621208023383,1.0,-0.6488511870437993,0.04371093375853896,0.25
0.05,1.0,0.02,R_7SrhV7HvgsG1fvA,choice_only,dailydilemmas,4,4,0.0,-0.694777709820397,0.0,-0.8150445773756837,-0.1202668675552867,0.0
0.05,1.0,0.02,R_5aLcKnMSH0hrVLH,choice_only,dailydilemmas,0,4,1.0,-0.6923263146045625,1.0,-0.6038746553856295,0.08845165921893305,0.0
0.05,1.0,0.02,R_5aLcKnMSH0hrVLH,choice_only,dailydilemmas,1,4,1.0,-0.691702529524409,0.75,-0.6040561315310526,0.08764639799335638,-0.25
0.05,1.0,0.02,R_5aLcKnMSH0hrVLH,choice_only,dailydilemmas,2,4,0.75,-0.6924378717203983,0.5,-0.636056588269835,0.05638128345056326,-0.25
0.05,1.0,0.02,R_5aLcKnMSH0hrVLH,choice_only,dailydilemmas,3,4,1.0,-0.6922143155928429,1.0,-0.6562703667345263,0.03594394885831653,0.0
0.05,1.0,0.02,R_5aLcKnMSH0hrVLH,choice_only,dailydilemmas,4,4,0.5,-0.6935217086981267,0.5,-0.7644273510255217,-0.07090564232739505,0.0
0.05,1.0,0.02,R_6E6esO9YjIptSgZ,choice_only,dailydilemmas,0,5,0.4,-0.6933243109022651,0.4,-0.7054602416980122,-0.012135930795747152,0.0
0.05,1.0,0.02,R_6E6esO9YjIptSgZ,choice_only,dailydilemmas,1,5,0.4,-0.6935058840958112,0.4,-0.6820935462427143,0.01141233785309681,0.0
0.05,1.0,0.02,R_6E6esO9YjIptSgZ,choice_only,dailydilemmas,2,5,0.4,-0.693025151606699,1.0,-0.6447133923943393,0.04831175921235964,0.6
0.05,1.0,0.02,R_6E6esO9YjIptSgZ,choice_only,dailydilemmas,3,5,0.4,-0.693228696324342,0.4,-0.6870833082646364,0.006145388059705659,0.0
0.05,1.0,0.02,R_1MCxQvFXsgFj9AZ,choice_only,dailydilemmas,0,4,0.0,-0.6941318405634145,0.5,-0.7124398208359541,-0.01830798027253966,0.5
0.05,1.0,0.02,R_1MCxQvFXsgFj9AZ,choice_only,dailydilemmas,1,4,0.75,-0.6930678237544948,0.5,-0.6862570048935281,0.006810818860966683,-0.25
0.05,1.0,0.02,R_1MCxQvFXsgFj9AZ,choice_only,dailydilemmas,2,4,0.25,-0.6935068931572397,0.25,-0.7521454362139278,-0.05863854305668814,0.0
0.05,1.0,0.02,R_1MCxQvFXsgFj9AZ,choice_only,dailydilemmas,3,4,0.25,-0.6936224990050501,0.25,-0.7175711700858988,-0.023948671080848638,0.0
0.05,1.0,0.02,R_1MCxQvFXsgFj9AZ,choice_only,dailydilemmas,4,4,0.75,-0.6930774068097307,0.5,-0.6906203734669647,0.002457033342766035,-0.25
0.05,1.0,0.02,R_3JfmC4gRU1JpbNv,choice_only,dailydilemmas,0,4,0.75,-0.691414093721901,0.75,-0.5835649645602115,0.10784912916168954,0.0
0.05,1.0,0.02,R_3JfmC4gRU1JpbNv,choice_only,dailydilemmas,1,4,1.0,-0.6911231568843574,1.0,-0.5451955575526863,0.1459275993316711,0.0
0.05,1.0,0.02,R_3JfmC4gRU1JpbNv,choice_only,dailydilemmas,2,4,0.5,-0.6937110318112766,0.5,-0.7168610759186562,-0.02315004410737964,0.0
0.05,1.0,0.02,R_3JfmC4gRU1JpbNv,choice_only,dailydilemmas,3,4,0.5,-0.6933484607438867,0.5,-0.6683160778098595,0.02503238293402721,0.0
0.05,1.0,0.02,R_3JfmC4gRU1JpbNv,choice_only,dailydilemmas,4,4,1.0,-0.691460935575063,1.0,-0.5597013328433629,0.13175960273170018,0.0
0.05,1.0,0.02,R_7QGHM1iZnW1jfRx,choice_only,dailydilemmas,0,4,0.5,-0.6933461948959684,0.5,-0.6948283927692911,-0.0014821978733227104,0.0
0.05,1.0,0.02,R_7QGHM1iZnW1jfRx,choice_only,dailydilemmas,1,4,0.5,-0.6933979723363053,0.5,-0.7209386001075477,-0.027540627771242443,0.0
0.05,1.0,0.02,R_7QGHM1iZnW1jfRx,choice_only,dailydilemmas,2,4,0.5,-0.692723397096704,0.25,-0.7037469315006161,-0.011023534403912016,-0.25
0.05,1.0,0.02,R_7QGHM1iZnW1jfRx,choice_only,dailydilemmas,3,4,0.75,-0.693106248193503,0.75,-0.6771035103274408,0.01600273786606221,0.0
0.05,1.0,0.02,R_7QGHM1iZnW1jfRx,choice_only,dailydilemmas,4,4,0.25,-0.6938567634717323,0.25,-0.7315161765973378,-0.0376594131256055,0.0
0.05,1.0,0.02,R_6rBDZvDRiktj92h,choice_only,dailydilemmas,0,4,0.75,-0.6919508583886247,0.5,-0.6576226122615974,0.03432824612702734,-0.25
0.05,1.0,0.02,R_6rBDZvDRiktj92h,choice_only,dailydilemmas,1,4,0.5,-0.6920848654673555,0.5,-0.6340945475415577,0.057990317925797785,0.0
0.05,1.0,0.02,R_6rBDZvDRiktj92h,choice_only,dailydilemmas,2,4,0.75,-0.6926821806338346,0.75,-0.6894457847696365,0.003236395864198105,0.0
0.05,1.0,0.02,R_6rBDZvDRiktj92h,choice_only,dailydilemmas,3,4,0.5,-0.6925047484490472,0.5,-0.6904190397927643,0.002085708656282881,0.0
0.05,1.0,0.02,R_6rBDZvDRiktj92h,choice_only,dailydilemmas,4,4,0.5,-0.6936433799394314,0.5,-0.7484311058612259,-0.05478772592179448,0.0
0.05,1.0,0.02,R_7DZXdu8GHiSZQbw,choice_only,dailydilemmas,0,5,0.8,-0.6915098669160649,0.8,-0.5863664282285799,0.10514343868748499,0.0
0.05,1.0,0.02,R_7DZXdu8GHiSZQbw,choice_only,dailydilemmas,1,5,0.6,-0.690806185488559,0.6,-0.5610037277517576,0.12980245773680144,0.0
0.05,1.0,0.02,R_7DZXdu8GHiSZQbw,choice_only,dailydilemmas,2,5,0.8,-0.6908536245536288,0.8,-0.5441739976727319,0.14667962688089686,0.0
0.05,1.0,0.02,R_7DZXdu8GHiSZQbw,choice_only,dailydilemmas,3,5,0.8,-0.6915137653328134,0.8,-0.6070427638433438,0.08447100148946962,0.0
0.05,1.0,0.02,R_3wNdGb7QZmozWdV,inference_affirm,dailydilemmas,0,4,0.75,-0.6925585495452946,0.5,-0.6751715750495698,0.017386974495724794,-0.25
0.05,1.0,0.02,R_3wNdGb7QZmozWdV,inference_affirm,dailydilemmas,1,4,0.5,-0.692981251064235,0.5,-0.6984690831991702,-0.0054878321349352,0.0
0.05,1.0,0.02,R_3wNdGb7QZmozWdV,inference_affirm,dailydilemmas,2,4,0.25,-0.693020012554981,0.25,-0.7119467491247897,-0.0189267365698087,0.0
0.05,1.0,0.02,R_3wNdGb7QZmozWdV,inference_affirm,dailydilemmas,3,4,1.0,-0.6923061806371242,0.75,-0.6586307317630492,0.03367544887407503,-0.25
0.05,1.0,0.02,R_3wNdGb7QZmozWdV,inference_affirm,dailydilemmas,4,4,0.75,-0.6922461602262034,0.75,-0.6509769542431701,0.0412692059830333,0.0
0.05,1.0,0.02,R_54BDOExpKqNLP7U,choice_only,dailydilemmas,0,5,1.0,-0.690222392201228,1.0,-0.48126444010797814,0.2089579520932499,0.0
0.05,1.0,0.02,R_54BDOExpKqNLP7U,choice_only,dailydilemmas,1,5,0.8,-0.6912457920133276,1.0,-0.5455707397582685,0.14567505225505906,0.19999999999999996
0.05,1.0,0.02,R_54BDOExpKqNLP7U,choice_only,dailydilemmas,2,5,0.6,-0.6923603456842805,0.6,-0.6535029266555555,0.03885741902872497,0.0
0.05,1.0,0.02,R_54BDOExpKqNLP7U,choice_only,dailydilemmas,3,5,0.8,-0.6900271794005838,1.0,-0.45526903526251045,0.23475814413807333,0.19999999999999996
0.05,1.0,0.02,R_7FP7x1oOPEhKFnt,choice_only,dailydilemmas,0,4,1.0,-0.6919280667454282,1.0,-0.56693140574824,0.1249966609971882,0.0
0.05,1.0,0.02,R_7FP7x1oOPEhKFnt,choice_only,dailydilemmas,1,4,0.5,-0.6928210627175507,1.0,-0.6376487734914849,0.055172289226065874,0.5
0.05,1.0,0.02,R_7FP7x1oOPEhKFnt,choice_only,dailydilemmas,2,4,1.0,-0.6925045821357162,0.75,-0.6363857154031342,0.05611886673258204,-0.25
0.05,1.0,0.02,R_7FP7x1oOPEhKFnt,choice_only,dailydilemmas,3,4,0.75,-0.6929586161800017,0.75,-0.6989295939911883,-0.005970977811186606,0.0
0.05,1.0,0.02,R_7FP7x1oOPEhKFnt,choice_only,dailydilemmas,4,4,0.75,-0.6921518574026817,0.5,-0.6311519486558198,0.0609999087468619,-0.25
0.05,1.0,0.02,R_3RlcXTweCHzrYtz,choice_only,dailydilemmas,0,4,0.75,-0.692169622767719,0.75,-0.6155333313118719,0.07663629145584705,0.0
0.05,1.0,0.02,R_3RlcXTweCHzrYtz,choice_only,dailydilemmas,1,4,0.5,-0.6921245155651763,0.5,-0.6342384516509667,0.057886063914209585,0.0
0.05,1.0,0.02,R_3RlcXTweCHzrYtz,choice_only,dailydilemmas,2,4,0.25,-0.6934837659178836,0.5,-0.7216831147169033,-0.02819934879901964,0.25
0.05,1.0,0.02,R_3RlcXTweCHzrYtz,choice_only,dailydilemmas,3,4,0.5,-0.6932357233524356,0.5,-0.7100179709255303,-0.016782247573094766,0.0
0.05,1.0,0.02,R_3RlcXTweCHzrYtz,choice_only,dailydilemmas,4,4,0.75,-0.6924225385240101,0.75,-0.6077533487113486,0.08466918981266158,0.0
0.05,1.0,0.02,R_64MjAxTXtmHjKMx,choice_only,dailydilemmas,0,4,0.5,-0.6926941351033684,0.5,-0.6521466147298527,0.04054752037351572,0.0
0.05,1.0,0.02,R_64MjAxTXtmHjKMx,choice_only,dailydilemmas,1,4,0.25,-0.6940710556215365,0.25,-0.676927110671755,0.017143944949781442,0.0
0.05,1.0,0.02,R_64MjAxTXtmHjKMx,choice_only,dailydilemmas,2,4,0.25,-0.6938039134381895,0.25,-0.792382275499179,-0.09857836206098947,0.0
0.05,1.0,0.02,R_64MjAxTXtmHjKMx,choice_only,dailydilemmas,3,4,0.75,-0.6920861844549647,0.75,-0.5900790089224803,0.1020071755324844,0.0
0.05,1.0,0.02,R_64MjAxTXtmHjKMx,choice_only,dailydilemmas,4,4,1.0,-0.6918386995488164,1.0,-0.5532800152021845,0.13855868434663188,0.0
0.05,1.0,0.02,R_5B7Sbr53fSq1D3z,inference_affirm,dailydilemmas,0,4,1.0,-0.6924009679036246,0.75,-0.6459931825226498,0.046407785380974786,-0.25
0.05,1.0,0.02,R_5B7Sbr53fSq1D3z,inference_affirm,dailydilemmas,1,4,1.0,-0.6914967585051052,0.75,-0.5667696359081308,0.12472712259697438,-0.25
0.05,1.0,0.02,R_5B7Sbr53fSq1D3z,inference_affirm,dailydilemmas,2,4,0.5,-0.6916899171728221,0.5,-0.5976581861674645,0.09403173100535767,0.0
0.05,1.0,0.02,R_5B7Sbr53fSq1D3z,inference_affirm,dailydilemmas,3,4,0.5,-0.6925555829975424,0.5,-0.6435859347922237,0.04896964820531868,0.0
0.05,1.0,0.02,R_5B7Sbr53fSq1D3z,inference_affirm,dailydilemmas,4,4,0.5,-0.6934639971088424,0.25,-0.710683137077219,-0.01721913996837654,-0.25
0.05,1.0,0.02,R_7fTeTaHgGhgcqkN,inference_affirm,dailydilemmas,0,4,0.75,-0.6918140257887567,0.75,-0.5828938975268549,0.10892012826190178,0.0
0.05,1.0,0.02,R_7fTeTaHgGhgcqkN,inference_affirm,dailydilemmas,1,4,0.75,-0.6912834457678454,1.0,-0.5862670388691462,0.10501640689869918,0.25
0.05,1.0,0.02,R_7fTeTaHgGhgcqkN,inference_affirm,dailydilemmas,2,4,1.0,-0.6919592595083794,1.0,-0.5974148282866638,0.09454443122171563,0.0
0.05,1.0,0.02,R_7fTeTaHgGhgcqkN,inference_affirm,dailydilemmas,3,4,0.5,-0.6923729489017025,0.5,-0.6823042326712818,0.010068716230420716,0.0
0.05,1.0,0.02,R_7fTeTaHgGhgcqkN,inference_affirm,dailydilemmas,4,4,0.75,-0.6914575245591041,0.75,-0.6103355276328443,0.08112199692625988,0.0
0.05,1.0,0.02,R_12tlw5u4cVbNiP1,inference_affirm,dailydilemmas,0,4,0.75,-0.6916294137246326,0.75,-0.5894126174433759,0.10221679628125668,0.0
0.05,1.0,0.02,R_12tlw5u4cVbNiP1,inference_affirm,dailydilemmas,1,4,0.5,-0.6922729032778986,0.5,-0.6311876925378908,0.061085210740007834,0.0
0.05,1.0,0.02,R_12tlw5u4cVbNiP1,inference_affirm,dailydilemmas,2,4,1.0,-0.6913990748711327,1.0,-0.5561879166905925,0.1352111581805402,0.0
0.05,1.0,0.02,R_12tlw5u4cVbNiP1,inference_affirm,dailydilemmas,3,4,0.75,-0.6917636640252386,0.75,-0.5758578045128346,0.11590585951240395,0.0
0.05,1.0,0.02,R_12tlw5u4cVbNiP1,inference_affirm,dailydilemmas,4,4,0.75,-0.6918227014195795,1.0,-0.5995728706252655,0.09224983079431393,0.25
0.05,1.0,0.05,R_5EfMjMbx1z8Kvhl,inference_categories,dailydilemmas,0,4,0.75,-0.6923275991814979,0.75,-0.65307172129105,0.03925587789044793,0.0
0.05,1.0,0.05,R_5EfMjMbx1z8Kvhl,inference_categories,dailydilemmas,1,4,0.5,-0.692107728588651,0.75,-0.6271249502829641,0.06498277830568688,0.25
0.05,1.0,0.05,R_5EfMjMbx1z8Kvhl,inference_categories,dailydilemmas,2,4,0.5,-0.6930055898490717,0.5,-0.6723019876538372,0.020703602195234483,0.0
0.05,1.0,0.05,R_5EfMjMbx1z8Kvhl,inference_categories,dailydilemmas,3,4,0.75,-0.6921698893625947,1.0,-0.5964858923764602,0.0956839969861345,0.25
0.05,1.0,0.05,R_5EfMjMbx1z8Kvhl,inference_categories,dailydilemmas,4,4,0.5,-0.6916124977152831,0.75,-0.5781417836303715,0.1134707140849116,0.25
0.05,1.0,0.05,R_56aT1YjmRtKACUH,inference_categories,dailydilemmas,0,4,0.75,-0.6928161057074206,0.75,-0.6637869834279833,0.029029122279437325,0.0
0.05,1.0,0.05,R_56aT1YjmRtKACUH,inference_categories,dailydilemmas,1,4,0.25,-0.6937101957354634,0.5,-0.7401772199937307,-0.04646702425826721,0.25
0.05,1.0,0.05,R_56aT1YjmRtKACUH,inference_categories,dailydilemmas,2,4,0.75,-0.6924772749383264,0.75,-0.6572582186122171,0.03521905632610933,0.0
0.05,1.0,0.05,R_56aT1YjmRtKACUH,inference_categories,dailydilemmas,3,4,0.75,-0.692553249130433,0.75,-0.6590705640225955,0.033482685107837584,0.0
0.05,1.0,0.05,R_56aT1YjmRtKACUH,inference_categories,dailydilemmas,4,4,0.5,-0.6927715965415814,0.5,-0.688274534061456,0.00449706248012538,0.0
0.05,1.0,0.05,R_3HS2lsaEfcZSuXu,inference_categories,dailydilemmas,0,4,1.0,-0.6922145708976619,0.75,-0.6057135574148604,0.08650101348280148,-0.25
0.05,1.0,0.05,R_3HS2lsaEfcZSuXu,inference_categories,dailydilemmas,1,4,0.5,-0.6935194048429342,0.5,-0.7621422470402348,-0.06862284219730064,0.0
0.05,1.0,0.05,R_3HS2lsaEfcZSuXu,inference_categories,dailydilemmas,2,4,0.5,-0.6928434999593708,0.5,-0.699356681736238,-0.006513181776867216,0.0
0.05,1.0,0.05,R_3HS2lsaEfcZSuXu,inference_categories,dailydilemmas,3,4,0.5,-0.6925147737062834,0.75,-0.6191948831537346,0.07331989055254884,0.25
0.05,1.0,0.05,R_3HS2lsaEfcZSuXu,inference_categories,dailydilemmas,4,4,0.75,-0.6922641213528324,0.75,-0.6065163926843364,0.085747728668496,0.0
0.05,1.0,0.05,R_6HoVfVJSFl7IrlL,inference_categories,dailydilemmas,0,4,0.75,-0.6928992813204569,0.5,-0.6871992703247947,0.005700010995662197,-0.25
0.05,1.0,0.05,R_6HoVfVJSFl7IrlL,inference_categories,dailydilemmas,1,4,0.75,-0.692487035620315,0.75,-0.6033151197835248,0.08917191583679018,0.0
0.05,1.0,0.05,R_6HoVfVJSFl7IrlL,inference_categories,dailydilemmas,2,4,0.25,-0.6934830207785968,0.5,-0.734639629156484,-0.04115660837788715,0.25
0.05,1.0,0.05,R_6HoVfVJSFl7IrlL,inference_categories,dailydilemmas,3,4,0.75,-0.6924371284265671,1.0,-0.6284218039012658,0.06401532452530134,0.25
0.05,1.0,0.05,R_6HoVfVJSFl7IrlL,inference_categories,dailydilemmas,4,4,0.75,-0.691991702915315,0.75,-0.6075930471523441,0.0843986557629709,0.0
0.05,1.0,0.05,R_5Q5TZ5csoblHSvA,inference_categories,dailydilemmas,0,4,0.5,-0.6932046971065635,0.25,-0.7405975581306578,-0.047392861024094235,-0.25
0.05,1.0,0.05,R_5Q5TZ5csoblHSvA,inference_categories,dailydilemmas,1,4,0.75,-0.6933010362528886,0.5,-0.6860883780667365,0.007212658186152132,-0.25
0.05,1.0,0.05,R_5Q5TZ5csoblHSvA,inference_categories,dailydilemmas,2,4,0.5,-0.6925393726246563,0.75,-0.6686439651143667,0.023895407510289512,0.25
0.05,1.0,0.05,R_5Q5TZ5csoblHSvA,inference_categories,dailydilemmas,3,4,0.25,-0.693672157233209,0.25,-0.7169137495282136,-0.023241592295004665,0.0
0.05,1.0,0.05,R_5Q5TZ5csoblHSvA,inference_categories,dailydilemmas,4,4,0.5,-0.6927479762012052,0.5,-0.6720288602558818,0.020719115945323385,0.0
0.05,1.0,0.05,R_18H831wJaDlPwgg,inference_categories,dailydilemmas,0,4,0.5,-0.6916147042699178,0.5,-0.6624310654313342,0.029183638838583548,0.0
0.05,1.0,0.05,R_18H831wJaDlPwgg,inference_categories,dailydilemmas,1,4,1.0,-0.6899870586634695,1.0,-0.5418940788622977,0.14809297980117186,0.0
0.05,1.0,0.05,R_18H831wJaDlPwgg,inference_categories,dailydilemmas,2,4,0.25,-0.6917238616310285,0.75,-0.5887901132089732,0.10293374842205527,0.5
0.05,1.0,0.05,R_18H831wJaDlPwgg,inference_categories,dailydilemmas,3,4,1.0,-0.6891156439819446,1.0,-0.4632481321012173,0.2258675118807273,0.0
0.05,1.0,0.05,R_18H831wJaDlPwgg,inference_categories,dailydilemmas,4,4,0.75,-0.6902118746874193,1.0,-0.5009435078649942,0.1892683668224251,0.25
0.05,1.0,0.05,R_12mMAseFwoOpgqC,inference_categories,dailydilemmas,0,4,0.75,-0.6923560192102111,0.5,-0.6427239504923864,0.04963206871782466,-0.25
0.05,1.0,0.05,R_12mMAseFwoOpgqC,inference_categories,dailydilemmas,1,4,0.5,-0.692708683905009,0.5,-0.6443820906124829,0.04832659329252609,0.0
0.05,1.0,0.05,R_12mMAseFwoOpgqC,inference_categories,dailydilemmas,2,4,0.5,-0.6938594465566419,0.5,-0.7270396612586346,-0.03318021470199273,0.0
0.05,1.0,0.05,R_12mMAseFwoOpgqC,inference_categories,dailydilemmas,3,4,0.25,-0.693157141606494,0.5,-0.6880023230979367,0.005154818508557257,0.25
0.05,1.0,0.05,R_12mMAseFwoOpgqC,inference_categories,dailydilemmas,4,4,0.75,-0.6923894076906529,0.5,-0.6357248139467444,0.05666459374390853,-0.25
0.05,1.0,0.05,R_7ojvA7NDI10RoKR,inference_categories,dailydilemmas,0,5,0.6,-0.6920068818772697,0.6,-0.6180451221480738,0.07396175972919583,0.0
0.05,1.0,0.05,R_7ojvA7NDI10RoKR,inference_categories,dailydilemmas,1,5,0.8,-0.6917348847637751,0.8,-0.5882374901231859,0.10349739464058916,0.0
0.05,1.0,0.05,R_7ojvA7NDI10RoKR,inference_categories,dailydilemmas,2,5,0.8,-0.6916545545853191,0.8,-0.6157347460495666,0.07591980853575253,0.0
0.05,1.0,0.05,R_7ojvA7NDI10RoKR,inference_categories,dailydilemmas,3,5,1.0,-0.6917046586626592,1.0,-0.555895806053288,0.13580885260937114,0.0
0.05,1.0,0.05,R_5gbXjT8uFYXCo7E,inference_categories,dailydilemmas,0,4,0.25,-0.694026868559669,0.25,-0.7862281309847862,-0.09220126242511717,0.0
0.05,1.0,0.05,R_5gbXjT8uFYXCo7E,inference_categories,dailydilemmas,1,4,0.5,-0.6930937564136729,0.5,-0.7040032813658776,-0.010909524952204763,0.0
0.05,1.0,0.05,R_5gbXjT8uFYXCo7E,inference_categories,dailydilemmas,2,4,0.5,-0.6928904338246693,0.5,-0.6762492627870696,0.016641171037599656,0.0
0.05,1.0,0.05,R_5gbXjT8uFYXCo7E,inference_categories,dailydilemmas,3,4,0.75,-0.6928488703434292,0.75,-0.6628184670460003,0.030030403297428898,0.0
0.05,1.0,0.05,R_5gbXjT8uFYXCo7E,inference_categories,dailydilemmas,4,4,0.75,-0.6923363356652761,0.75,-0.6780825583799077,0.014253777285368363,0.0
0.05,1.0,0.05,R_7f9o7q4AZOoP4ot,inference_categories,dailydilemmas,0,4,0.5,-0.6928590408729023,0.5,-0.6970956813806153,-0.0042366405077129965,0.0
0.05,1.0,0.05,R_7f9o7q4AZOoP4ot,inference_categories,dailydilemmas,1,4,0.25,-0.6940582712554482,0.25,-0.7629352198696275,-0.06887694861417937,0.0
0.05,1.0,0.05,R_7f9o7q4AZOoP4ot,inference_categories,dailydilemmas,2,4,0.25,-0.6938234561373877,0.0,-0.7337100740810303,-0.039886617943642566,-0.25
0.05,1.0,0.05,R_7f9o7q4AZOoP4ot,inference_categories,dailydilemmas,3,4,0.5,-0.6930868562810306,0.25,-0.738260526394624,-0.04517367011359341,-0.25
0.05,1.0,0.05,R_7f9o7q4AZOoP4ot,inference_categories,dailydilemmas,4,4,0.25,-0.6937483224132927,0.25,-0.7770969546052238,-0.08334863219193112,0.0
0.05,1.0,0.05,R_1WHYlcDjJDcnUfD,inference_categories,dailydilemmas,0,4,0.25,-0.6936107817399355,0.5,-0.7098066631073433,-0.016195881367407794,0.25
0.05,1.0,0.05,R_1WHYlcDjJDcnUfD,inference_categories,dailydilemmas,1,4,0.75,-0.6927597897553112,0.75,-0.6721022240643589,0.02065756569095223,0.0
0.05,1.0,0.05,R_1WHYlcDjJDcnUfD,inference_categories,dailydilemmas,2,4,0.5,-0.692882790314926,0.75,-0.6842560807161635,0.008626709598762439,0.25
0.05,1.0,0.05,R_1WHYlcDjJDcnUfD,inference_categories,dailydilemmas,3,4,0.5,-0.6933126230141359,0.25,-0.739428561744031,-0.04611593872989517,-0.25
0.05,1.0,0.05,R_1WHYlcDjJDcnUfD,inference_categories,dailydilemmas,4,4,0.5,-0.6933165620073277,0.75,-0.6981045667450927,-0.004788004737764973,0.25
0.05,1.0,0.05,R_6Q0gBjey6IdfZpf,inference_categories,dailydilemmas,0,4,0.75,-0.6921669564928575,0.75,-0.6108995045968602,0.08126745189599738,0.0
0.05,1.0,0.05,R_6Q0gBjey6IdfZpf,inference_categories,dailydilemmas,1,4,1.0,-0.6919515344248186,1.0,-0.6021562293112209,0.08979530511359768,0.0
0.05,1.0,0.05,R_6Q0gBjey6IdfZpf,inference_categories,dailydilemmas,2,4,0.75,-0.6922742370254034,0.75,-0.6084383551523478,0.08383588187305557,0.0
0.05,1.0,0.05,R_6Q0gBjey6IdfZpf,inference_categories,dailydilemmas,3,4,0.75,-0.6922809472749593,0.75,-0.6366686644778923,0.05561228279706698,0.0
0.05,1.0,0.05,R_6Q0gBjey6IdfZpf,inference_categories,dailydilemmas,4,4,0.5,-0.6923239171830518,0.5,-0.6049755982373834,0.0873483189456683,0.0
0.05,1.0,0.05,R_1wzohnjOPhN82Wd,inference_categories,dailydilemmas,0,4,0.75,-0.6912657817430935,0.75,-0.6196963247754499,0.07156945696764361,0.0
0.05,1.0,0.05,R_1wzohnjOPhN82Wd,inference_categories,dailydilemmas,1,4,0.75,-0.6910091198303364,0.75,-0.6014973340726846,0.08951178575765184,0.0
0.05,1.0,0.05,R_1wzohnjOPhN82Wd,inference_categories,dailydilemmas,2,4,0.75,-0.6916135310151922,0.75,-0.5758989193236279,0.11571461169156427,0.0
0.05,1.0,0.05,R_1wzohnjOPhN82Wd,inference_categories,dailydilemmas,3,4,0.75,-0.6912827721934094,1.0,-0.5909070811720594,0.10037569102135002,0.25
0.05,1.0,0.05,R_1wzohnjOPhN82Wd,inference_categories,dailydilemmas,4,4,0.25,-0.6945114868894781,0.25,-0.7662465208510281,-0.07173503396155001,0.0
0.05,1.0,0.05,R_70kbQcqJL4Tkq6B,inference_categories,dailydilemmas,0,4,0.5,-0.693099326816225,0.5,-0.7465126933568816,-0.05341336654065665,0.0
0.05,1.0,0.05,R_70kbQcqJL4Tkq6B,inference_categories,dailydilemmas,1,4,0.5,-0.6935456776381743,0.5,-0.7164798019629526,-0.02293412432477826,0.0
0.05,1.0,0.05,R_70kbQcqJL4Tkq6B,inference_categories,dailydilemmas,2,4,1.0,-0.6903881142268726,1.0,-0.5835879084496565,0.10680020577721616,0.0
0.05,1.0,0.05,R_70kbQcqJL4Tkq6B,inference_categories,dailydilemmas,3,4,0.75,-0.6910186881848221,0.75,-0.627927158979074,0.06309152920574812,0.0
0.05,1.0,0.05,R_70kbQcqJL4Tkq6B,inference_categories,dailydilemmas,4,4,0.75,-0.6910584094419714,0.75,-0.5806674194379676,0.11039099000400376,0.0
0.05,1.0,0.05,R_6rftRMhNP0o6boD,inference_categories,dailydilemmas,0,4,0.25,-0.6927920742765155,0.25,-0.6799432154888911,0.012848858787624318,0.0
0.05,1.0,0.05,R_6rftRMhNP0o6boD,inference_categories,dailydilemmas,1,4,0.5,-0.6924913932327733,0.5,-0.6825921458233428,0.00989924740943049,0.0
0.05,1.0,0.05,R_6rftRMhNP0o6boD,inference_categories,dailydilemmas,2,4,0.75,-0.6930215747126403,0.5,-0.7361924386062111,-0.04317086389357083,-0.25
0.05,1.0,0.05,R_6rftRMhNP0o6boD,inference_categories,dailydilemmas,3,4,0.75,-0.6913539511353748,0.75,-0.6167106038343845,0.07464334730099031,0.0
0.05,1.0,0.05,R_6rftRMhNP0o6boD,inference_categories,dailydilemmas,4,4,1.0,-0.6911317756524363,1.0,-0.621615266966164,0.06951650868627235,0.0
0.05,1.0,0.05,R_6jv2PrGBJcO4of6,inference_categories,dailydilemmas,0,4,1.0,-0.6913708595536875,1.0,-0.5211054598400627,0.17026539971362475,0.0
0.05,1.0,0.05,R_6jv2PrGBJcO4of6,inference_categories,dailydilemmas,1,4,0.75,-0.6912995160513344,1.0,-0.5895298253694006,0.10176969068193387,0.25
0.05,1.0,0.05,R_6jv2PrGBJcO4of6,inference_categories,dailydilemmas,2,4,0.5,-0.6926591280607736,0.5,-0.6740631465706772,0.018595981490096336,0.0
0.05,1.0,0.05,R_6jv2PrGBJcO4of6,inference_categories,dailydilemmas,3,4,0.75,-0.6920955861097676,0.75,-0.6195425936148506,0.07255299249491698,0.0
0.05,1.0,0.05,R_6jv2PrGBJcO4of6,inference_categories,dailydilemmas,4,4,0.5,-0.6944162521312823,0.5,-0.8198999217419017,-0.1254836696106194,0.0
0.05,1.0,0.05,R_1dHqTtKKq3yQvmX,inference_categories,dailydilemmas,0,4,0.75,-0.6901793664806752,0.75,-0.5459281637346062,0.14425120274606906,0.0
0.05,1.0,0.05,R_1dHqTtKKq3yQvmX,inference_categories,dailydilemmas,1,4,0.5,-0.6905398035230048,0.5,-0.5928714796867199,0.09766832383628488,0.0
0.05,1.0,0.05,R_1dHqTtKKq3yQvmX,inference_categories,dailydilemmas,2,4,0.75,-0.6916850396000928,0.75,-0.5990477731573067,0.09263726644278603,0.0
0.05,1.0,0.05,R_1dHqTtKKq3yQvmX,inference_categories,dailydilemmas,3,4,0.75,-0.6917166981820564,0.75,-0.6396292115559179,0.05208748662613849,0.0
0.05,1.0,0.05,R_1dHqTtKKq3yQvmX,inference_categories,dailydilemmas,4,4,0.75,-0.6905830384527758,0.75,-0.5254033641356424,0.16517967431713343,0.0
0.05,1.0,0.05,R_1P81VK8fH860C4V,inference_categories,dailydilemmas,0,4,1.0,-0.6920433577900249,1.0,-0.5994298945351972,0.09261346325482767,0.0
0.05,1.0,0.05,R_1P81VK8fH860C4V,inference_categories,dailydilemmas,1,4,1.0,-0.6919164570325738,1.0,-0.5141003760790718,0.177816080953502,0.0
0.05,1.0,0.05,R_1P81VK8fH860C4V,inference_categories,dailydilemmas,2,4,0.75,-0.6928577825296892,0.75,-0.6056668863252465,0.08719089620444276,0.0
0.05,1.0,0.05,R_1P81VK8fH860C4V,inference_categories,dailydilemmas,3,4,0.25,-0.6932254130917721,0.5,-0.6889887891269967,0.004236623964775421,0.25
0.05,1.0,0.05,R_1P81VK8fH860C4V,inference_categories,dailydilemmas,4,4,1.0,-0.6913179800919581,1.0,-0.5210671755877551,0.17025080450420305,0.0
0.05,1.0,0.05,R_7go085j249AymBb,inference_categories,dailydilemmas,0,4,0.5,-0.6920457681275483,0.5,-0.6178653926720103,0.0741803754555379,0.0
0.05,1.0,0.05,R_7go085j249AymBb,inference_categories,dailydilemmas,1,4,0.75,-0.6918687893093179,0.75,-0.59329504041934,0.09857374888997794,0.0
0.05,1.0,0.05,R_7go085j249AymBb,inference_categories,dailydilemmas,2,4,0.75,-0.6916919699910548,1.0,-0.5721828488706131,0.11950912112044165,0.25
0.05,1.0,0.05,R_7go085j249AymBb,inference_categories,dailydilemmas,3,4,0.75,-0.6921476975615788,0.75,-0.6131800282799867,0.07896766928159205,0.0
0.05,1.0,0.05,R_7go085j249AymBb,inference_categories,dailydilemmas,4,4,0.5,-0.6933859969559947,0.5,-0.7197585142227978,-0.02637251726680312,0.0
0.05,1.0,0.05,R_6xzSCFMWRhzZIRg,inference_categories,dailydilemmas,0,4,0.25,-0.6927821561848767,0.25,-0.6721547541691066,0.02062740201577007,0.0
0.05,1.0,0.05,R_6xzSCFMWRhzZIRg,inference_categories,dailydilemmas,1,4,0.75,-0.6925641341245401,0.75,-0.6464450990298949,0.04611903509464521,0.0
0.05,1.0,0.05,R_6xzSCFMWRhzZIRg,inference_categories,dailydilemmas,2,4,0.75,-0.6928042560852457,0.75,-0.6467537369086394,0.0460505191766063,0.0
0.05,1.0,0.05,R_6xzSCFMWRhzZIRg,inference_categories,dailydilemmas,3,4,1.0,-0.6921312027011314,1.0,-0.5984412099460777,0.09368999275505363,0.0
0.05,1.0,0.05,R_6xzSCFMWRhzZIRg,inference_categories,dailydilemmas,4,4,0.75,-0.6925934243944709,0.75,-0.6579304854949998,0.03466293889947114,0.0
0.05,1.0,0.05,R_5EychZPB1u00qZH,inference_categories,dailydilemmas,0,4,1.0,-0.6915691978027982,0.75,-0.5492126521163443,0.14235654568645395,-0.25
0.05,1.0,0.05,R_5EychZPB1u00qZH,inference_categories,dailydilemmas,1,4,0.5,-0.6922579912654148,0.5,-0.629087685337578,0.06317030592783679,0.0
0.05,1.0,0.05,R_5EychZPB1u00qZH,inference_categories,dailydilemmas,2,4,1.0,-0.6920351292436367,1.0,-0.5854322596711516,0.1066028695724851,0.0
0.05,1.0,0.05,R_5EychZPB1u00qZH,inference_categories,dailydilemmas,3,4,1.0,-0.6918581079995139,0.75,-0.5557120446579842,0.13614606334152968,-0.25
0.05,1.0,0.05,R_5EychZPB1u00qZH,inference_categories,dailydilemmas,4,4,0.25,-0.693113923592781,0.25,-0.739307109898534,-0.046193186305752976,0.0
0.05,1.0,0.05,R_59glCvaBnt5WTU6,inference_categories,dailydilemmas,0,4,0.5,-0.6934585289871318,0.5,-0.7081019927080274,-0.014643463720895644,0.0
0.05,1.0,0.05,R_59glCvaBnt5WTU6,inference_categories,dailydilemmas,1,4,0.75,-0.6924249223884483,0.75,-0.6041871959315613,0.08823772645688699,0.0
0.05,1.0,0.05,R_59glCvaBnt5WTU6,inference_categories,dailydilemmas,2,4,0.75,-0.6921256744126439,1.0,-0.5915590734932892,0.10056660091935476,0.25
0.05,1.0,0.05,R_59glCvaBnt5WTU6,inference_categories,dailydilemmas,3,4,0.75,-0.6923140677501498,0.75,-0.6186156887990237,0.07369837895112608,0.0
0.05,1.0,0.05,R_59glCvaBnt5WTU6,inference_categories,dailydilemmas,4,4,0.75,-0.6924660984930848,0.75,-0.6469878497128353,0.04547824878024953,0.0
0.05,1.0,0.05,R_1nBL27EvLs0Bkk4,inference_categories,dailydilemmas,0,4,0.5,-0.6925040934732599,0.5,-0.6294506739804244,0.0630534194928355,0.0
0.05,1.0,0.05,R_1nBL27EvLs0Bkk4,inference_categories,dailydilemmas,1,4,0.25,-0.693942222109138,0.75,-0.7712615644949464,-0.0773193423858084,0.5
0.05,1.0,0.05,R_1nBL27EvLs0Bkk4,inference_categories,dailydilemmas,2,4,0.75,-0.6912821629528922,0.75,-0.5953733617764867,0.09590880117640554,0.0
0.05,1.0,0.05,R_1nBL27EvLs0Bkk4,inference_categories,dailydilemmas,3,4,0.5,-0.6924616239598635,0.75,-0.6518470719342837,0.04061455202557984,0.25
0.05,1.0,0.05,R_1nBL27EvLs0Bkk4,inference_categories,dailydilemmas,4,4,1.0,-0.6911718043804796,1.0,-0.557156142645032,0.13401566173544766,0.0
0.05,1.0,0.05,R_6FsUQnzEYAQwtwa,inference_categories,dailydilemmas,0,4,0.75,-0.6927384253042169,0.75,-0.6558895190729331,0.036848906231283785,0.0
0.05,1.0,0.05,R_6FsUQnzEYAQwtwa,inference_categories,dailydilemmas,1,4,0.5,-0.6927163458859349,0.5,-0.6839814805736087,0.008734865312326145,0.0
0.05,1.0,0.05,R_6FsUQnzEYAQwtwa,inference_categories,dailydilemmas,2,4,0.5,-0.6932754640605925,0.75,-0.6705434954754795,0.02273196858511295,0.25
0.05,1.0,0.05,R_6FsUQnzEYAQwtwa,inference_categories,dailydilemmas,3,4,0.75,-0.6926125292192916,0.75,-0.6888712981599387,0.0037412310593528675,0.0
0.05,1.0,0.05,R_6FsUQnzEYAQwtwa,inference_categories,dailydilemmas,4,4,0.75,-0.6926171705827615,0.5,-0.647218996748273,0.04539817383448852,-0.25
0.05,1.0,0.05,R_5pX1jjp1Yu1RSN7,inference_categories,dailydilemmas,0,4,1.0,-0.6916563926178843,1.0,-0.5732793263018631,0.11837706631602118,0.0
0.05,1.0,0.05,R_5pX1jjp1Yu1RSN7,inference_categories,dailydilemmas,1,4,0.75,-0.6913416045752215,0.75,-0.5736164289378021,0.11772517563741947,0.0
0.05,1.0,0.05,R_5pX1jjp1Yu1RSN7,inference_categories,dailydilemmas,2,4,0.75,-0.6917451406050665,0.75,-0.5738286625440165,0.11791647806104999,0.0
0.05,1.0,0.05,R_5pX1jjp1Yu1RSN7,inference_categories,dailydilemmas,3,4,0.75,-0.6915415809271314,0.75,-0.6107025147040457,0.08083906622308568,0.0
0.05,1.0,0.05,R_5pX1jjp1Yu1RSN7,inference_categories,dailydilemmas,4,4,0.25,-0.6954732529707177,0.25,-0.8576728098447681,-0.1621995568740504,0.0
0.05,1.0,0.05,R_5DY1mtPtJpWz8WC,inference_categories,dailydilemmas,0,5,1.0,-0.6901900358599771,1.0,-0.43804373390215945,0.2521463019578176,0.0
0.05,1.0,0.05,R_5DY1mtPtJpWz8WC,inference_categories,dailydilemmas,1,5,0.6,-0.6912324351004475,0.8,-0.5458538133319915,0.14537862176845606,0.20000000000000007
0.05,1.0,0.05,R_5DY1mtPtJpWz8WC,inference_categories,dailydilemmas,2,5,0.8,-0.691829432035987,0.8,-0.5871323768994579,0.10469705513652916,0.0
0.05,1.0,0.05,R_5DY1mtPtJpWz8WC,inference_categories,dailydilemmas,3,5,0.6,-0.6903303706504949,0.6,-0.5004941274500033,0.18983624320049153,0.0
0.05,1.0,0.05,R_1PN3SGDWOMibPAh,inference_categories,dailydilemmas,0,4,0.75,-0.6919509454770811,1.0,-0.5908670928640303,0.10108385261305086,0.25
0.05,1.0,0.05,R_1PN3SGDWOMibPAh,inference_categories,dailydilemmas,1,4,0.5,-0.693423134032705,0.5,-0.7486897327000053,-0.055266598667300326,0.0
0.05,1.0,0.05,R_1PN3SGDWOMibPAh,inference_categories,dailydilemmas,2,4,0.5,-0.692956189895669,0.75,-0.6577816269446551,0.035174562951013844,0.25
0.05,1.0,0.05,R_1PN3SGDWOMibPAh,inference_categories,dailydilemmas,3,4,0.5,-0.6922843616630568,0.5,-0.6436386404696641,0.04864572119339272,0.0
0.05,1.0,0.05,R_1PN3SGDWOMibPAh,inference_categories,dailydilemmas,4,4,1.0,-0.6918221546867992,1.0,-0.608948203149343,0.08287395153745625,0.0
0.05,1.0,0.05,R_3SrBXsc2uYrsSZz,inference_categories,dailydilemmas,0,4,0.5,-0.6921819867098238,0.75,-0.6288839303833847,0.06329805632643903,0.25
0.05,1.0,0.05,R_3SrBXsc2uYrsSZz,inference_categories,dailydilemmas,1,4,0.75,-0.6927603848918005,0.5,-0.7054861521774954,-0.012725767285694967,-0.25
0.05,1.0,0.05,R_3SrBXsc2uYrsSZz,inference_categories,dailydilemmas,2,4,0.5,-0.6928712779217644,0.5,-0.7421168881130986,-0.04924561019133422,0.0
0.05,1.0,0.05,R_3SrBXsc2uYrsSZz,inference_categories,dailydilemmas,3,4,0.75,-0.6917737093762071,0.75,-0.5787065143503183,0.1130671950258888,0.0
0.05,1.0,0.05,R_3SrBXsc2uYrsSZz,inference_categories,dailydilemmas,4,4,1.0,-0.691789791299691,1.0,-0.5897654011406351,0.10202439015905584,0.0
0.05,1.0,0.05,R_7rNeEq8TvAxjqdL,inference_categories,dailydilemmas,0,4,0.75,-0.6911846470944386,0.75,-0.557762995377239,0.13342165171719966,0.0
0.05,1.0,0.05,R_7rNeEq8TvAxjqdL,inference_categories,dailydilemmas,1,4,0.75,-0.69164818192401,0.75,-0.5643212995320835,0.12732688239192647,0.0
0.05,1.0,0.05,R_7rNeEq8TvAxjqdL,inference_categories,dailydilemmas,2,4,1.0,-0.6907843678215682,1.0,-0.5217395933697292,0.16904477445183896,0.0
0.05,1.0,0.05,R_7rNeEq8TvAxjqdL,inference_categories,dailydilemmas,3,4,0.75,-0.6922579415528716,0.5,-0.6722011952280197,0.020056746324851882,-0.25
0.05,1.0,0.05,R_7rNeEq8TvAxjqdL,inference_categories,dailydilemmas,4,4,0.75,-0.6916794143622071,0.75,-0.586199406911668,0.10548000745053909,0.0
0.05,1.0,0.05,R_7QAkOtO6FETwKSv,inference_categories,dailydilemmas,0,4,0.5,-0.6935653153634046,0.5,-0.7648132889783539,-0.07124797361494928,0.0
0.05,1.0,0.05,R_7QAkOtO6FETwKSv,inference_categories,dailydilemmas,1,4,0.75,-0.6922413992091314,0.75,-0.6578588798763209,0.03438251933281056,0.0
0.05,1.0,0.05,R_7QAkOtO6FETwKSv,inference_categories,dailydilemmas,2,4,0.5,-0.6929267303893999,0.5,-0.7528548217585439,-0.05992809136914401,0.0
0.05,1.0,0.05,R_7QAkOtO6FETwKSv,inference_categories,dailydilemmas,3,4,1.0,-0.6920532080201354,0.5,-0.7012080548174049,-0.009154846797269522,-0.5
0.05,1.0,0.05,R_7QAkOtO6FETwKSv,inference_categories,dailydilemmas,4,4,0.5,-0.692874388257928,0.5,-0.7107628064321445,-0.01788841817421649,0.0
0.05,1.0,0.05,R_6gCrJV80LvD23XK,choice_only,dailydilemmas,0,4,0.5,-0.693771785100323,0.5,-0.7623043658938501,-0.06853258079352709,0.0
0.05,1.0,0.05,R_6gCrJV80LvD23XK,choice_only,dailydilemmas,1,4,1.0,-0.6920506137011905,1.0,-0.5697211733364957,0.12232944036469473,0.0
0.05,1.0,0.05,R_6gCrJV80LvD23XK,choice_only,dailydilemmas,2,4,0.75,-0.692272194395104,0.75,-0.6406146439800595,0.051657550415044495,0.0
0.05,1.0,0.05,R_6gCrJV80LvD23XK,choice_only,dailydilemmas,3,4,0.25,-0.6935722697383494,0.25,-0.7311366754598347,-0.03756440572148534,0.0
0.05,1.0,0.05,R_6gCrJV80LvD23XK,choice_only,dailydilemmas,4,4,0.5,-0.69288341392352,0.5,-0.6717138202882612,0.021169593635258832,0.0
0.05,1.0,0.05,R_7SrhV7HvgsG1fvA,choice_only,dailydilemmas,0,4,0.5,-0.6919869228690966,0.5,-0.6417624386169318,0.05022448425216475,0.0
0.05,1.0,0.05,R_7SrhV7HvgsG1fvA,choice_only,dailydilemmas,1,4,0.75,-0.6927850648558612,1.0,-0.6622367556811984,0.03054830917466278,0.25
0.05,1.0,0.05,R_7SrhV7HvgsG1fvA,choice_only,dailydilemmas,2,4,0.5,-0.6932548429514276,0.5,-0.7341229189156817,-0.040868075964254125,0.0
0.05,1.0,0.05,R_7SrhV7HvgsG1fvA,choice_only,dailydilemmas,3,4,0.75,-0.6925621208023383,1.0,-0.6488511870437993,0.04371093375853896,0.25
0.05,1.0,0.05,R_7SrhV7HvgsG1fvA,choice_only,dailydilemmas,4,4,0.0,-0.694777709820397,0.0,-0.8150445773756837,-0.1202668675552867,0.0
0.05,1.0,0.05,R_5aLcKnMSH0hrVLH,choice_only,dailydilemmas,0,4,1.0,-0.6923263146045625,1.0,-0.6038746553856295,0.08845165921893305,0.0
0.05,1.0,0.05,R_5aLcKnMSH0hrVLH,choice_only,dailydilemmas,1,4,1.0,-0.691702529524409,0.75,-0.6040561315310526,0.08764639799335638,-0.25
0.05,1.0,0.05,R_5aLcKnMSH0hrVLH,choice_only,dailydilemmas,2,4,0.75,-0.6924378717203983,0.5,-0.636056588269835,0.05638128345056326,-0.25
0.05,1.0,0.05,R_5aLcKnMSH0hrVLH,choice_only,dailydilemmas,3,4,1.0,-0.6922143155928429,1.0,-0.6562703667345263,0.03594394885831653,0.0
0.05,1.0,0.05,R_5aLcKnMSH0hrVLH,choice_only,dailydilemmas,4,4,0.5,-0.6935217086981267,0.5,-0.7644273510255217,-0.07090564232739505,0.0
0.05,1.0,0.05,R_6E6esO9YjIptSgZ,choice_only,dailydilemmas,0,5,0.4,-0.6933243109022651,0.4,-0.7054602416980122,-0.012135930795747152,0.0
0.05,1.0,0.05,R_6E6esO9YjIptSgZ,choice_only,dailydilemmas,1,5,0.4,-0.6935058840958112,0.4,-0.6820935462427143,0.01141233785309681,0.0
0.05,1.0,0.05,R_6E6esO9YjIptSgZ,choice_only,dailydilemmas,2,5,0.4,-0.693025151606699,1.0,-0.6447133923943393,0.04831175921235964,0.6
0.05,1.0,0.05,R_6E6esO9YjIptSgZ,choice_only,dailydilemmas,3,5,0.4,-0.693228696324342,0.4,-0.6870833082646364,0.006145388059705659,0.0
0.05,1.0,0.05,R_1MCxQvFXsgFj9AZ,choice_only,dailydilemmas,0,4,0.0,-0.6941318405634145,0.5,-0.7124398208359541,-0.01830798027253966,0.5
0.05,1.0,0.05,R_1MCxQvFXsgFj9AZ,choice_only,dailydilemmas,1,4,0.75,-0.6930678237544948,0.5,-0.6862570048935281,0.006810818860966683,-0.25
0.05,1.0,0.05,R_1MCxQvFXsgFj9AZ,choice_only,dailydilemmas,2,4,0.25,-0.6935068931572397,0.25,-0.7521454362139278,-0.05863854305668814,0.0
0.05,1.0,0.05,R_1MCxQvFXsgFj9AZ,choice_only,dailydilemmas,3,4,0.25,-0.6936224990050501,0.25,-0.7175711700858988,-0.023948671080848638,0.0
0.05,1.0,0.05,R_1MCxQvFXsgFj9AZ,choice_only,dailydilemmas,4,4,0.75,-0.6930774068097307,0.5,-0.6906203734669647,0.002457033342766035,-0.25
0.05,1.0,0.05,R_3JfmC4gRU1JpbNv,choice_only,dailydilemmas,0,4,0.75,-0.691414093721901,0.75,-0.5835649645602115,0.10784912916168954,0.0
0.05,1.0,0.05,R_3JfmC4gRU1JpbNv,choice_only,dailydilemmas,1,4,1.0,-0.6911231568843574,1.0,-0.5451955575526863,0.1459275993316711,0.0
0.05,1.0,0.05,R_3JfmC4gRU1JpbNv,choice_only,dailydilemmas,2,4,0.5,-0.6937110318112766,0.5,-0.7168610759186562,-0.02315004410737964,0.0
0.05,1.0,0.05,R_3JfmC4gRU1JpbNv,choice_only,dailydilemmas,3,4,0.5,-0.6933484607438867,0.5,-0.6683160778098595,0.02503238293402721,0.0
0.05,1.0,0.05,R_3JfmC4gRU1JpbNv,choice_only,dailydilemmas,4,4,1.0,-0.691460935575063,1.0,-0.5597013328433629,0.13175960273170018,0.0
0.05,1.0,0.05,R_7QGHM1iZnW1jfRx,choice_only,dailydilemmas,0,4,0.5,-0.6933461948959684,0.5,-0.6948283927692911,-0.0014821978733227104,0.0
0.05,1.0,0.05,R_7QGHM1iZnW1jfRx,choice_only,dailydilemmas,1,4,0.5,-0.6933979723363053,0.5,-0.7209386001075477,-0.027540627771242443,0.0
0.05,1.0,0.05,R_7QGHM1iZnW1jfRx,choice_only,dailydilemmas,2,4,0.5,-0.692723397096704,0.25,-0.7037469315006161,-0.011023534403912016,-0.25
0.05,1.0,0.05,R_7QGHM1iZnW1jfRx,choice_only,dailydilemmas,3,4,0.75,-0.693106248193503,0.75,-0.6771035103274408,0.01600273786606221,0.0
0.05,1.0,0.05,R_7QGHM1iZnW1jfRx,choice_only,dailydilemmas,4,4,0.25,-0.6938567634717323,0.25,-0.7315161765973378,-0.0376594131256055,0.0
0.05,1.0,0.05,R_6rBDZvDRiktj92h,choice_only,dailydilemmas,0,4,0.75,-0.6919508583886247,0.5,-0.6576226122615974,0.03432824612702734,-0.25
0.05,1.0,0.05,R_6rBDZvDRiktj92h,choice_only,dailydilemmas,1,4,0.5,-0.6920848654673555,0.5,-0.6340945475415577,0.057990317925797785,0.0
0.05,1.0,0.05,R_6rBDZvDRiktj92h,choice_only,dailydilemmas,2,4,0.75,-0.6926821806338346,0.75,-0.6894457847696365,0.003236395864198105,0.0
0.05,1.0,0.05,R_6rBDZvDRiktj92h,choice_only,dailydilemmas,3,4,0.5,-0.6925047484490472,0.5,-0.6904190397927643,0.002085708656282881,0.0
0.05,1.0,0.05,R_6rBDZvDRiktj92h,choice_only,dailydilemmas,4,4,0.5,-0.6936433799394314,0.5,-0.7484311058612259,-0.05478772592179448,0.0
0.05,1.0,0.05,R_7DZXdu8GHiSZQbw,choice_only,dailydilemmas,0,5,0.8,-0.6915098669160649,0.8,-0.5863664282285799,0.10514343868748499,0.0
0.05,1.0,0.05,R_7DZXdu8GHiSZQbw,choice_only,dailydilemmas,1,5,0.6,-0.690806185488559,0.6,-0.5610037277517576,0.12980245773680144,0.0
0.05,1.0,0.05,R_7DZXdu8GHiSZQbw,choice_only,dailydilemmas,2,5,0.8,-0.6908536245536288,0.8,-0.5441739976727319,0.14667962688089686,0.0
0.05,1.0,0.05,R_7DZXdu8GHiSZQbw,choice_only,dailydilemmas,3,5,0.8,-0.6915137653328134,0.8,-0.6070427638433438,0.08447100148946962,0.0
0.05,1.0,0.05,R_3wNdGb7QZmozWdV,inference_affirm,dailydilemmas,0,4,0.75,-0.6925585495452946,0.5,-0.6788564067010652,0.013702142844229437,-0.25
0.05,1.0,0.05,R_3wNdGb7QZmozWdV,inference_affirm,dailydilemmas,1,4,0.5,-0.692981251064235,0.5,-0.697771637999983,-0.004790386935747959,0.0
0.05,1.0,0.05,R_3wNdGb7QZmozWdV,inference_affirm,dailydilemmas,2,4,0.25,-0.693020012554981,0.25,-0.7158690868489679,-0.02284907429398686,0.0
0.05,1.0,0.05,R_3wNdGb7QZmozWdV,inference_affirm,dailydilemmas,3,4,1.0,-0.6923061806371242,0.75,-0.6568053292404364,0.035500851396687794,-0.25
0.05,1.0,0.05,R_3wNdGb7QZmozWdV,inference_affirm,dailydilemmas,4,4,0.75,-0.6922461602262034,0.5,-0.6505499639939614,0.04169619623224208,-0.25
0.05,1.0,0.05,R_54BDOExpKqNLP7U,choice_only,dailydilemmas,0,5,1.0,-0.690222392201228,1.0,-0.48126444010797814,0.2089579520932499,0.0
0.05,1.0,0.05,R_54BDOExpKqNLP7U,choice_only,dailydilemmas,1,5,0.8,-0.6912457920133276,1.0,-0.5455707397582685,0.14567505225505906,0.19999999999999996
0.05,1.0,0.05,R_54BDOExpKqNLP7U,choice_only,dailydilemmas,2,5,0.6,-0.6923603456842805,0.6,-0.6535029266555555,0.03885741902872497,0.0
0.05,1.0,0.05,R_54BDOExpKqNLP7U,choice_only,dailydilemmas,3,5,0.8,-0.6900271794005838,1.0,-0.45526903526251045,0.23475814413807333,0.19999999999999996
0.05,1.0,0.05,R_7FP7x1oOPEhKFnt,choice_only,dailydilemmas,0,4,1.0,-0.6919280667454282,1.0,-0.56693140574824,0.1249966609971882,0.0
0.05,1.0,0.05,R_7FP7x1oOPEhKFnt,choice_only,dailydilemmas,1,4,0.5,-0.6928210627175507,1.0,-0.6376487734914849,0.055172289226065874,0.5
0.05,1.0,0.05,R_7FP7x1oOPEhKFnt,choice_only,dailydilemmas,2,4,1.0,-0.6925045821357162,0.75,-0.6363857154031342,0.05611886673258204,-0.25
0.05,1.0,0.05,R_7FP7x1oOPEhKFnt,choice_only,dailydilemmas,3,4,0.75,-0.6929586161800017,0.75,-0.6989295939911883,-0.005970977811186606,0.0
0.05,1.0,0.05,R_7FP7x1oOPEhKFnt,choice_only,dailydilemmas,4,4,0.75,-0.6921518574026817,0.5,-0.6311519486558198,0.0609999087468619,-0.25
0.05,1.0,0.05,R_3RlcXTweCHzrYtz,choice_only,dailydilemmas,0,4,0.75,-0.692169622767719,0.75,-0.6155333313118719,0.07663629145584705,0.0
0.05,1.0,0.05,R_3RlcXTweCHzrYtz,choice_only,dailydilemmas,1,4,0.5,-0.6921245155651763,0.5,-0.6342384516509667,0.057886063914209585,0.0
0.05,1.0,0.05,R_3RlcXTweCHzrYtz,choice_only,dailydilemmas,2,4,0.25,-0.6934837659178836,0.5,-0.7216831147169033,-0.02819934879901964,0.25
0.05,1.0,0.05,R_3RlcXTweCHzrYtz,choice_only,dailydilemmas,3,4,0.5,-0.6932357233524356,0.5,-0.7100179709255303,-0.016782247573094766,0.0
0.05,1.0,0.05,R_3RlcXTweCHzrYtz,choice_only,dailydilemmas,4,4,0.75,-0.6924225385240101,0.75,-0.6077533487113486,0.08466918981266158,0.0
0.05,1.0,0.05,R_64MjAxTXtmHjKMx,choice_only,dailydilemmas,0,4,0.5,-0.6926941351033684,0.5,-0.6521466147298527,0.04054752037351572,0.0
0.05,1.0,0.05,R_64MjAxTXtmHjKMx,choice_only,dailydilemmas,1,4,0.25,-0.6940710556215365,0.25,-0.676927110671755,0.017143944949781442,0.0
0.05,1.0,0.05,R_64MjAxTXtmHjKMx,choice_only,dailydilemmas,2,4,0.25,-0.6938039134381895,0.25,-0.792382275499179,-0.09857836206098947,0.0
0.05,1.0,0.05,R_64MjAxTXtmHjKMx,choice_only,dailydilemmas,3,4,0.75,-0.6920861844549647,0.75,-0.5900790089224803,0.1020071755324844,0.0
0.05,1.0,0.05,R_64MjAxTXtmHjKMx,choice_only,dailydilemmas,4,4,1.0,-0.6918386995488164,1.0,-0.5532800152021845,0.13855868434663188,0.0
0.05,1.0,0.05,R_5B7Sbr53fSq1D3z,inference_affirm,dailydilemmas,0,4,1.0,-0.6924009679036246,0.75,-0.6472688659835827,0.04513210192004191,-0.25
0.05,1.0,0.05,R_5B7Sbr53fSq1D3z,inference_affirm,dailydilemmas,1,4,1.0,-0.6914967585051052,0.75,-0.567994879017727,0.12350187948737812,-0.25
0.05,1.0,0.05,R_5B7Sbr53fSq1D3z,inference_affirm,dailydilemmas,2,4,0.5,-0.6916899171728221,0.5,-0.5974268507016826,0.09426306647113958,0.0
0.05,1.0,0.05,R_5B7Sbr53fSq1D3z,inference_affirm,dailydilemmas,3,4,0.5,-0.6925555829975424,0.5,-0.6417302480165649,0.05082533498097752,0.0
0.05,1.0,0.05,R_5B7Sbr53fSq1D3z,inference_affirm,dailydilemmas,4,4,0.5,-0.6934639971088424,0.25,-0.7108944236456773,-0.01743042653683491,-0.25
0.05,1.0,0.05,R_7fTeTaHgGhgcqkN,inference_affirm,dailydilemmas,0,4,0.75,-0.6918140257887567,0.75,-0.584552473308303,0.10726155248045377,0.0
0.05,1.0,0.05,R_7fTeTaHgGhgcqkN,inference_affirm,dailydilemmas,1,4,0.75,-0.6912834457678454,1.0,-0.5857481650621743,0.10553528070567109,0.25
0.05,1.0,0.05,R_7fTeTaHgGhgcqkN,inference_affirm,dailydilemmas,2,4,1.0,-0.6919592595083794,1.0,-0.5971124764824081,0.09484678302597138,0.0
0.05,1.0,0.05,R_7fTeTaHgGhgcqkN,inference_affirm,dailydilemmas,3,4,0.5,-0.6923729489017025,0.5,-0.6807051586000022,0.011667790301700287,0.0
0.05,1.0,0.05,R_7fTeTaHgGhgcqkN,inference_affirm,dailydilemmas,4,4,0.75,-0.6914575245591041,0.75,-0.6092251392845138,0.08223238527459031,0.0
0.05,1.0,0.05,R_12tlw5u4cVbNiP1,inference_affirm,dailydilemmas,0,4,0.75,-0.6916294137246326,0.75,-0.5903994760940687,0.10122993763056387,0.0
0.05,1.0,0.05,R_12tlw5u4cVbNiP1,inference_affirm,dailydilemmas,1,4,0.5,-0.6922729032778986,0.5,-0.6318083419452623,0.060464561332636335,0.0
0.05,1.0,0.05,R_12tlw5u4cVbNiP1,inference_affirm,dailydilemmas,2,4,1.0,-0.6913990748711327,1.0,-0.5562116341882148,0.13518744068291788,0.0
0.05,1.0,0.05,R_12tlw5u4cVbNiP1,inference_affirm,dailydilemmas,3,4,0.75,-0.6917636640252386,0.75,-0.5753281388595688,0.1164355251656698,0.0
0.05,1.0,0.05,R_12tlw5u4cVbNiP1,inference_affirm,dailydilemmas,4,4,0.75,-0.6918227014195795,1.0,-0.5992574017414787,0.09256529967810079,0.25
0.05,1.0,0.1,R_5EfMjMbx1z8Kvhl,inference_categories,dailydilemmas,0,4,0.75,-0.6923275991814979,0.75,-0.6591971527814251,0.03313044640007279,0.0
0.05,1.0,0.1,R_5EfMjMbx1z8Kvhl,inference_categories,dailydilemmas,1,4,0.5,-0.692107728588651,0.75,-0.6319785849828572,0.0601291436057938,0.25
0.05,1.0,0.1,R_5EfMjMbx1z8Kvhl,inference_categories,dailydilemmas,2,4,0.5,-0.6930055898490717,0.5,-0.6705432777555493,0.02246231209352234,0.0
0.05,1.0,0.1,R_5EfMjMbx1z8Kvhl,inference_categories,dailydilemmas,3,4,0.75,-0.6921698893625947,1.0,-0.5972533021543303,0.09491658720826446,0.25
0.05,1.0,0.1,R_5EfMjMbx1z8Kvhl,inference_categories,dailydilemmas,4,4,0.5,-0.6916124977152831,0.75,-0.585149492818275,0.1064630048970081,0.25
0.05,1.0,0.1,R_56aT1YjmRtKACUH,inference_categories,dailydilemmas,0,4,0.75,-0.6928161057074206,0.75,-0.6619952814747989,0.03082082423262167,0.0
0.05,1.0,0.1,R_56aT1YjmRtKACUH,inference_categories,dailydilemmas,1,4,0.25,-0.6937101957354634,0.5,-0.7393855177643897,-0.04567532202892621,0.25
0.05,1.0,0.1,R_56aT1YjmRtKACUH,inference_categories,dailydilemmas,2,4,0.75,-0.6924772749383264,0.75,-0.6582302934701507,0.03424698146817573,0.0
0.05,1.0,0.1,R_56aT1YjmRtKACUH,inference_categories,dailydilemmas,3,4,0.75,-0.692553249130433,0.75,-0.6603596540157646,0.03219359511466846,0.0
0.05,1.0,0.1,R_56aT1YjmRtKACUH,inference_categories,dailydilemmas,4,4,0.5,-0.6927715965415814,0.5,-0.6910694191469099,0.001702177394671489,0.0
0.05,1.0,0.1,R_3HS2lsaEfcZSuXu,inference_categories,dailydilemmas,0,4,1.0,-0.6922145708976619,0.75,-0.6083338386922816,0.08388073220538028,-0.25
0.05,1.0,0.1,R_3HS2lsaEfcZSuXu,inference_categories,dailydilemmas,1,4,0.5,-0.6935194048429342,0.5,-0.7640047699011309,-0.07048536505819669,0.0
0.05,1.0,0.1,R_3HS2lsaEfcZSuXu,inference_categories,dailydilemmas,2,4,0.5,-0.6928434999593708,0.5,-0.7008652722285177,-0.00802177226914691,0.0
0.05,1.0,0.1,R_3HS2lsaEfcZSuXu,inference_categories,dailydilemmas,3,4,0.5,-0.6925147737062834,0.75,-0.6192065971953273,0.07330817651095611,0.25
0.05,1.0,0.1,R_3HS2lsaEfcZSuXu,inference_categories,dailydilemmas,4,4,0.75,-0.6922641213528324,0.75,-0.606418434806603,0.08584568654622948,0.0
0.05,1.0,0.1,R_6HoVfVJSFl7IrlL,inference_categories,dailydilemmas,0,4,0.75,-0.6928992813204569,0.5,-0.6862220148646664,0.006677266455790476,-0.25
0.05,1.0,0.1,R_6HoVfVJSFl7IrlL,inference_categories,dailydilemmas,1,4,0.75,-0.692487035620315,0.75,-0.6051288485772051,0.08735818704310994,0.0
0.05,1.0,0.1,R_6HoVfVJSFl7IrlL,inference_categories,dailydilemmas,2,4,0.25,-0.6934830207785968,0.5,-0.733351595749768,-0.039868574971171244,0.25
0.05,1.0,0.1,R_6HoVfVJSFl7IrlL,inference_categories,dailydilemmas,3,4,0.75,-0.6924371284265671,1.0,-0.6289398161525178,0.06349731227404931,0.25
0.05,1.0,0.1,R_6HoVfVJSFl7IrlL,inference_categories,dailydilemmas,4,4,0.75,-0.691991702915315,0.75,-0.6101209533418913,0.08187074957342366,0.0
0.05,1.0,0.1,R_5Q5TZ5csoblHSvA,inference_categories,dailydilemmas,0,4,0.5,-0.6932046971065635,0.25,-0.739449701217386,-0.04624500411082244,-0.25
0.05,1.0,0.1,R_5Q5TZ5csoblHSvA,inference_categories,dailydilemmas,1,4,0.75,-0.6933010362528886,0.5,-0.6862043784079045,0.007096657844984144,-0.25
0.05,1.0,0.1,R_5Q5TZ5csoblHSvA,inference_categories,dailydilemmas,2,4,0.5,-0.6925393726246563,0.75,-0.6722080326856446,0.020331339939011706,0.25
0.05,1.0,0.1,R_5Q5TZ5csoblHSvA,inference_categories,dailydilemmas,3,4,0.25,-0.693672157233209,0.25,-0.7168021748702739,-0.023130017637064904,0.0
0.05,1.0,0.1,R_5Q5TZ5csoblHSvA,inference_categories,dailydilemmas,4,4,0.5,-0.6927479762012052,0.5,-0.6740736892536012,0.01867428694760398,0.0
0.05,1.0,0.1,R_18H831wJaDlPwgg,inference_categories,dailydilemmas,0,4,0.5,-0.6916147042699178,0.5,-0.664963479218941,0.026651225050976834,0.0
0.05,1.0,0.1,R_18H831wJaDlPwgg,inference_categories,dailydilemmas,1,4,1.0,-0.6899870586634695,1.0,-0.5414987721744645,0.14848828648900503,0.0
0.05,1.0,0.1,R_18H831wJaDlPwgg,inference_categories,dailydilemmas,2,4,0.25,-0.6917238616310285,0.75,-0.5898781025788902,0.10184575905213833,0.5
0.05,1.0,0.1,R_18H831wJaDlPwgg,inference_categories,dailydilemmas,3,4,1.0,-0.6891156439819446,1.0,-0.4679504406354881,0.2211652033464565,0.0
0.05,1.0,0.1,R_18H831wJaDlPwgg,inference_categories,dailydilemmas,4,4,0.75,-0.6902118746874193,1.0,-0.5027308556474355,0.18748101903998382,0.25
0.05,1.0,0.1,R_12mMAseFwoOpgqC,inference_categories,dailydilemmas,0,4,0.75,-0.6923560192102111,0.5,-0.6454739332543624,0.04688208595584864,-0.25
0.05,1.0,0.1,R_12mMAseFwoOpgqC,inference_categories,dailydilemmas,1,4,0.5,-0.692708683905009,0.5,-0.6427571574263437,0.0499515264786653,0.0
0.05,1.0,0.1,R_12mMAseFwoOpgqC,inference_categories,dailydilemmas,2,4,0.5,-0.6938594465566419,0.5,-0.7258466882570023,-0.03198724170036038,0.0
0.05,1.0,0.1,R_12mMAseFwoOpgqC,inference_categories,dailydilemmas,3,4,0.25,-0.693157141606494,0.5,-0.6886271386159276,0.004530002990566384,0.25
0.05,1.0,0.1,R_12mMAseFwoOpgqC,inference_categories,dailydilemmas,4,4,0.75,-0.6923894076906529,0.5,-0.6369054186021091,0.055483989088543795,-0.25
0.05,1.0,0.1,R_7ojvA7NDI10RoKR,inference_categories,dailydilemmas,0,5,0.6,-0.6920068818772697,0.6,-0.6175722812879676,0.07443460058930207,0.0
0.05,1.0,0.1,R_7ojvA7NDI10RoKR,inference_categories,dailydilemmas,1,5,0.8,-0.6917348847637751,0.8,-0.5879658884060842,0.10376899635769088,0.0
0.05,1.0,0.1,R_7ojvA7NDI10RoKR,inference_categories,dailydilemmas,2,5,0.8,-0.6916545545853191,0.8,-0.6172805428821542,0.07437401170316493,0.0
0.05,1.0,0.1,R_7ojvA7NDI10RoKR,inference_categories,dailydilemmas,3,5,1.0,-0.6917046586626592,1.0,-0.5612092305046421,0.13049542815801707,0.0
0.05,1.0,0.1,R_5gbXjT8uFYXCo7E,inference_categories,dailydilemmas,0,4,0.25,-0.694026868559669,0.25,-0.7809854145920867,-0.0869585460324177,0.0
0.05,1.0,0.1,R_5gbXjT8uFYXCo7E,inference_categories,dailydilemmas,1,4,0.5,-0.6930937564136729,0.5,-0.699927950176852,-0.006834193763179175,0.0
0.05,1.0,0.1,R_5gbXjT8uFYXCo7E,inference_categories,dailydilemmas,2,4,0.5,-0.6928904338246693,0.75,-0.6741210250011294,0.018769408823539946,0.25
0.05,1.0,0.1,R_5gbXjT8uFYXCo7E,inference_categories,dailydilemmas,3,4,0.75,-0.6928488703434292,0.75,-0.6624730623252757,0.03037580801815354,0.0
0.05,1.0,0.1,R_5gbXjT8uFYXCo7E,inference_categories,dailydilemmas,4,4,0.75,-0.6923363356652761,0.75,-0.6731621968433275,0.019174138821948628,0.0
0.05,1.0,0.1,R_7f9o7q4AZOoP4ot,inference_categories,dailydilemmas,0,4,0.5,-0.6928590408729023,0.5,-0.6998951212363422,-0.007036080363439945,0.0
0.05,1.0,0.1,R_7f9o7q4AZOoP4ot,inference_categories,dailydilemmas,1,4,0.25,-0.6940582712554482,0.25,-0.7640283842321909,-0.06997011297674272,0.0
0.05,1.0,0.1,R_7f9o7q4AZOoP4ot,inference_categories,dailydilemmas,2,4,0.25,-0.6938234561373877,0.0,-0.7333347696125541,-0.03951131347516634,-0.25
0.05,1.0,0.1,R_7f9o7q4AZOoP4ot,inference_categories,dailydilemmas,3,4,0.5,-0.6930868562810306,0.25,-0.737555906349105,-0.044469050068074334,-0.25
0.05,1.0,0.1,R_7f9o7q4AZOoP4ot,inference_categories,dailydilemmas,4,4,0.25,-0.6937483224132927,0.25,-0.7812049862257358,-0.0874566638124431,0.0
0.05,1.0,0.1,R_1WHYlcDjJDcnUfD,inference_categories,dailydilemmas,0,4,0.25,-0.6936107817399355,0.5,-0.7094304827038722,-0.0158197009639367,0.25
0.05,1.0,0.1,R_1WHYlcDjJDcnUfD,inference_categories,dailydilemmas,1,4,0.75,-0.6927597897553112,0.75,-0.6745624578108295,0.0181973319444817,0.0
0.05,1.0,0.1,R_1WHYlcDjJDcnUfD,inference_categories,dailydilemmas,2,4,0.5,-0.692882790314926,0.75,-0.6835108410100291,0.00937194930489682,0.25
0.05,1.0,0.1,R_1WHYlcDjJDcnUfD,inference_categories,dailydilemmas,3,4,0.5,-0.6933126230141359,0.25,-0.7406337261103895,-0.04732110309625359,-0.25
0.05,1.0,0.1,R_1WHYlcDjJDcnUfD,inference_categories,dailydilemmas,4,4,0.5,-0.6933165620073277,0.75,-0.6944641644711101,-0.0011476024637824267,0.25
0.05,1.0,0.1,R_6Q0gBjey6IdfZpf,inference_categories,dailydilemmas,0,4,0.75,-0.6921669564928575,0.75,-0.6136948378817788,0.07847211861107872,0.0
0.05,1.0,0.1,R_6Q0gBjey6IdfZpf,inference_categories,dailydilemmas,1,4,1.0,-0.6919515344248186,1.0,-0.6016924275151712,0.09025910690964745,0.0
0.05,1.0,0.1,R_6Q0gBjey6IdfZpf,inference_categories,dailydilemmas,2,4,0.75,-0.6922742370254034,0.75,-0.6080961551399119,0.08417808188549147,0.0
0.05,1.0,0.1,R_6Q0gBjey6IdfZpf,inference_categories,dailydilemmas,3,4,0.75,-0.6922809472749593,0.75,-0.63965699687958,0.05262395039537926,0.0
0.05,1.0,0.1,R_6Q0gBjey6IdfZpf,inference_categories,dailydilemmas,4,4,0.5,-0.6923239171830518,0.75,-0.6044787335988342,0.08784518358421756,0.25
0.05,1.0,0.1,R_1wzohnjOPhN82Wd,inference_categories,dailydilemmas,0,4,0.75,-0.6912657817430935,0.75,-0.6229712139591986,0.06829456778389487,0.0
0.05,1.0,0.1,R_1wzohnjOPhN82Wd,inference_categories,dailydilemmas,1,4,0.75,-0.6910091198303364,0.75,-0.6027453195244502,0.08826380030588621,0.0
0.05,1.0,0.1,R_1wzohnjOPhN82Wd,inference_categories,dailydilemmas,2,4,0.75,-0.6916135310151922,0.75,-0.5724067942692166,0.1192067367459756,0.0
0.05,1.0,0.1,R_1wzohnjOPhN82Wd,inference_categories,dailydilemmas,3,4,0.75,-0.6912827721934094,1.0,-0.5897723621243045,0.10151041006910488,0.25
0.05,1.0,0.1,R_1wzohnjOPhN82Wd,inference_categories,dailydilemmas,4,4,0.25,-0.6945114868894781,0.25,-0.7613263586650764,-0.0668148717755983,0.0
0.05,1.0,0.1,R_70kbQcqJL4Tkq6B,inference_categories,dailydilemmas,0,4,0.5,-0.693099326816225,0.5,-0.745078923971047,-0.05197959715482203,0.0
0.05,1.0,0.1,R_70kbQcqJL4Tkq6B,inference_categories,dailydilemmas,1,4,0.5,-0.6935456776381743,0.5,-0.7122478558937103,-0.018702178255535995,0.0
0.05,1.0,0.1,R_70kbQcqJL4Tkq6B,inference_categories,dailydilemmas,2,4,1.0,-0.6903881142268726,1.0,-0.5886914037045051,0.1016967105223675,0.0
0.05,1.0,0.1,R_70kbQcqJL4Tkq6B,inference_categories,dailydilemmas,3,4,0.75,-0.6910186881848221,0.75,-0.6271950028155246,0.0638236853692975,0.0
0.05,1.0,0.1,R_70kbQcqJL4Tkq6B,inference_categories,dailydilemmas,4,4,0.75,-0.6910584094419714,1.0,-0.5837598506206856,0.1072985588212858,0.25
0.05,1.0,0.1,R_6rftRMhNP0o6boD,inference_categories,dailydilemmas,0,4,0.25,-0.6927920742765155,0.5,-0.6745859998578086,0.018206074418706808,0.25
0.05,1.0,0.1,R_6rftRMhNP0o6boD,inference_categories,dailydilemmas,1,4,0.5,-0.6924913932327733,0.5,-0.6838907861549186,0.008600607077854705,0.0
0.05,1.0,0.1,R_6rftRMhNP0o6boD,inference_categories,dailydilemmas,2,4,0.75,-0.6930215747126403,0.5,-0.7359793875366973,-0.042957812824057084,-0.25
0.05,1.0,0.1,R_6rftRMhNP0o6boD,inference_categories,dailydilemmas,3,4,0.75,-0.6913539511353748,0.75,-0.6189860027688601,0.07236794836651472,0.0
0.05,1.0,0.1,R_6rftRMhNP0o6boD,inference_categories,dailydilemmas,4,4,1.0,-0.6911317756524363,1.0,-0.6246328479200168,0.0664989277324195,0.0
0.05,1.0,0.1,R_6jv2PrGBJcO4of6,inference_categories,dailydilemmas,0,4,1.0,-0.6913708595536875,1.0,-0.5305425004120665,0.16082835914162097,0.0
0.05,1.0,0.1,R_6jv2PrGBJcO4of6,inference_categories,dailydilemmas,1,4,0.75,-0.6912995160513344,1.0,-0.5970855461031381,0.09421396994819631,0.25
0.05,1.0,0.1,R_6jv2PrGBJcO4of6,inference_categories,dailydilemmas,2,4,0.5,-0.6926591280607736,0.5,-0.6769050540226157,0.015754074038157873,0.0
0.05,1.0,0.1,R_6jv2PrGBJcO4of6,inference_categories,dailydilemmas,3,4,0.75,-0.6920955861097676,0.75,-0.6230531816026025,0.06904240450716514,0.0
0.05,1.0,0.1,R_6jv2PrGBJcO4of6,inference_categories,dailydilemmas,4,4,0.5,-0.6944162521312823,0.5,-0.822928726349377,-0.12851247421809464,0.0
0.05,1.0,0.1,R_1dHqTtKKq3yQvmX,inference_categories,dailydilemmas,0,4,0.75,-0.6901793664806752,0.75,-0.5419237672779093,0.148255599202766,0.0
0.05,1.0,0.1,R_1dHqTtKKq3yQvmX,inference_categories,dailydilemmas,1,4,0.5,-0.6905398035230048,0.5,-0.5846708117022097,0.10586899182079512,0.0
0.05,1.0,0.1,R_1dHqTtKKq3yQvmX,inference_categories,dailydilemmas,2,4,0.75,-0.6916850396000928,0.75,-0.5977144343199609,0.0939706052801319,0.0
0.05,1.0,0.1,R_1dHqTtKKq3yQvmX,inference_categories,dailydilemmas,3,4,0.75,-0.6917166981820564,0.75,-0.6369409751244482,0.05477572305760814,0.0
0.05,1.0,0.1,R_1dHqTtKKq3yQvmX,inference_categories,dailydilemmas,4,4,0.75,-0.6905830384527758,0.75,-0.5263935500867697,0.1641894883660061,0.0
0.05,1.0,0.1,R_1P81VK8fH860C4V,inference_categories,dailydilemmas,0,4,1.0,-0.6920433577900249,1.0,-0.5980881423641464,0.09395521542587848,0.0
0.05,1.0,0.1,R_1P81VK8fH860C4V,inference_categories,dailydilemmas,1,4,1.0,-0.6919164570325738,1.0,-0.5163369613796491,0.17557949565292463,0.0
0.05,1.0,0.1,R_1P81VK8fH860C4V,inference_categories,dailydilemmas,2,4,0.75,-0.6928577825296892,0.75,-0.6032384535060344,0.08961932902365477,0.0
0.05,1.0,0.1,R_1P81VK8fH860C4V,inference_categories,dailydilemmas,3,4,0.25,-0.6932254130917721,0.5,-0.68801079280306,0.005214620288712113,0.25
0.05,1.0,0.1,R_1P81VK8fH860C4V,inference_categories,dailydilemmas,4,4,1.0,-0.6913179800919581,1.0,-0.5250396493372437,0.16627833075471443,0.0
0.05,1.0,0.1,R_7go085j249AymBb,inference_categories,dailydilemmas,0,4,0.5,-0.6920457681275483,0.5,-0.6181116903665789,0.07393407776096939,0.0
0.05,1.0,0.1,R_7go085j249AymBb,inference_categories,dailydilemmas,1,4,0.75,-0.6918687893093179,0.75,-0.5903135837588145,0.10155520555050346,0.0
0.05,1.0,0.1,R_7go085j249AymBb,inference_categories,dailydilemmas,2,4,0.75,-0.6916919699910548,1.0,-0.5711451990440417,0.12054677094701305,0.25
0.05,1.0,0.1,R_7go085j249AymBb,inference_categories,dailydilemmas,3,4,0.75,-0.6921476975615788,0.75,-0.6100328501811002,0.08211484738047858,0.0
0.05,1.0,0.1,R_7go085j249AymBb,inference_categories,dailydilemmas,4,4,0.5,-0.6933859969559947,0.5,-0.7199021102600561,-0.02651611330406145,0.0
0.05,1.0,0.1,R_6xzSCFMWRhzZIRg,inference_categories,dailydilemmas,0,4,0.25,-0.6927821561848767,0.25,-0.6702019961045497,0.02258016008032704,0.0
0.05,1.0,0.1,R_6xzSCFMWRhzZIRg,inference_categories,dailydilemmas,1,4,0.75,-0.6925641341245401,0.75,-0.6427625651736403,0.04980156895089982,0.0
0.05,1.0,0.1,R_6xzSCFMWRhzZIRg,inference_categories,dailydilemmas,2,4,0.75,-0.6928042560852457,0.75,-0.6442537628769295,0.04855049320831617,0.0
0.05,1.0,0.1,R_6xzSCFMWRhzZIRg,inference_categories,dailydilemmas,3,4,1.0,-0.6921312027011314,1.0,-0.6070584614108372,0.08507274129029418,0.0
0.05,1.0,0.1,R_6xzSCFMWRhzZIRg,inference_categories,dailydilemmas,4,4,0.75,-0.6925934243944709,0.75,-0.6548403663138621,0.0377530580806088,0.0
0.05,1.0,0.1,R_5EychZPB1u00qZH,inference_categories,dailydilemmas,0,4,1.0,-0.6915691978027982,0.75,-0.5504817451596331,0.14108745264316513,-0.25
0.05,1.0,0.1,R_5EychZPB1u00qZH,inference_categories,dailydilemmas,1,4,0.5,-0.6922579912654148,0.5,-0.6273496582851876,0.06490833298022713,0.0
0.05,1.0,0.1,R_5EychZPB1u00qZH,inference_categories,dailydilemmas,2,4,1.0,-0.6920351292436367,1.0,-0.5858736625481146,0.10616146669552218,0.0
0.05,1.0,0.1,R_5EychZPB1u00qZH,inference_categories,dailydilemmas,3,4,1.0,-0.6918581079995139,0.75,-0.5554978250940201,0.13636028290549373,-0.25
0.05,1.0,0.1,R_5EychZPB1u00qZH,inference_categories,dailydilemmas,4,4,0.25,-0.693113923592781,0.25,-0.7384960530799314,-0.04538212948715037,0.0
0.05,1.0,0.1,R_59glCvaBnt5WTU6,inference_categories,dailydilemmas,0,4,0.5,-0.6934585289871318,0.5,-0.7092274721658975,-0.01576894317876576,0.0
0.05,1.0,0.1,R_59glCvaBnt5WTU6,inference_categories,dailydilemmas,1,4,0.75,-0.6924249223884483,0.75,-0.6033227964847946,0.08910212590365374,0.0
0.05,1.0,0.1,R_59glCvaBnt5WTU6,inference_categories,dailydilemmas,2,4,0.75,-0.6921256744126439,1.0,-0.5927670615646585,0.09935861284798542,0.25
0.05,1.0,0.1,R_59glCvaBnt5WTU6,inference_categories,dailydilemmas,3,4,0.75,-0.6923140677501498,0.75,-0.6182485292541953,0.07406553849595454,0.0
0.05,1.0,0.1,R_59glCvaBnt5WTU6,inference_categories,dailydilemmas,4,4,0.75,-0.6924660984930848,0.75,-0.6488936251299183,0.0435724733631665,0.0
0.05,1.0,0.1,R_1nBL27EvLs0Bkk4,inference_categories,dailydilemmas,0,4,0.5,-0.6925040934732599,0.5,-0.6279640102624359,0.06454008321082405,0.0
0.05,1.0,0.1,R_1nBL27EvLs0Bkk4,inference_categories,dailydilemmas,1,4,0.25,-0.693942222109138,0.75,-0.7711899877927777,-0.07724776568363967,0.5
0.05,1.0,0.1,R_1nBL27EvLs0Bkk4,inference_categories,dailydilemmas,2,4,0.75,-0.6912821629528922,0.75,-0.5980544881615663,0.09322767479132599,0.0
0.05,1.0,0.1,R_1nBL27EvLs0Bkk4,inference_categories,dailydilemmas,3,4,0.5,-0.6924616239598635,0.75,-0.6527564672672593,0.039705156692604215,0.25
0.05,1.0,0.1,R_1nBL27EvLs0Bkk4,inference_categories,dailydilemmas,4,4,1.0,-0.6911718043804796,1.0,-0.56320312351798,0.12796868086249968,0.0
0.05,1.0,0.1,R_6FsUQnzEYAQwtwa,inference_categories,dailydilemmas,0,4,0.75,-0.6927384253042169,1.0,-0.6581128590863954,0.034625566217821535,0.25
0.05,1.0,0.1,R_6FsUQnzEYAQwtwa,inference_categories,dailydilemmas,1,4,0.5,-0.6927163458859349,0.5,-0.6838202971839229,0.008896048702011994,0.0
0.05,1.0,0.1,R_6FsUQnzEYAQwtwa,inference_categories,dailydilemmas,2,4,0.5,-0.6932754640605925,0.75,-0.6686289307483454,0.024646533312247088,0.25
0.05,1.0,0.1,R_6FsUQnzEYAQwtwa,inference_categories,dailydilemmas,3,4,0.75,-0.6926125292192916,0.75,-0.6953366610966463,-0.002724131877354652,0.0
0.05,1.0,0.1,R_6FsUQnzEYAQwtwa,inference_categories,dailydilemmas,4,4,0.75,-0.6926171705827615,0.5,-0.64935571003385,0.04326146054891156,-0.25
0.05,1.0,0.1,R_5pX1jjp1Yu1RSN7,inference_categories,dailydilemmas,0,4,1.0,-0.6916563926178843,1.0,-0.5721559188783633,0.119500473739521,0.0
0.05,1.0,0.1,R_5pX1jjp1Yu1RSN7,inference_categories,dailydilemmas,1,4,0.75,-0.6913416045752215,0.5,-0.5740851830584707,0.11725642151675086,-0.25
0.05,1.0,0.1,R_5pX1jjp1Yu1RSN7,inference_categories,dailydilemmas,2,4,0.75,-0.6917451406050665,0.75,-0.5726283784333296,0.11911676217173695,0.0
0.05,1.0,0.1,R_5pX1jjp1Yu1RSN7,inference_categories,dailydilemmas,3,4,0.75,-0.6915415809271314,0.75,-0.6138877829788113,0.07765379794832006,0.0
0.05,1.0,0.1,R_5pX1jjp1Yu1RSN7,inference_categories,dailydilemmas,4,4,0.25,-0.6954732529707177,0.25,-0.8582342107133392,-0.16276095774262145,0.0
0.05,1.0,0.1,R_5DY1mtPtJpWz8WC,inference_categories,dailydilemmas,0,5,1.0,-0.6901900358599771,1.0,-0.43861274971440994,0.2515772861455671,0.0
0.05,1.0,0.1,R_5DY1mtPtJpWz8WC,inference_categories,dailydilemmas,1,5,0.6,-0.6912324351004475,0.8,-0.5459203561514607,0.1453120789489868,0.20000000000000007
0.05,1.0,0.1,R_5DY1mtPtJpWz8WC,inference_categories,dailydilemmas,2,5,0.8,-0.691829432035987,0.8,-0.5872943164951494,0.10453511554083761,0.0
0.05,1.0,0.1,R_5DY1mtPtJpWz8WC,inference_categories,dailydilemmas,3,5,0.6,-0.6903303706504949,0.6,-0.500739855912101,0.18959051473839383,0.0
0.05,1.0,0.1,R_1PN3SGDWOMibPAh,inference_categories,dailydilemmas,0,4,0.75,-0.6919509454770811,1.0,-0.5926620636095976,0.09928888186748352,0.25
0.05,1.0,0.1,R_1PN3SGDWOMibPAh,inference_categories,dailydilemmas,1,4,0.5,-0.693423134032705,0.5,-0.7461056473354148,-0.0526825133027099,0.0
0.05,1.0,0.1,R_1PN3SGDWOMibPAh,inference_categories,dailydilemmas,2,4,0.5,-0.692956189895669,0.75,-0.6554401289584539,0.037516060937215046,0.25
0.05,1.0,0.1,R_1PN3SGDWOMibPAh,inference_categories,dailydilemmas,3,4,0.5,-0.6922843616630568,0.5,-0.6405770356345128,0.051707326028544,0.0
0.05,1.0,0.1,R_1PN3SGDWOMibPAh,inference_categories,dailydilemmas,4,4,1.0,-0.6918221546867992,1.0,-0.6107579832947274,0.08106417139207178,0.0
0.05,1.0,0.1,R_3SrBXsc2uYrsSZz,inference_categories,dailydilemmas,0,4,0.5,-0.6921819867098238,0.75,-0.6288493841596449,0.06333260255017892,0.25
0.05,1.0,0.1,R_3SrBXsc2uYrsSZz,inference_categories,dailydilemmas,1,4,0.75,-0.6927603848918005,0.5,-0.7042656005869513,-0.011505215695150839,-0.25
0.05,1.0,0.1,R_3SrBXsc2uYrsSZz,inference_categories,dailydilemmas,2,4,0.5,-0.6928712779217644,0.5,-0.7407710561527787,-0.04789977823101432,0.0
0.05,1.0,0.1,R_3SrBXsc2uYrsSZz,inference_categories,dailydilemmas,3,4,0.75,-0.6917737093762071,0.75,-0.5802630141935601,0.111510695182647,0.0
0.05,1.0,0.1,R_3SrBXsc2uYrsSZz,inference_categories,dailydilemmas,4,4,1.0,-0.691789791299691,1.0,-0.5897915483040882,0.10199824299560278,0.0
0.05,1.0,0.1,R_7rNeEq8TvAxjqdL,inference_categories,dailydilemmas,0,4,0.75,-0.6911846470944386,0.75,-0.5558858384049898,0.13529880868944877,0.0
0.05,1.0,0.1,R_7rNeEq8TvAxjqdL,inference_categories,dailydilemmas,1,4,0.75,-0.69164818192401,0.75,-0.5687253366855719,0.1229228452384381,0.0
0.05,1.0,0.1,R_7rNeEq8TvAxjqdL,inference_categories,dailydilemmas,2,4,1.0,-0.6907843678215682,1.0,-0.5231581944338279,0.16762617338774022,0.0
0.05,1.0,0.1,R_7rNeEq8TvAxjqdL,inference_categories,dailydilemmas,3,4,0.75,-0.6922579415528716,0.5,-0.6729400844637503,0.01931785708912126,-0.25
0.05,1.0,0.1,R_7rNeEq8TvAxjqdL,inference_categories,dailydilemmas,4,4,0.75,-0.6916794143622071,0.75,-0.5849594746588913,0.10671993970331584,0.0
0.05,1.0,0.1,R_7QAkOtO6FETwKSv,inference_categories,dailydilemmas,0,4,0.5,-0.6935653153634046,0.5,-0.7646935639739916,-0.07112824861058697,0.0
0.05,1.0,0.1,R_7QAkOtO6FETwKSv,inference_categories,dailydilemmas,1,4,0.75,-0.6922413992091314,0.75,-0.6575938625785496,0.03464753663058184,0.0
0.05,1.0,0.1,R_7QAkOtO6FETwKSv,inference_categories,dailydilemmas,2,4,0.5,-0.6929267303893999,0.5,-0.7541609394328825,-0.061234209043482646,0.0
0.05,1.0,0.1,R_7QAkOtO6FETwKSv,inference_categories,dailydilemmas,3,4,1.0,-0.6920532080201354,0.25,-0.7028743097511989,-0.010821101731063543,-0.75
0.05,1.0,0.1,R_7QAkOtO6FETwKSv,inference_categories,dailydilemmas,4,4,0.5,-0.692874388257928,0.5,-0.7093604998759815,-0.016486111618053467,0.0
0.05,1.0,0.1,R_6gCrJV80LvD23XK,choice_only,dailydilemmas,0,4,0.5,-0.693771785100323,0.5,-0.7623043658938501,-0.06853258079352709,0.0
0.05,1.0,0.1,R_6gCrJV80LvD23XK,choice_only,dailydilemmas,1,4,1.0,-0.6920506137011905,1.0,-0.5697211733364957,0.12232944036469473,0.0
0.05,1.0,0.1,R_6gCrJV80LvD23XK,choice_only,dailydilemmas,2,4,0.75,-0.692272194395104,0.75,-0.6406146439800595,0.051657550415044495,0.0
0.05,1.0,0.1,R_6gCrJV80LvD23XK,choice_only,dailydilemmas,3,4,0.25,-0.6935722697383494,0.25,-0.7311366754598347,-0.03756440572148534,0.0
0.05,1.0,0.1,R_6gCrJV80LvD23XK,choice_only,dailydilemmas,4,4,0.5,-0.69288341392352,0.5,-0.6717138202882612,0.021169593635258832,0.0
0.05,1.0,0.1,R_7SrhV7HvgsG1fvA,choice_only,dailydilemmas,0,4,0.5,-0.6919869228690966,0.5,-0.6417624386169318,0.05022448425216475,0.0
0.05,1.0,0.1,R_7SrhV7HvgsG1fvA,choice_only,dailydilemmas,1,4,0.75,-0.6927850648558612,1.0,-0.6622367556811984,0.03054830917466278,0.25
0.05,1.0,0.1,R_7SrhV7HvgsG1fvA,choice_only,dailydilemmas,2,4,0.5,-0.6932548429514276,0.5,-0.7341229189156817,-0.040868075964254125,0.0
0.05,1.0,0.1,R_7SrhV7HvgsG1fvA,choice_only,dailydilemmas,3,4,0.75,-0.6925621208023383,1.0,-0.6488511870437993,0.04371093375853896,0.25
0.05,1.0,0.1,R_7SrhV7HvgsG1fvA,choice_only,dailydilemmas,4,4,0.0,-0.694777709820397,0.0,-0.8150445773756837,-0.1202668675552867,0.0
0.05,1.0,0.1,R_5aLcKnMSH0hrVLH,choice_only,dailydilemmas,0,4,1.0,-0.6923263146045625,1.0,-0.6038746553856295,0.08845165921893305,0.0
0.05,1.0,0.1,R_5aLcKnMSH0hrVLH,choice_only,dailydilemmas,1,4,1.0,-0.691702529524409,0.75,-0.6040561315310526,0.08764639799335638,-0.25
0.05,1.0,0.1,R_5aLcKnMSH0hrVLH,choice_only,dailydilemmas,2,4,0.75,-0.6924378717203983,0.5,-0.636056588269835,0.05638128345056326,-0.25
0.05,1.0,0.1,R_5aLcKnMSH0hrVLH,choice_only,dailydilemmas,3,4,1.0,-0.6922143155928429,1.0,-0.6562703667345263,0.03594394885831653,0.0
0.05,1.0,0.1,R_5aLcKnMSH0hrVLH,choice_only,dailydilemmas,4,4,0.5,-0.6935217086981267,0.5,-0.7644273510255217,-0.07090564232739505,0.0
0.05,1.0,0.1,R_6E6esO9YjIptSgZ,choice_only,dailydilemmas,0,5,0.4,-0.6933243109022651,0.4,-0.7054602416980122,-0.012135930795747152,0.0
0.05,1.0,0.1,R_6E6esO9YjIptSgZ,choice_only,dailydilemmas,1,5,0.4,-0.6935058840958112,0.4,-0.6820935462427143,0.01141233785309681,0.0
0.05,1.0,0.1,R_6E6esO9YjIptSgZ,choice_only,dailydilemmas,2,5,0.4,-0.693025151606699,1.0,-0.6447133923943393,0.04831175921235964,0.6
0.05,1.0,0.1,R_6E6esO9YjIptSgZ,choice_only,dailydilemmas,3,5,0.4,-0.693228696324342,0.4,-0.6870833082646364,0.006145388059705659,0.0
0.05,1.0,0.1,R_1MCxQvFXsgFj9AZ,choice_only,dailydilemmas,0,4,0.0,-0.6941318405634145,0.5,-0.7124398208359541,-0.01830798027253966,0.5
0.05,1.0,0.1,R_1MCxQvFXsgFj9AZ,choice_only,dailydilemmas,1,4,0.75,-0.6930678237544948,0.5,-0.6862570048935281,0.006810818860966683,-0.25
0.05,1.0,0.1,R_1MCxQvFXsgFj9AZ,choice_only,dailydilemmas,2,4,0.25,-0.6935068931572397,0.25,-0.7521454362139278,-0.05863854305668814,0.0
0.05,1.0,0.1,R_1MCxQvFXsgFj9AZ,choice_only,dailydilemmas,3,4,0.25,-0.6936224990050501,0.25,-0.7175711700858988,-0.023948671080848638,0.0
0.05,1.0,0.1,R_1MCxQvFXsgFj9AZ,choice_only,dailydilemmas,4,4,0.75,-0.6930774068097307,0.5,-0.6906203734669647,0.002457033342766035,-0.25
0.05,1.0,0.1,R_3JfmC4gRU1JpbNv,choice_only,dailydilemmas,0,4,0.75,-0.691414093721901,0.75,-0.5835649645602115,0.10784912916168954,0.0
0.05,1.0,0.1,R_3JfmC4gRU1JpbNv,choice_only,dailydilemmas,1,4,1.0,-0.6911231568843574,1.0,-0.5451955575526863,0.1459275993316711,0.0
0.05,1.0,0.1,R_3JfmC4gRU1JpbNv,choice_only,dailydilemmas,2,4,0.5,-0.6937110318112766,0.5,-0.7168610759186562,-0.02315004410737964,0.0
0.05,1.0,0.1,R_3JfmC4gRU1JpbNv,choice_only,dailydilemmas,3,4,0.5,-0.6933484607438867,0.5,-0.6683160778098595,0.02503238293402721,0.0
0.05,1.0,0.1,R_3JfmC4gRU1JpbNv,choice_only,dailydilemmas,4,4,1.0,-0.691460935575063,1.0,-0.5597013328433629,0.13175960273170018,0.0
0.05,1.0,0.1,R_7QGHM1iZnW1jfRx,choice_only,dailydilemmas,0,4,0.5,-0.6933461948959684,0.5,-0.6948283927692911,-0.0014821978733227104,0.0
0.05,1.0,0.1,R_7QGHM1iZnW1jfRx,choice_only,dailydilemmas,1,4,0.5,-0.6933979723363053,0.5,-0.7209386001075477,-0.027540627771242443,0.0
0.05,1.0,0.1,R_7QGHM1iZnW1jfRx,choice_only,dailydilemmas,2,4,0.5,-0.692723397096704,0.25,-0.7037469315006161,-0.011023534403912016,-0.25
0.05,1.0,0.1,R_7QGHM1iZnW1jfRx,choice_only,dailydilemmas,3,4,0.75,-0.693106248193503,0.75,-0.6771035103274408,0.01600273786606221,0.0
0.05,1.0,0.1,R_7QGHM1iZnW1jfRx,choice_only,dailydilemmas,4,4,0.25,-0.6938567634717323,0.25,-0.7315161765973378,-0.0376594131256055,0.0
0.05,1.0,0.1,R_6rBDZvDRiktj92h,choice_only,dailydilemmas,0,4,0.75,-0.6919508583886247,0.5,-0.6576226122615974,0.03432824612702734,-0.25
0.05,1.0,0.1,R_6rBDZvDRiktj92h,choice_only,dailydilemmas,1,4,0.5,-0.6920848654673555,0.5,-0.6340945475415577,0.057990317925797785,0.0
0.05,1.0,0.1,R_6rBDZvDRiktj92h,choice_only,dailydilemmas,2,4,0.75,-0.6926821806338346,0.75,-0.6894457847696365,0.003236395864198105,0.0
0.05,1.0,0.1,R_6rBDZvDRiktj92h,choice_only,dailydilemmas,3,4,0.5,-0.6925047484490472,0.5,-0.6904190397927643,0.002085708656282881,0.0
0.05,1.0,0.1,R_6rBDZvDRiktj92h,choice_only,dailydilemmas,4,4,0.5,-0.6936433799394314,0.5,-0.7484311058612259,-0.05478772592179448,0.0
0.05,1.0,0.1,R_7DZXdu8GHiSZQbw,choice_only,dailydilemmas,0,5,0.8,-0.6915098669160649,0.8,-0.5863664282285799,0.10514343868748499,0.0
0.05,1.0,0.1,R_7DZXdu8GHiSZQbw,choice_only,dailydilemmas,1,5,0.6,-0.690806185488559,0.6,-0.5610037277517576,0.12980245773680144,0.0
0.05,1.0,0.1,R_7DZXdu8GHiSZQbw,choice_only,dailydilemmas,2,5,0.8,-0.6908536245536288,0.8,-0.5441739976727319,0.14667962688089686,0.0
0.05,1.0,0.1,R_7DZXdu8GHiSZQbw,choice_only,dailydilemmas,3,5,0.8,-0.6915137653328134,0.8,-0.6070427638433438,0.08447100148946962,0.0
0.05,1.0,0.1,R_3wNdGb7QZmozWdV,inference_affirm,dailydilemmas,0,4,0.75,-0.6925585495452946,0.5,-0.685036479698132,0.007522069847162638,-0.25
0.05,1.0,0.1,R_3wNdGb7QZmozWdV,inference_affirm,dailydilemmas,1,4,0.5,-0.692981251064235,0.5,-0.6966059163001123,-0.0036246652358772335,0.0
0.05,1.0,0.1,R_3wNdGb7QZmozWdV,inference_affirm,dailydilemmas,2,4,0.25,-0.693020012554981,0.25,-0.722733048161759,-0.02971303560677796,0.0
0.05,1.0,0.1,R_3wNdGb7QZmozWdV,inference_affirm,dailydilemmas,3,4,1.0,-0.6923061806371242,0.75,-0.6540017577361166,0.03830442290100766,-0.25
0.05,1.0,0.1,R_3wNdGb7QZmozWdV,inference_affirm,dailydilemmas,4,4,0.75,-0.6922461602262034,0.5,-0.6502324820800034,0.04201367814620005,-0.25
0.05,1.0,0.1,R_54BDOExpKqNLP7U,choice_only,dailydilemmas,0,5,1.0,-0.690222392201228,1.0,-0.48126444010797814,0.2089579520932499,0.0
0.05,1.0,0.1,R_54BDOExpKqNLP7U,choice_only,dailydilemmas,1,5,0.8,-0.6912457920133276,1.0,-0.5455707397582685,0.14567505225505906,0.19999999999999996
0.05,1.0,0.1,R_54BDOExpKqNLP7U,choice_only,dailydilemmas,2,5,0.6,-0.6923603456842805,0.6,-0.6535029266555555,0.03885741902872497,0.0
0.05,1.0,0.1,R_54BDOExpKqNLP7U,choice_only,dailydilemmas,3,5,0.8,-0.6900271794005838,1.0,-0.45526903526251045,0.23475814413807333,0.19999999999999996
0.05,1.0,0.1,R_7FP7x1oOPEhKFnt,choice_only,dailydilemmas,0,4,1.0,-0.6919280667454282,1.0,-0.56693140574824,0.1249966609971882,0.0
0.05,1.0,0.1,R_7FP7x1oOPEhKFnt,choice_only,dailydilemmas,1,4,0.5,-0.6928210627175507,1.0,-0.6376487734914849,0.055172289226065874,0.5
0.05,1.0,0.1,R_7FP7x1oOPEhKFnt,choice_only,dailydilemmas,2,4,1.0,-0.6925045821357162,0.75,-0.6363857154031342,0.05611886673258204,-0.25
0.05,1.0,0.1,R_7FP7x1oOPEhKFnt,choice_only,dailydilemmas,3,4,0.75,-0.6929586161800017,0.75,-0.6989295939911883,-0.005970977811186606,0.0
0.05,1.0,0.1,R_7FP7x1oOPEhKFnt,choice_only,dailydilemmas,4,4,0.75,-0.6921518574026817,0.5,-0.6311519486558198,0.0609999087468619,-0.25
0.05,1.0,0.1,R_3RlcXTweCHzrYtz,choice_only,dailydilemmas,0,4,0.75,-0.692169622767719,0.75,-0.6155333313118719,0.07663629145584705,0.0
0.05,1.0,0.1,R_3RlcXTweCHzrYtz,choice_only,dailydilemmas,1,4,0.5,-0.6921245155651763,0.5,-0.6342384516509667,0.057886063914209585,0.0
0.05,1.0,0.1,R_3RlcXTweCHzrYtz,choice_only,dailydilemmas,2,4,0.25,-0.6934837659178836,0.5,-0.7216831147169033,-0.02819934879901964,0.25
0.05,1.0,0.1,R_3RlcXTweCHzrYtz,choice_only,dailydilemmas,3,4,0.5,-0.6932357233524356,0.5,-0.7100179709255303,-0.016782247573094766,0.0
0.05,1.0,0.1,R_3RlcXTweCHzrYtz,choice_only,dailydilemmas,4,4,0.75,-0.6924225385240101,0.75,-0.6077533487113486,0.08466918981266158,0.0
0.05,1.0,0.1,R_64MjAxTXtmHjKMx,choice_only,dailydilemmas,0,4,0.5,-0.6926941351033684,0.5,-0.6521466147298527,0.04054752037351572,0.0
0.05,1.0,0.1,R_64MjAxTXtmHjKMx,choice_only,dailydilemmas,1,4,0.25,-0.6940710556215365,0.25,-0.676927110671755,0.017143944949781442,0.0
0.05,1.0,0.1,R_64MjAxTXtmHjKMx,choice_only,dailydilemmas,2,4,0.25,-0.6938039134381895,0.25,-0.792382275499179,-0.09857836206098947,0.0
0.05,1.0,0.1,R_64MjAxTXtmHjKMx,choice_only,dailydilemmas,3,4,0.75,-0.6920861844549647,0.75,-0.5900790089224803,0.1020071755324844,0.0
0.05,1.0,0.1,R_64MjAxTXtmHjKMx,choice_only,dailydilemmas,4,4,1.0,-0.6918386995488164,1.0,-0.5532800152021845,0.13855868434663188,0.0
0.05,1.0,0.1,R_5B7Sbr53fSq1D3z,inference_affirm,dailydilemmas,0,4,1.0,-0.6924009679036246,0.75,-0.6494959403143366,0.04290502758928805,-0.25
0.05,1.0,0.1,R_5B7Sbr53fSq1D3z,inference_affirm,dailydilemmas,1,4,1.0,-0.6914967585051052,0.75,-0.5702873769293619,0.12120938157574324,-0.25
0.05,1.0,0.1,R_5B7Sbr53fSq1D3z,inference_affirm,dailydilemmas,2,4,0.5,-0.6916899171728221,0.5,-0.5972517692897651,0.09443814788305704,0.0
0.05,1.0,0.1,R_5B7Sbr53fSq1D3z,inference_affirm,dailydilemmas,3,4,0.5,-0.6925555829975424,0.5,-0.638642530474577,0.05391305252296541,0.0
0.05,1.0,0.1,R_5B7Sbr53fSq1D3z,inference_affirm,dailydilemmas,4,4,0.5,-0.6934639971088424,0.25,-0.7112921865708086,-0.017828189461966182,-0.25
0.05,1.0,0.1,R_7fTeTaHgGhgcqkN,inference_affirm,dailydilemmas,0,4,0.75,-0.6918140257887567,0.75,-0.5873460412465044,0.10446798454225237,0.0
0.05,1.0,0.1,R_7fTeTaHgGhgcqkN,inference_affirm,dailydilemmas,1,4,0.75,-0.6912834457678454,1.0,-0.5847996680606173,0.10648377770722806,0.25
0.05,1.0,0.1,R_7fTeTaHgGhgcqkN,inference_affirm,dailydilemmas,2,4,1.0,-0.6919592595083794,1.0,-0.5969720989460165,0.0949871605623629,0.0
0.05,1.0,0.1,R_7fTeTaHgGhgcqkN,inference_affirm,dailydilemmas,3,4,0.5,-0.6923729489017025,0.5,-0.6779375552267608,0.014435393674941732,0.0
0.05,1.0,0.1,R_7fTeTaHgGhgcqkN,inference_affirm,dailydilemmas,4,4,0.75,-0.6914575245591041,0.75,-0.607557594471386,0.08389993008771812,0.0
0.05,1.0,0.1,R_12tlw5u4cVbNiP1,inference_affirm,dailydilemmas,0,4,0.75,-0.6916294137246326,0.75,-0.5922435318919044,0.09938588183272823,0.0
0.05,1.0,0.1,R_12tlw5u4cVbNiP1,inference_affirm,dailydilemmas,1,4,0.5,-0.6922729032778986,0.5,-0.6329485885893809,0.05932431468851773,0.0
0.05,1.0,0.1,R_12tlw5u4cVbNiP1,inference_affirm,dailydilemmas,2,4,1.0,-0.6913990748711327,1.0,-0.5565749162135681,0.13482415865756459,0.0
0.05,1.0,0.1,R_12tlw5u4cVbNiP1,inference_affirm,dailydilemmas,3,4,0.75,-0.6917636640252386,0.75,-0.5746857864156657,0.11707787760957289,0.0
0.05,1.0,0.1,R_12tlw5u4cVbNiP1,inference_affirm,dailydilemmas,4,4,0.75,-0.6918227014195795,1.0,-0.5986460742139217,0.09317662720565778,0.25
0.05,1.0,0.15,R_5EfMjMbx1z8Kvhl,inference_categories,dailydilemmas,0,4,0.75,-0.6923275991814979,0.5,-0.6657059298025141,0.026621669378983803,-0.25
0.05,1.0,0.15,R_5EfMjMbx1z8Kvhl,inference_categories,dailydilemmas,1,4,0.5,-0.692107728588651,0.75,-0.6370691518189522,0.05503857676969881,0.25
0.05,1.0,0.15,R_5EfMjMbx1z8Kvhl,inference_categories,dailydilemmas,2,4,0.5,-0.6930055898490717,0.5,-0.6687884062504499,0.024217183598621794,0.0
0.05,1.0,0.15,R_5EfMjMbx1z8Kvhl,inference_categories,dailydilemmas,3,4,0.75,-0.6921698893625947,1.0,-0.5983977756325225,0.09377211373007222,0.25
0.05,1.0,0.15,R_5EfMjMbx1z8Kvhl,inference_categories,dailydilemmas,4,4,0.5,-0.6916124977152831,0.75,-0.5923974305243207,0.0992150671909624,0.25
0.05,1.0,0.15,R_56aT1YjmRtKACUH,inference_categories,dailydilemmas,0,4,0.75,-0.6928161057074206,0.75,-0.6595667513215502,0.0332493543858704,0.0
0.05,1.0,0.15,R_56aT1YjmRtKACUH,inference_categories,dailydilemmas,1,4,0.25,-0.6937101957354634,0.5,-0.7388062572213123,-0.04509606148584888,0.25
0.05,1.0,0.15,R_56aT1YjmRtKACUH,inference_categories,dailydilemmas,2,4,0.75,-0.6924772749383264,0.75,-0.6597425979068394,0.032734677031487025,0.0
0.05,1.0,0.15,R_56aT1YjmRtKACUH,inference_categories,dailydilemmas,3,4,0.75,-0.692553249130433,0.5,-0.6618665955087235,0.030686653621709525,-0.25
0.05,1.0,0.15,R_56aT1YjmRtKACUH,inference_categories,dailydilemmas,4,4,0.5,-0.6927715965415814,0.5,-0.6933222488712752,-0.0005506523296938681,0.0
0.05,1.0,0.15,R_3HS2lsaEfcZSuXu,inference_categories,dailydilemmas,0,4,1.0,-0.6922145708976619,0.75,-0.6104296041452926,0.08178496675236935,-0.25
0.05,1.0,0.15,R_3HS2lsaEfcZSuXu,inference_categories,dailydilemmas,1,4,0.5,-0.6935194048429342,0.5,-0.7658968060916793,-0.07237740124874514,0.0
0.05,1.0,0.15,R_3HS2lsaEfcZSuXu,inference_categories,dailydilemmas,2,4,0.5,-0.6928434999593708,0.5,-0.7021279577664655,-0.009284457807094748,0.0
0.05,1.0,0.15,R_3HS2lsaEfcZSuXu,inference_categories,dailydilemmas,3,4,0.5,-0.6925147737062834,0.75,-0.6190322669670678,0.07348250673921564,0.25
0.05,1.0,0.15,R_3HS2lsaEfcZSuXu,inference_categories,dailydilemmas,4,4,0.75,-0.6922641213528324,0.75,-0.6061957782337394,0.08606834311909306,0.0
0.05,1.0,0.15,R_6HoVfVJSFl7IrlL,inference_categories,dailydilemmas,0,4,0.75,-0.6928992813204569,0.5,-0.6852308649867627,0.007668416333694195,-0.25
0.05,1.0,0.15,R_6HoVfVJSFl7IrlL,inference_categories,dailydilemmas,1,4,0.75,-0.692487035620315,0.75,-0.6071561826702663,0.08533085295004872,0.0
0.05,1.0,0.15,R_6HoVfVJSFl7IrlL,inference_categories,dailydilemmas,2,4,0.25,-0.6934830207785968,0.5,-0.7320606059359885,-0.038577585157391736,0.25
0.05,1.0,0.15,R_6HoVfVJSFl7IrlL,inference_categories,dailydilemmas,3,4,0.75,-0.6924371284265671,1.0,-0.6295122220046978,0.06292490642186932,0.25
0.05,1.0,0.15,R_6HoVfVJSFl7IrlL,inference_categories,dailydilemmas,4,4,0.75,-0.691991702915315,0.75,-0.61258509443022,0.07940660848509495,0.0
0.05,1.0,0.15,R_5Q5TZ5csoblHSvA,inference_categories,dailydilemmas,0,4,0.5,-0.6932046971065635,0.25,-0.7383308095065211,-0.04512611239995756,-0.25
0.05,1.0,0.15,R_5Q5TZ5csoblHSvA,inference_categories,dailydilemmas,1,4,0.75,-0.6933010362528886,0.5,-0.6862515596165679,0.007049476636320717,-0.25
0.05,1.0,0.15,R_5Q5TZ5csoblHSvA,inference_categories,dailydilemmas,2,4,0.5,-0.6925393726246563,0.75,-0.6757976120728197,0.016741760551836515,0.25
0.05,1.0,0.15,R_5Q5TZ5csoblHSvA,inference_categories,dailydilemmas,3,4,0.25,-0.693672157233209,0.25,-0.7165119830728048,-0.022839825839595873,0.0
0.05,1.0,0.15,R_5Q5TZ5csoblHSvA,inference_categories,dailydilemmas,4,4,0.5,-0.6927479762012052,0.5,-0.6761542271860439,0.016593749015161308,0.0
0.05,1.0,0.15,R_18H831wJaDlPwgg,inference_categories,dailydilemmas,0,4,0.5,-0.6916147042699178,0.5,-0.6674895096604636,0.02412519460945417,0.0
0.05,1.0,0.15,R_18H831wJaDlPwgg,inference_categories,dailydilemmas,1,4,1.0,-0.6899870586634695,1.0,-0.5410843980735799,0.14890266058988966,0.0
0.05,1.0,0.15,R_18H831wJaDlPwgg,inference_categories,dailydilemmas,2,4,0.25,-0.6917238616310285,0.75,-0.5909877570194372,0.10073610461159133,0.5
0.05,1.0,0.15,R_18H831wJaDlPwgg,inference_categories,dailydilemmas,3,4,1.0,-0.6891156439819446,1.0,-0.47276335039241946,0.21635229358952512,0.0
0.05,1.0,0.15,R_18H831wJaDlPwgg,inference_categories,dailydilemmas,4,4,0.75,-0.6902118746874193,1.0,-0.5046833828982811,0.18552849178913822,0.25
0.05,1.0,0.15,R_12mMAseFwoOpgqC,inference_categories,dailydilemmas,0,4,0.75,-0.6923560192102111,0.5,-0.6483976925831045,0.043958326627106525,-0.25
0.05,1.0,0.15,R_12mMAseFwoOpgqC,inference_categories,dailydilemmas,1,4,0.5,-0.692708683905009,0.5,-0.6411908245550133,0.05151785934999564,0.0
0.05,1.0,0.15,R_12mMAseFwoOpgqC,inference_categories,dailydilemmas,2,4,0.5,-0.6938594465566419,0.5,-0.724641396492459,-0.030781949935817066,0.0
0.05,1.0,0.15,R_12mMAseFwoOpgqC,inference_categories,dailydilemmas,3,4,0.25,-0.693157141606494,0.5,-0.6892328418743279,0.0039242997321661255,0.25
0.05,1.0,0.15,R_12mMAseFwoOpgqC,inference_categories,dailydilemmas,4,4,0.75,-0.6923894076906529,0.5,-0.6380309960196471,0.05435841167100586,-0.25
0.05,1.0,0.15,R_7ojvA7NDI10RoKR,inference_categories,dailydilemmas,0,5,0.6,-0.6920068818772697,0.6,-0.6171874499960576,0.0748194318812121,0.0
0.05,1.0,0.15,R_7ojvA7NDI10RoKR,inference_categories,dailydilemmas,1,5,0.8,-0.6917348847637751,0.8,-0.5877628693281891,0.10397201543558598,0.0
0.05,1.0,0.15,R_7ojvA7NDI10RoKR,inference_categories,dailydilemmas,2,5,0.8,-0.6916545545853191,0.8,-0.6188234770835533,0.07283107750176576,0.0
0.05,1.0,0.15,R_7ojvA7NDI10RoKR,inference_categories,dailydilemmas,3,5,1.0,-0.6917046586626592,1.0,-0.5666526084516221,0.12505205021103705,0.0
0.05,1.0,0.15,R_5gbXjT8uFYXCo7E,inference_categories,dailydilemmas,0,4,0.25,-0.694026868559669,0.25,-0.7757831448840323,-0.08175627632436333,0.0
0.05,1.0,0.15,R_5gbXjT8uFYXCo7E,inference_categories,dailydilemmas,1,4,0.5,-0.6930937564136729,0.5,-0.6960598412178542,-0.002966084804181368,0.0
0.05,1.0,0.15,R_5gbXjT8uFYXCo7E,inference_categories,dailydilemmas,2,4,0.5,-0.6928904338246693,0.75,-0.6715259372164395,0.02136449660822981,0.25
0.05,1.0,0.15,R_5gbXjT8uFYXCo7E,inference_categories,dailydilemmas,3,4,0.75,-0.6928488703434292,0.75,-0.6624000908082304,0.030448779535198867,0.0
0.05,1.0,0.15,R_5gbXjT8uFYXCo7E,inference_categories,dailydilemmas,4,4,0.75,-0.6923363356652761,0.75,-0.6681821556206842,0.02415418004459191,0.0
0.05,1.0,0.15,R_7f9o7q4AZOoP4ot,inference_categories,dailydilemmas,0,4,0.5,-0.6928590408729023,0.5,-0.7026359341946407,-0.009776893321738367,0.0
0.05,1.0,0.15,R_7f9o7q4AZOoP4ot,inference_categories,dailydilemmas,1,4,0.25,-0.6940582712554482,0.25,-0.7651464296246935,-0.07108815836924531,0.0
0.05,1.0,0.15,R_7f9o7q4AZOoP4ot,inference_categories,dailydilemmas,2,4,0.25,-0.6938234561373877,0.0,-0.7329434206749652,-0.03911996453757749,-0.25
0.05,1.0,0.15,R_7f9o7q4AZOoP4ot,inference_categories,dailydilemmas,3,4,0.5,-0.6930868562810306,0.25,-0.7367841622795219,-0.04369730599849131,-0.25
0.05,1.0,0.15,R_7f9o7q4AZOoP4ot,inference_categories,dailydilemmas,4,4,0.25,-0.6937483224132927,0.25,-0.7845976476554295,-0.09084932524213685,0.0
0.05,1.0,0.15,R_1WHYlcDjJDcnUfD,inference_categories,dailydilemmas,0,4,0.25,-0.6936107817399355,0.5,-0.7090966259502868,-0.015485844210351263,0.25
0.05,1.0,0.15,R_1WHYlcDjJDcnUfD,inference_categories,dailydilemmas,1,4,0.75,-0.6927597897553112,0.75,-0.6770394664491759,0.015720323306135264,0.0
0.05,1.0,0.15,R_1WHYlcDjJDcnUfD,inference_categories,dailydilemmas,2,4,0.5,-0.692882790314926,0.75,-0.6827454806176861,0.010137309697239805,0.25
0.05,1.0,0.15,R_1WHYlcDjJDcnUfD,inference_categories,dailydilemmas,3,4,0.5,-0.6933126230141359,0.25,-0.7416366002187075,-0.0483239772045716,-0.25
0.05,1.0,0.15,R_1WHYlcDjJDcnUfD,inference_categories,dailydilemmas,4,4,0.5,-0.6933165620073277,0.75,-0.6907464443611686,0.002570117646159109,0.25
0.05,1.0,0.15,R_6Q0gBjey6IdfZpf,inference_categories,dailydilemmas,0,4,0.75,-0.6921669564928575,0.75,-0.6166392681993902,0.07552768829346734,0.0
0.05,1.0,0.15,R_6Q0gBjey6IdfZpf,inference_categories,dailydilemmas,1,4,1.0,-0.6919515344248186,1.0,-0.6013746640864582,0.09057687033836037,0.0
0.05,1.0,0.15,R_6Q0gBjey6IdfZpf,inference_categories,dailydilemmas,2,4,0.75,-0.6922742370254034,0.75,-0.6077911370644373,0.08448309996096603,0.0
0.05,1.0,0.15,R_6Q0gBjey6IdfZpf,inference_categories,dailydilemmas,3,4,0.75,-0.6922809472749593,0.75,-0.6427715612134884,0.04950938606147082,0.0
0.05,1.0,0.15,R_6Q0gBjey6IdfZpf,inference_categories,dailydilemmas,4,4,0.5,-0.6923239171830518,0.75,-0.6039886848974974,0.0883352322855544,0.25
0.05,1.0,0.15,R_1wzohnjOPhN82Wd,inference_categories,dailydilemmas,0,4,0.75,-0.6912657817430935,0.75,-0.6261502674773001,0.06511551426579343,0.0
0.05,1.0,0.15,R_1wzohnjOPhN82Wd,inference_categories,dailydilemmas,1,4,0.75,-0.6910091198303364,0.75,-0.6040129461583578,0.08699617367197865,0.0
0.05,1.0,0.15,R_1wzohnjOPhN82Wd,inference_categories,dailydilemmas,2,4,0.75,-0.6916135310151922,0.75,-0.5692789342210482,0.12233459679414393,0.0
0.05,1.0,0.15,R_1wzohnjOPhN82Wd,inference_categories,dailydilemmas,3,4,0.75,-0.6912827721934094,1.0,-0.5888617052934424,0.102421066899967,0.25
0.05,1.0,0.15,R_1wzohnjOPhN82Wd,inference_categories,dailydilemmas,4,4,0.25,-0.6945114868894781,0.25,-0.7565654399386497,-0.062053953049171606,0.0
0.05,1.0,0.15,R_70kbQcqJL4Tkq6B,inference_categories,dailydilemmas,0,4,0.5,-0.693099326816225,0.5,-0.7436928960884972,-0.05059356927227221,0.0
0.05,1.0,0.15,R_70kbQcqJL4Tkq6B,inference_categories,dailydilemmas,1,4,0.5,-0.6935456776381743,0.5,-0.707729698615684,-0.014184020977509704,0.0
0.05,1.0,0.15,R_70kbQcqJL4Tkq6B,inference_categories,dailydilemmas,2,4,1.0,-0.6903881142268726,0.75,-0.5938230045555576,0.09656510967131504,-0.25
0.05,1.0,0.15,R_70kbQcqJL4Tkq6B,inference_categories,dailydilemmas,3,4,0.75,-0.6910186881848221,0.75,-0.6264210129288353,0.06459767525598681,0.0
0.05,1.0,0.15,R_70kbQcqJL4Tkq6B,inference_categories,dailydilemmas,4,4,0.75,-0.6910584094419714,1.0,-0.586892104186177,0.1041663052557944,0.25
0.05,1.0,0.15,R_6rftRMhNP0o6boD,inference_categories,dailydilemmas,0,4,0.25,-0.6927920742765155,0.5,-0.6690553303760041,0.023736743900511392,0.25
0.05,1.0,0.15,R_6rftRMhNP0o6boD,inference_categories,dailydilemmas,1,4,0.5,-0.6924913932327733,0.5,-0.6852727315999394,0.0072186616328339115,0.0
0.05,1.0,0.15,R_6rftRMhNP0o6boD,inference_categories,dailydilemmas,2,4,0.75,-0.6930215747126403,0.5,-0.7357528066460247,-0.04273123193338446,-0.25
0.05,1.0,0.15,R_6rftRMhNP0o6boD,inference_categories,dailydilemmas,3,4,0.75,-0.6913539511353748,0.75,-0.621296750118729,0.07005720101664581,0.0
0.05,1.0,0.15,R_6rftRMhNP0o6boD,inference_categories,dailydilemmas,4,4,1.0,-0.6911317756524363,1.0,-0.6275352459126182,0.06359652973981811,0.0
0.05,1.0,0.15,R_6jv2PrGBJcO4of6,inference_categories,dailydilemmas,0,4,1.0,-0.6913708595536875,1.0,-0.5390330182338265,0.15233784131986094,0.0
0.05,1.0,0.15,R_6jv2PrGBJcO4of6,inference_categories,dailydilemmas,1,4,0.75,-0.6912995160513344,1.0,-0.6054396260799626,0.08585988997137184,0.25
0.05,1.0,0.15,R_6jv2PrGBJcO4of6,inference_categories,dailydilemmas,2,4,0.5,-0.6926591280607736,0.5,-0.6803421936778861,0.012316934382887501,0.0
0.05,1.0,0.15,R_6jv2PrGBJcO4of6,inference_categories,dailydilemmas,3,4,0.75,-0.6920955861097676,0.75,-0.6265575136149949,0.06553807249477273,0.0
0.05,1.0,0.15,R_6jv2PrGBJcO4of6,inference_categories,dailydilemmas,4,4,0.5,-0.6944162521312823,0.5,-0.8256691036331633,-0.13125285150188093,0.0
0.05,1.0,0.15,R_1dHqTtKKq3yQvmX,inference_categories,dailydilemmas,0,4,0.75,-0.6901793664806752,0.75,-0.5383536227067909,0.15182574377388436,0.0
0.05,1.0,0.15,R_1dHqTtKKq3yQvmX,inference_categories,dailydilemmas,1,4,0.5,-0.6905398035230048,0.5,-0.5769415904510292,0.1135982130719756,0.0
0.05,1.0,0.15,R_1dHqTtKKq3yQvmX,inference_categories,dailydilemmas,2,4,0.75,-0.6916850396000928,0.75,-0.5964191595993174,0.0952658800007754,0.0
0.05,1.0,0.15,R_1dHqTtKKq3yQvmX,inference_categories,dailydilemmas,3,4,0.75,-0.6917166981820564,0.75,-0.6342458254398293,0.057470872742227064,0.0
0.05,1.0,0.15,R_1dHqTtKKq3yQvmX,inference_categories,dailydilemmas,4,4,0.75,-0.6905830384527758,0.75,-0.527264083300945,0.1633189551518308,0.0
0.05,1.0,0.15,R_1P81VK8fH860C4V,inference_categories,dailydilemmas,0,4,1.0,-0.6920433577900249,1.0,-0.5965856684104714,0.09545768937955346,0.0
0.05,1.0,0.15,R_1P81VK8fH860C4V,inference_categories,dailydilemmas,1,4,1.0,-0.6919164570325738,1.0,-0.5186609568465104,0.1732555001860634,0.0
0.05,1.0,0.15,R_1P81VK8fH860C4V,inference_categories,dailydilemmas,2,4,0.75,-0.6928577825296892,0.75,-0.6008134281258429,0.09204435440384628,0.0
0.05,1.0,0.15,R_1P81VK8fH860C4V,inference_categories,dailydilemmas,3,4,0.25,-0.6932254130917721,0.5,-0.6870737058219291,0.006151707269843043,0.25
0.05,1.0,0.15,R_1P81VK8fH860C4V,inference_categories,dailydilemmas,4,4,1.0,-0.6913179800919581,1.0,-0.5290537703142075,0.16226420977775058,0.0
0.05,1.0,0.15,R_7go085j249AymBb,inference_categories,dailydilemmas,0,4,0.5,-0.6920457681275483,0.5,-0.6183239649813964,0.07372180314615184,0.0
0.05,1.0,0.15,R_7go085j249AymBb,inference_categories,dailydilemmas,1,4,0.75,-0.6918687893093179,0.75,-0.5872338571117163,0.10463493219760167,0.0
0.05,1.0,0.15,R_7go085j249AymBb,inference_categories,dailydilemmas,2,4,0.75,-0.6916919699910548,1.0,-0.5701413019247862,0.12155066806626857,0.25
0.05,1.0,0.15,R_7go085j249AymBb,inference_categories,dailydilemmas,3,4,0.75,-0.6921476975615788,0.75,-0.6068266410621779,0.08532105649940092,0.0
0.05,1.0,0.15,R_7go085j249AymBb,inference_categories,dailydilemmas,4,4,0.5,-0.6933859969559947,0.5,-0.7199708515148286,-0.02658485455883397,0.0
0.05,1.0,0.15,R_6xzSCFMWRhzZIRg,inference_categories,dailydilemmas,0,4,0.25,-0.6927821561848767,0.25,-0.6683544676826467,0.024427688502229983,0.0
0.05,1.0,0.15,R_6xzSCFMWRhzZIRg,inference_categories,dailydilemmas,1,4,0.75,-0.6925641341245401,0.75,-0.639013122666993,0.05355101145754715,0.0
0.05,1.0,0.15,R_6xzSCFMWRhzZIRg,inference_categories,dailydilemmas,2,4,0.75,-0.6928042560852457,0.75,-0.6421648000290254,0.05063945605622022,0.0
0.05,1.0,0.15,R_6xzSCFMWRhzZIRg,inference_categories,dailydilemmas,3,4,1.0,-0.6921312027011314,1.0,-0.6156500108212949,0.07648119187983649,0.0
0.05,1.0,0.15,R_6xzSCFMWRhzZIRg,inference_categories,dailydilemmas,4,4,0.75,-0.6925934243944709,0.75,-0.6519484884060484,0.04064493598842256,0.0
0.05,1.0,0.15,R_5EychZPB1u00qZH,inference_categories,dailydilemmas,0,4,1.0,-0.6915691978027982,0.75,-0.5520768301270411,0.13949236767575712,-0.25
0.05,1.0,0.15,R_5EychZPB1u00qZH,inference_categories,dailydilemmas,1,4,0.5,-0.6922579912654148,0.5,-0.6257794702649737,0.06647852100044105,0.0
0.05,1.0,0.15,R_5EychZPB1u00qZH,inference_categories,dailydilemmas,2,4,1.0,-0.6920351292436367,1.0,-0.5864225819731048,0.10561254727053193,0.0
0.05,1.0,0.15,R_5EychZPB1u00qZH,inference_categories,dailydilemmas,3,4,1.0,-0.6918581079995139,1.0,-0.5555283566059408,0.13632975139357306,0.0
0.05,1.0,0.15,R_5EychZPB1u00qZH,inference_categories,dailydilemmas,4,4,0.25,-0.693113923592781,0.25,-0.7375535163914317,-0.04443959279865073,0.0
0.05,1.0,0.15,R_59glCvaBnt5WTU6,inference_categories,dailydilemmas,0,4,0.5,-0.6934585289871318,0.5,-0.7103839741488653,-0.016925445161733554,0.0
0.05,1.0,0.15,R_59glCvaBnt5WTU6,inference_categories,dailydilemmas,1,4,0.75,-0.6924249223884483,0.75,-0.6025916275377982,0.08983329485065017,0.0
0.05,1.0,0.15,R_59glCvaBnt5WTU6,inference_categories,dailydilemmas,2,4,0.75,-0.6921256744126439,1.0,-0.5938830146141726,0.09824265979847135,0.25
0.05,1.0,0.15,R_59glCvaBnt5WTU6,inference_categories,dailydilemmas,3,4,0.75,-0.6923140677501498,0.75,-0.6180471882226105,0.0742668795275393,0.0
0.05,1.0,0.15,R_59glCvaBnt5WTU6,inference_categories,dailydilemmas,4,4,0.75,-0.6924660984930848,0.75,-0.6508721725678757,0.04159392592520916,0.0
0.05,1.0,0.15,R_1nBL27EvLs0Bkk4,inference_categories,dailydilemmas,0,4,0.5,-0.6925040934732599,0.5,-0.6265106023629594,0.0659934911103005,0.0
0.05,1.0,0.15,R_1nBL27EvLs0Bkk4,inference_categories,dailydilemmas,1,4,0.25,-0.693942222109138,0.5,-0.7711105251358055,-0.07716830302666744,0.25
0.05,1.0,0.15,R_1nBL27EvLs0Bkk4,inference_categories,dailydilemmas,2,4,0.75,-0.6912821629528922,0.75,-0.6007812790225555,0.09050088393033673,0.0
0.05,1.0,0.15,R_1nBL27EvLs0Bkk4,inference_categories,dailydilemmas,3,4,0.5,-0.6924616239598635,0.75,-0.6536169226586043,0.03884470130125928,0.25
0.05,1.0,0.15,R_1nBL27EvLs0Bkk4,inference_categories,dailydilemmas,4,4,1.0,-0.6911718043804796,1.0,-0.5692734295914875,0.12189837478899213,0.0
0.05,1.0,0.15,R_6FsUQnzEYAQwtwa,inference_categories,dailydilemmas,0,4,0.75,-0.6927384253042169,1.0,-0.6601788270980267,0.032559598206190254,0.25
0.05,1.0,0.15,R_6FsUQnzEYAQwtwa,inference_categories,dailydilemmas,1,4,0.5,-0.6927163458859349,0.25,-0.6836940284450774,0.009022317440857464,-0.25
0.05,1.0,0.15,R_6FsUQnzEYAQwtwa,inference_categories,dailydilemmas,2,4,0.5,-0.6932754640605925,0.75,-0.6666992886688862,0.026576175391706314,0.25
0.05,1.0,0.15,R_6FsUQnzEYAQwtwa,inference_categories,dailydilemmas,3,4,0.75,-0.6926125292192916,0.75,-0.7018944275789929,-0.00928189835970128,0.0
0.05,1.0,0.15,R_6FsUQnzEYAQwtwa,inference_categories,dailydilemmas,4,4,0.75,-0.6926171705827615,0.5,-0.6513032981056784,0.04131387247708307,-0.25
0.05,1.0,0.15,R_5pX1jjp1Yu1RSN7,inference_categories,dailydilemmas,0,4,1.0,-0.6916563926178843,1.0,-0.5714104344635943,0.12024595815428996,0.0
0.05,1.0,0.15,R_5pX1jjp1Yu1RSN7,inference_categories,dailydilemmas,1,4,0.75,-0.6913416045752215,0.5,-0.5746223555125185,0.11671924906270303,-0.25
0.05,1.0,0.15,R_5pX1jjp1Yu1RSN7,inference_categories,dailydilemmas,2,4,0.75,-0.6917451406050665,0.75,-0.5715398800089,0.12020526059616654,0.0
0.05,1.0,0.15,R_5pX1jjp1Yu1RSN7,inference_categories,dailydilemmas,3,4,0.75,-0.6915415809271314,0.75,-0.6172432567883546,0.0742983241387768,0.0
0.05,1.0,0.15,R_5pX1jjp1Yu1RSN7,inference_categories,dailydilemmas,4,4,0.25,-0.6954732529707177,0.25,-0.8584510102157723,-0.1629777572450546,0.0
0.05,1.0,0.15,R_5DY1mtPtJpWz8WC,inference_categories,dailydilemmas,0,5,1.0,-0.6901900358599771,1.0,-0.4393526118736573,0.25083742398631975,0.0
0.05,1.0,0.15,R_5DY1mtPtJpWz8WC,inference_categories,dailydilemmas,1,5,0.6,-0.6912324351004475,0.8,-0.5460752751974176,0.1451571599030299,0.20000000000000007
0.05,1.0,0.15,R_5DY1mtPtJpWz8WC,inference_categories,dailydilemmas,2,5,0.8,-0.691829432035987,0.8,-0.587550711876613,0.104278720159374,0.0
0.05,1.0,0.15,R_5DY1mtPtJpWz8WC,inference_categories,dailydilemmas,3,5,0.6,-0.6903303706504949,0.6,-0.5011623145943584,0.1891680560561364,0.0
0.05,1.0,0.15,R_1PN3SGDWOMibPAh,inference_categories,dailydilemmas,0,4,0.75,-0.6919509454770811,1.0,-0.5943622367602264,0.09758870871685477,0.25
0.05,1.0,0.15,R_1PN3SGDWOMibPAh,inference_categories,dailydilemmas,1,4,0.5,-0.693423134032705,0.5,-0.743470842114538,-0.05004770808183301,0.0
0.05,1.0,0.15,R_1PN3SGDWOMibPAh,inference_categories,dailydilemmas,2,4,0.5,-0.692956189895669,0.75,-0.6531682760821712,0.03978791381349778,0.25
0.05,1.0,0.15,R_1PN3SGDWOMibPAh,inference_categories,dailydilemmas,3,4,0.5,-0.6922843616630568,0.5,-0.637484033145358,0.05480032851769889,0.0
0.05,1.0,0.15,R_1PN3SGDWOMibPAh,inference_categories,dailydilemmas,4,4,1.0,-0.6918221546867992,1.0,-0.612448964082487,0.07937319060431225,0.0
0.05,1.0,0.15,R_3SrBXsc2uYrsSZz,inference_categories,dailydilemmas,0,4,0.5,-0.6921819867098238,0.75,-0.628947950083111,0.06323403662671279,0.25
0.05,1.0,0.15,R_3SrBXsc2uYrsSZz,inference_categories,dailydilemmas,1,4,0.75,-0.6927603848918005,0.5,-0.703089540434849,-0.010329155543048474,-0.25
0.05,1.0,0.15,R_3SrBXsc2uYrsSZz,inference_categories,dailydilemmas,2,4,0.5,-0.6928712779217644,0.5,-0.7392741860141138,-0.04640290809234937,0.0
0.05,1.0,0.15,R_3SrBXsc2uYrsSZz,inference_categories,dailydilemmas,3,4,0.75,-0.6917737093762071,0.75,-0.5817356526490878,0.1100380567271193,0.0
0.05,1.0,0.15,R_3SrBXsc2uYrsSZz,inference_categories,dailydilemmas,4,4,1.0,-0.691789791299691,1.0,-0.5901322070317206,0.10165758426797034,0.0
0.05,1.0,0.15,R_7rNeEq8TvAxjqdL,inference_categories,dailydilemmas,0,4,0.75,-0.6911846470944386,0.75,-0.5539173052474874,0.13726734184695122,0.0
0.05,1.0,0.15,R_7rNeEq8TvAxjqdL,inference_categories,dailydilemmas,1,4,0.75,-0.69164818192401,0.75,-0.57324047452181,0.11840770740219997,0.0
0.05,1.0,0.15,R_7rNeEq8TvAxjqdL,inference_categories,dailydilemmas,2,4,1.0,-0.6907843678215682,1.0,-0.5244972515674848,0.16628711625408332,0.0
0.05,1.0,0.15,R_7rNeEq8TvAxjqdL,inference_categories,dailydilemmas,3,4,0.75,-0.6922579415528716,0.5,-0.6737179917138564,0.01853994983901519,-0.25
0.05,1.0,0.15,R_7rNeEq8TvAxjqdL,inference_categories,dailydilemmas,4,4,0.75,-0.6916794143622071,0.75,-0.5837718029435283,0.10790761141867888,0.0
0.05,1.0,0.15,R_7QAkOtO6FETwKSv,inference_categories,dailydilemmas,0,4,0.5,-0.6935653153634046,0.5,-0.764794235276182,-0.07122891991277736,0.0
0.05,1.0,0.15,R_7QAkOtO6FETwKSv,inference_categories,dailydilemmas,1,4,0.75,-0.6922413992091314,0.75,-0.6571728002190846,0.03506859899004677,0.0
0.05,1.0,0.15,R_7QAkOtO6FETwKSv,inference_categories,dailydilemmas,2,4,0.5,-0.6929267303893999,0.5,-0.7553687857913488,-0.062442055401948915,0.0
0.05,1.0,0.15,R_7QAkOtO6FETwKSv,inference_categories,dailydilemmas,3,4,1.0,-0.6920532080201354,0.25,-0.7039240899490602,-0.011870881928924826,-0.75
0.05,1.0,0.15,R_7QAkOtO6FETwKSv,inference_categories,dailydilemmas,4,4,0.5,-0.692874388257928,0.5,-0.7079327403303481,-0.015058352072420123,0.0
0.05,1.0,0.15,R_6gCrJV80LvD23XK,choice_only,dailydilemmas,0,4,0.5,-0.693771785100323,0.5,-0.7623043658938501,-0.06853258079352709,0.0
0.05,1.0,0.15,R_6gCrJV80LvD23XK,choice_only,dailydilemmas,1,4,1.0,-0.6920506137011905,1.0,-0.5697211733364957,0.12232944036469473,0.0
0.05,1.0,0.15,R_6gCrJV80LvD23XK,choice_only,dailydilemmas,2,4,0.75,-0.692272194395104,0.75,-0.6406146439800595,0.051657550415044495,0.0
0.05,1.0,0.15,R_6gCrJV80LvD23XK,choice_only,dailydilemmas,3,4,0.25,-0.6935722697383494,0.25,-0.7311366754598347,-0.03756440572148534,0.0
0.05,1.0,0.15,R_6gCrJV80LvD23XK,choice_only,dailydilemmas,4,4,0.5,-0.69288341392352,0.5,-0.6717138202882612,0.021169593635258832,0.0
0.05,1.0,0.15,R_7SrhV7HvgsG1fvA,choice_only,dailydilemmas,0,4,0.5,-0.6919869228690966,0.5,-0.6417624386169318,0.05022448425216475,0.0
0.05,1.0,0.15,R_7SrhV7HvgsG1fvA,choice_only,dailydilemmas,1,4,0.75,-0.6927850648558612,1.0,-0.6622367556811984,0.03054830917466278,0.25
0.05,1.0,0.15,R_7SrhV7HvgsG1fvA,choice_only,dailydilemmas,2,4,0.5,-0.6932548429514276,0.5,-0.7341229189156817,-0.040868075964254125,0.0
0.05,1.0,0.15,R_7SrhV7HvgsG1fvA,choice_only,dailydilemmas,3,4,0.75,-0.6925621208023383,1.0,-0.6488511870437993,0.04371093375853896,0.25
0.05,1.0,0.15,R_7SrhV7HvgsG1fvA,choice_only,dailydilemmas,4,4,0.0,-0.694777709820397,0.0,-0.8150445773756837,-0.1202668675552867,0.0
0.05,1.0,0.15,R_5aLcKnMSH0hrVLH,choice_only,dailydilemmas,0,4,1.0,-0.6923263146045625,1.0,-0.6038746553856295,0.08845165921893305,0.0
0.05,1.0,0.15,R_5aLcKnMSH0hrVLH,choice_only,dailydilemmas,1,4,1.0,-0.691702529524409,0.75,-0.6040561315310526,0.08764639799335638,-0.25
0.05,1.0,0.15,R_5aLcKnMSH0hrVLH,choice_only,dailydilemmas,2,4,0.75,-0.6924378717203983,0.5,-0.636056588269835,0.05638128345056326,-0.25
0.05,1.0,0.15,R_5aLcKnMSH0hrVLH,choice_only,dailydilemmas,3,4,1.0,-0.6922143155928429,1.0,-0.6562703667345263,0.03594394885831653,0.0
0.05,1.0,0.15,R_5aLcKnMSH0hrVLH,choice_only,dailydilemmas,4,4,0.5,-0.6935217086981267,0.5,-0.7644273510255217,-0.07090564232739505,0.0
0.05,1.0,0.15,R_6E6esO9YjIptSgZ,choice_only,dailydilemmas,0,5,0.4,-0.6933243109022651,0.4,-0.7054602416980122,-0.012135930795747152,0.0
0.05,1.0,0.15,R_6E6esO9YjIptSgZ,choice_only,dailydilemmas,1,5,0.4,-0.6935058840958112,0.4,-0.6820935462427143,0.01141233785309681,0.0
0.05,1.0,0.15,R_6E6esO9YjIptSgZ,choice_only,dailydilemmas,2,5,0.4,-0.693025151606699,1.0,-0.6447133923943393,0.04831175921235964,0.6
0.05,1.0,0.15,R_6E6esO9YjIptSgZ,choice_only,dailydilemmas,3,5,0.4,-0.693228696324342,0.4,-0.6870833082646364,0.006145388059705659,0.0
0.05,1.0,0.15,R_1MCxQvFXsgFj9AZ,choice_only,dailydilemmas,0,4,0.0,-0.6941318405634145,0.5,-0.7124398208359541,-0.01830798027253966,0.5
0.05,1.0,0.15,R_1MCxQvFXsgFj9AZ,choice_only,dailydilemmas,1,4,0.75,-0.6930678237544948,0.5,-0.6862570048935281,0.006810818860966683,-0.25
0.05,1.0,0.15,R_1MCxQvFXsgFj9AZ,choice_only,dailydilemmas,2,4,0.25,-0.6935068931572397,0.25,-0.7521454362139278,-0.05863854305668814,0.0
0.05,1.0,0.15,R_1MCxQvFXsgFj9AZ,choice_only,dailydilemmas,3,4,0.25,-0.6936224990050501,0.25,-0.7175711700858988,-0.023948671080848638,0.0
0.05,1.0,0.15,R_1MCxQvFXsgFj9AZ,choice_only,dailydilemmas,4,4,0.75,-0.6930774068097307,0.5,-0.6906203734669647,0.002457033342766035,-0.25
0.05,1.0,0.15,R_3JfmC4gRU1JpbNv,choice_only,dailydilemmas,0,4,0.75,-0.691414093721901,0.75,-0.5835649645602115,0.10784912916168954,0.0
0.05,1.0,0.15,R_3JfmC4gRU1JpbNv,choice_only,dailydilemmas,1,4,1.0,-0.6911231568843574,1.0,-0.5451955575526863,0.1459275993316711,0.0
0.05,1.0,0.15,R_3JfmC4gRU1JpbNv,choice_only,dailydilemmas,2,4,0.5,-0.6937110318112766,0.5,-0.7168610759186562,-0.02315004410737964,0.0
0.05,1.0,0.15,R_3JfmC4gRU1JpbNv,choice_only,dailydilemmas,3,4,0.5,-0.6933484607438867,0.5,-0.6683160778098595,0.02503238293402721,0.0
0.05,1.0,0.15,R_3JfmC4gRU1JpbNv,choice_only,dailydilemmas,4,4,1.0,-0.691460935575063,1.0,-0.5597013328433629,0.13175960273170018,0.0
0.05,1.0,0.15,R_7QGHM1iZnW1jfRx,choice_only,dailydilemmas,0,4,0.5,-0.6933461948959684,0.5,-0.6948283927692911,-0.0014821978733227104,0.0
0.05,1.0,0.15,R_7QGHM1iZnW1jfRx,choice_only,dailydilemmas,1,4,0.5,-0.6933979723363053,0.5,-0.7209386001075477,-0.027540627771242443,0.0
0.05,1.0,0.15,R_7QGHM1iZnW1jfRx,choice_only,dailydilemmas,2,4,0.5,-0.692723397096704,0.25,-0.7037469315006161,-0.011023534403912016,-0.25
0.05,1.0,0.15,R_7QGHM1iZnW1jfRx,choice_only,dailydilemmas,3,4,0.75,-0.693106248193503,0.75,-0.6771035103274408,0.01600273786606221,0.0
0.05,1.0,0.15,R_7QGHM1iZnW1jfRx,choice_only,dailydilemmas,4,4,0.25,-0.6938567634717323,0.25,-0.7315161765973378,-0.0376594131256055,0.0
0.05,1.0,0.15,R_6rBDZvDRiktj92h,choice_only,dailydilemmas,0,4,0.75,-0.6919508583886247,0.5,-0.6576226122615974,0.03432824612702734,-0.25
0.05,1.0,0.15,R_6rBDZvDRiktj92h,choice_only,dailydilemmas,1,4,0.5,-0.6920848654673555,0.5,-0.6340945475415577,0.057990317925797785,0.0
0.05,1.0,0.15,R_6rBDZvDRiktj92h,choice_only,dailydilemmas,2,4,0.75,-0.6926821806338346,0.75,-0.6894457847696365,0.003236395864198105,0.0
0.05,1.0,0.15,R_6rBDZvDRiktj92h,choice_only,dailydilemmas,3,4,0.5,-0.6925047484490472,0.5,-0.6904190397927643,0.002085708656282881,0.0
0.05,1.0,0.15,R_6rBDZvDRiktj92h,choice_only,dailydilemmas,4,4,0.5,-0.6936433799394314,0.5,-0.7484311058612259,-0.05478772592179448,0.0
0.05,1.0,0.15,R_7DZXdu8GHiSZQbw,choice_only,dailydilemmas,0,5,0.8,-0.6915098669160649,0.8,-0.5863664282285799,0.10514343868748499,0.0
0.05,1.0,0.15,R_7DZXdu8GHiSZQbw,choice_only,dailydilemmas,1,5,0.6,-0.690806185488559,0.6,-0.5610037277517576,0.12980245773680144,0.0
0.05,1.0,0.15,R_7DZXdu8GHiSZQbw,choice_only,dailydilemmas,2,5,0.8,-0.6908536245536288,0.8,-0.5441739976727319,0.14667962688089686,0.0
0.05,1.0,0.15,R_7DZXdu8GHiSZQbw,choice_only,dailydilemmas,3,5,0.8,-0.6915137653328134,0.8,-0.6070427638433438,0.08447100148946962,0.0
0.05,1.0,0.15,R_3wNdGb7QZmozWdV,inference_affirm,dailydilemmas,0,4,0.75,-0.6925585495452946,0.5,-0.6911308989969414,0.0014276505483532542,-0.25
0.05,1.0,0.15,R_3wNdGb7QZmozWdV,inference_affirm,dailydilemmas,1,4,0.5,-0.692981251064235,0.5,-0.6954530960347157,-0.0024718449704806966,0.0
0.05,1.0,0.15,R_3wNdGb7QZmozWdV,inference_affirm,dailydilemmas,2,4,0.25,-0.693020012554981,0.25,-0.7299811329226038,-0.03696112036762278,0.0
0.05,1.0,0.15,R_3wNdGb7QZmozWdV,inference_affirm,dailydilemmas,3,4,1.0,-0.6923061806371242,0.75,-0.6518159410548161,0.04049023958230813,-0.25
0.05,1.0,0.15,R_3wNdGb7QZmozWdV,inference_affirm,dailydilemmas,4,4,0.75,-0.6922461602262034,0.5,-0.6503930452721942,0.04185311495400923,-0.25
0.05,1.0,0.15,R_54BDOExpKqNLP7U,choice_only,dailydilemmas,0,5,1.0,-0.690222392201228,1.0,-0.48126444010797814,0.2089579520932499,0.0
0.05,1.0,0.15,R_54BDOExpKqNLP7U,choice_only,dailydilemmas,1,5,0.8,-0.6912457920133276,1.0,-0.5455707397582685,0.14567505225505906,0.19999999999999996
0.05,1.0,0.15,R_54BDOExpKqNLP7U,choice_only,dailydilemmas,2,5,0.6,-0.6923603456842805,0.6,-0.6535029266555555,0.03885741902872497,0.0
0.05,1.0,0.15,R_54BDOExpKqNLP7U,choice_only,dailydilemmas,3,5,0.8,-0.6900271794005838,1.0,-0.45526903526251045,0.23475814413807333,0.19999999999999996
0.05,1.0,0.15,R_7FP7x1oOPEhKFnt,choice_only,dailydilemmas,0,4,1.0,-0.6919280667454282,1.0,-0.56693140574824,0.1249966609971882,0.0
0.05,1.0,0.15,R_7FP7x1oOPEhKFnt,choice_only,dailydilemmas,1,4,0.5,-0.6928210627175507,1.0,-0.6376487734914849,0.055172289226065874,0.5
0.05,1.0,0.15,R_7FP7x1oOPEhKFnt,choice_only,dailydilemmas,2,4,1.0,-0.6925045821357162,0.75,-0.6363857154031342,0.05611886673258204,-0.25
0.05,1.0,0.15,R_7FP7x1oOPEhKFnt,choice_only,dailydilemmas,3,4,0.75,-0.6929586161800017,0.75,-0.6989295939911883,-0.005970977811186606,0.0
0.05,1.0,0.15,R_7FP7x1oOPEhKFnt,choice_only,dailydilemmas,4,4,0.75,-0.6921518574026817,0.5,-0.6311519486558198,0.0609999087468619,-0.25
0.05,1.0,0.15,R_3RlcXTweCHzrYtz,choice_only,dailydilemmas,0,4,0.75,-0.692169622767719,0.75,-0.6155333313118719,0.07663629145584705,0.0
0.05,1.0,0.15,R_3RlcXTweCHzrYtz,choice_only,dailydilemmas,1,4,0.5,-0.6921245155651763,0.5,-0.6342384516509667,0.057886063914209585,0.0
0.05,1.0,0.15,R_3RlcXTweCHzrYtz,choice_only,dailydilemmas,2,4,0.25,-0.6934837659178836,0.5,-0.7216831147169033,-0.02819934879901964,0.25
0.05,1.0,0.15,R_3RlcXTweCHzrYtz,choice_only,dailydilemmas,3,4,0.5,-0.6932357233524356,0.5,-0.7100179709255303,-0.016782247573094766,0.0
0.05,1.0,0.15,R_3RlcXTweCHzrYtz,choice_only,dailydilemmas,4,4,0.75,-0.6924225385240101,0.75,-0.6077533487113486,0.08466918981266158,0.0
0.05,1.0,0.15,R_64MjAxTXtmHjKMx,choice_only,dailydilemmas,0,4,0.5,-0.6926941351033684,0.5,-0.6521466147298527,0.04054752037351572,0.0
0.05,1.0,0.15,R_64MjAxTXtmHjKMx,choice_only,dailydilemmas,1,4,0.25,-0.6940710556215365,0.25,-0.676927110671755,0.017143944949781442,0.0
0.05,1.0,0.15,R_64MjAxTXtmHjKMx,choice_only,dailydilemmas,2,4,0.25,-0.6938039134381895,0.25,-0.792382275499179,-0.09857836206098947,0.0
0.05,1.0,0.15,R_64MjAxTXtmHjKMx,choice_only,dailydilemmas,3,4,0.75,-0.6920861844549647,0.75,-0.5900790089224803,0.1020071755324844,0.0
0.05,1.0,0.15,R_64MjAxTXtmHjKMx,choice_only,dailydilemmas,4,4,1.0,-0.6918386995488164,1.0,-0.5532800152021845,0.13855868434663188,0.0
0.05,1.0,0.15,R_5B7Sbr53fSq1D3z,inference_affirm,dailydilemmas,0,4,1.0,-0.6924009679036246,0.75,-0.651821333733807,0.04057963416981758,-0.25
0.05,1.0,0.15,R_5B7Sbr53fSq1D3z,inference_affirm,dailydilemmas,1,4,1.0,-0.6914967585051052,0.75,-0.5728871296089566,0.11860962889614857,-0.25
0.05,1.0,0.15,R_5B7Sbr53fSq1D3z,inference_affirm,dailydilemmas,2,4,0.5,-0.6916899171728221,0.5,-0.5973533950255172,0.09433652214730492,0.0
0.05,1.0,0.15,R_5B7Sbr53fSq1D3z,inference_affirm,dailydilemmas,3,4,0.5,-0.6925555829975424,0.5,-0.6356042372008415,0.056951345796700914,0.0
0.05,1.0,0.15,R_5B7Sbr53fSq1D3z,inference_affirm,dailydilemmas,4,4,0.5,-0.6934639971088424,0.25,-0.7117474811331326,-0.018283484024290142,-0.25
0.05,1.0,0.15,R_7fTeTaHgGhgcqkN,inference_affirm,dailydilemmas,0,4,0.75,-0.6918140257887567,0.75,-0.5901453895460393,0.10166863624271738,0.0
0.05,1.0,0.15,R_7fTeTaHgGhgcqkN,inference_affirm,dailydilemmas,1,4,0.75,-0.6912834457678454,1.0,-0.5837689006619805,0.10751454510586489,0.25
0.05,1.0,0.15,R_7fTeTaHgGhgcqkN,inference_affirm,dailydilemmas,2,4,1.0,-0.6919592595083794,1.0,-0.5972536284416432,0.09470563106673624,0.0
0.05,1.0,0.15,R_7fTeTaHgGhgcqkN,inference_affirm,dailydilemmas,3,4,0.5,-0.6923729489017025,0.5,-0.6750890797694613,0.017283869132241225,0.0
0.05,1.0,0.15,R_7fTeTaHgGhgcqkN,inference_affirm,dailydilemmas,4,4,0.75,-0.6914575245591041,0.75,-0.6061437340810706,0.08531379047803356,0.0
0.05,1.0,0.15,R_12tlw5u4cVbNiP1,inference_affirm,dailydilemmas,0,4,0.75,-0.6916294137246326,0.75,-0.5943267653540493,0.09730264837058333,0.0
0.05,1.0,0.15,R_12tlw5u4cVbNiP1,inference_affirm,dailydilemmas,1,4,0.5,-0.6922729032778986,0.5,-0.6342226284964663,0.05805027478143232,0.0
0.05,1.0,0.15,R_12tlw5u4cVbNiP1,inference_affirm,dailydilemmas,2,4,1.0,-0.6913990748711327,1.0,-0.5573636902501968,0.1340353846209359,0.0
0.05,1.0,0.15,R_12tlw5u4cVbNiP1,inference_affirm,dailydilemmas,3,4,0.75,-0.6917636640252386,0.75,-0.5743215317539367,0.11744213227130185,0.0
0.05,1.0,0.15,R_12tlw5u4cVbNiP1,inference_affirm,dailydilemmas,4,4,0.75,-0.6918227014195795,1.0,-0.5979460265135448,0.09387667490603469,0.25
0.05,1.0,0.2,R_5EfMjMbx1z8Kvhl,inference_categories,dailydilemmas,0,4,0.75,-0.6923275991814979,0.5,-0.6724315003601316,0.019896098821366337,-0.25
0.05,1.0,0.2,R_5EfMjMbx1z8Kvhl,inference_categories,dailydilemmas,1,4,0.5,-0.692107728588651,0.75,-0.6421688459124928,0.0499388826761582,0.25
0.05,1.0,0.2,R_5EfMjMbx1z8Kvhl,inference_categories,dailydilemmas,2,4,0.5,-0.6930055898490717,0.5,-0.66711122932487,0.025894360524201687,0.0
0.05,1.0,0.2,R_5EfMjMbx1z8Kvhl,inference_categories,dailydilemmas,3,4,0.75,-0.6921698893625947,1.0,-0.5999076681027339,0.09226222125986083,0.25
0.05,1.0,0.2,R_5EfMjMbx1z8Kvhl,inference_categories,dailydilemmas,4,4,0.5,-0.6916124977152831,0.75,-0.5997301476809502,0.09188235003433287,0.25
0.05,1.0,0.2,R_56aT1YjmRtKACUH,inference_categories,dailydilemmas,0,4,0.75,-0.6928161057074206,0.75,-0.6566428975781421,0.03617320812927849,0.0
0.05,1.0,0.2,R_56aT1YjmRtKACUH,inference_categories,dailydilemmas,1,4,0.25,-0.6937101957354634,0.5,-0.7384325406126973,-0.04472234487723381,0.25
0.05,1.0,0.2,R_56aT1YjmRtKACUH,inference_categories,dailydilemmas,2,4,0.75,-0.6924772749383264,0.75,-0.6618150729550252,0.030662201983301274,0.0
0.05,1.0,0.2,R_56aT1YjmRtKACUH,inference_categories,dailydilemmas,3,4,0.75,-0.692553249130433,0.5,-0.6635004998583959,0.02905274927203716,-0.25
0.05,1.0,0.2,R_56aT1YjmRtKACUH,inference_categories,dailydilemmas,4,4,0.5,-0.6927715965415814,0.5,-0.694885189590837,-0.0021135930492556243,0.0
0.05,1.0,0.2,R_3HS2lsaEfcZSuXu,inference_categories,dailydilemmas,0,4,1.0,-0.6922145708976619,0.75,-0.6119824992212064,0.08023207167645552,-0.25
0.05,1.0,0.2,R_3HS2lsaEfcZSuXu,inference_categories,dailydilemmas,1,4,0.5,-0.6935194048429342,0.5,-0.7677741216678402,-0.07425471682490603,0.0
0.05,1.0,0.2,R_3HS2lsaEfcZSuXu,inference_categories,dailydilemmas,2,4,0.5,-0.6928434999593708,0.5,-0.7030774264923509,-0.010233926532980164,0.0
0.05,1.0,0.2,R_3HS2lsaEfcZSuXu,inference_categories,dailydilemmas,3,4,0.5,-0.6925147737062834,0.75,-0.6186625176704673,0.07385225603581613,0.25
0.05,1.0,0.2,R_3HS2lsaEfcZSuXu,inference_categories,dailydilemmas,4,4,0.75,-0.6922641213528324,0.75,-0.6058059265679067,0.08645819478492578,0.0
0.05,1.0,0.2,R_6HoVfVJSFl7IrlL,inference_categories,dailydilemmas,0,4,0.75,-0.6928992813204569,0.5,-0.6842445823587053,0.008654698961751528,-0.25
0.05,1.0,0.2,R_6HoVfVJSFl7IrlL,inference_categories,dailydilemmas,1,4,0.75,-0.692487035620315,0.75,-0.6093880489386011,0.0830989866817139,0.0
0.05,1.0,0.2,R_6HoVfVJSFl7IrlL,inference_categories,dailydilemmas,2,4,0.25,-0.6934830207785968,0.5,-0.7307828711370045,-0.03729985035840766,0.25
0.05,1.0,0.2,R_6HoVfVJSFl7IrlL,inference_categories,dailydilemmas,3,4,0.75,-0.6924371284265671,1.0,-0.6301505138144152,0.0622866146121519,0.25
0.05,1.0,0.2,R_6HoVfVJSFl7IrlL,inference_categories,dailydilemmas,4,4,0.75,-0.691991702915315,0.75,-0.6149732049760068,0.07701849793930815,0.0
0.05,1.0,0.2,R_5Q5TZ5csoblHSvA,inference_categories,dailydilemmas,0,4,0.5,-0.6932046971065635,0.25,-0.7372389177434187,-0.04403422063685514,-0.25
0.05,1.0,0.2,R_5Q5TZ5csoblHSvA,inference_categories,dailydilemmas,1,4,0.75,-0.6933010362528886,0.5,-0.6862279822278015,0.007073054025087178,-0.25
0.05,1.0,0.2,R_5Q5TZ5csoblHSvA,inference_categories,dailydilemmas,2,4,0.5,-0.6925393726246563,0.75,-0.679396183645747,0.013143188978909204,0.25
0.05,1.0,0.2,R_5Q5TZ5csoblHSvA,inference_categories,dailydilemmas,3,4,0.25,-0.693672157233209,0.25,-0.7160533254832282,-0.022381168250019234,0.0
0.05,1.0,0.2,R_5Q5TZ5csoblHSvA,inference_categories,dailydilemmas,4,4,0.5,-0.6927479762012052,0.5,-0.6782579792605825,0.014489996940622696,0.0
0.05,1.0,0.2,R_18H831wJaDlPwgg,inference_categories,dailydilemmas,0,4,0.5,-0.6916147042699178,0.5,-0.6700016705832433,0.021613033686674443,0.0
0.05,1.0,0.2,R_18H831wJaDlPwgg,inference_categories,dailydilemmas,1,4,1.0,-0.6899870586634695,1.0,-0.5406481457546434,0.14933891290882617,0.0
0.05,1.0,0.2,R_18H831wJaDlPwgg,inference_categories,dailydilemmas,2,4,0.25,-0.6917238616310285,0.75,-0.5921049415013262,0.0996189201297023,0.5
0.05,1.0,0.2,R_18H831wJaDlPwgg,inference_categories,dailydilemmas,3,4,1.0,-0.6891156439819446,1.0,-0.4776076794655023,0.21150796451644227,0.0
0.05,1.0,0.2,R_18H831wJaDlPwgg,inference_categories,dailydilemmas,4,4,0.75,-0.6902118746874193,1.0,-0.5067871470438309,0.18342472764358841,0.25
0.05,1.0,0.2,R_12mMAseFwoOpgqC,inference_categories,dailydilemmas,0,4,0.75,-0.6923560192102111,0.5,-0.6514660926719794,0.04088992653823165,-0.25
0.05,1.0,0.2,R_12mMAseFwoOpgqC,inference_categories,dailydilemmas,1,4,0.5,-0.692708683905009,0.5,-0.6396978690154876,0.05301081488952131,0.0
0.05,1.0,0.2,R_12mMAseFwoOpgqC,inference_categories,dailydilemmas,2,4,0.5,-0.6938594465566419,0.5,-0.7234308069523657,-0.029571360395723834,0.0
0.05,1.0,0.2,R_12mMAseFwoOpgqC,inference_categories,dailydilemmas,3,4,0.25,-0.693157141606494,0.5,-0.6898201167994559,0.0033370248070381248,0.25
0.05,1.0,0.2,R_12mMAseFwoOpgqC,inference_categories,dailydilemmas,4,4,0.75,-0.6923894076906529,0.5,-0.6390987699760906,0.05329063771456233,-0.25
0.05,1.0,0.2,R_7ojvA7NDI10RoKR,inference_categories,dailydilemmas,0,5,0.6,-0.6920068818772697,0.6,-0.6168912448469998,0.07511563703026991,0.0
0.05,1.0,0.2,R_7ojvA7NDI10RoKR,inference_categories,dailydilemmas,1,5,0.8,-0.6917348847637751,0.8,-0.587649255952582,0.1040856288111931,0.0
0.05,1.0,0.2,R_7ojvA7NDI10RoKR,inference_categories,dailydilemmas,2,5,0.8,-0.6916545545853191,0.8,-0.620350530331021,0.07130402425429805,0.0
0.05,1.0,0.2,R_7ojvA7NDI10RoKR,inference_categories,dailydilemmas,3,5,1.0,-0.6917046586626592,0.8,-0.5721469720466189,0.11955768661604027,-0.19999999999999996
0.05,1.0,0.2,R_5gbXjT8uFYXCo7E,inference_categories,dailydilemmas,0,4,0.25,-0.694026868559669,0.25,-0.7706889680038365,-0.07666209944416746,0.0
0.05,1.0,0.2,R_5gbXjT8uFYXCo7E,inference_categories,dailydilemmas,1,4,0.5,-0.6930937564136729,0.5,-0.692485546455807,0.0006082099578659239,0.0
0.05,1.0,0.2,R_5gbXjT8uFYXCo7E,inference_categories,dailydilemmas,2,4,0.5,-0.6928904338246693,0.75,-0.6686520247271643,0.024238409097504965,0.25
0.05,1.0,0.2,R_5gbXjT8uFYXCo7E,inference_categories,dailydilemmas,3,4,0.75,-0.6928488703434292,0.75,-0.6625815191773151,0.03026735116611412,0.0
0.05,1.0,0.2,R_5gbXjT8uFYXCo7E,inference_categories,dailydilemmas,4,4,0.75,-0.6923363356652761,0.75,-0.6633589148256471,0.028977420839628953,0.0
0.05,1.0,0.2,R_7f9o7q4AZOoP4ot,inference_categories,dailydilemmas,0,4,0.5,-0.6928590408729023,0.5,-0.705294830009179,-0.012435789136276743,0.0
0.05,1.0,0.2,R_7f9o7q4AZOoP4ot,inference_categories,dailydilemmas,1,4,0.25,-0.6940582712554482,0.25,-0.7662731506320243,-0.07221487937657611,0.0
0.05,1.0,0.2,R_7f9o7q4AZOoP4ot,inference_categories,dailydilemmas,2,4,0.25,-0.6938234561373877,0.0,-0.7324868849337227,-0.038663428796335,-0.25
0.05,1.0,0.2,R_7f9o7q4AZOoP4ot,inference_categories,dailydilemmas,3,4,0.5,-0.6930868562810306,0.25,-0.7359737637297012,-0.04288690744867063,-0.25
0.05,1.0,0.2,R_7f9o7q4AZOoP4ot,inference_categories,dailydilemmas,4,4,0.25,-0.6937483224132927,0.25,-0.7872319639683737,-0.09348364155508104,0.0
0.05,1.0,0.2,R_1WHYlcDjJDcnUfD,inference_categories,dailydilemmas,0,4,0.25,-0.6936107817399355,0.5,-0.708819106473288,-0.01520832473335254,0.25
0.05,1.0,0.2,R_1WHYlcDjJDcnUfD,inference_categories,dailydilemmas,1,4,0.75,-0.6927597897553112,0.75,-0.6795345065404625,0.013225283214848615,0.0
0.05,1.0,0.2,R_1WHYlcDjJDcnUfD,inference_categories,dailydilemmas,2,4,0.5,-0.692882790314926,0.75,-0.6819624854171931,0.01092030489773288,0.25
0.05,1.0,0.2,R_1WHYlcDjJDcnUfD,inference_categories,dailydilemmas,3,4,0.5,-0.6933126230141359,0.25,-0.7424183014076069,-0.04910567839347102,-0.25
0.05,1.0,0.2,R_1WHYlcDjJDcnUfD,inference_categories,dailydilemmas,4,4,0.5,-0.6933165620073277,0.75,-0.6869625632465204,0.006353998760807333,0.25
0.05,1.0,0.2,R_6Q0gBjey6IdfZpf,inference_categories,dailydilemmas,0,4,0.75,-0.6921669564928575,0.75,-0.6196778272324397,0.07248912926041784,0.0
0.05,1.0,0.2,R_6Q0gBjey6IdfZpf,inference_categories,dailydilemmas,1,4,1.0,-0.6919515344248186,1.0,-0.6012133907617631,0.09073814366305555,0.0
0.05,1.0,0.2,R_6Q0gBjey6IdfZpf,inference_categories,dailydilemmas,2,4,0.75,-0.6922742370254034,0.75,-0.6075326558187814,0.08474158120662201,0.0
0.05,1.0,0.2,R_6Q0gBjey6IdfZpf,inference_categories,dailydilemmas,3,4,0.75,-0.6922809472749593,0.75,-0.6459697921617255,0.046311155113233804,0.0
0.05,1.0,0.2,R_6Q0gBjey6IdfZpf,inference_categories,dailydilemmas,4,4,0.5,-0.6923239171830518,0.75,-0.6035274973817538,0.08879641980129793,0.25
0.05,1.0,0.2,R_1wzohnjOPhN82Wd,inference_categories,dailydilemmas,0,4,0.75,-0.6912657817430935,0.75,-0.6292014463556457,0.06206433538744782,0.0
0.05,1.0,0.2,R_1wzohnjOPhN82Wd,inference_categories,dailydilemmas,1,4,0.75,-0.6910091198303364,0.75,-0.6052903480575929,0.08571877177274356,0.0
0.05,1.0,0.2,R_1wzohnjOPhN82Wd,inference_categories,dailydilemmas,2,4,0.75,-0.6916135310151922,0.75,-0.566595949910277,0.12501758110491523,0.0
0.05,1.0,0.2,R_1wzohnjOPhN82Wd,inference_categories,dailydilemmas,3,4,0.75,-0.6912827721934094,1.0,-0.5881412474816081,0.10314152471180127,0.25
0.05,1.0,0.2,R_1wzohnjOPhN82Wd,inference_categories,dailydilemmas,4,4,0.25,-0.6945114868894781,0.25,-0.7520540645991781,-0.05754257770970006,0.0
0.05,1.0,0.2,R_70kbQcqJL4Tkq6B,inference_categories,dailydilemmas,0,4,0.5,-0.693099326816225,0.5,-0.7423671224494709,-0.0492677956332459,0.0
0.05,1.0,0.2,R_70kbQcqJL4Tkq6B,inference_categories,dailydilemmas,1,4,0.5,-0.6935456776381743,0.5,-0.7029914963587695,-0.009445818720595134,0.0
0.05,1.0,0.2,R_70kbQcqJL4Tkq6B,inference_categories,dailydilemmas,2,4,1.0,-0.6903881142268726,0.75,-0.5989164568602803,0.09147165736659235,-0.25
0.05,1.0,0.2,R_70kbQcqJL4Tkq6B,inference_categories,dailydilemmas,3,4,0.75,-0.6910186881848221,0.75,-0.6256116983094202,0.06540698987540194,0.0
0.05,1.0,0.2,R_70kbQcqJL4Tkq6B,inference_categories,dailydilemmas,4,4,0.75,-0.6910584094419714,1.0,-0.5900399423082272,0.10101846713374418,0.25
0.05,1.0,0.2,R_6rftRMhNP0o6boD,inference_categories,dailydilemmas,0,4,0.25,-0.6927920742765155,0.5,-0.6634249201332804,0.029367154143235097,0.25
0.05,1.0,0.2,R_6rftRMhNP0o6boD,inference_categories,dailydilemmas,1,4,0.5,-0.6924913932327733,0.5,-0.6867405644694705,0.0057508287633027955,0.0
0.05,1.0,0.2,R_6rftRMhNP0o6boD,inference_categories,dailydilemmas,2,4,0.75,-0.6930215747126403,0.25,-0.7355173357215697,-0.04249576100892949,-0.5
0.05,1.0,0.2,R_6rftRMhNP0o6boD,inference_categories,dailydilemmas,3,4,0.75,-0.6913539511353748,0.75,-0.6236121282960458,0.06774182283932895,0.0
0.05,1.0,0.2,R_6rftRMhNP0o6boD,inference_categories,dailydilemmas,4,4,1.0,-0.6911317756524363,1.0,-0.6303047137672924,0.060827061885143974,0.0
0.05,1.0,0.2,R_6jv2PrGBJcO4of6,inference_categories,dailydilemmas,0,4,1.0,-0.6913708595536875,1.0,-0.546323189655965,0.14504766989772244,0.0
0.05,1.0,0.2,R_6jv2PrGBJcO4of6,inference_categories,dailydilemmas,1,4,0.75,-0.6912995160513344,0.75,-0.6143139161568665,0.07698559989446796,0.0
0.05,1.0,0.2,R_6jv2PrGBJcO4of6,inference_categories,dailydilemmas,2,4,0.5,-0.6926591280607736,0.5,-0.6842326758539938,0.008426452206779733,0.0
0.05,1.0,0.2,R_6jv2PrGBJcO4of6,inference_categories,dailydilemmas,3,4,0.75,-0.6920955861097676,0.75,-0.629974444379876,0.06212114172989158,0.0
0.05,1.0,0.2,R_6jv2PrGBJcO4of6,inference_categories,dailydilemmas,4,4,0.5,-0.6944162521312823,0.5,-0.8280473389260188,-0.13363108679473645,0.0
0.05,1.0,0.2,R_1dHqTtKKq3yQvmX,inference_categories,dailydilemmas,0,4,0.75,-0.6901793664806752,0.75,-0.535370440059382,0.1548089264212933,0.0
0.05,1.0,0.2,R_1dHqTtKKq3yQvmX,inference_categories,dailydilemmas,1,4,0.5,-0.6905398035230048,0.5,-0.5698891896794871,0.12065061384351772,0.0
0.05,1.0,0.2,R_1dHqTtKKq3yQvmX,inference_categories,dailydilemmas,2,4,0.75,-0.6916850396000928,0.75,-0.5951978082779047,0.09648723132218806,0.0
0.05,1.0,0.2,R_1dHqTtKKq3yQvmX,inference_categories,dailydilemmas,3,4,0.75,-0.6917166981820564,0.75,-0.6315676578015209,0.06014904038053548,0.0
0.05,1.0,0.2,R_1dHqTtKKq3yQvmX,inference_categories,dailydilemmas,4,4,0.75,-0.6905830384527758,0.75,-0.5280450530834502,0.16253798536932562,0.0
0.05,1.0,0.2,R_1P81VK8fH860C4V,inference_categories,dailydilemmas,0,4,1.0,-0.6920433577900249,1.0,-0.5949595757023521,0.09708378208767277,0.0
0.05,1.0,0.2,R_1P81VK8fH860C4V,inference_categories,dailydilemmas,1,4,1.0,-0.6919164570325738,1.0,-0.5210521162892535,0.17086434074332024,0.0
0.05,1.0,0.2,R_1P81VK8fH860C4V,inference_categories,dailydilemmas,2,4,0.75,-0.6928577825296892,0.75,-0.5983963457645709,0.09446143676511831,0.0
0.05,1.0,0.2,R_1P81VK8fH860C4V,inference_categories,dailydilemmas,3,4,0.25,-0.6932254130917721,0.5,-0.6861738815138565,0.007051531577915604,0.25
0.05,1.0,0.2,R_1P81VK8fH860C4V,inference_categories,dailydilemmas,4,4,1.0,-0.6913179800919581,1.0,-0.5330777781122159,0.1582402019797422,0.0
0.05,1.0,0.2,R_7go085j249AymBb,inference_categories,dailydilemmas,0,4,0.5,-0.6920457681275483,0.5,-0.618483850960597,0.07356191716695126,0.0
0.05,1.0,0.2,R_7go085j249AymBb,inference_categories,dailydilemmas,1,4,0.75,-0.6918687893093179,0.75,-0.5841397548441302,0.10772903446518778,0.0
0.05,1.0,0.2,R_7go085j249AymBb,inference_categories,dailydilemmas,2,4,0.75,-0.6916919699910548,1.0,-0.569189366361145,0.12250260362990972,0.25
0.05,1.0,0.2,R_7go085j249AymBb,inference_categories,dailydilemmas,3,4,0.75,-0.6921476975615788,0.75,-0.6036250023100675,0.08852269525151124,0.0
0.05,1.0,0.2,R_7go085j249AymBb,inference_categories,dailydilemmas,4,4,0.5,-0.6933859969559947,0.5,-0.7199530061859483,-0.026567009229953586,0.0
0.05,1.0,0.2,R_6xzSCFMWRhzZIRg,inference_categories,dailydilemmas,0,4,0.25,-0.6927821561848767,0.25,-0.6666146212819608,0.0261675349029159,0.0
0.05,1.0,0.2,R_6xzSCFMWRhzZIRg,inference_categories,dailydilemmas,1,4,0.75,-0.6925641341245401,0.75,-0.6352526720984782,0.057311462026061855,0.0
0.05,1.0,0.2,R_6xzSCFMWRhzZIRg,inference_categories,dailydilemmas,2,4,0.75,-0.6928042560852457,0.75,-0.6404974683169893,0.05230678776825637,0.0
0.05,1.0,0.2,R_6xzSCFMWRhzZIRg,inference_categories,dailydilemmas,3,4,1.0,-0.6921312027011314,1.0,-0.6241079188070306,0.06802328389410073,0.0
0.05,1.0,0.2,R_6xzSCFMWRhzZIRg,inference_categories,dailydilemmas,4,4,0.75,-0.6925934243944709,0.5,-0.6493138456053031,0.04327957878916777,-0.25
0.05,1.0,0.2,R_5EychZPB1u00qZH,inference_categories,dailydilemmas,0,4,1.0,-0.6915691978027982,0.75,-0.5539725446537475,0.13759665314905078,-0.25
0.05,1.0,0.2,R_5EychZPB1u00qZH,inference_categories,dailydilemmas,1,4,0.5,-0.6922579912654148,0.5,-0.6243778692243146,0.06788012204110017,0.0
0.05,1.0,0.2,R_5EychZPB1u00qZH,inference_categories,dailydilemmas,2,4,1.0,-0.6920351292436367,1.0,-0.587072897670661,0.1049622315729758,0.0
0.05,1.0,0.2,R_5EychZPB1u00qZH,inference_categories,dailydilemmas,3,4,1.0,-0.6918581079995139,1.0,-0.5557924416741638,0.1360656663253501,0.0
0.05,1.0,0.2,R_5EychZPB1u00qZH,inference_categories,dailydilemmas,4,4,0.25,-0.693113923592781,0.25,-0.7364872709449826,-0.04337334735220155,0.0
0.05,1.0,0.2,R_59glCvaBnt5WTU6,inference_categories,dailydilemmas,0,4,0.5,-0.6934585289871318,0.5,-0.7115557841338379,-0.018097255146706126,0.0
0.05,1.0,0.2,R_59glCvaBnt5WTU6,inference_categories,dailydilemmas,1,4,0.75,-0.6924249223884483,0.75,-0.601998586358445,0.09042633603000327,0.0
0.05,1.0,0.2,R_59glCvaBnt5WTU6,inference_categories,dailydilemmas,2,4,0.75,-0.6921256744126439,1.0,-0.5949131602514451,0.0972125141611988,0.25
0.05,1.0,0.2,R_59glCvaBnt5WTU6,inference_categories,dailydilemmas,3,4,0.75,-0.6923140677501498,0.75,-0.6180082802525839,0.07430578749756589,0.0
0.05,1.0,0.2,R_59glCvaBnt5WTU6,inference_categories,dailydilemmas,4,4,0.75,-0.6924660984930848,0.75,-0.6529119715134436,0.039554126979641224,0.0
0.05,1.0,0.2,R_1nBL27EvLs0Bkk4,inference_categories,dailydilemmas,0,4,0.5,-0.6925040934732599,0.75,-0.6251147220482351,0.06738937142502477,0.25
0.05,1.0,0.2,R_1nBL27EvLs0Bkk4,inference_categories,dailydilemmas,1,4,0.25,-0.693942222109138,0.5,-0.7710199357485242,-0.0770777136393862,0.25
0.05,1.0,0.2,R_1nBL27EvLs0Bkk4,inference_categories,dailydilemmas,2,4,0.75,-0.6912821629528922,0.75,-0.6035275364490772,0.08775462650381505,0.0
0.05,1.0,0.2,R_1nBL27EvLs0Bkk4,inference_categories,dailydilemmas,3,4,0.5,-0.6924616239598635,0.75,-0.654421922583591,0.03803970137627255,0.25
0.05,1.0,0.2,R_1nBL27EvLs0Bkk4,inference_categories,dailydilemmas,4,4,1.0,-0.6911718043804796,1.0,-0.5752924465320896,0.1158793578483901,0.0
0.05,1.0,0.2,R_6FsUQnzEYAQwtwa,inference_categories,dailydilemmas,0,4,0.75,-0.6927384253042169,1.0,-0.6620565080611147,0.030681917243102208,0.25
0.05,1.0,0.2,R_6FsUQnzEYAQwtwa,inference_categories,dailydilemmas,1,4,0.5,-0.6927163458859349,0.25,-0.6836089612608194,0.009107384625115511,-0.25
0.05,1.0,0.2,R_6FsUQnzEYAQwtwa,inference_categories,dailydilemmas,2,4,0.5,-0.6932754640605925,0.75,-0.6647755612133047,0.02849990284728776,0.25
0.05,1.0,0.2,R_6FsUQnzEYAQwtwa,inference_categories,dailydilemmas,3,4,0.75,-0.6926125292192916,0.75,-0.7084398329279207,-0.01582730370862906,0.0
0.05,1.0,0.2,R_6FsUQnzEYAQwtwa,inference_categories,dailydilemmas,4,4,0.75,-0.6926171705827615,0.5,-0.6530399208528019,0.039577249729959574,-0.25
0.05,1.0,0.2,R_5pX1jjp1Yu1RSN7,inference_categories,dailydilemmas,0,4,1.0,-0.6916563926178843,1.0,-0.5710544175894231,0.12060197502846115,0.0
0.05,1.0,0.2,R_5pX1jjp1Yu1RSN7,inference_categories,dailydilemmas,1,4,0.75,-0.6913416045752215,0.75,-0.5752315540772808,0.11611005049794076,0.0
0.05,1.0,0.2,R_5pX1jjp1Yu1RSN7,inference_categories,dailydilemmas,2,4,0.75,-0.6917451406050665,0.75,-0.5705825526128131,0.12116258799225343,0.0
0.05,1.0,0.2,R_5pX1jjp1Yu1RSN7,inference_categories,dailydilemmas,3,4,0.75,-0.6915415809271314,0.75,-0.6207531675673799,0.0707884133597515,0.0
0.05,1.0,0.2,R_5pX1jjp1Yu1RSN7,inference_categories,dailydilemmas,4,4,0.25,-0.6954732529707177,0.25,-0.858317852970652,-0.16284459999993428,0.0
0.05,1.0,0.2,R_5DY1mtPtJpWz8WC,inference_categories,dailydilemmas,0,5,1.0,-0.6901900358599771,1.0,-0.44025778805810833,0.24993224780186873,0.0
0.05,1.0,0.2,R_5DY1mtPtJpWz8WC,inference_categories,dailydilemmas,1,5,0.6,-0.6912324351004475,0.8,-0.5463213113048642,0.14491112379558335,0.20000000000000007
0.05,1.0,0.2,R_5DY1mtPtJpWz8WC,inference_categories,dailydilemmas,2,5,0.8,-0.691829432035987,0.8,-0.587901750116609,0.10392768191937807,0.0
0.05,1.0,0.2,R_5DY1mtPtJpWz8WC,inference_categories,dailydilemmas,3,5,0.6,-0.6903303706504949,0.6,-0.5017664901701678,0.18856388048032702,0.0
0.05,1.0,0.2,R_1PN3SGDWOMibPAh,inference_categories,dailydilemmas,0,4,0.75,-0.6919509454770811,1.0,-0.5959565041548307,0.09599444132225043,0.25
0.05,1.0,0.2,R_1PN3SGDWOMibPAh,inference_categories,dailydilemmas,1,4,0.5,-0.693423134032705,0.75,-0.7407949070711668,-0.04737177303846185,0.25
0.05,1.0,0.2,R_1PN3SGDWOMibPAh,inference_categories,dailydilemmas,2,4,0.5,-0.692956189895669,0.75,-0.6509869559070474,0.041969233988621624,0.25
0.05,1.0,0.2,R_1PN3SGDWOMibPAh,inference_categories,dailydilemmas,3,4,0.5,-0.6922843616630568,0.5,-0.6343886439906224,0.0578957176724344,0.0
0.05,1.0,0.2,R_1PN3SGDWOMibPAh,inference_categories,dailydilemmas,4,4,1.0,-0.6918221546867992,1.0,-0.614015810287906,0.07780634439889322,0.0
0.05,1.0,0.2,R_3SrBXsc2uYrsSZz,inference_categories,dailydilemmas,0,4,0.5,-0.6921819867098238,0.75,-0.629167173670103,0.06301481303972079,0.25
0.05,1.0,0.2,R_3SrBXsc2uYrsSZz,inference_categories,dailydilemmas,1,4,0.75,-0.6927603848918005,0.5,-0.7019820099234082,-0.009221625031607728,-0.25
0.05,1.0,0.2,R_3SrBXsc2uYrsSZz,inference_categories,dailydilemmas,2,4,0.5,-0.6928712779217644,0.5,-0.7376606152827057,-0.04478933736094126,0.0
0.05,1.0,0.2,R_3SrBXsc2uYrsSZz,inference_categories,dailydilemmas,3,4,0.75,-0.6917737093762071,0.75,-0.5831027702939506,0.10867093908225645,0.0
0.05,1.0,0.2,R_3SrBXsc2uYrsSZz,inference_categories,dailydilemmas,4,4,1.0,-0.691789791299691,1.0,-0.5907712688942244,0.1010185224054666,0.0
0.05,1.0,0.2,R_7rNeEq8TvAxjqdL,inference_categories,dailydilemmas,0,4,0.75,-0.6911846470944386,0.75,-0.5518814042206096,0.139303242873829,0.0
0.05,1.0,0.2,R_7rNeEq8TvAxjqdL,inference_categories,dailydilemmas,1,4,0.75,-0.69164818192401,0.75,-0.57782834547444,0.11381983644957006,0.0
0.05,1.0,0.2,R_7rNeEq8TvAxjqdL,inference_categories,dailydilemmas,2,4,1.0,-0.6907843678215682,1.0,-0.5257336272906475,0.16505074053092061,0.0
0.05,1.0,0.2,R_7rNeEq8TvAxjqdL,inference_categories,dailydilemmas,3,4,0.75,-0.6922579415528716,0.5,-0.6745257594560703,0.017732182096801274,-0.25
0.05,1.0,0.2,R_7rNeEq8TvAxjqdL,inference_categories,dailydilemmas,4,4,0.75,-0.6916794143622071,0.75,-0.5826377403940796,0.10904167396812758,0.0
0.05,1.0,0.2,R_7QAkOtO6FETwKSv,inference_categories,dailydilemmas,0,4,0.5,-0.6935653153634046,0.5,-0.7651068167154601,-0.0715415013520555,0.0
0.05,1.0,0.2,R_7QAkOtO6FETwKSv,inference_categories,dailydilemmas,1,4,0.75,-0.6922413992091314,0.75,-0.6566268196203703,0.03561457958876113,0.0
0.05,1.0,0.2,R_7QAkOtO6FETwKSv,inference_categories,dailydilemmas,2,4,0.5,-0.6929267303893999,0.5,-0.756465866457855,-0.06353913606845507,0.0
0.05,1.0,0.2,R_7QAkOtO6FETwKSv,inference_categories,dailydilemmas,3,4,1.0,-0.6920532080201354,0.5,-0.7043507095408013,-0.012297501520665888,-0.5
0.05,1.0,0.2,R_7QAkOtO6FETwKSv,inference_categories,dailydilemmas,4,4,0.5,-0.692874388257928,0.5,-0.7065240357548133,-0.013649647496885242,0.0
0.05,1.0,0.2,R_6gCrJV80LvD23XK,choice_only,dailydilemmas,0,4,0.5,-0.693771785100323,0.5,-0.7623043658938501,-0.06853258079352709,0.0
0.05,1.0,0.2,R_6gCrJV80LvD23XK,choice_only,dailydilemmas,1,4,1.0,-0.6920506137011905,1.0,-0.5697211733364957,0.12232944036469473,0.0
0.05,1.0,0.2,R_6gCrJV80LvD23XK,choice_only,dailydilemmas,2,4,0.75,-0.692272194395104,0.75,-0.6406146439800595,0.051657550415044495,0.0
0.05,1.0,0.2,R_6gCrJV80LvD23XK,choice_only,dailydilemmas,3,4,0.25,-0.6935722697383494,0.25,-0.7311366754598347,-0.03756440572148534,0.0
0.05,1.0,0.2,R_6gCrJV80LvD23XK,choice_only,dailydilemmas,4,4,0.5,-0.69288341392352,0.5,-0.6717138202882612,0.021169593635258832,0.0
0.05,1.0,0.2,R_7SrhV7HvgsG1fvA,choice_only,dailydilemmas,0,4,0.5,-0.6919869228690966,0.5,-0.6417624386169318,0.05022448425216475,0.0
0.05,1.0,0.2,R_7SrhV7HvgsG1fvA,choice_only,dailydilemmas,1,4,0.75,-0.6927850648558612,1.0,-0.6622367556811984,0.03054830917466278,0.25
0.05,1.0,0.2,R_7SrhV7HvgsG1fvA,choice_only,dailydilemmas,2,4,0.5,-0.6932548429514276,0.5,-0.7341229189156817,-0.040868075964254125,0.0
0.05,1.0,0.2,R_7SrhV7HvgsG1fvA,choice_only,dailydilemmas,3,4,0.75,-0.6925621208023383,1.0,-0.6488511870437993,0.04371093375853896,0.25
0.05,1.0,0.2,R_7SrhV7HvgsG1fvA,choice_only,dailydilemmas,4,4,0.0,-0.694777709820397,0.0,-0.8150445773756837,-0.1202668675552867,0.0
0.05,1.0,0.2,R_5aLcKnMSH0hrVLH,choice_only,dailydilemmas,0,4,1.0,-0.6923263146045625,1.0,-0.6038746553856295,0.08845165921893305,0.0
0.05,1.0,0.2,R_5aLcKnMSH0hrVLH,choice_only,dailydilemmas,1,4,1.0,-0.691702529524409,0.75,-0.6040561315310526,0.08764639799335638,-0.25
0.05,1.0,0.2,R_5aLcKnMSH0hrVLH,choice_only,dailydilemmas,2,4,0.75,-0.6924378717203983,0.5,-0.636056588269835,0.05638128345056326,-0.25
0.05,1.0,0.2,R_5aLcKnMSH0hrVLH,choice_only,dailydilemmas,3,4,1.0,-0.6922143155928429,1.0,-0.6562703667345263,0.03594394885831653,0.0
0.05,1.0,0.2,R_5aLcKnMSH0hrVLH,choice_only,dailydilemmas,4,4,0.5,-0.6935217086981267,0.5,-0.7644273510255217,-0.07090564232739505,0.0
0.05,1.0,0.2,R_6E6esO9YjIptSgZ,choice_only,dailydilemmas,0,5,0.4,-0.6933243109022651,0.4,-0.7054602416980122,-0.012135930795747152,0.0
0.05,1.0,0.2,R_6E6esO9YjIptSgZ,choice_only,dailydilemmas,1,5,0.4,-0.6935058840958112,0.4,-0.6820935462427143,0.01141233785309681,0.0
0.05,1.0,0.2,R_6E6esO9YjIptSgZ,choice_only,dailydilemmas,2,5,0.4,-0.693025151606699,1.0,-0.6447133923943393,0.04831175921235964,0.6
0.05,1.0,0.2,R_6E6esO9YjIptSgZ,choice_only,dailydilemmas,3,5,0.4,-0.693228696324342,0.4,-0.6870833082646364,0.006145388059705659,0.0
0.05,1.0,0.2,R_1MCxQvFXsgFj9AZ,choice_only,dailydilemmas,0,4,0.0,-0.6941318405634145,0.5,-0.7124398208359541,-0.01830798027253966,0.5
0.05,1.0,0.2,R_1MCxQvFXsgFj9AZ,choice_only,dailydilemmas,1,4,0.75,-0.6930678237544948,0.5,-0.6862570048935281,0.006810818860966683,-0.25
0.05,1.0,0.2,R_1MCxQvFXsgFj9AZ,choice_only,dailydilemmas,2,4,0.25,-0.6935068931572397,0.25,-0.7521454362139278,-0.05863854305668814,0.0
0.05,1.0,0.2,R_1MCxQvFXsgFj9AZ,choice_only,dailydilemmas,3,4,0.25,-0.6936224990050501,0.25,-0.7175711700858988,-0.023948671080848638,0.0
0.05,1.0,0.2,R_1MCxQvFXsgFj9AZ,choice_only,dailydilemmas,4,4,0.75,-0.6930774068097307,0.5,-0.6906203734669647,0.002457033342766035,-0.25
0.05,1.0,0.2,R_3JfmC4gRU1JpbNv,choice_only,dailydilemmas,0,4,0.75,-0.691414093721901,0.75,-0.5835649645602115,0.10784912916168954,0.0
0.05,1.0,0.2,R_3JfmC4gRU1JpbNv,choice_only,dailydilemmas,1,4,1.0,-0.6911231568843574,1.0,-0.5451955575526863,0.1459275993316711,0.0
0.05,1.0,0.2,R_3JfmC4gRU1JpbNv,choice_only,dailydilemmas,2,4,0.5,-0.6937110318112766,0.5,-0.7168610759186562,-0.02315004410737964,0.0
0.05,1.0,0.2,R_3JfmC4gRU1JpbNv,choice_only,dailydilemmas,3,4,0.5,-0.6933484607438867,0.5,-0.6683160778098595,0.02503238293402721,0.0
0.05,1.0,0.2,R_3JfmC4gRU1JpbNv,choice_only,dailydilemmas,4,4,1.0,-0.691460935575063,1.0,-0.5597013328433629,0.13175960273170018,0.0
0.05,1.0,0.2,R_7QGHM1iZnW1jfRx,choice_only,dailydilemmas,0,4,0.5,-0.6933461948959684,0.5,-0.6948283927692911,-0.0014821978733227104,0.0
0.05,1.0,0.2,R_7QGHM1iZnW1jfRx,choice_only,dailydilemmas,1,4,0.5,-0.6933979723363053,0.5,-0.7209386001075477,-0.027540627771242443,0.0
0.05,1.0,0.2,R_7QGHM1iZnW1jfRx,choice_only,dailydilemmas,2,4,0.5,-0.692723397096704,0.25,-0.7037469315006161,-0.011023534403912016,-0.25
0.05,1.0,0.2,R_7QGHM1iZnW1jfRx,choice_only,dailydilemmas,3,4,0.75,-0.693106248193503,0.75,-0.6771035103274408,0.01600273786606221,0.0
0.05,1.0,0.2,R_7QGHM1iZnW1jfRx,choice_only,dailydilemmas,4,4,0.25,-0.6938567634717323,0.25,-0.7315161765973378,-0.0376594131256055,0.0
0.05,1.0,0.2,R_6rBDZvDRiktj92h,choice_only,dailydilemmas,0,4,0.75,-0.6919508583886247,0.5,-0.6576226122615974,0.03432824612702734,-0.25
0.05,1.0,0.2,R_6rBDZvDRiktj92h,choice_only,dailydilemmas,1,4,0.5,-0.6920848654673555,0.5,-0.6340945475415577,0.057990317925797785,0.0
0.05,1.0,0.2,R_6rBDZvDRiktj92h,choice_only,dailydilemmas,2,4,0.75,-0.6926821806338346,0.75,-0.6894457847696365,0.003236395864198105,0.0
0.05,1.0,0.2,R_6rBDZvDRiktj92h,choice_only,dailydilemmas,3,4,0.5,-0.6925047484490472,0.5,-0.6904190397927643,0.002085708656282881,0.0
0.05,1.0,0.2,R_6rBDZvDRiktj92h,choice_only,dailydilemmas,4,4,0.5,-0.6936433799394314,0.5,-0.7484311058612259,-0.05478772592179448,0.0
0.05,1.0,0.2,R_7DZXdu8GHiSZQbw,choice_only,dailydilemmas,0,5,0.8,-0.6915098669160649,0.8,-0.5863664282285799,0.10514343868748499,0.0
0.05,1.0,0.2,R_7DZXdu8GHiSZQbw,choice_only,dailydilemmas,1,5,0.6,-0.690806185488559,0.6,-0.5610037277517576,0.12980245773680144,0.0
0.05,1.0,0.2,R_7DZXdu8GHiSZQbw,choice_only,dailydilemmas,2,5,0.8,-0.6908536245536288,0.8,-0.5441739976727319,0.14667962688089686,0.0
0.05,1.0,0.2,R_7DZXdu8GHiSZQbw,choice_only,dailydilemmas,3,5,0.8,-0.6915137653328134,0.8,-0.6070427638433438,0.08447100148946962,0.0
0.05,1.0,0.2,R_3wNdGb7QZmozWdV,inference_affirm,dailydilemmas,0,4,0.75,-0.6925585495452946,0.5,-0.6970176281082091,-0.004459078562914498,-0.25
0.05,1.0,0.2,R_3wNdGb7QZmozWdV,inference_affirm,dailydilemmas,1,4,0.5,-0.692981251064235,0.5,-0.6943286042296672,-0.001347353165432219,0.0
0.05,1.0,0.2,R_3wNdGb7QZmozWdV,inference_affirm,dailydilemmas,2,4,0.25,-0.693020012554981,0.25,-0.7375478916081198,-0.04452787905313882,0.0
0.05,1.0,0.2,R_3wNdGb7QZmozWdV,inference_affirm,dailydilemmas,3,4,1.0,-0.6923061806371242,0.75,-0.6505050694924158,0.041801111144708414,-0.25
0.05,1.0,0.2,R_3wNdGb7QZmozWdV,inference_affirm,dailydilemmas,4,4,0.75,-0.6922461602262034,0.5,-0.6510036713416222,0.04124248888458126,-0.25
0.05,1.0,0.2,R_54BDOExpKqNLP7U,choice_only,dailydilemmas,0,5,1.0,-0.690222392201228,1.0,-0.48126444010797814,0.2089579520932499,0.0
0.05,1.0,0.2,R_54BDOExpKqNLP7U,choice_only,dailydilemmas,1,5,0.8,-0.6912457920133276,1.0,-0.5455707397582685,0.14567505225505906,0.19999999999999996
0.05,1.0,0.2,R_54BDOExpKqNLP7U,choice_only,dailydilemmas,2,5,0.6,-0.6923603456842805,0.6,-0.6535029266555555,0.03885741902872497,0.0
0.05,1.0,0.2,R_54BDOExpKqNLP7U,choice_only,dailydilemmas,3,5,0.8,-0.6900271794005838,1.0,-0.45526903526251045,0.23475814413807333,0.19999999999999996
0.05,1.0,0.2,R_7FP7x1oOPEhKFnt,choice_only,dailydilemmas,0,4,1.0,-0.6919280667454282,1.0,-0.56693140574824,0.1249966609971882,0.0
0.05,1.0,0.2,R_7FP7x1oOPEhKFnt,choice_only,dailydilemmas,1,4,0.5,-0.6928210627175507,1.0,-0.6376487734914849,0.055172289226065874,0.5
0.05,1.0,0.2,R_7FP7x1oOPEhKFnt,choice_only,dailydilemmas,2,4,1.0,-0.6925045821357162,0.75,-0.6363857154031342,0.05611886673258204,-0.25
0.05,1.0,0.2,R_7FP7x1oOPEhKFnt,choice_only,dailydilemmas,3,4,0.75,-0.6929586161800017,0.75,-0.6989295939911883,-0.005970977811186606,0.0
0.05,1.0,0.2,R_7FP7x1oOPEhKFnt,choice_only,dailydilemmas,4,4,0.75,-0.6921518574026817,0.5,-0.6311519486558198,0.0609999087468619,-0.25
0.05,1.0,0.2,R_3RlcXTweCHzrYtz,choice_only,dailydilemmas,0,4,0.75,-0.692169622767719,0.75,-0.6155333313118719,0.07663629145584705,0.0
0.05,1.0,0.2,R_3RlcXTweCHzrYtz,choice_only,dailydilemmas,1,4,0.5,-0.6921245155651763,0.5,-0.6342384516509667,0.057886063914209585,0.0
0.05,1.0,0.2,R_3RlcXTweCHzrYtz,choice_only,dailydilemmas,2,4,0.25,-0.6934837659178836,0.5,-0.7216831147169033,-0.02819934879901964,0.25
0.05,1.0,0.2,R_3RlcXTweCHzrYtz,choice_only,dailydilemmas,3,4,0.5,-0.6932357233524356,0.5,-0.7100179709255303,-0.016782247573094766,0.0
0.05,1.0,0.2,R_3RlcXTweCHzrYtz,choice_only,dailydilemmas,4,4,0.75,-0.6924225385240101,0.75,-0.6077533487113486,0.08466918981266158,0.0
0.05,1.0,0.2,R_64MjAxTXtmHjKMx,choice_only,dailydilemmas,0,4,0.5,-0.6926941351033684,0.5,-0.6521466147298527,0.04054752037351572,0.0
0.05,1.0,0.2,R_64MjAxTXtmHjKMx,choice_only,dailydilemmas,1,4,0.25,-0.6940710556215365,0.25,-0.676927110671755,0.017143944949781442,0.0
0.05,1.0,0.2,R_64MjAxTXtmHjKMx,choice_only,dailydilemmas,2,4,0.25,-0.6938039134381895,0.25,-0.792382275499179,-0.09857836206098947,0.0
0.05,1.0,0.2,R_64MjAxTXtmHjKMx,choice_only,dailydilemmas,3,4,0.75,-0.6920861844549647,0.75,-0.5900790089224803,0.1020071755324844,0.0
0.05,1.0,0.2,R_64MjAxTXtmHjKMx,choice_only,dailydilemmas,4,4,1.0,-0.6918386995488164,1.0,-0.5532800152021845,0.13855868434663188,0.0
0.05,1.0,0.2,R_5B7Sbr53fSq1D3z,inference_affirm,dailydilemmas,0,4,1.0,-0.6924009679036246,0.75,-0.6542127205125319,0.03818824739109272,-0.25
0.05,1.0,0.2,R_5B7Sbr53fSq1D3z,inference_affirm,dailydilemmas,1,4,1.0,-0.6914967585051052,0.75,-0.575781580498238,0.11571517800686715,-0.25
0.05,1.0,0.2,R_5B7Sbr53fSq1D3z,inference_affirm,dailydilemmas,2,4,0.5,-0.6916899171728221,0.5,-0.5977416194037078,0.09394829776911429,0.0
0.05,1.0,0.2,R_5B7Sbr53fSq1D3z,inference_affirm,dailydilemmas,3,4,0.5,-0.6925555829975424,0.5,-0.6326640458752206,0.05989153712232176,0.0
0.05,1.0,0.2,R_5B7Sbr53fSq1D3z,inference_affirm,dailydilemmas,4,4,0.5,-0.6934639971088424,0.25,-0.7122581392013649,-0.018794142092522503,-0.25
0.05,1.0,0.2,R_7fTeTaHgGhgcqkN,inference_affirm,dailydilemmas,0,4,0.75,-0.6918140257887567,1.0,-0.5929258650558203,0.09888816073293638,0.25
0.05,1.0,0.2,R_7fTeTaHgGhgcqkN,inference_affirm,dailydilemmas,1,4,0.75,-0.6912834457678454,1.0,-0.5826901156776576,0.10859333009018779,0.25
0.05,1.0,0.2,R_7fTeTaHgGhgcqkN,inference_affirm,dailydilemmas,2,4,1.0,-0.6919592595083794,1.0,-0.5979038098283086,0.09405544968007085,0.0
0.05,1.0,0.2,R_7fTeTaHgGhgcqkN,inference_affirm,dailydilemmas,3,4,0.5,-0.6923729489017025,0.5,-0.6722180534784304,0.02015489542327209,0.0
0.05,1.0,0.2,R_7fTeTaHgGhgcqkN,inference_affirm,dailydilemmas,4,4,0.75,-0.6914575245591041,0.75,-0.6050048044587567,0.08645272010034744,0.0
0.05,1.0,0.2,R_12tlw5u4cVbNiP1,inference_affirm,dailydilemmas,0,4,0.75,-0.6916294137246326,0.75,-0.5966325271558792,0.09499688656875338,0.0
0.05,1.0,0.2,R_12tlw5u4cVbNiP1,inference_affirm,dailydilemmas,1,4,0.5,-0.6922729032778986,0.5,-0.6356286372813572,0.056644265996541376,0.0
0.05,1.0,0.2,R_12tlw5u4cVbNiP1,inference_affirm,dailydilemmas,2,4,1.0,-0.6913990748711327,1.0,-0.5585876105190938,0.13281146435203894,0.0
0.05,1.0,0.2,R_12tlw5u4cVbNiP1,inference_affirm,dailydilemmas,3,4,0.75,-0.6917636640252386,0.75,-0.5742029621709842,0.11756070185425438,0.0
0.05,1.0,0.2,R_12tlw5u4cVbNiP1,inference_affirm,dailydilemmas,4,4,0.75,-0.6918227014195795,1.0,-0.5971874059820904,0.09463529543748905,0.25
0.05,1.0,0.3,R_5EfMjMbx1z8Kvhl,inference_categories,dailydilemmas,0,4,0.75,-0.6923275991814979,0.5,-0.6858620202896057,0.006465578891892143,-0.25
0.05,1.0,0.3,R_5EfMjMbx1z8Kvhl,inference_categories,dailydilemmas,1,4,0.5,-0.692107728588651,0.75,-0.6515987187437129,0.040509009844938104,0.25
0.05,1.0,0.3,R_5EfMjMbx1z8Kvhl,inference_categories,dailydilemmas,2,4,0.5,-0.6930055898490717,0.5,-0.6642235285178661,0.028782061331205533,0.0
0.05,1.0,0.3,R_5EfMjMbx1z8Kvhl,inference_categories,dailydilemmas,3,4,0.75,-0.6921698893625947,1.0,-0.6039161071771063,0.0882537821854884,0.25
0.05,1.0,0.3,R_5EfMjMbx1z8Kvhl,inference_categories,dailydilemmas,4,4,0.5,-0.6916124977152831,0.75,-0.6140758046679321,0.077536693047351,0.25
0.05,1.0,0.3,R_56aT1YjmRtKACUH,inference_categories,dailydilemmas,0,4,0.75,-0.6928161057074206,0.75,-0.6500150037442929,0.0428011019631277,0.0
0.05,1.0,0.3,R_56aT1YjmRtKACUH,inference_categories,dailydilemmas,1,4,0.25,-0.6937101957354634,0.5,-0.7382358073290713,-0.044525611593607906,0.25
0.05,1.0,0.3,R_56aT1YjmRtKACUH,inference_categories,dailydilemmas,2,4,0.75,-0.6924772749383264,0.5,-0.6674759318933354,0.02500134304499102,-0.25
0.05,1.0,0.3,R_56aT1YjmRtKACUH,inference_categories,dailydilemmas,3,4,0.75,-0.692553249130433,0.5,-0.6668122512326236,0.02574099789780948,-0.25
0.05,1.0,0.3,R_56aT1YjmRtKACUH,inference_categories,dailydilemmas,4,4,0.5,-0.6927715965415814,0.5,-0.6959242033657445,-0.0031526068241630734,0.0
0.05,1.0,0.3,R_3HS2lsaEfcZSuXu,inference_categories,dailydilemmas,0,4,1.0,-0.6922145708976619,0.75,-0.6136536412372778,0.07856092966038408,-0.25
0.05,1.0,0.3,R_3HS2lsaEfcZSuXu,inference_categories,dailydilemmas,1,4,0.5,-0.6935194048429342,0.5,-0.7713185875264648,-0.07779918268353059,0.0
0.05,1.0,0.3,R_3HS2lsaEfcZSuXu,inference_categories,dailydilemmas,2,4,0.5,-0.6928434999593708,0.5,-0.7038727834870466,-0.011029283527675848,0.0
0.05,1.0,0.3,R_3HS2lsaEfcZSuXu,inference_categories,dailydilemmas,3,4,0.5,-0.6925147737062834,0.75,-0.6174079368089808,0.07510683689730269,0.25
0.05,1.0,0.3,R_3HS2lsaEfcZSuXu,inference_categories,dailydilemmas,4,4,0.75,-0.6922641213528324,0.75,-0.6044782461201015,0.08778587523273096,0.0
0.05,1.0,0.3,R_6HoVfVJSFl7IrlL,inference_categories,dailydilemmas,0,4,0.75,-0.6928992813204569,0.5,-0.6823536747985253,0.010545606521931594,-0.25
0.05,1.0,0.3,R_6HoVfVJSFl7IrlL,inference_categories,dailydilemmas,1,4,0.75,-0.692487035620315,0.75,-0.614398396686733,0.07808863893358198,0.0
0.05,1.0,0.3,R_6HoVfVJSFl7IrlL,inference_categories,dailydilemmas,2,4,0.25,-0.6934830207785968,0.75,-0.7283222060992004,-0.034839185320603594,0.5
0.05,1.0,0.3,R_6HoVfVJSFl7IrlL,inference_categories,dailydilemmas,3,4,0.75,-0.6924371284265671,1.0,-0.6316460662892741,0.06079106213729302,0.25
0.05,1.0,0.3,R_6HoVfVJSFl7IrlL,inference_categories,dailydilemmas,4,4,0.75,-0.691991702915315,0.75,-0.6194840883546626,0.07250761456065236,0.0
0.05,1.0,0.3,R_5Q5TZ5csoblHSvA,inference_categories,dailydilemmas,0,4,0.5,-0.6932046971065635,0.25,-0.7351257933285631,-0.041921096221999576,-0.25
0.05,1.0,0.3,R_5Q5TZ5csoblHSvA,inference_categories,dailydilemmas,1,4,0.75,-0.6933010362528886,0.5,-0.6859718895196572,0.007329146733231484,-0.25
0.05,1.0,0.3,R_5Q5TZ5csoblHSvA,inference_categories,dailydilemmas,2,4,0.5,-0.6925393726246563,0.75,-0.6865560612693222,0.005983311355334031,0.25
0.05,1.0,0.3,R_5Q5TZ5csoblHSvA,inference_categories,dailydilemmas,3,4,0.25,-0.693672157233209,0.25,-0.7146910418859629,-0.021018884652753922,0.0
0.05,1.0,0.3,R_5Q5TZ5csoblHSvA,inference_categories,dailydilemmas,4,4,0.5,-0.6927479762012052,0.5,-0.6824864568569957,0.010261519344209491,0.0
0.05,1.0,0.3,R_18H831wJaDlPwgg,inference_categories,dailydilemmas,0,4,0.5,-0.6916147042699178,0.5,-0.6749550884461346,0.01665961582378317,0.0
0.05,1.0,0.3,R_18H831wJaDlPwgg,inference_categories,dailydilemmas,1,4,1.0,-0.6899870586634695,1.0,-0.5397072213524134,0.1502798373110561,0.0
0.05,1.0,0.3,R_18H831wJaDlPwgg,inference_categories,dailydilemmas,2,4,0.25,-0.6917238616310285,0.5,-0.5943105500259159,0.09741331160511257,0.25
0.05,1.0,0.3,R_18H831wJaDlPwgg,inference_categories,dailydilemmas,3,4,1.0,-0.6891156439819446,1.0,-0.4870886796990743,0.20202696428287026,0.0
0.05,1.0,0.3,R_18H831wJaDlPwgg,inference_categories,dailydilemmas,4,4,0.75,-0.6902118746874193,1.0,-0.5113672699562557,0.1788446047311636,0.25
0.05,1.0,0.3,R_12mMAseFwoOpgqC,inference_categories,dailydilemmas,0,4,0.75,-0.6923560192102111,0.5,-0.6579116483906369,0.03444437081957419,-0.25
0.05,1.0,0.3,R_12mMAseFwoOpgqC,inference_categories,dailydilemmas,1,4,0.5,-0.692708683905009,0.5,-0.6369839392488139,0.055724744656195035,0.0
0.05,1.0,0.3,R_12mMAseFwoOpgqC,inference_categories,dailydilemmas,2,4,0.5,-0.6938594465566419,0.25,-0.7210180035944885,-0.027158557037846642,-0.25
0.05,1.0,0.3,R_12mMAseFwoOpgqC,inference_categories,dailydilemmas,3,4,0.25,-0.693157141606494,0.5,-0.6909430541075903,0.0022140874989037274,0.25
0.05,1.0,0.3,R_12mMAseFwoOpgqC,inference_categories,dailydilemmas,4,4,0.75,-0.6923894076906529,0.5,-0.6410592119844251,0.05133019570622788,-0.25
0.05,1.0,0.3,R_7ojvA7NDI10RoKR,inference_categories,dailydilemmas,0,5,0.6,-0.6920068818772697,0.6,-0.6165573081558342,0.07544957372143546,0.0
0.05,1.0,0.3,R_7ojvA7NDI10RoKR,inference_categories,dailydilemmas,1,5,0.8,-0.6917348847637751,1.0,-0.5877545763502676,0.10398030841350747,0.19999999999999996
0.05,1.0,0.3,R_7ojvA7NDI10RoKR,inference_categories,dailydilemmas,2,5,0.8,-0.6916545545853191,0.8,-0.6233155742427802,0.06833898034253894,0.0
0.05,1.0,0.3,R_7ojvA7NDI10RoKR,inference_categories,dailydilemmas,3,5,1.0,-0.6917046586626592,0.8,-0.5829842458984974,0.10872041276416178,-0.19999999999999996
0.05,1.0,0.3,R_5gbXjT8uFYXCo7E,inference_categories,dailydilemmas,0,4,0.25,-0.694026868559669,0.25,-0.7610653951473887,-0.0670385265877197,0.0
0.05,1.0,0.3,R_5gbXjT8uFYXCo7E,inference_categories,dailydilemmas,1,4,0.5,-0.6930937564136729,0.5,-0.6864504987414178,0.006643257672255043,0.0
0.05,1.0,0.3,R_5gbXjT8uFYXCo7E,inference_categories,dailydilemmas,2,4,0.5,-0.6928904338246693,0.75,-0.6628251462190033,0.030065287605665958,0.25
0.05,1.0,0.3,R_5gbXjT8uFYXCo7E,inference_categories,dailydilemmas,3,4,0.75,-0.6928488703434292,0.75,-0.6635517621678099,0.02929710817561937,0.0
0.05,1.0,0.3,R_5gbXjT8uFYXCo7E,inference_categories,dailydilemmas,4,4,0.75,-0.6923363356652761,0.75,-0.6549384507972096,0.0373978848680665,0.0
0.05,1.0,0.3,R_7f9o7q4AZOoP4ot,inference_categories,dailydilemmas,0,4,0.5,-0.6928590408729023,0.5,-0.7102907992197247,-0.017431758346822424,0.0
0.05,1.0,0.3,R_7f9o7q4AZOoP4ot,inference_categories,dailydilemmas,1,4,0.25,-0.6940582712554482,0.5,-0.7684715448747004,-0.07441327361925221,0.25
0.05,1.0,0.3,R_7f9o7q4AZOoP4ot,inference_categories,dailydilemmas,2,4,0.25,-0.6938234561373877,0.25,-0.7312121024496905,-0.037388646312302765,0.0
0.05,1.0,0.3,R_7f9o7q4AZOoP4ot,inference_categories,dailydilemmas,3,4,0.5,-0.6930868562810306,0.25,-0.7343491745465531,-0.04126231826552251,-0.25
0.05,1.0,0.3,R_7f9o7q4AZOoP4ot,inference_categories,dailydilemmas,4,4,0.25,-0.6937483224132927,0.25,-0.7901917217172324,-0.09644339930393975,0.0
0.05,1.0,0.3,R_1WHYlcDjJDcnUfD,inference_categories,dailydilemmas,0,4,0.25,-0.6936107817399355,0.5,-0.7084736853828102,-0.01486290364287468,0.25
0.05,1.0,0.3,R_1WHYlcDjJDcnUfD,inference_categories,dailydilemmas,1,4,0.75,-0.6927597897553112,0.75,-0.6845817214848134,0.008178068270497718,0.0
0.05,1.0,0.3,R_1WHYlcDjJDcnUfD,inference_categories,dailydilemmas,2,4,0.5,-0.692882790314926,0.75,-0.6803574630750715,0.012525327239854445,0.25
0.05,1.0,0.3,R_1WHYlcDjJDcnUfD,inference_categories,dailydilemmas,3,4,0.5,-0.6933126230141359,0.0,-0.7432833107311454,-0.04997068771700952,-0.5
0.05,1.0,0.3,R_1WHYlcDjJDcnUfD,inference_categories,dailydilemmas,4,4,0.5,-0.6933165620073277,0.75,-0.6792450846817787,0.014071477325549031,0.25
0.05,1.0,0.3,R_6Q0gBjey6IdfZpf,inference_categories,dailydilemmas,0,4,0.75,-0.6921669564928575,0.75,-0.6258112476602917,0.06635570883256581,0.0
0.05,1.0,0.3,R_6Q0gBjey6IdfZpf,inference_categories,dailydilemmas,1,4,1.0,-0.6919515344248186,1.0,-0.6013755298060741,0.09057600461874449,0.0
0.05,1.0,0.3,R_6Q0gBjey6IdfZpf,inference_categories,dailydilemmas,2,4,0.75,-0.6922742370254034,0.75,-0.6071895079127277,0.08508472911267562,0.0
0.05,1.0,0.3,R_6Q0gBjey6IdfZpf,inference_categories,dailydilemmas,3,4,0.75,-0.6922809472749593,0.75,-0.6524437320011747,0.03983721527378459,0.0
0.05,1.0,0.3,R_6Q0gBjey6IdfZpf,inference_categories,dailydilemmas,4,4,0.5,-0.6923239171830518,0.75,-0.6027776168265089,0.08954630035654287,0.25
0.05,1.0,0.3,R_1wzohnjOPhN82Wd,inference_categories,dailydilemmas,0,4,0.75,-0.6912657817430935,0.5,-0.6348427048336125,0.05642307690948101,-0.25
0.05,1.0,0.3,R_1wzohnjOPhN82Wd,inference_categories,dailydilemmas,1,4,0.75,-0.6910091198303364,0.75,-0.6078412828580539,0.08316783697228247,0.0
0.05,1.0,0.3,R_1wzohnjOPhN82Wd,inference_categories,dailydilemmas,2,4,0.75,-0.6916135310151922,0.75,-0.5627504122056459,0.12886311880954626,0.0
0.05,1.0,0.3,R_1wzohnjOPhN82Wd,inference_categories,dailydilemmas,3,4,0.75,-0.6912827721934094,1.0,-0.5871202305484344,0.10416254164497496,0.25
0.05,1.0,0.3,R_1wzohnjOPhN82Wd,inference_categories,dailydilemmas,4,4,0.25,-0.6945114868894781,0.25,-0.7440015708193745,-0.0494900839298964,0.0
0.05,1.0,0.3,R_70kbQcqJL4Tkq6B,inference_categories,dailydilemmas,0,4,0.5,-0.693099326816225,0.5,-0.7399361516179904,-0.04683682480176543,0.0
0.05,1.0,0.3,R_70kbQcqJL4Tkq6B,inference_categories,dailydilemmas,1,4,0.5,-0.6935456776381743,0.5,-0.6931429714345898,0.00040270620358451303,0.0
0.05,1.0,0.3,R_70kbQcqJL4Tkq6B,inference_categories,dailydilemmas,2,4,1.0,-0.6903881142268726,0.75,-0.6087390954452141,0.08164901878165853,-0.25
0.05,1.0,0.3,R_70kbQcqJL4Tkq6B,inference_categories,dailydilemmas,3,4,0.75,-0.6910186881848221,0.75,-0.6239242583725306,0.06709442981229152,0.0
0.05,1.0,0.3,R_70kbQcqJL4Tkq6B,inference_categories,dailydilemmas,4,4,0.75,-0.6910584094419714,1.0,-0.5962920501984892,0.0947663592434822,0.25
0.05,1.0,0.3,R_6rftRMhNP0o6boD,inference_categories,dailydilemmas,0,4,0.25,-0.6927920742765155,0.5,-0.6521715122321063,0.040620562044409114,0.25
0.05,1.0,0.3,R_6rftRMhNP0o6boD,inference_categories,dailydilemmas,1,4,0.5,-0.6924913932327733,0.5,-0.6899237015777678,0.0025676916550054774,0.0
0.05,1.0,0.3,R_6rftRMhNP0o6boD,inference_categories,dailydilemmas,2,4,0.75,-0.6930215747126403,0.25,-0.7350360509758234,-0.04201447626318311,-0.5
0.05,1.0,0.3,R_6rftRMhNP0o6boD,inference_categories,dailydilemmas,3,4,0.75,-0.6913539511353748,0.75,-0.6281251252802658,0.06322882585510903,0.0
0.05,1.0,0.3,R_6rftRMhNP0o6boD,inference_categories,dailydilemmas,4,4,1.0,-0.6911317756524363,1.0,-0.6354003074469938,0.0557314682054425,0.0
0.05,1.0,0.3,R_6jv2PrGBJcO4of6,inference_categories,dailydilemmas,0,4,1.0,-0.6913708595536875,1.0,-0.5568385474297455,0.134532312123942,0.0
0.05,1.0,0.3,R_6jv2PrGBJcO4of6,inference_categories,dailydilemmas,1,4,0.75,-0.6912995160513344,0.75,-0.6323686443906422,0.05893087166069222,0.0
0.05,1.0,0.3,R_6jv2PrGBJcO4of6,inference_categories,dailydilemmas,2,4,0.5,-0.6926591280607736,0.5,-0.692699175420992,-4.0047360218453676e-05,0.0
0.05,1.0,0.3,R_6jv2PrGBJcO4of6,inference_categories,dailydilemmas,3,4,0.75,-0.6920955861097676,0.75,-0.6362439008428675,0.0558516852669001,0.0
0.05,1.0,0.3,R_6jv2PrGBJcO4of6,inference_categories,dailydilemmas,4,4,0.5,-0.6944162521312823,0.5,-0.8315320288046253,-0.13711577667334296,0.0
0.05,1.0,0.3,R_1dHqTtKKq3yQvmX,inference_categories,dailydilemmas,0,4,0.75,-0.6901793664806752,0.75,-0.5316221411008624,0.15855722537981287,0.0
0.05,1.0,0.3,R_1dHqTtKKq3yQvmX,inference_categories,dailydilemmas,1,4,0.5,-0.6905398035230048,0.5,-0.5583753650606761,0.13216443846232873,0.0
0.05,1.0,0.3,R_1dHqTtKKq3yQvmX,inference_categories,dailydilemmas,2,4,0.75,-0.6916850396000928,0.75,-0.5931257005804177,0.09855933901967506,0.0
0.05,1.0,0.3,R_1dHqTtKKq3yQvmX,inference_categories,dailydilemmas,3,4,0.75,-0.6917166981820564,0.75,-0.6263580966921964,0.06535860148985995,0.0
0.05,1.0,0.3,R_1dHqTtKKq3yQvmX,inference_categories,dailydilemmas,4,4,0.75,-0.6905830384527758,0.75,-0.5295501914714311,0.16103284698134468,0.0
0.05,1.0,0.3,R_1P81VK8fH860C4V,inference_categories,dailydilemmas,0,4,1.0,-0.6920433577900249,1.0,-0.5914952841315803,0.10054807365844465,0.0
0.05,1.0,0.3,R_1P81VK8fH860C4V,inference_categories,dailydilemmas,1,4,1.0,-0.6919164570325738,1.0,-0.5259490557022318,0.16596740133034193,0.0
0.05,1.0,0.3,R_1P81VK8fH860C4V,inference_categories,dailydilemmas,2,4,0.75,-0.6928577825296892,0.75,-0.5936066492816534,0.0992511332480358,0.0
0.05,1.0,0.3,R_1P81VK8fH860C4V,inference_categories,dailydilemmas,3,4,0.25,-0.6932254130917721,0.5,-0.6844694059137221,0.00875600717805003,0.25
0.05,1.0,0.3,R_1P81VK8fH860C4V,inference_categories,dailydilemmas,4,4,1.0,-0.6913179800919581,1.0,-0.5410322849888365,0.15028569510312162,0.0
0.05,1.0,0.3,R_7go085j249AymBb,inference_categories,dailydilemmas,0,4,0.5,-0.6920457681275483,0.5,-0.6185815560023951,0.0734642121251532,0.0
0.05,1.0,0.3,R_7go085j249AymBb,inference_categories,dailydilemmas,1,4,0.75,-0.6918687893093179,0.75,-0.5782181811359334,0.11365060817338457,0.0
0.05,1.0,0.3,R_7go085j249AymBb,inference_categories,dailydilemmas,2,4,0.75,-0.6916919699910548,1.0,-0.5674981084421484,0.12419386154890633,0.25
0.05,1.0,0.3,R_7go085j249AymBb,inference_categories,dailydilemmas,3,4,0.75,-0.6921476975615788,0.75,-0.597466601866792,0.09468109569478678,0.0
0.05,1.0,0.3,R_7go085j249AymBb,inference_categories,dailydilemmas,4,4,0.5,-0.6933859969559947,0.5,-0.7196202272800073,-0.02623423032401262,0.0
0.05,1.0,0.3,R_6xzSCFMWRhzZIRg,inference_categories,dailydilemmas,0,4,0.25,-0.6927821561848767,0.25,-0.6634519909547705,0.02933016523010623,0.0
0.05,1.0,0.3,R_6xzSCFMWRhzZIRg,inference_categories,dailydilemmas,1,4,0.75,-0.6925641341245401,0.75,-0.627924235091914,0.06463989903262612,0.0
0.05,1.0,0.3,R_6xzSCFMWRhzZIRg,inference_categories,dailydilemmas,2,4,0.75,-0.6928042560852457,0.75,-0.6383619043839419,0.05444235170130374,0.0
0.05,1.0,0.3,R_6xzSCFMWRhzZIRg,inference_categories,dailydilemmas,3,4,1.0,-0.6921312027011314,0.75,-0.6402508487860649,0.05188035391506651,-0.25
0.05,1.0,0.3,R_6xzSCFMWRhzZIRg,inference_categories,dailydilemmas,4,4,0.75,-0.6925934243944709,0.5,-0.6449620935953276,0.04763133079914328,-0.25
0.05,1.0,0.3,R_5EychZPB1u00qZH,inference_categories,dailydilemmas,0,4,1.0,-0.6915691978027982,0.75,-0.558530074075045,0.13303912372775328,-0.25
0.05,1.0,0.3,R_5EychZPB1u00qZH,inference_categories,dailydilemmas,1,4,0.5,-0.6922579912654148,0.75,-0.6220707331754577,0.07018725808995707,0.25
0.05,1.0,0.3,R_5EychZPB1u00qZH,inference_categories,dailydilemmas,2,4,1.0,-0.6920351292436367,1.0,-0.5886429827463742,0.10339214649726258,0.0
0.05,1.0,0.3,R_5EychZPB1u00qZH,inference_categories,dailydilemmas,3,4,1.0,-0.6918581079995139,1.0,-0.5569459574879015,0.13491215051161232,0.0
0.05,1.0,0.3,R_5EychZPB1u00qZH,inference_categories,dailydilemmas,4,4,0.25,-0.693113923592781,0.25,-0.7340282779185046,-0.040914354325723545,0.0
0.05,1.0,0.3,R_59glCvaBnt5WTU6,inference_categories,dailydilemmas,0,4,0.5,-0.6934585289871318,0.5,-0.713880316198686,-0.020421787211554188,0.0
0.05,1.0,0.3,R_59glCvaBnt5WTU6,inference_categories,dailydilemmas,1,4,0.75,-0.6924249223884483,0.75,-0.6012316631020737,0.09119325928637467,0.0
0.05,1.0,0.3,R_59glCvaBnt5WTU6,inference_categories,dailydilemmas,2,4,0.75,-0.6921256744126439,1.0,-0.5967659041666111,0.09535977024603282,0.25
0.05,1.0,0.3,R_59glCvaBnt5WTU6,inference_categories,dailydilemmas,3,4,0.75,-0.6923140677501498,0.75,-0.61837796331562,0.0739361044345298,0.0
0.05,1.0,0.3,R_59glCvaBnt5WTU6,inference_categories,dailydilemmas,4,4,0.75,-0.6924660984930848,0.75,-0.6571262889919016,0.035339809501183206,0.0
0.05,1.0,0.3,R_1nBL27EvLs0Bkk4,inference_categories,dailydilemmas,0,4,0.5,-0.6925040934732599,0.75,-0.6225825565762809,0.069921536896979,0.25
0.05,1.0,0.3,R_1nBL27EvLs0Bkk4,inference_categories,dailydilemmas,1,4,0.25,-0.693942222109138,0.5,-0.7707908433991889,-0.07684862129005088,0.25
0.05,1.0,0.3,R_1nBL27EvLs0Bkk4,inference_categories,dailydilemmas,2,4,0.75,-0.6912821629528922,1.0,-0.6089670604663319,0.08231510248656038,0.25
0.05,1.0,0.3,R_1nBL27EvLs0Bkk4,inference_categories,dailydilemmas,3,4,0.5,-0.6924616239598635,0.75,-0.6558436368123667,0.03661798714749687,0.25
0.05,1.0,0.3,R_1nBL27EvLs0Bkk4,inference_categories,dailydilemmas,4,4,1.0,-0.6911718043804796,1.0,-0.586879823791166,0.10429198058931366,0.0
0.05,1.0,0.3,R_6FsUQnzEYAQwtwa,inference_categories,dailydilemmas,0,4,0.75,-0.6927384253042169,0.75,-0.6651635139903633,0.02757491131385359,0.0
0.05,1.0,0.3,R_6FsUQnzEYAQwtwa,inference_categories,dailydilemmas,1,4,0.5,-0.6927163458859349,0.25,-0.68358395250315,0.009132393382784931,-0.25
0.05,1.0,0.3,R_6FsUQnzEYAQwtwa,inference_categories,dailydilemmas,2,4,0.5,-0.6932754640605925,0.75,-0.6610258973020088,0.0322495667585837,0.25
0.05,1.0,0.3,R_6FsUQnzEYAQwtwa,inference_categories,dailydilemmas,3,4,0.75,-0.6926125292192916,0.75,-0.7210879726707948,-0.028475443451503213,0.0
0.05,1.0,0.3,R_6FsUQnzEYAQwtwa,inference_categories,dailydilemmas,4,4,0.75,-0.6926171705827615,0.5,-0.6558400667489244,0.036777103833837144,-0.25
0.05,1.0,0.3,R_5pX1jjp1Yu1RSN7,inference_categories,dailydilemmas,0,4,1.0,-0.6916563926178843,1.0,-0.5714707401008978,0.12018565251698643,0.0
0.05,1.0,0.3,R_5pX1jjp1Yu1RSN7,inference_categories,dailydilemmas,1,4,0.75,-0.6913416045752215,0.75,-0.5766770948424306,0.11466450973279096,0.0
0.05,1.0,0.3,R_5pX1jjp1Yu1RSN7,inference_categories,dailydilemmas,2,4,0.75,-0.6917451406050665,0.75,-0.5691256826214935,0.12261945798357299,0.0
0.05,1.0,0.3,R_5pX1jjp1Yu1RSN7,inference_categories,dailydilemmas,3,4,0.75,-0.6915415809271314,0.75,-0.6281239716613528,0.06341760926577855,0.0
0.05,1.0,0.3,R_5pX1jjp1Yu1RSN7,inference_categories,dailydilemmas,4,4,0.25,-0.6954732529707177,0.25,-0.8570219906001009,-0.16154873762938315,0.0
0.05,1.0,0.3,R_5DY1mtPtJpWz8WC,inference_categories,dailydilemmas,0,5,1.0,-0.6901900358599771,1.0,-0.4425344846866409,0.24765555117333615,0.0
0.05,1.0,0.3,R_5DY1mtPtJpWz8WC,inference_categories,dailydilemmas,1,5,0.6,-0.6912324351004475,0.8,-0.5470941337053982,0.14413830139504935,0.20000000000000007
0.05,1.0,0.3,R_5DY1mtPtJpWz8WC,inference_categories,dailydilemmas,2,5,0.8,-0.691829432035987,0.8,-0.5888820645698309,0.10294736746615607,0.0
0.05,1.0,0.3,R_5DY1mtPtJpWz8WC,inference_categories,dailydilemmas,3,5,0.6,-0.6903303706504949,0.6,-0.5035295883381741,0.18680078231232078,0.0
0.05,1.0,0.3,R_1PN3SGDWOMibPAh,inference_categories,dailydilemmas,0,4,0.75,-0.6919509454770811,1.0,-0.5988020347029682,0.09314891077411291,0.25
0.05,1.0,0.3,R_1PN3SGDWOMibPAh,inference_categories,dailydilemmas,1,4,0.5,-0.693423134032705,0.75,-0.7353597602074112,-0.04193662617470628,0.25
0.05,1.0,0.3,R_1PN3SGDWOMibPAh,inference_categories,dailydilemmas,2,4,0.5,-0.692956189895669,0.75,-0.6469691269308983,0.04598706296477073,0.25
0.05,1.0,0.3,R_1PN3SGDWOMibPAh,inference_categories,dailydilemmas,3,4,0.5,-0.6922843616630568,0.5,-0.6283052083153899,0.0639791533476669,0.0
0.05,1.0,0.3,R_1PN3SGDWOMibPAh,inference_categories,dailydilemmas,4,4,1.0,-0.6918221546867992,1.0,-0.6167746662469242,0.07504748843987497,0.0
0.05,1.0,0.3,R_3SrBXsc2uYrsSZz,inference_categories,dailydilemmas,0,4,0.5,-0.6921819867098238,0.75,-0.6299035607955883,0.06227842591423549,0.25
0.05,1.0,0.3,R_3SrBXsc2uYrsSZz,inference_categories,dailydilemmas,1,4,0.75,-0.6927603848918005,0.5,-0.7000487532733534,-0.00728836838155289,-0.25
0.05,1.0,0.3,R_3SrBXsc2uYrsSZz,inference_categories,dailydilemmas,2,4,0.5,-0.6928712779217644,0.5,-0.7342278670872688,-0.04135658916550444,0.0
0.05,1.0,0.3,R_3SrBXsc2uYrsSZz,inference_categories,dailydilemmas,3,4,0.75,-0.6917737093762071,0.75,-0.5854586172793649,0.1063150920968422,0.0
0.05,1.0,0.3,R_3SrBXsc2uYrsSZz,inference_categories,dailydilemmas,4,4,1.0,-0.691789791299691,1.0,-0.5928232617136291,0.09896652958606189,0.0
0.05,1.0,0.3,R_7rNeEq8TvAxjqdL,inference_categories,dailydilemmas,0,4,0.75,-0.6911846470944386,0.75,-0.547714144133216,0.14347050296122266,0.0
0.05,1.0,0.3,R_7rNeEq8TvAxjqdL,inference_categories,dailydilemmas,1,4,0.75,-0.69164818192401,0.75,-0.5870681988183049,0.10457998310570515,0.0
0.05,1.0,0.3,R_7rNeEq8TvAxjqdL,inference_categories,dailydilemmas,2,4,1.0,-0.6907843678215682,1.0,-0.5278269011616354,0.16295746665993271,0.0
0.05,1.0,0.3,R_7rNeEq8TvAxjqdL,inference_categories,dailydilemmas,3,4,0.75,-0.6922579415528716,0.5,-0.6761897580401744,0.01606818351269712,-0.25
0.05,1.0,0.3,R_7rNeEq8TvAxjqdL,inference_categories,dailydilemmas,4,4,0.75,-0.6916794143622071,1.0,-0.5805342442722753,0.11114517008993186,0.25
0.05,1.0,0.3,R_7QAkOtO6FETwKSv,inference_categories,dailydilemmas,0,4,0.5,-0.6935653153634046,0.5,-0.766285223993635,-0.07271990863023037,0.0
0.05,1.0,0.3,R_7QAkOtO6FETwKSv,inference_categories,dailydilemmas,1,4,0.75,-0.6922413992091314,0.75,-0.6552940029413523,0.0369473962677791,0.0
0.05,1.0,0.3,R_7QAkOtO6FETwKSv,inference_categories,dailydilemmas,2,4,0.5,-0.6929267303893999,0.5,-0.758290280149279,-0.06536354975987912,0.0
0.05,1.0,0.3,R_7QAkOtO6FETwKSv,inference_categories,dailydilemmas,3,4,1.0,-0.6920532080201354,0.5,-0.7034378074765747,-0.011384599456439326,-0.5
0.05,1.0,0.3,R_7QAkOtO6FETwKSv,inference_categories,dailydilemmas,4,4,0.5,-0.692874388257928,0.5,-0.7039281045853678,-0.011053716327439789,0.0
0.05,1.0,0.3,R_6gCrJV80LvD23XK,choice_only,dailydilemmas,0,4,0.5,-0.693771785100323,0.5,-0.7623043658938501,-0.06853258079352709,0.0
0.05,1.0,0.3,R_6gCrJV80LvD23XK,choice_only,dailydilemmas,1,4,1.0,-0.6920506137011905,1.0,-0.5697211733364957,0.12232944036469473,0.0
0.05,1.0,0.3,R_6gCrJV80LvD23XK,choice_only,dailydilemmas,2,4,0.75,-0.692272194395104,0.75,-0.6406146439800595,0.051657550415044495,0.0
0.05,1.0,0.3,R_6gCrJV80LvD23XK,choice_only,dailydilemmas,3,4,0.25,-0.6935722697383494,0.25,-0.7311366754598347,-0.03756440572148534,0.0
0.05,1.0,0.3,R_6gCrJV80LvD23XK,choice_only,dailydilemmas,4,4,0.5,-0.69288341392352,0.5,-0.6717138202882612,0.021169593635258832,0.0
0.05,1.0,0.3,R_7SrhV7HvgsG1fvA,choice_only,dailydilemmas,0,4,0.5,-0.6919869228690966,0.5,-0.6417624386169318,0.05022448425216475,0.0
0.05,1.0,0.3,R_7SrhV7HvgsG1fvA,choice_only,dailydilemmas,1,4,0.75,-0.6927850648558612,1.0,-0.6622367556811984,0.03054830917466278,0.25
0.05,1.0,0.3,R_7SrhV7HvgsG1fvA,choice_only,dailydilemmas,2,4,0.5,-0.6932548429514276,0.5,-0.7341229189156817,-0.040868075964254125,0.0
0.05,1.0,0.3,R_7SrhV7HvgsG1fvA,choice_only,dailydilemmas,3,4,0.75,-0.6925621208023383,1.0,-0.6488511870437993,0.04371093375853896,0.25
0.05,1.0,0.3,R_7SrhV7HvgsG1fvA,choice_only,dailydilemmas,4,4,0.0,-0.694777709820397,0.0,-0.8150445773756837,-0.1202668675552867,0.0
0.05,1.0,0.3,R_5aLcKnMSH0hrVLH,choice_only,dailydilemmas,0,4,1.0,-0.6923263146045625,1.0,-0.6038746553856295,0.08845165921893305,0.0
0.05,1.0,0.3,R_5aLcKnMSH0hrVLH,choice_only,dailydilemmas,1,4,1.0,-0.691702529524409,0.75,-0.6040561315310526,0.08764639799335638,-0.25
0.05,1.0,0.3,R_5aLcKnMSH0hrVLH,choice_only,dailydilemmas,2,4,0.75,-0.6924378717203983,0.5,-0.636056588269835,0.05638128345056326,-0.25
0.05,1.0,0.3,R_5aLcKnMSH0hrVLH,choice_only,dailydilemmas,3,4,1.0,-0.6922143155928429,1.0,-0.6562703667345263,0.03594394885831653,0.0
0.05,1.0,0.3,R_5aLcKnMSH0hrVLH,choice_only,dailydilemmas,4,4,0.5,-0.6935217086981267,0.5,-0.7644273510255217,-0.07090564232739505,0.0
0.05,1.0,0.3,R_6E6esO9YjIptSgZ,choice_only,dailydilemmas,0,5,0.4,-0.6933243109022651,0.4,-0.7054602416980122,-0.012135930795747152,0.0
0.05,1.0,0.3,R_6E6esO9YjIptSgZ,choice_only,dailydilemmas,1,5,0.4,-0.6935058840958112,0.4,-0.6820935462427143,0.01141233785309681,0.0
0.05,1.0,0.3,R_6E6esO9YjIptSgZ,choice_only,dailydilemmas,2,5,0.4,-0.693025151606699,1.0,-0.6447133923943393,0.04831175921235964,0.6
0.05,1.0,0.3,R_6E6esO9YjIptSgZ,choice_only,dailydilemmas,3,5,0.4,-0.693228696324342,0.4,-0.6870833082646364,0.006145388059705659,0.0
0.05,1.0,0.3,R_1MCxQvFXsgFj9AZ,choice_only,dailydilemmas,0,4,0.0,-0.6941318405634145,0.5,-0.7124398208359541,-0.01830798027253966,0.5
0.05,1.0,0.3,R_1MCxQvFXsgFj9AZ,choice_only,dailydilemmas,1,4,0.75,-0.6930678237544948,0.5,-0.6862570048935281,0.006810818860966683,-0.25
0.05,1.0,0.3,R_1MCxQvFXsgFj9AZ,choice_only,dailydilemmas,2,4,0.25,-0.6935068931572397,0.25,-0.7521454362139278,-0.05863854305668814,0.0
0.05,1.0,0.3,R_1MCxQvFXsgFj9AZ,choice_only,dailydilemmas,3,4,0.25,-0.6936224990050501,0.25,-0.7175711700858988,-0.023948671080848638,0.0
0.05,1.0,0.3,R_1MCxQvFXsgFj9AZ,choice_only,dailydilemmas,4,4,0.75,-0.6930774068097307,0.5,-0.6906203734669647,0.002457033342766035,-0.25
0.05,1.0,0.3,R_3JfmC4gRU1JpbNv,choice_only,dailydilemmas,0,4,0.75,-0.691414093721901,0.75,-0.5835649645602115,0.10784912916168954,0.0
0.05,1.0,0.3,R_3JfmC4gRU1JpbNv,choice_only,dailydilemmas,1,4,1.0,-0.6911231568843574,1.0,-0.5451955575526863,0.1459275993316711,0.0
0.05,1.0,0.3,R_3JfmC4gRU1JpbNv,choice_only,dailydilemmas,2,4,0.5,-0.6937110318112766,0.5,-0.7168610759186562,-0.02315004410737964,0.0
0.05,1.0,0.3,R_3JfmC4gRU1JpbNv,choice_only,dailydilemmas,3,4,0.5,-0.6933484607438867,0.5,-0.6683160778098595,0.02503238293402721,0.0
0.05,1.0,0.3,R_3JfmC4gRU1JpbNv,choice_only,dailydilemmas,4,4,1.0,-0.691460935575063,1.0,-0.5597013328433629,0.13175960273170018,0.0
0.05,1.0,0.3,R_7QGHM1iZnW1jfRx,choice_only,dailydilemmas,0,4,0.5,-0.6933461948959684,0.5,-0.6948283927692911,-0.0014821978733227104,0.0
0.05,1.0,0.3,R_7QGHM1iZnW1jfRx,choice_only,dailydilemmas,1,4,0.5,-0.6933979723363053,0.5,-0.7209386001075477,-0.027540627771242443,0.0
0.05,1.0,0.3,R_7QGHM1iZnW1jfRx,choice_only,dailydilemmas,2,4,0.5,-0.692723397096704,0.25,-0.7037469315006161,-0.011023534403912016,-0.25
0.05,1.0,0.3,R_7QGHM1iZnW1jfRx,choice_only,dailydilemmas,3,4,0.75,-0.693106248193503,0.75,-0.6771035103274408,0.01600273786606221,0.0
0.05,1.0,0.3,R_7QGHM1iZnW1jfRx,choice_only,dailydilemmas,4,4,0.25,-0.6938567634717323,0.25,-0.7315161765973378,-0.0376594131256055,0.0
0.05,1.0,0.3,R_6rBDZvDRiktj92h,choice_only,dailydilemmas,0,4,0.75,-0.6919508583886247,0.5,-0.6576226122615974,0.03432824612702734,-0.25
0.05,1.0,0.3,R_6rBDZvDRiktj92h,choice_only,dailydilemmas,1,4,0.5,-0.6920848654673555,0.5,-0.6340945475415577,0.057990317925797785,0.0
0.05,1.0,0.3,R_6rBDZvDRiktj92h,choice_only,dailydilemmas,2,4,0.75,-0.6926821806338346,0.75,-0.6894457847696365,0.003236395864198105,0.0
0.05,1.0,0.3,R_6rBDZvDRiktj92h,choice_only,dailydilemmas,3,4,0.5,-0.6925047484490472,0.5,-0.6904190397927643,0.002085708656282881,0.0
0.05,1.0,0.3,R_6rBDZvDRiktj92h,choice_only,dailydilemmas,4,4,0.5,-0.6936433799394314,0.5,-0.7484311058612259,-0.05478772592179448,0.0
0.05,1.0,0.3,R_7DZXdu8GHiSZQbw,choice_only,dailydilemmas,0,5,0.8,-0.6915098669160649,0.8,-0.5863664282285799,0.10514343868748499,0.0
0.05,1.0,0.3,R_7DZXdu8GHiSZQbw,choice_only,dailydilemmas,1,5,0.6,-0.690806185488559,0.6,-0.5610037277517576,0.12980245773680144,0.0
0.05,1.0,0.3,R_7DZXdu8GHiSZQbw,choice_only,dailydilemmas,2,5,0.8,-0.6908536245536288,0.8,-0.5441739976727319,0.14667962688089686,0.0
0.05,1.0,0.3,R_7DZXdu8GHiSZQbw,choice_only,dailydilemmas,3,5,0.8,-0.6915137653328134,0.8,-0.6070427638433438,0.08447100148946962,0.0
0.05,1.0,0.3,R_3wNdGb7QZmozWdV,inference_affirm,dailydilemmas,0,4,0.75,-0.6925585495452946,0.75,-0.7079074038778438,-0.015348854332549178,0.0
0.05,1.0,0.3,R_3wNdGb7QZmozWdV,inference_affirm,dailydilemmas,1,4,0.5,-0.692981251064235,0.5,-0.6922026545142826,0.0007785965499523817,0.0
0.05,1.0,0.3,R_3wNdGb7QZmozWdV,inference_affirm,dailydilemmas,2,4,0.25,-0.693020012554981,0.25,-0.753147459395294,-0.060127446840313015,0.0
0.05,1.0,0.3,R_3wNdGb7QZmozWdV,inference_affirm,dailydilemmas,3,4,1.0,-0.6923061806371242,0.75,-0.6507643108355337,0.04154186980159058,-0.25
0.05,1.0,0.3,R_3wNdGb7QZmozWdV,inference_affirm,dailydilemmas,4,4,0.75,-0.6922461602262034,0.5,-0.6534394429375942,0.038806717288609294,-0.25
0.05,1.0,0.3,R_54BDOExpKqNLP7U,choice_only,dailydilemmas,0,5,1.0,-0.690222392201228,1.0,-0.48126444010797814,0.2089579520932499,0.0
0.05,1.0,0.3,R_54BDOExpKqNLP7U,choice_only,dailydilemmas,1,5,0.8,-0.6912457920133276,1.0,-0.5455707397582685,0.14567505225505906,0.19999999999999996
0.05,1.0,0.3,R_54BDOExpKqNLP7U,choice_only,dailydilemmas,2,5,0.6,-0.6923603456842805,0.6,-0.6535029266555555,0.03885741902872497,0.0
0.05,1.0,0.3,R_54BDOExpKqNLP7U,choice_only,dailydilemmas,3,5,0.8,-0.6900271794005838,1.0,-0.45526903526251045,0.23475814413807333,0.19999999999999996
0.05,1.0,0.3,R_7FP7x1oOPEhKFnt,choice_only,dailydilemmas,0,4,1.0,-0.6919280667454282,1.0,-0.56693140574824,0.1249966609971882,0.0
0.05,1.0,0.3,R_7FP7x1oOPEhKFnt,choice_only,dailydilemmas,1,4,0.5,-0.6928210627175507,1.0,-0.6376487734914849,0.055172289226065874,0.5
0.05,1.0,0.3,R_7FP7x1oOPEhKFnt,choice_only,dailydilemmas,2,4,1.0,-0.6925045821357162,0.75,-0.6363857154031342,0.05611886673258204,-0.25
0.05,1.0,0.3,R_7FP7x1oOPEhKFnt,choice_only,dailydilemmas,3,4,0.75,-0.6929586161800017,0.75,-0.6989295939911883,-0.005970977811186606,0.0
0.05,1.0,0.3,R_7FP7x1oOPEhKFnt,choice_only,dailydilemmas,4,4,0.75,-0.6921518574026817,0.5,-0.6311519486558198,0.0609999087468619,-0.25
0.05,1.0,0.3,R_3RlcXTweCHzrYtz,choice_only,dailydilemmas,0,4,0.75,-0.692169622767719,0.75,-0.6155333313118719,0.07663629145584705,0.0
0.05,1.0,0.3,R_3RlcXTweCHzrYtz,choice_only,dailydilemmas,1,4,0.5,-0.6921245155651763,0.5,-0.6342384516509667,0.057886063914209585,0.0
0.05,1.0,0.3,R_3RlcXTweCHzrYtz,choice_only,dailydilemmas,2,4,0.25,-0.6934837659178836,0.5,-0.7216831147169033,-0.02819934879901964,0.25
0.05,1.0,0.3,R_3RlcXTweCHzrYtz,choice_only,dailydilemmas,3,4,0.5,-0.6932357233524356,0.5,-0.7100179709255303,-0.016782247573094766,0.0
0.05,1.0,0.3,R_3RlcXTweCHzrYtz,choice_only,dailydilemmas,4,4,0.75,-0.6924225385240101,0.75,-0.6077533487113486,0.08466918981266158,0.0
0.05,1.0,0.3,R_64MjAxTXtmHjKMx,choice_only,dailydilemmas,0,4,0.5,-0.6926941351033684,0.5,-0.6521466147298527,0.04054752037351572,0.0
0.05,1.0,0.3,R_64MjAxTXtmHjKMx,choice_only,dailydilemmas,1,4,0.25,-0.6940710556215365,0.25,-0.676927110671755,0.017143944949781442,0.0
0.05,1.0,0.3,R_64MjAxTXtmHjKMx,choice_only,dailydilemmas,2,4,0.25,-0.6938039134381895,0.25,-0.792382275499179,-0.09857836206098947,0.0
0.05,1.0,0.3,R_64MjAxTXtmHjKMx,choice_only,dailydilemmas,3,4,0.75,-0.6920861844549647,0.75,-0.5900790089224803,0.1020071755324844,0.0
0.05,1.0,0.3,R_64MjAxTXtmHjKMx,choice_only,dailydilemmas,4,4,1.0,-0.6918386995488164,1.0,-0.5532800152021845,0.13855868434663188,0.0
0.05,1.0,0.3,R_5B7Sbr53fSq1D3z,inference_affirm,dailydilemmas,0,4,1.0,-0.6924009679036246,0.75,-0.6590705379342443,0.03333042996938029,-0.25
0.05,1.0,0.3,R_5B7Sbr53fSq1D3z,inference_affirm,dailydilemmas,1,4,1.0,-0.6914967585051052,0.75,-0.5823759816033363,0.10912077690176891,-0.25
0.05,1.0,0.3,R_5B7Sbr53fSq1D3z,inference_affirm,dailydilemmas,2,4,0.5,-0.6916899171728221,0.75,-0.5993827535371706,0.0923071636356515,0.25
0.05,1.0,0.3,R_5B7Sbr53fSq1D3z,inference_affirm,dailydilemmas,3,4,0.5,-0.6925555829975424,0.5,-0.6272531039071053,0.06530247909043707,0.0
0.05,1.0,0.3,R_5B7Sbr53fSq1D3z,inference_affirm,dailydilemmas,4,4,0.5,-0.6934639971088424,0.25,-0.7134241835239075,-0.01996018641506503,-0.25
0.05,1.0,0.3,R_7fTeTaHgGhgcqkN,inference_affirm,dailydilemmas,0,4,0.75,-0.6918140257887567,1.0,-0.59838200992455,0.09343201586420669,0.25
0.05,1.0,0.3,R_7fTeTaHgGhgcqkN,inference_affirm,dailydilemmas,1,4,0.75,-0.6912834457678454,1.0,-0.5805419117369109,0.11074153403093445,0.25
0.05,1.0,0.3,R_7fTeTaHgGhgcqkN,inference_affirm,dailydilemmas,2,4,1.0,-0.6919592595083794,1.0,-0.6000508790780035,0.09190838043037597,0.0
0.05,1.0,0.3,R_7fTeTaHgGhgcqkN,inference_affirm,dailydilemmas,3,4,0.5,-0.6923729489017025,0.5,-0.6666195827815508,0.025753366120151777,0.0
0.05,1.0,0.3,R_7fTeTaHgGhgcqkN,inference_affirm,dailydilemmas,4,4,0.75,-0.6914575245591041,0.75,-0.6035870621920234,0.08787046236708074,0.0
0.05,1.0,0.3,R_12tlw5u4cVbNiP1,inference_affirm,dailydilemmas,0,4,0.75,-0.6916294137246326,0.75,-0.6018202311123572,0.08980918261227544,0.0
0.05,1.0,0.3,R_12tlw5u4cVbNiP1,inference_affirm,dailydilemmas,1,4,0.5,-0.6922729032778986,0.5,-0.638806108372566,0.05346679490533257,0.0
0.05,1.0,0.3,R_12tlw5u4cVbNiP1,inference_affirm,dailydilemmas,2,4,1.0,-0.6913990748711327,0.75,-0.5622936882296442,0.12910538664148852,-0.25
0.05,1.0,0.3,R_12tlw5u4cVbNiP1,inference_affirm,dailydilemmas,3,4,0.75,-0.6917636640252386,0.75,-0.5745601548711357,0.11720350915410294,0.0
0.05,1.0,0.3,R_12tlw5u4cVbNiP1,inference_affirm,dailydilemmas,4,4,0.75,-0.6918227014195795,1.0,-0.5956468955865692,0.09617580583301022,0.25
0.05,1.0,0.5,R_5EfMjMbx1z8Kvhl,inference_categories,dailydilemmas,0,4,0.75,-0.6923275991814979,0.5,-0.7091314184978034,-0.01680381931630548,-0.25
0.05,1.0,0.5,R_5EfMjMbx1z8Kvhl,inference_categories,dailydilemmas,1,4,0.5,-0.692107728588651,0.75,-0.664835560488779,0.027272168099871985,0.25
0.05,1.0,0.5,R_5EfMjMbx1z8Kvhl,inference_categories,dailydilemmas,2,4,0.5,-0.6930055898490717,0.75,-0.6609265474848387,0.03207904236423298,0.25
0.05,1.0,0.5,R_5EfMjMbx1z8Kvhl,inference_categories,dailydilemmas,3,4,0.75,-0.6921698893625947,1.0,-0.6148494271756245,0.0773204621869702,0.25
0.05,1.0,0.5,R_5EfMjMbx1z8Kvhl,inference_categories,dailydilemmas,4,4,0.5,-0.6916124977152831,0.5,-0.6388571212253153,0.052755376489967754,0.0
0.05,1.0,0.5,R_56aT1YjmRtKACUH,inference_categories,dailydilemmas,0,4,0.75,-0.6928161057074206,1.0,-0.6374571012059747,0.05535900450144593,0.25
0.05,1.0,0.5,R_56aT1YjmRtKACUH,inference_categories,dailydilemmas,1,4,0.25,-0.6937101957354634,0.5,-0.7393913906018375,-0.04568119486637401,0.25
0.05,1.0,0.5,R_56aT1YjmRtKACUH,inference_categories,dailydilemmas,2,4,0.75,-0.6924772749383264,0.5,-0.6820015268833675,0.010475748054958989,-0.25
0.05,1.0,0.5,R_56aT1YjmRtKACUH,inference_categories,dailydilemmas,3,4,0.75,-0.692553249130433,0.5,-0.6721719214766447,0.020381327653788306,-0.25
0.05,1.0,0.5,R_56aT1YjmRtKACUH,inference_categories,dailydilemmas,4,4,0.5,-0.6927715965415814,0.5,-0.692860184872684,-8.858833110259035e-05,0.0
0.05,1.0,0.5,R_3HS2lsaEfcZSuXu,inference_categories,dailydilemmas,0,4,1.0,-0.6922145708976619,0.75,-0.6141527633358699,0.07806180756179204,-0.25
0.05,1.0,0.5,R_3HS2lsaEfcZSuXu,inference_categories,dailydilemmas,1,4,0.5,-0.6935194048429342,0.5,-0.7767007859899413,-0.08318138114700713,0.0
0.05,1.0,0.5,R_3HS2lsaEfcZSuXu,inference_categories,dailydilemmas,2,4,0.5,-0.6928434999593708,0.5,-0.701288000027124,-0.008444500067753213,0.0
0.05,1.0,0.5,R_3HS2lsaEfcZSuXu,inference_categories,dailydilemmas,3,4,0.5,-0.6925147737062834,1.0,-0.6140198596367099,0.07849491406957354,0.5
0.05,1.0,0.5,R_3HS2lsaEfcZSuXu,inference_categories,dailydilemmas,4,4,0.75,-0.6922641213528324,0.75,-0.6004642511811104,0.09179987017172209,0.0
0.05,1.0,0.5,R_6HoVfVJSFl7IrlL,inference_categories,dailydilemmas,0,4,0.75,-0.6928992813204569,0.75,-0.6792046485580828,0.013694632762374037,0.0
0.05,1.0,0.5,R_6HoVfVJSFl7IrlL,inference_categories,dailydilemmas,1,4,0.75,-0.692487035620315,0.75,-0.6258677019853982,0.06661933363491679,0.0
0.05,1.0,0.5,R_6HoVfVJSFl7IrlL,inference_categories,dailydilemmas,2,4,0.25,-0.6934830207785968,0.75,-0.724016095209837,-0.030533074431240204,0.5
0.05,1.0,0.5,R_6HoVfVJSFl7IrlL,inference_categories,dailydilemmas,3,4,0.75,-0.6924371284265671,1.0,-0.6353609679591266,0.05707616046744057,0.25
0.05,1.0,0.5,R_6HoVfVJSFl7IrlL,inference_categories,dailydilemmas,4,4,0.75,-0.691991702915315,0.75,-0.6272939877208881,0.06469771519442691,0.0
0.05,1.0,0.5,R_5Q5TZ5csoblHSvA,inference_categories,dailydilemmas,0,4,0.5,-0.6932046971065635,0.25,-0.7311104947380056,-0.037905797631442084,-0.25
0.05,1.0,0.5,R_5Q5TZ5csoblHSvA,inference_categories,dailydilemmas,1,4,0.75,-0.6933010362528886,0.75,-0.6847543906312609,0.008546645621627769,0.0
0.05,1.0,0.5,R_5Q5TZ5csoblHSvA,inference_categories,dailydilemmas,2,4,0.5,-0.6925393726246563,0.5,-0.7003138180742129,-0.007774445449556633,0.0
0.05,1.0,0.5,R_5Q5TZ5csoblHSvA,inference_categories,dailydilemmas,3,4,0.25,-0.693672157233209,0.25,-0.710746648280041,-0.017074491046832008,0.0
0.05,1.0,0.5,R_5Q5TZ5csoblHSvA,inference_categories,dailydilemmas,4,4,0.5,-0.6927479762012052,0.5,-0.6907270935068388,0.0020208826943663993,0.0
0.05,1.0,0.5,R_18H831wJaDlPwgg,inference_categories,dailydilemmas,0,4,0.5,-0.6916147042699178,0.5,-0.6843926052471296,0.007222099022788142,0.0
0.05,1.0,0.5,R_18H831wJaDlPwgg,inference_categories,dailydilemmas,1,4,1.0,-0.6899870586634695,1.0,-0.5376124557033177,0.15237460296015182,0.0
0.05,1.0,0.5,R_18H831wJaDlPwgg,inference_categories,dailydilemmas,2,4,0.25,-0.6917238616310285,0.5,-0.5983885037491772,0.09333535788185132,0.25
0.05,1.0,0.5,R_18H831wJaDlPwgg,inference_categories,dailydilemmas,3,4,1.0,-0.6891156439819446,1.0,-0.5037115076279071,0.18540413635403752,0.0
0.05,1.0,0.5,R_18H831wJaDlPwgg,inference_categories,dailydilemmas,4,4,0.75,-0.6902118746874193,1.0,-0.5212687996477938,0.16894307503962547,0.25
0.05,1.0,0.5,R_12mMAseFwoOpgqC,inference_categories,dailydilemmas,0,4,0.75,-0.6923560192102111,0.5,-0.6711650859369059,0.021190933273305124,-0.25
0.05,1.0,0.5,R_12mMAseFwoOpgqC,inference_categories,dailydilemmas,1,4,0.5,-0.692708683905009,0.5,-0.632895735031779,0.059812948873229965,0.0
0.05,1.0,0.5,R_12mMAseFwoOpgqC,inference_categories,dailydilemmas,2,4,0.5,-0.6938594465566419,0.25,-0.7163545403867465,-0.022495093830104618,-0.25
0.05,1.0,0.5,R_12mMAseFwoOpgqC,inference_categories,dailydilemmas,3,4,0.25,-0.693157141606494,0.5,-0.6930139142312756,0.00014322737521843543,0.25
0.05,1.0,0.5,R_12mMAseFwoOpgqC,inference_categories,dailydilemmas,4,4,0.75,-0.6923894076906529,0.75,-0.6443603284244956,0.04802907926615729,0.0
0.05,1.0,0.5,R_7ojvA7NDI10RoKR,inference_categories,dailydilemmas,0,5,0.6,-0.6920068818772697,0.6,-0.6167952756324118,0.0752116062448579,0.0
0.05,1.0,0.5,R_7ojvA7NDI10RoKR,inference_categories,dailydilemmas,1,5,0.8,-0.6917348847637751,1.0,-0.5894392297742911,0.10229565498948401,0.19999999999999996
0.05,1.0,0.5,R_7ojvA7NDI10RoKR,inference_categories,dailydilemmas,2,5,0.8,-0.6916545545853191,0.8,-0.6287235824607974,0.0629309721245217,0.0
0.05,1.0,0.5,R_7ojvA7NDI10RoKR,inference_categories,dailydilemmas,3,5,1.0,-0.6917046586626592,0.8,-0.6023977307260825,0.08930692793657669,-0.19999999999999996
0.05,1.0,0.5,R_5gbXjT8uFYXCo7E,inference_categories,dailydilemmas,0,4,0.25,-0.694026868559669,0.25,-0.745191534538569,-0.051164665978900015,0.0
0.05,1.0,0.5,R_5gbXjT8uFYXCo7E,inference_categories,dailydilemmas,1,4,0.5,-0.6930937564136729,0.5,-0.6787816596807238,0.014312096732949087,0.0
0.05,1.0,0.5,R_5gbXjT8uFYXCo7E,inference_categories,dailydilemmas,2,4,0.5,-0.6928904338246693,0.75,-0.6542409680878785,0.038649465736790845,0.25
0.05,1.0,0.5,R_5gbXjT8uFYXCo7E,inference_categories,dailydilemmas,3,4,0.75,-0.6928488703434292,0.75,-0.6665884639322998,0.026260406411129478,0.0
0.05,1.0,0.5,R_5gbXjT8uFYXCo7E,inference_categories,dailydilemmas,4,4,0.75,-0.6923363356652761,0.75,-0.6452186355114583,0.047117700153817776,0.0
0.05,1.0,0.5,R_7f9o7q4AZOoP4ot,inference_categories,dailydilemmas,0,4,0.5,-0.6928590408729023,0.5,-0.7186817481483656,-0.02582270727546332,0.0
0.05,1.0,0.5,R_7f9o7q4AZOoP4ot,inference_categories,dailydilemmas,1,4,0.25,-0.6940582712554482,0.5,-0.7719769699437529,-0.0779186986883047,0.25
0.05,1.0,0.5,R_7f9o7q4AZOoP4ot,inference_categories,dailydilemmas,2,4,0.25,-0.6938234561373877,0.25,-0.7266406397682549,-0.032817183630867164,0.0
0.05,1.0,0.5,R_7f9o7q4AZOoP4ot,inference_categories,dailydilemmas,3,4,0.5,-0.6930868562810306,0.25,-0.7317121463255579,-0.038625290044527305,-0.25
0.05,1.0,0.5,R_7f9o7q4AZOoP4ot,inference_categories,dailydilemmas,4,4,0.25,-0.6937483224132927,0.25,-0.7879918836960125,-0.09424356128271982,0.0
0.05,1.0,0.5,R_1WHYlcDjJDcnUfD,inference_categories,dailydilemmas,0,4,0.25,-0.6936107817399355,0.5,-0.7087206117543225,-0.015109830014387038,0.25
0.05,1.0,0.5,R_1WHYlcDjJDcnUfD,inference_categories,dailydilemmas,1,4,0.75,-0.6927597897553112,0.75,-0.6948874037238315,-0.0021276139685203477,0.0
0.05,1.0,0.5,R_1WHYlcDjJDcnUfD,inference_categories,dailydilemmas,2,4,0.5,-0.692882790314926,0.75,-0.6771080836887373,0.015774706626188628,0.25
0.05,1.0,0.5,R_1WHYlcDjJDcnUfD,inference_categories,dailydilemmas,3,4,0.5,-0.6933126230141359,0.0,-0.7423921267088441,-0.04907950369470826,-0.5
0.05,1.0,0.5,R_1WHYlcDjJDcnUfD,inference_categories,dailydilemmas,4,4,0.5,-0.6933165620073277,1.0,-0.6636223528809755,0.029694209126352233,0.5
0.05,1.0,0.5,R_6Q0gBjey6IdfZpf,inference_categories,dailydilemmas,0,4,0.75,-0.6921669564928575,0.75,-0.6370027476181038,0.055164208874753706,0.0
0.05,1.0,0.5,R_6Q0gBjey6IdfZpf,inference_categories,dailydilemmas,1,4,1.0,-0.6919515344248186,1.0,-0.6034490891423469,0.08850244528247175,0.0
0.05,1.0,0.5,R_6Q0gBjey6IdfZpf,inference_categories,dailydilemmas,2,4,0.75,-0.6922742370254034,0.75,-0.6073505773383799,0.08492365968702342,0.0
0.05,1.0,0.5,R_6Q0gBjey6IdfZpf,inference_categories,dailydilemmas,3,4,0.75,-0.6922809472749593,0.5,-0.664629592856748,0.027651354418211205,-0.25
0.05,1.0,0.5,R_6Q0gBjey6IdfZpf,inference_categories,dailydilemmas,4,4,0.5,-0.6923239171830518,0.75,-0.6024440948196512,0.08987982236340053,0.25
0.05,1.0,0.5,R_1wzohnjOPhN82Wd,inference_categories,dailydilemmas,0,4,0.75,-0.6912657817430935,0.75,-0.644378658687462,0.046887123055631474,0.0
0.05,1.0,0.5,R_1wzohnjOPhN82Wd,inference_categories,dailydilemmas,1,4,0.75,-0.6910091198303364,0.75,-0.6127796463986013,0.07822947343173514,0.0
0.05,1.0,0.5,R_1wzohnjOPhN82Wd,inference_categories,dailydilemmas,2,4,0.75,-0.6916135310151922,0.75,-0.5608670281211019,0.1307465028940903,0.0
0.05,1.0,0.5,R_1wzohnjOPhN82Wd,inference_categories,dailydilemmas,3,4,0.75,-0.6912827721934094,1.0,-0.5859218643412326,0.10536090785217678,0.25
0.05,1.0,0.5,R_1wzohnjOPhN82Wd,inference_categories,dailydilemmas,4,4,0.25,-0.6945114868894781,0.5,-0.7318137577163679,-0.03730227082688986,0.25
0.05,1.0,0.5,R_70kbQcqJL4Tkq6B,inference_categories,dailydilemmas,0,4,0.5,-0.693099326816225,0.5,-0.736105022969649,-0.04300569615342398,0.0
0.05,1.0,0.5,R_70kbQcqJL4Tkq6B,inference_categories,dailydilemmas,1,4,0.5,-0.6935456776381743,0.75,-0.6738947901254252,0.019650887512749127,0.25
0.05,1.0,0.5,R_70kbQcqJL4Tkq6B,inference_categories,dailydilemmas,2,4,1.0,-0.6903881142268726,0.75,-0.6256032913093548,0.06478482291751786,-0.25
0.05,1.0,0.5,R_70kbQcqJL4Tkq6B,inference_categories,dailydilemmas,3,4,0.75,-0.6910186881848221,0.75,-0.620637971618966,0.0703807165658562,0.0
0.05,1.0,0.5,R_70kbQcqJL4Tkq6B,inference_categories,dailydilemmas,4,4,0.75,-0.6910584094419714,1.0,-0.6081392668430556,0.08291914259891575,0.25
0.05,1.0,0.5,R_6rftRMhNP0o6boD,inference_categories,dailydilemmas,0,4,0.25,-0.6927920742765155,0.5,-0.6316090885501822,0.061182985726333294,0.25
0.05,1.0,0.5,R_6rftRMhNP0o6boD,inference_categories,dailydilemmas,1,4,0.5,-0.6924913932327733,0.75,-0.6970019493261951,-0.004510556093421769,0.25
0.05,1.0,0.5,R_6rftRMhNP0o6boD,inference_categories,dailydilemmas,2,4,0.75,-0.6930215747126403,0.25,-0.734121622493829,-0.0411000477811887,-0.5
0.05,1.0,0.5,R_6rftRMhNP0o6boD,inference_categories,dailydilemmas,3,4,0.75,-0.6913539511353748,0.75,-0.6358344183147471,0.055519532820627715,0.0
0.05,1.0,0.5,R_6rftRMhNP0o6boD,inference_categories,dailydilemmas,4,4,1.0,-0.6911317756524363,0.75,-0.6438678412916298,0.04726393436080656,-0.25
0.05,1.0,0.5,R_6jv2PrGBJcO4of6,inference_categories,dailydilemmas,0,4,1.0,-0.6913708595536875,0.75,-0.564852569106786,0.12651829044690144,-0.25
0.05,1.0,0.5,R_6jv2PrGBJcO4of6,inference_categories,dailydilemmas,1,4,0.75,-0.6912995160513344,0.75,-0.6630873398520376,0.028212176199296835,0.0
0.05,1.0,0.5,R_6jv2PrGBJcO4of6,inference_categories,dailydilemmas,2,4,0.5,-0.6926591280607736,0.5,-0.7082973567121795,-0.01563822865140596,0.0
0.05,1.0,0.5,R_6jv2PrGBJcO4of6,inference_categories,dailydilemmas,3,4,0.75,-0.6920955861097676,0.5,-0.6458032215009668,0.04629236460880082,-0.25
0.05,1.0,0.5,R_6jv2PrGBJcO4of6,inference_categories,dailydilemmas,4,4,0.5,-0.6944162521312823,0.5,-0.8329314259543688,-0.13851517382308642,0.0
0.05,1.0,0.5,R_1dHqTtKKq3yQvmX,inference_categories,dailydilemmas,0,4,0.75,-0.6901793664806752,0.75,-0.5332125774715175,0.15696678900915773,0.0
0.05,1.0,0.5,R_1dHqTtKKq3yQvmX,inference_categories,dailydilemmas,1,4,0.5,-0.6905398035230048,0.5,-0.5454303929830557,0.14510941053994908,0.0
0.05,1.0,0.5,R_1dHqTtKKq3yQvmX,inference_categories,dailydilemmas,2,4,0.75,-0.6916850396000928,0.75,-0.5910347331438297,0.10065030645626305,0.0
0.05,1.0,0.5,R_1dHqTtKKq3yQvmX,inference_categories,dailydilemmas,3,4,0.75,-0.6917166981820564,0.75,-0.6171247796020727,0.07459191857998371,0.0
0.05,1.0,0.5,R_1dHqTtKKq3yQvmX,inference_categories,dailydilemmas,4,4,0.75,-0.6905830384527758,0.75,-0.5336834902556022,0.15689954819717356,0.0
0.05,1.0,0.5,R_1P81VK8fH860C4V,inference_categories,dailydilemmas,0,4,1.0,-0.6920433577900249,1.0,-0.5847530935160319,0.10729026427399302,0.0
0.05,1.0,0.5,R_1P81VK8fH860C4V,inference_categories,dailydilemmas,1,4,1.0,-0.6919164570325738,1.0,-0.5356470804547995,0.1562693765777743,0.0
0.05,1.0,0.5,R_1P81VK8fH860C4V,inference_categories,dailydilemmas,2,4,0.75,-0.6928577825296892,0.75,-0.5843748834472682,0.10848289908242104,0.0
0.05,1.0,0.5,R_1P81VK8fH860C4V,inference_categories,dailydilemmas,3,4,0.25,-0.6932254130917721,0.5,-0.681318657004109,0.011906756087663117,0.25
0.05,1.0,0.5,R_1P81VK8fH860C4V,inference_categories,dailydilemmas,4,4,1.0,-0.6913179800919581,1.0,-0.5558397535463995,0.13547822654555863,0.0
0.05,1.0,0.5,R_7go085j249AymBb,inference_categories,dailydilemmas,0,4,0.5,-0.6920457681275483,0.5,-0.6176495581916118,0.07439620993593643,0.0
0.05,1.0,0.5,R_7go085j249AymBb,inference_categories,dailydilemmas,1,4,0.75,-0.6918687893093179,0.75,-0.5690531549494966,0.12281563435982135,0.0
0.05,1.0,0.5,R_7go085j249AymBb,inference_categories,dailydilemmas,2,4,0.75,-0.6916919699910548,1.0,-0.565208315533976,0.12648365445707876,0.25
0.05,1.0,0.5,R_7go085j249AymBb,inference_categories,dailydilemmas,3,4,0.75,-0.6921476975615788,0.75,-0.587308318283417,0.10483937927816178,0.0
0.05,1.0,0.5,R_7go085j249AymBb,inference_categories,dailydilemmas,4,4,0.5,-0.6933859969559947,0.5,-0.7176359948156443,-0.024249997859649652,0.0
0.05,1.0,0.5,R_6xzSCFMWRhzZIRg,inference_categories,dailydilemmas,0,4,0.25,-0.6927821561848767,0.5,-0.6582270470703395,0.034555109114537186,0.25
0.05,1.0,0.5,R_6xzSCFMWRhzZIRg,inference_categories,dailydilemmas,1,4,0.75,-0.6925641341245401,0.75,-0.615297209164849,0.07726692495969112,0.0
0.05,1.0,0.5,R_6xzSCFMWRhzZIRg,inference_categories,dailydilemmas,2,4,0.75,-0.6928042560852457,0.75,-0.6376138629604795,0.055190393124766146,0.0
0.05,1.0,0.5,R_6xzSCFMWRhzZIRg,inference_categories,dailydilemmas,3,4,1.0,-0.6921312027011314,0.75,-0.66781795572583,0.02431324697530135,-0.25
0.05,1.0,0.5,R_6xzSCFMWRhzZIRg,inference_categories,dailydilemmas,4,4,0.75,-0.6925934243944709,0.5,-0.6399099105121429,0.05268351388232806,-0.25
0.05,1.0,0.5,R_5EychZPB1u00qZH,inference_categories,dailydilemmas,0,4,1.0,-0.6915691978027982,0.75,-0.5695881847969202,0.12198101300587805,-0.25
0.05,1.0,0.5,R_5EychZPB1u00qZH,inference_categories,dailydilemmas,1,4,0.5,-0.6922579912654148,0.75,-0.6192617630548423,0.0729962282105725,0.25
0.05,1.0,0.5,R_5EychZPB1u00qZH,inference_categories,dailydilemmas,2,4,1.0,-0.6920351292436367,1.0,-0.5925588304766225,0.09947629876701425,0.0
0.05,1.0,0.5,R_5EychZPB1u00qZH,inference_categories,dailydilemmas,3,4,1.0,-0.6918581079995139,1.0,-0.5610283777434455,0.13082973025606837,0.0
0.05,1.0,0.5,R_5EychZPB1u00qZH,inference_categories,dailydilemmas,4,4,0.25,-0.693113923592781,0.25,-0.7281987182394597,-0.035084794646678685,0.0
0.05,1.0,0.5,R_59glCvaBnt5WTU6,inference_categories,dailydilemmas,0,4,0.5,-0.6934585289871318,0.5,-0.71804335218672,-0.024584823199588213,0.0
0.05,1.0,0.5,R_59glCvaBnt5WTU6,inference_categories,dailydilemmas,1,4,0.75,-0.6924249223884483,1.0,-0.6012899386511456,0.09113498373730278,0.25
0.05,1.0,0.5,R_59glCvaBnt5WTU6,inference_categories,dailydilemmas,2,4,0.75,-0.6921256744126439,1.0,-0.6001477263676068,0.09197794804503712,0.25
0.05,1.0,0.5,R_59glCvaBnt5WTU6,inference_categories,dailydilemmas,3,4,0.75,-0.6923140677501498,0.5,-0.6204072228749979,0.07190684487515187,-0.25
0.05,1.0,0.5,R_59glCvaBnt5WTU6,inference_categories,dailydilemmas,4,4,0.75,-0.6924660984930848,0.75,-0.6657447724828615,0.026721326010223367,0.0
0.05,1.0,0.5,R_1nBL27EvLs0Bkk4,inference_categories,dailydilemmas,0,4,0.5,-0.6925040934732599,0.75,-0.6189977929283301,0.07350630054492979,0.25
0.05,1.0,0.5,R_1nBL27EvLs0Bkk4,inference_categories,dailydilemmas,1,4,0.25,-0.693942222109138,0.5,-0.7700314484303296,-0.07608922632119153,0.25
0.05,1.0,0.5,R_1nBL27EvLs0Bkk4,inference_categories,dailydilemmas,2,4,0.75,-0.6912821629528922,1.0,-0.6189070527295496,0.07237511022334264,0.25
0.05,1.0,0.5,R_1nBL27EvLs0Bkk4,inference_categories,dailydilemmas,3,4,0.5,-0.6924616239598635,0.75,-0.6578465967539027,0.03461502720596088,0.25
0.05,1.0,0.5,R_1nBL27EvLs0Bkk4,inference_categories,dailydilemmas,4,4,1.0,-0.6911718043804796,0.75,-0.6065647883422491,0.08460701603823051,-0.25
0.05,1.0,0.5,R_6FsUQnzEYAQwtwa,inference_categories,dailydilemmas,0,4,0.75,-0.6927384253042169,0.75,-0.6687144259013418,0.02402399940287514,0.0
0.05,1.0,0.5,R_6FsUQnzEYAQwtwa,inference_categories,dailydilemmas,1,4,0.5,-0.6927163458859349,0.25,-0.6842048980011479,0.008511447884786971,-0.25
0.05,1.0,0.5,R_6FsUQnzEYAQwtwa,inference_categories,dailydilemmas,2,4,0.5,-0.6932754640605925,0.75,-0.6543563864677522,0.0389190775928403,0.25
0.05,1.0,0.5,R_6FsUQnzEYAQwtwa,inference_categories,dailydilemmas,3,4,0.75,-0.6926125292192916,0.5,-0.7424506123875245,-0.049838083168232905,-0.25
0.05,1.0,0.5,R_6FsUQnzEYAQwtwa,inference_categories,dailydilemmas,4,4,0.75,-0.6926171705827615,0.5,-0.658976581550218,0.03364058903254352,-0.25
0.05,1.0,0.5,R_5pX1jjp1Yu1RSN7,inference_categories,dailydilemmas,0,4,1.0,-0.6916563926178843,1.0,-0.5758712622750809,0.11578513034280336,0.0
0.05,1.0,0.5,R_5pX1jjp1Yu1RSN7,inference_categories,dailydilemmas,1,4,0.75,-0.6913416045752215,0.75,-0.580503149110146,0.11083845546507554,0.0
0.05,1.0,0.5,R_5pX1jjp1Yu1RSN7,inference_categories,dailydilemmas,2,4,0.75,-0.6917451406050665,0.75,-0.5682815610676228,0.12346357953744369,0.0
0.05,1.0,0.5,R_5pX1jjp1Yu1RSN7,inference_categories,dailydilemmas,3,4,0.75,-0.6915415809271314,0.75,-0.6431743200648925,0.04836726086223886,0.0
0.05,1.0,0.5,R_5pX1jjp1Yu1RSN7,inference_categories,dailydilemmas,4,4,0.25,-0.6954732529707177,0.25,-0.8508566210794207,-0.155383368108703,0.0
0.05,1.0,0.5,R_5DY1mtPtJpWz8WC,inference_categories,dailydilemmas,0,5,1.0,-0.6901900358599771,1.0,-0.44867914038694956,0.2415108954730275,0.0
0.05,1.0,0.5,R_5DY1mtPtJpWz8WC,inference_categories,dailydilemmas,1,5,0.6,-0.6912324351004475,0.8,-0.549768125832298,0.14146430926814957,0.20000000000000007
0.05,1.0,0.5,R_5DY1mtPtJpWz8WC,inference_categories,dailydilemmas,2,5,0.8,-0.691829432035987,1.0,-0.5918522556433627,0.09997717639262427,0.19999999999999996
0.05,1.0,0.5,R_5DY1mtPtJpWz8WC,inference_categories,dailydilemmas,3,5,0.6,-0.6903303706504949,1.0,-0.5092252944431762,0.18110507620731864,0.4
0.05,1.0,0.5,R_1PN3SGDWOMibPAh,inference_categories,dailydilemmas,0,4,0.75,-0.6919509454770811,1.0,-0.6031990832083207,0.08875186226876042,0.25
0.05,1.0,0.5,R_1PN3SGDWOMibPAh,inference_categories,dailydilemmas,1,4,0.5,-0.693423134032705,0.75,-0.7244379111556372,-0.031014777122932213,0.25
0.05,1.0,0.5,R_1PN3SGDWOMibPAh,inference_categories,dailydilemmas,2,4,0.5,-0.692956189895669,0.75,-0.640657413972399,0.052298775923270036,0.25
0.05,1.0,0.5,R_1PN3SGDWOMibPAh,inference_categories,dailydilemmas,3,4,0.5,-0.6922843616630568,0.5,-0.6172742737220244,0.07501008794103248,0.0
0.05,1.0,0.5,R_1PN3SGDWOMibPAh,inference_categories,dailydilemmas,4,4,1.0,-0.6918221546867992,0.75,-0.6210123558105949,0.07080979887620431,-0.25
0.05,1.0,0.5,R_3SrBXsc2uYrsSZz,inference_categories,dailydilemmas,0,4,0.5,-0.6921819867098238,0.75,-0.6321418839811599,0.06004010272866389,0.25
0.05,1.0,0.5,R_3SrBXsc2uYrsSZz,inference_categories,dailydilemmas,1,4,0.75,-0.6927603848918005,0.5,-0.6975497239547862,-0.004789339062985731,-0.25
0.05,1.0,0.5,R_3SrBXsc2uYrsSZz,inference_categories,dailydilemmas,2,4,0.5,-0.6928712779217644,0.5,-0.7274025678416364,-0.03453128991987198,0.0
0.05,1.0,0.5,R_3SrBXsc2uYrsSZz,inference_categories,dailydilemmas,3,4,0.75,-0.6917737093762071,0.75,-0.5885194389003661,0.10325427047584101,0.0
0.05,1.0,0.5,R_3SrBXsc2uYrsSZz,inference_categories,dailydilemmas,4,4,1.0,-0.691789791299691,1.0,-0.5989129369469726,0.09287685435271842,0.0
0.05,1.0,0.5,R_7rNeEq8TvAxjqdL,inference_categories,dailydilemmas,0,4,0.75,-0.6911846470944386,0.75,-0.5397509622699967,0.15143368482444186,0.0
0.05,1.0,0.5,R_7rNeEq8TvAxjqdL,inference_categories,dailydilemmas,1,4,0.75,-0.69164818192401,0.5,-0.6048585617937267,0.08678962013028335,-0.25
0.05,1.0,0.5,R_7rNeEq8TvAxjqdL,inference_categories,dailydilemmas,2,4,1.0,-0.6907843678215682,1.0,-0.5303013630001536,0.16048300482141453,0.0
0.05,1.0,0.5,R_7rNeEq8TvAxjqdL,inference_categories,dailydilemmas,3,4,0.75,-0.6922579415528716,0.5,-0.6794185374084046,0.012839404144466937,-0.25
0.05,1.0,0.5,R_7rNeEq8TvAxjqdL,inference_categories,dailydilemmas,4,4,0.75,-0.6916794143622071,1.0,-0.5769930905386932,0.11468632382351396,0.25
0.05,1.0,0.5,R_7QAkOtO6FETwKSv,inference_categories,dailydilemmas,0,4,0.5,-0.6935653153634046,0.5,-0.7698370734663,-0.07627175810289544,0.0
0.05,1.0,0.5,R_7QAkOtO6FETwKSv,inference_categories,dailydilemmas,1,4,0.75,-0.6922413992091314,0.75,-0.6524639002602961,0.03977749894883531,0.0
0.05,1.0,0.5,R_7QAkOtO6FETwKSv,inference_categories,dailydilemmas,2,4,0.5,-0.6929267303893999,0.5,-0.7603843286734469,-0.06745759828404696,0.0
0.05,1.0,0.5,R_7QAkOtO6FETwKSv,inference_categories,dailydilemmas,3,4,1.0,-0.6920532080201354,0.5,-0.6964265132761328,-0.0043733052559974395,-0.5
0.05,1.0,0.5,R_7QAkOtO6FETwKSv,inference_categories,dailydilemmas,4,4,0.5,-0.692874388257928,0.5,-0.7003869181036365,-0.007512529845708493,0.0
0.05,1.0,0.5,R_6gCrJV80LvD23XK,choice_only,dailydilemmas,0,4,0.5,-0.693771785100323,0.5,-0.7623043658938501,-0.06853258079352709,0.0
0.05,1.0,0.5,R_6gCrJV80LvD23XK,choice_only,dailydilemmas,1,4,1.0,-0.6920506137011905,1.0,-0.5697211733364957,0.12232944036469473,0.0
0.05,1.0,0.5,R_6gCrJV80LvD23XK,choice_only,dailydilemmas,2,4,0.75,-0.692272194395104,0.75,-0.6406146439800595,0.051657550415044495,0.0
0.05,1.0,0.5,R_6gCrJV80LvD23XK,choice_only,dailydilemmas,3,4,0.25,-0.6935722697383494,0.25,-0.7311366754598347,-0.03756440572148534,0.0
0.05,1.0,0.5,R_6gCrJV80LvD23XK,choice_only,dailydilemmas,4,4,0.5,-0.69288341392352,0.5,-0.6717138202882612,0.021169593635258832,0.0
0.05,1.0,0.5,R_7SrhV7HvgsG1fvA,choice_only,dailydilemmas,0,4,0.5,-0.6919869228690966,0.5,-0.6417624386169318,0.05022448425216475,0.0
0.05,1.0,0.5,R_7SrhV7HvgsG1fvA,choice_only,dailydilemmas,1,4,0.75,-0.6927850648558612,1.0,-0.6622367556811984,0.03054830917466278,0.25
0.05,1.0,0.5,R_7SrhV7HvgsG1fvA,choice_only,dailydilemmas,2,4,0.5,-0.6932548429514276,0.5,-0.7341229189156817,-0.040868075964254125,0.0
0.05,1.0,0.5,R_7SrhV7HvgsG1fvA,choice_only,dailydilemmas,3,4,0.75,-0.6925621208023383,1.0,-0.6488511870437993,0.04371093375853896,0.25
0.05,1.0,0.5,R_7SrhV7HvgsG1fvA,choice_only,dailydilemmas,4,4,0.0,-0.694777709820397,0.0,-0.8150445773756837,-0.1202668675552867,0.0
0.05,1.0,0.5,R_5aLcKnMSH0hrVLH,choice_only,dailydilemmas,0,4,1.0,-0.6923263146045625,1.0,-0.6038746553856295,0.08845165921893305,0.0
0.05,1.0,0.5,R_5aLcKnMSH0hrVLH,choice_only,dailydilemmas,1,4,1.0,-0.691702529524409,0.75,-0.6040561315310526,0.08764639799335638,-0.25
0.05,1.0,0.5,R_5aLcKnMSH0hrVLH,choice_only,dailydilemmas,2,4,0.75,-0.6924378717203983,0.5,-0.636056588269835,0.05638128345056326,-0.25
0.05,1.0,0.5,R_5aLcKnMSH0hrVLH,choice_only,dailydilemmas,3,4,1.0,-0.6922143155928429,1.0,-0.6562703667345263,0.03594394885831653,0.0
0.05,1.0,0.5,R_5aLcKnMSH0hrVLH,choice_only,dailydilemmas,4,4,0.5,-0.6935217086981267,0.5,-0.7644273510255217,-0.07090564232739505,0.0
0.05,1.0,0.5,R_6E6esO9YjIptSgZ,choice_only,dailydilemmas,0,5,0.4,-0.6933243109022651,0.4,-0.7054602416980122,-0.012135930795747152,0.0
0.05,1.0,0.5,R_6E6esO9YjIptSgZ,choice_only,dailydilemmas,1,5,0.4,-0.6935058840958112,0.4,-0.6820935462427143,0.01141233785309681,0.0
0.05,1.0,0.5,R_6E6esO9YjIptSgZ,choice_only,dailydilemmas,2,5,0.4,-0.693025151606699,1.0,-0.6447133923943393,0.04831175921235964,0.6
0.05,1.0,0.5,R_6E6esO9YjIptSgZ,choice_only,dailydilemmas,3,5,0.4,-0.693228696324342,0.4,-0.6870833082646364,0.006145388059705659,0.0
0.05,1.0,0.5,R_1MCxQvFXsgFj9AZ,choice_only,dailydilemmas,0,4,0.0,-0.6941318405634145,0.5,-0.7124398208359541,-0.01830798027253966,0.5
0.05,1.0,0.5,R_1MCxQvFXsgFj9AZ,choice_only,dailydilemmas,1,4,0.75,-0.6930678237544948,0.5,-0.6862570048935281,0.006810818860966683,-0.25
0.05,1.0,0.5,R_1MCxQvFXsgFj9AZ,choice_only,dailydilemmas,2,4,0.25,-0.6935068931572397,0.25,-0.7521454362139278,-0.05863854305668814,0.0
0.05,1.0,0.5,R_1MCxQvFXsgFj9AZ,choice_only,dailydilemmas,3,4,0.25,-0.6936224990050501,0.25,-0.7175711700858988,-0.023948671080848638,0.0
0.05,1.0,0.5,R_1MCxQvFXsgFj9AZ,choice_only,dailydilemmas,4,4,0.75,-0.6930774068097307,0.5,-0.6906203734669647,0.002457033342766035,-0.25
0.05,1.0,0.5,R_3JfmC4gRU1JpbNv,choice_only,dailydilemmas,0,4,0.75,-0.691414093721901,0.75,-0.5835649645602115,0.10784912916168954,0.0
0.05,1.0,0.5,R_3JfmC4gRU1JpbNv,choice_only,dailydilemmas,1,4,1.0,-0.6911231568843574,1.0,-0.5451955575526863,0.1459275993316711,0.0
0.05,1.0,0.5,R_3JfmC4gRU1JpbNv,choice_only,dailydilemmas,2,4,0.5,-0.6937110318112766,0.5,-0.7168610759186562,-0.02315004410737964,0.0
0.05,1.0,0.5,R_3JfmC4gRU1JpbNv,choice_only,dailydilemmas,3,4,0.5,-0.6933484607438867,0.5,-0.6683160778098595,0.02503238293402721,0.0
0.05,1.0,0.5,R_3JfmC4gRU1JpbNv,choice_only,dailydilemmas,4,4,1.0,-0.691460935575063,1.0,-0.5597013328433629,0.13175960273170018,0.0
0.05,1.0,0.5,R_7QGHM1iZnW1jfRx,choice_only,dailydilemmas,0,4,0.5,-0.6933461948959684,0.5,-0.6948283927692911,-0.0014821978733227104,0.0
0.05,1.0,0.5,R_7QGHM1iZnW1jfRx,choice_only,dailydilemmas,1,4,0.5,-0.6933979723363053,0.5,-0.7209386001075477,-0.027540627771242443,0.0
0.05,1.0,0.5,R_7QGHM1iZnW1jfRx,choice_only,dailydilemmas,2,4,0.5,-0.692723397096704,0.25,-0.7037469315006161,-0.011023534403912016,-0.25
0.05,1.0,0.5,R_7QGHM1iZnW1jfRx,choice_only,dailydilemmas,3,4,0.75,-0.693106248193503,0.75,-0.6771035103274408,0.01600273786606221,0.0
0.05,1.0,0.5,R_7QGHM1iZnW1jfRx,choice_only,dailydilemmas,4,4,0.25,-0.6938567634717323,0.25,-0.7315161765973378,-0.0376594131256055,0.0
0.05,1.0,0.5,R_6rBDZvDRiktj92h,choice_only,dailydilemmas,0,4,0.75,-0.6919508583886247,0.5,-0.6576226122615974,0.03432824612702734,-0.25
0.05,1.0,0.5,R_6rBDZvDRiktj92h,choice_only,dailydilemmas,1,4,0.5,-0.6920848654673555,0.5,-0.6340945475415577,0.057990317925797785,0.0
0.05,1.0,0.5,R_6rBDZvDRiktj92h,choice_only,dailydilemmas,2,4,0.75,-0.6926821806338346,0.75,-0.6894457847696365,0.003236395864198105,0.0
0.05,1.0,0.5,R_6rBDZvDRiktj92h,choice_only,dailydilemmas,3,4,0.5,-0.6925047484490472,0.5,-0.6904190397927643,0.002085708656282881,0.0
0.05,1.0,0.5,R_6rBDZvDRiktj92h,choice_only,dailydilemmas,4,4,0.5,-0.6936433799394314,0.5,-0.7484311058612259,-0.05478772592179448,0.0
0.05,1.0,0.5,R_7DZXdu8GHiSZQbw,choice_only,dailydilemmas,0,5,0.8,-0.6915098669160649,0.8,-0.5863664282285799,0.10514343868748499,0.0
0.05,1.0,0.5,R_7DZXdu8GHiSZQbw,choice_only,dailydilemmas,1,5,0.6,-0.690806185488559,0.6,-0.5610037277517576,0.12980245773680144,0.0
0.05,1.0,0.5,R_7DZXdu8GHiSZQbw,choice_only,dailydilemmas,2,5,0.8,-0.6908536245536288,0.8,-0.5441739976727319,0.14667962688089686,0.0
0.05,1.0,0.5,R_7DZXdu8GHiSZQbw,choice_only,dailydilemmas,3,5,0.8,-0.6915137653328134,0.8,-0.6070427638433438,0.08447100148946962,0.0
0.05,1.0,0.5,R_3wNdGb7QZmozWdV,inference_affirm,dailydilemmas,0,4,0.75,-0.6925585495452946,0.75,-0.7258654350390559,-0.03330688549376126,0.0
0.05,1.0,0.5,R_3wNdGb7QZmozWdV,inference_affirm,dailydilemmas,1,4,0.5,-0.692981251064235,0.5,-0.6885211807643034,0.004460070299931673,0.0
0.05,1.0,0.5,R_3wNdGb7QZmozWdV,inference_affirm,dailydilemmas,2,4,0.25,-0.693020012554981,0.25,-0.7821484993974679,-0.08912848684248686,0.0
0.05,1.0,0.5,R_3wNdGb7QZmozWdV,inference_affirm,dailydilemmas,3,4,1.0,-0.6923061806371242,0.75,-0.6586764253789985,0.033629755258125726,-0.25
0.05,1.0,0.5,R_3wNdGb7QZmozWdV,inference_affirm,dailydilemmas,4,4,0.75,-0.6922461602262034,0.75,-0.6616571690374744,0.030588991188729042,0.0
0.05,1.0,0.5,R_54BDOExpKqNLP7U,choice_only,dailydilemmas,0,5,1.0,-0.690222392201228,1.0,-0.48126444010797814,0.2089579520932499,0.0
0.05,1.0,0.5,R_54BDOExpKqNLP7U,choice_only,dailydilemmas,1,5,0.8,-0.6912457920133276,1.0,-0.5455707397582685,0.14567505225505906,0.19999999999999996
0.05,1.0,0.5,R_54BDOExpKqNLP7U,choice_only,dailydilemmas,2,5,0.6,-0.6923603456842805,0.6,-0.6535029266555555,0.03885741902872497,0.0
0.05,1.0,0.5,R_54BDOExpKqNLP7U,choice_only,dailydilemmas,3,5,0.8,-0.6900271794005838,1.0,-0.45526903526251045,0.23475814413807333,0.19999999999999996
0.05,1.0,0.5,R_7FP7x1oOPEhKFnt,choice_only,dailydilemmas,0,4,1.0,-0.6919280667454282,1.0,-0.56693140574824,0.1249966609971882,0.0
0.05,1.0,0.5,R_7FP7x1oOPEhKFnt,choice_only,dailydilemmas,1,4,0.5,-0.6928210627175507,1.0,-0.6376487734914849,0.055172289226065874,0.5
0.05,1.0,0.5,R_7FP7x1oOPEhKFnt,choice_only,dailydilemmas,2,4,1.0,-0.6925045821357162,0.75,-0.6363857154031342,0.05611886673258204,-0.25
0.05,1.0,0.5,R_7FP7x1oOPEhKFnt,choice_only,dailydilemmas,3,4,0.75,-0.6929586161800017,0.75,-0.6989295939911883,-0.005970977811186606,0.0
0.05,1.0,0.5,R_7FP7x1oOPEhKFnt,choice_only,dailydilemmas,4,4,0.75,-0.6921518574026817,0.5,-0.6311519486558198,0.0609999087468619,-0.25
0.05,1.0,0.5,R_3RlcXTweCHzrYtz,choice_only,dailydilemmas,0,4,0.75,-0.692169622767719,0.75,-0.6155333313118719,0.07663629145584705,0.0
0.05,1.0,0.5,R_3RlcXTweCHzrYtz,choice_only,dailydilemmas,1,4,0.5,-0.6921245155651763,0.5,-0.6342384516509667,0.057886063914209585,0.0
0.05,1.0,0.5,R_3RlcXTweCHzrYtz,choice_only,dailydilemmas,2,4,0.25,-0.6934837659178836,0.5,-0.7216831147169033,-0.02819934879901964,0.25
0.05,1.0,0.5,R_3RlcXTweCHzrYtz,choice_only,dailydilemmas,3,4,0.5,-0.6932357233524356,0.5,-0.7100179709255303,-0.016782247573094766,0.0
0.05,1.0,0.5,R_3RlcXTweCHzrYtz,choice_only,dailydilemmas,4,4,0.75,-0.6924225385240101,0.75,-0.6077533487113486,0.08466918981266158,0.0
0.05,1.0,0.5,R_64MjAxTXtmHjKMx,choice_only,dailydilemmas,0,4,0.5,-0.6926941351033684,0.5,-0.6521466147298527,0.04054752037351572,0.0
0.05,1.0,0.5,R_64MjAxTXtmHjKMx,choice_only,dailydilemmas,1,4,0.25,-0.6940710556215365,0.25,-0.676927110671755,0.017143944949781442,0.0
0.05,1.0,0.5,R_64MjAxTXtmHjKMx,choice_only,dailydilemmas,2,4,0.25,-0.6938039134381895,0.25,-0.792382275499179,-0.09857836206098947,0.0
0.05,1.0,0.5,R_64MjAxTXtmHjKMx,choice_only,dailydilemmas,3,4,0.75,-0.6920861844549647,0.75,-0.5900790089224803,0.1020071755324844,0.0
0.05,1.0,0.5,R_64MjAxTXtmHjKMx,choice_only,dailydilemmas,4,4,1.0,-0.6918386995488164,1.0,-0.5532800152021845,0.13855868434663188,0.0
0.05,1.0,0.5,R_5B7Sbr53fSq1D3z,inference_affirm,dailydilemmas,0,4,1.0,-0.6924009679036246,0.75,-0.6683882544882057,0.024012713415418885,-0.25
0.05,1.0,0.5,R_5B7Sbr53fSq1D3z,inference_affirm,dailydilemmas,1,4,1.0,-0.6914967585051052,0.75,-0.5980308565402557,0.0934659019648495,-0.25
0.05,1.0,0.5,R_5B7Sbr53fSq1D3z,inference_affirm,dailydilemmas,2,4,0.5,-0.6916899171728221,0.75,-0.6057987757425931,0.08589114143022902,0.25
0.05,1.0,0.5,R_5B7Sbr53fSq1D3z,inference_affirm,dailydilemmas,3,4,0.5,-0.6925555829975424,0.5,-0.6191477479822702,0.07340783501527215,0.0
0.05,1.0,0.5,R_5B7Sbr53fSq1D3z,inference_affirm,dailydilemmas,4,4,0.5,-0.6934639971088424,0.25,-0.7161110735283863,-0.022647076419543888,-0.25
0.05,1.0,0.5,R_7fTeTaHgGhgcqkN,inference_affirm,dailydilemmas,0,4,0.75,-0.6918140257887567,1.0,-0.6087849875493498,0.08302903823940688,0.25
0.05,1.0,0.5,R_7fTeTaHgGhgcqkN,inference_affirm,dailydilemmas,1,4,0.75,-0.6912834457678454,1.0,-0.5771015630616368,0.11418188270620855,0.25
0.05,1.0,0.5,R_7fTeTaHgGhgcqkN,inference_affirm,dailydilemmas,2,4,1.0,-0.6919592595083794,1.0,-0.6060363976142807,0.0859228618940987,0.0
0.05,1.0,0.5,R_7fTeTaHgGhgcqkN,inference_affirm,dailydilemmas,3,4,0.5,-0.6923729489017025,0.5,-0.6568734753381532,0.03549947356354932,0.0
0.05,1.0,0.5,R_7fTeTaHgGhgcqkN,inference_affirm,dailydilemmas,4,4,0.75,-0.6914575245591041,0.75,-0.6038992804539787,0.08755824410512547,0.0
0.05,1.0,0.5,R_12tlw5u4cVbNiP1,inference_affirm,dailydilemmas,0,4,0.75,-0.6916294137246326,0.75,-0.6136904629667532,0.07793895075787938,0.0
0.05,1.0,0.5,R_12tlw5u4cVbNiP1,inference_affirm,dailydilemmas,1,4,0.5,-0.6922729032778986,0.5,-0.6461884196996311,0.04608448357826744,0.0
0.05,1.0,0.5,R_12tlw5u4cVbNiP1,inference_affirm,dailydilemmas,2,4,1.0,-0.6913990748711327,0.75,-0.5736387452248182,0.11776032964631455,-0.25
0.05,1.0,0.5,R_12tlw5u4cVbNiP1,inference_affirm,dailydilemmas,3,4,0.75,-0.6917636640252386,1.0,-0.5768599734424253,0.11490369058281324,0.25
0.05,1.0,0.5,R_12tlw5u4cVbNiP1,inference_affirm,dailydilemmas,4,4,0.75,-0.6918227014195795,1.0,-0.5934855700491567,0.09833713137042277,0.25
0.05,1.0,0.75,R_5EfMjMbx1z8Kvhl,inference_categories,dailydilemmas,0,4,0.75,-0.6923275991814979,0.5,-0.7281421428881403,-0.03581454370664239,-0.25
0.05,1.0,0.75,R_5EfMjMbx1z8Kvhl,inference_categories,dailydilemmas,1,4,0.5,-0.692107728588651,0.75,-0.6728055468425798,0.019302181746071234,0.25
0.05,1.0,0.75,R_5EfMjMbx1z8Kvhl,inference_categories,dailydilemmas,2,4,0.5,-0.6930055898490717,0.75,-0.660276381982033,0.0327292078670387,0.25
0.05,1.0,0.75,R_5EfMjMbx1z8Kvhl,inference_categories,dailydilemmas,3,4,0.75,-0.6921698893625947,0.75,-0.6301405179310399,0.06202937143155485,0.0
0.05,1.0,0.75,R_5EfMjMbx1z8Kvhl,inference_categories,dailydilemmas,4,4,0.5,-0.6916124977152831,0.5,-0.6609224360674714,0.03069006164781174,0.0
0.05,1.0,0.75,R_56aT1YjmRtKACUH,inference_categories,dailydilemmas,0,4,0.75,-0.6928161057074206,1.0,-0.626532389713486,0.06628371599393457,0.25
0.05,1.0,0.75,R_56aT1YjmRtKACUH,inference_categories,dailydilemmas,1,4,0.25,-0.6937101957354634,0.25,-0.741879371939095,-0.04816917620363159,0.0
0.05,1.0,0.75,R_56aT1YjmRtKACUH,inference_categories,dailydilemmas,2,4,0.75,-0.6924772749383264,0.5,-0.6985695872010023,-0.006092312262675814,-0.25
0.05,1.0,0.75,R_56aT1YjmRtKACUH,inference_categories,dailydilemmas,3,4,0.75,-0.692553249130433,0.5,-0.6757121327997248,0.016841116330708283,-0.25
0.05,1.0,0.75,R_56aT1YjmRtKACUH,inference_categories,dailydilemmas,4,4,0.5,-0.6927715965415814,0.25,-0.6872687640188423,0.005502832522739087,-0.25
0.05,1.0,0.75,R_3HS2lsaEfcZSuXu,inference_categories,dailydilemmas,0,4,1.0,-0.6922145708976619,0.75,-0.6156297859289201,0.07658478496874177,-0.25
0.05,1.0,0.75,R_3HS2lsaEfcZSuXu,inference_categories,dailydilemmas,1,4,0.5,-0.6935194048429342,0.5,-0.7793394360263046,-0.08582003118337045,0.0
0.05,1.0,0.75,R_3HS2lsaEfcZSuXu,inference_categories,dailydilemmas,2,4,0.5,-0.6928434999593708,0.5,-0.6939252578234858,-0.0010817578641150183,0.0
0.05,1.0,0.75,R_3HS2lsaEfcZSuXu,inference_categories,dailydilemmas,3,4,0.5,-0.6925147737062834,1.0,-0.6106122945443346,0.08190247916194882,0.5
0.05,1.0,0.75,R_3HS2lsaEfcZSuXu,inference_categories,dailydilemmas,4,4,0.75,-0.6922641213528324,1.0,-0.5960720966561148,0.09619202469671762,0.25
0.05,1.0,0.75,R_6HoVfVJSFl7IrlL,inference_categories,dailydilemmas,0,4,0.75,-0.6928992813204569,0.75,-0.6766253331158025,0.01627394820465433,0.0
0.05,1.0,0.75,R_6HoVfVJSFl7IrlL,inference_categories,dailydilemmas,1,4,0.75,-0.692487035620315,0.75,-0.640397324492749,0.052089711127565996,0.0
0.05,1.0,0.75,R_6HoVfVJSFl7IrlL,inference_categories,dailydilemmas,2,4,0.25,-0.6934830207785968,0.75,-0.7199542664773272,-0.026471245698730383,0.5
0.05,1.0,0.75,R_6HoVfVJSFl7IrlL,inference_categories,dailydilemmas,3,4,0.75,-0.6924371284265671,0.75,-0.6401772610893466,0.052259867337220545,0.0
0.05,1.0,0.75,R_6HoVfVJSFl7IrlL,inference_categories,dailydilemmas,4,4,0.75,-0.691991702915315,1.0,-0.6346372080421827,0.05735449487313227,0.25
0.05,1.0,0.75,R_5Q5TZ5csoblHSvA,inference_categories,dailydilemmas,0,4,0.5,-0.6932046971065635,0.5,-0.7263810001959088,-0.03317630308934527,0.0
0.05,1.0,0.75,R_5Q5TZ5csoblHSvA,inference_categories,dailydilemmas,1,4,0.75,-0.6933010362528886,0.75,-0.6825343573066833,0.01076667894620531,0.0
0.05,1.0,0.75,R_5Q5TZ5csoblHSvA,inference_categories,dailydilemmas,2,4,0.5,-0.6925393726246563,0.5,-0.7154651327147135,-0.0229257600900572,0.0
0.05,1.0,0.75,R_5Q5TZ5csoblHSvA,inference_categories,dailydilemmas,3,4,0.25,-0.693672157233209,0.25,-0.7052210058113004,-0.011548848578091464,0.0
0.05,1.0,0.75,R_5Q5TZ5csoblHSvA,inference_categories,dailydilemmas,4,4,0.5,-0.6927479762012052,0.5,-0.6999779274765596,-0.007229951275354418,0.0
0.05,1.0,0.75,R_18H831wJaDlPwgg,inference_categories,dailydilemmas,0,4,0.5,-0.6916147042699178,0.5,-0.6949035010080654,-0.003288796738147637,0.0
0.05,1.0,0.75,R_18H831wJaDlPwgg,inference_categories,dailydilemmas,1,4,1.0,-0.6899870586634695,1.0,-0.5351071694504025,0.15487988921306706,0.0
0.05,1.0,0.75,R_18H831wJaDlPwgg,inference_categories,dailydilemmas,2,4,0.25,-0.6917238616310285,0.5,-0.6029301816304538,0.08879368000057475,0.25
0.05,1.0,0.75,R_18H831wJaDlPwgg,inference_categories,dailydilemmas,3,4,1.0,-0.6891156439819446,0.75,-0.5192085946647141,0.16990704931723044,-0.25
0.05,1.0,0.75,R_18H831wJaDlPwgg,inference_categories,dailydilemmas,4,4,0.75,-0.6902118746874193,1.0,-0.5330003571727258,0.15721151751469353,0.25
0.05,1.0,0.75,R_12mMAseFwoOpgqC,inference_categories,dailydilemmas,0,4,0.75,-0.6923560192102111,0.5,-0.6863603687624027,0.005995650447808365,-0.25
0.05,1.0,0.75,R_12mMAseFwoOpgqC,inference_categories,dailydilemmas,1,4,0.5,-0.692708683905009,0.75,-0.6304837176198832,0.06222496628512575,0.25
0.05,1.0,0.75,R_12mMAseFwoOpgqC,inference_categories,dailydilemmas,2,4,0.5,-0.6938594465566419,0.5,-0.7111111398495156,-0.017251693292873682,0.0
0.05,1.0,0.75,R_12mMAseFwoOpgqC,inference_categories,dailydilemmas,3,4,0.25,-0.693157141606494,0.5,-0.6953666847067421,-0.0022095431002481236,0.25
0.05,1.0,0.75,R_12mMAseFwoOpgqC,inference_categories,dailydilemmas,4,4,0.75,-0.6923894076906529,0.75,-0.647796858041785,0.04459254964886794,0.0
0.05,1.0,0.75,R_7ojvA7NDI10RoKR,inference_categories,dailydilemmas,0,5,0.6,-0.6920068818772697,0.6,-0.6182836657544978,0.07372321612277188,0.0
0.05,1.0,0.75,R_7ojvA7NDI10RoKR,inference_categories,dailydilemmas,1,5,0.8,-0.6917348847637751,1.0,-0.5937598090994876,0.09797507566428754,0.19999999999999996
0.05,1.0,0.75,R_7ojvA7NDI10RoKR,inference_categories,dailydilemmas,2,5,0.8,-0.6916545545853191,0.8,-0.6344566594493675,0.05719789513595164,0.0
0.05,1.0,0.75,R_7ojvA7NDI10RoKR,inference_categories,dailydilemmas,3,5,1.0,-0.6917046586626592,0.6,-0.6203486727296824,0.07135598593297676,-0.4
0.05,1.0,0.75,R_5gbXjT8uFYXCo7E,inference_categories,dailydilemmas,0,4,0.25,-0.694026868559669,0.25,-0.7323549965462216,-0.03832812798655261,0.0
0.05,1.0,0.75,R_5gbXjT8uFYXCo7E,inference_categories,dailydilemmas,1,4,0.5,-0.6930937564136729,0.5,-0.6738807078432573,0.019213048570415614,0.0
0.05,1.0,0.75,R_5gbXjT8uFYXCo7E,inference_categories,dailydilemmas,2,4,0.5,-0.6928904338246693,0.75,-0.6502547010704877,0.04263573275418164,0.25
0.05,1.0,0.75,R_5gbXjT8uFYXCo7E,inference_categories,dailydilemmas,3,4,0.75,-0.6928488703434292,0.75,-0.6701886170845925,0.022660253258836693,0.0
0.05,1.0,0.75,R_5gbXjT8uFYXCo7E,inference_categories,dailydilemmas,4,4,0.75,-0.6923363356652761,0.5,-0.6430302896944141,0.04930604597086197,-0.25
0.05,1.0,0.75,R_7f9o7q4AZOoP4ot,inference_categories,dailydilemmas,0,4,0.5,-0.6928590408729023,0.5,-0.7259708232899647,-0.03311178241706236,0.0
0.05,1.0,0.75,R_7f9o7q4AZOoP4ot,inference_categories,dailydilemmas,1,4,0.25,-0.6940582712554482,0.5,-0.7732507200417508,-0.0791924487863026,0.25
0.05,1.0,0.75,R_7f9o7q4AZOoP4ot,inference_categories,dailydilemmas,2,4,0.25,-0.6938234561373877,0.25,-0.7178978008833465,-0.02407434474595882,0.0
0.05,1.0,0.75,R_7f9o7q4AZOoP4ot,inference_categories,dailydilemmas,3,4,0.5,-0.6930868562810306,0.5,-0.7302275717883063,-0.03714071550727571,0.0
0.05,1.0,0.75,R_7f9o7q4AZOoP4ot,inference_categories,dailydilemmas,4,4,0.25,-0.6937483224132927,0.25,-0.7762618512212206,-0.08251352880792795,0.0
0.05,1.0,0.75,R_1WHYlcDjJDcnUfD,inference_categories,dailydilemmas,0,4,0.25,-0.6936107817399355,0.5,-0.7105031001204228,-0.016892318380487326,0.25
0.05,1.0,0.75,R_1WHYlcDjJDcnUfD,inference_categories,dailydilemmas,1,4,0.75,-0.6927597897553112,0.25,-0.7079301049390834,-0.01517031518377221,-0.5
0.05,1.0,0.75,R_1WHYlcDjJDcnUfD,inference_categories,dailydilemmas,2,4,0.5,-0.692882790314926,0.5,-0.6732899571747829,0.01959283314014304,0.0
0.05,1.0,0.75,R_1WHYlcDjJDcnUfD,inference_categories,dailydilemmas,3,4,0.5,-0.6933126230141359,0.0,-0.7378855800994336,-0.04457295708529774,-0.5
0.05,1.0,0.75,R_1WHYlcDjJDcnUfD,inference_categories,dailydilemmas,4,4,0.5,-0.6933165620073277,1.0,-0.6451397054668182,0.048176856540509516,0.5
0.05,1.0,0.75,R_6Q0gBjey6IdfZpf,inference_categories,dailydilemmas,0,4,0.75,-0.6921669564928575,0.5,-0.647397377037152,0.04476957945570548,-0.25
0.05,1.0,0.75,R_6Q0gBjey6IdfZpf,inference_categories,dailydilemmas,1,4,1.0,-0.6919515344248186,1.0,-0.6080038446234435,0.08394768980137512,0.0
0.05,1.0,0.75,R_6Q0gBjey6IdfZpf,inference_categories,dailydilemmas,2,4,0.75,-0.6922742370254034,0.75,-0.6091007314194368,0.08317350560596659,0.0
0.05,1.0,0.75,R_6Q0gBjey6IdfZpf,inference_categories,dailydilemmas,3,4,0.75,-0.6922809472749593,0.5,-0.6765809624157267,0.01569998485923252,-0.25
0.05,1.0,0.75,R_6Q0gBjey6IdfZpf,inference_categories,dailydilemmas,4,4,0.5,-0.6923239171830518,0.75,-0.6047962265730006,0.08752769061005117,0.25
0.05,1.0,0.75,R_1wzohnjOPhN82Wd,inference_categories,dailydilemmas,0,4,0.75,-0.6912657817430935,0.75,-0.6542351088326424,0.037030672910451146,0.0
0.05,1.0,0.75,R_1wzohnjOPhN82Wd,inference_categories,dailydilemmas,1,4,0.75,-0.6910091198303364,0.75,-0.6185323890198852,0.07247673081045125,0.0
0.05,1.0,0.75,R_1wzohnjOPhN82Wd,inference_categories,dailydilemmas,2,4,0.75,-0.6916135310151922,0.75,-0.5652131147814066,0.12640041623378562,0.0
0.05,1.0,0.75,R_1wzohnjOPhN82Wd,inference_categories,dailydilemmas,3,4,0.75,-0.6912827721934094,1.0,-0.5848136650194178,0.1064691071739916,0.25
0.05,1.0,0.75,R_1wzohnjOPhN82Wd,inference_categories,dailydilemmas,4,4,0.25,-0.6945114868894781,0.5,-0.7212515010968737,-0.02674001420739569,0.25
0.05,1.0,0.75,R_70kbQcqJL4Tkq6B,inference_categories,dailydilemmas,0,4,0.5,-0.693099326816225,0.5,-0.7331484539916375,-0.040049127175412536,0.0
0.05,1.0,0.75,R_70kbQcqJL4Tkq6B,inference_categories,dailydilemmas,1,4,0.5,-0.6935456776381743,0.75,-0.6545428220473193,0.039002855590855035,0.25
0.05,1.0,0.75,R_70kbQcqJL4Tkq6B,inference_categories,dailydilemmas,2,4,1.0,-0.6903881142268726,0.75,-0.6400958882061041,0.05029222602076855,-0.25
0.05,1.0,0.75,R_70kbQcqJL4Tkq6B,inference_categories,dailydilemmas,3,4,0.75,-0.6910186881848221,0.75,-0.6178225694117802,0.073196118773042,0.0
0.05,1.0,0.75,R_70kbQcqJL4Tkq6B,inference_categories,dailydilemmas,4,4,0.75,-0.6910584094419714,0.75,-0.6210505394633741,0.07000786997859731,0.0
0.05,1.0,0.75,R_6rftRMhNP0o6boD,inference_categories,dailydilemmas,0,4,0.25,-0.6927920742765155,0.5,-0.6127616472045962,0.08003042707191921,0.25
0.05,1.0,0.75,R_6rftRMhNP0o6boD,inference_categories,dailydilemmas,1,4,0.5,-0.6924913932327733,0.5,-0.7059409208316482,-0.013449527598874855,0.0
0.05,1.0,0.75,R_6rftRMhNP0o6boD,inference_categories,dailydilemmas,2,4,0.75,-0.6930215747126403,0.25,-0.7332499918039748,-0.04022841709133451,-0.5
0.05,1.0,0.75,R_6rftRMhNP0o6boD,inference_categories,dailydilemmas,3,4,0.75,-0.6913539511353748,0.75,-0.6416570960264492,0.04969685510892563,0.0
0.05,1.0,0.75,R_6rftRMhNP0o6boD,inference_categories,dailydilemmas,4,4,1.0,-0.6911317756524363,0.75,-0.6523899720967886,0.038741803555647714,-0.25
0.05,1.0,0.75,R_6jv2PrGBJcO4of6,inference_categories,dailydilemmas,0,4,1.0,-0.6913708595536875,0.75,-0.5683549265135182,0.12301593304016933,-0.25
0.05,1.0,0.75,R_6jv2PrGBJcO4of6,inference_categories,dailydilemmas,1,4,0.75,-0.6912995160513344,0.75,-0.6869517572006323,0.004347758850702155,0.0
0.05,1.0,0.75,R_6jv2PrGBJcO4of6,inference_categories,dailydilemmas,2,4,0.5,-0.6926591280607736,0.5,-0.7203055062472645,-0.02764637818649096,0.0
0.05,1.0,0.75,R_6jv2PrGBJcO4of6,inference_categories,dailydilemmas,3,4,0.75,-0.6920955861097676,0.5,-0.6546696465547782,0.03742593955498941,-0.25
0.05,1.0,0.75,R_6jv2PrGBJcO4of6,inference_categories,dailydilemmas,4,4,0.5,-0.6944162521312823,0.5,-0.8250306025837268,-0.13061435045244452,0.0
0.05,1.0,0.75,R_1dHqTtKKq3yQvmX,inference_categories,dailydilemmas,0,4,0.75,-0.6901793664806752,0.75,-0.5449169249152959,0.14526244156537937,0.0
0.05,1.0,0.75,R_1dHqTtKKq3yQvmX,inference_categories,dailydilemmas,1,4,0.5,-0.6905398035230048,0.5,-0.5391900757484346,0.15134972777457023,0.0
0.05,1.0,0.75,R_1dHqTtKKq3yQvmX,inference_categories,dailydilemmas,2,4,0.75,-0.6916850396000928,0.75,-0.5915307905429391,0.10015424905715364,0.0
0.05,1.0,0.75,R_1dHqTtKKq3yQvmX,inference_categories,dailydilemmas,3,4,0.75,-0.6917166981820564,0.75,-0.6088358929716058,0.0828808052104506,0.0
0.05,1.0,0.75,R_1dHqTtKKq3yQvmX,inference_categories,dailydilemmas,4,4,0.75,-0.6905830384527758,0.75,-0.5410674468775701,0.14951559157520566,0.0
0.05,1.0,0.75,R_1P81VK8fH860C4V,inference_categories,dailydilemmas,0,4,1.0,-0.6920433577900249,1.0,-0.578629162333232,0.11341419545679288,0.0
0.05,1.0,0.75,R_1P81VK8fH860C4V,inference_categories,dailydilemmas,1,4,1.0,-0.6919164570325738,1.0,-0.5465948331791095,0.14532162385346425,0.0
0.05,1.0,0.75,R_1P81VK8fH860C4V,inference_categories,dailydilemmas,2,4,0.75,-0.6928577825296892,0.75,-0.573998810071009,0.11885897245868027,0.0
0.05,1.0,0.75,R_1P81VK8fH860C4V,inference_categories,dailydilemmas,3,4,0.25,-0.6932254130917721,0.5,-0.6775638565811991,0.015661556510572994,0.25
0.05,1.0,0.75,R_1P81VK8fH860C4V,inference_categories,dailydilemmas,4,4,1.0,-0.6913179800919581,1.0,-0.571045564596231,0.12027241549572709,0.0
0.05,1.0,0.75,R_7go085j249AymBb,inference_categories,dailydilemmas,0,4,0.5,-0.6920457681275483,0.5,-0.6147484127390592,0.07729735538848903,0.0
0.05,1.0,0.75,R_7go085j249AymBb,inference_categories,dailydilemmas,1,4,0.75,-0.6918687893093179,1.0,-0.5644707988976205,0.12739799041169741,0.25
0.05,1.0,0.75,R_7go085j249AymBb,inference_categories,dailydilemmas,2,4,0.75,-0.6916919699910548,1.0,-0.564609475108256,0.12708249488279877,0.25
0.05,1.0,0.75,R_7go085j249AymBb,inference_categories,dailydilemmas,3,4,0.75,-0.6921476975615788,0.75,-0.5800291899664629,0.11211850759511588,0.0
0.05,1.0,0.75,R_7go085j249AymBb,inference_categories,dailydilemmas,4,4,0.5,-0.6933859969559947,0.5,-0.7129117421620179,-0.019525745206023237,0.0
0.05,1.0,0.75,R_6xzSCFMWRhzZIRg,inference_categories,dailydilemmas,0,4,0.25,-0.6927821561848767,0.5,-0.6531221885559089,0.03965996762896784,0.25
0.05,1.0,0.75,R_6xzSCFMWRhzZIRg,inference_categories,dailydilemmas,1,4,0.75,-0.6925641341245401,0.75,-0.60477608119637,0.08778805292817005,0.0
0.05,1.0,0.75,R_6xzSCFMWRhzZIRg,inference_categories,dailydilemmas,2,4,0.75,-0.6928042560852457,0.75,-0.6391622760836755,0.053641980001570166,0.0
0.05,1.0,0.75,R_6xzSCFMWRhzZIRg,inference_categories,dailydilemmas,3,4,1.0,-0.6921312027011314,0.75,-0.6924250475297473,-0.0002938448286159412,-0.25
0.05,1.0,0.75,R_6xzSCFMWRhzZIRg,inference_categories,dailydilemmas,4,4,0.75,-0.6925934243944709,0.5,-0.6380291004946389,0.05456432389983201,-0.25
0.05,1.0,0.75,R_5EychZPB1u00qZH,inference_categories,dailydilemmas,0,4,1.0,-0.6915691978027982,0.75,-0.5841592503292126,0.10740994747358568,-0.25
0.05,1.0,0.75,R_5EychZPB1u00qZH,inference_categories,dailydilemmas,1,4,0.5,-0.6922579912654148,0.75,-0.6183251925000914,0.07393279876532333,0.25
0.05,1.0,0.75,R_5EychZPB1u00qZH,inference_categories,dailydilemmas,2,4,1.0,-0.6920351292436367,1.0,-0.5980704671764482,0.09396466206718856,0.0
0.05,1.0,0.75,R_5EychZPB1u00qZH,inference_categories,dailydilemmas,3,4,1.0,-0.6918581079995139,1.0,-0.5673580272938926,0.12450008070562124,0.0
0.05,1.0,0.75,R_5EychZPB1u00qZH,inference_categories,dailydilemmas,4,4,0.25,-0.693113923592781,0.25,-0.7203353619873808,-0.027221438394599784,0.0
0.05,1.0,0.75,R_59glCvaBnt5WTU6,inference_categories,dailydilemmas,0,4,0.5,-0.6934585289871318,0.5,-0.7216581702048235,-0.028199641217691696,0.0
0.05,1.0,0.75,R_59glCvaBnt5WTU6,inference_categories,dailydilemmas,1,4,0.75,-0.6924249223884483,1.0,-0.6038617050837229,0.08856321730472538,0.25
0.05,1.0,0.75,R_59glCvaBnt5WTU6,inference_categories,dailydilemmas,2,4,0.75,-0.6921256744126439,1.0,-0.6050215017223791,0.08710417269026483,0.25
0.05,1.0,0.75,R_59glCvaBnt5WTU6,inference_categories,dailydilemmas,3,4,0.75,-0.6923140677501498,0.5,-0.623712086961414,0.0686019807887358,-0.25
0.05,1.0,0.75,R_59glCvaBnt5WTU6,inference_categories,dailydilemmas,4,4,0.75,-0.6924660984930848,0.5,-0.6759666158848731,0.01649948260821177,-0.25
0.05,1.0,0.75,R_1nBL27EvLs0Bkk4,inference_categories,dailydilemmas,0,4,0.5,-0.6925040934732599,0.75,-0.6177125095637575,0.07479158390950247,0.25
0.05,1.0,0.75,R_1nBL27EvLs0Bkk4,inference_categories,dailydilemmas,1,4,0.25,-0.693942222109138,0.5,-0.7682198908569016,-0.07427766874776354,0.25
0.05,1.0,0.75,R_1nBL27EvLs0Bkk4,inference_categories,dailydilemmas,2,4,0.75,-0.6912821629528922,1.0,-0.6283081155191761,0.06297404743371615,0.25
0.05,1.0,0.75,R_1nBL27EvLs0Bkk4,inference_categories,dailydilemmas,3,4,0.5,-0.6924616239598635,0.75,-0.6588606730138898,0.03360095094597371,0.25
0.05,1.0,0.75,R_1nBL27EvLs0Bkk4,inference_categories,dailydilemmas,4,4,1.0,-0.6911718043804796,0.75,-0.6227415844449725,0.06843021993550713,-0.25
0.05,1.0,0.75,R_6FsUQnzEYAQwtwa,inference_categories,dailydilemmas,0,4,0.75,-0.6927384253042169,0.75,-0.6695386606481386,0.023199764656078314,0.0
0.05,1.0,0.75,R_6FsUQnzEYAQwtwa,inference_categories,dailydilemmas,1,4,0.5,-0.6927163458859349,0.25,-0.6862017194410108,0.006514626444924065,-0.25
0.05,1.0,0.75,R_6FsUQnzEYAQwtwa,inference_categories,dailydilemmas,2,4,0.5,-0.6932754640605925,0.75,-0.648115211298175,0.04516025276241753,0.25
0.05,1.0,0.75,R_6FsUQnzEYAQwtwa,inference_categories,dailydilemmas,3,4,0.75,-0.6926125292192916,0.25,-0.7595997670921459,-0.06698723787285432,-0.5
0.05,1.0,0.75,R_6FsUQnzEYAQwtwa,inference_categories,dailydilemmas,4,4,0.75,-0.6926171705827615,0.5,-0.6600961075564178,0.03252106302634372,-0.25
0.05,1.0,0.75,R_5pX1jjp1Yu1RSN7,inference_categories,dailydilemmas,0,4,1.0,-0.6916563926178843,0.75,-0.5847009600313445,0.10695543258653972,-0.25
0.05,1.0,0.75,R_5pX1jjp1Yu1RSN7,inference_categories,dailydilemmas,1,4,0.75,-0.6913416045752215,0.75,-0.586861505475643,0.10448009909957856,0.0
0.05,1.0,0.75,R_5pX1jjp1Yu1RSN7,inference_categories,dailydilemmas,2,4,0.75,-0.6917451406050665,0.75,-0.5709101592619643,0.12083498134310222,0.0
0.05,1.0,0.75,R_5pX1jjp1Yu1RSN7,inference_categories,dailydilemmas,3,4,0.75,-0.6915415809271314,0.75,-0.6597786302238595,0.03176295070327184,0.0
0.05,1.0,0.75,R_5pX1jjp1Yu1RSN7,inference_categories,dailydilemmas,4,4,0.25,-0.6954732529707177,0.25,-0.8389449108981232,-0.14347165792740546,0.0
0.05,1.0,0.75,R_5DY1mtPtJpWz8WC,inference_categories,dailydilemmas,0,5,1.0,-0.6901900358599771,1.0,-0.45838036606187726,0.2318096697980998,0.0
0.05,1.0,0.75,R_5DY1mtPtJpWz8WC,inference_categories,dailydilemmas,1,5,0.6,-0.6912324351004475,0.8,-0.5550393872180731,0.1361930478823744,0.20000000000000007
0.05,1.0,0.75,R_5DY1mtPtJpWz8WC,inference_categories,dailydilemmas,2,5,0.8,-0.691829432035987,1.0,-0.5969770085113613,0.09485242352462575,0.19999999999999996
0.05,1.0,0.75,R_5DY1mtPtJpWz8WC,inference_categories,dailydilemmas,3,5,0.6,-0.6903303706504949,1.0,-0.5198349734538278,0.17049539719666706,0.4
0.05,1.0,0.75,R_1PN3SGDWOMibPAh,inference_categories,dailydilemmas,0,4,0.75,-0.6919509454770811,1.0,-0.607305674235306,0.08464527124177512,0.25
0.05,1.0,0.75,R_1PN3SGDWOMibPAh,inference_categories,dailydilemmas,1,4,0.5,-0.693423134032705,0.75,-0.7114131252811655,-0.01798999124846057,0.25
0.05,1.0,0.75,R_1PN3SGDWOMibPAh,inference_categories,dailydilemmas,2,4,0.5,-0.692956189895669,0.75,-0.6361324832772626,0.05682370661840641,0.25
0.05,1.0,0.75,R_1PN3SGDWOMibPAh,inference_categories,dailydilemmas,3,4,0.5,-0.6922843616630568,0.5,-0.6068514994827642,0.08543286218029267,0.0
0.05,1.0,0.75,R_1PN3SGDWOMibPAh,inference_categories,dailydilemmas,4,4,1.0,-0.6918221546867992,0.75,-0.6252061737388346,0.06661598094796461,-0.25
0.05,1.0,0.75,R_3SrBXsc2uYrsSZz,inference_categories,dailydilemmas,0,4,0.5,-0.6921819867098238,0.75,-0.6355188215917522,0.05666316511807157,0.25
0.05,1.0,0.75,R_3SrBXsc2uYrsSZz,inference_categories,dailydilemmas,1,4,0.75,-0.6927603848918005,0.5,-0.6965546917183038,-0.0037943068265032798,-0.25
0.05,1.0,0.75,R_3SrBXsc2uYrsSZz,inference_categories,dailydilemmas,2,4,0.5,-0.6928712779217644,0.5,-0.7202851989992851,-0.02741392107752072,0.0
0.05,1.0,0.75,R_3SrBXsc2uYrsSZz,inference_categories,dailydilemmas,3,4,0.75,-0.6917737093762071,0.75,-0.5896406308524753,0.10213307852373177,0.0
0.05,1.0,0.75,R_3SrBXsc2uYrsSZz,inference_categories,dailydilemmas,4,4,1.0,-0.691789791299691,1.0,-0.607425088483399,0.08436470281629194,0.0
0.05,1.0,0.75,R_7rNeEq8TvAxjqdL,inference_categories,dailydilemmas,0,4,0.75,-0.6911846470944386,0.75,-0.5321471909170579,0.15903745617738074,0.0
0.05,1.0,0.75,R_7rNeEq8TvAxjqdL,inference_categories,dailydilemmas,1,4,0.75,-0.69164818192401,0.5,-0.6241523917024798,0.06749579022153018,-0.25
0.05,1.0,0.75,R_7rNeEq8TvAxjqdL,inference_categories,dailydilemmas,2,4,1.0,-0.6907843678215682,1.0,-0.530826433644135,0.1599579341774332,0.0
0.05,1.0,0.75,R_7rNeEq8TvAxjqdL,inference_categories,dailydilemmas,3,4,0.75,-0.6922579415528716,0.5,-0.6826295382244764,0.009628403328395208,-0.25
0.05,1.0,0.75,R_7rNeEq8TvAxjqdL,inference_categories,dailydilemmas,4,4,0.75,-0.6916794143622071,1.0,-0.5737678809680391,0.11791153339416804,0.25
0.05,1.0,0.75,R_7QAkOtO6FETwKSv,inference_categories,dailydilemmas,0,4,0.5,-0.6935653153634046,0.5,-0.7733241162902709,-0.07975880092686627,0.0
0.05,1.0,0.75,R_7QAkOtO6FETwKSv,inference_categories,dailydilemmas,1,4,0.75,-0.6922413992091314,0.75,-0.6496369258638872,0.0426044733452442,0.0
0.05,1.0,0.75,R_7QAkOtO6FETwKSv,inference_categories,dailydilemmas,2,4,0.5,-0.6929267303893999,0.5,-0.760620549828502,-0.06769381943910213,0.0
0.05,1.0,0.75,R_7QAkOtO6FETwKSv,inference_categories,dailydilemmas,3,4,1.0,-0.6920532080201354,0.5,-0.6846129899627149,0.007440218057420456,-0.5
0.05,1.0,0.75,R_7QAkOtO6FETwKSv,inference_categories,dailydilemmas,4,4,0.5,-0.692874388257928,0.75,-0.6993367366269754,-0.006462348369047355,0.25
0.05,1.0,0.75,R_6gCrJV80LvD23XK,choice_only,dailydilemmas,0,4,0.5,-0.693771785100323,0.5,-0.7623043658938501,-0.06853258079352709,0.0
0.05,1.0,0.75,R_6gCrJV80LvD23XK,choice_only,dailydilemmas,1,4,1.0,-0.6920506137011905,1.0,-0.5697211733364957,0.12232944036469473,0.0
0.05,1.0,0.75,R_6gCrJV80LvD23XK,choice_only,dailydilemmas,2,4,0.75,-0.692272194395104,0.75,-0.6406146439800595,0.051657550415044495,0.0
0.05,1.0,0.75,R_6gCrJV80LvD23XK,choice_only,dailydilemmas,3,4,0.25,-0.6935722697383494,0.25,-0.7311366754598347,-0.03756440572148534,0.0
0.05,1.0,0.75,R_6gCrJV80LvD23XK,choice_only,dailydilemmas,4,4,0.5,-0.69288341392352,0.5,-0.6717138202882612,0.021169593635258832,0.0
0.05,1.0,0.75,R_7SrhV7HvgsG1fvA,choice_only,dailydilemmas,0,4,0.5,-0.6919869228690966,0.5,-0.6417624386169318,0.05022448425216475,0.0
0.05,1.0,0.75,R_7SrhV7HvgsG1fvA,choice_only,dailydilemmas,1,4,0.75,-0.6927850648558612,1.0,-0.6622367556811984,0.03054830917466278,0.25
0.05,1.0,0.75,R_7SrhV7HvgsG1fvA,choice_only,dailydilemmas,2,4,0.5,-0.6932548429514276,0.5,-0.7341229189156817,-0.040868075964254125,0.0
0.05,1.0,0.75,R_7SrhV7HvgsG1fvA,choice_only,dailydilemmas,3,4,0.75,-0.6925621208023383,1.0,-0.6488511870437993,0.04371093375853896,0.25
0.05,1.0,0.75,R_7SrhV7HvgsG1fvA,choice_only,dailydilemmas,4,4,0.0,-0.694777709820397,0.0,-0.8150445773756837,-0.1202668675552867,0.0
0.05,1.0,0.75,R_5aLcKnMSH0hrVLH,choice_only,dailydilemmas,0,4,1.0,-0.6923263146045625,1.0,-0.6038746553856295,0.08845165921893305,0.0
0.05,1.0,0.75,R_5aLcKnMSH0hrVLH,choice_only,dailydilemmas,1,4,1.0,-0.691702529524409,0.75,-0.6040561315310526,0.08764639799335638,-0.25
0.05,1.0,0.75,R_5aLcKnMSH0hrVLH,choice_only,dailydilemmas,2,4,0.75,-0.6924378717203983,0.5,-0.636056588269835,0.05638128345056326,-0.25
0.05,1.0,0.75,R_5aLcKnMSH0hrVLH,choice_only,dailydilemmas,3,4,1.0,-0.6922143155928429,1.0,-0.6562703667345263,0.03594394885831653,0.0
0.05,1.0,0.75,R_5aLcKnMSH0hrVLH,choice_only,dailydilemmas,4,4,0.5,-0.6935217086981267,0.5,-0.7644273510255217,-0.07090564232739505,0.0
0.05,1.0,0.75,R_6E6esO9YjIptSgZ,choice_only,dailydilemmas,0,5,0.4,-0.6933243109022651,0.4,-0.7054602416980122,-0.012135930795747152,0.0
0.05,1.0,0.75,R_6E6esO9YjIptSgZ,choice_only,dailydilemmas,1,5,0.4,-0.6935058840958112,0.4,-0.6820935462427143,0.01141233785309681,0.0
0.05,1.0,0.75,R_6E6esO9YjIptSgZ,choice_only,dailydilemmas,2,5,0.4,-0.693025151606699,1.0,-0.6447133923943393,0.04831175921235964,0.6
0.05,1.0,0.75,R_6E6esO9YjIptSgZ,choice_only,dailydilemmas,3,5,0.4,-0.693228696324342,0.4,-0.6870833082646364,0.006145388059705659,0.0
0.05,1.0,0.75,R_1MCxQvFXsgFj9AZ,choice_only,dailydilemmas,0,4,0.0,-0.6941318405634145,0.5,-0.7124398208359541,-0.01830798027253966,0.5
0.05,1.0,0.75,R_1MCxQvFXsgFj9AZ,choice_only,dailydilemmas,1,4,0.75,-0.6930678237544948,0.5,-0.6862570048935281,0.006810818860966683,-0.25
0.05,1.0,0.75,R_1MCxQvFXsgFj9AZ,choice_only,dailydilemmas,2,4,0.25,-0.6935068931572397,0.25,-0.7521454362139278,-0.05863854305668814,0.0
0.05,1.0,0.75,R_1MCxQvFXsgFj9AZ,choice_only,dailydilemmas,3,4,0.25,-0.6936224990050501,0.25,-0.7175711700858988,-0.023948671080848638,0.0
0.05,1.0,0.75,R_1MCxQvFXsgFj9AZ,choice_only,dailydilemmas,4,4,0.75,-0.6930774068097307,0.5,-0.6906203734669647,0.002457033342766035,-0.25
0.05,1.0,0.75,R_3JfmC4gRU1JpbNv,choice_only,dailydilemmas,0,4,0.75,-0.691414093721901,0.75,-0.5835649645602115,0.10784912916168954,0.0
0.05,1.0,0.75,R_3JfmC4gRU1JpbNv,choice_only,dailydilemmas,1,4,1.0,-0.6911231568843574,1.0,-0.5451955575526863,0.1459275993316711,0.0
0.05,1.0,0.75,R_3JfmC4gRU1JpbNv,choice_only,dailydilemmas,2,4,0.5,-0.6937110318112766,0.5,-0.7168610759186562,-0.02315004410737964,0.0
0.05,1.0,0.75,R_3JfmC4gRU1JpbNv,choice_only,dailydilemmas,3,4,0.5,-0.6933484607438867,0.5,-0.6683160778098595,0.02503238293402721,0.0
0.05,1.0,0.75,R_3JfmC4gRU1JpbNv,choice_only,dailydilemmas,4,4,1.0,-0.691460935575063,1.0,-0.5597013328433629,0.13175960273170018,0.0
0.05,1.0,0.75,R_7QGHM1iZnW1jfRx,choice_only,dailydilemmas,0,4,0.5,-0.6933461948959684,0.5,-0.6948283927692911,-0.0014821978733227104,0.0
0.05,1.0,0.75,R_7QGHM1iZnW1jfRx,choice_only,dailydilemmas,1,4,0.5,-0.6933979723363053,0.5,-0.7209386001075477,-0.027540627771242443,0.0
0.05,1.0,0.75,R_7QGHM1iZnW1jfRx,choice_only,dailydilemmas,2,4,0.5,-0.692723397096704,0.25,-0.7037469315006161,-0.011023534403912016,-0.25
0.05,1.0,0.75,R_7QGHM1iZnW1jfRx,choice_only,dailydilemmas,3,4,0.75,-0.693106248193503,0.75,-0.6771035103274408,0.01600273786606221,0.0
0.05,1.0,0.75,R_7QGHM1iZnW1jfRx,choice_only,dailydilemmas,4,4,0.25,-0.6938567634717323,0.25,-0.7315161765973378,-0.0376594131256055,0.0
0.05,1.0,0.75,R_6rBDZvDRiktj92h,choice_only,dailydilemmas,0,4,0.75,-0.6919508583886247,0.5,-0.6576226122615974,0.03432824612702734,-0.25
0.05,1.0,0.75,R_6rBDZvDRiktj92h,choice_only,dailydilemmas,1,4,0.5,-0.6920848654673555,0.5,-0.6340945475415577,0.057990317925797785,0.0
0.05,1.0,0.75,R_6rBDZvDRiktj92h,choice_only,dailydilemmas,2,4,0.75,-0.6926821806338346,0.75,-0.6894457847696365,0.003236395864198105,0.0
0.05,1.0,0.75,R_6rBDZvDRiktj92h,choice_only,dailydilemmas,3,4,0.5,-0.6925047484490472,0.5,-0.6904190397927643,0.002085708656282881,0.0
0.05,1.0,0.75,R_6rBDZvDRiktj92h,choice_only,dailydilemmas,4,4,0.5,-0.6936433799394314,0.5,-0.7484311058612259,-0.05478772592179448,0.0
0.05,1.0,0.75,R_7DZXdu8GHiSZQbw,choice_only,dailydilemmas,0,5,0.8,-0.6915098669160649,0.8,-0.5863664282285799,0.10514343868748499,0.0
0.05,1.0,0.75,R_7DZXdu8GHiSZQbw,choice_only,dailydilemmas,1,5,0.6,-0.690806185488559,0.6,-0.5610037277517576,0.12980245773680144,0.0
0.05,1.0,0.75,R_7DZXdu8GHiSZQbw,choice_only,dailydilemmas,2,5,0.8,-0.6908536245536288,0.8,-0.5441739976727319,0.14667962688089686,0.0
0.05,1.0,0.75,R_7DZXdu8GHiSZQbw,choice_only,dailydilemmas,3,5,0.8,-0.6915137653328134,0.8,-0.6070427638433438,0.08447100148946962,0.0
0.05,1.0,0.75,R_3wNdGb7QZmozWdV,inference_affirm,dailydilemmas,0,4,0.75,-0.6925585495452946,0.5,-0.7414834992092848,-0.04892494966399019,-0.25
0.05,1.0,0.75,R_3wNdGb7QZmozWdV,inference_affirm,dailydilemmas,1,4,0.5,-0.692981251064235,0.5,-0.6849595225753421,0.008021728488892932,0.0
0.05,1.0,0.75,R_3wNdGb7QZmozWdV,inference_affirm,dailydilemmas,2,4,0.25,-0.693020012554981,0.25,-0.808086198081072,-0.11506618552609094,0.0
0.05,1.0,0.75,R_3wNdGb7QZmozWdV,inference_affirm,dailydilemmas,3,4,1.0,-0.6923061806371242,0.75,-0.6691516846284377,0.023154496008686576,-0.25
0.05,1.0,0.75,R_3wNdGb7QZmozWdV,inference_affirm,dailydilemmas,4,4,0.75,-0.6922461602262034,0.5,-0.6728492025378716,0.01939695768833183,-0.25
0.05,1.0,0.75,R_54BDOExpKqNLP7U,choice_only,dailydilemmas,0,5,1.0,-0.690222392201228,1.0,-0.48126444010797814,0.2089579520932499,0.0
0.05,1.0,0.75,R_54BDOExpKqNLP7U,choice_only,dailydilemmas,1,5,0.8,-0.6912457920133276,1.0,-0.5455707397582685,0.14567505225505906,0.19999999999999996
0.05,1.0,0.75,R_54BDOExpKqNLP7U,choice_only,dailydilemmas,2,5,0.6,-0.6923603456842805,0.6,-0.6535029266555555,0.03885741902872497,0.0
0.05,1.0,0.75,R_54BDOExpKqNLP7U,choice_only,dailydilemmas,3,5,0.8,-0.6900271794005838,1.0,-0.45526903526251045,0.23475814413807333,0.19999999999999996
0.05,1.0,0.75,R_7FP7x1oOPEhKFnt,choice_only,dailydilemmas,0,4,1.0,-0.6919280667454282,1.0,-0.56693140574824,0.1249966609971882,0.0
0.05,1.0,0.75,R_7FP7x1oOPEhKFnt,choice_only,dailydilemmas,1,4,0.5,-0.6928210627175507,1.0,-0.6376487734914849,0.055172289226065874,0.5
0.05,1.0,0.75,R_7FP7x1oOPEhKFnt,choice_only,dailydilemmas,2,4,1.0,-0.6925045821357162,0.75,-0.6363857154031342,0.05611886673258204,-0.25
0.05,1.0,0.75,R_7FP7x1oOPEhKFnt,choice_only,dailydilemmas,3,4,0.75,-0.6929586161800017,0.75,-0.6989295939911883,-0.005970977811186606,0.0
0.05,1.0,0.75,R_7FP7x1oOPEhKFnt,choice_only,dailydilemmas,4,4,0.75,-0.6921518574026817,0.5,-0.6311519486558198,0.0609999087468619,-0.25
0.05,1.0,0.75,R_3RlcXTweCHzrYtz,choice_only,dailydilemmas,0,4,0.75,-0.692169622767719,0.75,-0.6155333313118719,0.07663629145584705,0.0
0.05,1.0,0.75,R_3RlcXTweCHzrYtz,choice_only,dailydilemmas,1,4,0.5,-0.6921245155651763,0.5,-0.6342384516509667,0.057886063914209585,0.0
0.05,1.0,0.75,R_3RlcXTweCHzrYtz,choice_only,dailydilemmas,2,4,0.25,-0.6934837659178836,0.5,-0.7216831147169033,-0.02819934879901964,0.25
0.05,1.0,0.75,R_3RlcXTweCHzrYtz,choice_only,dailydilemmas,3,4,0.5,-0.6932357233524356,0.5,-0.7100179709255303,-0.016782247573094766,0.0
0.05,1.0,0.75,R_3RlcXTweCHzrYtz,choice_only,dailydilemmas,4,4,0.75,-0.6924225385240101,0.75,-0.6077533487113486,0.08466918981266158,0.0
0.05,1.0,0.75,R_64MjAxTXtmHjKMx,choice_only,dailydilemmas,0,4,0.5,-0.6926941351033684,0.5,-0.6521466147298527,0.04054752037351572,0.0
0.05,1.0,0.75,R_64MjAxTXtmHjKMx,choice_only,dailydilemmas,1,4,0.25,-0.6940710556215365,0.25,-0.676927110671755,0.017143944949781442,0.0
0.05,1.0,0.75,R_64MjAxTXtmHjKMx,choice_only,dailydilemmas,2,4,0.25,-0.6938039134381895,0.25,-0.792382275499179,-0.09857836206098947,0.0
0.05,1.0,0.75,R_64MjAxTXtmHjKMx,choice_only,dailydilemmas,3,4,0.75,-0.6920861844549647,0.75,-0.5900790089224803,0.1020071755324844,0.0
0.05,1.0,0.75,R_64MjAxTXtmHjKMx,choice_only,dailydilemmas,4,4,1.0,-0.6918386995488164,1.0,-0.5532800152021845,0.13855868434663188,0.0
0.05,1.0,0.75,R_5B7Sbr53fSq1D3z,inference_affirm,dailydilemmas,0,4,1.0,-0.6924009679036246,0.75,-0.6781574923498997,0.01424347555372485,-0.25
0.05,1.0,0.75,R_5B7Sbr53fSq1D3z,inference_affirm,dailydilemmas,1,4,1.0,-0.6914967585051052,0.5,-0.6197967567039113,0.07170000180119385,-0.5
0.05,1.0,0.75,R_5B7Sbr53fSq1D3z,inference_affirm,dailydilemmas,2,4,0.5,-0.6916899171728221,0.75,-0.6177693722085853,0.07392054496423683,0.25
0.05,1.0,0.75,R_5B7Sbr53fSq1D3z,inference_affirm,dailydilemmas,3,4,0.5,-0.6925555829975424,1.0,-0.6146783946002751,0.07787718839726732,0.5
0.05,1.0,0.75,R_5B7Sbr53fSq1D3z,inference_affirm,dailydilemmas,4,4,0.5,-0.6934639971088424,0.25,-0.7195089235109183,-0.026044926402075896,-0.25
0.05,1.0,0.75,R_7fTeTaHgGhgcqkN,inference_affirm,dailydilemmas,0,4,0.75,-0.6918140257887567,0.75,-0.6206008282231974,0.07121319756555933,0.0
0.05,1.0,0.75,R_7fTeTaHgGhgcqkN,inference_affirm,dailydilemmas,1,4,0.75,-0.6912834457678454,1.0,-0.5750874917983188,0.11619595396952664,0.25
0.05,1.0,0.75,R_7fTeTaHgGhgcqkN,inference_affirm,dailydilemmas,2,4,1.0,-0.6919592595083794,0.75,-0.6136470966645926,0.07831216284378684,-0.25
0.05,1.0,0.75,R_7fTeTaHgGhgcqkN,inference_affirm,dailydilemmas,3,4,0.5,-0.6923729489017025,0.5,-0.6479137514172756,0.04445919748442695,0.0
0.05,1.0,0.75,R_7fTeTaHgGhgcqkN,inference_affirm,dailydilemmas,4,4,0.75,-0.6914575245591041,0.75,-0.6080209317939959,0.08343659276510829,0.0
0.05,1.0,0.75,R_12tlw5u4cVbNiP1,inference_affirm,dailydilemmas,0,4,0.75,-0.6916294137246326,0.5,-0.6289097920876735,0.0627196216369591,-0.25
0.05,1.0,0.75,R_12tlw5u4cVbNiP1,inference_affirm,dailydilemmas,1,4,0.5,-0.6922729032778986,0.5,-0.6558478261310997,0.03642507714679888,0.0
0.05,1.0,0.75,R_12tlw5u4cVbNiP1,inference_affirm,dailydilemmas,2,4,1.0,-0.6913990748711327,0.75,-0.5909495890996971,0.10044948577143564,-0.25
0.05,1.0,0.75,R_12tlw5u4cVbNiP1,inference_affirm,dailydilemmas,3,4,0.75,-0.6917636640252386,1.0,-0.581648183949693,0.11011548007554561,0.25
0.05,1.0,0.75,R_12tlw5u4cVbNiP1,inference_affirm,dailydilemmas,4,4,0.75,-0.6918227014195795,1.0,-0.5937347294206581,0.09808797199892139,0.25
0.05,1.0,1.0,R_5EfMjMbx1z8Kvhl,inference_categories,dailydilemmas,0,4,0.75,-0.6923275991814979,0.5,-0.7381856949249537,-0.045858095743455785,-0.25
0.05,1.0,1.0,R_5EfMjMbx1z8Kvhl,inference_categories,dailydilemmas,1,4,0.5,-0.692107728588651,0.75,-0.6764329977980392,0.01567473079061177,0.25
0.05,1.0,1.0,R_5EfMjMbx1z8Kvhl,inference_categories,dailydilemmas,2,4,0.5,-0.6930055898490717,0.75,-0.6612382727119135,0.03176731713715819,0.25
0.05,1.0,1.0,R_5EfMjMbx1z8Kvhl,inference_categories,dailydilemmas,3,4,0.75,-0.6921698893625947,0.75,-0.6426777057307547,0.04949218363184005,0.0
0.05,1.0,1.0,R_5EfMjMbx1z8Kvhl,inference_categories,dailydilemmas,4,4,0.5,-0.6916124977152831,0.5,-0.6756002750842596,0.01601222263102353,0.0
0.05,1.0,1.0,R_56aT1YjmRtKACUH,inference_categories,dailydilemmas,0,4,0.75,-0.6928161057074206,1.0,-0.619849941178231,0.07296616452918958,0.25
0.05,1.0,1.0,R_56aT1YjmRtKACUH,inference_categories,dailydilemmas,1,4,0.25,-0.6937101957354634,0.25,-0.7438666106411349,-0.050156414905671465,0.0
0.05,1.0,1.0,R_56aT1YjmRtKACUH,inference_categories,dailydilemmas,2,4,0.75,-0.6924772749383264,0.5,-0.7099138195442801,-0.017436544605953674,-0.25
0.05,1.0,1.0,R_56aT1YjmRtKACUH,inference_categories,dailydilemmas,3,4,0.75,-0.692553249130433,0.5,-0.6768075470123689,0.015745702118064142,-0.25
0.05,1.0,1.0,R_56aT1YjmRtKACUH,inference_categories,dailydilemmas,4,4,0.5,-0.6927715965415814,0.25,-0.683078291980231,0.009693304561350424,-0.25
0.05,1.0,1.0,R_3HS2lsaEfcZSuXu,inference_categories,dailydilemmas,0,4,1.0,-0.6922145708976619,0.75,-0.6194473187723983,0.07276725212526358,-0.25
0.05,1.0,1.0,R_3HS2lsaEfcZSuXu,inference_categories,dailydilemmas,1,4,0.5,-0.6935194048429342,0.5,-0.7783797306191962,-0.08486032577626201,0.0
0.05,1.0,1.0,R_3HS2lsaEfcZSuXu,inference_categories,dailydilemmas,2,4,0.5,-0.6928434999593708,0.5,-0.686130434849112,0.00671306511025882,0.0
0.05,1.0,1.0,R_3HS2lsaEfcZSuXu,inference_categories,dailydilemmas,3,4,0.5,-0.6925147737062834,1.0,-0.6086064770373945,0.083908296668889,0.5
0.05,1.0,1.0,R_3HS2lsaEfcZSuXu,inference_categories,dailydilemmas,4,4,0.75,-0.6922641213528324,1.0,-0.5939526689757157,0.09831145237711669,0.25
0.05,1.0,1.0,R_6HoVfVJSFl7IrlL,inference_categories,dailydilemmas,0,4,0.75,-0.6928992813204569,0.75,-0.6750915683697626,0.017807712950694277,0.0
0.05,1.0,1.0,R_6HoVfVJSFl7IrlL,inference_categories,dailydilemmas,1,4,0.75,-0.692487035620315,0.75,-0.6526823835939809,0.0398046520263341,0.0
0.05,1.0,1.0,R_6HoVfVJSFl7IrlL,inference_categories,dailydilemmas,2,4,0.25,-0.6934830207785968,0.75,-0.7171915488081235,-0.02370852802952672,0.5
0.05,1.0,1.0,R_6HoVfVJSFl7IrlL,inference_categories,dailydilemmas,3,4,0.75,-0.6924371284265671,0.75,-0.6438579879570169,0.04857914046955025,0.0
0.05,1.0,1.0,R_6HoVfVJSFl7IrlL,inference_categories,dailydilemmas,4,4,0.75,-0.691991702915315,1.0,-0.6395358925502359,0.05245581036507907,0.25
0.05,1.0,1.0,R_5Q5TZ5csoblHSvA,inference_categories,dailydilemmas,0,4,0.5,-0.6932046971065635,0.5,-0.7220185778931396,-0.028813880786576096,0.0
0.05,1.0,1.0,R_5Q5TZ5csoblHSvA,inference_categories,dailydilemmas,1,4,0.75,-0.6933010362528886,0.75,-0.6803506470522334,0.012950389200655277,0.0
0.05,1.0,1.0,R_5Q5TZ5csoblHSvA,inference_categories,dailydilemmas,2,4,0.5,-0.6925393726246563,0.5,-0.7274725053092634,-0.03493313268460718,0.0
0.05,1.0,1.0,R_5Q5TZ5csoblHSvA,inference_categories,dailydilemmas,3,4,0.25,-0.693672157233209,0.75,-0.7006379276508288,-0.00696577041761981,0.5
0.05,1.0,1.0,R_5Q5TZ5csoblHSvA,inference_categories,dailydilemmas,4,4,0.5,-0.6927479762012052,0.25,-0.7075755603220886,-0.014827584120883364,-0.25
0.05,1.0,1.0,R_18H831wJaDlPwgg,inference_categories,dailydilemmas,0,4,0.5,-0.6916147042699178,0.5,-0.7037241166967791,-0.012109412426861366,0.0
0.05,1.0,1.0,R_18H831wJaDlPwgg,inference_categories,dailydilemmas,1,4,1.0,-0.6899870586634695,1.0,-0.5336588036389734,0.1563282550244961,0.0
0.05,1.0,1.0,R_18H831wJaDlPwgg,inference_categories,dailydilemmas,2,4,0.25,-0.6917238616310285,0.5,-0.6073878342916886,0.08433602733933987,0.25
0.05,1.0,1.0,R_18H831wJaDlPwgg,inference_categories,dailydilemmas,3,4,1.0,-0.6891156439819446,0.75,-0.5313755246768714,0.15774011930507315,-0.25
0.05,1.0,1.0,R_18H831wJaDlPwgg,inference_categories,dailydilemmas,4,4,0.75,-0.6902118746874193,1.0,-0.5427914031762102,0.14742047151120907,0.25
0.05,1.0,1.0,R_12mMAseFwoOpgqC,inference_categories,dailydilemmas,0,4,0.75,-0.6923560192102111,0.5,-0.6986251619275641,-0.006269142717353016,-0.25
0.05,1.0,1.0,R_12mMAseFwoOpgqC,inference_categories,dailydilemmas,1,4,0.5,-0.692708683905009,0.75,-0.6305256294500917,0.06218305445491723,0.25
0.05,1.0,1.0,R_12mMAseFwoOpgqC,inference_categories,dailydilemmas,2,4,0.5,-0.6938594465566419,0.5,-0.7068518832117678,-0.01299243665512595,0.0
0.05,1.0,1.0,R_12mMAseFwoOpgqC,inference_categories,dailydilemmas,3,4,0.25,-0.693157141606494,0.5,-0.6975474059558809,-0.004390264349386941,0.25
0.05,1.0,1.0,R_12mMAseFwoOpgqC,inference_categories,dailydilemmas,4,4,0.75,-0.6923894076906529,0.75,-0.6510801361872407,0.04130927150341224,0.0
0.05,1.0,1.0,R_7ojvA7NDI10RoKR,inference_categories,dailydilemmas,0,5,0.6,-0.6920068818772697,0.6,-0.6204460155778369,0.07156086629943281,0.0
0.05,1.0,1.0,R_7ojvA7NDI10RoKR,inference_categories,dailydilemmas,1,5,0.8,-0.6917348847637751,1.0,-0.5993830062953499,0.09235187846842519,0.19999999999999996
0.05,1.0,1.0,R_7ojvA7NDI10RoKR,inference_categories,dailydilemmas,2,5,0.8,-0.6916545545853191,0.8,-0.6393123057677299,0.0523422488175892,0.0
0.05,1.0,1.0,R_7ojvA7NDI10RoKR,inference_categories,dailydilemmas,3,5,1.0,-0.6917046586626592,0.4,-0.6320619413274706,0.059642717335188555,-0.6
0.05,1.0,1.0,R_5gbXjT8uFYXCo7E,inference_categories,dailydilemmas,0,4,0.25,-0.694026868559669,0.25,-0.7253506638040166,-0.031323795244347585,0.0
0.05,1.0,1.0,R_5gbXjT8uFYXCo7E,inference_categories,dailydilemmas,1,4,0.5,-0.6930937564136729,0.5,-0.6707058797646638,0.022387876649009097,0.0
0.05,1.0,1.0,R_5gbXjT8uFYXCo7E,inference_categories,dailydilemmas,2,4,0.5,-0.6928904338246693,0.5,-0.6499235177702439,0.042966916054425375,0.0
0.05,1.0,1.0,R_5gbXjT8uFYXCo7E,inference_categories,dailydilemmas,3,4,0.75,-0.6928488703434292,0.75,-0.6727961187761431,0.020052751567286142,0.0
0.05,1.0,1.0,R_5gbXjT8uFYXCo7E,inference_categories,dailydilemmas,4,4,0.75,-0.6923363356652761,0.5,-0.6452080750992024,0.047128260566073665,-0.25
0.05,1.0,1.0,R_7f9o7q4AZOoP4ot,inference_categories,dailydilemmas,0,4,0.5,-0.6928590408729023,0.5,-0.7301739390048332,-0.037314898131930896,0.0
0.05,1.0,1.0,R_7f9o7q4AZOoP4ot,inference_categories,dailydilemmas,1,4,0.25,-0.6940582712554482,0.5,-0.7711265297105289,-0.0770682584550807,0.25
0.05,1.0,1.0,R_7f9o7q4AZOoP4ot,inference_categories,dailydilemmas,2,4,0.25,-0.6938234561373877,0.5,-0.7084886718447133,-0.014665215707325596,0.25
0.05,1.0,1.0,R_7f9o7q4AZOoP4ot,inference_categories,dailydilemmas,3,4,0.5,-0.6930868562810306,0.5,-0.7300619366908114,-0.036975080409780814,0.0
0.05,1.0,1.0,R_7f9o7q4AZOoP4ot,inference_categories,dailydilemmas,4,4,0.25,-0.6937483224132927,0.25,-0.7623303473451761,-0.06858202493188348,0.0
0.05,1.0,1.0,R_1WHYlcDjJDcnUfD,inference_categories,dailydilemmas,0,4,0.25,-0.6936107817399355,0.5,-0.7131868048503064,-0.019576023110370877,0.25
0.05,1.0,1.0,R_1WHYlcDjJDcnUfD,inference_categories,dailydilemmas,1,4,0.75,-0.6927597897553112,0.0,-0.7206284226973197,-0.027868632942008587,-0.75
0.05,1.0,1.0,R_1WHYlcDjJDcnUfD,inference_categories,dailydilemmas,2,4,0.5,-0.692882790314926,0.75,-0.6700412076530897,0.022841582661836224,0.25
0.05,1.0,1.0,R_1WHYlcDjJDcnUfD,inference_categories,dailydilemmas,3,4,0.5,-0.6933126230141359,0.0,-0.7318216168203764,-0.03850899380624051,-0.5
0.05,1.0,1.0,R_1WHYlcDjJDcnUfD,inference_categories,dailydilemmas,4,4,0.5,-0.6933165620073277,1.0,-0.6294692222071936,0.06384733980013413,0.5
0.05,1.0,1.0,R_6Q0gBjey6IdfZpf,inference_categories,dailydilemmas,0,4,0.75,-0.6921669564928575,0.5,-0.6544528396655536,0.03771411682730397,-0.25
0.05,1.0,1.0,R_6Q0gBjey6IdfZpf,inference_categories,dailydilemmas,1,4,1.0,-0.6919515344248186,1.0,-0.6129740045144287,0.07897752991038987,0.0
0.05,1.0,1.0,R_6Q0gBjey6IdfZpf,inference_categories,dailydilemmas,2,4,0.75,-0.6922742370254034,0.75,-0.6119036597562262,0.08037057726917718,0.0
0.05,1.0,1.0,R_6Q0gBjey6IdfZpf,inference_categories,dailydilemmas,3,4,0.75,-0.6922809472749593,0.5,-0.684598393682192,0.007682553592767261,-0.25
0.05,1.0,1.0,R_6Q0gBjey6IdfZpf,inference_categories,dailydilemmas,4,4,0.5,-0.6923239171830518,0.75,-0.6097062031334963,0.08261771404955542,0.25
0.05,1.0,1.0,R_1wzohnjOPhN82Wd,inference_categories,dailydilemmas,0,4,0.75,-0.6912657817430935,0.75,-0.6625271755781605,0.028738606164932956,0.0
0.05,1.0,1.0,R_1wzohnjOPhN82Wd,inference_categories,dailydilemmas,1,4,0.75,-0.6910091198303364,0.75,-0.6239522215774966,0.06705689825283978,0.0
0.05,1.0,1.0,R_1wzohnjOPhN82Wd,inference_categories,dailydilemmas,2,4,0.75,-0.6916135310151922,0.75,-0.5720236169383844,0.11958991407680775,0.0
0.05,1.0,1.0,R_1wzohnjOPhN82Wd,inference_categories,dailydilemmas,3,4,0.75,-0.6912827721934094,1.0,-0.5836532159259586,0.10762955626745074,0.25
0.05,1.0,1.0,R_1wzohnjOPhN82Wd,inference_categories,dailydilemmas,4,4,0.25,-0.6945114868894781,0.5,-0.7130503516534515,-0.018538864763973484,0.25
0.05,1.0,1.0,R_70kbQcqJL4Tkq6B,inference_categories,dailydilemmas,0,4,0.5,-0.693099326816225,0.5,-0.7314997950695377,-0.03840046825331267,0.0
0.05,1.0,1.0,R_70kbQcqJL4Tkq6B,inference_categories,dailydilemmas,1,4,0.5,-0.6935456776381743,0.75,-0.641864360076626,0.05168131756154837,0.25
0.05,1.0,1.0,R_70kbQcqJL4Tkq6B,inference_categories,dailydilemmas,2,4,1.0,-0.6903881142268726,0.75,-0.6488014374685984,0.04158667675827421,-0.25
0.05,1.0,1.0,R_70kbQcqJL4Tkq6B,inference_categories,dailydilemmas,3,4,0.75,-0.6910186881848221,0.75,-0.617230082135049,0.07378860604977311,0.0
0.05,1.0,1.0,R_70kbQcqJL4Tkq6B,inference_categories,dailydilemmas,4,4,0.75,-0.6910584094419714,0.5,-0.6318505551422148,0.05920785429975661,-0.25
0.05,1.0,1.0,R_6rftRMhNP0o6boD,inference_categories,dailydilemmas,0,4,0.25,-0.6927920742765155,1.0,-0.6015613697927942,0.09123070448372128,0.75
0.05,1.0,1.0,R_6rftRMhNP0o6boD,inference_categories,dailydilemmas,1,4,0.5,-0.6924913932327733,0.5,-0.713626513795813,-0.021135120563039678,0.0
0.05,1.0,1.0,R_6rftRMhNP0o6boD,inference_categories,dailydilemmas,2,4,0.75,-0.6930215747126403,0.25,-0.7328950991602134,-0.039873524447573194,-0.5
0.05,1.0,1.0,R_6rftRMhNP0o6boD,inference_categories,dailydilemmas,3,4,0.75,-0.6913539511353748,0.75,-0.6435877977960827,0.04776615333929213,0.0
0.05,1.0,1.0,R_6rftRMhNP0o6boD,inference_categories,dailydilemmas,4,4,1.0,-0.6911317756524363,0.75,-0.660179307854691,0.030952467797745298,-0.25
0.05,1.0,1.0,R_6jv2PrGBJcO4of6,inference_categories,dailydilemmas,0,4,1.0,-0.6913708595536875,0.75,-0.5761987405916469,0.1151721189620406,-0.25
0.05,1.0,1.0,R_6jv2PrGBJcO4of6,inference_categories,dailydilemmas,1,4,0.75,-0.6912995160513344,0.75,-0.7005103133648248,-0.009210797313490393,0.0
0.05,1.0,1.0,R_6jv2PrGBJcO4of6,inference_categories,dailydilemmas,2,4,0.5,-0.6926591280607736,0.5,-0.725262517653148,-0.03260338959237441,0.0
0.05,1.0,1.0,R_6jv2PrGBJcO4of6,inference_categories,dailydilemmas,3,4,0.75,-0.6920955861097676,0.5,-0.6632063530742005,0.02888923303556712,-0.25
0.05,1.0,1.0,R_6jv2PrGBJcO4of6,inference_categories,dailydilemmas,4,4,0.5,-0.6944162521312823,0.5,-0.8102682397759495,-0.1158519876446672,0.0
0.05,1.0,1.0,R_1dHqTtKKq3yQvmX,inference_categories,dailydilemmas,0,4,0.75,-0.6901793664806752,0.75,-0.5585920852954218,0.13158728118525342,0.0
0.05,1.0,1.0,R_1dHqTtKKq3yQvmX,inference_categories,dailydilemmas,1,4,0.5,-0.6905398035230048,0.75,-0.5361512999382181,0.15438850358478673,0.25
0.05,1.0,1.0,R_1dHqTtKKq3yQvmX,inference_categories,dailydilemmas,2,4,0.75,-0.6916850396000928,0.75,-0.5937132041455031,0.09797183545458965,0.0
0.05,1.0,1.0,R_1dHqTtKKq3yQvmX,inference_categories,dailydilemmas,3,4,0.75,-0.6917166981820564,0.75,-0.604139938411624,0.08757675977043244,0.0
0.05,1.0,1.0,R_1dHqTtKKq3yQvmX,inference_categories,dailydilemmas,4,4,0.75,-0.6905830384527758,0.75,-0.5489275571361261,0.14165548131664973,0.0
0.05,1.0,1.0,R_1P81VK8fH860C4V,inference_categories,dailydilemmas,0,4,1.0,-0.6920433577900249,1.0,-0.575656267719363,0.11638709007066195,0.0
0.05,1.0,1.0,R_1P81VK8fH860C4V,inference_categories,dailydilemmas,1,4,1.0,-0.6919164570325738,0.75,-0.5559015560634126,0.13601490096916113,-0.25
0.05,1.0,1.0,R_1P81VK8fH860C4V,inference_categories,dailydilemmas,2,4,0.75,-0.6928577825296892,0.75,-0.5653754038384743,0.12748237869121493,0.0
0.05,1.0,1.0,R_1P81VK8fH860C4V,inference_categories,dailydilemmas,3,4,0.25,-0.6932254130917721,0.5,-0.6738021599713957,0.019423253120376405,0.25
0.05,1.0,1.0,R_1P81VK8fH860C4V,inference_categories,dailydilemmas,4,4,1.0,-0.6913179800919581,0.75,-0.5823645928415835,0.10895338725037462,-0.25
0.05,1.0,1.0,R_7go085j249AymBb,inference_categories,dailydilemmas,0,4,0.5,-0.6920457681275483,0.5,-0.6113284488912082,0.08071731923634007,0.0
0.05,1.0,1.0,R_7go085j249AymBb,inference_categories,dailydilemmas,1,4,0.75,-0.6918687893093179,1.0,-0.5661396966377814,0.12572909267153654,0.25
0.05,1.0,1.0,R_7go085j249AymBb,inference_categories,dailydilemmas,2,4,0.75,-0.6916919699910548,1.0,-0.5660115517418123,0.12568041824924248,0.25
0.05,1.0,1.0,R_7go085j249AymBb,inference_categories,dailydilemmas,3,4,0.75,-0.6921476975615788,0.75,-0.5779066595635104,0.1142410379980684,0.0
0.05,1.0,1.0,R_7go085j249AymBb,inference_categories,dailydilemmas,4,4,0.5,-0.6933859969559947,0.5,-0.706786481806687,-0.01340048485069234,0.0
0.05,1.0,1.0,R_6xzSCFMWRhzZIRg,inference_categories,dailydilemmas,0,4,0.25,-0.6927821561848767,0.75,-0.6489822011454727,0.04379995503940404,0.5
0.05,1.0,1.0,R_6xzSCFMWRhzZIRg,inference_categories,dailydilemmas,1,4,0.75,-0.6925641341245401,0.75,-0.599169794120046,0.09339434000449409,0.0
0.05,1.0,1.0,R_6xzSCFMWRhzZIRg,inference_categories,dailydilemmas,2,4,0.75,-0.6928042560852457,0.75,-0.6405066007661553,0.052297655319090364,0.0
0.05,1.0,1.0,R_6xzSCFMWRhzZIRg,inference_categories,dailydilemmas,3,4,1.0,-0.6921312027011314,0.75,-0.7082288724757652,-0.016097669774633783,-0.25
0.05,1.0,1.0,R_6xzSCFMWRhzZIRg,inference_categories,dailydilemmas,4,4,0.75,-0.6925934243944709,0.5,-0.6379569264287634,0.054636497965707465,-0.25
0.05,1.0,1.0,R_5EychZPB1u00qZH,inference_categories,dailydilemmas,0,4,1.0,-0.6915691978027982,0.75,-0.5973720190188692,0.09419717878392908,-0.25
0.05,1.0,1.0,R_5EychZPB1u00qZH,inference_categories,dailydilemmas,1,4,0.5,-0.6922579912654148,0.75,-0.6190217611413181,0.07323623012409664,0.25
0.05,1.0,1.0,R_5EychZPB1u00qZH,inference_categories,dailydilemmas,2,4,1.0,-0.6920351292436367,1.0,-0.6035305617743332,0.08850456746930357,0.0
0.05,1.0,1.0,R_5EychZPB1u00qZH,inference_categories,dailydilemmas,3,4,1.0,-0.6918581079995139,1.0,-0.573258540802827,0.11859956719668685,0.0
0.05,1.0,1.0,R_5EychZPB1u00qZH,inference_categories,dailydilemmas,4,4,0.25,-0.693113923592781,0.25,-0.7128943964559287,-0.019780472863147658,0.0
0.05,1.0,1.0,R_59glCvaBnt5WTU6,inference_categories,dailydilemmas,0,4,0.5,-0.6934585289871318,0.5,-0.7235984927948186,-0.030139963807686798,0.0
0.05,1.0,1.0,R_59glCvaBnt5WTU6,inference_categories,dailydilemmas,1,4,0.75,-0.6924249223884483,1.0,-0.6082201025341585,0.08420481985428985,0.25
0.05,1.0,1.0,R_59glCvaBnt5WTU6,inference_categories,dailydilemmas,2,4,0.75,-0.6921256744126439,1.0,-0.6107717426575088,0.08135393175513517,0.25
0.05,1.0,1.0,R_59glCvaBnt5WTU6,inference_categories,dailydilemmas,3,4,0.75,-0.6923140677501498,0.5,-0.6264864959847412,0.06582757176540865,-0.25
0.05,1.0,1.0,R_59glCvaBnt5WTU6,inference_categories,dailydilemmas,4,4,0.75,-0.6924660984930848,0.5,-0.6847347093277953,0.007731389165289482,-0.25
0.05,1.0,1.0,R_1nBL27EvLs0Bkk4,inference_categories,dailydilemmas,0,4,0.5,-0.6925040934732599,0.75,-0.619193483071262,0.07331061040199793,0.25
0.05,1.0,1.0,R_1nBL27EvLs0Bkk4,inference_categories,dailydilemmas,1,4,0.25,-0.693942222109138,0.5,-0.7652586952682353,-0.07131647315909728,0.25
0.05,1.0,1.0,R_1nBL27EvLs0Bkk4,inference_categories,dailydilemmas,2,4,0.75,-0.6912821629528922,1.0,-0.6343992176906832,0.05688294526220905,0.25
0.05,1.0,1.0,R_1nBL27EvLs0Bkk4,inference_categories,dailydilemmas,3,4,0.5,-0.6924616239598635,0.75,-0.658788344428923,0.03367327953094057,0.25
0.05,1.0,1.0,R_1nBL27EvLs0Bkk4,inference_categories,dailydilemmas,4,4,1.0,-0.6911718043804796,0.75,-0.6316278592825213,0.05954394509795835,-0.25
0.05,1.0,1.0,R_6FsUQnzEYAQwtwa,inference_categories,dailydilemmas,0,4,0.75,-0.6927384253042169,0.75,-0.6687713282222456,0.02396709708197131,0.0
0.05,1.0,1.0,R_6FsUQnzEYAQwtwa,inference_categories,dailydilemmas,1,4,0.5,-0.6927163458859349,0.5,-0.6891017909340529,0.0036145549518820097,0.0
0.05,1.0,1.0,R_6FsUQnzEYAQwtwa,inference_categories,dailydilemmas,2,4,0.5,-0.6932754640605925,0.75,-0.6438956009401283,0.04937986312046416,0.25
0.05,1.0,1.0,R_6FsUQnzEYAQwtwa,inference_categories,dailydilemmas,3,4,0.75,-0.6926125292192916,0.25,-0.7683263942258879,-0.07571386500659627,-0.5
0.05,1.0,1.0,R_6FsUQnzEYAQwtwa,inference_categories,dailydilemmas,4,4,0.75,-0.6926171705827615,0.5,-0.660250992964221,0.03236617761854055,-0.25
0.05,1.0,1.0,R_5pX1jjp1Yu1RSN7,inference_categories,dailydilemmas,0,4,1.0,-0.6916563926178843,0.75,-0.5942129984285964,0.09744339418928782,-0.25
0.05,1.0,1.0,R_5pX1jjp1Yu1RSN7,inference_categories,dailydilemmas,1,4,0.75,-0.6913416045752215,0.75,-0.5943225856058933,0.09701901896932819,0.0
0.05,1.0,1.0,R_5pX1jjp1Yu1RSN7,inference_categories,dailydilemmas,2,4,0.75,-0.6917451406050665,0.75,-0.5763739804501277,0.11537116015493887,0.0
0.05,1.0,1.0,R_5pX1jjp1Yu1RSN7,inference_categories,dailydilemmas,3,4,0.75,-0.6915415809271314,0.75,-0.6724462226947284,0.019095358232402937,0.0
0.05,1.0,1.0,R_5pX1jjp1Yu1RSN7,inference_categories,dailydilemmas,4,4,0.25,-0.6954732529707177,0.25,-0.8256659951871038,-0.1301927422163861,0.0
0.05,1.0,1.0,R_5DY1mtPtJpWz8WC,inference_categories,dailydilemmas,0,5,1.0,-0.6901900358599771,1.0,-0.4690091283660509,0.22118090749392616,0.0
0.05,1.0,1.0,R_5DY1mtPtJpWz8WC,inference_categories,dailydilemmas,1,5,0.6,-0.6912324351004475,0.8,-0.5619186561627033,0.1293137789377442,0.20000000000000007
0.05,1.0,1.0,R_5DY1mtPtJpWz8WC,inference_categories,dailydilemmas,2,5,0.8,-0.691829432035987,1.0,-0.6029240415344461,0.08890539050154089,0.19999999999999996
0.05,1.0,1.0,R_5DY1mtPtJpWz8WC,inference_categories,dailydilemmas,3,5,0.6,-0.6903303706504949,1.0,-0.5330337711778651,0.15729659947262975,0.4
0.05,1.0,1.0,R_1PN3SGDWOMibPAh,inference_categories,dailydilemmas,0,4,0.75,-0.6919509454770811,1.0,-0.6113439130742101,0.08060703240287104,0.25
0.05,1.0,1.0,R_1PN3SGDWOMibPAh,inference_categories,dailydilemmas,1,4,0.5,-0.693423134032705,0.75,-0.6997501674824169,-0.006327033449711972,0.25
0.05,1.0,1.0,R_1PN3SGDWOMibPAh,inference_categories,dailydilemmas,2,4,0.5,-0.692956189895669,0.75,-0.6343807117809621,0.05857547811470687,0.25
0.05,1.0,1.0,R_1PN3SGDWOMibPAh,inference_categories,dailydilemmas,3,4,0.5,-0.6922843616630568,0.75,-0.6001902739301739,0.09209408773288297,0.25
0.05,1.0,1.0,R_1PN3SGDWOMibPAh,inference_categories,dailydilemmas,4,4,1.0,-0.6918221546867992,0.75,-0.6296703343606469,0.062151820326152296,-0.25
0.05,1.0,1.0,R_3SrBXsc2uYrsSZz,inference_categories,dailydilemmas,0,4,0.5,-0.6921819867098238,0.75,-0.6388325311930265,0.05334945551679726,0.25
0.05,1.0,1.0,R_3SrBXsc2uYrsSZz,inference_categories,dailydilemmas,1,4,0.75,-0.6927603848918005,0.75,-0.6966496676786247,-0.003889282786824211,0.0
0.05,1.0,1.0,R_3SrBXsc2uYrsSZz,inference_categories,dailydilemmas,2,4,0.5,-0.6928712779217644,0.5,-0.7149977642279373,-0.022126486306172866,0.0
0.05,1.0,1.0,R_3SrBXsc2uYrsSZz,inference_categories,dailydilemmas,3,4,0.75,-0.6917737093762071,0.75,-0.5887160151801734,0.10305769419603372,0.0
0.05,1.0,1.0,R_3SrBXsc2uYrsSZz,inference_categories,dailydilemmas,4,4,1.0,-0.691789791299691,1.0,-0.6148625332634325,0.07692725803625844,0.0
0.05,1.0,1.0,R_7rNeEq8TvAxjqdL,inference_categories,dailydilemmas,0,4,0.75,-0.6911846470944386,0.75,-0.5279057481576949,0.16327889893674374,0.0
0.05,1.0,1.0,R_7rNeEq8TvAxjqdL,inference_categories,dailydilemmas,1,4,0.75,-0.69164818192401,0.5,-0.6398198624972373,0.051828319426772684,-0.25
0.05,1.0,1.0,R_7rNeEq8TvAxjqdL,inference_categories,dailydilemmas,2,4,1.0,-0.6907843678215682,1.0,-0.5302135542534936,0.16057081356807457,0.0
0.05,1.0,1.0,R_7rNeEq8TvAxjqdL,inference_categories,dailydilemmas,3,4,0.75,-0.6922579415528716,0.5,-0.6845946685826785,0.007663272970193091,-0.25
0.05,1.0,1.0,R_7rNeEq8TvAxjqdL,inference_categories,dailydilemmas,4,4,0.75,-0.6916794143622071,1.0,-0.5717188986351944,0.11996051572701272,0.25
0.05,1.0,1.0,R_7QAkOtO6FETwKSv,inference_categories,dailydilemmas,0,4,0.5,-0.6935653153634046,0.5,-0.7739480637689716,-0.08038274840556703,0.0
0.05,1.0,1.0,R_7QAkOtO6FETwKSv,inference_categories,dailydilemmas,1,4,0.75,-0.6922413992091314,0.75,-0.6473545728907985,0.04488682631833296,0.0
0.05,1.0,1.0,R_7QAkOtO6FETwKSv,inference_categories,dailydilemmas,2,4,0.5,-0.6929267303893999,0.5,-0.7594570319332111,-0.06653030154381123,0.0
0.05,1.0,1.0,R_7QAkOtO6FETwKSv,inference_categories,dailydilemmas,3,4,1.0,-0.6920532080201354,0.5,-0.674974384810474,0.017078823209661365,-0.5
0.05,1.0,1.0,R_7QAkOtO6FETwKSv,inference_categories,dailydilemmas,4,4,0.5,-0.692874388257928,0.75,-0.7005894728463686,-0.007715084588440613,0.25
0.05,1.0,1.0,R_6gCrJV80LvD23XK,choice_only,dailydilemmas,0,4,0.5,-0.693771785100323,0.5,-0.7623043658938501,-0.06853258079352709,0.0
0.05,1.0,1.0,R_6gCrJV80LvD23XK,choice_only,dailydilemmas,1,4,1.0,-0.6920506137011905,1.0,-0.5697211733364957,0.12232944036469473,0.0
0.05,1.0,1.0,R_6gCrJV80LvD23XK,choice_only,dailydilemmas,2,4,0.75,-0.692272194395104,0.75,-0.6406146439800595,0.051657550415044495,0.0
0.05,1.0,1.0,R_6gCrJV80LvD23XK,choice_only,dailydilemmas,3,4,0.25,-0.6935722697383494,0.25,-0.7311366754598347,-0.03756440572148534,0.0
0.05,1.0,1.0,R_6gCrJV80LvD23XK,choice_only,dailydilemmas,4,4,0.5,-0.69288341392352,0.5,-0.6717138202882612,0.021169593635258832,0.0
0.05,1.0,1.0,R_7SrhV7HvgsG1fvA,choice_only,dailydilemmas,0,4,0.5,-0.6919869228690966,0.5,-0.6417624386169318,0.05022448425216475,0.0
0.05,1.0,1.0,R_7SrhV7HvgsG1fvA,choice_only,dailydilemmas,1,4,0.75,-0.6927850648558612,1.0,-0.6622367556811984,0.03054830917466278,0.25
0.05,1.0,1.0,R_7SrhV7HvgsG1fvA,choice_only,dailydilemmas,2,4,0.5,-0.6932548429514276,0.5,-0.7341229189156817,-0.040868075964254125,0.0
0.05,1.0,1.0,R_7SrhV7HvgsG1fvA,choice_only,dailydilemmas,3,4,0.75,-0.6925621208023383,1.0,-0.6488511870437993,0.04371093375853896,0.25
0.05,1.0,1.0,R_7SrhV7HvgsG1fvA,choice_only,dailydilemmas,4,4,0.0,-0.694777709820397,0.0,-0.8150445773756837,-0.1202668675552867,0.0
0.05,1.0,1.0,R_5aLcKnMSH0hrVLH,choice_only,dailydilemmas,0,4,1.0,-0.6923263146045625,1.0,-0.6038746553856295,0.08845165921893305,0.0
0.05,1.0,1.0,R_5aLcKnMSH0hrVLH,choice_only,dailydilemmas,1,4,1.0,-0.691702529524409,0.75,-0.6040561315310526,0.08764639799335638,-0.25
0.05,1.0,1.0,R_5aLcKnMSH0hrVLH,choice_only,dailydilemmas,2,4,0.75,-0.6924378717203983,0.5,-0.636056588269835,0.05638128345056326,-0.25
0.05,1.0,1.0,R_5aLcKnMSH0hrVLH,choice_only,dailydilemmas,3,4,1.0,-0.6922143155928429,1.0,-0.6562703667345263,0.03594394885831653,0.0
0.05,1.0,1.0,R_5aLcKnMSH0hrVLH,choice_only,dailydilemmas,4,4,0.5,-0.6935217086981267,0.5,-0.7644273510255217,-0.07090564232739505,0.0
0.05,1.0,1.0,R_6E6esO9YjIptSgZ,choice_only,dailydilemmas,0,5,0.4,-0.6933243109022651,0.4,-0.7054602416980122,-0.012135930795747152,0.0
0.05,1.0,1.0,R_6E6esO9YjIptSgZ,choice_only,dailydilemmas,1,5,0.4,-0.6935058840958112,0.4,-0.6820935462427143,0.01141233785309681,0.0
0.05,1.0,1.0,R_6E6esO9YjIptSgZ,choice_only,dailydilemmas,2,5,0.4,-0.693025151606699,1.0,-0.6447133923943393,0.04831175921235964,0.6
0.05,1.0,1.0,R_6E6esO9YjIptSgZ,choice_only,dailydilemmas,3,5,0.4,-0.693228696324342,0.4,-0.6870833082646364,0.006145388059705659,0.0
0.05,1.0,1.0,R_1MCxQvFXsgFj9AZ,choice_only,dailydilemmas,0,4,0.0,-0.6941318405634145,0.5,-0.7124398208359541,-0.01830798027253966,0.5
0.05,1.0,1.0,R_1MCxQvFXsgFj9AZ,choice_only,dailydilemmas,1,4,0.75,-0.6930678237544948,0.5,-0.6862570048935281,0.006810818860966683,-0.25
0.05,1.0,1.0,R_1MCxQvFXsgFj9AZ,choice_only,dailydilemmas,2,4,0.25,-0.6935068931572397,0.25,-0.7521454362139278,-0.05863854305668814,0.0
0.05,1.0,1.0,R_1MCxQvFXsgFj9AZ,choice_only,dailydilemmas,3,4,0.25,-0.6936224990050501,0.25,-0.7175711700858988,-0.023948671080848638,0.0
0.05,1.0,1.0,R_1MCxQvFXsgFj9AZ,choice_only,dailydilemmas,4,4,0.75,-0.6930774068097307,0.5,-0.6906203734669647,0.002457033342766035,-0.25
0.05,1.0,1.0,R_3JfmC4gRU1JpbNv,choice_only,dailydilemmas,0,4,0.75,-0.691414093721901,0.75,-0.5835649645602115,0.10784912916168954,0.0
0.05,1.0,1.0,R_3JfmC4gRU1JpbNv,choice_only,dailydilemmas,1,4,1.0,-0.6911231568843574,1.0,-0.5451955575526863,0.1459275993316711,0.0
0.05,1.0,1.0,R_3JfmC4gRU1JpbNv,choice_only,dailydilemmas,2,4,0.5,-0.6937110318112766,0.5,-0.7168610759186562,-0.02315004410737964,0.0
0.05,1.0,1.0,R_3JfmC4gRU1JpbNv,choice_only,dailydilemmas,3,4,0.5,-0.6933484607438867,0.5,-0.6683160778098595,0.02503238293402721,0.0
0.05,1.0,1.0,R_3JfmC4gRU1JpbNv,choice_only,dailydilemmas,4,4,1.0,-0.691460935575063,1.0,-0.5597013328433629,0.13175960273170018,0.0
0.05,1.0,1.0,R_7QGHM1iZnW1jfRx,choice_only,dailydilemmas,0,4,0.5,-0.6933461948959684,0.5,-0.6948283927692911,-0.0014821978733227104,0.0
0.05,1.0,1.0,R_7QGHM1iZnW1jfRx,choice_only,dailydilemmas,1,4,0.5,-0.6933979723363053,0.5,-0.7209386001075477,-0.027540627771242443,0.0
0.05,1.0,1.0,R_7QGHM1iZnW1jfRx,choice_only,dailydilemmas,2,4,0.5,-0.692723397096704,0.25,-0.7037469315006161,-0.011023534403912016,-0.25
0.05,1.0,1.0,R_7QGHM1iZnW1jfRx,choice_only,dailydilemmas,3,4,0.75,-0.693106248193503,0.75,-0.6771035103274408,0.01600273786606221,0.0
0.05,1.0,1.0,R_7QGHM1iZnW1jfRx,choice_only,dailydilemmas,4,4,0.25,-0.6938567634717323,0.25,-0.7315161765973378,-0.0376594131256055,0.0
0.05,1.0,1.0,R_6rBDZvDRiktj92h,choice_only,dailydilemmas,0,4,0.75,-0.6919508583886247,0.5,-0.6576226122615974,0.03432824612702734,-0.25
0.05,1.0,1.0,R_6rBDZvDRiktj92h,choice_only,dailydilemmas,1,4,0.5,-0.6920848654673555,0.5,-0.6340945475415577,0.057990317925797785,0.0
0.05,1.0,1.0,R_6rBDZvDRiktj92h,choice_only,dailydilemmas,2,4,0.75,-0.6926821806338346,0.75,-0.6894457847696365,0.003236395864198105,0.0
0.05,1.0,1.0,R_6rBDZvDRiktj92h,choice_only,dailydilemmas,3,4,0.5,-0.6925047484490472,0.5,-0.6904190397927643,0.002085708656282881,0.0
0.05,1.0,1.0,R_6rBDZvDRiktj92h,choice_only,dailydilemmas,4,4,0.5,-0.6936433799394314,0.5,-0.7484311058612259,-0.05478772592179448,0.0
0.05,1.0,1.0,R_7DZXdu8GHiSZQbw,choice_only,dailydilemmas,0,5,0.8,-0.6915098669160649,0.8,-0.5863664282285799,0.10514343868748499,0.0
0.05,1.0,1.0,R_7DZXdu8GHiSZQbw,choice_only,dailydilemmas,1,5,0.6,-0.690806185488559,0.6,-0.5610037277517576,0.12980245773680144,0.0
0.05,1.0,1.0,R_7DZXdu8GHiSZQbw,choice_only,dailydilemmas,2,5,0.8,-0.6908536245536288,0.8,-0.5441739976727319,0.14667962688089686,0.0
0.05,1.0,1.0,R_7DZXdu8GHiSZQbw,choice_only,dailydilemmas,3,5,0.8,-0.6915137653328134,0.8,-0.6070427638433438,0.08447100148946962,0.0
0.05,1.0,1.0,R_3wNdGb7QZmozWdV,inference_affirm,dailydilemmas,0,4,0.75,-0.6925585495452946,0.25,-0.7505913617922901,-0.058032812246995524,-0.5
0.05,1.0,1.0,R_3wNdGb7QZmozWdV,inference_affirm,dailydilemmas,1,4,0.5,-0.692981251064235,0.5,-0.6825058080406798,0.010475443023555187,0.0
0.05,1.0,1.0,R_3wNdGb7QZmozWdV,inference_affirm,dailydilemmas,2,4,0.25,-0.693020012554981,0.25,-0.8226731035981597,-0.12965309104317868,0.0
0.05,1.0,1.0,R_3wNdGb7QZmozWdV,inference_affirm,dailydilemmas,3,4,1.0,-0.6923061806371242,0.5,-0.6748329263884987,0.017473254248625558,-0.5
0.05,1.0,1.0,R_3wNdGb7QZmozWdV,inference_affirm,dailydilemmas,4,4,0.75,-0.6922461602262034,0.5,-0.6812354625697482,0.011010697656455237,-0.25
0.05,1.0,1.0,R_54BDOExpKqNLP7U,choice_only,dailydilemmas,0,5,1.0,-0.690222392201228,1.0,-0.48126444010797814,0.2089579520932499,0.0
0.05,1.0,1.0,R_54BDOExpKqNLP7U,choice_only,dailydilemmas,1,5,0.8,-0.6912457920133276,1.0,-0.5455707397582685,0.14567505225505906,0.19999999999999996
0.05,1.0,1.0,R_54BDOExpKqNLP7U,choice_only,dailydilemmas,2,5,0.6,-0.6923603456842805,0.6,-0.6535029266555555,0.03885741902872497,0.0
0.05,1.0,1.0,R_54BDOExpKqNLP7U,choice_only,dailydilemmas,3,5,0.8,-0.6900271794005838,1.0,-0.45526903526251045,0.23475814413807333,0.19999999999999996
0.05,1.0,1.0,R_7FP7x1oOPEhKFnt,choice_only,dailydilemmas,0,4,1.0,-0.6919280667454282,1.0,-0.56693140574824,0.1249966609971882,0.0
0.05,1.0,1.0,R_7FP7x1oOPEhKFnt,choice_only,dailydilemmas,1,4,0.5,-0.6928210627175507,1.0,-0.6376487734914849,0.055172289226065874,0.5
0.05,1.0,1.0,R_7FP7x1oOPEhKFnt,choice_only,dailydilemmas,2,4,1.0,-0.6925045821357162,0.75,-0.6363857154031342,0.05611886673258204,-0.25
0.05,1.0,1.0,R_7FP7x1oOPEhKFnt,choice_only,dailydilemmas,3,4,0.75,-0.6929586161800017,0.75,-0.6989295939911883,-0.005970977811186606,0.0
0.05,1.0,1.0,R_7FP7x1oOPEhKFnt,choice_only,dailydilemmas,4,4,0.75,-0.6921518574026817,0.5,-0.6311519486558198,0.0609999087468619,-0.25
0.05,1.0,1.0,R_3RlcXTweCHzrYtz,choice_only,dailydilemmas,0,4,0.75,-0.692169622767719,0.75,-0.6155333313118719,0.07663629145584705,0.0
0.05,1.0,1.0,R_3RlcXTweCHzrYtz,choice_only,dailydilemmas,1,4,0.5,-0.6921245155651763,0.5,-0.6342384516509667,0.057886063914209585,0.0
0.05,1.0,1.0,R_3RlcXTweCHzrYtz,choice_only,dailydilemmas,2,4,0.25,-0.6934837659178836,0.5,-0.7216831147169033,-0.02819934879901964,0.25
0.05,1.0,1.0,R_3RlcXTweCHzrYtz,choice_only,dailydilemmas,3,4,0.5,-0.6932357233524356,0.5,-0.7100179709255303,-0.016782247573094766,0.0
0.05,1.0,1.0,R_3RlcXTweCHzrYtz,choice_only,dailydilemmas,4,4,0.75,-0.6924225385240101,0.75,-0.6077533487113486,0.08466918981266158,0.0
0.05,1.0,1.0,R_64MjAxTXtmHjKMx,choice_only,dailydilemmas,0,4,0.5,-0.6926941351033684,0.5,-0.6521466147298527,0.04054752037351572,0.0
0.05,1.0,1.0,R_64MjAxTXtmHjKMx,choice_only,dailydilemmas,1,4,0.25,-0.6940710556215365,0.25,-0.676927110671755,0.017143944949781442,0.0
0.05,1.0,1.0,R_64MjAxTXtmHjKMx,choice_only,dailydilemmas,2,4,0.25,-0.6938039134381895,0.25,-0.792382275499179,-0.09857836206098947,0.0
0.05,1.0,1.0,R_64MjAxTXtmHjKMx,choice_only,dailydilemmas,3,4,0.75,-0.6920861844549647,0.75,-0.5900790089224803,0.1020071755324844,0.0
0.05,1.0,1.0,R_64MjAxTXtmHjKMx,choice_only,dailydilemmas,4,4,1.0,-0.6918386995488164,1.0,-0.5532800152021845,0.13855868434663188,0.0
0.05,1.0,1.0,R_5B7Sbr53fSq1D3z,inference_affirm,dailydilemmas,0,4,1.0,-0.6924009679036246,0.75,-0.685671230504087,0.006729737399537639,-0.25
0.05,1.0,1.0,R_5B7Sbr53fSq1D3z,inference_affirm,dailydilemmas,1,4,1.0,-0.6914967585051052,0.5,-0.6412946866520851,0.05020207185302006,-0.5
0.05,1.0,1.0,R_5B7Sbr53fSq1D3z,inference_affirm,dailydilemmas,2,4,0.5,-0.6916899171728221,0.75,-0.6312177462271981,0.06047217094562407,0.25
0.05,1.0,1.0,R_5B7Sbr53fSq1D3z,inference_affirm,dailydilemmas,3,4,0.5,-0.6925555829975424,1.0,-0.6150016796036799,0.07755390339386248,0.5
0.05,1.0,1.0,R_5B7Sbr53fSq1D3z,inference_affirm,dailydilemmas,4,4,0.5,-0.6934639971088424,0.25,-0.7224669227849033,-0.029002925676060887,-0.25
0.05,1.0,1.0,R_7fTeTaHgGhgcqkN,inference_affirm,dailydilemmas,0,4,0.75,-0.6918140257887567,0.75,-0.630701225843365,0.06111279994539176,0.0
0.05,1.0,1.0,R_7fTeTaHgGhgcqkN,inference_affirm,dailydilemmas,1,4,0.75,-0.6912834457678454,1.0,-0.5749812283228709,0.11630221744497449,0.25
0.05,1.0,1.0,R_7fTeTaHgGhgcqkN,inference_affirm,dailydilemmas,2,4,1.0,-0.6919592595083794,0.75,-0.6198808600305581,0.07207839947782135,-0.25
0.05,1.0,1.0,R_7fTeTaHgGhgcqkN,inference_affirm,dailydilemmas,3,4,0.5,-0.6923729489017025,0.5,-0.6419237215074632,0.05044922739423929,0.0
0.05,1.0,1.0,R_7fTeTaHgGhgcqkN,inference_affirm,dailydilemmas,4,4,0.75,-0.6914575245591041,0.75,-0.6133660100187232,0.07809151454038099,0.0
0.05,1.0,1.0,R_12tlw5u4cVbNiP1,inference_affirm,dailydilemmas,0,4,0.75,-0.6916294137246326,0.5,-0.6421611663354677,0.04946824738916489,-0.25
0.05,1.0,1.0,R_12tlw5u4cVbNiP1,inference_affirm,dailydilemmas,1,4,0.5,-0.6922729032778986,0.5,-0.6645930142363922,0.027679889041506422,0.0
0.05,1.0,1.0,R_12tlw5u4cVbNiP1,inference_affirm,dailydilemmas,2,4,1.0,-0.6913990748711327,0.75,-0.6075310980648234,0.08386797680630931,-0.25
0.05,1.0,1.0,R_12tlw5u4cVbNiP1,inference_affirm,dailydilemmas,3,4,0.75,-0.6917636640252386,1.0,-0.5878328975613273,0.1039307664639113,0.25
0.05,1.0,1.0,R_12tlw5u4cVbNiP1,inference_affirm,dailydilemmas,4,4,0.75,-0.6918227014195795,1.0,-0.5964459973455046,0.09537670407407484,0.25
0.05,1.5,0.0,R_5EfMjMbx1z8Kvhl,inference_categories,dailydilemmas,0,4,0.75,-0.6923275991814979,0.75,-0.6474770576780244,0.04485054150347345,0.0
0.05,1.5,0.0,R_5EfMjMbx1z8Kvhl,inference_categories,dailydilemmas,1,4,0.5,-0.692107728588651,0.75,-0.6227211444561678,0.06938658413248322,0.25
0.05,1.5,0.0,R_5EfMjMbx1z8Kvhl,inference_categories,dailydilemmas,2,4,0.5,-0.6930055898490717,0.5,-0.6739875225166478,0.019018067332423838,0.0
0.05,1.5,0.0,R_5EfMjMbx1z8Kvhl,inference_categories,dailydilemmas,3,4,0.75,-0.6921698893625947,1.0,-0.596088529211675,0.09608136015091973,0.25
0.05,1.5,0.0,R_5EfMjMbx1z8Kvhl,inference_categories,dailydilemmas,4,4,0.5,-0.6916124977152831,0.75,-0.5715242462068771,0.12008825150840596,0.25
0.05,1.5,0.0,R_56aT1YjmRtKACUH,inference_categories,dailydilemmas,0,4,0.75,-0.6928161057074206,0.75,-0.6648660318813502,0.0279500738260704,0.0
0.05,1.5,0.0,R_56aT1YjmRtKACUH,inference_categories,dailydilemmas,1,4,0.25,-0.6937101957354634,0.5,-0.7411775624979983,-0.047467366762534824,0.25
0.05,1.5,0.0,R_56aT1YjmRtKACUH,inference_categories,dailydilemmas,2,4,0.75,-0.6924772749383264,0.75,-0.6567590395961703,0.035718235342156124,0.0
0.05,1.5,0.0,R_56aT1YjmRtKACUH,inference_categories,dailydilemmas,3,4,0.75,-0.692553249130433,0.75,-0.6580823375180933,0.03447091161233973,0.0
0.05,1.5,0.0,R_56aT1YjmRtKACUH,inference_categories,dailydilemmas,4,4,0.5,-0.6927715965415814,0.5,-0.6851833881273592,0.007588208414222142,0.0
0.05,1.5,0.0,R_3HS2lsaEfcZSuXu,inference_categories,dailydilemmas,0,4,1.0,-0.6922145708976619,0.75,-0.6026404871534607,0.08957408374420117,-0.25
0.05,1.5,0.0,R_3HS2lsaEfcZSuXu,inference_categories,dailydilemmas,1,4,0.5,-0.6935194048429342,0.5,-0.7603528470111593,-0.06683344216822518,0.0
0.05,1.5,0.0,R_3HS2lsaEfcZSuXu,inference_categories,dailydilemmas,2,4,0.5,-0.6928434999593708,0.5,-0.6976816208965292,-0.004838120937158408,0.0
0.05,1.5,0.0,R_3HS2lsaEfcZSuXu,inference_categories,dailydilemmas,3,4,0.5,-0.6925147737062834,0.75,-0.6190258011002241,0.07348897260605936,0.25
0.05,1.5,0.0,R_3HS2lsaEfcZSuXu,inference_categories,dailydilemmas,4,4,0.75,-0.6922641213528324,0.75,-0.6065493532940868,0.08571476805874567,0.0
0.05,1.5,0.0,R_6HoVfVJSFl7IrlL,inference_categories,dailydilemmas,0,4,0.75,-0.6928992813204569,0.5,-0.6881436706618054,0.004755610658651488,-0.25
0.05,1.5,0.0,R_6HoVfVJSFl7IrlL,inference_categories,dailydilemmas,1,4,0.75,-0.692487035620315,0.75,-0.6017178323655075,0.09076920325480753,0.0
0.05,1.5,0.0,R_6HoVfVJSFl7IrlL,inference_categories,dailydilemmas,2,4,0.25,-0.6934830207785968,0.5,-0.7359075076154111,-0.042424486836814324,0.25
0.05,1.5,0.0,R_6HoVfVJSFl7IrlL,inference_categories,dailydilemmas,3,4,0.75,-0.6924371284265671,1.0,-0.6279432617805013,0.06449386664606582,0.25
0.05,1.5,0.0,R_6HoVfVJSFl7IrlL,inference_categories,dailydilemmas,4,4,0.75,-0.691991702915315,0.75,-0.6050158782572141,0.08697582465810083,0.0
0.05,1.5,0.0,R_5Q5TZ5csoblHSvA,inference_categories,dailydilemmas,0,4,0.5,-0.6932046971065635,0.25,-0.741775498591112,-0.04857080148454851,-0.25
0.05,1.5,0.0,R_5Q5TZ5csoblHSvA,inference_categories,dailydilemmas,1,4,0.75,-0.6933010362528886,0.5,-0.6859076063144391,0.007393429938449492,-0.25
0.05,1.5,0.0,R_5Q5TZ5csoblHSvA,inference_categories,dailydilemmas,2,4,0.5,-0.6925393726246563,0.75,-0.665122000780802,0.027417371843854288,0.25
0.05,1.5,0.0,R_5Q5TZ5csoblHSvA,inference_categories,dailydilemmas,3,4,0.25,-0.693672157233209,0.25,-0.7168412085314801,-0.02316905129827118,0.0
0.05,1.5,0.0,R_5Q5TZ5csoblHSvA,inference_categories,dailydilemmas,4,4,0.5,-0.6927479762012052,0.5,-0.670032049325954,0.022715926875251258,0.0
0.05,1.5,0.0,R_18H831wJaDlPwgg,inference_categories,dailydilemmas,0,4,0.5,-0.6916147042699178,0.5,-0.6598997283853102,0.03171497588460759,0.0
0.05,1.5,0.0,R_18H831wJaDlPwgg,inference_categories,dailydilemmas,1,4,1.0,-0.6899870586634695,1.0,-0.5422750011558435,0.14771205750762606,0.0
0.05,1.5,0.0,R_18H831wJaDlPwgg,inference_categories,dailydilemmas,2,4,0.25,-0.6917238616310285,0.75,-0.5877377238915852,0.10398613773944332,0.5
0.05,1.5,0.0,R_18H831wJaDlPwgg,inference_categories,dailydilemmas,3,4,1.0,-0.6891156439819446,1.0,-0.45873260983152125,0.23038303415042333,0.0
0.05,1.5,0.0,R_18H831wJaDlPwgg,inference_categories,dailydilemmas,4,4,0.75,-0.6902118746874193,1.0,-0.4993302218324857,0.19088165285493358,0.25
0.05,1.5,0.0,R_12mMAseFwoOpgqC,inference_categories,dailydilemmas,0,4,0.75,-0.6923560192102111,0.75,-0.6401739322248834,0.05218208698532767,0.0
0.05,1.5,0.0,R_12mMAseFwoOpgqC,inference_categories,dailydilemmas,1,4,0.5,-0.692708683905009,0.5,-0.6460498759101498,0.04665880799485911,0.0
0.05,1.5,0.0,R_12mMAseFwoOpgqC,inference_categories,dailydilemmas,2,4,0.5,-0.6938594465566419,0.5,-0.7282127247213676,-0.034353278164725665,0.0
0.05,1.5,0.0,R_12mMAseFwoOpgqC,inference_categories,dailydilemmas,3,4,0.25,-0.693157141606494,0.5,-0.6873579585939784,0.005799183012515585,0.25
0.05,1.5,0.0,R_12mMAseFwoOpgqC,inference_categories,dailydilemmas,4,4,0.75,-0.6923894076906529,0.5,-0.6344938812304723,0.05789552646018059,-0.25
0.05,1.5,0.0,R_7ojvA7NDI10RoKR,inference_categories,dailydilemmas,0,5,0.6,-0.6920068818772697,0.6,-0.6186030952527987,0.073403786624471,0.0
0.05,1.5,0.0,R_7ojvA7NDI10RoKR,inference_categories,dailydilemmas,1,5,0.8,-0.6917348847637751,0.8,-0.5885556176687191,0.10317926709505598,0.0
0.05,1.5,0.0,R_7ojvA7NDI10RoKR,inference_categories,dailydilemmas,2,5,0.8,-0.6916545545853191,0.8,-0.614200785914317,0.07745376867100207,0.0
0.05,1.5,0.0,R_7ojvA7NDI10RoKR,inference_categories,dailydilemmas,3,5,1.0,-0.6917046586626592,1.0,-0.5507880545678324,0.14091660409482676,0.0
0.05,1.5,0.0,R_5gbXjT8uFYXCo7E,inference_categories,dailydilemmas,0,4,0.25,-0.694026868559669,0.25,-0.7914423024525292,-0.09741543389286023,0.0
0.05,1.5,0.0,R_5gbXjT8uFYXCo7E,inference_categories,dailydilemmas,1,4,0.5,-0.6930937564136729,0.5,-0.7081898643008263,-0.015096107887153432,0.0
0.05,1.5,0.0,R_5gbXjT8uFYXCo7E,inference_categories,dailydilemmas,2,4,0.5,-0.6928904338246693,0.5,-0.6777540679055334,0.015136365919135919,0.0
0.05,1.5,0.0,R_5gbXjT8uFYXCo7E,inference_categories,dailydilemmas,3,4,0.75,-0.6928488703434292,0.75,-0.6634348346361262,0.029414035707303055,0.0
0.05,1.5,0.0,R_5gbXjT8uFYXCo7E,inference_categories,dailydilemmas,4,4,0.75,-0.6923363356652761,0.75,-0.6827384083335942,0.009597927331681855,0.0
0.05,1.5,0.0,R_7f9o7q4AZOoP4ot,inference_categories,dailydilemmas,0,4,0.5,-0.6928590408729023,0.5,-0.6942632465828169,-0.0014042057099146188,0.0
0.05,1.5,0.0,R_7f9o7q4AZOoP4ot,inference_categories,dailydilemmas,1,4,0.25,-0.6940582712554482,0.25,-0.7618795512276526,-0.06782127997220444,0.0
0.05,1.5,0.0,R_7f9o7q4AZOoP4ot,inference_categories,dailydilemmas,2,4,0.25,-0.6938234561373877,0.0,-0.7341199871315424,-0.040296530994154645,-0.25
0.05,1.5,0.0,R_7f9o7q4AZOoP4ot,inference_categories,dailydilemmas,3,4,0.5,-0.6930868562810306,0.25,-0.738870953229899,-0.045784096948868425,-0.25
0.05,1.5,0.0,R_7f9o7q4AZOoP4ot,inference_categories,dailydilemmas,4,4,0.25,-0.6937483224132927,0.25,-0.7723424231621462,-0.07859410074885353,0.0
0.05,1.5,0.0,R_1WHYlcDjJDcnUfD,inference_categories,dailydilemmas,0,4,0.25,-0.6936107817399355,0.5,-0.7102088340996423,-0.016598052359706794,0.25
0.05,1.5,0.0,R_1WHYlcDjJDcnUfD,inference_categories,dailydilemmas,1,4,0.75,-0.6927597897553112,0.75,-0.6696573942022513,0.023102395553059818,0.0
0.05,1.5,0.0,R_1WHYlcDjJDcnUfD,inference_categories,dailydilemmas,2,4,0.5,-0.692882790314926,0.75,-0.6849797278963989,0.007903062418527007,0.25
0.05,1.5,0.0,R_1WHYlcDjJDcnUfD,inference_categories,dailydilemmas,3,4,0.5,-0.6933126230141359,0.25,-0.7380472026891514,-0.044734579675015484,-0.25
0.05,1.5,0.0,R_1WHYlcDjJDcnUfD,inference_categories,dailydilemmas,4,4,0.5,-0.6933165620073277,0.5,-0.7016568621721255,-0.00834030016479781,0.0
0.05,1.5,0.0,R_6Q0gBjey6IdfZpf,inference_categories,dailydilemmas,0,4,0.75,-0.6921669564928575,0.75,-0.608302691868762,0.08386426462409557,0.0
0.05,1.5,0.0,R_6Q0gBjey6IdfZpf,inference_categories,dailydilemmas,1,4,1.0,-0.6919515344248186,1.0,-0.6027512852273461,0.08920024919747249,0.0
0.05,1.5,0.0,R_6Q0gBjey6IdfZpf,inference_categories,dailydilemmas,2,4,0.75,-0.6922742370254034,1.0,-0.608808628228543,0.08346560879686038,0.25
0.05,1.5,0.0,R_6Q0gBjey6IdfZpf,inference_categories,dailydilemmas,3,4,0.75,-0.6922809472749593,0.5,-0.6338462428705022,0.05843470440445708,-0.25
0.05,1.5,0.0,R_6Q0gBjey6IdfZpf,inference_categories,dailydilemmas,4,4,0.5,-0.6923239171830518,0.5,-0.6054584313279325,0.08686548585511922,0.0
0.05,1.5,0.0,R_1wzohnjOPhN82Wd,inference_categories,dailydilemmas,0,4,0.75,-0.6912657817430935,0.75,-0.6163624454727333,0.07490333627036017,0.0
0.05,1.5,0.0,R_1wzohnjOPhN82Wd,inference_categories,dailydilemmas,1,4,0.75,-0.6910091198303364,0.75,-0.6002797258950674,0.09072939393526902,0.0
0.05,1.5,0.0,R_1wzohnjOPhN82Wd,inference_categories,dailydilemmas,2,4,0.75,-0.6916135310151922,0.75,-0.5796549877883108,0.11195854322688137,0.0
0.05,1.5,0.0,R_1wzohnjOPhN82Wd,inference_categories,dailydilemmas,3,4,0.75,-0.6912827721934094,1.0,-0.59229014831327,0.09899262388013941,0.25
0.05,1.5,0.0,R_1wzohnjOPhN82Wd,inference_categories,dailydilemmas,4,4,0.25,-0.6945114868894781,0.25,-0.77121587477421,-0.076704387884732,0.0
0.05,1.5,0.0,R_70kbQcqJL4Tkq6B,inference_categories,dailydilemmas,0,4,0.5,-0.693099326816225,0.5,-0.747979975701173,-0.054880648884948036,0.0
0.05,1.5,0.0,R_70kbQcqJL4Tkq6B,inference_categories,dailydilemmas,1,4,0.5,-0.6935456776381743,0.5,-0.7203679543433212,-0.02682227670514692,0.0
0.05,1.5,0.0,R_70kbQcqJL4Tkq6B,inference_categories,dailydilemmas,2,4,1.0,-0.6903881142268726,1.0,-0.5785782640819095,0.11180985014496314,0.0
0.05,1.5,0.0,R_70kbQcqJL4Tkq6B,inference_categories,dailydilemmas,3,4,0.75,-0.6910186881848221,0.75,-0.6286130623641978,0.062405625820624366,0.0
0.05,1.5,0.0,R_70kbQcqJL4Tkq6B,inference_categories,dailydilemmas,4,4,0.75,-0.6910584094419714,0.75,-0.5776391263918703,0.11341928305010107,0.0
0.05,1.5,0.0,R_6rftRMhNP0o6boD,inference_categories,dailydilemmas,0,4,0.25,-0.6927920742765155,0.25,-0.6850600572047971,0.007732017071718333,0.0
0.05,1.5,0.0,R_6rftRMhNP0o6boD,inference_categories,dailydilemmas,1,4,0.5,-0.6924913932327733,0.5,-0.6813704323061911,0.011120960926582213,0.0
0.05,1.5,0.0,R_6rftRMhNP0o6boD,inference_categories,dailydilemmas,2,4,0.75,-0.6930215747126403,0.5,-0.7363869282915567,-0.043365353578916466,-0.25
0.05,1.5,0.0,R_6rftRMhNP0o6boD,inference_categories,dailydilemmas,3,4,0.75,-0.6913539511353748,0.75,-0.6144978515174018,0.07685609961797302,0.0
0.05,1.5,0.0,R_6rftRMhNP0o6boD,inference_categories,dailydilemmas,4,4,1.0,-0.6911317756524363,1.0,-0.618504174848225,0.07262760080421138,0.0
0.05,1.5,0.0,R_6jv2PrGBJcO4of6,inference_categories,dailydilemmas,0,4,1.0,-0.6913708595536875,1.0,-0.5110416159246252,0.18032924362906233,0.0
0.05,1.5,0.0,R_6jv2PrGBJcO4of6,inference_categories,dailydilemmas,1,4,0.75,-0.6912995160513344,1.0,-0.5829750977661455,0.1083244182851889,0.25
0.05,1.5,0.0,R_6jv2PrGBJcO4of6,inference_categories,dailydilemmas,2,4,0.5,-0.6926591280607736,0.5,-0.6719120006296665,0.02074712743110707,0.0
0.05,1.5,0.0,R_6jv2PrGBJcO4of6,inference_categories,dailydilemmas,3,4,0.75,-0.6920955861097676,0.75,-0.616094796372576,0.0760007897371916,0.0
0.05,1.5,0.0,R_6jv2PrGBJcO4of6,inference_categories,dailydilemmas,4,4,0.5,-0.6944162521312823,0.5,-0.8166794522491556,-0.12226320011787328,0.0
0.05,1.5,0.0,R_1dHqTtKKq3yQvmX,inference_categories,dailydilemmas,0,4,0.75,-0.6901793664806752,0.75,-0.5502002330692024,0.13997913341147283,0.0
0.05,1.5,0.0,R_1dHqTtKKq3yQvmX,inference_categories,dailydilemmas,1,4,0.5,-0.6905398035230048,0.5,-0.6013118603036179,0.08922794321938687,0.0
0.05,1.5,0.0,R_1dHqTtKKq3yQvmX,inference_categories,dailydilemmas,2,4,0.75,-0.6916850396000928,0.75,-0.6003858372612204,0.09129920233887234,0.0
0.05,1.5,0.0,R_1dHqTtKKq3yQvmX,inference_categories,dailydilemmas,3,4,0.75,-0.6917166981820564,0.75,-0.6422872682718348,0.04942942991022159,0.0
0.05,1.5,0.0,R_1dHqTtKKq3yQvmX,inference_categories,dailydilemmas,4,4,0.75,-0.6905830384527758,0.75,-0.5242822049693491,0.16630083348342672,0.0
0.05,1.5,0.0,R_1P81VK8fH860C4V,inference_categories,dailydilemmas,0,4,1.0,-0.6920433577900249,1.0,-0.6005782746549366,0.09146508313508828,0.0
0.05,1.5,0.0,R_1P81VK8fH860C4V,inference_categories,dailydilemmas,1,4,1.0,-0.6919164570325738,1.0,-0.5119688654609952,0.17994759157157858,0.0
0.05,1.5,0.0,R_1P81VK8fH860C4V,inference_categories,dailydilemmas,2,4,0.75,-0.6928577825296892,0.75,-0.608094596295935,0.08476318623375423,0.0
0.05,1.5,0.0,R_1P81VK8fH860C4V,inference_categories,dailydilemmas,3,4,0.25,-0.6932254130917721,0.5,-0.6900107529175236,0.0032146601742485403,0.25
0.05,1.5,0.0,R_1P81VK8fH860C4V,inference_categories,dailydilemmas,4,4,1.0,-0.6913179800919581,1.0,-0.5171676872617494,0.17415029283020866,0.0
0.05,1.5,0.0,R_7go085j249AymBb,inference_categories,dailydilemmas,0,4,0.5,-0.6920457681275483,0.5,-0.6176035194888476,0.07444224863870064,0.0
0.05,1.5,0.0,R_7go085j249AymBb,inference_categories,dailydilemmas,1,4,0.75,-0.6918687893093179,0.75,-0.5960951237386816,0.09577366557063638,0.0
0.05,1.5,0.0,R_7go085j249AymBb,inference_categories,dailydilemmas,2,4,0.75,-0.6916919699910548,1.0,-0.5732337870291042,0.11845818296195054,0.25
0.05,1.5,0.0,R_7go085j249AymBb,inference_categories,dailydilemmas,3,4,0.75,-0.6921476975615788,0.75,-0.6162043102636463,0.07594338729793249,0.0
0.05,1.5,0.0,R_7go085j249AymBb,inference_categories,dailydilemmas,4,4,0.5,-0.6933859969559947,0.5,-0.719553161782158,-0.026167164826163325,0.0
0.05,1.5,0.0,R_6xzSCFMWRhzZIRg,inference_categories,dailydilemmas,0,4,0.25,-0.6927821561848767,0.25,-0.6742070734933625,0.0185750826915142,0.0
0.05,1.5,0.0,R_6xzSCFMWRhzZIRg,inference_categories,dailydilemmas,1,4,0.75,-0.6925641341245401,0.75,-0.6500098148593783,0.042554319265161844,0.0
0.05,1.5,0.0,R_6xzSCFMWRhzZIRg,inference_categories,dailydilemmas,2,4,0.75,-0.6928042560852457,0.75,-0.6496319335413983,0.0431723225438474,0.0
0.05,1.5,0.0,R_6xzSCFMWRhzZIRg,inference_categories,dailydilemmas,3,4,1.0,-0.6921312027011314,1.0,-0.5899109056918826,0.10222029700924873,0.0
0.05,1.5,0.0,R_6xzSCFMWRhzZIRg,inference_categories,dailydilemmas,4,4,0.75,-0.6925934243944709,0.75,-0.6611469574171885,0.03144646697728237,0.0
0.05,1.5,0.0,R_5EychZPB1u00qZH,inference_categories,dailydilemmas,0,4,1.0,-0.6915691978027982,0.75,-0.5482860343988791,0.1432831634039191,-0.25
0.05,1.5,0.0,R_5EychZPB1u00qZH,inference_categories,dailydilemmas,1,4,0.5,-0.6922579912654148,0.5,-0.6309899711172118,0.061268020148202984,0.0
0.05,1.5,0.0,R_5EychZPB1u00qZH,inference_categories,dailydilemmas,2,4,1.0,-0.6920351292436367,1.0,-0.5851019275954009,0.10693320164823583,0.0
0.05,1.5,0.0,R_5EychZPB1u00qZH,inference_categories,dailydilemmas,3,4,1.0,-0.6918581079995139,0.75,-0.5561750385730906,0.13568306942642328,-0.25
0.05,1.5,0.0,R_5EychZPB1u00qZH,inference_categories,dailydilemmas,4,4,0.25,-0.693113923592781,0.25,-0.7399822788214153,-0.046868355228634306,0.0
0.05,1.5,0.0,R_59glCvaBnt5WTU6,inference_categories,dailydilemmas,0,4,0.5,-0.6934585289871318,0.5,-0.7070219997609573,-0.01356347077382547,0.0
0.05,1.5,0.0,R_59glCvaBnt5WTU6,inference_categories,dailydilemmas,1,4,0.75,-0.6924249223884483,0.75,-0.6051769211898534,0.08724800119859488,0.0
0.05,1.5,0.0,R_59glCvaBnt5WTU6,inference_categories,dailydilemmas,2,4,0.75,-0.6921256744126439,1.0,-0.5902588722280027,0.10186680218464128,0.25
0.05,1.5,0.0,R_59glCvaBnt5WTU6,inference_categories,dailydilemmas,3,4,0.75,-0.6923140677501498,0.75,-0.6191468996896113,0.07316716806053847,0.0
0.05,1.5,0.0,R_59glCvaBnt5WTU6,inference_categories,dailydilemmas,4,4,0.75,-0.6924660984930848,0.75,-0.6451654448447497,0.047300653648335134,0.0
0.05,1.5,0.0,R_1nBL27EvLs0Bkk4,inference_categories,dailydilemmas,0,4,0.5,-0.6925040934732599,0.5,-0.6309453004741521,0.061558792999107825,0.0
0.05,1.5,0.0,R_1nBL27EvLs0Bkk4,inference_categories,dailydilemmas,1,4,0.25,-0.693942222109138,0.75,-0.7713280460186053,-0.07738582390946724,0.5
0.05,1.5,0.0,R_1nBL27EvLs0Bkk4,inference_categories,dailydilemmas,2,4,0.75,-0.6912821629528922,0.75,-0.592761594207065,0.09852056874582726,0.0
0.05,1.5,0.0,R_1nBL27EvLs0Bkk4,inference_categories,dailydilemmas,3,4,0.5,-0.6924616239598635,0.75,-0.6508958385302908,0.04156578542957279,0.25
0.05,1.5,0.0,R_1nBL27EvLs0Bkk4,inference_categories,dailydilemmas,4,4,1.0,-0.6911718043804796,1.0,-0.5512031827562329,0.13996862162424673,0.0
0.05,1.5,0.0,R_6FsUQnzEYAQwtwa,inference_categories,dailydilemmas,0,4,0.75,-0.6927384253042169,0.75,-0.6535455216392652,0.03919290366495176,0.0
0.05,1.5,0.0,R_6FsUQnzEYAQwtwa,inference_categories,dailydilemmas,1,4,0.5,-0.6927163458859349,0.5,-0.6841708704777055,0.008545475408229364,0.0
0.05,1.5,0.0,R_6FsUQnzEYAQwtwa,inference_categories,dailydilemmas,2,4,0.5,-0.6932754640605925,0.75,-0.6724223151283867,0.0208531489322058,0.25
0.05,1.5,0.0,R_6FsUQnzEYAQwtwa,inference_categories,dailydilemmas,3,4,0.75,-0.6926125292192916,0.75,-0.6825985059395243,0.010014023279767303,0.0
0.05,1.5,0.0,R_6FsUQnzEYAQwtwa,inference_categories,dailydilemmas,4,4,0.75,-0.6926171705827615,0.5,-0.6449229317605538,0.04769423882220769,-0.25
0.05,1.5,0.0,R_5pX1jjp1Yu1RSN7,inference_categories,dailydilemmas,0,4,1.0,-0.6916563926178843,1.0,-0.5747516096659644,0.11690478295191986,0.0
0.05,1.5,0.0,R_5pX1jjp1Yu1RSN7,inference_categories,dailydilemmas,1,4,0.75,-0.6913416045752215,0.75,-0.5732120455271079,0.11812955904811362,0.0
0.05,1.5,0.0,R_5pX1jjp1Yu1RSN7,inference_categories,dailydilemmas,2,4,0.75,-0.6917451406050665,0.75,-0.575120000868835,0.11662513973623156,0.0
0.05,1.5,0.0,R_5pX1jjp1Yu1RSN7,inference_categories,dailydilemmas,3,4,0.75,-0.6915415809271314,0.75,-0.6076928826972148,0.08384869822991659,0.0
0.05,1.5,0.0,R_5pX1jjp1Yu1RSN7,inference_categories,dailydilemmas,4,4,0.25,-0.6954732529707177,0.25,-0.8567800799454347,-0.161306826974717,0.0
0.05,1.5,0.0,R_5DY1mtPtJpWz8WC,inference_categories,dailydilemmas,0,5,1.0,-0.6901900358599771,1.0,-0.43764948248514923,0.25254055337482784,0.0
0.05,1.5,0.0,R_5DY1mtPtJpWz8WC,inference_categories,dailydilemmas,1,5,0.6,-0.6912324351004475,0.8,-0.5458723216717029,0.14536011342874466,0.20000000000000007
0.05,1.5,0.0,R_5DY1mtPtJpWz8WC,inference_categories,dailydilemmas,2,5,0.8,-0.691829432035987,0.8,-0.5870634280082507,0.10476600402773628,0.0
0.05,1.5,0.0,R_5DY1mtPtJpWz8WC,inference_categories,dailydilemmas,3,5,0.6,-0.6903303706504949,0.6,-0.5004182276876754,0.18991214296281944,0.0
0.05,1.5,0.0,R_1PN3SGDWOMibPAh,inference_categories,dailydilemmas,0,4,0.75,-0.6919509454770811,1.0,-0.5889913225391835,0.10295962293789762,0.25
0.05,1.5,0.0,R_1PN3SGDWOMibPAh,inference_categories,dailydilemmas,1,4,0.5,-0.693423134032705,0.5,-0.7512140689817115,-0.057790934949006556,0.0
0.05,1.5,0.0,R_1PN3SGDWOMibPAh,inference_categories,dailydilemmas,2,4,0.5,-0.692956189895669,0.75,-0.6601704998295751,0.03278569006609389,0.25
0.05,1.5,0.0,R_1PN3SGDWOMibPAh,inference_categories,dailydilemmas,3,4,0.5,-0.6922843616630568,0.5,-0.6466404311372478,0.04564393052580906,0.0
0.05,1.5,0.0,R_1PN3SGDWOMibPAh,inference_categories,dailydilemmas,4,4,1.0,-0.6918221546867992,1.0,-0.6070280957466158,0.08479405894018344,0.0
0.05,1.5,0.0,R_3SrBXsc2uYrsSZz,inference_categories,dailydilemmas,0,4,0.5,-0.6921819867098238,0.75,-0.6290582799001264,0.06312370680969737,0.25
0.05,1.5,0.0,R_3SrBXsc2uYrsSZz,inference_categories,dailydilemmas,1,4,0.75,-0.6927603848918005,0.5,-0.7067242866435739,-0.013963901751773422,-0.25
0.05,1.5,0.0,R_3SrBXsc2uYrsSZz,inference_categories,dailydilemmas,2,4,0.5,-0.6928712779217644,0.5,-0.7432818946712201,-0.05041061674945568,0.0
0.05,1.5,0.0,R_3SrBXsc2uYrsSZz,inference_categories,dailydilemmas,3,4,0.75,-0.6917737093762071,0.75,-0.5770912702787553,0.1146824390974518,0.0
0.05,1.5,0.0,R_3SrBXsc2uYrsSZz,inference_categories,dailydilemmas,4,4,1.0,-0.691789791299691,1.0,-0.590054771776453,0.10173501952323794,0.0
0.05,1.5,0.0,R_7rNeEq8TvAxjqdL,inference_categories,dailydilemmas,0,4,0.75,-0.6911846470944386,0.75,-0.5595280695072004,0.13165657758723825,0.0
0.05,1.5,0.0,R_7rNeEq8TvAxjqdL,inference_categories,dailydilemmas,1,4,0.75,-0.69164818192401,0.75,-0.5600649163795628,0.13158326554444721,0.0
0.05,1.5,0.0,R_7rNeEq8TvAxjqdL,inference_categories,dailydilemmas,2,4,1.0,-0.6907843678215682,1.0,-0.5202674912253968,0.17051687659617132,0.0
0.05,1.5,0.0,R_7rNeEq8TvAxjqdL,inference_categories,dailydilemmas,3,4,0.75,-0.6922579415528716,0.5,-0.671509292154723,0.020748649398148578,-0.25
0.05,1.5,0.0,R_7rNeEq8TvAxjqdL,inference_categories,dailydilemmas,4,4,0.75,-0.6916794143622071,0.75,-0.5874900125046884,0.10418940185751879,0.0
0.05,1.5,0.0,R_7QAkOtO6FETwKSv,inference_categories,dailydilemmas,0,4,0.5,-0.6935653153634046,0.5,-0.7651524277978088,-0.07158711243440419,0.0
0.05,1.5,0.0,R_7QAkOtO6FETwKSv,inference_categories,dailydilemmas,1,4,0.75,-0.6922413992091314,0.75,-0.6579416949684038,0.03429970424072759,0.0
0.05,1.5,0.0,R_7QAkOtO6FETwKSv,inference_categories,dailydilemmas,2,4,0.5,-0.6929267303893999,0.5,-0.7514646609185971,-0.0585379305291972,0.0
0.05,1.5,0.0,R_7QAkOtO6FETwKSv,inference_categories,dailydilemmas,3,4,1.0,-0.6920532080201354,0.5,-0.6989562515300196,-0.0069030435098842435,-0.5
0.05,1.5,0.0,R_7QAkOtO6FETwKSv,inference_categories,dailydilemmas,4,4,0.5,-0.692874388257928,0.5,-0.712095844822686,-0.019221456564757933,0.0
0.05,1.5,0.0,R_6gCrJV80LvD23XK,choice_only,dailydilemmas,0,4,0.5,-0.693771785100323,0.5,-0.7623043658938501,-0.06853258079352709,0.0
0.05,1.5,0.0,R_6gCrJV80LvD23XK,choice_only,dailydilemmas,1,4,1.0,-0.6920506137011905,1.0,-0.5697211733364957,0.12232944036469473,0.0
0.05,1.5,0.0,R_6gCrJV80LvD23XK,choice_only,dailydilemmas,2,4,0.75,-0.692272194395104,0.75,-0.6406146439800595,0.051657550415044495,0.0
0.05,1.5,0.0,R_6gCrJV80LvD23XK,choice_only,dailydilemmas,3,4,0.25,-0.6935722697383494,0.25,-0.7311366754598347,-0.03756440572148534,0.0
0.05,1.5,0.0,R_6gCrJV80LvD23XK,choice_only,dailydilemmas,4,4,0.5,-0.69288341392352,0.5,-0.6717138202882612,0.021169593635258832,0.0
0.05,1.5,0.0,R_7SrhV7HvgsG1fvA,choice_only,dailydilemmas,0,4,0.5,-0.6919869228690966,0.5,-0.6417624386169318,0.05022448425216475,0.0
0.05,1.5,0.0,R_7SrhV7HvgsG1fvA,choice_only,dailydilemmas,1,4,0.75,-0.6927850648558612,1.0,-0.6622367556811984,0.03054830917466278,0.25
0.05,1.5,0.0,R_7SrhV7HvgsG1fvA,choice_only,dailydilemmas,2,4,0.5,-0.6932548429514276,0.5,-0.7341229189156817,-0.040868075964254125,0.0
0.05,1.5,0.0,R_7SrhV7HvgsG1fvA,choice_only,dailydilemmas,3,4,0.75,-0.6925621208023383,1.0,-0.6488511870437993,0.04371093375853896,0.25
0.05,1.5,0.0,R_7SrhV7HvgsG1fvA,choice_only,dailydilemmas,4,4,0.0,-0.694777709820397,0.0,-0.8150445773756837,-0.1202668675552867,0.0
0.05,1.5,0.0,R_5aLcKnMSH0hrVLH,choice_only,dailydilemmas,0,4,1.0,-0.6923263146045625,1.0,-0.6038746553856295,0.08845165921893305,0.0
0.05,1.5,0.0,R_5aLcKnMSH0hrVLH,choice_only,dailydilemmas,1,4,1.0,-0.691702529524409,0.75,-0.6040561315310526,0.08764639799335638,-0.25
0.05,1.5,0.0,R_5aLcKnMSH0hrVLH,choice_only,dailydilemmas,2,4,0.75,-0.6924378717203983,0.5,-0.636056588269835,0.05638128345056326,-0.25
0.05,1.5,0.0,R_5aLcKnMSH0hrVLH,choice_only,dailydilemmas,3,4,1.0,-0.6922143155928429,1.0,-0.6562703667345263,0.03594394885831653,0.0
0.05,1.5,0.0,R_5aLcKnMSH0hrVLH,choice_only,dailydilemmas,4,4,0.5,-0.6935217086981267,0.5,-0.7644273510255217,-0.07090564232739505,0.0
0.05,1.5,0.0,R_6E6esO9YjIptSgZ,choice_only,dailydilemmas,0,5,0.4,-0.6933243109022651,0.4,-0.7054602416980122,-0.012135930795747152,0.0
0.05,1.5,0.0,R_6E6esO9YjIptSgZ,choice_only,dailydilemmas,1,5,0.4,-0.6935058840958112,0.4,-0.6820935462427143,0.01141233785309681,0.0
0.05,1.5,0.0,R_6E6esO9YjIptSgZ,choice_only,dailydilemmas,2,5,0.4,-0.693025151606699,1.0,-0.6447133923943393,0.04831175921235964,0.6
0.05,1.5,0.0,R_6E6esO9YjIptSgZ,choice_only,dailydilemmas,3,5,0.4,-0.693228696324342,0.4,-0.6870833082646364,0.006145388059705659,0.0
0.05,1.5,0.0,R_1MCxQvFXsgFj9AZ,choice_only,dailydilemmas,0,4,0.0,-0.6941318405634145,0.5,-0.7124398208359541,-0.01830798027253966,0.5
0.05,1.5,0.0,R_1MCxQvFXsgFj9AZ,choice_only,dailydilemmas,1,4,0.75,-0.6930678237544948,0.5,-0.6862570048935281,0.006810818860966683,-0.25
0.05,1.5,0.0,R_1MCxQvFXsgFj9AZ,choice_only,dailydilemmas,2,4,0.25,-0.6935068931572397,0.25,-0.7521454362139278,-0.05863854305668814,0.0
0.05,1.5,0.0,R_1MCxQvFXsgFj9AZ,choice_only,dailydilemmas,3,4,0.25,-0.6936224990050501,0.25,-0.7175711700858988,-0.023948671080848638,0.0
0.05,1.5,0.0,R_1MCxQvFXsgFj9AZ,choice_only,dailydilemmas,4,4,0.75,-0.6930774068097307,0.5,-0.6906203734669647,0.002457033342766035,-0.25
0.05,1.5,0.0,R_3JfmC4gRU1JpbNv,choice_only,dailydilemmas,0,4,0.75,-0.691414093721901,0.75,-0.5835649645602115,0.10784912916168954,0.0
0.05,1.5,0.0,R_3JfmC4gRU1JpbNv,choice_only,dailydilemmas,1,4,1.0,-0.6911231568843574,1.0,-0.5451955575526863,0.1459275993316711,0.0
0.05,1.5,0.0,R_3JfmC4gRU1JpbNv,choice_only,dailydilemmas,2,4,0.5,-0.6937110318112766,0.5,-0.7168610759186562,-0.02315004410737964,0.0
0.05,1.5,0.0,R_3JfmC4gRU1JpbNv,choice_only,dailydilemmas,3,4,0.5,-0.6933484607438867,0.5,-0.6683160778098595,0.02503238293402721,0.0
0.05,1.5,0.0,R_3JfmC4gRU1JpbNv,choice_only,dailydilemmas,4,4,1.0,-0.691460935575063,1.0,-0.5597013328433629,0.13175960273170018,0.0
0.05,1.5,0.0,R_7QGHM1iZnW1jfRx,choice_only,dailydilemmas,0,4,0.5,-0.6933461948959684,0.5,-0.6948283927692911,-0.0014821978733227104,0.0
0.05,1.5,0.0,R_7QGHM1iZnW1jfRx,choice_only,dailydilemmas,1,4,0.5,-0.6933979723363053,0.5,-0.7209386001075477,-0.027540627771242443,0.0
0.05,1.5,0.0,R_7QGHM1iZnW1jfRx,choice_only,dailydilemmas,2,4,0.5,-0.692723397096704,0.25,-0.7037469315006161,-0.011023534403912016,-0.25
0.05,1.5,0.0,R_7QGHM1iZnW1jfRx,choice_only,dailydilemmas,3,4,0.75,-0.693106248193503,0.75,-0.6771035103274408,0.01600273786606221,0.0
0.05,1.5,0.0,R_7QGHM1iZnW1jfRx,choice_only,dailydilemmas,4,4,0.25,-0.6938567634717323,0.25,-0.7315161765973378,-0.0376594131256055,0.0
0.05,1.5,0.0,R_6rBDZvDRiktj92h,choice_only,dailydilemmas,0,4,0.75,-0.6919508583886247,0.5,-0.6576226122615974,0.03432824612702734,-0.25
0.05,1.5,0.0,R_6rBDZvDRiktj92h,choice_only,dailydilemmas,1,4,0.5,-0.6920848654673555,0.5,-0.6340945475415577,0.057990317925797785,0.0
0.05,1.5,0.0,R_6rBDZvDRiktj92h,choice_only,dailydilemmas,2,4,0.75,-0.6926821806338346,0.75,-0.6894457847696365,0.003236395864198105,0.0
0.05,1.5,0.0,R_6rBDZvDRiktj92h,choice_only,dailydilemmas,3,4,0.5,-0.6925047484490472,0.5,-0.6904190397927643,0.002085708656282881,0.0
0.05,1.5,0.0,R_6rBDZvDRiktj92h,choice_only,dailydilemmas,4,4,0.5,-0.6936433799394314,0.5,-0.7484311058612259,-0.05478772592179448,0.0
0.05,1.5,0.0,R_7DZXdu8GHiSZQbw,choice_only,dailydilemmas,0,5,0.8,-0.6915098669160649,0.8,-0.5863664282285799,0.10514343868748499,0.0
0.05,1.5,0.0,R_7DZXdu8GHiSZQbw,choice_only,dailydilemmas,1,5,0.6,-0.690806185488559,0.6,-0.5610037277517576,0.12980245773680144,0.0
0.05,1.5,0.0,R_7DZXdu8GHiSZQbw,choice_only,dailydilemmas,2,5,0.8,-0.6908536245536288,0.8,-0.5441739976727319,0.14667962688089686,0.0
0.05,1.5,0.0,R_7DZXdu8GHiSZQbw,choice_only,dailydilemmas,3,5,0.8,-0.6915137653328134,0.8,-0.6070427638433438,0.08447100148946962,0.0
0.05,1.5,0.0,R_3wNdGb7QZmozWdV,inference_affirm,dailydilemmas,0,4,0.75,-0.6925585495452946,0.5,-0.6727472074234582,0.01981134212183644,-0.25
0.05,1.5,0.0,R_3wNdGb7QZmozWdV,inference_affirm,dailydilemmas,1,4,0.5,-0.692981251064235,0.5,-0.698930188552563,-0.005948937488327921,0.0
0.05,1.5,0.0,R_3wNdGb7QZmozWdV,inference_affirm,dailydilemmas,2,4,0.25,-0.693020012554981,0.25,-0.7094143612739368,-0.01639434871895573,0.0
0.05,1.5,0.0,R_3wNdGb7QZmozWdV,inference_affirm,dailydilemmas,3,4,1.0,-0.6923061806371242,0.75,-0.6598510930582315,0.032455087578892705,-0.25
0.05,1.5,0.0,R_3wNdGb7QZmozWdV,inference_affirm,dailydilemmas,4,4,0.75,-0.6922461602262034,0.75,-0.6513598121307056,0.04088634809549785,0.0
0.05,1.5,0.0,R_54BDOExpKqNLP7U,choice_only,dailydilemmas,0,5,1.0,-0.690222392201228,1.0,-0.48126444010797814,0.2089579520932499,0.0
0.05,1.5,0.0,R_54BDOExpKqNLP7U,choice_only,dailydilemmas,1,5,0.8,-0.6912457920133276,1.0,-0.5455707397582685,0.14567505225505906,0.19999999999999996
0.05,1.5,0.0,R_54BDOExpKqNLP7U,choice_only,dailydilemmas,2,5,0.6,-0.6923603456842805,0.6,-0.6535029266555555,0.03885741902872497,0.0
0.05,1.5,0.0,R_54BDOExpKqNLP7U,choice_only,dailydilemmas,3,5,0.8,-0.6900271794005838,1.0,-0.45526903526251045,0.23475814413807333,0.19999999999999996
0.05,1.5,0.0,R_7FP7x1oOPEhKFnt,choice_only,dailydilemmas,0,4,1.0,-0.6919280667454282,1.0,-0.56693140574824,0.1249966609971882,0.0
0.05,1.5,0.0,R_7FP7x1oOPEhKFnt,choice_only,dailydilemmas,1,4,0.5,-0.6928210627175507,1.0,-0.6376487734914849,0.055172289226065874,0.5
0.05,1.5,0.0,R_7FP7x1oOPEhKFnt,choice_only,dailydilemmas,2,4,1.0,-0.6925045821357162,0.75,-0.6363857154031342,0.05611886673258204,-0.25
0.05,1.5,0.0,R_7FP7x1oOPEhKFnt,choice_only,dailydilemmas,3,4,0.75,-0.6929586161800017,0.75,-0.6989295939911883,-0.005970977811186606,0.0
0.05,1.5,0.0,R_7FP7x1oOPEhKFnt,choice_only,dailydilemmas,4,4,0.75,-0.6921518574026817,0.5,-0.6311519486558198,0.0609999087468619,-0.25
0.05,1.5,0.0,R_3RlcXTweCHzrYtz,choice_only,dailydilemmas,0,4,0.75,-0.692169622767719,0.75,-0.6155333313118719,0.07663629145584705,0.0
0.05,1.5,0.0,R_3RlcXTweCHzrYtz,choice_only,dailydilemmas,1,4,0.5,-0.6921245155651763,0.5,-0.6342384516509667,0.057886063914209585,0.0
0.05,1.5,0.0,R_3RlcXTweCHzrYtz,choice_only,dailydilemmas,2,4,0.25,-0.6934837659178836,0.5,-0.7216831147169033,-0.02819934879901964,0.25
0.05,1.5,0.0,R_3RlcXTweCHzrYtz,choice_only,dailydilemmas,3,4,0.5,-0.6932357233524356,0.5,-0.7100179709255303,-0.016782247573094766,0.0
0.05,1.5,0.0,R_3RlcXTweCHzrYtz,choice_only,dailydilemmas,4,4,0.75,-0.6924225385240101,0.75,-0.6077533487113486,0.08466918981266158,0.0
0.05,1.5,0.0,R_64MjAxTXtmHjKMx,choice_only,dailydilemmas,0,4,0.5,-0.6926941351033684,0.5,-0.6521466147298527,0.04054752037351572,0.0
0.05,1.5,0.0,R_64MjAxTXtmHjKMx,choice_only,dailydilemmas,1,4,0.25,-0.6940710556215365,0.25,-0.676927110671755,0.017143944949781442,0.0
0.05,1.5,0.0,R_64MjAxTXtmHjKMx,choice_only,dailydilemmas,2,4,0.25,-0.6938039134381895,0.25,-0.792382275499179,-0.09857836206098947,0.0
0.05,1.5,0.0,R_64MjAxTXtmHjKMx,choice_only,dailydilemmas,3,4,0.75,-0.6920861844549647,0.75,-0.5900790089224803,0.1020071755324844,0.0
0.05,1.5,0.0,R_64MjAxTXtmHjKMx,choice_only,dailydilemmas,4,4,1.0,-0.6918386995488164,1.0,-0.5532800152021845,0.13855868434663188,0.0
0.05,1.5,0.0,R_5B7Sbr53fSq1D3z,inference_affirm,dailydilemmas,0,4,1.0,-0.6924009679036246,0.75,-0.6451721018643468,0.047228866039277784,-0.25
0.05,1.5,0.0,R_5B7Sbr53fSq1D3z,inference_affirm,dailydilemmas,1,4,1.0,-0.6914967585051052,0.75,-0.5660156159695036,0.1254811425356016,-0.25
0.05,1.5,0.0,R_5B7Sbr53fSq1D3z,inference_affirm,dailydilemmas,2,4,0.5,-0.6916899171728221,0.5,-0.5978623588535814,0.09382755831924072,0.0
0.05,1.5,0.0,R_5B7Sbr53fSq1D3z,inference_affirm,dailydilemmas,3,4,0.5,-0.6925555829975424,0.5,-0.6448178194915336,0.04773776350600878,0.0
0.05,1.5,0.0,R_5B7Sbr53fSq1D3z,inference_affirm,dailydilemmas,4,4,0.5,-0.6934639971088424,0.25,-0.7105532829046255,-0.01708928579578306,-0.25
0.05,1.5,0.0,R_7fTeTaHgGhgcqkN,inference_affirm,dailydilemmas,0,4,0.75,-0.6918140257887567,0.75,-0.5818013639915559,0.11001266179720082,0.0
0.05,1.5,0.0,R_7fTeTaHgGhgcqkN,inference_affirm,dailydilemmas,1,4,0.75,-0.6912834457678454,1.0,-0.586589898659674,0.10469354710817136,0.25
0.05,1.5,0.0,R_7fTeTaHgGhgcqkN,inference_affirm,dailydilemmas,2,4,1.0,-0.6919592595083794,1.0,-0.5977100712468845,0.09424918826149498,0.0
0.05,1.5,0.0,R_7fTeTaHgGhgcqkN,inference_affirm,dailydilemmas,3,4,0.5,-0.6923729489017025,0.5,-0.6833385305114537,0.009034418390248877,0.0
0.05,1.5,0.0,R_7fTeTaHgGhgcqkN,inference_affirm,dailydilemmas,4,4,0.75,-0.6914575245591041,0.75,-0.6111171373475639,0.08034038721154024,0.0
0.05,1.5,0.0,R_12tlw5u4cVbNiP1,inference_affirm,dailydilemmas,0,4,0.75,-0.6916294137246326,0.75,-0.5888054575153383,0.1028239562092943,0.0
0.05,1.5,0.0,R_12tlw5u4cVbNiP1,inference_affirm,dailydilemmas,1,4,0.5,-0.6922729032778986,0.5,-0.6307998326548517,0.061473070623046855,0.0
0.05,1.5,0.0,R_12tlw5u4cVbNiP1,inference_affirm,dailydilemmas,2,4,1.0,-0.6913990748711327,1.0,-0.5562484921265467,0.13515058274458602,0.0
0.05,1.5,0.0,R_12tlw5u4cVbNiP1,inference_affirm,dailydilemmas,3,4,0.75,-0.6917636640252386,0.75,-0.5762734792826971,0.11549018474254147,0.0
0.05,1.5,0.0,R_12tlw5u4cVbNiP1,inference_affirm,dailydilemmas,4,4,0.75,-0.6918227014195795,1.0,-0.5997601951125058,0.09206250630707369,0.25
0.05,1.5,0.02,R_5EfMjMbx1z8Kvhl,inference_categories,dailydilemmas,0,4,0.75,-0.6923275991814979,0.75,-0.6502504392134087,0.04207715996808914,0.0
0.05,1.5,0.02,R_5EfMjMbx1z8Kvhl,inference_categories,dailydilemmas,1,4,0.5,-0.692107728588651,0.75,-0.6248160085610167,0.06729172002763428,0.25
0.05,1.5,0.02,R_5EfMjMbx1z8Kvhl,inference_categories,dailydilemmas,2,4,0.5,-0.6930055898490717,0.5,-0.6728708104141299,0.020134779434941796,0.0
0.05,1.5,0.02,R_5EfMjMbx1z8Kvhl,inference_categories,dailydilemmas,3,4,0.75,-0.6921698893625947,1.0,-0.5959810785452273,0.09618881081736741,0.25
0.05,1.5,0.02,R_5EfMjMbx1z8Kvhl,inference_categories,dailydilemmas,4,4,0.5,-0.6916124977152831,0.75,-0.5745662206302724,0.1170462770850107,0.25
0.05,1.5,0.02,R_56aT1YjmRtKACUH,inference_categories,dailydilemmas,0,4,0.75,-0.6928161057074206,0.75,-0.663964566936558,0.02885153877086255,0.0
0.05,1.5,0.02,R_56aT1YjmRtKACUH,inference_categories,dailydilemmas,1,4,0.25,-0.6937101957354634,0.5,-0.7406407467182152,-0.046930550982751784,0.25
0.05,1.5,0.02,R_56aT1YjmRtKACUH,inference_categories,dailydilemmas,2,4,0.75,-0.6924772749383264,0.75,-0.6572262194960368,0.03525105544228968,0.0
0.05,1.5,0.02,R_56aT1YjmRtKACUH,inference_categories,dailydilemmas,3,4,0.75,-0.692553249130433,0.75,-0.6584527163501668,0.03410053278026626,0.0
0.05,1.5,0.02,R_56aT1YjmRtKACUH,inference_categories,dailydilemmas,4,4,0.5,-0.6927715965415814,0.5,-0.6863918511378018,0.006379745403779613,0.0
0.05,1.5,0.02,R_3HS2lsaEfcZSuXu,inference_categories,dailydilemmas,0,4,1.0,-0.6922145708976619,0.75,-0.6042752682108021,0.08793930268685979,-0.25
0.05,1.5,0.02,R_3HS2lsaEfcZSuXu,inference_categories,dailydilemmas,1,4,0.5,-0.6935194048429342,0.5,-0.7615022645928835,-0.06798285974994933,0.0
0.05,1.5,0.02,R_3HS2lsaEfcZSuXu,inference_categories,dailydilemmas,2,4,0.5,-0.6928434999593708,0.5,-0.6985788147605739,-0.005735314801203151,0.0
0.05,1.5,0.02,R_3HS2lsaEfcZSuXu,inference_categories,dailydilemmas,3,4,0.5,-0.6925147737062834,0.75,-0.6189573651936552,0.07355740851262826,0.25
0.05,1.5,0.02,R_3HS2lsaEfcZSuXu,inference_categories,dailydilemmas,4,4,0.75,-0.6922641213528324,0.75,-0.6063057041555352,0.08595841719729724,0.0
0.05,1.5,0.02,R_6HoVfVJSFl7IrlL,inference_categories,dailydilemmas,0,4,0.75,-0.6928992813204569,0.5,-0.6875954957913093,0.005303785529147564,-0.25
0.05,1.5,0.02,R_6HoVfVJSFl7IrlL,inference_categories,dailydilemmas,1,4,0.75,-0.692487035620315,0.75,-0.6026558059647485,0.08983122965556645,0.0
0.05,1.5,0.02,R_6HoVfVJSFl7IrlL,inference_categories,dailydilemmas,2,4,0.25,-0.6934830207785968,0.5,-0.7353722296984928,-0.041889208919896004,0.25
0.05,1.5,0.02,R_6HoVfVJSFl7IrlL,inference_categories,dailydilemmas,3,4,0.75,-0.6924371284265671,1.0,-0.6282016135004318,0.06423551492613533,0.25
0.05,1.5,0.02,R_6HoVfVJSFl7IrlL,inference_categories,dailydilemmas,4,4,0.75,-0.691991702915315,0.75,-0.6067292542832777,0.08526244863203725,0.0
0.05,1.5,0.02,R_5Q5TZ5csoblHSvA,inference_categories,dailydilemmas,0,4,0.5,-0.6932046971065635,0.25,-0.7410797165633567,-0.04787501945679318,-0.25
0.05,1.5,0.02,R_5Q5TZ5csoblHSvA,inference_categories,dailydilemmas,1,4,0.75,-0.6933010362528886,0.5,-0.6863647009246573,0.006936335328231347,-0.25
0.05,1.5,0.02,R_5Q5TZ5csoblHSvA,inference_categories,dailydilemmas,2,4,0.5,-0.6925393726246563,0.75,-0.6673878149514642,0.025151557673192104,0.25
0.05,1.5,0.02,R_5Q5TZ5csoblHSvA,inference_categories,dailydilemmas,3,4,0.25,-0.693672157233209,0.25,-0.7169258238890261,-0.023253666655817185,0.0
0.05,1.5,0.02,R_5Q5TZ5csoblHSvA,inference_categories,dailydilemmas,4,4,0.5,-0.6927479762012052,0.5,-0.6712472919034957,0.02150068429770946,0.0
0.05,1.5,0.02,R_18H831wJaDlPwgg,inference_categories,dailydilemmas,0,4,0.5,-0.6916147042699178,0.5,-0.6614816584471345,0.03013304582278331,0.0
0.05,1.5,0.02,R_18H831wJaDlPwgg,inference_categories,dailydilemmas,1,4,1.0,-0.6899870586634695,1.0,-0.5426236240891701,0.14736343457429946,0.0
0.05,1.5,0.02,R_18H831wJaDlPwgg,inference_categories,dailydilemmas,2,4,0.25,-0.6917238616310285,0.75,-0.587852336940128,0.10387152469090055,0.5
0.05,1.5,0.02,R_18H831wJaDlPwgg,inference_categories,dailydilemmas,3,4,1.0,-0.6891156439819446,1.0,-0.46140526067177784,0.22771038331016674,0.0
0.05,1.5,0.02,R_18H831wJaDlPwgg,inference_categories,dailydilemmas,4,4,0.75,-0.6902118746874193,1.0,-0.5003480315834352,0.18986384310398408,0.25
0.05,1.5,0.02,R_12mMAseFwoOpgqC,inference_categories,dailydilemmas,0,4,0.75,-0.6923560192102111,0.5,-0.6421940392493127,0.05016197996089833,-0.25
0.05,1.5,0.02,R_12mMAseFwoOpgqC,inference_categories,dailydilemmas,1,4,0.5,-0.692708683905009,0.5,-0.6448607253564834,0.04784795854852553,0.0
0.05,1.5,0.02,R_12mMAseFwoOpgqC,inference_categories,dailydilemmas,2,4,0.5,-0.6938594465566419,0.5,-0.727830643820887,-0.033971197264245134,0.0
0.05,1.5,0.02,R_12mMAseFwoOpgqC,inference_categories,dailydilemmas,3,4,0.25,-0.693157141606494,0.5,-0.6876681323559573,0.005489009250536747,0.25
0.05,1.5,0.02,R_12mMAseFwoOpgqC,inference_categories,dailydilemmas,4,4,0.75,-0.6923894076906529,0.5,-0.6355628134371474,0.05682659425350556,-0.25
0.05,1.5,0.02,R_7ojvA7NDI10RoKR,inference_categories,dailydilemmas,0,5,0.6,-0.6920068818772697,0.6,-0.6180121903912299,0.07399469148603977,0.0
0.05,1.5,0.02,R_7ojvA7NDI10RoKR,inference_categories,dailydilemmas,1,5,0.8,-0.6917348847637751,0.8,-0.5885373667915731,0.103197517972202,0.0
0.05,1.5,0.02,R_7ojvA7NDI10RoKR,inference_categories,dailydilemmas,2,5,0.8,-0.6916545545853191,0.8,-0.6151024835941921,0.07655207099112704,0.0
0.05,1.5,0.02,R_7ojvA7NDI10RoKR,inference_categories,dailydilemmas,3,5,1.0,-0.6917046586626592,1.0,-0.5537837483182282,0.137920910344431,0.0
0.05,1.5,0.02,R_5gbXjT8uFYXCo7E,inference_categories,dailydilemmas,0,4,0.25,-0.694026868559669,0.25,-0.7885188979395177,-0.09449202937984869,0.0
0.05,1.5,0.02,R_5gbXjT8uFYXCo7E,inference_categories,dailydilemmas,1,4,0.5,-0.6930937564136729,0.5,-0.7059630866130076,-0.012869330199334672,0.0
0.05,1.5,0.02,R_5gbXjT8uFYXCo7E,inference_categories,dailydilemmas,2,4,0.5,-0.6928904338246693,0.5,-0.6775350610503896,0.015355372774279674,0.0
0.05,1.5,0.02,R_5gbXjT8uFYXCo7E,inference_categories,dailydilemmas,3,4,0.75,-0.6928488703434292,0.75,-0.6629044851687369,0.029944385174692334,0.0
0.05,1.5,0.02,R_5gbXjT8uFYXCo7E,inference_categories,dailydilemmas,4,4,0.75,-0.6923363356652761,0.75,-0.6803505896735246,0.011985745991751506,0.0
0.05,1.5,0.02,R_7f9o7q4AZOoP4ot,inference_categories,dailydilemmas,0,4,0.5,-0.6928590408729023,0.5,-0.6961015318218491,-0.003242490948946797,0.0
0.05,1.5,0.02,R_7f9o7q4AZOoP4ot,inference_categories,dailydilemmas,1,4,0.25,-0.6940582712554482,0.25,-0.762498858303265,-0.06844058704781686,0.0
0.05,1.5,0.02,R_7f9o7q4AZOoP4ot,inference_categories,dailydilemmas,2,4,0.25,-0.6938234561373877,0.0,-0.7340891535909551,-0.04026569745356734,-0.25
0.05,1.5,0.02,R_7f9o7q4AZOoP4ot,inference_categories,dailydilemmas,3,4,0.5,-0.6930868562810306,0.25,-0.7389535226528186,-0.045866666371787934,-0.25
0.05,1.5,0.02,R_7f9o7q4AZOoP4ot,inference_categories,dailydilemmas,4,4,0.25,-0.6937483224132927,0.25,-0.7747446582356453,-0.08099633582235266,0.0
0.05,1.5,0.02,R_1WHYlcDjJDcnUfD,inference_categories,dailydilemmas,0,4,0.25,-0.6936107817399355,0.5,-0.7099694853086377,-0.01635870356870217,0.25
0.05,1.5,0.02,R_1WHYlcDjJDcnUfD,inference_categories,dailydilemmas,1,4,0.75,-0.6927597897553112,0.75,-0.6708957042608067,0.02186408549450447,0.0
0.05,1.5,0.02,R_1WHYlcDjJDcnUfD,inference_categories,dailydilemmas,2,4,0.5,-0.692882790314926,0.75,-0.6845340519866204,0.008348738328305516,0.25
0.05,1.5,0.02,R_1WHYlcDjJDcnUfD,inference_categories,dailydilemmas,3,4,0.5,-0.6933126230141359,0.25,-0.7389015683380447,-0.04558894532390878,-0.25
0.05,1.5,0.02,R_1WHYlcDjJDcnUfD,inference_categories,dailydilemmas,4,4,0.5,-0.6933165620073277,0.5,-0.6997269381399194,-0.006410376132591655,0.0
0.05,1.5,0.02,R_6Q0gBjey6IdfZpf,inference_categories,dailydilemmas,0,4,0.75,-0.6921669564928575,0.75,-0.6097503228882248,0.0824166336046327,0.0
0.05,1.5,0.02,R_6Q0gBjey6IdfZpf,inference_categories,dailydilemmas,1,4,1.0,-0.6919515344248186,1.0,-0.6021377894681896,0.08981374495662897,0.0
0.05,1.5,0.02,R_6Q0gBjey6IdfZpf,inference_categories,dailydilemmas,2,4,0.75,-0.6922742370254034,1.0,-0.6083314095231004,0.08394282750230297,0.25
0.05,1.5,0.02,R_6Q0gBjey6IdfZpf,inference_categories,dailydilemmas,3,4,0.75,-0.6922809472749593,0.75,-0.6349551097154659,0.05732583755949339,0.0
0.05,1.5,0.02,R_6Q0gBjey6IdfZpf,inference_categories,dailydilemmas,4,4,0.5,-0.6923239171830518,0.5,-0.6051398213715918,0.08718409581145992,0.0
0.05,1.5,0.02,R_1wzohnjOPhN82Wd,inference_categories,dailydilemmas,0,4,0.75,-0.6912657817430935,0.75,-0.6184549307956441,0.07281085094744943,0.0
0.05,1.5,0.02,R_1wzohnjOPhN82Wd,inference_categories,dailydilemmas,1,4,0.75,-0.6910091198303364,0.75,-0.6010185441411676,0.0899905756891688,0.0
0.05,1.5,0.02,R_1wzohnjOPhN82Wd,inference_categories,dailydilemmas,2,4,0.75,-0.6916135310151922,0.75,-0.5771561080615686,0.1144574229536236,0.0
0.05,1.5,0.02,R_1wzohnjOPhN82Wd,inference_categories,dailydilemmas,3,4,0.75,-0.6912827721934094,1.0,-0.591319249073265,0.09996352312014434,0.25
0.05,1.5,0.02,R_1wzohnjOPhN82Wd,inference_categories,dailydilemmas,4,4,0.25,-0.6945114868894781,0.25,-0.7677701640808268,-0.07325867719134871,0.0
0.05,1.5,0.02,R_70kbQcqJL4Tkq6B,inference_categories,dailydilemmas,0,4,0.5,-0.693099326816225,0.5,-0.7469711084401458,-0.05387178162392081,0.0
0.05,1.5,0.02,R_70kbQcqJL4Tkq6B,inference_categories,dailydilemmas,1,4,0.5,-0.6935456776381743,0.5,-0.7184655559750343,-0.024919878336859935,0.0
0.05,1.5,0.02,R_70kbQcqJL4Tkq6B,inference_categories,dailydilemmas,2,4,1.0,-0.6903881142268726,1.0,-0.5813033654537886,0.10908474877308405,0.0
0.05,1.5,0.02,R_70kbQcqJL4Tkq6B,inference_categories,dailydilemmas,3,4,0.75,-0.6910186881848221,0.75,-0.628400093173071,0.06261859501175115,0.0
0.05,1.5,0.02,R_70kbQcqJL4Tkq6B,inference_categories,dailydilemmas,4,4,0.75,-0.6910584094419714,0.75,-0.5796231117710272,0.11143529767094418,0.0
0.05,1.5,0.02,R_6rftRMhNP0o6boD,inference_categories,dailydilemmas,0,4,0.25,-0.6927920742765155,0.25,-0.6821408141615477,0.010651260114967753,0.0
0.05,1.5,0.02,R_6rftRMhNP0o6boD,inference_categories,dailydilemmas,1,4,0.5,-0.6924913932327733,0.5,-0.6825747558741563,0.009916637358617031,0.0
0.05,1.5,0.02,R_6rftRMhNP0o6boD,inference_categories,dailydilemmas,2,4,0.75,-0.6930215747126403,0.5,-0.7368577485291403,-0.04383617381650007,-0.25
0.05,1.5,0.02,R_6rftRMhNP0o6boD,inference_categories,dailydilemmas,3,4,0.75,-0.6913539511353748,0.75,-0.6157617331321424,0.07559221800323235,0.0
0.05,1.5,0.02,R_6rftRMhNP0o6boD,inference_categories,dailydilemmas,4,4,1.0,-0.6911317756524363,1.0,-0.6201492212271289,0.07098255442530743,0.0
0.05,1.5,0.02,R_6jv2PrGBJcO4of6,inference_categories,dailydilemmas,0,4,1.0,-0.6913708595536875,1.0,-0.5169922974538579,0.1743785620998296,0.0
0.05,1.5,0.02,R_6jv2PrGBJcO4of6,inference_categories,dailydilemmas,1,4,0.75,-0.6912995160513344,1.0,-0.5868531516732463,0.10444636437808819,0.25
0.05,1.5,0.02,R_6jv2PrGBJcO4of6,inference_categories,dailydilemmas,2,4,0.5,-0.6926591280607736,0.5,-0.6729917534722497,0.019667374588523856,0.0
0.05,1.5,0.02,R_6jv2PrGBJcO4of6,inference_categories,dailydilemmas,3,4,0.75,-0.6920955861097676,0.75,-0.6181788795662594,0.07391670654350824,0.0
0.05,1.5,0.02,R_6jv2PrGBJcO4of6,inference_categories,dailydilemmas,4,4,0.5,-0.6944162521312823,0.5,-0.8186059575253937,-0.12418970539411134,0.0
0.05,1.5,0.02,R_1dHqTtKKq3yQvmX,inference_categories,dailydilemmas,0,4,0.75,-0.6901793664806752,0.75,-0.5482847967757206,0.14189456970495462,0.0
0.05,1.5,0.02,R_1dHqTtKKq3yQvmX,inference_categories,dailydilemmas,1,4,0.5,-0.6905398035230048,0.5,-0.5967672358680907,0.09377256765491415,0.0
0.05,1.5,0.02,R_1dHqTtKKq3yQvmX,inference_categories,dailydilemmas,2,4,0.75,-0.6916850396000928,0.75,-0.5996425447527874,0.09204249484730531,0.0
0.05,1.5,0.02,R_1dHqTtKKq3yQvmX,inference_categories,dailydilemmas,3,4,0.75,-0.6917166981820564,0.75,-0.6408097235157062,0.05090697466635019,0.0
0.05,1.5,0.02,R_1dHqTtKKq3yQvmX,inference_categories,dailydilemmas,4,4,0.75,-0.6905830384527758,0.75,-0.5250125861279421,0.1655704523248337,0.0
0.05,1.5,0.02,R_1P81VK8fH860C4V,inference_categories,dailydilemmas,0,4,1.0,-0.6920433577900249,1.0,-0.6002617793027539,0.09178157848727098,0.0
0.05,1.5,0.02,R_1P81VK8fH860C4V,inference_categories,dailydilemmas,1,4,1.0,-0.6919164570325738,1.0,-0.513431220522207,0.17848523651036674,0.0
0.05,1.5,0.02,R_1P81VK8fH860C4V,inference_categories,dailydilemmas,2,4,0.75,-0.6928577825296892,0.75,-0.605844600982543,0.08701318154714621,0.0
0.05,1.5,0.02,R_1P81VK8fH860C4V,inference_categories,dailydilemmas,3,4,0.25,-0.6932254130917721,0.5,-0.688980068725674,0.004245344366098136,0.25
0.05,1.5,0.02,R_1P81VK8fH860C4V,inference_categories,dailydilemmas,4,4,1.0,-0.6913179800919581,1.0,-0.5192128072229047,0.17210517286905336,0.0
0.05,1.5,0.02,R_7go085j249AymBb,inference_categories,dailydilemmas,0,4,0.5,-0.6920457681275483,0.5,-0.6178578132318997,0.07418795489564856,0.0
0.05,1.5,0.02,R_7go085j249AymBb,inference_categories,dailydilemmas,1,4,0.75,-0.6918687893093179,0.75,-0.5944774713324689,0.09739131797684908,0.0
0.05,1.5,0.02,R_7go085j249AymBb,inference_categories,dailydilemmas,2,4,0.75,-0.6916919699910548,1.0,-0.5724668610297544,0.11922510896130034,0.25
0.05,1.5,0.02,R_7go085j249AymBb,inference_categories,dailydilemmas,3,4,0.75,-0.6921476975615788,0.75,-0.6143032399968321,0.07784445756474667,0.0
0.05,1.5,0.02,R_7go085j249AymBb,inference_categories,dailydilemmas,4,4,0.5,-0.6933859969559947,0.5,-0.7197678063285998,-0.026381809372605147,0.0
0.05,1.5,0.02,R_6xzSCFMWRhzZIRg,inference_categories,dailydilemmas,0,4,0.25,-0.6927821561848767,0.25,-0.6728232873061368,0.019958868878739877,0.0
0.05,1.5,0.02,R_6xzSCFMWRhzZIRg,inference_categories,dailydilemmas,1,4,0.75,-0.6925641341245401,0.75,-0.6480193737865154,0.04454476033802468,0.0
0.05,1.5,0.02,R_6xzSCFMWRhzZIRg,inference_categories,dailydilemmas,2,4,0.75,-0.6928042560852457,0.75,-0.6476457652209471,0.04515849086429857,0.0
0.05,1.5,0.02,R_6xzSCFMWRhzZIRg,inference_categories,dailydilemmas,3,4,1.0,-0.6921312027011314,1.0,-0.5954619127437241,0.09666928995740731,0.0
0.05,1.5,0.02,R_6xzSCFMWRhzZIRg,inference_categories,dailydilemmas,4,4,0.75,-0.6925934243944709,0.75,-0.6594289245890185,0.03316449980545244,0.0
0.05,1.5,0.02,R_5EychZPB1u00qZH,inference_categories,dailydilemmas,0,4,1.0,-0.6915691978027982,0.75,-0.5488451888741864,0.1427240089286118,-0.25
0.05,1.5,0.02,R_5EychZPB1u00qZH,inference_categories,dailydilemmas,1,4,0.5,-0.6922579912654148,0.5,-0.6288852146966303,0.06337277656878448,0.0
0.05,1.5,0.02,R_5EychZPB1u00qZH,inference_categories,dailydilemmas,2,4,1.0,-0.6920351292436367,1.0,-0.5854411243812282,0.10659400486240855,0.0
0.05,1.5,0.02,R_5EychZPB1u00qZH,inference_categories,dailydilemmas,3,4,1.0,-0.6918581079995139,0.75,-0.5561210523235395,0.13573705567597438,-0.25
0.05,1.5,0.02,R_5EychZPB1u00qZH,inference_categories,dailydilemmas,4,4,0.25,-0.693113923592781,0.25,-0.7394363034735948,-0.04632237988081378,0.0
0.05,1.5,0.02,R_59glCvaBnt5WTU6,inference_categories,dailydilemmas,0,4,0.5,-0.6934585289871318,0.5,-0.7076354376525307,-0.01417690866539889,0.0
0.05,1.5,0.02,R_59glCvaBnt5WTU6,inference_categories,dailydilemmas,1,4,0.75,-0.6924249223884483,0.75,-0.6047959416593204,0.08762898072912795,0.0
0.05,1.5,0.02,R_59glCvaBnt5WTU6,inference_categories,dailydilemmas,2,4,0.75,-0.6921256744126439,1.0,-0.5909166633626657,0.10120901104997826,0.25
0.05,1.5,0.02,R_59glCvaBnt5WTU6,inference_categories,dailydilemmas,3,4,0.75,-0.6923140677501498,0.75,-0.6185900629297284,0.07372400482042141,0.0
0.05,1.5,0.02,R_59glCvaBnt5WTU6,inference_categories,dailydilemmas,4,4,0.75,-0.6924660984930848,0.75,-0.6458113185688512,0.046654779924233614,0.0
0.05,1.5,0.02,R_1nBL27EvLs0Bkk4,inference_categories,dailydilemmas,0,4,0.5,-0.6925040934732599,0.5,-0.6298770066526936,0.06262708682056628,0.0
0.05,1.5,0.02,R_1nBL27EvLs0Bkk4,inference_categories,dailydilemmas,1,4,0.25,-0.693942222109138,0.75,-0.7714661961336202,-0.07752397402448219,0.5
0.05,1.5,0.02,R_1nBL27EvLs0Bkk4,inference_categories,dailydilemmas,2,4,0.75,-0.6912821629528922,0.75,-0.5945841313962045,0.09669803155668777,0.0
0.05,1.5,0.02,R_1nBL27EvLs0Bkk4,inference_categories,dailydilemmas,3,4,0.5,-0.6924616239598635,0.75,-0.6517198045090441,0.04074181945081945,0.25
0.05,1.5,0.02,R_1nBL27EvLs0Bkk4,inference_categories,dailydilemmas,4,4,1.0,-0.6911718043804796,1.0,-0.5548687576269667,0.1363030467535129,0.0
0.05,1.5,0.02,R_6FsUQnzEYAQwtwa,inference_categories,dailydilemmas,0,4,0.75,-0.6927384253042169,0.75,-0.6551129035535674,0.03762552175064948,0.0
0.05,1.5,0.02,R_6FsUQnzEYAQwtwa,inference_categories,dailydilemmas,1,4,0.5,-0.6927163458859349,0.5,-0.6838948599112826,0.008821485974652266,0.0
0.05,1.5,0.02,R_6FsUQnzEYAQwtwa,inference_categories,dailydilemmas,2,4,0.5,-0.6932754640605925,0.75,-0.671107041741861,0.022168422318731507,0.25
0.05,1.5,0.02,R_6FsUQnzEYAQwtwa,inference_categories,dailydilemmas,3,4,0.75,-0.6926125292192916,0.75,-0.6862689724065272,0.006343556812764439,0.0
0.05,1.5,0.02,R_6FsUQnzEYAQwtwa,inference_categories,dailydilemmas,4,4,0.75,-0.6926171705827615,0.5,-0.6459202159522188,0.046696954630542686,-0.25
0.05,1.5,0.02,R_5pX1jjp1Yu1RSN7,inference_categories,dailydilemmas,0,4,1.0,-0.6916563926178843,1.0,-0.5739674156318371,0.11768897698604719,0.0
0.05,1.5,0.02,R_5pX1jjp1Yu1RSN7,inference_categories,dailydilemmas,1,4,0.75,-0.6913416045752215,0.75,-0.5733098142976017,0.11803179027761979,0.0
0.05,1.5,0.02,R_5pX1jjp1Yu1RSN7,inference_categories,dailydilemmas,2,4,0.75,-0.6917451406050665,0.75,-0.5741803152764251,0.11756482532864143,0.0
0.05,1.5,0.02,R_5pX1jjp1Yu1RSN7,inference_categories,dailydilemmas,3,4,0.75,-0.6915415809271314,0.75,-0.6096183782310036,0.08192320269612774,0.0
0.05,1.5,0.02,R_5pX1jjp1Yu1RSN7,inference_categories,dailydilemmas,4,4,0.25,-0.6954732529707177,0.25,-0.8573905449657011,-0.1619172919949834,0.0
0.05,1.5,0.02,R_5DY1mtPtJpWz8WC,inference_categories,dailydilemmas,0,5,1.0,-0.6901900358599771,1.0,-0.43779198043347345,0.2523980554265036,0.0
0.05,1.5,0.02,R_5DY1mtPtJpWz8WC,inference_categories,dailydilemmas,1,5,0.6,-0.6912324351004475,0.8,-0.5459597252814211,0.1452727098190264,0.20000000000000007
0.05,1.5,0.02,R_5DY1mtPtJpWz8WC,inference_categories,dailydilemmas,2,5,0.8,-0.691829432035987,0.8,-0.5871370414750041,0.1046923905609829,0.0
0.05,1.5,0.02,R_5DY1mtPtJpWz8WC,inference_categories,dailydilemmas,3,5,0.6,-0.6903303706504949,0.6,-0.5006812263080096,0.18964914434248525,0.0
0.05,1.5,0.02,R_1PN3SGDWOMibPAh,inference_categories,dailydilemmas,0,4,0.75,-0.6919509454770811,1.0,-0.5907865287976597,0.10116441667942144,0.25
0.05,1.5,0.02,R_1PN3SGDWOMibPAh,inference_categories,dailydilemmas,1,4,0.5,-0.693423134032705,0.5,-0.7491528742805055,-0.05572974024780053,0.0
0.05,1.5,0.02,R_1PN3SGDWOMibPAh,inference_categories,dailydilemmas,2,4,0.5,-0.692956189895669,0.75,-0.6585284165487716,0.034427773346897395,0.25
0.05,1.5,0.02,R_1PN3SGDWOMibPAh,inference_categories,dailydilemmas,3,4,0.5,-0.6922843616630568,0.5,-0.6445499421598997,0.047734419503157155,0.0
0.05,1.5,0.02,R_1PN3SGDWOMibPAh,inference_categories,dailydilemmas,4,4,1.0,-0.6918221546867992,1.0,-0.6085422334382163,0.08327992124858286,0.0
0.05,1.5,0.02,R_3SrBXsc2uYrsSZz,inference_categories,dailydilemmas,0,4,0.5,-0.6921819867098238,0.75,-0.6288722742523302,0.06330971245749362,0.25
0.05,1.5,0.02,R_3SrBXsc2uYrsSZz,inference_categories,dailydilemmas,1,4,0.75,-0.6927603848918005,0.5,-0.7059692660930439,-0.013208881201243416,-0.25
0.05,1.5,0.02,R_3SrBXsc2uYrsSZz,inference_categories,dailydilemmas,2,4,0.5,-0.6928712779217644,0.5,-0.7429493068149674,-0.05007802889320301,0.0
0.05,1.5,0.02,R_3SrBXsc2uYrsSZz,inference_categories,dailydilemmas,3,4,0.75,-0.6917737093762071,0.75,-0.5777261348691626,0.1140475745070445,0.0
0.05,1.5,0.02,R_3SrBXsc2uYrsSZz,inference_categories,dailydilemmas,4,4,1.0,-0.691789791299691,1.0,-0.5901668857594087,0.1016229055402823,0.0
0.05,1.5,0.02,R_7rNeEq8TvAxjqdL,inference_categories,dailydilemmas,0,4,0.75,-0.6911846470944386,0.75,-0.5589340025596602,0.13225064453477842,0.0
0.05,1.5,0.02,R_7rNeEq8TvAxjqdL,inference_categories,dailydilemmas,1,4,0.75,-0.69164818192401,0.75,-0.562548234381037,0.12909994754297305,0.0
0.05,1.5,0.02,R_7rNeEq8TvAxjqdL,inference_categories,dailydilemmas,2,4,1.0,-0.6907843678215682,1.0,-0.5212974172140937,0.16948695060747443,0.0
0.05,1.5,0.02,R_7rNeEq8TvAxjqdL,inference_categories,dailydilemmas,3,4,0.75,-0.6922579415528716,0.5,-0.6715612965448882,0.020696645007983405,-0.25
0.05,1.5,0.02,R_7rNeEq8TvAxjqdL,inference_categories,dailydilemmas,4,4,0.75,-0.6916794143622071,0.75,-0.586671907432524,0.10500750692968319,0.0
0.05,1.5,0.02,R_7QAkOtO6FETwKSv,inference_categories,dailydilemmas,0,4,0.5,-0.6935653153634046,0.5,-0.7652889409678418,-0.07172362560443724,0.0
0.05,1.5,0.02,R_7QAkOtO6FETwKSv,inference_categories,dailydilemmas,1,4,0.75,-0.6922413992091314,0.75,-0.6580527111302872,0.03418868807884423,0.0
0.05,1.5,0.02,R_7QAkOtO6FETwKSv,inference_categories,dailydilemmas,2,4,0.5,-0.6929267303893999,0.5,-0.7524632749716147,-0.0595365445822148,0.0
0.05,1.5,0.02,R_7QAkOtO6FETwKSv,inference_categories,dailydilemmas,3,4,1.0,-0.6920532080201354,0.5,-0.7003780236077777,-0.008324815587642309,-0.5
0.05,1.5,0.02,R_7QAkOtO6FETwKSv,inference_categories,dailydilemmas,4,4,0.5,-0.692874388257928,0.5,-0.7114541662130832,-0.018579777955155197,0.0
0.05,1.5,0.02,R_6gCrJV80LvD23XK,choice_only,dailydilemmas,0,4,0.5,-0.693771785100323,0.5,-0.7623043658938501,-0.06853258079352709,0.0
0.05,1.5,0.02,R_6gCrJV80LvD23XK,choice_only,dailydilemmas,1,4,1.0,-0.6920506137011905,1.0,-0.5697211733364957,0.12232944036469473,0.0
0.05,1.5,0.02,R_6gCrJV80LvD23XK,choice_only,dailydilemmas,2,4,0.75,-0.692272194395104,0.75,-0.6406146439800595,0.051657550415044495,0.0
0.05,1.5,0.02,R_6gCrJV80LvD23XK,choice_only,dailydilemmas,3,4,0.25,-0.6935722697383494,0.25,-0.7311366754598347,-0.03756440572148534,0.0
0.05,1.5,0.02,R_6gCrJV80LvD23XK,choice_only,dailydilemmas,4,4,0.5,-0.69288341392352,0.5,-0.6717138202882612,0.021169593635258832,0.0
0.05,1.5,0.02,R_7SrhV7HvgsG1fvA,choice_only,dailydilemmas,0,4,0.5,-0.6919869228690966,0.5,-0.6417624386169318,0.05022448425216475,0.0
0.05,1.5,0.02,R_7SrhV7HvgsG1fvA,choice_only,dailydilemmas,1,4,0.75,-0.6927850648558612,1.0,-0.6622367556811984,0.03054830917466278,0.25
0.05,1.5,0.02,R_7SrhV7HvgsG1fvA,choice_only,dailydilemmas,2,4,0.5,-0.6932548429514276,0.5,-0.7341229189156817,-0.040868075964254125,0.0
0.05,1.5,0.02,R_7SrhV7HvgsG1fvA,choice_only,dailydilemmas,3,4,0.75,-0.6925621208023383,1.0,-0.6488511870437993,0.04371093375853896,0.25
0.05,1.5,0.02,R_7SrhV7HvgsG1fvA,choice_only,dailydilemmas,4,4,0.0,-0.694777709820397,0.0,-0.8150445773756837,-0.1202668675552867,0.0
0.05,1.5,0.02,R_5aLcKnMSH0hrVLH,choice_only,dailydilemmas,0,4,1.0,-0.6923263146045625,1.0,-0.6038746553856295,0.08845165921893305,0.0
0.05,1.5,0.02,R_5aLcKnMSH0hrVLH,choice_only,dailydilemmas,1,4,1.0,-0.691702529524409,0.75,-0.6040561315310526,0.08764639799335638,-0.25
0.05,1.5,0.02,R_5aLcKnMSH0hrVLH,choice_only,dailydilemmas,2,4,0.75,-0.6924378717203983,0.5,-0.636056588269835,0.05638128345056326,-0.25
0.05,1.5,0.02,R_5aLcKnMSH0hrVLH,choice_only,dailydilemmas,3,4,1.0,-0.6922143155928429,1.0,-0.6562703667345263,0.03594394885831653,0.0
0.05,1.5,0.02,R_5aLcKnMSH0hrVLH,choice_only,dailydilemmas,4,4,0.5,-0.6935217086981267,0.5,-0.7644273510255217,-0.07090564232739505,0.0
0.05,1.5,0.02,R_6E6esO9YjIptSgZ,choice_only,dailydilemmas,0,5,0.4,-0.6933243109022651,0.4,-0.7054602416980122,-0.012135930795747152,0.0
0.05,1.5,0.02,R_6E6esO9YjIptSgZ,choice_only,dailydilemmas,1,5,0.4,-0.6935058840958112,0.4,-0.6820935462427143,0.01141233785309681,0.0
0.05,1.5,0.02,R_6E6esO9YjIptSgZ,choice_only,dailydilemmas,2,5,0.4,-0.693025151606699,1.0,-0.6447133923943393,0.04831175921235964,0.6
0.05,1.5,0.02,R_6E6esO9YjIptSgZ,choice_only,dailydilemmas,3,5,0.4,-0.693228696324342,0.4,-0.6870833082646364,0.006145388059705659,0.0
0.05,1.5,0.02,R_1MCxQvFXsgFj9AZ,choice_only,dailydilemmas,0,4,0.0,-0.6941318405634145,0.5,-0.7124398208359541,-0.01830798027253966,0.5
0.05,1.5,0.02,R_1MCxQvFXsgFj9AZ,choice_only,dailydilemmas,1,4,0.75,-0.6930678237544948,0.5,-0.6862570048935281,0.006810818860966683,-0.25
0.05,1.5,0.02,R_1MCxQvFXsgFj9AZ,choice_only,dailydilemmas,2,4,0.25,-0.6935068931572397,0.25,-0.7521454362139278,-0.05863854305668814,0.0
0.05,1.5,0.02,R_1MCxQvFXsgFj9AZ,choice_only,dailydilemmas,3,4,0.25,-0.6936224990050501,0.25,-0.7175711700858988,-0.023948671080848638,0.0
0.05,1.5,0.02,R_1MCxQvFXsgFj9AZ,choice_only,dailydilemmas,4,4,0.75,-0.6930774068097307,0.5,-0.6906203734669647,0.002457033342766035,-0.25
0.05,1.5,0.02,R_3JfmC4gRU1JpbNv,choice_only,dailydilemmas,0,4,0.75,-0.691414093721901,0.75,-0.5835649645602115,0.10784912916168954,0.0
0.05,1.5,0.02,R_3JfmC4gRU1JpbNv,choice_only,dailydilemmas,1,4,1.0,-0.6911231568843574,1.0,-0.5451955575526863,0.1459275993316711,0.0
0.05,1.5,0.02,R_3JfmC4gRU1JpbNv,choice_only,dailydilemmas,2,4,0.5,-0.6937110318112766,0.5,-0.7168610759186562,-0.02315004410737964,0.0
0.05,1.5,0.02,R_3JfmC4gRU1JpbNv,choice_only,dailydilemmas,3,4,0.5,-0.6933484607438867,0.5,-0.6683160778098595,0.02503238293402721,0.0
0.05,1.5,0.02,R_3JfmC4gRU1JpbNv,choice_only,dailydilemmas,4,4,1.0,-0.691460935575063,1.0,-0.5597013328433629,0.13175960273170018,0.0
0.05,1.5,0.02,R_7QGHM1iZnW1jfRx,choice_only,dailydilemmas,0,4,0.5,-0.6933461948959684,0.5,-0.6948283927692911,-0.0014821978733227104,0.0
0.05,1.5,0.02,R_7QGHM1iZnW1jfRx,choice_only,dailydilemmas,1,4,0.5,-0.6933979723363053,0.5,-0.7209386001075477,-0.027540627771242443,0.0
0.05,1.5,0.02,R_7QGHM1iZnW1jfRx,choice_only,dailydilemmas,2,4,0.5,-0.692723397096704,0.25,-0.7037469315006161,-0.011023534403912016,-0.25
0.05,1.5,0.02,R_7QGHM1iZnW1jfRx,choice_only,dailydilemmas,3,4,0.75,-0.693106248193503,0.75,-0.6771035103274408,0.01600273786606221,0.0
0.05,1.5,0.02,R_7QGHM1iZnW1jfRx,choice_only,dailydilemmas,4,4,0.25,-0.6938567634717323,0.25,-0.7315161765973378,-0.0376594131256055,0.0
0.05,1.5,0.02,R_6rBDZvDRiktj92h,choice_only,dailydilemmas,0,4,0.75,-0.6919508583886247,0.5,-0.6576226122615974,0.03432824612702734,-0.25
0.05,1.5,0.02,R_6rBDZvDRiktj92h,choice_only,dailydilemmas,1,4,0.5,-0.6920848654673555,0.5,-0.6340945475415577,0.057990317925797785,0.0
0.05,1.5,0.02,R_6rBDZvDRiktj92h,choice_only,dailydilemmas,2,4,0.75,-0.6926821806338346,0.75,-0.6894457847696365,0.003236395864198105,0.0
0.05,1.5,0.02,R_6rBDZvDRiktj92h,choice_only,dailydilemmas,3,4,0.5,-0.6925047484490472,0.5,-0.6904190397927643,0.002085708656282881,0.0
0.05,1.5,0.02,R_6rBDZvDRiktj92h,choice_only,dailydilemmas,4,4,0.5,-0.6936433799394314,0.5,-0.7484311058612259,-0.05478772592179448,0.0
0.05,1.5,0.02,R_7DZXdu8GHiSZQbw,choice_only,dailydilemmas,0,5,0.8,-0.6915098669160649,0.8,-0.5863664282285799,0.10514343868748499,0.0
0.05,1.5,0.02,R_7DZXdu8GHiSZQbw,choice_only,dailydilemmas,1,5,0.6,-0.690806185488559,0.6,-0.5610037277517576,0.12980245773680144,0.0
0.05,1.5,0.02,R_7DZXdu8GHiSZQbw,choice_only,dailydilemmas,2,5,0.8,-0.6908536245536288,0.8,-0.5441739976727319,0.14667962688089686,0.0
0.05,1.5,0.02,R_7DZXdu8GHiSZQbw,choice_only,dailydilemmas,3,5,0.8,-0.6915137653328134,0.8,-0.6070427638433438,0.08447100148946962,0.0
0.05,1.5,0.02,R_3wNdGb7QZmozWdV,inference_affirm,dailydilemmas,0,4,0.75,-0.6925585495452946,0.5,-0.6762165445921405,0.016342004953154077,-0.25
0.05,1.5,0.02,R_3wNdGb7QZmozWdV,inference_affirm,dailydilemmas,1,4,0.5,-0.692981251064235,0.5,-0.6984608772246783,-0.005479626160443285,0.0
0.05,1.5,0.02,R_3wNdGb7QZmozWdV,inference_affirm,dailydilemmas,2,4,0.25,-0.693020012554981,0.25,-0.7129121682569451,-0.01989215570196412,0.0
0.05,1.5,0.02,R_3wNdGb7QZmozWdV,inference_affirm,dailydilemmas,3,4,1.0,-0.6923061806371242,0.75,-0.6578451157507091,0.034461064886415094,-0.25
0.05,1.5,0.02,R_3wNdGb7QZmozWdV,inference_affirm,dailydilemmas,4,4,0.75,-0.6922461602262034,0.75,-0.6508558840957267,0.041390276130476744,0.0
0.05,1.5,0.02,R_54BDOExpKqNLP7U,choice_only,dailydilemmas,0,5,1.0,-0.690222392201228,1.0,-0.48126444010797814,0.2089579520932499,0.0
0.05,1.5,0.02,R_54BDOExpKqNLP7U,choice_only,dailydilemmas,1,5,0.8,-0.6912457920133276,1.0,-0.5455707397582685,0.14567505225505906,0.19999999999999996
0.05,1.5,0.02,R_54BDOExpKqNLP7U,choice_only,dailydilemmas,2,5,0.6,-0.6923603456842805,0.6,-0.6535029266555555,0.03885741902872497,0.0
0.05,1.5,0.02,R_54BDOExpKqNLP7U,choice_only,dailydilemmas,3,5,0.8,-0.6900271794005838,1.0,-0.45526903526251045,0.23475814413807333,0.19999999999999996
0.05,1.5,0.02,R_7FP7x1oOPEhKFnt,choice_only,dailydilemmas,0,4,1.0,-0.6919280667454282,1.0,-0.56693140574824,0.1249966609971882,0.0
0.05,1.5,0.02,R_7FP7x1oOPEhKFnt,choice_only,dailydilemmas,1,4,0.5,-0.6928210627175507,1.0,-0.6376487734914849,0.055172289226065874,0.5
0.05,1.5,0.02,R_7FP7x1oOPEhKFnt,choice_only,dailydilemmas,2,4,1.0,-0.6925045821357162,0.75,-0.6363857154031342,0.05611886673258204,-0.25
0.05,1.5,0.02,R_7FP7x1oOPEhKFnt,choice_only,dailydilemmas,3,4,0.75,-0.6929586161800017,0.75,-0.6989295939911883,-0.005970977811186606,0.0
0.05,1.5,0.02,R_7FP7x1oOPEhKFnt,choice_only,dailydilemmas,4,4,0.75,-0.6921518574026817,0.5,-0.6311519486558198,0.0609999087468619,-0.25
0.05,1.5,0.02,R_3RlcXTweCHzrYtz,choice_only,dailydilemmas,0,4,0.75,-0.692169622767719,0.75,-0.6155333313118719,0.07663629145584705,0.0
0.05,1.5,0.02,R_3RlcXTweCHzrYtz,choice_only,dailydilemmas,1,4,0.5,-0.6921245155651763,0.5,-0.6342384516509667,0.057886063914209585,0.0
0.05,1.5,0.02,R_3RlcXTweCHzrYtz,choice_only,dailydilemmas,2,4,0.25,-0.6934837659178836,0.5,-0.7216831147169033,-0.02819934879901964,0.25
0.05,1.5,0.02,R_3RlcXTweCHzrYtz,choice_only,dailydilemmas,3,4,0.5,-0.6932357233524356,0.5,-0.7100179709255303,-0.016782247573094766,0.0
0.05,1.5,0.02,R_3RlcXTweCHzrYtz,choice_only,dailydilemmas,4,4,0.75,-0.6924225385240101,0.75,-0.6077533487113486,0.08466918981266158,0.0
0.05,1.5,0.02,R_64MjAxTXtmHjKMx,choice_only,dailydilemmas,0,4,0.5,-0.6926941351033684,0.5,-0.6521466147298527,0.04054752037351572,0.0
0.05,1.5,0.02,R_64MjAxTXtmHjKMx,choice_only,dailydilemmas,1,4,0.25,-0.6940710556215365,0.25,-0.676927110671755,0.017143944949781442,0.0
0.05,1.5,0.02,R_64MjAxTXtmHjKMx,choice_only,dailydilemmas,2,4,0.25,-0.6938039134381895,0.25,-0.792382275499179,-0.09857836206098947,0.0
0.05,1.5,0.02,R_64MjAxTXtmHjKMx,choice_only,dailydilemmas,3,4,0.75,-0.6920861844549647,0.75,-0.5900790089224803,0.1020071755324844,0.0
0.05,1.5,0.02,R_64MjAxTXtmHjKMx,choice_only,dailydilemmas,4,4,1.0,-0.6918386995488164,1.0,-0.5532800152021845,0.13855868434663188,0.0
0.05,1.5,0.02,R_5B7Sbr53fSq1D3z,inference_affirm,dailydilemmas,0,4,1.0,-0.6924009679036246,0.75,-0.6465154733233733,0.04588549458025126,-0.25
0.05,1.5,0.02,R_5B7Sbr53fSq1D3z,inference_affirm,dailydilemmas,1,4,1.0,-0.6914967585051052,0.75,-0.5668250078697132,0.12467175063539193,-0.25
0.05,1.5,0.02,R_5B7Sbr53fSq1D3z,inference_affirm,dailydilemmas,2,4,0.5,-0.6916899171728221,0.5,-0.5973681061362296,0.09432181103659254,0.0
0.05,1.5,0.02,R_5B7Sbr53fSq1D3z,inference_affirm,dailydilemmas,3,4,0.5,-0.6925555829975424,0.5,-0.6432016231051001,0.04935395989244229,0.0
0.05,1.5,0.02,R_5B7Sbr53fSq1D3z,inference_affirm,dailydilemmas,4,4,0.5,-0.6934639971088424,0.25,-0.7109287890477819,-0.01746479193893946,-0.25
0.05,1.5,0.02,R_7fTeTaHgGhgcqkN,inference_affirm,dailydilemmas,0,4,0.75,-0.6918140257887567,0.75,-0.5836440861321965,0.10816993965656019,0.0
0.05,1.5,0.02,R_7fTeTaHgGhgcqkN,inference_affirm,dailydilemmas,1,4,0.75,-0.6912834457678454,1.0,-0.5859441758914632,0.1053392698763822,0.25
0.05,1.5,0.02,R_7fTeTaHgGhgcqkN,inference_affirm,dailydilemmas,2,4,1.0,-0.6919592595083794,1.0,-0.5967945418561007,0.09516471765227874,0.0
0.05,1.5,0.02,R_7fTeTaHgGhgcqkN,inference_affirm,dailydilemmas,3,4,0.5,-0.6923729489017025,0.5,-0.6818027406567039,0.010570208244998658,0.0
0.05,1.5,0.02,R_7fTeTaHgGhgcqkN,inference_affirm,dailydilemmas,4,4,0.75,-0.6914575245591041,0.75,-0.6094940287673181,0.08196349579178608,0.0
0.05,1.5,0.02,R_12tlw5u4cVbNiP1,inference_affirm,dailydilemmas,0,4,0.75,-0.6916294137246326,0.75,-0.5896612952112916,0.10196811851334098,0.0
0.05,1.5,0.02,R_12tlw5u4cVbNiP1,inference_affirm,dailydilemmas,1,4,0.5,-0.6922729032778986,0.5,-0.6314955847853342,0.0607773184925644,0.0
0.05,1.5,0.02,R_12tlw5u4cVbNiP1,inference_affirm,dailydilemmas,2,4,1.0,-0.6913990748711327,1.0,-0.5559709272699616,0.13542814760117117,0.0
0.05,1.5,0.02,R_12tlw5u4cVbNiP1,inference_affirm,dailydilemmas,3,4,0.75,-0.6917636640252386,0.75,-0.5752051888774865,0.11655847514775208,0.0
0.05,1.5,0.02,R_12tlw5u4cVbNiP1,inference_affirm,dailydilemmas,4,4,0.75,-0.6918227014195795,1.0,-0.5993986273931297,0.09242407402644981,0.25
0.05,1.5,0.05,R_5EfMjMbx1z8Kvhl,inference_categories,dailydilemmas,0,4,0.75,-0.6923275991814979,0.75,-0.6547154830008645,0.037612116180633426,0.0
0.05,1.5,0.05,R_5EfMjMbx1z8Kvhl,inference_categories,dailydilemmas,1,4,0.5,-0.692107728588651,0.75,-0.6282438416497794,0.06386388693887157,0.25
0.05,1.5,0.05,R_5EfMjMbx1z8Kvhl,inference_categories,dailydilemmas,2,4,0.5,-0.6930055898490717,0.5,-0.671150042943143,0.021855546905928724,0.0
0.05,1.5,0.05,R_5EfMjMbx1z8Kvhl,inference_categories,dailydilemmas,3,4,0.75,-0.6921698893625947,1.0,-0.5960701038726944,0.09609978548990028,0.25
0.05,1.5,0.05,R_5EfMjMbx1z8Kvhl,inference_categories,dailydilemmas,4,4,0.5,-0.6916124977152831,0.75,-0.5793549830980722,0.1122575146172109,0.25
0.05,1.5,0.05,R_56aT1YjmRtKACUH,inference_categories,dailydilemmas,0,4,0.75,-0.6928161057074206,0.75,-0.6623203069264164,0.03049579878100417,0.0
0.05,1.5,0.05,R_56aT1YjmRtKACUH,inference_categories,dailydilemmas,1,4,0.25,-0.6937101957354634,0.5,-0.7398546565838471,-0.04614446084838364,0.25
0.05,1.5,0.05,R_56aT1YjmRtKACUH,inference_categories,dailydilemmas,2,4,0.75,-0.6924772749383264,0.75,-0.6581425884450521,0.03433468649327431,0.0
0.05,1.5,0.05,R_56aT1YjmRtKACUH,inference_categories,dailydilemmas,3,4,0.75,-0.692553249130433,0.75,-0.6592413808597472,0.033311868270685885,0.0
0.05,1.5,0.05,R_56aT1YjmRtKACUH,inference_categories,dailydilemmas,4,4,0.5,-0.6927715965415814,0.5,-0.6881118100308622,0.004659786510719188,0.0
0.05,1.5,0.05,R_3HS2lsaEfcZSuXu,inference_categories,dailydilemmas,0,4,1.0,-0.6922145708976619,0.75,-0.6065668230266651,0.08564774787099683,-0.25
0.05,1.5,0.05,R_3HS2lsaEfcZSuXu,inference_categories,dailydilemmas,1,4,0.5,-0.6935194048429342,0.5,-0.763229618654338,-0.06971021381140385,0.0
0.05,1.5,0.05,R_3HS2lsaEfcZSuXu,inference_categories,dailydilemmas,2,4,0.5,-0.6928434999593708,0.5,-0.6998736976374462,-0.007030197678075445,0.0
0.05,1.5,0.05,R_3HS2lsaEfcZSuXu,inference_categories,dailydilemmas,3,4,0.5,-0.6925147737062834,0.75,-0.6188186375062958,0.0736961361999876,0.25
0.05,1.5,0.05,R_3HS2lsaEfcZSuXu,inference_categories,dailydilemmas,4,4,0.75,-0.6922641213528324,0.75,-0.6059596469086904,0.08630447444414202,0.0
0.05,1.5,0.05,R_6HoVfVJSFl7IrlL,inference_categories,dailydilemmas,0,4,0.75,-0.6928992813204569,0.5,-0.6867667746285575,0.006132506691899353,-0.25
0.05,1.5,0.05,R_6HoVfVJSFl7IrlL,inference_categories,dailydilemmas,1,4,0.75,-0.692487035620315,0.75,-0.6042085244755185,0.08827851114479646,0.0
0.05,1.5,0.05,R_6HoVfVJSFl7IrlL,inference_categories,dailydilemmas,2,4,0.25,-0.6934830207785968,0.5,-0.7345570321095902,-0.04107401133099342,0.25
0.05,1.5,0.05,R_6HoVfVJSFl7IrlL,inference_categories,dailydilemmas,3,4,0.75,-0.6924371284265671,1.0,-0.6286221524029203,0.06381497602364683,0.25
0.05,1.5,0.05,R_6HoVfVJSFl7IrlL,inference_categories,dailydilemmas,4,4,0.75,-0.691991702915315,0.75,-0.6093245873885692,0.08266711552674577,0.0
0.05,1.5,0.05,R_5Q5TZ5csoblHSvA,inference_categories,dailydilemmas,0,4,0.5,-0.6932046971065635,0.25,-0.7400287366214704,-0.04682403951490688,-0.25
0.05,1.5,0.05,R_5Q5TZ5csoblHSvA,inference_categories,dailydilemmas,1,4,0.75,-0.6933010362528886,0.5,-0.6870288793817567,0.0062721568711319176,-0.25
0.05,1.5,0.05,R_5Q5TZ5csoblHSvA,inference_categories,dailydilemmas,2,4,0.5,-0.6925393726246563,0.75,-0.6708060003505382,0.02173337227411809,0.25
0.05,1.5,0.05,R_5Q5TZ5csoblHSvA,inference_categories,dailydilemmas,3,4,0.25,-0.693672157233209,0.25,-0.7169476506038788,-0.02327549337066981,0.0
0.05,1.5,0.05,R_5Q5TZ5csoblHSvA,inference_categories,dailydilemmas,4,4,0.5,-0.6927479762012052,0.5,-0.6731127442038112,0.01963523199739403,0.0
0.05,1.5,0.05,R_18H831wJaDlPwgg,inference_categories,dailydilemmas,0,4,0.5,-0.6916147042699178,0.5,-0.6638496860326187,0.027765018237299044,0.0
0.05,1.5,0.05,R_18H831wJaDlPwgg,inference_categories,dailydilemmas,1,4,1.0,-0.6899870586634695,1.0,-0.5431373168189619,0.1468497418445076,0.0
0.05,1.5,0.05,R_18H831wJaDlPwgg,inference_categories,dailydilemmas,2,4,0.25,-0.6917238616310285,0.75,-0.5880347958684708,0.10368906576255765,0.5
0.05,1.5,0.05,R_18H831wJaDlPwgg,inference_categories,dailydilemmas,3,4,1.0,-0.6891156439819446,1.0,-0.46556991177727486,0.22354573220466972,0.0
0.05,1.5,0.05,R_18H831wJaDlPwgg,inference_categories,dailydilemmas,4,4,0.75,-0.6902118746874193,1.0,-0.5019629880556874,0.1882488866317319,0.25
0.05,1.5,0.05,R_12mMAseFwoOpgqC,inference_categories,dailydilemmas,0,4,0.75,-0.6923560192102111,0.5,-0.6453372622634725,0.047018756946738516,-0.25
0.05,1.5,0.05,R_12mMAseFwoOpgqC,inference_categories,dailydilemmas,1,4,0.5,-0.692708683905009,0.5,-0.6431302299216782,0.04957845398333072,0.0
0.05,1.5,0.05,R_12mMAseFwoOpgqC,inference_categories,dailydilemmas,2,4,0.5,-0.6938594465566419,0.5,-0.7272617886534014,-0.03340234209675952,0.0
0.05,1.5,0.05,R_12mMAseFwoOpgqC,inference_categories,dailydilemmas,3,4,0.25,-0.693157141606494,0.5,-0.688122166059944,0.005034975546549969,0.25
0.05,1.5,0.05,R_12mMAseFwoOpgqC,inference_categories,dailydilemmas,4,4,0.75,-0.6923894076906529,0.5,-0.6371650687630618,0.055224338927591154,-0.25
0.05,1.5,0.05,R_7ojvA7NDI10RoKR,inference_categories,dailydilemmas,0,5,0.6,-0.6920068818772697,0.6,-0.6171795435605029,0.0748273383167668,0.0
0.05,1.5,0.05,R_7ojvA7NDI10RoKR,inference_categories,dailydilemmas,1,5,0.8,-0.6917348847637751,0.8,-0.5885734985367238,0.10316138622705129,0.0
0.05,1.5,0.05,R_7ojvA7NDI10RoKR,inference_categories,dailydilemmas,2,5,0.8,-0.6916545545853191,0.8,-0.6164719718298866,0.07518258275543255,0.0
0.05,1.5,0.05,R_7ojvA7NDI10RoKR,inference_categories,dailydilemmas,3,5,1.0,-0.6917046586626592,1.0,-0.5584156042415998,0.13328905442105943,0.0
0.05,1.5,0.05,R_5gbXjT8uFYXCo7E,inference_categories,dailydilemmas,0,4,0.25,-0.694026868559669,0.25,-0.7840278302045618,-0.0900009616448928,0.0
0.05,1.5,0.05,R_5gbXjT8uFYXCo7E,inference_categories,dailydilemmas,1,4,0.5,-0.6930937564136729,0.5,-0.7026557612122217,-0.009562004798548851,0.0
0.05,1.5,0.05,R_5gbXjT8uFYXCo7E,inference_categories,dailydilemmas,2,4,0.5,-0.6928904338246693,0.75,-0.6769326588499089,0.015957774974760364,0.25
0.05,1.5,0.05,R_5gbXjT8uFYXCo7E,inference_categories,dailydilemmas,3,4,0.75,-0.6928488703434292,0.75,-0.662265425130668,0.03058344521276124,0.0
0.05,1.5,0.05,R_5gbXjT8uFYXCo7E,inference_categories,dailydilemmas,4,4,0.75,-0.6923363356652761,0.75,-0.676661219608865,0.01567511605641103,0.0
0.05,1.5,0.05,R_7f9o7q4AZOoP4ot,inference_categories,dailydilemmas,0,4,0.5,-0.6928590408729023,0.5,-0.6988634007365379,-0.006004359863635567,0.0
0.05,1.5,0.05,R_7f9o7q4AZOoP4ot,inference_categories,dailydilemmas,1,4,0.25,-0.6940582712554482,0.25,-0.763387415369674,-0.06932914411422586,0.0
0.05,1.5,0.05,R_7f9o7q4AZOoP4ot,inference_categories,dailydilemmas,2,4,0.25,-0.6938234561373877,0.0,-0.7340525344266235,-0.04022907828923583,-0.25
0.05,1.5,0.05,R_7f9o7q4AZOoP4ot,inference_categories,dailydilemmas,3,4,0.5,-0.6930868562810306,0.25,-0.7389985620253052,-0.04591170574427461,-0.25
0.05,1.5,0.05,R_7f9o7q4AZOoP4ot,inference_categories,dailydilemmas,4,4,0.25,-0.6937483224132927,0.25,-0.7780673142863156,-0.08431899187302294,0.0
0.05,1.5,0.05,R_1WHYlcDjJDcnUfD,inference_categories,dailydilemmas,0,4,0.25,-0.6936107817399355,0.5,-0.7096338474295554,-0.016023065689619864,0.25
0.05,1.5,0.05,R_1WHYlcDjJDcnUfD,inference_categories,dailydilemmas,1,4,0.75,-0.6927597897553112,0.75,-0.6727417264732661,0.02001806328204503,0.0
0.05,1.5,0.05,R_1WHYlcDjJDcnUfD,inference_categories,dailydilemmas,2,4,0.5,-0.692882790314926,0.75,-0.6838529356958519,0.009029854619074018,0.25
0.05,1.5,0.05,R_1WHYlcDjJDcnUfD,inference_categories,dailydilemmas,3,4,0.5,-0.6933126230141359,0.25,-0.7400870022694102,-0.04677437925527428,-0.25
0.05,1.5,0.05,R_1WHYlcDjJDcnUfD,inference_categories,dailydilemmas,4,4,0.5,-0.6933165620073277,0.75,-0.6968025189371843,-0.0034859569298565374,0.25
0.05,1.5,0.05,R_6Q0gBjey6IdfZpf,inference_categories,dailydilemmas,0,4,0.75,-0.6921669564928575,0.75,-0.6120539281144538,0.08011302837840373,0.0
0.05,1.5,0.05,R_6Q0gBjey6IdfZpf,inference_categories,dailydilemmas,1,4,1.0,-0.6919515344248186,1.0,-0.601322645893418,0.09062888853140061,0.0
0.05,1.5,0.05,R_6Q0gBjey6IdfZpf,inference_categories,dailydilemmas,2,4,0.75,-0.6922742370254034,1.0,-0.6076534698160287,0.08462076720937461,0.25
0.05,1.5,0.05,R_6Q0gBjey6IdfZpf,inference_categories,dailydilemmas,3,4,0.75,-0.6922809472749593,0.75,-0.6367271091468776,0.05555383812808168,0.0
0.05,1.5,0.05,R_6Q0gBjey6IdfZpf,inference_categories,dailydilemmas,4,4,0.5,-0.6923239171830518,0.75,-0.6046821152986599,0.08764180188439186,0.25
0.05,1.5,0.05,R_1wzohnjOPhN82Wd,inference_categories,dailydilemmas,0,4,0.75,-0.6912657817430935,0.75,-0.6215826610802557,0.06968312066283777,0.0
0.05,1.5,0.05,R_1wzohnjOPhN82Wd,inference_categories,dailydilemmas,1,4,0.75,-0.6910091198303364,0.75,-0.6021736828785909,0.08883543695174556,0.0
0.05,1.5,0.05,R_1wzohnjOPhN82Wd,inference_categories,dailydilemmas,2,4,0.75,-0.6916135310151922,0.75,-0.5736140430349931,0.1179994879801991,0.0
0.05,1.5,0.05,R_1wzohnjOPhN82Wd,inference_categories,dailydilemmas,3,4,0.75,-0.6912827721934094,1.0,-0.5900872366043383,0.10119553558907113,0.25
0.05,1.5,0.05,R_1wzohnjOPhN82Wd,inference_categories,dailydilemmas,4,4,0.25,-0.6945114868894781,0.25,-0.7626113089754999,-0.06809982208602183,0.0
0.05,1.5,0.05,R_70kbQcqJL4Tkq6B,inference_categories,dailydilemmas,0,4,0.5,-0.693099326816225,0.5,-0.745446676055177,-0.05234734923895201,0.0
0.05,1.5,0.05,R_70kbQcqJL4Tkq6B,inference_categories,dailydilemmas,1,4,0.5,-0.6935456776381743,0.5,-0.715427226503954,-0.021881548865779643,0.0
0.05,1.5,0.05,R_70kbQcqJL4Tkq6B,inference_categories,dailydilemmas,2,4,1.0,-0.6903881142268726,1.0,-0.5854834987168139,0.1049046155100587,0.0
0.05,1.5,0.05,R_70kbQcqJL4Tkq6B,inference_categories,dailydilemmas,3,4,0.75,-0.6910186881848221,0.75,-0.628088574470609,0.0629301137142132,0.0
0.05,1.5,0.05,R_70kbQcqJL4Tkq6B,inference_categories,dailydilemmas,4,4,0.75,-0.6910584094419714,0.75,-0.5826883533103033,0.10837005613166806,0.0
0.05,1.5,0.05,R_6rftRMhNP0o6boD,inference_categories,dailydilemmas,0,4,0.25,-0.6927920742765155,0.5,-0.67768247578498,0.01510959849153548,0.25
0.05,1.5,0.05,R_6rftRMhNP0o6boD,inference_categories,dailydilemmas,1,4,0.5,-0.6924913932327733,0.5,-0.6843895417008434,0.008101851531929882,0.0
0.05,1.5,0.05,R_6rftRMhNP0o6boD,inference_categories,dailydilemmas,2,4,0.75,-0.6930215747126403,0.5,-0.7375173071543893,-0.04449573244174909,-0.25
0.05,1.5,0.05,R_6rftRMhNP0o6boD,inference_categories,dailydilemmas,3,4,0.75,-0.6913539511353748,0.75,-0.6177146081680036,0.07363934296737118,0.0
0.05,1.5,0.05,R_6rftRMhNP0o6boD,inference_categories,dailydilemmas,4,4,1.0,-0.6911317756524363,1.0,-0.6226936875668596,0.06843808808557672,0.0
0.05,1.5,0.05,R_6jv2PrGBJcO4of6,inference_categories,dailydilemmas,0,4,1.0,-0.6913708595536875,1.0,-0.5256300188342478,0.16574084071943973,0.0
0.05,1.5,0.05,R_6jv2PrGBJcO4of6,inference_categories,dailydilemmas,1,4,0.75,-0.6912995160513344,1.0,-0.5932518994636521,0.09804761658768235,0.25
0.05,1.5,0.05,R_6jv2PrGBJcO4of6,inference_categories,dailydilemmas,2,4,0.5,-0.6926591280607736,0.5,-0.674992854760252,0.017666273300521618,0.0
0.05,1.5,0.05,R_6jv2PrGBJcO4of6,inference_categories,dailydilemmas,3,4,0.75,-0.6920955861097676,0.75,-0.6212956461406005,0.07079993996916711,0.0
0.05,1.5,0.05,R_6jv2PrGBJcO4of6,inference_categories,dailydilemmas,4,4,0.5,-0.6944162521312823,0.5,-0.8214126641520401,-0.12699641202075773,0.0
0.05,1.5,0.05,R_1dHqTtKKq3yQvmX,inference_categories,dailydilemmas,0,4,0.75,-0.6901793664806752,0.75,-0.5455974324410529,0.14458193403962238,0.0
0.05,1.5,0.05,R_1dHqTtKKq3yQvmX,inference_categories,dailydilemmas,1,4,0.5,-0.6905398035230048,0.5,-0.5900792178679373,0.10046058565506755,0.0
0.05,1.5,0.05,R_1dHqTtKKq3yQvmX,inference_categories,dailydilemmas,2,4,0.75,-0.6916850396000928,0.75,-0.5985362676127413,0.0931487719873515,0.0
0.05,1.5,0.05,R_1dHqTtKKq3yQvmX,inference_categories,dailydilemmas,3,4,0.75,-0.6917166981820564,0.75,-0.6385622678139604,0.05315443036809597,0.0
0.05,1.5,0.05,R_1dHqTtKKq3yQvmX,inference_categories,dailydilemmas,4,4,0.75,-0.6905830384527758,0.75,-0.5261015169606614,0.16448152149211437,0.0
0.05,1.5,0.05,R_1P81VK8fH860C4V,inference_categories,dailydilemmas,0,4,1.0,-0.6920433577900249,1.0,-0.5996853830553435,0.09235797473468144,0.0
0.05,1.5,0.05,R_1P81VK8fH860C4V,inference_categories,dailydilemmas,1,4,1.0,-0.6919164570325738,1.0,-0.5157394134414509,0.17617704359112285,0.0
0.05,1.5,0.05,R_1P81VK8fH860C4V,inference_categories,dailydilemmas,2,4,0.75,-0.6928577825296892,0.75,-0.6024976446439163,0.0903601378857729,0.0
0.05,1.5,0.05,R_1P81VK8fH860C4V,inference_categories,dailydilemmas,3,4,0.25,-0.6932254130917721,0.5,-0.6874887154170326,0.005736697674739499,0.25
0.05,1.5,0.05,R_1P81VK8fH860C4V,inference_categories,dailydilemmas,4,4,1.0,-0.6913179800919581,1.0,-0.5223655233377498,0.16895245675420834,0.0
0.05,1.5,0.05,R_7go085j249AymBb,inference_categories,dailydilemmas,0,4,0.5,-0.6920457681275483,0.5,-0.6182420828341855,0.07380368529336279,0.0
0.05,1.5,0.05,R_7go085j249AymBb,inference_categories,dailydilemmas,1,4,0.75,-0.6918687893093179,0.75,-0.5920292278468184,0.0998395614624995,0.0
0.05,1.5,0.05,R_7go085j249AymBb,inference_categories,dailydilemmas,2,4,0.75,-0.6916919699910548,1.0,-0.5713991607843851,0.12029280920666963,0.25
0.05,1.5,0.05,R_7go085j249AymBb,inference_categories,dailydilemmas,3,4,0.75,-0.6921476975615788,0.75,-0.6114351716773553,0.08071252588422351,0.0
0.05,1.5,0.05,R_7go085j249AymBb,inference_categories,dailydilemmas,4,4,0.5,-0.6933859969559947,0.5,-0.720015313145682,-0.026629316189687335,0.0
0.05,1.5,0.05,R_6xzSCFMWRhzZIRg,inference_categories,dailydilemmas,0,4,0.25,-0.6927821561848767,0.25,-0.6708286258906226,0.021953530294254064,0.0
0.05,1.5,0.05,R_6xzSCFMWRhzZIRg,inference_categories,dailydilemmas,1,4,0.75,-0.6925641341245401,0.75,-0.6449893081095175,0.04757482601502261,0.0
0.05,1.5,0.05,R_6xzSCFMWRhzZIRg,inference_categories,dailydilemmas,2,4,0.75,-0.6928042560852457,0.75,-0.6448806367056007,0.047923619379644955,0.0
0.05,1.5,0.05,R_6xzSCFMWRhzZIRg,inference_categories,dailydilemmas,3,4,1.0,-0.6921312027011314,1.0,-0.6039970776975236,0.08813412500360773,0.0
0.05,1.5,0.05,R_6xzSCFMWRhzZIRg,inference_categories,dailydilemmas,4,4,0.75,-0.6925934243944709,0.75,-0.6569071140951231,0.03568631029934777,0.0
0.05,1.5,0.05,R_5EychZPB1u00qZH,inference_categories,dailydilemmas,0,4,1.0,-0.6915691978027982,0.75,-0.549979071047168,0.1415901267556302,-0.25
0.05,1.5,0.05,R_5EychZPB1u00qZH,inference_categories,dailydilemmas,1,4,0.5,-0.6922579912654148,0.5,-0.6258787490675115,0.06637924219790325,0.0
0.05,1.5,0.05,R_5EychZPB1u00qZH,inference_categories,dailydilemmas,2,4,1.0,-0.6920351292436367,1.0,-0.5860878220644692,0.10594730717916756,0.0
0.05,1.5,0.05,R_5EychZPB1u00qZH,inference_categories,dailydilemmas,3,4,1.0,-0.6918581079995139,0.75,-0.5562634067332062,0.13559470126630768,-0.25
0.05,1.5,0.05,R_5EychZPB1u00qZH,inference_categories,dailydilemmas,4,4,0.25,-0.693113923592781,0.25,-0.7385192907727454,-0.04540536717996435,0.0
0.05,1.5,0.05,R_59glCvaBnt5WTU6,inference_categories,dailydilemmas,0,4,0.5,-0.6934585289871318,0.5,-0.7085742506136106,-0.015115721626478784,0.0
0.05,1.5,0.05,R_59glCvaBnt5WTU6,inference_categories,dailydilemmas,1,4,0.75,-0.6924249223884483,0.75,-0.6043473625705584,0.0880775598178899,0.0
0.05,1.5,0.05,R_59glCvaBnt5WTU6,inference_categories,dailydilemmas,2,4,0.75,-0.6921256744126439,1.0,-0.5918969807789081,0.10022869363373588,0.25
0.05,1.5,0.05,R_59glCvaBnt5WTU6,inference_categories,dailydilemmas,3,4,0.75,-0.6923140677501498,0.75,-0.6178827797742268,0.07443128797592302,0.0
0.05,1.5,0.05,R_59glCvaBnt5WTU6,inference_categories,dailydilemmas,4,4,0.75,-0.6924660984930848,0.75,-0.6468389006673385,0.04562719782574631,0.0
0.05,1.5,0.05,R_1nBL27EvLs0Bkk4,inference_categories,dailydilemmas,0,4,0.5,-0.6925040934732599,0.5,-0.6282743944726253,0.06422969900063458,0.0
0.05,1.5,0.05,R_1nBL27EvLs0Bkk4,inference_categories,dailydilemmas,1,4,0.25,-0.693942222109138,0.75,-0.7716569200818879,-0.07771469797274988,0.5
0.05,1.5,0.05,R_1nBL27EvLs0Bkk4,inference_categories,dailydilemmas,2,4,0.75,-0.6912821629528922,0.75,-0.5974063572973861,0.09387580565550613,0.0
0.05,1.5,0.05,R_1nBL27EvLs0Bkk4,inference_categories,dailydilemmas,3,4,0.5,-0.6924616239598635,0.75,-0.6529502198096623,0.03951140415020127,0.25
0.05,1.5,0.05,R_1nBL27EvLs0Bkk4,inference_categories,dailydilemmas,4,4,1.0,-0.6911718043804796,1.0,-0.5604582999773102,0.13071350440316942,0.0
0.05,1.5,0.05,R_6FsUQnzEYAQwtwa,inference_categories,dailydilemmas,0,4,0.75,-0.6927384253042169,0.75,-0.6574058364206231,0.03533258888359381,0.0
0.05,1.5,0.05,R_6FsUQnzEYAQwtwa,inference_categories,dailydilemmas,1,4,0.5,-0.6927163458859349,0.5,-0.6835037582611607,0.009212587624774171,0.0
0.05,1.5,0.05,R_6FsUQnzEYAQwtwa,inference_categories,dailydilemmas,2,4,0.5,-0.6932754640605925,0.75,-0.6691267858154202,0.024148678245172306,0.25
0.05,1.5,0.05,R_6FsUQnzEYAQwtwa,inference_categories,dailydilemmas,3,4,0.75,-0.6926125292192916,0.75,-0.6918893675081745,0.0007231617111170818,0.0
0.05,1.5,0.05,R_6FsUQnzEYAQwtwa,inference_categories,dailydilemmas,4,4,0.75,-0.6926171705827615,0.5,-0.6473342046274669,0.045282965955294574,-0.25
0.05,1.5,0.05,R_5pX1jjp1Yu1RSN7,inference_categories,dailydilemmas,0,4,1.0,-0.6916563926178843,1.0,-0.573023984830659,0.11863240778722528,0.0
0.05,1.5,0.05,R_5pX1jjp1Yu1RSN7,inference_categories,dailydilemmas,1,4,0.75,-0.6913416045752215,0.75,-0.5735187866804216,0.11782281789479998,0.0
0.05,1.5,0.05,R_5pX1jjp1Yu1RSN7,inference_categories,dailydilemmas,2,4,0.75,-0.6917451406050665,0.75,-0.5728850923411467,0.11886004826391983,0.0
0.05,1.5,0.05,R_5pX1jjp1Yu1RSN7,inference_categories,dailydilemmas,3,4,0.75,-0.6915415809271314,0.75,-0.6126346081280539,0.07890697279907743,0.0
0.05,1.5,0.05,R_5pX1jjp1Yu1RSN7,inference_categories,dailydilemmas,4,4,0.25,-0.6954732529707177,0.25,-0.8580812192427374,-0.16260796627201968,0.0
0.05,1.5,0.05,R_5DY1mtPtJpWz8WC,inference_categories,dailydilemmas,0,5,1.0,-0.6901900358599771,1.0,-0.4381591016662165,0.25203093419376055,0.0
0.05,1.5,0.05,R_5DY1mtPtJpWz8WC,inference_categories,dailydilemmas,1,5,0.6,-0.6912324351004475,0.8,-0.5461842429714452,0.14504819212900233,0.20000000000000007
0.05,1.5,0.05,R_5DY1mtPtJpWz8WC,inference_categories,dailydilemmas,2,5,0.8,-0.691829432035987,0.8,-0.5873246555313283,0.10450477650465873,0.0
0.05,1.5,0.05,R_5DY1mtPtJpWz8WC,inference_categories,dailydilemmas,3,5,0.6,-0.6903303706504949,0.6,-0.5012266754951102,0.1891036951553846,0.0
0.05,1.5,0.05,R_1PN3SGDWOMibPAh,inference_categories,dailydilemmas,0,4,0.75,-0.6919509454770811,1.0,-0.5934916059518001,0.09845933952528108,0.25
0.05,1.5,0.05,R_1PN3SGDWOMibPAh,inference_categories,dailydilemmas,1,4,0.5,-0.693423134032705,0.5,-0.7460168716158231,-0.05259373758311814,0.0
0.05,1.5,0.05,R_1PN3SGDWOMibPAh,inference_categories,dailydilemmas,2,4,0.5,-0.692956189895669,0.75,-0.6561175492757603,0.036838640619908714,0.25
0.05,1.5,0.05,R_1PN3SGDWOMibPAh,inference_categories,dailydilemmas,3,4,0.5,-0.6922843616630568,0.5,-0.6413827224511298,0.05090163921192703,0.0
0.05,1.5,0.05,R_1PN3SGDWOMibPAh,inference_categories,dailydilemmas,4,4,1.0,-0.6918221546867992,1.0,-0.6107929885852009,0.08102916610159827,0.0
0.05,1.5,0.05,R_3SrBXsc2uYrsSZz,inference_categories,dailydilemmas,0,4,0.5,-0.6921819867098238,0.75,-0.6286901916950471,0.06349179501477664,0.25
0.05,1.5,0.05,R_3SrBXsc2uYrsSZz,inference_categories,dailydilemmas,1,4,0.75,-0.6927603848918005,0.5,-0.7048440205149704,-0.012083635623169942,-0.25
0.05,1.5,0.05,R_3SrBXsc2uYrsSZz,inference_categories,dailydilemmas,2,4,0.5,-0.6928712779217644,0.5,-0.7423165229590452,-0.04944524503728076,0.0
0.05,1.5,0.05,R_3SrBXsc2uYrsSZz,inference_categories,dailydilemmas,3,4,0.75,-0.6917737093762071,0.75,-0.5786825287679288,0.11309118060827827,0.0
0.05,1.5,0.05,R_3SrBXsc2uYrsSZz,inference_categories,dailydilemmas,4,4,1.0,-0.691789791299691,1.0,-0.5905795662694115,0.10121022503027943,0.0
0.05,1.5,0.05,R_7rNeEq8TvAxjqdL,inference_categories,dailydilemmas,0,4,0.75,-0.6911846470944386,0.75,-0.5580038032370975,0.13318084385734108,0.0
0.05,1.5,0.05,R_7rNeEq8TvAxjqdL,inference_categories,dailydilemmas,1,4,0.75,-0.69164818192401,0.75,-0.5664163859369857,0.12523179598702427,0.0
0.05,1.5,0.05,R_7rNeEq8TvAxjqdL,inference_categories,dailydilemmas,2,4,1.0,-0.6907843678215682,1.0,-0.5228444093294127,0.16793995849215548,0.0
0.05,1.5,0.05,R_7rNeEq8TvAxjqdL,inference_categories,dailydilemmas,3,4,0.75,-0.6922579415528716,0.5,-0.6716928881725084,0.020565053380363185,-0.25
0.05,1.5,0.05,R_7rNeEq8TvAxjqdL,inference_categories,dailydilemmas,4,4,0.75,-0.6916794143622071,0.75,-0.5855102774069919,0.10616913695521524,0.0
0.05,1.5,0.05,R_7QAkOtO6FETwKSv,inference_categories,dailydilemmas,0,4,0.5,-0.6935653153634046,0.5,-0.7655531338575623,-0.0719878184941577,0.0
0.05,1.5,0.05,R_7QAkOtO6FETwKSv,inference_categories,dailydilemmas,1,4,0.75,-0.6922413992091314,0.75,-0.6581444380400647,0.034096961169066686,0.0
0.05,1.5,0.05,R_7QAkOtO6FETwKSv,inference_categories,dailydilemmas,2,4,0.5,-0.6929267303893999,0.5,-0.7538954782544598,-0.0609687478650599,0.0
0.05,1.5,0.05,R_7QAkOtO6FETwKSv,inference_categories,dailydilemmas,3,4,1.0,-0.6920532080201354,0.5,-0.7022162457035245,-0.010163037683389109,-0.5
0.05,1.5,0.05,R_7QAkOtO6FETwKSv,inference_categories,dailydilemmas,4,4,0.5,-0.692874388257928,0.5,-0.7104396248122947,-0.017565236554366703,0.0
0.05,1.5,0.05,R_6gCrJV80LvD23XK,choice_only,dailydilemmas,0,4,0.5,-0.693771785100323,0.5,-0.7623043658938501,-0.06853258079352709,0.0
0.05,1.5,0.05,R_6gCrJV80LvD23XK,choice_only,dailydilemmas,1,4,1.0,-0.6920506137011905,1.0,-0.5697211733364957,0.12232944036469473,0.0
0.05,1.5,0.05,R_6gCrJV80LvD23XK,choice_only,dailydilemmas,2,4,0.75,-0.692272194395104,0.75,-0.6406146439800595,0.051657550415044495,0.0
0.05,1.5,0.05,R_6gCrJV80LvD23XK,choice_only,dailydilemmas,3,4,0.25,-0.6935722697383494,0.25,-0.7311366754598347,-0.03756440572148534,0.0
0.05,1.5,0.05,R_6gCrJV80LvD23XK,choice_only,dailydilemmas,4,4,0.5,-0.69288341392352,0.5,-0.6717138202882612,0.021169593635258832,0.0
0.05,1.5,0.05,R_7SrhV7HvgsG1fvA,choice_only,dailydilemmas,0,4,0.5,-0.6919869228690966,0.5,-0.6417624386169318,0.05022448425216475,0.0
0.05,1.5,0.05,R_7SrhV7HvgsG1fvA,choice_only,dailydilemmas,1,4,0.75,-0.6927850648558612,1.0,-0.6622367556811984,0.03054830917466278,0.25
0.05,1.5,0.05,R_7SrhV7HvgsG1fvA,choice_only,dailydilemmas,2,4,0.5,-0.6932548429514276,0.5,-0.7341229189156817,-0.040868075964254125,0.0
0.05,1.5,0.05,R_7SrhV7HvgsG1fvA,choice_only,dailydilemmas,3,4,0.75,-0.6925621208023383,1.0,-0.6488511870437993,0.04371093375853896,0.25
0.05,1.5,0.05,R_7SrhV7HvgsG1fvA,choice_only,dailydilemmas,4,4,0.0,-0.694777709820397,0.0,-0.8150445773756837,-0.1202668675552867,0.0
0.05,1.5,0.05,R_5aLcKnMSH0hrVLH,choice_only,dailydilemmas,0,4,1.0,-0.6923263146045625,1.0,-0.6038746553856295,0.08845165921893305,0.0
0.05,1.5,0.05,R_5aLcKnMSH0hrVLH,choice_only,dailydilemmas,1,4,1.0,-0.691702529524409,0.75,-0.6040561315310526,0.08764639799335638,-0.25
0.05,1.5,0.05,R_5aLcKnMSH0hrVLH,choice_only,dailydilemmas,2,4,0.75,-0.6924378717203983,0.5,-0.636056588269835,0.05638128345056326,-0.25
0.05,1.5,0.05,R_5aLcKnMSH0hrVLH,choice_only,dailydilemmas,3,4,1.0,-0.6922143155928429,1.0,-0.6562703667345263,0.03594394885831653,0.0
0.05,1.5,0.05,R_5aLcKnMSH0hrVLH,choice_only,dailydilemmas,4,4,0.5,-0.6935217086981267,0.5,-0.7644273510255217,-0.07090564232739505,0.0
0.05,1.5,0.05,R_6E6esO9YjIptSgZ,choice_only,dailydilemmas,0,5,0.4,-0.6933243109022651,0.4,-0.7054602416980122,-0.012135930795747152,0.0
0.05,1.5,0.05,R_6E6esO9YjIptSgZ,choice_only,dailydilemmas,1,5,0.4,-0.6935058840958112,0.4,-0.6820935462427143,0.01141233785309681,0.0
0.05,1.5,0.05,R_6E6esO9YjIptSgZ,choice_only,dailydilemmas,2,5,0.4,-0.693025151606699,1.0,-0.6447133923943393,0.04831175921235964,0.6
0.05,1.5,0.05,R_6E6esO9YjIptSgZ,choice_only,dailydilemmas,3,5,0.4,-0.693228696324342,0.4,-0.6870833082646364,0.006145388059705659,0.0
0.05,1.5,0.05,R_1MCxQvFXsgFj9AZ,choice_only,dailydilemmas,0,4,0.0,-0.6941318405634145,0.5,-0.7124398208359541,-0.01830798027253966,0.5
0.05,1.5,0.05,R_1MCxQvFXsgFj9AZ,choice_only,dailydilemmas,1,4,0.75,-0.6930678237544948,0.5,-0.6862570048935281,0.006810818860966683,-0.25
0.05,1.5,0.05,R_1MCxQvFXsgFj9AZ,choice_only,dailydilemmas,2,4,0.25,-0.6935068931572397,0.25,-0.7521454362139278,-0.05863854305668814,0.0
0.05,1.5,0.05,R_1MCxQvFXsgFj9AZ,choice_only,dailydilemmas,3,4,0.25,-0.6936224990050501,0.25,-0.7175711700858988,-0.023948671080848638,0.0
0.05,1.5,0.05,R_1MCxQvFXsgFj9AZ,choice_only,dailydilemmas,4,4,0.75,-0.6930774068097307,0.5,-0.6906203734669647,0.002457033342766035,-0.25
0.05,1.5,0.05,R_3JfmC4gRU1JpbNv,choice_only,dailydilemmas,0,4,0.75,-0.691414093721901,0.75,-0.5835649645602115,0.10784912916168954,0.0
0.05,1.5,0.05,R_3JfmC4gRU1JpbNv,choice_only,dailydilemmas,1,4,1.0,-0.6911231568843574,1.0,-0.5451955575526863,0.1459275993316711,0.0
0.05,1.5,0.05,R_3JfmC4gRU1JpbNv,choice_only,dailydilemmas,2,4,0.5,-0.6937110318112766,0.5,-0.7168610759186562,-0.02315004410737964,0.0
0.05,1.5,0.05,R_3JfmC4gRU1JpbNv,choice_only,dailydilemmas,3,4,0.5,-0.6933484607438867,0.5,-0.6683160778098595,0.02503238293402721,0.0
0.05,1.5,0.05,R_3JfmC4gRU1JpbNv,choice_only,dailydilemmas,4,4,1.0,-0.691460935575063,1.0,-0.5597013328433629,0.13175960273170018,0.0
0.05,1.5,0.05,R_7QGHM1iZnW1jfRx,choice_only,dailydilemmas,0,4,0.5,-0.6933461948959684,0.5,-0.6948283927692911,-0.0014821978733227104,0.0
0.05,1.5,0.05,R_7QGHM1iZnW1jfRx,choice_only,dailydilemmas,1,4,0.5,-0.6933979723363053,0.5,-0.7209386001075477,-0.027540627771242443,0.0
0.05,1.5,0.05,R_7QGHM1iZnW1jfRx,choice_only,dailydilemmas,2,4,0.5,-0.692723397096704,0.25,-0.7037469315006161,-0.011023534403912016,-0.25
0.05,1.5,0.05,R_7QGHM1iZnW1jfRx,choice_only,dailydilemmas,3,4,0.75,-0.693106248193503,0.75,-0.6771035103274408,0.01600273786606221,0.0
0.05,1.5,0.05,R_7QGHM1iZnW1jfRx,choice_only,dailydilemmas,4,4,0.25,-0.6938567634717323,0.25,-0.7315161765973378,-0.0376594131256055,0.0
0.05,1.5,0.05,R_6rBDZvDRiktj92h,choice_only,dailydilemmas,0,4,0.75,-0.6919508583886247,0.5,-0.6576226122615974,0.03432824612702734,-0.25
0.05,1.5,0.05,R_6rBDZvDRiktj92h,choice_only,dailydilemmas,1,4,0.5,-0.6920848654673555,0.5,-0.6340945475415577,0.057990317925797785,0.0
0.05,1.5,0.05,R_6rBDZvDRiktj92h,choice_only,dailydilemmas,2,4,0.75,-0.6926821806338346,0.75,-0.6894457847696365,0.003236395864198105,0.0
0.05,1.5,0.05,R_6rBDZvDRiktj92h,choice_only,dailydilemmas,3,4,0.5,-0.6925047484490472,0.5,-0.6904190397927643,0.002085708656282881,0.0
0.05,1.5,0.05,R_6rBDZvDRiktj92h,choice_only,dailydilemmas,4,4,0.5,-0.6936433799394314,0.5,-0.7484311058612259,-0.05478772592179448,0.0
0.05,1.5,0.05,R_7DZXdu8GHiSZQbw,choice_only,dailydilemmas,0,5,0.8,-0.6915098669160649,0.8,-0.5863664282285799,0.10514343868748499,0.0
0.05,1.5,0.05,R_7DZXdu8GHiSZQbw,choice_only,dailydilemmas,1,5,0.6,-0.690806185488559,0.6,-0.5610037277517576,0.12980245773680144,0.0
0.05,1.5,0.05,R_7DZXdu8GHiSZQbw,choice_only,dailydilemmas,2,5,0.8,-0.6908536245536288,0.8,-0.5441739976727319,0.14667962688089686,0.0
0.05,1.5,0.05,R_7DZXdu8GHiSZQbw,choice_only,dailydilemmas,3,5,0.8,-0.6915137653328134,0.8,-0.6070427638433438,0.08447100148946962,0.0
0.05,1.5,0.05,R_3wNdGb7QZmozWdV,inference_affirm,dailydilemmas,0,4,0.75,-0.6925585495452946,0.5,-0.6815110470460413,0.011047502499253348,-0.25
0.05,1.5,0.05,R_3wNdGb7QZmozWdV,inference_affirm,dailydilemmas,1,4,0.5,-0.692981251064235,0.5,-0.6977216870908483,-0.004740436026613226,0.0
0.05,1.5,0.05,R_3wNdGb7QZmozWdV,inference_affirm,dailydilemmas,2,4,0.25,-0.693020012554981,0.25,-0.7183136984930424,-0.02529368593806136,0.0
0.05,1.5,0.05,R_3wNdGb7QZmozWdV,inference_affirm,dailydilemmas,3,4,1.0,-0.6923061806371242,0.75,-0.6552035970228816,0.03710258361424268,-0.25
0.05,1.5,0.05,R_3wNdGb7QZmozWdV,inference_affirm,dailydilemmas,4,4,0.75,-0.6922461602262034,0.5,-0.6504732637565848,0.04177289646961868,-0.25
0.05,1.5,0.05,R_54BDOExpKqNLP7U,choice_only,dailydilemmas,0,5,1.0,-0.690222392201228,1.0,-0.48126444010797814,0.2089579520932499,0.0
0.05,1.5,0.05,R_54BDOExpKqNLP7U,choice_only,dailydilemmas,1,5,0.8,-0.6912457920133276,1.0,-0.5455707397582685,0.14567505225505906,0.19999999999999996
0.05,1.5,0.05,R_54BDOExpKqNLP7U,choice_only,dailydilemmas,2,5,0.6,-0.6923603456842805,0.6,-0.6535029266555555,0.03885741902872497,0.0
0.05,1.5,0.05,R_54BDOExpKqNLP7U,choice_only,dailydilemmas,3,5,0.8,-0.6900271794005838,1.0,-0.45526903526251045,0.23475814413807333,0.19999999999999996
0.05,1.5,0.05,R_7FP7x1oOPEhKFnt,choice_only,dailydilemmas,0,4,1.0,-0.6919280667454282,1.0,-0.56693140574824,0.1249966609971882,0.0
0.05,1.5,0.05,R_7FP7x1oOPEhKFnt,choice_only,dailydilemmas,1,4,0.5,-0.6928210627175507,1.0,-0.6376487734914849,0.055172289226065874,0.5
0.05,1.5,0.05,R_7FP7x1oOPEhKFnt,choice_only,dailydilemmas,2,4,1.0,-0.6925045821357162,0.75,-0.6363857154031342,0.05611886673258204,-0.25
0.05,1.5,0.05,R_7FP7x1oOPEhKFnt,choice_only,dailydilemmas,3,4,0.75,-0.6929586161800017,0.75,-0.6989295939911883,-0.005970977811186606,0.0
0.05,1.5,0.05,R_7FP7x1oOPEhKFnt,choice_only,dailydilemmas,4,4,0.75,-0.6921518574026817,0.5,-0.6311519486558198,0.0609999087468619,-0.25
0.05,1.5,0.05,R_3RlcXTweCHzrYtz,choice_only,dailydilemmas,0,4,0.75,-0.692169622767719,0.75,-0.6155333313118719,0.07663629145584705,0.0
0.05,1.5,0.05,R_3RlcXTweCHzrYtz,choice_only,dailydilemmas,1,4,0.5,-0.6921245155651763,0.5,-0.6342384516509667,0.057886063914209585,0.0
0.05,1.5,0.05,R_3RlcXTweCHzrYtz,choice_only,dailydilemmas,2,4,0.25,-0.6934837659178836,0.5,-0.7216831147169033,-0.02819934879901964,0.25
0.05,1.5,0.05,R_3RlcXTweCHzrYtz,choice_only,dailydilemmas,3,4,0.5,-0.6932357233524356,0.5,-0.7100179709255303,-0.016782247573094766,0.0
0.05,1.5,0.05,R_3RlcXTweCHzrYtz,choice_only,dailydilemmas,4,4,0.75,-0.6924225385240101,0.75,-0.6077533487113486,0.08466918981266158,0.0
0.05,1.5,0.05,R_64MjAxTXtmHjKMx,choice_only,dailydilemmas,0,4,0.5,-0.6926941351033684,0.5,-0.6521466147298527,0.04054752037351572,0.0
0.05,1.5,0.05,R_64MjAxTXtmHjKMx,choice_only,dailydilemmas,1,4,0.25,-0.6940710556215365,0.25,-0.676927110671755,0.017143944949781442,0.0
0.05,1.5,0.05,R_64MjAxTXtmHjKMx,choice_only,dailydilemmas,2,4,0.25,-0.6938039134381895,0.25,-0.792382275499179,-0.09857836206098947,0.0
0.05,1.5,0.05,R_64MjAxTXtmHjKMx,choice_only,dailydilemmas,3,4,0.75,-0.6920861844549647,0.75,-0.5900790089224803,0.1020071755324844,0.0
0.05,1.5,0.05,R_64MjAxTXtmHjKMx,choice_only,dailydilemmas,4,4,1.0,-0.6918386995488164,1.0,-0.5532800152021845,0.13855868434663188,0.0
0.05,1.5,0.05,R_5B7Sbr53fSq1D3z,inference_affirm,dailydilemmas,0,4,1.0,-0.6924009679036246,0.75,-0.6486411731661181,0.04375979473750646,-0.25
0.05,1.5,0.05,R_5B7Sbr53fSq1D3z,inference_affirm,dailydilemmas,1,4,1.0,-0.6914967585051052,0.75,-0.5683087709966784,0.12318798750842674,-0.25
0.05,1.5,0.05,R_5B7Sbr53fSq1D3z,inference_affirm,dailydilemmas,2,4,0.5,-0.6916899171728221,0.5,-0.5968263472126302,0.09486356996019196,0.0
0.05,1.5,0.05,R_5B7Sbr53fSq1D3z,inference_affirm,dailydilemmas,3,4,0.5,-0.6925555829975424,0.5,-0.6407782423001146,0.05177734069742779,0.0
0.05,1.5,0.05,R_5B7Sbr53fSq1D3z,inference_affirm,dailydilemmas,4,4,0.5,-0.6934639971088424,0.25,-0.7115330946423517,-0.01806909753350927,-0.25
0.05,1.5,0.05,R_7fTeTaHgGhgcqkN,inference_affirm,dailydilemmas,0,4,0.75,-0.6918140257887567,0.75,-0.5864624505075207,0.10535157528123607,0.0
0.05,1.5,0.05,R_7fTeTaHgGhgcqkN,inference_affirm,dailydilemmas,1,4,0.75,-0.6912834457678454,1.0,-0.5849860365001235,0.10629740926772191,0.25
0.05,1.5,0.05,R_7fTeTaHgGhgcqkN,inference_affirm,dailydilemmas,2,4,1.0,-0.6919592595083794,1.0,-0.5957557617242494,0.09620349778413007,0.0
0.05,1.5,0.05,R_7fTeTaHgGhgcqkN,inference_affirm,dailydilemmas,3,4,0.5,-0.6923729489017025,0.5,-0.6794215592760173,0.012951389625685206,0.0
0.05,1.5,0.05,R_7fTeTaHgGhgcqkN,inference_affirm,dailydilemmas,4,4,0.75,-0.6914575245591041,0.75,-0.6072137999963624,0.08424372456274176,0.0
0.05,1.5,0.05,R_12tlw5u4cVbNiP1,inference_affirm,dailydilemmas,0,4,0.75,-0.6916294137246326,0.75,-0.5911150897311584,0.10051432399347415,0.0
0.05,1.5,0.05,R_12tlw5u4cVbNiP1,inference_affirm,dailydilemmas,1,4,0.5,-0.6922729032778986,0.5,-0.6325827874608445,0.05969011581705408,0.0
0.05,1.5,0.05,R_12tlw5u4cVbNiP1,inference_affirm,dailydilemmas,2,4,1.0,-0.6913990748711327,1.0,-0.5558595695566999,0.13553950531443282,0.0
0.05,1.5,0.05,R_12tlw5u4cVbNiP1,inference_affirm,dailydilemmas,3,4,0.75,-0.6917636640252386,0.75,-0.5738672625624067,0.11789640146283187,0.0
0.05,1.5,0.05,R_12tlw5u4cVbNiP1,inference_affirm,dailydilemmas,4,4,0.75,-0.6918227014195795,1.0,-0.5988414873693921,0.09298121405018733,0.25
0.05,1.5,0.1,R_5EfMjMbx1z8Kvhl,inference_categories,dailydilemmas,0,4,0.75,-0.6923275991814979,0.75,-0.6627792673718809,0.029548331809617023,0.0
0.05,1.5,0.1,R_5EfMjMbx1z8Kvhl,inference_categories,dailydilemmas,1,4,0.5,-0.692107728588651,0.75,-0.6344612030666097,0.0576465255220413,0.25
0.05,1.5,0.1,R_5EfMjMbx1z8Kvhl,inference_categories,dailydilemmas,2,4,0.5,-0.6930055898490717,0.5,-0.668262798541129,0.024742791307942658,0.0
0.05,1.5,0.1,R_5EfMjMbx1z8Kvhl,inference_categories,dailydilemmas,3,4,0.75,-0.6921698893625947,1.0,-0.596897116774211,0.09527277258838374,0.25
0.05,1.5,0.1,R_5EfMjMbx1z8Kvhl,inference_categories,dailydilemmas,4,4,0.5,-0.6916124977152831,0.75,-0.5877456723234352,0.10386682539184788,0.25
0.05,1.5,0.1,R_56aT1YjmRtKACUH,inference_categories,dailydilemmas,0,4,0.75,-0.6928161057074206,0.75,-0.6588742264590652,0.033941879248355344,0.0
0.05,1.5,0.1,R_56aT1YjmRtKACUH,inference_categories,dailydilemmas,1,4,0.25,-0.6937101957354634,0.5,-0.7386382732246213,-0.044928077489157836,0.25
0.05,1.5,0.1,R_56aT1YjmRtKACUH,inference_categories,dailydilemmas,2,4,0.75,-0.6924772749383264,0.75,-0.6603341727438907,0.032143102194435724,0.0
0.05,1.5,0.1,R_56aT1YjmRtKACUH,inference_categories,dailydilemmas,3,4,0.75,-0.692553249130433,0.5,-0.6610916835067868,0.031461565623646215,-0.25
0.05,1.5,0.1,R_56aT1YjmRtKACUH,inference_categories,dailydilemmas,4,4,0.5,-0.6927715965415814,0.5,-0.6904367075308141,0.0023348890107672826,0.0
0.05,1.5,0.1,R_3HS2lsaEfcZSuXu,inference_categories,dailydilemmas,0,4,1.0,-0.6922145708976619,0.75,-0.6098358672646154,0.08237870363304656,-0.25
0.05,1.5,0.1,R_3HS2lsaEfcZSuXu,inference_categories,dailydilemmas,1,4,0.5,-0.6935194048429342,0.5,-0.7660503157970391,-0.07253091095410491,0.0
0.05,1.5,0.1,R_3HS2lsaEfcZSuXu,inference_categories,dailydilemmas,2,4,0.5,-0.6928434999593708,0.5,-0.7017938707345681,-0.008950370775197336,0.0
0.05,1.5,0.1,R_3HS2lsaEfcZSuXu,inference_categories,dailydilemmas,3,4,0.5,-0.6925147737062834,0.75,-0.6184395652426994,0.07407520846358406,0.25
0.05,1.5,0.1,R_3HS2lsaEfcZSuXu,inference_categories,dailydilemmas,4,4,0.75,-0.6922641213528324,0.75,-0.605350807225904,0.08691331412692849,0.0
0.05,1.5,0.1,R_6HoVfVJSFl7IrlL,inference_categories,dailydilemmas,0,4,0.75,-0.6928992813204569,0.5,-0.6853897549688635,0.00750952635159341,-0.25
0.05,1.5,0.1,R_6HoVfVJSFl7IrlL,inference_categories,dailydilemmas,1,4,0.75,-0.692487035620315,0.75,-0.6071872173693981,0.08529981825091693,0.0
0.05,1.5,0.1,R_6HoVfVJSFl7IrlL,inference_categories,dailydilemmas,2,4,0.25,-0.6934830207785968,0.5,-0.7331873943429126,-0.039704373564315776,0.25
0.05,1.5,0.1,R_6HoVfVJSFl7IrlL,inference_categories,dailydilemmas,3,4,0.75,-0.6924371284265671,1.0,-0.6294284197625685,0.06300870866399866,0.25
0.05,1.5,0.1,R_6HoVfVJSFl7IrlL,inference_categories,dailydilemmas,4,4,0.75,-0.691991702915315,0.75,-0.6136893042309126,0.07830239868440236,0.0
0.05,1.5,0.1,R_5Q5TZ5csoblHSvA,inference_categories,dailydilemmas,0,4,0.5,-0.6932046971065635,0.25,-0.7382630581873821,-0.04505836108081862,-0.25
0.05,1.5,0.1,R_5Q5TZ5csoblHSvA,inference_categories,dailydilemmas,1,4,0.75,-0.6933010362528886,0.5,-0.6880697043381914,0.005231331914697268,-0.25
0.05,1.5,0.1,R_5Q5TZ5csoblHSvA,inference_categories,dailydilemmas,2,4,0.5,-0.6925393726246563,0.75,-0.676519460592474,0.016019912032182226,0.25
0.05,1.5,0.1,R_5Q5TZ5csoblHSvA,inference_categories,dailydilemmas,3,4,0.25,-0.693672157233209,0.25,-0.7167045473502534,-0.023032390117044388,0.0
0.05,1.5,0.1,R_5Q5TZ5csoblHSvA,inference_categories,dailydilemmas,4,4,0.5,-0.6927479762012052,0.5,-0.6763163994938108,0.01643157670739437,0.0
0.05,1.5,0.1,R_18H831wJaDlPwgg,inference_categories,dailydilemmas,0,4,0.5,-0.6916147042699178,0.5,-0.667771587600422,0.02384311666949579,0.0
0.05,1.5,0.1,R_18H831wJaDlPwgg,inference_categories,dailydilemmas,1,4,1.0,-0.6899870586634695,1.0,-0.5439450400661715,0.14604201859729804,0.0
0.05,1.5,0.1,R_18H831wJaDlPwgg,inference_categories,dailydilemmas,2,4,0.25,-0.6917238616310285,0.75,-0.588370000631422,0.10335386099960653,0.5
0.05,1.5,0.1,R_18H831wJaDlPwgg,inference_categories,dailydilemmas,3,4,1.0,-0.6891156439819446,1.0,-0.472828490082552,0.21628715389939257,0.0
0.05,1.5,0.1,R_18H831wJaDlPwgg,inference_categories,dailydilemmas,4,4,0.75,-0.6902118746874193,1.0,-0.5048580847085233,0.18535378997889596,0.25
0.05,1.5,0.1,R_12mMAseFwoOpgqC,inference_categories,dailydilemmas,0,4,0.75,-0.6923560192102111,0.5,-0.6508214877796501,0.04153453143056096,-0.25
0.05,1.5,0.1,R_12mMAseFwoOpgqC,inference_categories,dailydilemmas,1,4,0.5,-0.692708683905009,0.5,-0.6404218246052946,0.05228685929971433,0.0
0.05,1.5,0.1,R_12mMAseFwoOpgqC,inference_categories,dailydilemmas,2,4,0.5,-0.6938594465566419,0.5,-0.7263488236498514,-0.03248937709320954,0.0
0.05,1.5,0.1,R_12mMAseFwoOpgqC,inference_categories,dailydilemmas,3,4,0.25,-0.693157141606494,0.5,-0.6888499097313623,0.004307231875131712,0.25
0.05,1.5,0.1,R_12mMAseFwoOpgqC,inference_categories,dailydilemmas,4,4,0.75,-0.6923894076906529,0.5,-0.6398122277022917,0.0525771799883612,-0.25
0.05,1.5,0.1,R_7ojvA7NDI10RoKR,inference_categories,dailydilemmas,0,5,0.6,-0.6920068818772697,0.6,-0.6159431525711906,0.07606372930607908,0.0
0.05,1.5,0.1,R_7ojvA7NDI10RoKR,inference_categories,dailydilemmas,1,5,0.8,-0.6917348847637751,0.8,-0.588833677210584,0.1029012075531911,0.0
0.05,1.5,0.1,R_7ojvA7NDI10RoKR,inference_categories,dailydilemmas,2,5,0.8,-0.6916545545853191,0.8,-0.6187833590672518,0.07287119551806731,0.0
0.05,1.5,0.1,R_7ojvA7NDI10RoKR,inference_categories,dailydilemmas,3,5,1.0,-0.6917046586626592,1.0,-0.5663688887148522,0.12533576994780693,0.0
0.05,1.5,0.1,R_5gbXjT8uFYXCo7E,inference_categories,dailydilemmas,0,4,0.25,-0.694026868559669,0.25,-0.7763817505618963,-0.08235488200222729,0.0
0.05,1.5,0.1,R_5gbXjT8uFYXCo7E,inference_categories,dailydilemmas,1,4,0.5,-0.6930937564136729,0.5,-0.6973468691827149,-0.004253112769042056,0.0
0.05,1.5,0.1,R_5gbXjT8uFYXCo7E,inference_categories,dailydilemmas,2,4,0.5,-0.6928904338246693,0.75,-0.6753384887972529,0.017551945027416416,0.25
0.05,1.5,0.1,R_5gbXjT8uFYXCo7E,inference_categories,dailydilemmas,3,4,0.75,-0.6928488703434292,0.75,-0.6616230644398567,0.03122580590357249,0.0
0.05,1.5,0.1,R_5gbXjT8uFYXCo7E,inference_categories,dailydilemmas,4,4,0.75,-0.6923363356652761,0.75,-0.6704615918249864,0.021874743840289645,0.0
0.05,1.5,0.1,R_7f9o7q4AZOoP4ot,inference_categories,dailydilemmas,0,4,0.5,-0.6928590408729023,0.5,-0.7034313616874639,-0.010572320814561609,0.0
0.05,1.5,0.1,R_7f9o7q4AZOoP4ot,inference_categories,dailydilemmas,1,4,0.25,-0.6940582712554482,0.25,-0.764746712255846,-0.07068844100039784,0.0
0.05,1.5,0.1,R_7f9o7q4AZOoP4ot,inference_categories,dailydilemmas,2,4,0.25,-0.6938234561373877,0.0,-0.7339450941664737,-0.04012163802908597,-0.25
0.05,1.5,0.1,R_7f9o7q4AZOoP4ot,inference_categories,dailydilemmas,3,4,0.5,-0.6930868562810306,0.25,-0.7388912649428088,-0.04580440866177815,-0.25
0.05,1.5,0.1,R_7f9o7q4AZOoP4ot,inference_categories,dailydilemmas,4,4,0.25,-0.6937483224132927,0.25,-0.7827549818312242,-0.08900665941793151,0.0
0.05,1.5,0.1,R_1WHYlcDjJDcnUfD,inference_categories,dailydilemmas,0,4,0.25,-0.6936107817399355,0.5,-0.7091609781059954,-0.01555019636605992,0.25
0.05,1.5,0.1,R_1WHYlcDjJDcnUfD,inference_categories,dailydilemmas,1,4,0.75,-0.6927597897553112,0.75,-0.6757928388124407,0.016966950942870485,0.0
0.05,1.5,0.1,R_1WHYlcDjJDcnUfD,inference_categories,dailydilemmas,2,4,0.5,-0.692882790314926,0.75,-0.682685187732117,0.010197602582808996,0.25
0.05,1.5,0.1,R_1WHYlcDjJDcnUfD,inference_categories,dailydilemmas,3,4,0.5,-0.6933126230141359,0.25,-0.7417726873342316,-0.04846006432009575,-0.25
0.05,1.5,0.1,R_1WHYlcDjJDcnUfD,inference_categories,dailydilemmas,4,4,0.5,-0.6933165620073277,0.75,-0.6918620959809836,0.0014544660263441367,0.25
0.05,1.5,0.1,R_6Q0gBjey6IdfZpf,inference_categories,dailydilemmas,0,4,0.75,-0.6921669564928575,0.75,-0.6161731777106105,0.075993778782247,0.0
0.05,1.5,0.1,R_6Q0gBjey6IdfZpf,inference_categories,dailydilemmas,1,4,1.0,-0.6919515344248186,1.0,-0.600263903066153,0.09168763135866564,0.0
0.05,1.5,0.1,R_6Q0gBjey6IdfZpf,inference_categories,dailydilemmas,2,4,0.75,-0.6922742370254034,0.75,-0.6066335685907704,0.08564066843463292,0.0
0.05,1.5,0.1,R_6Q0gBjey6IdfZpf,inference_categories,dailydilemmas,3,4,0.75,-0.6922809472749593,0.75,-0.6399149311710819,0.052366016103877366,0.0
0.05,1.5,0.1,R_6Q0gBjey6IdfZpf,inference_categories,dailydilemmas,4,4,0.5,-0.6923239171830518,0.75,-0.6040063341855086,0.08831758299754311,0.25
0.05,1.5,0.1,R_1wzohnjOPhN82Wd,inference_categories,dailydilemmas,0,4,0.75,-0.6912657817430935,0.75,-0.6266823960788137,0.06458338566427979,0.0
0.05,1.5,0.1,R_1wzohnjOPhN82Wd,inference_categories,dailydilemmas,1,4,0.75,-0.6910091198303364,0.75,-0.6041918550153422,0.08681726481499419,0.0
0.05,1.5,0.1,R_1wzohnjOPhN82Wd,inference_categories,dailydilemmas,2,4,0.75,-0.6916135310151922,0.75,-0.5684110488183112,0.12320248219688101,0.0
0.05,1.5,0.1,R_1wzohnjOPhN82Wd,inference_categories,dailydilemmas,3,4,0.75,-0.6912827721934094,1.0,-0.5885829878542589,0.1026997843391505,0.25
0.05,1.5,0.1,R_1wzohnjOPhN82Wd,inference_categories,dailydilemmas,4,4,0.25,-0.6945114868894781,0.25,-0.7542547266043917,-0.05974323971491369,0.0
0.05,1.5,0.1,R_70kbQcqJL4Tkq6B,inference_categories,dailydilemmas,0,4,0.5,-0.693099326816225,0.5,-0.742910868295181,-0.049811541478956056,0.0
0.05,1.5,0.1,R_70kbQcqJL4Tkq6B,inference_categories,dailydilemmas,1,4,0.5,-0.6935456776381743,0.5,-0.709937121223193,-0.01639144358501865,0.0
0.05,1.5,0.1,R_70kbQcqJL4Tkq6B,inference_categories,dailydilemmas,2,4,1.0,-0.6903881142268726,0.75,-0.5925929251325773,0.0977951890942953,-0.25
0.05,1.5,0.1,R_70kbQcqJL4Tkq6B,inference_categories,dailydilemmas,3,4,0.75,-0.6910186881848221,0.75,-0.6275763198378297,0.06344236834699246,0.0
0.05,1.5,0.1,R_70kbQcqJL4Tkq6B,inference_categories,dailydilemmas,4,4,0.75,-0.6910584094419714,0.75,-0.5879769441177203,0.10308146532425111,0.0
0.05,1.5,0.1,R_6rftRMhNP0o6boD,inference_categories,dailydilemmas,0,4,0.25,-0.6927920742765155,0.5,-0.6701308252955379,0.022661248980977544,0.25
0.05,1.5,0.1,R_6rftRMhNP0o6boD,inference_categories,dailydilemmas,1,4,0.5,-0.6924913932327733,0.5,-0.687435278570706,0.005056114662067346,0.0
0.05,1.5,0.1,R_6rftRMhNP0o6boD,inference_categories,dailydilemmas,2,4,0.75,-0.6930215747126403,0.25,-0.7384874790659426,-0.04546590435330233,-0.5
0.05,1.5,0.1,R_6rftRMhNP0o6boD,inference_categories,dailydilemmas,3,4,0.75,-0.6913539511353748,0.75,-0.6210750746170844,0.07027887651829035,0.0
0.05,1.5,0.1,R_6rftRMhNP0o6boD,inference_categories,dailydilemmas,4,4,1.0,-0.6911317756524363,1.0,-0.6270848656966527,0.06404690995578366,0.0
0.05,1.5,0.1,R_6jv2PrGBJcO4of6,inference_categories,dailydilemmas,0,4,1.0,-0.6913708595536875,1.0,-0.5387712448520947,0.15259961470159278,0.0
0.05,1.5,0.1,R_6jv2PrGBJcO4of6,inference_categories,dailydilemmas,1,4,0.75,-0.6912995160513344,1.0,-0.6052220923850651,0.08607742366626936,0.25
0.05,1.5,0.1,R_6jv2PrGBJcO4of6,inference_categories,dailydilemmas,2,4,0.5,-0.6926591280607736,0.5,-0.6792413420131478,0.01341778604762578,0.0
0.05,1.5,0.1,R_6jv2PrGBJcO4of6,inference_categories,dailydilemmas,3,4,0.75,-0.6920955861097676,0.75,-0.6263759332682046,0.065719652841563,0.0
0.05,1.5,0.1,R_6jv2PrGBJcO4of6,inference_categories,dailydilemmas,4,4,0.5,-0.6944162521312823,0.5,-0.8257631168136617,-0.13134686468237933,0.0
0.05,1.5,0.1,R_1dHqTtKKq3yQvmX,inference_categories,dailydilemmas,0,4,0.75,-0.6901793664806752,0.75,-0.5418113821774223,0.14836798430325293,0.0
0.05,1.5,0.1,R_1dHqTtKKq3yQvmX,inference_categories,dailydilemmas,1,4,0.5,-0.6905398035230048,0.5,-0.5795685141915045,0.11097128933150036,0.0
0.05,1.5,0.1,R_1dHqTtKKq3yQvmX,inference_categories,dailydilemmas,2,4,0.75,-0.6916850396000928,0.75,-0.5967576668271974,0.09492737277289531,0.0
0.05,1.5,0.1,R_1dHqTtKKq3yQvmX,inference_categories,dailydilemmas,3,4,0.75,-0.6917166981820564,0.75,-0.6347840167793699,0.05693268140268648,0.0
0.05,1.5,0.1,R_1dHqTtKKq3yQvmX,inference_categories,dailydilemmas,4,4,0.75,-0.6905830384527758,0.75,-0.5278830644481511,0.16269997400462466,0.0
0.05,1.5,0.1,R_1P81VK8fH860C4V,inference_categories,dailydilemmas,0,4,1.0,-0.6920433577900249,1.0,-0.5984971579720038,0.09354619981802115,0.0
0.05,1.5,0.1,R_1P81VK8fH860C4V,inference_categories,dailydilemmas,1,4,1.0,-0.6919164570325738,1.0,-0.5198574878977057,0.17205896913486807,0.0
0.05,1.5,0.1,R_1P81VK8fH860C4V,inference_categories,dailydilemmas,2,4,0.75,-0.6928577825296892,0.75,-0.5970186007846854,0.09583918174500383,0.0
0.05,1.5,0.1,R_1P81VK8fH860C4V,inference_categories,dailydilemmas,3,4,0.25,-0.6932254130917721,0.5,-0.6851452171521812,0.008080195939590862,0.25
0.05,1.5,0.1,R_1P81VK8fH860C4V,inference_categories,dailydilemmas,4,4,1.0,-0.6913179800919581,1.0,-0.5277881675494871,0.163529812542471,0.0
0.05,1.5,0.1,R_7go085j249AymBb,inference_categories,dailydilemmas,0,4,0.5,-0.6920457681275483,0.5,-0.6188573714843645,0.07318839664318377,0.0
0.05,1.5,0.1,R_7go085j249AymBb,inference_categories,dailydilemmas,1,4,0.75,-0.6918687893093179,0.75,-0.5880115947875391,0.10385719452177888,0.0
0.05,1.5,0.1,R_7go085j249AymBb,inference_categories,dailydilemmas,2,4,0.75,-0.6916919699910548,1.0,-0.5698801989349916,0.12181177105606311,0.25
0.05,1.5,0.1,R_7go085j249AymBb,inference_categories,dailydilemmas,3,4,0.75,-0.6921476975615788,0.75,-0.6066999900701842,0.08544770749139463,0.0
0.05,1.5,0.1,R_7go085j249AymBb,inference_categories,dailydilemmas,4,4,0.5,-0.6933859969559947,0.5,-0.7202175361155753,-0.026831539159580586,0.0
0.05,1.5,0.1,R_6xzSCFMWRhzZIRg,inference_categories,dailydilemmas,0,4,0.25,-0.6927821561848767,0.25,-0.6677302123790918,0.025051943805784904,0.0
0.05,1.5,0.1,R_6xzSCFMWRhzZIRg,inference_categories,dailydilemmas,1,4,0.75,-0.6925641341245401,0.75,-0.6398719426807041,0.05269219144383597,0.0
0.05,1.5,0.1,R_6xzSCFMWRhzZIRg,inference_categories,dailydilemmas,2,4,0.75,-0.6928042560852457,0.75,-0.6409185076927644,0.05188574839248128,0.0
0.05,1.5,0.1,R_6xzSCFMWRhzZIRg,inference_categories,dailydilemmas,3,4,1.0,-0.6921312027011314,1.0,-0.6185750901238345,0.07355611257729688,0.0
0.05,1.5,0.1,R_6xzSCFMWRhzZIRg,inference_categories,dailydilemmas,4,4,0.75,-0.6925934243944709,0.75,-0.6529500967181548,0.039643327676316065,0.0
0.05,1.5,0.1,R_5EychZPB1u00qZH,inference_categories,dailydilemmas,0,4,1.0,-0.6915691978027982,0.75,-0.5526213566135725,0.13894784118922576,-0.25
0.05,1.5,0.1,R_5EychZPB1u00qZH,inference_categories,dailydilemmas,1,4,0.5,-0.6922579912654148,0.5,-0.6212966332081327,0.0709613580572821,0.0
0.05,1.5,0.1,R_5EychZPB1u00qZH,inference_categories,dailydilemmas,2,4,1.0,-0.6920351292436367,1.0,-0.587512762955197,0.1045223662884397,0.0
0.05,1.5,0.1,R_5EychZPB1u00qZH,inference_categories,dailydilemmas,3,4,1.0,-0.6918581079995139,1.0,-0.5570769080005676,0.13478119999894622,0.0
0.05,1.5,0.1,R_5EychZPB1u00qZH,inference_categories,dailydilemmas,4,4,0.25,-0.693113923592781,0.25,-0.7367481054349222,-0.043634181842141184,0.0
0.05,1.5,0.1,R_59glCvaBnt5WTU6,inference_categories,dailydilemmas,0,4,0.5,-0.6934585289871318,0.5,-0.7101669821380063,-0.016708453150874547,0.0
0.05,1.5,0.1,R_59glCvaBnt5WTU6,inference_categories,dailydilemmas,1,4,0.75,-0.6924249223884483,0.75,-0.6039420163480919,0.08848290604035647,0.0
0.05,1.5,0.1,R_59glCvaBnt5WTU6,inference_categories,dailydilemmas,2,4,0.75,-0.6921256744126439,1.0,-0.5935046664189416,0.09862100799370233,0.25
0.05,1.5,0.1,R_59glCvaBnt5WTU6,inference_categories,dailydilemmas,3,4,0.75,-0.6923140677501498,0.75,-0.6170526153353775,0.07526145241477233,0.0
0.05,1.5,0.1,R_59glCvaBnt5WTU6,inference_categories,dailydilemmas,4,4,0.75,-0.6924660984930848,0.75,-0.6486947400000862,0.043771358492998624,0.0
0.05,1.5,0.1,R_1nBL27EvLs0Bkk4,inference_categories,dailydilemmas,0,4,0.5,-0.6925040934732599,0.5,-0.6256403520800414,0.06686374139321849,0.0
0.05,1.5,0.1,R_1nBL27EvLs0Bkk4,inference_categories,dailydilemmas,1,4,0.25,-0.693942222109138,0.5,-0.7719216089573717,-0.07797938684823369,0.25
0.05,1.5,0.1,R_1nBL27EvLs0Bkk4,inference_categories,dailydilemmas,2,4,0.75,-0.6912821629528922,0.75,-0.6023037615348962,0.08897840141799607,0.0
0.05,1.5,0.1,R_1nBL27EvLs0Bkk4,inference_categories,dailydilemmas,3,4,0.5,-0.6924616239598635,0.75,-0.6549611778198492,0.037500446140014354,0.25
0.05,1.5,0.1,R_1nBL27EvLs0Bkk4,inference_categories,dailydilemmas,4,4,1.0,-0.6911718043804796,1.0,-0.5699110533197835,0.12126075106069611,0.0
0.05,1.5,0.1,R_6FsUQnzEYAQwtwa,inference_categories,dailydilemmas,0,4,0.75,-0.6927384253042169,1.0,-0.6610088150940555,0.03172961021016141,0.25
0.05,1.5,0.1,R_6FsUQnzEYAQwtwa,inference_categories,dailydilemmas,1,4,0.5,-0.6927163458859349,0.25,-0.6829243242725243,0.00979202161341064,-0.25
0.05,1.5,0.1,R_6FsUQnzEYAQwtwa,inference_categories,dailydilemmas,2,4,0.5,-0.6932754640605925,0.75,-0.665838624669945,0.02743683939064745,0.25
0.05,1.5,0.1,R_6FsUQnzEYAQwtwa,inference_categories,dailydilemmas,3,4,0.75,-0.6926125292192916,0.75,-0.7014149541308333,-0.008802424911541706,0.0
0.05,1.5,0.1,R_6FsUQnzEYAQwtwa,inference_categories,dailydilemmas,4,4,0.75,-0.6926171705827615,0.5,-0.64942533610988,0.04319183447288155,-0.25
0.05,1.5,0.1,R_5pX1jjp1Yu1RSN7,inference_categories,dailydilemmas,0,4,1.0,-0.6916563926178843,1.0,-0.5721080546511514,0.11954833796673281,0.0
0.05,1.5,0.1,R_5pX1jjp1Yu1RSN7,inference_categories,dailydilemmas,1,4,0.75,-0.6913416045752215,0.5,-0.5740325925971539,0.11730901197806765,-0.25
0.05,1.5,0.1,R_5pX1jjp1Yu1RSN7,inference_categories,dailydilemmas,2,4,0.75,-0.6917451406050665,0.75,-0.571052474933281,0.12069266567178549,0.0
0.05,1.5,0.1,R_5pX1jjp1Yu1RSN7,inference_categories,dailydilemmas,3,4,0.75,-0.6915415809271314,0.75,-0.617976756470649,0.07356482445648238,0.0
0.05,1.5,0.1,R_5pX1jjp1Yu1RSN7,inference_categories,dailydilemmas,4,4,0.25,-0.6954732529707177,0.25,-0.8586225166359215,-0.16314926366520377,0.0
0.05,1.5,0.1,R_5DY1mtPtJpWz8WC,inference_categories,dailydilemmas,0,5,1.0,-0.6901900358599771,1.0,-0.4391685369663653,0.25102149889361175,0.0
0.05,1.5,0.1,R_5DY1mtPtJpWz8WC,inference_categories,dailydilemmas,1,5,0.6,-0.6912324351004475,0.8,-0.5468036262153159,0.14442880888513165,0.20000000000000007
0.05,1.5,0.1,R_5DY1mtPtJpWz8WC,inference_categories,dailydilemmas,2,5,0.8,-0.691829432035987,0.8,-0.587841307033272,0.10398812500271504,0.0
0.05,1.5,0.1,R_5DY1mtPtJpWz8WC,inference_categories,dailydilemmas,3,5,0.6,-0.6903303706504949,0.6,-0.502548334416845,0.18778203623364986,0.0
0.05,1.5,0.1,R_1PN3SGDWOMibPAh,inference_categories,dailydilemmas,0,4,0.75,-0.6919509454770811,1.0,-0.5980003592734598,0.09395058620362129,0.25
0.05,1.5,0.1,R_1PN3SGDWOMibPAh,inference_categories,dailydilemmas,1,4,0.5,-0.693423134032705,0.75,-0.7406943075074894,-0.04727117347478449,0.25
0.05,1.5,0.1,R_1PN3SGDWOMibPAh,inference_categories,dailydilemmas,2,4,0.5,-0.692956189895669,0.75,-0.652277509526397,0.040678680369272024,0.25
0.05,1.5,0.1,R_1PN3SGDWOMibPAh,inference_categories,dailydilemmas,3,4,0.5,-0.6922843616630568,0.5,-0.6360736149280797,0.05621074673497717,0.0
0.05,1.5,0.1,R_1PN3SGDWOMibPAh,inference_categories,dailydilemmas,4,4,1.0,-0.6918221546867992,1.0,-0.614467259755896,0.0773548949309032,0.0
0.05,1.5,0.1,R_3SrBXsc2uYrsSZz,inference_categories,dailydilemmas,0,4,0.5,-0.6921819867098238,0.75,-0.6286331529311844,0.0635488337786394,0.25
0.05,1.5,0.1,R_3SrBXsc2uYrsSZz,inference_categories,dailydilemmas,1,4,0.75,-0.6927603848918005,0.5,-0.7030314903292667,-0.010271105437466233,-0.25
0.05,1.5,0.1,R_3SrBXsc2uYrsSZz,inference_categories,dailydilemmas,2,4,0.5,-0.6928712779217644,0.5,-0.7409299866318753,-0.048058708710110865,0.0
0.05,1.5,0.1,R_3SrBXsc2uYrsSZz,inference_categories,dailydilemmas,3,4,0.75,-0.6917737093762071,0.75,-0.5802415692147662,0.11153214016144086,0.0
0.05,1.5,0.1,R_3SrBXsc2uYrsSZz,inference_categories,dailydilemmas,4,4,1.0,-0.691789791299691,1.0,-0.5918980147211137,0.09989177657857728,0.0
0.05,1.5,0.1,R_7rNeEq8TvAxjqdL,inference_categories,dailydilemmas,0,4,0.75,-0.6911846470944386,0.75,-0.5563631638634029,0.1348214832310357,0.0
0.05,1.5,0.1,R_7rNeEq8TvAxjqdL,inference_categories,dailydilemmas,1,4,0.75,-0.69164818192401,0.75,-0.5731790870714973,0.11846909485251267,0.0
0.05,1.5,0.1,R_7rNeEq8TvAxjqdL,inference_categories,dailydilemmas,2,4,1.0,-0.6907843678215682,1.0,-0.5253701990214303,0.16541416880013782,0.0
0.05,1.5,0.1,R_7rNeEq8TvAxjqdL,inference_categories,dailydilemmas,3,4,0.75,-0.6922579415528716,0.5,-0.6720385881105806,0.020219353442290977,-0.25
0.05,1.5,0.1,R_7rNeEq8TvAxjqdL,inference_categories,dailydilemmas,4,4,0.75,-0.6916794143622071,0.75,-0.5837422201212116,0.10793719424099557,0.0
0.05,1.5,0.1,R_7QAkOtO6FETwKSv,inference_categories,dailydilemmas,0,4,0.5,-0.6935653153634046,0.5,-0.7661712618145247,-0.07260594645112006,0.0
0.05,1.5,0.1,R_7QAkOtO6FETwKSv,inference_categories,dailydilemmas,1,4,0.75,-0.6922413992091314,0.75,-0.6581233472435801,0.03411805196555129,0.0
0.05,1.5,0.1,R_7QAkOtO6FETwKSv,inference_categories,dailydilemmas,2,4,0.5,-0.6929267303893999,0.5,-0.7560882809353255,-0.06316155054592565,0.0
0.05,1.5,0.1,R_7QAkOtO6FETwKSv,inference_categories,dailydilemmas,3,4,1.0,-0.6920532080201354,0.25,-0.7044213127452617,-0.012368104725126283,-0.75
0.05,1.5,0.1,R_7QAkOtO6FETwKSv,inference_categories,dailydilemmas,4,4,0.5,-0.692874388257928,0.5,-0.7086574195099364,-0.015783031252008417,0.0
0.05,1.5,0.1,R_6gCrJV80LvD23XK,choice_only,dailydilemmas,0,4,0.5,-0.693771785100323,0.5,-0.7623043658938501,-0.06853258079352709,0.0
0.05,1.5,0.1,R_6gCrJV80LvD23XK,choice_only,dailydilemmas,1,4,1.0,-0.6920506137011905,1.0,-0.5697211733364957,0.12232944036469473,0.0
0.05,1.5,0.1,R_6gCrJV80LvD23XK,choice_only,dailydilemmas,2,4,0.75,-0.692272194395104,0.75,-0.6406146439800595,0.051657550415044495,0.0
0.05,1.5,0.1,R_6gCrJV80LvD23XK,choice_only,dailydilemmas,3,4,0.25,-0.6935722697383494,0.25,-0.7311366754598347,-0.03756440572148534,0.0
0.05,1.5,0.1,R_6gCrJV80LvD23XK,choice_only,dailydilemmas,4,4,0.5,-0.69288341392352,0.5,-0.6717138202882612,0.021169593635258832,0.0
0.05,1.5,0.1,R_7SrhV7HvgsG1fvA,choice_only,dailydilemmas,0,4,0.5,-0.6919869228690966,0.5,-0.6417624386169318,0.05022448425216475,0.0
0.05,1.5,0.1,R_7SrhV7HvgsG1fvA,choice_only,dailydilemmas,1,4,0.75,-0.6927850648558612,1.0,-0.6622367556811984,0.03054830917466278,0.25
0.05,1.5,0.1,R_7SrhV7HvgsG1fvA,choice_only,dailydilemmas,2,4,0.5,-0.6932548429514276,0.5,-0.7341229189156817,-0.040868075964254125,0.0
0.05,1.5,0.1,R_7SrhV7HvgsG1fvA,choice_only,dailydilemmas,3,4,0.75,-0.6925621208023383,1.0,-0.6488511870437993,0.04371093375853896,0.25
0.05,1.5,0.1,R_7SrhV7HvgsG1fvA,choice_only,dailydilemmas,4,4,0.0,-0.694777709820397,0.0,-0.8150445773756837,-0.1202668675552867,0.0
0.05,1.5,0.1,R_5aLcKnMSH0hrVLH,choice_only,dailydilemmas,0,4,1.0,-0.6923263146045625,1.0,-0.6038746553856295,0.08845165921893305,0.0
0.05,1.5,0.1,R_5aLcKnMSH0hrVLH,choice_only,dailydilemmas,1,4,1.0,-0.691702529524409,0.75,-0.6040561315310526,0.08764639799335638,-0.25
0.05,1.5,0.1,R_5aLcKnMSH0hrVLH,choice_only,dailydilemmas,2,4,0.75,-0.6924378717203983,0.5,-0.636056588269835,0.05638128345056326,-0.25
0.05,1.5,0.1,R_5aLcKnMSH0hrVLH,choice_only,dailydilemmas,3,4,1.0,-0.6922143155928429,1.0,-0.6562703667345263,0.03594394885831653,0.0
0.05,1.5,0.1,R_5aLcKnMSH0hrVLH,choice_only,dailydilemmas,4,4,0.5,-0.6935217086981267,0.5,-0.7644273510255217,-0.07090564232739505,0.0
0.05,1.5,0.1,R_6E6esO9YjIptSgZ,choice_only,dailydilemmas,0,5,0.4,-0.6933243109022651,0.4,-0.7054602416980122,-0.012135930795747152,0.0
0.05,1.5,0.1,R_6E6esO9YjIptSgZ,choice_only,dailydilemmas,1,5,0.4,-0.6935058840958112,0.4,-0.6820935462427143,0.01141233785309681,0.0
0.05,1.5,0.1,R_6E6esO9YjIptSgZ,choice_only,dailydilemmas,2,5,0.4,-0.693025151606699,1.0,-0.6447133923943393,0.04831175921235964,0.6
0.05,1.5,0.1,R_6E6esO9YjIptSgZ,choice_only,dailydilemmas,3,5,0.4,-0.693228696324342,0.4,-0.6870833082646364,0.006145388059705659,0.0
0.05,1.5,0.1,R_1MCxQvFXsgFj9AZ,choice_only,dailydilemmas,0,4,0.0,-0.6941318405634145,0.5,-0.7124398208359541,-0.01830798027253966,0.5
0.05,1.5,0.1,R_1MCxQvFXsgFj9AZ,choice_only,dailydilemmas,1,4,0.75,-0.6930678237544948,0.5,-0.6862570048935281,0.006810818860966683,-0.25
0.05,1.5,0.1,R_1MCxQvFXsgFj9AZ,choice_only,dailydilemmas,2,4,0.25,-0.6935068931572397,0.25,-0.7521454362139278,-0.05863854305668814,0.0
0.05,1.5,0.1,R_1MCxQvFXsgFj9AZ,choice_only,dailydilemmas,3,4,0.25,-0.6936224990050501,0.25,-0.7175711700858988,-0.023948671080848638,0.0
0.05,1.5,0.1,R_1MCxQvFXsgFj9AZ,choice_only,dailydilemmas,4,4,0.75,-0.6930774068097307,0.5,-0.6906203734669647,0.002457033342766035,-0.25
0.05,1.5,0.1,R_3JfmC4gRU1JpbNv,choice_only,dailydilemmas,0,4,0.75,-0.691414093721901,0.75,-0.5835649645602115,0.10784912916168954,0.0
0.05,1.5,0.1,R_3JfmC4gRU1JpbNv,choice_only,dailydilemmas,1,4,1.0,-0.6911231568843574,1.0,-0.5451955575526863,0.1459275993316711,0.0
0.05,1.5,0.1,R_3JfmC4gRU1JpbNv,choice_only,dailydilemmas,2,4,0.5,-0.6937110318112766,0.5,-0.7168610759186562,-0.02315004410737964,0.0
0.05,1.5,0.1,R_3JfmC4gRU1JpbNv,choice_only,dailydilemmas,3,4,0.5,-0.6933484607438867,0.5,-0.6683160778098595,0.02503238293402721,0.0
0.05,1.5,0.1,R_3JfmC4gRU1JpbNv,choice_only,dailydilemmas,4,4,1.0,-0.691460935575063,1.0,-0.5597013328433629,0.13175960273170018,0.0
0.05,1.5,0.1,R_7QGHM1iZnW1jfRx,choice_only,dailydilemmas,0,4,0.5,-0.6933461948959684,0.5,-0.6948283927692911,-0.0014821978733227104,0.0
0.05,1.5,0.1,R_7QGHM1iZnW1jfRx,choice_only,dailydilemmas,1,4,0.5,-0.6933979723363053,0.5,-0.7209386001075477,-0.027540627771242443,0.0
0.05,1.5,0.1,R_7QGHM1iZnW1jfRx,choice_only,dailydilemmas,2,4,0.5,-0.692723397096704,0.25,-0.7037469315006161,-0.011023534403912016,-0.25
0.05,1.5,0.1,R_7QGHM1iZnW1jfRx,choice_only,dailydilemmas,3,4,0.75,-0.693106248193503,0.75,-0.6771035103274408,0.01600273786606221,0.0
0.05,1.5,0.1,R_7QGHM1iZnW1jfRx,choice_only,dailydilemmas,4,4,0.25,-0.6938567634717323,0.25,-0.7315161765973378,-0.0376594131256055,0.0
0.05,1.5,0.1,R_6rBDZvDRiktj92h,choice_only,dailydilemmas,0,4,0.75,-0.6919508583886247,0.5,-0.6576226122615974,0.03432824612702734,-0.25
0.05,1.5,0.1,R_6rBDZvDRiktj92h,choice_only,dailydilemmas,1,4,0.5,-0.6920848654673555,0.5,-0.6340945475415577,0.057990317925797785,0.0
0.05,1.5,0.1,R_6rBDZvDRiktj92h,choice_only,dailydilemmas,2,4,0.75,-0.6926821806338346,0.75,-0.6894457847696365,0.003236395864198105,0.0
0.05,1.5,0.1,R_6rBDZvDRiktj92h,choice_only,dailydilemmas,3,4,0.5,-0.6925047484490472,0.5,-0.6904190397927643,0.002085708656282881,0.0
0.05,1.5,0.1,R_6rBDZvDRiktj92h,choice_only,dailydilemmas,4,4,0.5,-0.6936433799394314,0.5,-0.7484311058612259,-0.05478772592179448,0.0
0.05,1.5,0.1,R_7DZXdu8GHiSZQbw,choice_only,dailydilemmas,0,5,0.8,-0.6915098669160649,0.8,-0.5863664282285799,0.10514343868748499,0.0
0.05,1.5,0.1,R_7DZXdu8GHiSZQbw,choice_only,dailydilemmas,1,5,0.6,-0.690806185488559,0.6,-0.5610037277517576,0.12980245773680144,0.0
0.05,1.5,0.1,R_7DZXdu8GHiSZQbw,choice_only,dailydilemmas,2,5,0.8,-0.6908536245536288,0.8,-0.5441739976727319,0.14667962688089686,0.0
0.05,1.5,0.1,R_7DZXdu8GHiSZQbw,choice_only,dailydilemmas,3,5,0.8,-0.6915137653328134,0.8,-0.6070427638433438,0.08447100148946962,0.0
0.05,1.5,0.1,R_3wNdGb7QZmozWdV,inference_affirm,dailydilemmas,0,4,0.75,-0.6925585495452946,0.5,-0.6903002485389083,0.002258301006386354,-0.25
0.05,1.5,0.1,R_3wNdGb7QZmozWdV,inference_affirm,dailydilemmas,1,4,0.5,-0.692981251064235,0.5,-0.6964231799180691,-0.0034419288538340975,0.0
0.05,1.5,0.1,R_3wNdGb7QZmozWdV,inference_affirm,dailydilemmas,2,4,0.25,-0.693020012554981,0.25,-0.7277609268630355,-0.03474091430805448,0.0
0.05,1.5,0.1,R_3wNdGb7QZmozWdV,inference_affirm,dailydilemmas,3,4,1.0,-0.6923061806371242,0.75,-0.6523749338232205,0.0399312468139037,-0.25
0.05,1.5,0.1,R_3wNdGb7QZmozWdV,inference_affirm,dailydilemmas,4,4,0.75,-0.6922461602262034,0.5,-0.6507669045083626,0.041479255717840835,-0.25
0.05,1.5,0.1,R_54BDOExpKqNLP7U,choice_only,dailydilemmas,0,5,1.0,-0.690222392201228,1.0,-0.48126444010797814,0.2089579520932499,0.0
0.05,1.5,0.1,R_54BDOExpKqNLP7U,choice_only,dailydilemmas,1,5,0.8,-0.6912457920133276,1.0,-0.5455707397582685,0.14567505225505906,0.19999999999999996
0.05,1.5,0.1,R_54BDOExpKqNLP7U,choice_only,dailydilemmas,2,5,0.6,-0.6923603456842805,0.6,-0.6535029266555555,0.03885741902872497,0.0
0.05,1.5,0.1,R_54BDOExpKqNLP7U,choice_only,dailydilemmas,3,5,0.8,-0.6900271794005838,1.0,-0.45526903526251045,0.23475814413807333,0.19999999999999996
0.05,1.5,0.1,R_7FP7x1oOPEhKFnt,choice_only,dailydilemmas,0,4,1.0,-0.6919280667454282,1.0,-0.56693140574824,0.1249966609971882,0.0
0.05,1.5,0.1,R_7FP7x1oOPEhKFnt,choice_only,dailydilemmas,1,4,0.5,-0.6928210627175507,1.0,-0.6376487734914849,0.055172289226065874,0.5
0.05,1.5,0.1,R_7FP7x1oOPEhKFnt,choice_only,dailydilemmas,2,4,1.0,-0.6925045821357162,0.75,-0.6363857154031342,0.05611886673258204,-0.25
0.05,1.5,0.1,R_7FP7x1oOPEhKFnt,choice_only,dailydilemmas,3,4,0.75,-0.6929586161800017,0.75,-0.6989295939911883,-0.005970977811186606,0.0
0.05,1.5,0.1,R_7FP7x1oOPEhKFnt,choice_only,dailydilemmas,4,4,0.75,-0.6921518574026817,0.5,-0.6311519486558198,0.0609999087468619,-0.25
0.05,1.5,0.1,R_3RlcXTweCHzrYtz,choice_only,dailydilemmas,0,4,0.75,-0.692169622767719,0.75,-0.6155333313118719,0.07663629145584705,0.0
0.05,1.5,0.1,R_3RlcXTweCHzrYtz,choice_only,dailydilemmas,1,4,0.5,-0.6921245155651763,0.5,-0.6342384516509667,0.057886063914209585,0.0
0.05,1.5,0.1,R_3RlcXTweCHzrYtz,choice_only,dailydilemmas,2,4,0.25,-0.6934837659178836,0.5,-0.7216831147169033,-0.02819934879901964,0.25
0.05,1.5,0.1,R_3RlcXTweCHzrYtz,choice_only,dailydilemmas,3,4,0.5,-0.6932357233524356,0.5,-0.7100179709255303,-0.016782247573094766,0.0
0.05,1.5,0.1,R_3RlcXTweCHzrYtz,choice_only,dailydilemmas,4,4,0.75,-0.6924225385240101,0.75,-0.6077533487113486,0.08466918981266158,0.0
0.05,1.5,0.1,R_64MjAxTXtmHjKMx,choice_only,dailydilemmas,0,4,0.5,-0.6926941351033684,0.5,-0.6521466147298527,0.04054752037351572,0.0
0.05,1.5,0.1,R_64MjAxTXtmHjKMx,choice_only,dailydilemmas,1,4,0.25,-0.6940710556215365,0.25,-0.676927110671755,0.017143944949781442,0.0
0.05,1.5,0.1,R_64MjAxTXtmHjKMx,choice_only,dailydilemmas,2,4,0.25,-0.6938039134381895,0.25,-0.792382275499179,-0.09857836206098947,0.0
0.05,1.5,0.1,R_64MjAxTXtmHjKMx,choice_only,dailydilemmas,3,4,0.75,-0.6920861844549647,0.75,-0.5900790089224803,0.1020071755324844,0.0
0.05,1.5,0.1,R_64MjAxTXtmHjKMx,choice_only,dailydilemmas,4,4,1.0,-0.6918386995488164,1.0,-0.5532800152021845,0.13855868434663188,0.0
0.05,1.5,0.1,R_5B7Sbr53fSq1D3z,inference_affirm,dailydilemmas,0,4,1.0,-0.6924009679036246,0.75,-0.6524091515923794,0.039991816311245154,-0.25
0.05,1.5,0.1,R_5B7Sbr53fSq1D3z,inference_affirm,dailydilemmas,1,4,1.0,-0.6914967585051052,0.75,-0.5714892695222273,0.12000748898287783,-0.25
0.05,1.5,0.1,R_5B7Sbr53fSq1D3z,inference_affirm,dailydilemmas,2,4,0.5,-0.6916899171728221,0.5,-0.5964942212978803,0.09519569587494181,0.0
0.05,1.5,0.1,R_5B7Sbr53fSq1D3z,inference_affirm,dailydilemmas,3,4,0.5,-0.6925555829975424,0.5,-0.6368134489145807,0.05574213408296169,0.0
0.05,1.5,0.1,R_5B7Sbr53fSq1D3z,inference_affirm,dailydilemmas,4,4,0.5,-0.6934639971088424,0.25,-0.7126568792361954,-0.019192882127352928,-0.25
0.05,1.5,0.1,R_7fTeTaHgGhgcqkN,inference_affirm,dailydilemmas,0,4,0.75,-0.6918140257887567,0.75,-0.591193260774783,0.10062076501397377,0.0
0.05,1.5,0.1,R_7fTeTaHgGhgcqkN,inference_affirm,dailydilemmas,1,4,0.75,-0.6912834457678454,1.0,-0.5834359767312057,0.10784746903663966,0.25
0.05,1.5,0.1,R_7fTeTaHgGhgcqkN,inference_affirm,dailydilemmas,2,4,1.0,-0.6919592595083794,1.0,-0.5948933863281116,0.09706587318026783,0.0
0.05,1.5,0.1,R_7fTeTaHgGhgcqkN,inference_affirm,dailydilemmas,3,4,0.5,-0.6923729489017025,0.5,-0.6753289473237859,0.017044001577916634,0.0
0.05,1.5,0.1,R_7fTeTaHgGhgcqkN,inference_affirm,dailydilemmas,4,4,0.75,-0.6914575245591041,0.75,-0.6038967223905624,0.08756080216854178,0.0
0.05,1.5,0.1,R_12tlw5u4cVbNiP1,inference_affirm,dailydilemmas,0,4,0.75,-0.6916294137246326,0.75,-0.5939746570024013,0.09765475672223134,0.0
0.05,1.5,0.1,R_12tlw5u4cVbNiP1,inference_affirm,dailydilemmas,1,4,0.5,-0.6922729032778986,0.5,-0.6345086051890524,0.0577642980888462,0.0
0.05,1.5,0.1,R_12tlw5u4cVbNiP1,inference_affirm,dailydilemmas,2,4,1.0,-0.6913990748711327,1.0,-0.5565168923638741,0.13488218250725859,0.0
0.05,1.5,0.1,R_12tlw5u4cVbNiP1,inference_affirm,dailydilemmas,3,4,0.75,-0.6917636640252386,0.75,-0.5723162422752092,0.11944742175002943,0.0
0.05,1.5,0.1,R_12tlw5u4cVbNiP1,inference_affirm,dailydilemmas,4,4,0.75,-0.6918227014195795,1.0,-0.5978871834023941,0.09393551801718536,0.25
0.05,1.5,0.15,R_5EfMjMbx1z8Kvhl,inference_categories,dailydilemmas,0,4,0.75,-0.6923275991814979,0.5,-0.6712677173050904,0.021059881876407505,-0.25
0.05,1.5,0.15,R_5EfMjMbx1z8Kvhl,inference_categories,dailydilemmas,1,4,0.5,-0.692107728588651,0.75,-0.6408436136409709,0.05126411494768013,0.25
0.05,1.5,0.15,R_5EfMjMbx1z8Kvhl,inference_categories,dailydilemmas,2,4,0.5,-0.6930055898490717,0.5,-0.6655124826533676,0.02749310719570408,0.0
0.05,1.5,0.15,R_5EfMjMbx1z8Kvhl,inference_categories,dailydilemmas,3,4,0.75,-0.6921698893625947,1.0,-0.5985309595372739,0.09363892982532085,0.25
0.05,1.5,0.15,R_5EfMjMbx1z8Kvhl,inference_categories,dailydilemmas,4,4,0.5,-0.6916124977152831,0.75,-0.5963262750243595,0.09528622269092357,0.25
0.05,1.5,0.15,R_56aT1YjmRtKACUH,inference_categories,dailydilemmas,0,4,0.75,-0.6928161057074206,0.75,-0.6547886873158968,0.03802741839152379,0.0
0.05,1.5,0.15,R_56aT1YjmRtKACUH,inference_categories,dailydilemmas,1,4,0.25,-0.6937101957354634,0.5,-0.7375917658817863,-0.04388157014632288,0.25
0.05,1.5,0.15,R_56aT1YjmRtKACUH,inference_categories,dailydilemmas,2,4,0.75,-0.6924772749383264,0.75,-0.6634073308233912,0.029069944114935242,0.0
0.05,1.5,0.15,R_56aT1YjmRtKACUH,inference_categories,dailydilemmas,3,4,0.75,-0.692553249130433,0.5,-0.6634315979899233,0.029121651140509686,-0.25
0.05,1.5,0.15,R_56aT1YjmRtKACUH,inference_categories,dailydilemmas,4,4,0.5,-0.6927715965415814,0.5,-0.6917512720394874,0.0010203245020939944,0.0
0.05,1.5,0.15,R_3HS2lsaEfcZSuXu,inference_categories,dailydilemmas,0,4,1.0,-0.6922145708976619,0.75,-0.6123131435129299,0.07990142738473205,-0.25
0.05,1.5,0.15,R_3HS2lsaEfcZSuXu,inference_categories,dailydilemmas,1,4,0.5,-0.6935194048429342,0.5,-0.7686933811069135,-0.07517397626397937,0.0
0.05,1.5,0.15,R_3HS2lsaEfcZSuXu,inference_categories,dailydilemmas,2,4,0.5,-0.6928434999593708,0.5,-0.7032635169416264,-0.010420016982255587,0.0
0.05,1.5,0.15,R_3HS2lsaEfcZSuXu,inference_categories,dailydilemmas,3,4,0.5,-0.6925147737062834,0.75,-0.6178214927040163,0.07469328100226713,0.25
0.05,1.5,0.15,R_3HS2lsaEfcZSuXu,inference_categories,dailydilemmas,4,4,0.75,-0.6922641213528324,0.75,-0.6045867309819739,0.08767739037085853,0.0
0.05,1.5,0.15,R_6HoVfVJSFl7IrlL,inference_categories,dailydilemmas,0,4,0.75,-0.6928992813204569,0.5,-0.6840505597908574,0.00884872152959948,-0.25
0.05,1.5,0.15,R_6HoVfVJSFl7IrlL,inference_categories,dailydilemmas,1,4,0.75,-0.692487035620315,0.75,-0.6106401365763601,0.08184689904395492,0.0
0.05,1.5,0.15,R_6HoVfVJSFl7IrlL,inference_categories,dailydilemmas,2,4,0.25,-0.6934830207785968,0.5,-0.7318358830655056,-0.03835286228690882,0.25
0.05,1.5,0.15,R_6HoVfVJSFl7IrlL,inference_categories,dailydilemmas,3,4,0.75,-0.6924371284265671,1.0,-0.6303864989302099,0.0620506294963572,0.25
0.05,1.5,0.15,R_6HoVfVJSFl7IrlL,inference_categories,dailydilemmas,4,4,0.75,-0.691991702915315,0.75,-0.6180577807634682,0.0739339221518468,0.0
0.05,1.5,0.15,R_5Q5TZ5csoblHSvA,inference_categories,dailydilemmas,0,4,0.5,-0.6932046971065635,0.25,-0.736488295531093,-0.043283598424529446,-0.25
0.05,1.5,0.15,R_5Q5TZ5csoblHSvA,inference_categories,dailydilemmas,1,4,0.75,-0.6933010362528886,0.5,-0.6890165062596711,0.00428452999321749,-0.25
0.05,1.5,0.15,R_5Q5TZ5csoblHSvA,inference_categories,dailydilemmas,2,4,0.5,-0.6925393726246563,0.75,-0.6821989921203869,0.01034038050426933,0.25
0.05,1.5,0.15,R_5Q5TZ5csoblHSvA,inference_categories,dailydilemmas,3,4,0.25,-0.693672157233209,0.25,-0.716123559865405,-0.022451402632196027,0.0
0.05,1.5,0.15,R_5Q5TZ5csoblHSvA,inference_categories,dailydilemmas,4,4,0.5,-0.6927479762012052,0.5,-0.6796063161326484,0.01314166006855677,0.0
0.05,1.5,0.15,R_18H831wJaDlPwgg,inference_categories,dailydilemmas,0,4,0.5,-0.6916147042699178,0.5,-0.6716426125692283,0.019972091700689476,0.0
0.05,1.5,0.15,R_18H831wJaDlPwgg,inference_categories,dailydilemmas,1,4,1.0,-0.6899870586634695,1.0,-0.5446667841615864,0.14532027450188312,0.0
0.05,1.5,0.15,R_18H831wJaDlPwgg,inference_categories,dailydilemmas,2,4,0.25,-0.6917238616310285,0.75,-0.588748202111017,0.10297565952001153,0.5
0.05,1.5,0.15,R_18H831wJaDlPwgg,inference_categories,dailydilemmas,3,4,1.0,-0.6891156439819446,1.0,-0.4803131015397992,0.20880254244214536,0.0
0.05,1.5,0.15,R_18H831wJaDlPwgg,inference_categories,dailydilemmas,4,4,0.75,-0.6902118746874193,1.0,-0.5079517978132722,0.18226007687414714,0.25
0.05,1.5,0.15,R_12mMAseFwoOpgqC,inference_categories,dailydilemmas,0,4,0.75,-0.6923560192102111,0.5,-0.6565172963688941,0.03583872284131695,-0.25
0.05,1.5,0.15,R_12mMAseFwoOpgqC,inference_categories,dailydilemmas,1,4,0.5,-0.692708683905009,0.5,-0.6379824761752477,0.05472620772976122,0.0
0.05,1.5,0.15,R_12mMAseFwoOpgqC,inference_categories,dailydilemmas,2,4,0.5,-0.6938594465566419,0.25,-0.7255118405603806,-0.03165239400373876,-0.25
0.05,1.5,0.15,R_12mMAseFwoOpgqC,inference_categories,dailydilemmas,3,4,0.25,-0.693157141606494,0.5,-0.6895433041954229,0.00361383741107113,0.25
0.05,1.5,0.15,R_12mMAseFwoOpgqC,inference_categories,dailydilemmas,4,4,0.75,-0.6923894076906529,0.5,-0.6424010676907654,0.0499883399998875,-0.25
0.05,1.5,0.15,R_7ojvA7NDI10RoKR,inference_categories,dailydilemmas,0,5,0.6,-0.6920068818772697,0.6,-0.6149039220815553,0.07710295979571435,0.0
0.05,1.5,0.15,R_7ojvA7NDI10RoKR,inference_categories,dailydilemmas,1,5,0.8,-0.6917348847637751,0.8,-0.5893857170113564,0.10234916775241865,0.0
0.05,1.5,0.15,R_7ojvA7NDI10RoKR,inference_categories,dailydilemmas,2,5,0.8,-0.6916545545853191,0.8,-0.6211047427414755,0.07054981184384357,0.0
0.05,1.5,0.15,R_7ojvA7NDI10RoKR,inference_categories,dailydilemmas,3,5,1.0,-0.6917046586626592,0.8,-0.5743900869130901,0.11731457174956905,-0.19999999999999996
0.05,1.5,0.15,R_5gbXjT8uFYXCo7E,inference_categories,dailydilemmas,0,4,0.25,-0.694026868559669,0.25,-0.7687366267377923,-0.07470975817812331,0.0
0.05,1.5,0.15,R_5gbXjT8uFYXCo7E,inference_categories,dailydilemmas,1,4,0.5,-0.6930937564136729,0.5,-0.6924639926200972,0.0006297637935757106,0.0
0.05,1.5,0.15,R_5gbXjT8uFYXCo7E,inference_categories,dailydilemmas,2,4,0.5,-0.6928904338246693,0.75,-0.6732861497756345,0.019604284049034804,0.25
0.05,1.5,0.15,R_5gbXjT8uFYXCo7E,inference_categories,dailydilemmas,3,4,0.75,-0.6928488703434292,0.75,-0.6614796361372342,0.031369234206195085,0.0
0.05,1.5,0.15,R_5gbXjT8uFYXCo7E,inference_categories,dailydilemmas,4,4,0.75,-0.6923363356652761,0.75,-0.6645946169871397,0.02774171867813635,0.0
0.05,1.5,0.15,R_7f9o7q4AZOoP4ot,inference_categories,dailydilemmas,0,4,0.5,-0.6928590408729023,0.5,-0.7078822001660345,-0.015023159293132249,0.0
0.05,1.5,0.15,R_7f9o7q4AZOoP4ot,inference_categories,dailydilemmas,1,4,0.25,-0.6940582712554482,0.5,-0.765937325302127,-0.07187905404667883,0.25
0.05,1.5,0.15,R_7f9o7q4AZOoP4ot,inference_categories,dailydilemmas,2,4,0.25,-0.6938234561373877,0.0,-0.7336684935027623,-0.03984503736537459,-0.25
0.05,1.5,0.15,R_7f9o7q4AZOoP4ot,inference_categories,dailydilemmas,3,4,0.5,-0.6930868562810306,0.25,-0.7386073974824864,-0.045520541201455766,-0.25
0.05,1.5,0.15,R_7f9o7q4AZOoP4ot,inference_categories,dailydilemmas,4,4,0.25,-0.6937483224132927,0.25,-0.7862593058218886,-0.09251098340859598,0.0
0.05,1.5,0.15,R_1WHYlcDjJDcnUfD,inference_categories,dailydilemmas,0,4,0.25,-0.6936107817399355,0.5,-0.7088269179492337,-0.015216136209298181,0.25
0.05,1.5,0.15,R_1WHYlcDjJDcnUfD,inference_categories,dailydilemmas,1,4,0.75,-0.6927597897553112,0.75,-0.67882161760347,0.013938172151841122,0.0
0.05,1.5,0.15,R_1WHYlcDjJDcnUfD,inference_categories,dailydilemmas,2,4,0.5,-0.692882790314926,0.75,-0.6814810937361397,0.011401696578786202,0.25
0.05,1.5,0.15,R_1WHYlcDjJDcnUfD,inference_categories,dailydilemmas,3,4,0.5,-0.6933126230141359,0.25,-0.743059422066154,-0.049746799052018176,-0.25
0.05,1.5,0.15,R_1WHYlcDjJDcnUfD,inference_categories,dailydilemmas,4,4,0.5,-0.6933165620073277,0.75,-0.686859043433689,0.006457518573638743,0.25
0.05,1.5,0.15,R_6Q0gBjey6IdfZpf,inference_categories,dailydilemmas,0,4,0.75,-0.6921669564928575,0.75,-0.6205115168315691,0.0716554396612884,0.0
0.05,1.5,0.15,R_6Q0gBjey6IdfZpf,inference_categories,dailydilemmas,1,4,1.0,-0.6919515344248186,1.0,-0.5995988400896908,0.09235269433512783,0.0
0.05,1.5,0.15,R_6Q0gBjey6IdfZpf,inference_categories,dailydilemmas,2,4,0.75,-0.6922742370254034,0.75,-0.6057651750110055,0.0865090620143979,0.0
0.05,1.5,0.15,R_6Q0gBjey6IdfZpf,inference_categories,dailydilemmas,3,4,0.75,-0.6922809472749593,0.75,-0.6432979875490661,0.04898295972589317,0.0
0.05,1.5,0.15,R_6Q0gBjey6IdfZpf,inference_categories,dailydilemmas,4,4,0.5,-0.6923239171830518,0.75,-0.6034911632618786,0.08883275392117318,0.25
0.05,1.5,0.15,R_1wzohnjOPhN82Wd,inference_categories,dailydilemmas,0,4,0.75,-0.6912657817430935,0.75,-0.6315179324632684,0.05974784927982513,0.0
0.05,1.5,0.15,R_1wzohnjOPhN82Wd,inference_categories,dailydilemmas,1,4,0.75,-0.6910091198303364,0.75,-0.6062811237602453,0.08472799607009107,0.0
0.05,1.5,0.15,R_1wzohnjOPhN82Wd,inference_categories,dailydilemmas,2,4,0.75,-0.6916135310151922,0.75,-0.5642704189335934,0.12734311208159876,0.0
0.05,1.5,0.15,R_1wzohnjOPhN82Wd,inference_categories,dailydilemmas,3,4,0.75,-0.6912827721934094,1.0,-0.5876511772700728,0.10363159492333662,0.25
0.05,1.5,0.15,R_1wzohnjOPhN82Wd,inference_categories,dailydilemmas,4,4,0.25,-0.6945114868894781,0.25,-0.7464832004855535,-0.05197171359607544,0.0
0.05,1.5,0.15,R_70kbQcqJL4Tkq6B,inference_categories,dailydilemmas,0,4,0.5,-0.693099326816225,0.5,-0.7404311121632206,-0.04733178534699556,0.0
0.05,1.5,0.15,R_70kbQcqJL4Tkq6B,inference_categories,dailydilemmas,1,4,0.5,-0.6935456776381743,0.5,-0.7040442995279129,-0.010498621889738602,0.0
0.05,1.5,0.15,R_70kbQcqJL4Tkq6B,inference_categories,dailydilemmas,2,4,1.0,-0.6903881142268726,0.75,-0.5997192940037868,0.09066882022308587,-0.25
0.05,1.5,0.15,R_70kbQcqJL4Tkq6B,inference_categories,dailydilemmas,3,4,0.75,-0.6910186881848221,0.75,-0.6270578038788271,0.063960884305995,0.0
0.05,1.5,0.15,R_70kbQcqJL4Tkq6B,inference_categories,dailydilemmas,4,4,0.75,-0.6910584094419714,1.0,-0.5933929525174941,0.09766545692447726,0.25
0.05,1.5,0.15,R_6rftRMhNP0o6boD,inference_categories,dailydilemmas,0,4,0.25,-0.6927920742765155,0.5,-0.6625751059410053,0.03021696833551013,0.25
0.05,1.5,0.15,R_6rftRMhNP0o6boD,inference_categories,dailydilemmas,1,4,0.5,-0.6924913932327733,0.5,-0.6905033533919598,0.001988039840813527,0.0
0.05,1.5,0.15,R_6rftRMhNP0o6boD,inference_categories,dailydilemmas,2,4,0.75,-0.6930215747126403,0.25,-0.7392943134995643,-0.04627273878692406,-0.5
0.05,1.5,0.15,R_6rftRMhNP0o6boD,inference_categories,dailydilemmas,3,4,0.75,-0.6913539511353748,0.75,-0.6244856373008185,0.06686831383455627,0.0
0.05,1.5,0.15,R_6rftRMhNP0o6boD,inference_categories,dailydilemmas,4,4,1.0,-0.6911317756524363,1.0,-0.6315637343768538,0.05956804127558257,0.0
0.05,1.5,0.15,R_6jv2PrGBJcO4of6,inference_categories,dailydilemmas,0,4,1.0,-0.6913708595536875,1.0,-0.5496944886766424,0.1416763708770451,0.0
0.05,1.5,0.15,R_6jv2PrGBJcO4of6,inference_categories,dailydilemmas,1,4,0.75,-0.6912995160513344,0.75,-0.6182441381957255,0.0730553778556089,0.0
0.05,1.5,0.15,R_6jv2PrGBJcO4of6,inference_categories,dailydilemmas,2,4,0.5,-0.6926591280607736,0.5,-0.6843653770419457,0.0082937510188279,0.0
0.05,1.5,0.15,R_6jv2PrGBJcO4of6,inference_categories,dailydilemmas,3,4,0.75,-0.6920955861097676,0.75,-0.6311563892959807,0.0609391968137869,0.0
0.05,1.5,0.15,R_6jv2PrGBJcO4of6,inference_categories,dailydilemmas,4,4,0.5,-0.6944162521312823,0.5,-0.8295671379326284,-0.13515088580134604,0.0
0.05,1.5,0.15,R_1dHqTtKKq3yQvmX,inference_categories,dailydilemmas,0,4,0.75,-0.6901793664806752,0.75,-0.5391841533333653,0.1509952131473099,0.0
0.05,1.5,0.15,R_1dHqTtKKq3yQvmX,inference_categories,dailydilemmas,1,4,0.5,-0.6905398035230048,0.5,-0.5702718630051964,0.12026794051780842,0.0
0.05,1.5,0.15,R_1dHqTtKKq3yQvmX,inference_categories,dailydilemmas,2,4,0.75,-0.6916850396000928,0.75,-0.5951282030175972,0.09655683658249559,0.0
0.05,1.5,0.15,R_1dHqTtKKq3yQvmX,inference_categories,dailydilemmas,3,4,0.75,-0.6917166981820564,0.75,-0.6310487824485762,0.06066791573348018,0.0
0.05,1.5,0.15,R_1dHqTtKKq3yQvmX,inference_categories,dailydilemmas,4,4,0.75,-0.6905830384527758,0.75,-0.5296271710102306,0.1609558674425452,0.0
0.05,1.5,0.15,R_1P81VK8fH860C4V,inference_categories,dailydilemmas,0,4,1.0,-0.6920433577900249,1.0,-0.5971049525444028,0.09493840524562214,0.0
0.05,1.5,0.15,R_1P81VK8fH860C4V,inference_categories,dailydilemmas,1,4,1.0,-0.6919164570325738,1.0,-0.5242453527694902,0.16767110426308351,0.0
0.05,1.5,0.15,R_1P81VK8fH860C4V,inference_categories,dailydilemmas,2,4,0.75,-0.6928577825296892,0.75,-0.5917016622408237,0.10115612028886556,0.0
0.05,1.5,0.15,R_1P81VK8fH860C4V,inference_categories,dailydilemmas,3,4,0.25,-0.6932254130917721,0.5,-0.682969710869453,0.010255702222319085,0.25
0.05,1.5,0.15,R_1P81VK8fH860C4V,inference_categories,dailydilemmas,4,4,1.0,-0.6913179800919581,1.0,-0.5333228470118985,0.15799513308005964,0.0
0.05,1.5,0.15,R_7go085j249AymBb,inference_categories,dailydilemmas,0,4,0.5,-0.6920457681275483,0.5,-0.6193894309230814,0.07265633720446685,0.0
0.05,1.5,0.15,R_7go085j249AymBb,inference_categories,dailydilemmas,1,4,0.75,-0.6918687893093179,0.75,-0.584249608875342,0.10761918043397589,0.0
0.05,1.5,0.15,R_7go085j249AymBb,inference_categories,dailydilemmas,2,4,0.75,-0.6916919699910548,1.0,-0.5687312678890344,0.12296070210202037,0.25
0.05,1.5,0.15,R_7go085j249AymBb,inference_categories,dailydilemmas,3,4,0.75,-0.6921476975615788,0.75,-0.6021550778132001,0.08999261974837869,0.0
0.05,1.5,0.15,R_7go085j249AymBb,inference_categories,dailydilemmas,4,4,0.5,-0.6933859969559947,0.5,-0.720147961023182,-0.026761964067187338,0.0
0.05,1.5,0.15,R_6xzSCFMWRhzZIRg,inference_categories,dailydilemmas,0,4,0.25,-0.6927821561848767,0.25,-0.6649182664457449,0.027863889739131786,0.0
0.05,1.5,0.15,R_6xzSCFMWRhzZIRg,inference_categories,dailydilemmas,1,4,0.75,-0.6925641341245401,0.75,-0.6347655068367658,0.057798627287774296,0.0
0.05,1.5,0.15,R_6xzSCFMWRhzZIRg,inference_categories,dailydilemmas,2,4,0.75,-0.6928042560852457,0.75,-0.6378297937681947,0.05497446231705094,0.0
0.05,1.5,0.15,R_6xzSCFMWRhzZIRg,inference_categories,dailydilemmas,3,4,1.0,-0.6921312027011314,1.0,-0.6332585535996499,0.05887264910148149,0.0
0.05,1.5,0.15,R_6xzSCFMWRhzZIRg,inference_categories,dailydilemmas,4,4,0.75,-0.6925934243944709,0.5,-0.6494345904562787,0.0431588339381922,-0.25
0.05,1.5,0.15,R_5EychZPB1u00qZH,inference_categories,dailydilemmas,0,4,1.0,-0.6915691978027982,0.75,-0.5561116232550285,0.13545757454776974,-0.25
0.05,1.5,0.15,R_5EychZPB1u00qZH,inference_categories,dailydilemmas,1,4,0.5,-0.6922579912654148,0.75,-0.6172777475293078,0.07498024373610701,0.25
0.05,1.5,0.15,R_5EychZPB1u00qZH,inference_categories,dailydilemmas,2,4,1.0,-0.6920351292436367,1.0,-0.5893252837074766,0.10270984553616014,0.0
0.05,1.5,0.15,R_5EychZPB1u00qZH,inference_categories,dailydilemmas,3,4,1.0,-0.6918581079995139,1.0,-0.5585515657363176,0.13330654226319627,0.0
0.05,1.5,0.15,R_5EychZPB1u00qZH,inference_categories,dailydilemmas,4,4,0.25,-0.693113923592781,0.25,-0.7347145936119613,-0.04160067001918033,0.0
0.05,1.5,0.15,R_59glCvaBnt5WTU6,inference_categories,dailydilemmas,0,4,0.5,-0.6934585289871318,0.5,-0.7117577635391326,-0.018299234552000776,0.0
0.05,1.5,0.15,R_59glCvaBnt5WTU6,inference_categories,dailydilemmas,1,4,0.75,-0.6924249223884483,0.75,-0.6039734786531655,0.0884514437352828,0.0
0.05,1.5,0.15,R_59glCvaBnt5WTU6,inference_categories,dailydilemmas,2,4,0.75,-0.6921256744126439,1.0,-0.5950768318533253,0.09704884255931867,0.25
0.05,1.5,0.15,R_59glCvaBnt5WTU6,inference_categories,dailydilemmas,3,4,0.75,-0.6923140677501498,0.75,-0.6166543014540867,0.07565976629606308,0.0
0.05,1.5,0.15,R_59glCvaBnt5WTU6,inference_categories,dailydilemmas,4,4,0.75,-0.6924660984930848,0.75,-0.6507047314585988,0.041761367034486074,0.0
0.05,1.5,0.15,R_1nBL27EvLs0Bkk4,inference_categories,dailydilemmas,0,4,0.5,-0.6925040934732599,0.75,-0.6231115051953917,0.0693925882778682,0.25
0.05,1.5,0.15,R_1nBL27EvLs0Bkk4,inference_categories,dailydilemmas,1,4,0.25,-0.693942222109138,0.5,-0.7721067782682887,-0.07816455615915063,0.25
0.05,1.5,0.15,R_1nBL27EvLs0Bkk4,inference_categories,dailydilemmas,2,4,0.75,-0.6912821629528922,0.75,-0.6073664259511837,0.08391573700170851,0.0
0.05,1.5,0.15,R_1nBL27EvLs0Bkk4,inference_categories,dailydilemmas,3,4,0.5,-0.6924616239598635,0.75,-0.6568829995694776,0.03557862439038595,0.25
0.05,1.5,0.15,R_1nBL27EvLs0Bkk4,inference_categories,dailydilemmas,4,4,1.0,-0.6911718043804796,1.0,-0.5793505417555285,0.11182126262495118,0.0
0.05,1.5,0.15,R_6FsUQnzEYAQwtwa,inference_categories,dailydilemmas,0,4,0.75,-0.6927384253042169,0.75,-0.6642517715090234,0.02848665379519355,0.0
0.05,1.5,0.15,R_6FsUQnzEYAQwtwa,inference_categories,dailydilemmas,1,4,0.5,-0.6927163458859349,0.25,-0.6824522211668673,0.010264124719067569,-0.25
0.05,1.5,0.15,R_6FsUQnzEYAQwtwa,inference_categories,dailydilemmas,2,4,0.5,-0.6932754640605925,0.75,-0.6626180571465454,0.03065740691404706,0.25
0.05,1.5,0.15,R_6FsUQnzEYAQwtwa,inference_categories,dailydilemmas,3,4,0.75,-0.6926125292192916,0.75,-0.710887329893082,-0.018274800673790392,0.0
0.05,1.5,0.15,R_6FsUQnzEYAQwtwa,inference_categories,dailydilemmas,4,4,0.75,-0.6926171705827615,0.5,-0.6511272298153135,0.04148994076744805,-0.25
0.05,1.5,0.15,R_5pX1jjp1Yu1RSN7,inference_categories,dailydilemmas,0,4,1.0,-0.6916563926178843,1.0,-0.5720253799587736,0.11963101265911069,0.0
0.05,1.5,0.15,R_5pX1jjp1Yu1RSN7,inference_categories,dailydilemmas,1,4,0.75,-0.6913416045752215,0.75,-0.5747501464876246,0.11659145808759697,0.0
0.05,1.5,0.15,R_5pX1jjp1Yu1RSN7,inference_categories,dailydilemmas,2,4,0.75,-0.6917451406050665,0.75,-0.5696527636964392,0.12209237690862729,0.0
0.05,1.5,0.15,R_5pX1jjp1Yu1RSN7,inference_categories,dailydilemmas,3,4,0.75,-0.6915415809271314,0.75,-0.6236447603771764,0.06789682054995494,0.0
0.05,1.5,0.15,R_5pX1jjp1Yu1RSN7,inference_categories,dailydilemmas,4,4,0.25,-0.6954732529707177,0.25,-0.8584050285866881,-0.1629317756159704,0.0
0.05,1.5,0.15,R_5DY1mtPtJpWz8WC,inference_categories,dailydilemmas,0,5,1.0,-0.6901900358599771,1.0,-0.440650822716577,0.24953921314340005,0.0
0.05,1.5,0.15,R_5DY1mtPtJpWz8WC,inference_categories,dailydilemmas,1,5,0.6,-0.6912324351004475,0.8,-0.5477200775498585,0.143512357550589,0.20000000000000007
0.05,1.5,0.15,R_5DY1mtPtJpWz8WC,inference_categories,dailydilemmas,2,5,0.8,-0.691829432035987,0.8,-0.5886060253909038,0.10322340664508323,0.0
0.05,1.5,0.15,R_5DY1mtPtJpWz8WC,inference_categories,dailydilemmas,3,5,0.6,-0.6903303706504949,0.6,-0.5043940387504564,0.18593633190003844,0.0
0.05,1.5,0.15,R_1PN3SGDWOMibPAh,inference_categories,dailydilemmas,0,4,0.75,-0.6919509454770811,1.0,-0.6024596366877254,0.08949130878935574,0.25
0.05,1.5,0.15,R_1PN3SGDWOMibPAh,inference_categories,dailydilemmas,1,4,0.5,-0.693423134032705,0.75,-0.7352890682066311,-0.041865934173926145,0.25
0.05,1.5,0.15,R_1PN3SGDWOMibPAh,inference_categories,dailydilemmas,2,4,0.5,-0.692956189895669,0.75,-0.6487164628487035,0.04423972704696544,0.25
0.05,1.5,0.15,R_1PN3SGDWOMibPAh,inference_categories,dailydilemmas,3,4,0.5,-0.6922843616630568,0.5,-0.6308135231484086,0.061470838514648296,0.0
0.05,1.5,0.15,R_1PN3SGDWOMibPAh,inference_categories,dailydilemmas,4,4,1.0,-0.6918221546867992,1.0,-0.6180135476389267,0.07380860704787251,0.0
0.05,1.5,0.15,R_3SrBXsc2uYrsSZz,inference_categories,dailydilemmas,0,4,0.5,-0.6921819867098238,0.75,-0.6288484817684054,0.06333350494141843,0.25
0.05,1.5,0.15,R_3SrBXsc2uYrsSZz,inference_categories,dailydilemmas,1,4,0.75,-0.6927603848918005,0.5,-0.701359871181765,-0.008599486289964542,-0.25
0.05,1.5,0.15,R_3SrBXsc2uYrsSZz,inference_categories,dailydilemmas,2,4,0.5,-0.6928712779217644,0.5,-0.7391873885006118,-0.046316110578847436,0.0
0.05,1.5,0.15,R_3SrBXsc2uYrsSZz,inference_categories,dailydilemmas,3,4,0.75,-0.6917737093762071,0.75,-0.5816911216906061,0.11008258768560097,0.0
0.05,1.5,0.15,R_3SrBXsc2uYrsSZz,inference_categories,dailydilemmas,4,4,1.0,-0.691789791299691,1.0,-0.5939238790313861,0.09786591226830488,0.0
0.05,1.5,0.15,R_7rNeEq8TvAxjqdL,inference_categories,dailydilemmas,0,4,0.75,-0.6911846470944386,0.75,-0.5546421479797946,0.136542499114644,0.0
0.05,1.5,0.15,R_7rNeEq8TvAxjqdL,inference_categories,dailydilemmas,1,4,0.75,-0.69164818192401,0.75,-0.580220387037224,0.111427794886786,0.0
0.05,1.5,0.15,R_7rNeEq8TvAxjqdL,inference_categories,dailydilemmas,2,4,1.0,-0.6907843678215682,1.0,-0.527744877636328,0.1630394901852401,0.0
0.05,1.5,0.15,R_7rNeEq8TvAxjqdL,inference_categories,dailydilemmas,3,4,0.75,-0.6922579415528716,0.5,-0.6725108763416426,0.01974706521122893,-0.25
0.05,1.5,0.15,R_7rNeEq8TvAxjqdL,inference_categories,dailydilemmas,4,4,0.75,-0.6916794143622071,1.0,-0.5821725485281453,0.10950686583406188,0.25
0.05,1.5,0.15,R_7QAkOtO6FETwKSv,inference_categories,dailydilemmas,0,4,0.5,-0.6935653153634046,0.5,-0.7670229963359299,-0.07345768097252525,0.0
0.05,1.5,0.15,R_7QAkOtO6FETwKSv,inference_categories,dailydilemmas,1,4,0.75,-0.6922413992091314,0.75,-0.6579359021235934,0.034305497085537984,0.0
0.05,1.5,0.15,R_7QAkOtO6FETwKSv,inference_categories,dailydilemmas,2,4,0.5,-0.6929267303893999,0.5,-0.7580135342438427,-0.06508680385444277,0.0
0.05,1.5,0.15,R_7QAkOtO6FETwKSv,inference_categories,dailydilemmas,3,4,1.0,-0.6920532080201354,0.5,-0.7054898170761847,-0.013436609056049376,-0.5
0.05,1.5,0.15,R_7QAkOtO6FETwKSv,inference_categories,dailydilemmas,4,4,0.5,-0.692874388257928,0.5,-0.7068435966890322,-0.013969208431104163,0.0
0.05,1.5,0.15,R_6gCrJV80LvD23XK,choice_only,dailydilemmas,0,4,0.5,-0.693771785100323,0.5,-0.7623043658938501,-0.06853258079352709,0.0
0.05,1.5,0.15,R_6gCrJV80LvD23XK,choice_only,dailydilemmas,1,4,1.0,-0.6920506137011905,1.0,-0.5697211733364957,0.12232944036469473,0.0
0.05,1.5,0.15,R_6gCrJV80LvD23XK,choice_only,dailydilemmas,2,4,0.75,-0.692272194395104,0.75,-0.6406146439800595,0.051657550415044495,0.0
0.05,1.5,0.15,R_6gCrJV80LvD23XK,choice_only,dailydilemmas,3,4,0.25,-0.6935722697383494,0.25,-0.7311366754598347,-0.03756440572148534,0.0
0.05,1.5,0.15,R_6gCrJV80LvD23XK,choice_only,dailydilemmas,4,4,0.5,-0.69288341392352,0.5,-0.6717138202882612,0.021169593635258832,0.0
0.05,1.5,0.15,R_7SrhV7HvgsG1fvA,choice_only,dailydilemmas,0,4,0.5,-0.6919869228690966,0.5,-0.6417624386169318,0.05022448425216475,0.0
0.05,1.5,0.15,R_7SrhV7HvgsG1fvA,choice_only,dailydilemmas,1,4,0.75,-0.6927850648558612,1.0,-0.6622367556811984,0.03054830917466278,0.25
0.05,1.5,0.15,R_7SrhV7HvgsG1fvA,choice_only,dailydilemmas,2,4,0.5,-0.6932548429514276,0.5,-0.7341229189156817,-0.040868075964254125,0.0
0.05,1.5,0.15,R_7SrhV7HvgsG1fvA,choice_only,dailydilemmas,3,4,0.75,-0.6925621208023383,1.0,-0.6488511870437993,0.04371093375853896,0.25
0.05,1.5,0.15,R_7SrhV7HvgsG1fvA,choice_only,dailydilemmas,4,4,0.0,-0.694777709820397,0.0,-0.8150445773756837,-0.1202668675552867,0.0
0.05,1.5,0.15,R_5aLcKnMSH0hrVLH,choice_only,dailydilemmas,0,4,1.0,-0.6923263146045625,1.0,-0.6038746553856295,0.08845165921893305,0.0
0.05,1.5,0.15,R_5aLcKnMSH0hrVLH,choice_only,dailydilemmas,1,4,1.0,-0.691702529524409,0.75,-0.6040561315310526,0.08764639799335638,-0.25
0.05,1.5,0.15,R_5aLcKnMSH0hrVLH,choice_only,dailydilemmas,2,4,0.75,-0.6924378717203983,0.5,-0.636056588269835,0.05638128345056326,-0.25
0.05,1.5,0.15,R_5aLcKnMSH0hrVLH,choice_only,dailydilemmas,3,4,1.0,-0.6922143155928429,1.0,-0.6562703667345263,0.03594394885831653,0.0
0.05,1.5,0.15,R_5aLcKnMSH0hrVLH,choice_only,dailydilemmas,4,4,0.5,-0.6935217086981267,0.5,-0.7644273510255217,-0.07090564232739505,0.0
0.05,1.5,0.15,R_6E6esO9YjIptSgZ,choice_only,dailydilemmas,0,5,0.4,-0.6933243109022651,0.4,-0.7054602416980122,-0.012135930795747152,0.0
0.05,1.5,0.15,R_6E6esO9YjIptSgZ,choice_only,dailydilemmas,1,5,0.4,-0.6935058840958112,0.4,-0.6820935462427143,0.01141233785309681,0.0
0.05,1.5,0.15,R_6E6esO9YjIptSgZ,choice_only,dailydilemmas,2,5,0.4,-0.693025151606699,1.0,-0.6447133923943393,0.04831175921235964,0.6
0.05,1.5,0.15,R_6E6esO9YjIptSgZ,choice_only,dailydilemmas,3,5,0.4,-0.693228696324342,0.4,-0.6870833082646364,0.006145388059705659,0.0
0.05,1.5,0.15,R_1MCxQvFXsgFj9AZ,choice_only,dailydilemmas,0,4,0.0,-0.6941318405634145,0.5,-0.7124398208359541,-0.01830798027253966,0.5
0.05,1.5,0.15,R_1MCxQvFXsgFj9AZ,choice_only,dailydilemmas,1,4,0.75,-0.6930678237544948,0.5,-0.6862570048935281,0.006810818860966683,-0.25
0.05,1.5,0.15,R_1MCxQvFXsgFj9AZ,choice_only,dailydilemmas,2,4,0.25,-0.6935068931572397,0.25,-0.7521454362139278,-0.05863854305668814,0.0
0.05,1.5,0.15,R_1MCxQvFXsgFj9AZ,choice_only,dailydilemmas,3,4,0.25,-0.6936224990050501,0.25,-0.7175711700858988,-0.023948671080848638,0.0
0.05,1.5,0.15,R_1MCxQvFXsgFj9AZ,choice_only,dailydilemmas,4,4,0.75,-0.6930774068097307,0.5,-0.6906203734669647,0.002457033342766035,-0.25
0.05,1.5,0.15,R_3JfmC4gRU1JpbNv,choice_only,dailydilemmas,0,4,0.75,-0.691414093721901,0.75,-0.5835649645602115,0.10784912916168954,0.0
0.05,1.5,0.15,R_3JfmC4gRU1JpbNv,choice_only,dailydilemmas,1,4,1.0,-0.6911231568843574,1.0,-0.5451955575526863,0.1459275993316711,0.0
0.05,1.5,0.15,R_3JfmC4gRU1JpbNv,choice_only,dailydilemmas,2,4,0.5,-0.6937110318112766,0.5,-0.7168610759186562,-0.02315004410737964,0.0
0.05,1.5,0.15,R_3JfmC4gRU1JpbNv,choice_only,dailydilemmas,3,4,0.5,-0.6933484607438867,0.5,-0.6683160778098595,0.02503238293402721,0.0
0.05,1.5,0.15,R_3JfmC4gRU1JpbNv,choice_only,dailydilemmas,4,4,1.0,-0.691460935575063,1.0,-0.5597013328433629,0.13175960273170018,0.0
0.05,1.5,0.15,R_7QGHM1iZnW1jfRx,choice_only,dailydilemmas,0,4,0.5,-0.6933461948959684,0.5,-0.6948283927692911,-0.0014821978733227104,0.0
0.05,1.5,0.15,R_7QGHM1iZnW1jfRx,choice_only,dailydilemmas,1,4,0.5,-0.6933979723363053,0.5,-0.7209386001075477,-0.027540627771242443,0.0
0.05,1.5,0.15,R_7QGHM1iZnW1jfRx,choice_only,dailydilemmas,2,4,0.5,-0.692723397096704,0.25,-0.7037469315006161,-0.011023534403912016,-0.25
0.05,1.5,0.15,R_7QGHM1iZnW1jfRx,choice_only,dailydilemmas,3,4,0.75,-0.693106248193503,0.75,-0.6771035103274408,0.01600273786606221,0.0
0.05,1.5,0.15,R_7QGHM1iZnW1jfRx,choice_only,dailydilemmas,4,4,0.25,-0.6938567634717323,0.25,-0.7315161765973378,-0.0376594131256055,0.0
0.05,1.5,0.15,R_6rBDZvDRiktj92h,choice_only,dailydilemmas,0,4,0.75,-0.6919508583886247,0.5,-0.6576226122615974,0.03432824612702734,-0.25
0.05,1.5,0.15,R_6rBDZvDRiktj92h,choice_only,dailydilemmas,1,4,0.5,-0.6920848654673555,0.5,-0.6340945475415577,0.057990317925797785,0.0
0.05,1.5,0.15,R_6rBDZvDRiktj92h,choice_only,dailydilemmas,2,4,0.75,-0.6926821806338346,0.75,-0.6894457847696365,0.003236395864198105,0.0
0.05,1.5,0.15,R_6rBDZvDRiktj92h,choice_only,dailydilemmas,3,4,0.5,-0.6925047484490472,0.5,-0.6904190397927643,0.002085708656282881,0.0
0.05,1.5,0.15,R_6rBDZvDRiktj92h,choice_only,dailydilemmas,4,4,0.5,-0.6936433799394314,0.5,-0.7484311058612259,-0.05478772592179448,0.0
0.05,1.5,0.15,R_7DZXdu8GHiSZQbw,choice_only,dailydilemmas,0,5,0.8,-0.6915098669160649,0.8,-0.5863664282285799,0.10514343868748499,0.0
0.05,1.5,0.15,R_7DZXdu8GHiSZQbw,choice_only,dailydilemmas,1,5,0.6,-0.690806185488559,0.6,-0.5610037277517576,0.12980245773680144,0.0
0.05,1.5,0.15,R_7DZXdu8GHiSZQbw,choice_only,dailydilemmas,2,5,0.8,-0.6908536245536288,0.8,-0.5441739976727319,0.14667962688089686,0.0
0.05,1.5,0.15,R_7DZXdu8GHiSZQbw,choice_only,dailydilemmas,3,5,0.8,-0.6915137653328134,0.8,-0.6070427638433438,0.08447100148946962,0.0
0.05,1.5,0.15,R_3wNdGb7QZmozWdV,inference_affirm,dailydilemmas,0,4,0.75,-0.6925585495452946,0.5,-0.6986940990470608,-0.006135549501766202,-0.25
0.05,1.5,0.15,R_3wNdGb7QZmozWdV,inference_affirm,dailydilemmas,1,4,0.5,-0.692981251064235,0.5,-0.6950818816533115,-0.002100630589076502,0.0
0.05,1.5,0.15,R_3wNdGb7QZmozWdV,inference_affirm,dailydilemmas,2,4,0.25,-0.693020012554981,0.25,-0.7377313445325084,-0.04471133197752741,0.0
0.05,1.5,0.15,R_3wNdGb7QZmozWdV,inference_affirm,dailydilemmas,3,4,1.0,-0.6923061806371242,0.75,-0.6520274905578652,0.040278690079258994,-0.25
0.05,1.5,0.15,R_3wNdGb7QZmozWdV,inference_affirm,dailydilemmas,4,4,0.75,-0.6922461602262034,0.5,-0.6520663317648401,0.040179828461363365,-0.25
0.05,1.5,0.15,R_54BDOExpKqNLP7U,choice_only,dailydilemmas,0,5,1.0,-0.690222392201228,1.0,-0.48126444010797814,0.2089579520932499,0.0
0.05,1.5,0.15,R_54BDOExpKqNLP7U,choice_only,dailydilemmas,1,5,0.8,-0.6912457920133276,1.0,-0.5455707397582685,0.14567505225505906,0.19999999999999996
0.05,1.5,0.15,R_54BDOExpKqNLP7U,choice_only,dailydilemmas,2,5,0.6,-0.6923603456842805,0.6,-0.6535029266555555,0.03885741902872497,0.0
0.05,1.5,0.15,R_54BDOExpKqNLP7U,choice_only,dailydilemmas,3,5,0.8,-0.6900271794005838,1.0,-0.45526903526251045,0.23475814413807333,0.19999999999999996
0.05,1.5,0.15,R_7FP7x1oOPEhKFnt,choice_only,dailydilemmas,0,4,1.0,-0.6919280667454282,1.0,-0.56693140574824,0.1249966609971882,0.0
0.05,1.5,0.15,R_7FP7x1oOPEhKFnt,choice_only,dailydilemmas,1,4,0.5,-0.6928210627175507,1.0,-0.6376487734914849,0.055172289226065874,0.5
0.05,1.5,0.15,R_7FP7x1oOPEhKFnt,choice_only,dailydilemmas,2,4,1.0,-0.6925045821357162,0.75,-0.6363857154031342,0.05611886673258204,-0.25
0.05,1.5,0.15,R_7FP7x1oOPEhKFnt,choice_only,dailydilemmas,3,4,0.75,-0.6929586161800017,0.75,-0.6989295939911883,-0.005970977811186606,0.0
0.05,1.5,0.15,R_7FP7x1oOPEhKFnt,choice_only,dailydilemmas,4,4,0.75,-0.6921518574026817,0.5,-0.6311519486558198,0.0609999087468619,-0.25
0.05,1.5,0.15,R_3RlcXTweCHzrYtz,choice_only,dailydilemmas,0,4,0.75,-0.692169622767719,0.75,-0.6155333313118719,0.07663629145584705,0.0
0.05,1.5,0.15,R_3RlcXTweCHzrYtz,choice_only,dailydilemmas,1,4,0.5,-0.6921245155651763,0.5,-0.6342384516509667,0.057886063914209585,0.0
0.05,1.5,0.15,R_3RlcXTweCHzrYtz,choice_only,dailydilemmas,2,4,0.25,-0.6934837659178836,0.5,-0.7216831147169033,-0.02819934879901964,0.25
0.05,1.5,0.15,R_3RlcXTweCHzrYtz,choice_only,dailydilemmas,3,4,0.5,-0.6932357233524356,0.5,-0.7100179709255303,-0.016782247573094766,0.0
0.05,1.5,0.15,R_3RlcXTweCHzrYtz,choice_only,dailydilemmas,4,4,0.75,-0.6924225385240101,0.75,-0.6077533487113486,0.08466918981266158,0.0
0.05,1.5,0.15,R_64MjAxTXtmHjKMx,choice_only,dailydilemmas,0,4,0.5,-0.6926941351033684,0.5,-0.6521466147298527,0.04054752037351572,0.0
0.05,1.5,0.15,R_64MjAxTXtmHjKMx,choice_only,dailydilemmas,1,4,0.25,-0.6940710556215365,0.25,-0.676927110671755,0.017143944949781442,0.0
0.05,1.5,0.15,R_64MjAxTXtmHjKMx,choice_only,dailydilemmas,2,4,0.25,-0.6938039134381895,0.25,-0.792382275499179,-0.09857836206098947,0.0
0.05,1.5,0.15,R_64MjAxTXtmHjKMx,choice_only,dailydilemmas,3,4,0.75,-0.6920861844549647,0.75,-0.5900790089224803,0.1020071755324844,0.0
0.05,1.5,0.15,R_64MjAxTXtmHjKMx,choice_only,dailydilemmas,4,4,1.0,-0.6918386995488164,1.0,-0.5532800152021845,0.13855868434663188,0.0
0.05,1.5,0.15,R_5B7Sbr53fSq1D3z,inference_affirm,dailydilemmas,0,4,1.0,-0.6924009679036246,0.75,-0.6563455475351325,0.036055420368492075,-0.25
0.05,1.5,0.15,R_5B7Sbr53fSq1D3z,inference_affirm,dailydilemmas,1,4,1.0,-0.6914967585051052,0.75,-0.5755037994502592,0.11599295905484597,-0.25
0.05,1.5,0.15,R_5B7Sbr53fSq1D3z,inference_affirm,dailydilemmas,2,4,0.5,-0.6916899171728221,0.5,-0.5969143034850144,0.09477561368780774,0.0
0.05,1.5,0.15,R_5B7Sbr53fSq1D3z,inference_affirm,dailydilemmas,3,4,0.5,-0.6925555829975424,0.5,-0.633061611292721,0.0594939717048214,0.0
0.05,1.5,0.15,R_5B7Sbr53fSq1D3z,inference_affirm,dailydilemmas,4,4,0.5,-0.6934639971088424,0.25,-0.7139233703727985,-0.020459373263956082,-0.25
0.05,1.5,0.15,R_7fTeTaHgGhgcqkN,inference_affirm,dailydilemmas,0,4,0.75,-0.6918140257887567,1.0,-0.5958543691686782,0.09595965662007855,0.25
0.05,1.5,0.15,R_7fTeTaHgGhgcqkN,inference_affirm,dailydilemmas,1,4,0.75,-0.6912834457678454,1.0,-0.5820009191136316,0.10928252665421379,0.25
0.05,1.5,0.15,R_7fTeTaHgGhgcqkN,inference_affirm,dailydilemmas,2,4,1.0,-0.6919592595083794,1.0,-0.5950076897692786,0.0969515697391008,0.0
0.05,1.5,0.15,R_7fTeTaHgGhgcqkN,inference_affirm,dailydilemmas,3,4,0.5,-0.6923729489017025,0.5,-0.6712380253877549,0.021134923513947634,0.0
0.05,1.5,0.15,R_7fTeTaHgGhgcqkN,inference_affirm,dailydilemmas,4,4,0.75,-0.6914575245591041,0.75,-0.6012749261751031,0.090182598384001,0.0
0.05,1.5,0.15,R_12tlw5u4cVbNiP1,inference_affirm,dailydilemmas,0,4,0.75,-0.6916294137246326,0.75,-0.5973324488460259,0.09429696487860673,0.0
0.05,1.5,0.15,R_12tlw5u4cVbNiP1,inference_affirm,dailydilemmas,1,4,0.5,-0.6922729032778986,0.5,-0.6365746196314096,0.05569828364648899,0.0
0.05,1.5,0.15,R_12tlw5u4cVbNiP1,inference_affirm,dailydilemmas,2,4,1.0,-0.6913990748711327,1.0,-0.5582242407284568,0.13317483414267595,0.0
0.05,1.5,0.15,R_12tlw5u4cVbNiP1,inference_affirm,dailydilemmas,3,4,0.75,-0.6917636640252386,0.75,-0.5715345554384607,0.12022910858677793,0.0
0.05,1.5,0.15,R_12tlw5u4cVbNiP1,inference_affirm,dailydilemmas,4,4,0.75,-0.6918227014195795,1.0,-0.5969441899494835,0.09487851147009596,0.25
0.05,1.5,0.2,R_5EfMjMbx1z8Kvhl,inference_categories,dailydilemmas,0,4,0.75,-0.6923275991814979,0.5,-0.6797664985222744,0.012561100659223445,-0.25
0.05,1.5,0.2,R_5EfMjMbx1z8Kvhl,inference_categories,dailydilemmas,1,4,0.5,-0.692107728588651,0.75,-0.6468924590480758,0.0452152695405752,0.25
0.05,1.5,0.2,R_5EfMjMbx1z8Kvhl,inference_categories,dailydilemmas,2,4,0.5,-0.6930055898490717,0.5,-0.663051036997385,0.02995455285168669,0.0
0.05,1.5,0.2,R_5EfMjMbx1z8Kvhl,inference_categories,dailydilemmas,3,4,0.75,-0.6921698893625947,1.0,-0.6008678405866404,0.09130204877595427,0.25
0.05,1.5,0.2,R_5EfMjMbx1z8Kvhl,inference_categories,dailydilemmas,4,4,0.5,-0.6916124977152831,0.75,-0.6047547314900457,0.08685776622523744,0.25
0.05,1.5,0.2,R_56aT1YjmRtKACUH,inference_categories,dailydilemmas,0,4,0.75,-0.6928161057074206,0.75,-0.6504286396454778,0.04238746606194277,0.0
0.05,1.5,0.2,R_56aT1YjmRtKACUH,inference_categories,dailydilemmas,1,4,0.25,-0.6937101957354634,0.5,-0.7367505056321163,-0.04304030989665286,0.25
0.05,1.5,0.2,R_56aT1YjmRtKACUH,inference_categories,dailydilemmas,2,4,0.75,-0.6924772749383264,0.5,-0.6672853829401201,0.025191891998206373,-0.25
0.05,1.5,0.2,R_56aT1YjmRtKACUH,inference_categories,dailydilemmas,3,4,0.75,-0.692553249130433,0.5,-0.6660301023892742,0.026523146741158854,-0.25
0.05,1.5,0.2,R_56aT1YjmRtKACUH,inference_categories,dailydilemmas,4,4,0.5,-0.6927715965415814,0.5,-0.6919490677324647,0.0008225288091167071,0.0
0.05,1.5,0.2,R_3HS2lsaEfcZSuXu,inference_categories,dailydilemmas,0,4,1.0,-0.6922145708976619,0.75,-0.6140218044146543,0.07819276648300766,-0.25
0.05,1.5,0.2,R_3HS2lsaEfcZSuXu,inference_categories,dailydilemmas,1,4,0.5,-0.6935194048429342,0.5,-0.7710525214260328,-0.07753311658309858,0.0
0.05,1.5,0.2,R_3HS2lsaEfcZSuXu,inference_categories,dailydilemmas,2,4,0.5,-0.6928434999593708,0.5,-0.7041492019681751,-0.01130570200880432,0.0
0.05,1.5,0.2,R_3HS2lsaEfcZSuXu,inference_categories,dailydilemmas,3,4,0.5,-0.6925147737062834,0.75,-0.6169570299118246,0.0755577437944589,0.25
0.05,1.5,0.2,R_3HS2lsaEfcZSuXu,inference_categories,dailydilemmas,4,4,0.75,-0.6922641213528324,0.75,-0.6035911787861059,0.08867294256672653,0.0
0.05,1.5,0.2,R_6HoVfVJSFl7IrlL,inference_categories,dailydilemmas,0,4,0.75,-0.6928992813204569,0.5,-0.6827802928563187,0.010118988464138168,-0.25
0.05,1.5,0.2,R_6HoVfVJSFl7IrlL,inference_categories,dailydilemmas,1,4,0.75,-0.692487035620315,0.75,-0.6145252556141848,0.07796178000613019,0.0
0.05,1.5,0.2,R_6HoVfVJSFl7IrlL,inference_categories,dailydilemmas,2,4,0.25,-0.6934830207785968,0.5,-0.7305320809389068,-0.037049060160309955,0.25
0.05,1.5,0.2,R_6HoVfVJSFl7IrlL,inference_categories,dailydilemmas,3,4,0.75,-0.6924371284265671,1.0,-0.6315038876675787,0.06093324075898843,0.25
0.05,1.5,0.2,R_6HoVfVJSFl7IrlL,inference_categories,dailydilemmas,4,4,0.75,-0.691991702915315,0.75,-0.6223801166660482,0.06961158624926678,0.0
0.05,1.5,0.2,R_5Q5TZ5csoblHSvA,inference_categories,dailydilemmas,0,4,0.5,-0.6932046971065635,0.25,-0.7347138859653203,-0.04150918885875676,-0.25
0.05,1.5,0.2,R_5Q5TZ5csoblHSvA,inference_categories,dailydilemmas,1,4,0.75,-0.6933010362528886,0.5,-0.6898608657198997,0.003440170532988951,-0.25
0.05,1.5,0.2,R_5Q5TZ5csoblHSvA,inference_categories,dailydilemmas,2,4,0.5,-0.6925393726246563,0.75,-0.687787699029702,0.004751673594954209,0.25
0.05,1.5,0.2,R_5Q5TZ5csoblHSvA,inference_categories,dailydilemmas,3,4,0.25,-0.693672157233209,0.25,-0.7152307152438724,-0.02155855801066342,0.0
0.05,1.5,0.2,R_5Q5TZ5csoblHSvA,inference_categories,dailydilemmas,4,4,0.5,-0.6927479762012052,0.5,-0.6829457513732062,0.009802224827998973,0.0
0.05,1.5,0.2,R_18H831wJaDlPwgg,inference_categories,dailydilemmas,0,4,0.5,-0.6916147042699178,0.5,-0.6754395641830169,0.016175140086900908,0.0
0.05,1.5,0.2,R_18H831wJaDlPwgg,inference_categories,dailydilemmas,1,4,1.0,-0.6899870586634695,1.0,-0.5452920668284951,0.14469499183497447,0.0
0.05,1.5,0.2,R_18H831wJaDlPwgg,inference_categories,dailydilemmas,2,4,0.25,-0.6917238616310285,0.5,-0.5891735639786778,0.10255029765235069,0.25
0.05,1.5,0.2,R_18H831wJaDlPwgg,inference_categories,dailydilemmas,3,4,1.0,-0.6891156439819446,1.0,-0.48782483039775426,0.20129081358419032,0.0
0.05,1.5,0.2,R_18H831wJaDlPwgg,inference_categories,dailydilemmas,4,4,0.75,-0.6902118746874193,1.0,-0.5111775362542607,0.17903433843315864,0.25
0.05,1.5,0.2,R_12mMAseFwoOpgqC,inference_categories,dailydilemmas,0,4,0.75,-0.6923560192102111,0.5,-0.6623152796987766,0.03004073951143449,-0.25
0.05,1.5,0.2,R_12mMAseFwoOpgqC,inference_categories,dailydilemmas,1,4,0.5,-0.692708683905009,0.5,-0.6358591178075857,0.0568495660974232,0.0
0.05,1.5,0.2,R_12mMAseFwoOpgqC,inference_categories,dailydilemmas,2,4,0.5,-0.6938594465566419,0.25,-0.7247767829891538,-0.030917336432511933,-0.25
0.05,1.5,0.2,R_12mMAseFwoOpgqC,inference_categories,dailydilemmas,3,4,0.25,-0.693157141606494,0.5,-0.690204882123707,0.0029522594827869897,0.25
0.05,1.5,0.2,R_12mMAseFwoOpgqC,inference_categories,dailydilemmas,4,4,0.75,-0.6923894076906529,0.5,-0.6449041883404238,0.04748521935022909,-0.25
0.05,1.5,0.2,R_7ojvA7NDI10RoKR,inference_categories,dailydilemmas,0,5,0.6,-0.6920068818772697,0.6,-0.6140645366272711,0.07794234524999855,0.0
0.05,1.5,0.2,R_7ojvA7NDI10RoKR,inference_categories,dailydilemmas,1,5,0.8,-0.6917348847637751,1.0,-0.5902591514247424,0.1014757333390327,0.19999999999999996
0.05,1.5,0.2,R_7ojvA7NDI10RoKR,inference_categories,dailydilemmas,2,5,0.8,-0.6916545545853191,0.8,-0.623407184593417,0.06824736999190206,0.0
0.05,1.5,0.2,R_7ojvA7NDI10RoKR,inference_categories,dailydilemmas,3,5,1.0,-0.6917046586626592,0.8,-0.5822370090840832,0.10946764957857602,-0.19999999999999996
0.05,1.5,0.2,R_5gbXjT8uFYXCo7E,inference_categories,dailydilemmas,0,4,0.25,-0.694026868559669,0.25,-0.7613114272893019,-0.0672845587296329,0.0
0.05,1.5,0.2,R_5gbXjT8uFYXCo7E,inference_categories,dailydilemmas,1,4,0.5,-0.6930937564136729,0.5,-0.6881549526764521,0.004938803737220776,0.0
0.05,1.5,0.2,R_5gbXjT8uFYXCo7E,inference_categories,dailydilemmas,2,4,0.5,-0.6928904338246693,0.75,-0.6711157525644388,0.021774681260230522,0.25
0.05,1.5,0.2,R_5gbXjT8uFYXCo7E,inference_categories,dailydilemmas,3,4,0.75,-0.6928488703434292,0.75,-0.6617544415199906,0.031094428823438602,0.0
0.05,1.5,0.2,R_5gbXjT8uFYXCo7E,inference_categories,dailydilemmas,4,4,0.75,-0.6923363356652761,0.75,-0.6594605910600568,0.03287574460521925,0.0
0.05,1.5,0.2,R_7f9o7q4AZOoP4ot,inference_categories,dailydilemmas,0,4,0.5,-0.6928590408729023,0.5,-0.7121420919715269,-0.019283051098624604,0.0
0.05,1.5,0.2,R_7f9o7q4AZOoP4ot,inference_categories,dailydilemmas,1,4,0.25,-0.6940582712554482,0.5,-0.7669459501239774,-0.0728876788685292,0.25
0.05,1.5,0.2,R_7f9o7q4AZOoP4ot,inference_categories,dailydilemmas,2,4,0.25,-0.6938234561373877,0.25,-0.7331155658242147,-0.03929210968682695,0.0
0.05,1.5,0.2,R_7f9o7q4AZOoP4ot,inference_categories,dailydilemmas,3,4,0.5,-0.6930868562810306,0.25,-0.7382099164424453,-0.04512306016141465,-0.25
0.05,1.5,0.2,R_7f9o7q4AZOoP4ot,inference_categories,dailydilemmas,4,4,0.25,-0.6937483224132927,0.25,-0.7885102647542119,-0.09476194234091928,0.0
0.05,1.5,0.2,R_1WHYlcDjJDcnUfD,inference_categories,dailydilemmas,0,4,0.25,-0.6936107817399355,0.5,-0.7086535262898935,-0.01504274454995802,0.25
0.05,1.5,0.2,R_1WHYlcDjJDcnUfD,inference_categories,dailydilemmas,1,4,0.75,-0.6927597897553112,0.75,-0.6818401717910278,0.010919617964283312,0.0
0.05,1.5,0.2,R_1WHYlcDjJDcnUfD,inference_categories,dailydilemmas,2,4,0.5,-0.692882790314926,0.75,-0.6802485927703302,0.012634197544595716,0.25
0.05,1.5,0.2,R_1WHYlcDjJDcnUfD,inference_categories,dailydilemmas,3,4,0.5,-0.6933126230141359,0.25,-0.7439320844776198,-0.05061946146348395,-0.25
0.05,1.5,0.2,R_1WHYlcDjJDcnUfD,inference_categories,dailydilemmas,4,4,0.5,-0.6933165620073277,0.75,-0.6818185123753896,0.011498049631938123,0.25
0.05,1.5,0.2,R_6Q0gBjey6IdfZpf,inference_categories,dailydilemmas,0,4,0.75,-0.6921669564928575,0.75,-0.624914284840284,0.06725267165257354,0.0
0.05,1.5,0.2,R_6Q0gBjey6IdfZpf,inference_categories,dailydilemmas,1,4,1.0,-0.6919515344248186,1.0,-0.5993289474941095,0.09262258693070913,0.0
0.05,1.5,0.2,R_6Q0gBjey6IdfZpf,inference_categories,dailydilemmas,2,4,0.75,-0.6922742370254034,0.75,-0.6050611968560975,0.08721304016930587,0.0
0.05,1.5,0.2,R_6Q0gBjey6IdfZpf,inference_categories,dailydilemmas,3,4,0.75,-0.6922809472749593,0.75,-0.6467605246686617,0.04552042260629752,0.0
0.05,1.5,0.2,R_6Q0gBjey6IdfZpf,inference_categories,dailydilemmas,4,4,0.5,-0.6923239171830518,0.75,-0.6031881504158728,0.08913576676717894,0.25
0.05,1.5,0.2,R_1wzohnjOPhN82Wd,inference_categories,dailydilemmas,0,4,0.75,-0.6912657817430935,0.5,-0.6359902912325077,0.05527549051058578,-0.25
0.05,1.5,0.2,R_1wzohnjOPhN82Wd,inference_categories,dailydilemmas,1,4,0.75,-0.6910091198303364,0.75,-0.6084012711654401,0.08260784866489634,0.0
0.05,1.5,0.2,R_1wzohnjOPhN82Wd,inference_categories,dailydilemmas,2,4,0.75,-0.6916135310151922,0.75,-0.5613061239919269,0.13030740702326526,0.0
0.05,1.5,0.2,R_1wzohnjOPhN82Wd,inference_categories,dailydilemmas,3,4,0.75,-0.6912827721934094,1.0,-0.5871417315157555,0.10414104067765384,0.25
0.05,1.5,0.2,R_1wzohnjOPhN82Wd,inference_categories,dailydilemmas,4,4,0.25,-0.6945114868894781,0.5,-0.7395004281014759,-0.04498894121199781,0.25
0.05,1.5,0.2,R_70kbQcqJL4Tkq6B,inference_categories,dailydilemmas,0,4,0.5,-0.693099326816225,0.5,-0.7380552144652849,-0.04495588764905989,0.0
0.05,1.5,0.2,R_70kbQcqJL4Tkq6B,inference_categories,dailydilemmas,1,4,0.5,-0.6935456776381743,0.5,-0.697917715780109,-0.004372038141934653,0.0
0.05,1.5,0.2,R_70kbQcqJL4Tkq6B,inference_categories,dailydilemmas,2,4,1.0,-0.6903881142268726,0.75,-0.6066973000618858,0.0836908141649868,-0.25
0.05,1.5,0.2,R_70kbQcqJL4Tkq6B,inference_categories,dailydilemmas,3,4,0.75,-0.6910186881848221,0.75,-0.6265279367909378,0.06449075139388438,0.0
0.05,1.5,0.2,R_70kbQcqJL4Tkq6B,inference_categories,dailydilemmas,4,4,0.75,-0.6910584094419714,1.0,-0.5988284147613473,0.0922299946806241,0.25
0.05,1.5,0.2,R_6rftRMhNP0o6boD,inference_categories,dailydilemmas,0,4,0.25,-0.6927920742765155,0.5,-0.6551749560362218,0.03761711824029368,0.25
0.05,1.5,0.2,R_6rftRMhNP0o6boD,inference_categories,dailydilemmas,1,4,0.5,-0.6924913932327733,0.5,-0.6935845876955073,-0.0010931944627340373,0.0
0.05,1.5,0.2,R_6rftRMhNP0o6boD,inference_categories,dailydilemmas,2,4,0.75,-0.6930215747126403,0.25,-0.7399431879516756,-0.04692161323903532,-0.5
0.05,1.5,0.2,R_6rftRMhNP0o6boD,inference_categories,dailydilemmas,3,4,0.75,-0.6913539511353748,0.75,-0.6278486031272503,0.06350534800812446,0.0
0.05,1.5,0.2,R_6rftRMhNP0o6boD,inference_categories,dailydilemmas,4,4,1.0,-0.6911317756524363,1.0,-0.6360119792586897,0.055119796393746645,0.0
0.05,1.5,0.2,R_6jv2PrGBJcO4of6,inference_categories,dailydilemmas,0,4,1.0,-0.6913708595536875,1.0,-0.5579982526225029,0.13337260693118458,0.0
0.05,1.5,0.2,R_6jv2PrGBJcO4of6,inference_categories,dailydilemmas,1,4,0.75,-0.6912995160513344,0.75,-0.6315300759741842,0.05976944007715024,0.0
0.05,1.5,0.2,R_6jv2PrGBJcO4of6,inference_categories,dailydilemmas,2,4,0.5,-0.6926591280607736,0.75,-0.6899914277521333,0.002667700308640275,0.25
0.05,1.5,0.2,R_6jv2PrGBJcO4of6,inference_categories,dailydilemmas,3,4,0.75,-0.6920955861097676,0.75,-0.6354840534410926,0.056611532668675024,0.0
0.05,1.5,0.2,R_6jv2PrGBJcO4of6,inference_categories,dailydilemmas,4,4,0.5,-0.6944162521312823,0.5,-0.8327046440500201,-0.13828839191873776,0.0
0.05,1.5,0.2,R_1dHqTtKKq3yQvmX,inference_categories,dailydilemmas,0,4,0.75,-0.6901793664806752,0.75,-0.5379806052670115,0.1521987612136637,0.0
0.05,1.5,0.2,R_1dHqTtKKq3yQvmX,inference_categories,dailydilemmas,1,4,0.5,-0.6905398035230048,0.5,-0.5625455005729171,0.12799430295008773,0.0
0.05,1.5,0.2,R_1dHqTtKKq3yQvmX,inference_categories,dailydilemmas,2,4,0.75,-0.6916850396000928,0.75,-0.5937243902815278,0.09796064931856496,0.0
0.05,1.5,0.2,R_1dHqTtKKq3yQvmX,inference_categories,dailydilemmas,3,4,0.75,-0.6917166981820564,0.75,-0.6274493140105643,0.06426738417149214,0.0
0.05,1.5,0.2,R_1dHqTtKKq3yQvmX,inference_categories,dailydilemmas,4,4,0.75,-0.6905830384527758,0.75,-0.5313901067779951,0.15919293167478066,0.0
0.05,1.5,0.2,R_1P81VK8fH860C4V,inference_categories,dailydilemmas,0,4,1.0,-0.6920433577900249,1.0,-0.5956077083147227,0.09643564947530225,0.0
0.05,1.5,0.2,R_1P81VK8fH860C4V,inference_categories,dailydilemmas,1,4,1.0,-0.6919164570325738,1.0,-0.5288134049843869,0.16310305204818687,0.0
0.05,1.5,0.2,R_1P81VK8fH860C4V,inference_categories,dailydilemmas,2,4,0.75,-0.6928577825296892,0.75,-0.5865872221959073,0.1062705603337819,0.0
0.05,1.5,0.2,R_1P81VK8fH860C4V,inference_categories,dailydilemmas,3,4,0.25,-0.6932254130917721,0.5,-0.6809471438189321,0.012278269272840037,0.25
0.05,1.5,0.2,R_1P81VK8fH860C4V,inference_categories,dailydilemmas,4,4,1.0,-0.6913179800919581,1.0,-0.5388586318973844,0.15245934819457374,0.0
0.05,1.5,0.2,R_7go085j249AymBb,inference_categories,dailydilemmas,0,4,0.5,-0.6920457681275483,0.5,-0.6197863895835045,0.07225937854404374,0.0
0.05,1.5,0.2,R_7go085j249AymBb,inference_categories,dailydilemmas,1,4,0.75,-0.6918687893093179,0.75,-0.5809042111947896,0.11096457811452831,0.0
0.05,1.5,0.2,R_7go085j249AymBb,inference_categories,dailydilemmas,2,4,0.75,-0.6916919699910548,1.0,-0.567972098828287,0.12371987116276773,0.25
0.05,1.5,0.2,R_7go085j249AymBb,inference_categories,dailydilemmas,3,4,0.75,-0.6921476975615788,0.75,-0.5979299186804543,0.09421777888112448,0.0
0.05,1.5,0.2,R_7go085j249AymBb,inference_categories,dailydilemmas,4,4,0.5,-0.6933859969559947,0.5,-0.7198098535624993,-0.026423856606504592,0.0
0.05,1.5,0.2,R_6xzSCFMWRhzZIRg,inference_categories,dailydilemmas,0,4,0.25,-0.6927821561848767,0.25,-0.6623815956789842,0.03040056050589246,0.0
0.05,1.5,0.2,R_6xzSCFMWRhzZIRg,inference_categories,dailydilemmas,1,4,0.75,-0.6925641341245401,0.75,-0.6297863130780468,0.06277782104649332,0.0
0.05,1.5,0.2,R_6xzSCFMWRhzZIRg,inference_categories,dailydilemmas,2,4,0.75,-0.6928042560852457,0.75,-0.6356091737389106,0.05719508234633508,0.0
0.05,1.5,0.2,R_6xzSCFMWRhzZIRg,inference_categories,dailydilemmas,3,4,1.0,-0.6921312027011314,0.75,-0.6476858744820304,0.044445328219100966,-0.25
0.05,1.5,0.2,R_6xzSCFMWRhzZIRg,inference_categories,dailydilemmas,4,4,0.75,-0.6925934243944709,0.5,-0.6464623125497494,0.04613111184472152,-0.25
0.05,1.5,0.2,R_5EychZPB1u00qZH,inference_categories,dailydilemmas,0,4,1.0,-0.6915691978027982,0.75,-0.5603049176759649,0.13126428012683333,-0.25
0.05,1.5,0.2,R_5EychZPB1u00qZH,inference_categories,dailydilemmas,1,4,0.5,-0.6922579912654148,0.75,-0.613832118627415,0.07842587263799972,0.25
0.05,1.5,0.2,R_5EychZPB1u00qZH,inference_categories,dailydilemmas,2,4,1.0,-0.6920351292436367,1.0,-0.5914592627719447,0.10057586647169203,0.0
0.05,1.5,0.2,R_5EychZPB1u00qZH,inference_categories,dailydilemmas,3,4,1.0,-0.6918581079995139,1.0,-0.5605881317101359,0.13126997628937798,0.0
0.05,1.5,0.2,R_5EychZPB1u00qZH,inference_categories,dailydilemmas,4,4,0.25,-0.693113923592781,0.25,-0.7324759749672582,-0.039362051374477236,0.0
0.05,1.5,0.2,R_59glCvaBnt5WTU6,inference_categories,dailydilemmas,0,4,0.5,-0.6934585289871318,0.5,-0.7133041032341894,-0.019845574247057574,0.0
0.05,1.5,0.2,R_59glCvaBnt5WTU6,inference_categories,dailydilemmas,1,4,0.75,-0.6924249223884483,0.75,-0.6044307537106622,0.08799416867778609,0.0
0.05,1.5,0.2,R_59glCvaBnt5WTU6,inference_categories,dailydilemmas,2,4,0.75,-0.6921256744126439,1.0,-0.5966250403961931,0.09550063401645081,0.25
0.05,1.5,0.2,R_59glCvaBnt5WTU6,inference_categories,dailydilemmas,3,4,0.75,-0.6923140677501498,0.75,-0.6166612402505741,0.07565282749957569,0.0
0.05,1.5,0.2,R_59glCvaBnt5WTU6,inference_categories,dailydilemmas,4,4,0.75,-0.6924660984930848,0.75,-0.6528373765714484,0.03962872192163647,0.0
0.05,1.5,0.2,R_1nBL27EvLs0Bkk4,inference_categories,dailydilemmas,0,4,0.5,-0.6925040934732599,0.75,-0.6207500488994487,0.07175404457381118,0.25
0.05,1.5,0.2,R_1nBL27EvLs0Bkk4,inference_categories,dailydilemmas,1,4,0.25,-0.693942222109138,0.5,-0.7722003118777516,-0.07825808976861359,0.25
0.05,1.5,0.2,R_1nBL27EvLs0Bkk4,inference_categories,dailydilemmas,2,4,0.75,-0.6912821629528922,0.75,-0.6124986533343306,0.07878350961856162,0.0
0.05,1.5,0.2,R_1nBL27EvLs0Bkk4,inference_categories,dailydilemmas,3,4,0.5,-0.6924616239598635,0.75,-0.6586737045518786,0.03378791940798498,0.25
0.05,1.5,0.2,R_1nBL27EvLs0Bkk4,inference_categories,dailydilemmas,4,4,1.0,-0.6911718043804796,1.0,-0.5885598487432132,0.10261195563726644,0.0
0.05,1.5,0.2,R_6FsUQnzEYAQwtwa,inference_categories,dailydilemmas,0,4,0.75,-0.6927384253042169,0.75,-0.6670653418082327,0.025673083495984184,0.0
0.05,1.5,0.2,R_6FsUQnzEYAQwtwa,inference_categories,dailydilemmas,1,4,0.5,-0.6927163458859349,0.25,-0.6821038436847086,0.010612502201226337,-0.25
0.05,1.5,0.2,R_6FsUQnzEYAQwtwa,inference_categories,dailydilemmas,2,4,0.5,-0.6932754640605925,0.75,-0.6595224512012928,0.03375301285929966,0.25
0.05,1.5,0.2,R_6FsUQnzEYAQwtwa,inference_categories,dailydilemmas,3,4,0.75,-0.6926125292192916,0.5,-0.7200259877018165,-0.027413458482524855,-0.25
0.05,1.5,0.2,R_6FsUQnzEYAQwtwa,inference_categories,dailydilemmas,4,4,0.75,-0.6926171705827615,0.5,-0.6524056458409134,0.04021152474184808,-0.25
0.05,1.5,0.2,R_5pX1jjp1Yu1RSN7,inference_categories,dailydilemmas,0,4,1.0,-0.6916563926178843,1.0,-0.5727293951780035,0.11892699743988078,0.0
0.05,1.5,0.2,R_5pX1jjp1Yu1RSN7,inference_categories,dailydilemmas,1,4,0.75,-0.6913416045752215,0.75,-0.5756649712580825,0.11567663331713907,0.0
0.05,1.5,0.2,R_5pX1jjp1Yu1RSN7,inference_categories,dailydilemmas,2,4,0.75,-0.6917451406050665,0.75,-0.5687003101832566,0.12304483042180991,0.0
0.05,1.5,0.2,R_5pX1jjp1Yu1RSN7,inference_categories,dailydilemmas,3,4,0.75,-0.6915415809271314,0.75,-0.629529499293787,0.062012081633344374,0.0
0.05,1.5,0.2,R_5pX1jjp1Yu1RSN7,inference_categories,dailydilemmas,4,4,0.25,-0.6954732529707177,0.25,-0.8574595713561373,-0.16198631838541955,0.0
0.05,1.5,0.2,R_5DY1mtPtJpWz8WC,inference_categories,dailydilemmas,0,5,1.0,-0.6901900358599771,1.0,-0.4425713963452817,0.24761863951469537,0.0
0.05,1.5,0.2,R_5DY1mtPtJpWz8WC,inference_categories,dailydilemmas,1,5,0.6,-0.6912324351004475,0.8,-0.5489188148974378,0.14231362020300975,0.20000000000000007
0.05,1.5,0.2,R_5DY1mtPtJpWz8WC,inference_categories,dailydilemmas,2,5,0.8,-0.691829432035987,0.8,-0.5896059335892841,0.10222349844670287,0.0
0.05,1.5,0.2,R_5DY1mtPtJpWz8WC,inference_categories,dailydilemmas,3,5,0.6,-0.6903303706504949,0.6,-0.5067616359406362,0.18356873470985868,0.0
0.05,1.5,0.2,R_1PN3SGDWOMibPAh,inference_categories,dailydilemmas,0,4,0.75,-0.6919509454770811,1.0,-0.606819742732656,0.0851312027444251,0.25
0.05,1.5,0.2,R_1PN3SGDWOMibPAh,inference_categories,dailydilemmas,1,4,0.5,-0.693423134032705,0.75,-0.7298449219665548,-0.03642178793384987,0.25
0.05,1.5,0.2,R_1PN3SGDWOMibPAh,inference_categories,dailydilemmas,2,4,0.5,-0.692956189895669,0.75,-0.6454883076082738,0.04746788228739518,0.25
0.05,1.5,0.2,R_1PN3SGDWOMibPAh,inference_categories,dailydilemmas,3,4,0.5,-0.6922843616630568,0.5,-0.6256989365019638,0.066585425161093,0.0
0.05,1.5,0.2,R_1PN3SGDWOMibPAh,inference_categories,dailydilemmas,4,4,1.0,-0.6918221546867992,1.0,-0.6214048568297493,0.07041729785704987,0.0
0.05,1.5,0.2,R_3SrBXsc2uYrsSZz,inference_categories,dailydilemmas,0,4,0.5,-0.6921819867098238,0.75,-0.6292812914074326,0.06290069530239117,0.25
0.05,1.5,0.2,R_3SrBXsc2uYrsSZz,inference_categories,dailydilemmas,1,4,0.75,-0.6927603848918005,0.5,-0.6998856570908849,-0.0071252721990844314,-0.25
0.05,1.5,0.2,R_3SrBXsc2uYrsSZz,inference_categories,dailydilemmas,2,4,0.5,-0.6928712779217644,0.5,-0.7371730029964095,-0.04430172507464514,0.0
0.05,1.5,0.2,R_3SrBXsc2uYrsSZz,inference_categories,dailydilemmas,3,4,0.75,-0.6917737093762071,0.75,-0.5829716309068277,0.10880207846937939,0.0
0.05,1.5,0.2,R_3SrBXsc2uYrsSZz,inference_categories,dailydilemmas,4,4,1.0,-0.691789791299691,1.0,-0.5965159049461631,0.09527388635352785,0.0
0.05,1.5,0.2,R_7rNeEq8TvAxjqdL,inference_categories,dailydilemmas,0,4,0.75,-0.6911846470944386,0.75,-0.5528889393140806,0.13829570778035805,0.0
0.05,1.5,0.2,R_7rNeEq8TvAxjqdL,inference_categories,dailydilemmas,1,4,0.75,-0.69164818192401,0.75,-0.5874017343934409,0.10424644753056911,0.0
0.05,1.5,0.2,R_7rNeEq8TvAxjqdL,inference_categories,dailydilemmas,2,4,1.0,-0.6907843678215682,1.0,-0.5298892303449075,0.16089513747666062,0.0
0.05,1.5,0.2,R_7rNeEq8TvAxjqdL,inference_categories,dailydilemmas,3,4,0.75,-0.6922579415528716,0.5,-0.6730691219346723,0.019188819618199293,-0.25
0.05,1.5,0.2,R_7rNeEq8TvAxjqdL,inference_categories,dailydilemmas,4,4,0.75,-0.6916794143622071,1.0,-0.580787174880063,0.1108922394821441,0.25
0.05,1.5,0.2,R_7QAkOtO6FETwKSv,inference_categories,dailydilemmas,0,4,0.5,-0.6935653153634046,0.5,-0.7680906736143566,-0.07452535825095197,0.0
0.05,1.5,0.2,R_7QAkOtO6FETwKSv,inference_categories,dailydilemmas,1,4,0.75,-0.6922413992091314,0.75,-0.6576470208109788,0.0345943783981526,0.0
0.05,1.5,0.2,R_7QAkOtO6FETwKSv,inference_categories,dailydilemmas,2,4,0.5,-0.6929267303893999,0.5,-0.7596522727395885,-0.06672554235018857,0.0
0.05,1.5,0.2,R_7QAkOtO6FETwKSv,inference_categories,dailydilemmas,3,4,1.0,-0.6920532080201354,0.5,-0.7054383616309361,-0.013385153610800726,-0.5
0.05,1.5,0.2,R_7QAkOtO6FETwKSv,inference_categories,dailydilemmas,4,4,0.5,-0.692874388257928,0.5,-0.7050934724006893,-0.012219084142761294,0.0
0.05,1.5,0.2,R_6gCrJV80LvD23XK,choice_only,dailydilemmas,0,4,0.5,-0.693771785100323,0.5,-0.7623043658938501,-0.06853258079352709,0.0
0.05,1.5,0.2,R_6gCrJV80LvD23XK,choice_only,dailydilemmas,1,4,1.0,-0.6920506137011905,1.0,-0.5697211733364957,0.12232944036469473,0.0
0.05,1.5,0.2,R_6gCrJV80LvD23XK,choice_only,dailydilemmas,2,4,0.75,-0.692272194395104,0.75,-0.6406146439800595,0.051657550415044495,0.0
0.05,1.5,0.2,R_6gCrJV80LvD23XK,choice_only,dailydilemmas,3,4,0.25,-0.6935722697383494,0.25,-0.7311366754598347,-0.03756440572148534,0.0
0.05,1.5,0.2,R_6gCrJV80LvD23XK,choice_only,dailydilemmas,4,4,0.5,-0.69288341392352,0.5,-0.6717138202882612,0.021169593635258832,0.0
0.05,1.5,0.2,R_7SrhV7HvgsG1fvA,choice_only,dailydilemmas,0,4,0.5,-0.6919869228690966,0.5,-0.6417624386169318,0.05022448425216475,0.0
0.05,1.5,0.2,R_7SrhV7HvgsG1fvA,choice_only,dailydilemmas,1,4,0.75,-0.6927850648558612,1.0,-0.6622367556811984,0.03054830917466278,0.25
0.05,1.5,0.2,R_7SrhV7HvgsG1fvA,choice_only,dailydilemmas,2,4,0.5,-0.6932548429514276,0.5,-0.7341229189156817,-0.040868075964254125,0.0
0.05,1.5,0.2,R_7SrhV7HvgsG1fvA,choice_only,dailydilemmas,3,4,0.75,-0.6925621208023383,1.0,-0.6488511870437993,0.04371093375853896,0.25
0.05,1.5,0.2,R_7SrhV7HvgsG1fvA,choice_only,dailydilemmas,4,4,0.0,-0.694777709820397,0.0,-0.8150445773756837,-0.1202668675552867,0.0
0.05,1.5,0.2,R_5aLcKnMSH0hrVLH,choice_only,dailydilemmas,0,4,1.0,-0.6923263146045625,1.0,-0.6038746553856295,0.08845165921893305,0.0
0.05,1.5,0.2,R_5aLcKnMSH0hrVLH,choice_only,dailydilemmas,1,4,1.0,-0.691702529524409,0.75,-0.6040561315310526,0.08764639799335638,-0.25
0.05,1.5,0.2,R_5aLcKnMSH0hrVLH,choice_only,dailydilemmas,2,4,0.75,-0.6924378717203983,0.5,-0.636056588269835,0.05638128345056326,-0.25
0.05,1.5,0.2,R_5aLcKnMSH0hrVLH,choice_only,dailydilemmas,3,4,1.0,-0.6922143155928429,1.0,-0.6562703667345263,0.03594394885831653,0.0
0.05,1.5,0.2,R_5aLcKnMSH0hrVLH,choice_only,dailydilemmas,4,4,0.5,-0.6935217086981267,0.5,-0.7644273510255217,-0.07090564232739505,0.0
0.05,1.5,0.2,R_6E6esO9YjIptSgZ,choice_only,dailydilemmas,0,5,0.4,-0.6933243109022651,0.4,-0.7054602416980122,-0.012135930795747152,0.0
0.05,1.5,0.2,R_6E6esO9YjIptSgZ,choice_only,dailydilemmas,1,5,0.4,-0.6935058840958112,0.4,-0.6820935462427143,0.01141233785309681,0.0
0.05,1.5,0.2,R_6E6esO9YjIptSgZ,choice_only,dailydilemmas,2,5,0.4,-0.693025151606699,1.0,-0.6447133923943393,0.04831175921235964,0.6
0.05,1.5,0.2,R_6E6esO9YjIptSgZ,choice_only,dailydilemmas,3,5,0.4,-0.693228696324342,0.4,-0.6870833082646364,0.006145388059705659,0.0
0.05,1.5,0.2,R_1MCxQvFXsgFj9AZ,choice_only,dailydilemmas,0,4,0.0,-0.6941318405634145,0.5,-0.7124398208359541,-0.01830798027253966,0.5
0.05,1.5,0.2,R_1MCxQvFXsgFj9AZ,choice_only,dailydilemmas,1,4,0.75,-0.6930678237544948,0.5,-0.6862570048935281,0.006810818860966683,-0.25
0.05,1.5,0.2,R_1MCxQvFXsgFj9AZ,choice_only,dailydilemmas,2,4,0.25,-0.6935068931572397,0.25,-0.7521454362139278,-0.05863854305668814,0.0
0.05,1.5,0.2,R_1MCxQvFXsgFj9AZ,choice_only,dailydilemmas,3,4,0.25,-0.6936224990050501,0.25,-0.7175711700858988,-0.023948671080848638,0.0
0.05,1.5,0.2,R_1MCxQvFXsgFj9AZ,choice_only,dailydilemmas,4,4,0.75,-0.6930774068097307,0.5,-0.6906203734669647,0.002457033342766035,-0.25
0.05,1.5,0.2,R_3JfmC4gRU1JpbNv,choice_only,dailydilemmas,0,4,0.75,-0.691414093721901,0.75,-0.5835649645602115,0.10784912916168954,0.0
0.05,1.5,0.2,R_3JfmC4gRU1JpbNv,choice_only,dailydilemmas,1,4,1.0,-0.6911231568843574,1.0,-0.5451955575526863,0.1459275993316711,0.0
0.05,1.5,0.2,R_3JfmC4gRU1JpbNv,choice_only,dailydilemmas,2,4,0.5,-0.6937110318112766,0.5,-0.7168610759186562,-0.02315004410737964,0.0
0.05,1.5,0.2,R_3JfmC4gRU1JpbNv,choice_only,dailydilemmas,3,4,0.5,-0.6933484607438867,0.5,-0.6683160778098595,0.02503238293402721,0.0
0.05,1.5,0.2,R_3JfmC4gRU1JpbNv,choice_only,dailydilemmas,4,4,1.0,-0.691460935575063,1.0,-0.5597013328433629,0.13175960273170018,0.0
0.05,1.5,0.2,R_7QGHM1iZnW1jfRx,choice_only,dailydilemmas,0,4,0.5,-0.6933461948959684,0.5,-0.6948283927692911,-0.0014821978733227104,0.0
0.05,1.5,0.2,R_7QGHM1iZnW1jfRx,choice_only,dailydilemmas,1,4,0.5,-0.6933979723363053,0.5,-0.7209386001075477,-0.027540627771242443,0.0
0.05,1.5,0.2,R_7QGHM1iZnW1jfRx,choice_only,dailydilemmas,2,4,0.5,-0.692723397096704,0.25,-0.7037469315006161,-0.011023534403912016,-0.25
0.05,1.5,0.2,R_7QGHM1iZnW1jfRx,choice_only,dailydilemmas,3,4,0.75,-0.693106248193503,0.75,-0.6771035103274408,0.01600273786606221,0.0
0.05,1.5,0.2,R_7QGHM1iZnW1jfRx,choice_only,dailydilemmas,4,4,0.25,-0.6938567634717323,0.25,-0.7315161765973378,-0.0376594131256055,0.0
0.05,1.5,0.2,R_6rBDZvDRiktj92h,choice_only,dailydilemmas,0,4,0.75,-0.6919508583886247,0.5,-0.6576226122615974,0.03432824612702734,-0.25
0.05,1.5,0.2,R_6rBDZvDRiktj92h,choice_only,dailydilemmas,1,4,0.5,-0.6920848654673555,0.5,-0.6340945475415577,0.057990317925797785,0.0
0.05,1.5,0.2,R_6rBDZvDRiktj92h,choice_only,dailydilemmas,2,4,0.75,-0.6926821806338346,0.75,-0.6894457847696365,0.003236395864198105,0.0
0.05,1.5,0.2,R_6rBDZvDRiktj92h,choice_only,dailydilemmas,3,4,0.5,-0.6925047484490472,0.5,-0.6904190397927643,0.002085708656282881,0.0
0.05,1.5,0.2,R_6rBDZvDRiktj92h,choice_only,dailydilemmas,4,4,0.5,-0.6936433799394314,0.5,-0.7484311058612259,-0.05478772592179448,0.0
0.05,1.5,0.2,R_7DZXdu8GHiSZQbw,choice_only,dailydilemmas,0,5,0.8,-0.6915098669160649,0.8,-0.5863664282285799,0.10514343868748499,0.0
0.05,1.5,0.2,R_7DZXdu8GHiSZQbw,choice_only,dailydilemmas,1,5,0.6,-0.690806185488559,0.6,-0.5610037277517576,0.12980245773680144,0.0
0.05,1.5,0.2,R_7DZXdu8GHiSZQbw,choice_only,dailydilemmas,2,5,0.8,-0.6908536245536288,0.8,-0.5441739976727319,0.14667962688089686,0.0
0.05,1.5,0.2,R_7DZXdu8GHiSZQbw,choice_only,dailydilemmas,3,5,0.8,-0.6915137653328134,0.8,-0.6070427638433438,0.08447100148946962,0.0
0.05,1.5,0.2,R_3wNdGb7QZmozWdV,inference_affirm,dailydilemmas,0,4,0.75,-0.6925585495452946,0.5,-0.7064694675622346,-0.01391091801694,-0.25
0.05,1.5,0.2,R_3wNdGb7QZmozWdV,inference_affirm,dailydilemmas,1,4,0.5,-0.692981251064235,0.5,-0.693734287428903,-0.0007530363646679472,0.0
0.05,1.5,0.2,R_3wNdGb7QZmozWdV,inference_affirm,dailydilemmas,2,4,0.25,-0.693020012554981,0.25,-0.7480208869123793,-0.05500087435739831,0.0
0.05,1.5,0.2,R_3wNdGb7QZmozWdV,inference_affirm,dailydilemmas,3,4,1.0,-0.6923061806371242,0.75,-0.6541034035888824,0.03820277704824182,-0.25
0.05,1.5,0.2,R_3wNdGb7QZmozWdV,inference_affirm,dailydilemmas,4,4,0.75,-0.6922461602262034,0.5,-0.6541872082438964,0.03805895198230702,-0.25
0.05,1.5,0.2,R_54BDOExpKqNLP7U,choice_only,dailydilemmas,0,5,1.0,-0.690222392201228,1.0,-0.48126444010797814,0.2089579520932499,0.0
0.05,1.5,0.2,R_54BDOExpKqNLP7U,choice_only,dailydilemmas,1,5,0.8,-0.6912457920133276,1.0,-0.5455707397582685,0.14567505225505906,0.19999999999999996
0.05,1.5,0.2,R_54BDOExpKqNLP7U,choice_only,dailydilemmas,2,5,0.6,-0.6923603456842805,0.6,-0.6535029266555555,0.03885741902872497,0.0
0.05,1.5,0.2,R_54BDOExpKqNLP7U,choice_only,dailydilemmas,3,5,0.8,-0.6900271794005838,1.0,-0.45526903526251045,0.23475814413807333,0.19999999999999996
0.05,1.5,0.2,R_7FP7x1oOPEhKFnt,choice_only,dailydilemmas,0,4,1.0,-0.6919280667454282,1.0,-0.56693140574824,0.1249966609971882,0.0
0.05,1.5,0.2,R_7FP7x1oOPEhKFnt,choice_only,dailydilemmas,1,4,0.5,-0.6928210627175507,1.0,-0.6376487734914849,0.055172289226065874,0.5
0.05,1.5,0.2,R_7FP7x1oOPEhKFnt,choice_only,dailydilemmas,2,4,1.0,-0.6925045821357162,0.75,-0.6363857154031342,0.05611886673258204,-0.25
0.05,1.5,0.2,R_7FP7x1oOPEhKFnt,choice_only,dailydilemmas,3,4,0.75,-0.6929586161800017,0.75,-0.6989295939911883,-0.005970977811186606,0.0
0.05,1.5,0.2,R_7FP7x1oOPEhKFnt,choice_only,dailydilemmas,4,4,0.75,-0.6921518574026817,0.5,-0.6311519486558198,0.0609999087468619,-0.25
0.05,1.5,0.2,R_3RlcXTweCHzrYtz,choice_only,dailydilemmas,0,4,0.75,-0.692169622767719,0.75,-0.6155333313118719,0.07663629145584705,0.0
0.05,1.5,0.2,R_3RlcXTweCHzrYtz,choice_only,dailydilemmas,1,4,0.5,-0.6921245155651763,0.5,-0.6342384516509667,0.057886063914209585,0.0
0.05,1.5,0.2,R_3RlcXTweCHzrYtz,choice_only,dailydilemmas,2,4,0.25,-0.6934837659178836,0.5,-0.7216831147169033,-0.02819934879901964,0.25
0.05,1.5,0.2,R_3RlcXTweCHzrYtz,choice_only,dailydilemmas,3,4,0.5,-0.6932357233524356,0.5,-0.7100179709255303,-0.016782247573094766,0.0
0.05,1.5,0.2,R_3RlcXTweCHzrYtz,choice_only,dailydilemmas,4,4,0.75,-0.6924225385240101,0.75,-0.6077533487113486,0.08466918981266158,0.0
0.05,1.5,0.2,R_64MjAxTXtmHjKMx,choice_only,dailydilemmas,0,4,0.5,-0.6926941351033684,0.5,-0.6521466147298527,0.04054752037351572,0.0
0.05,1.5,0.2,R_64MjAxTXtmHjKMx,choice_only,dailydilemmas,1,4,0.25,-0.6940710556215365,0.25,-0.676927110671755,0.017143944949781442,0.0
0.05,1.5,0.2,R_64MjAxTXtmHjKMx,choice_only,dailydilemmas,2,4,0.25,-0.6938039134381895,0.25,-0.792382275499179,-0.09857836206098947,0.0
0.05,1.5,0.2,R_64MjAxTXtmHjKMx,choice_only,dailydilemmas,3,4,0.75,-0.6920861844549647,0.75,-0.5900790089224803,0.1020071755324844,0.0
0.05,1.5,0.2,R_64MjAxTXtmHjKMx,choice_only,dailydilemmas,4,4,1.0,-0.6918386995488164,1.0,-0.5532800152021845,0.13855868434663188,0.0
0.05,1.5,0.2,R_5B7Sbr53fSq1D3z,inference_affirm,dailydilemmas,0,4,1.0,-0.6924009679036246,0.75,-0.6603310254735839,0.03206994243004069,-0.25
0.05,1.5,0.2,R_5B7Sbr53fSq1D3z,inference_affirm,dailydilemmas,1,4,1.0,-0.6914967585051052,0.75,-0.5802607178365702,0.11123604066853499,-0.25
0.05,1.5,0.2,R_5B7Sbr53fSq1D3z,inference_affirm,dailydilemmas,2,4,0.5,-0.6916899171728221,0.75,-0.5980958889402916,0.09359402823253049,0.25
0.05,1.5,0.2,R_5B7Sbr53fSq1D3z,inference_affirm,dailydilemmas,3,4,0.5,-0.6925555829975424,0.5,-0.6296504768518522,0.06290510614569023,0.0
0.05,1.5,0.2,R_5B7Sbr53fSq1D3z,inference_affirm,dailydilemmas,4,4,0.5,-0.6934639971088424,0.25,-0.7153120195898532,-0.02184802248101081,-0.25
0.05,1.5,0.2,R_7fTeTaHgGhgcqkN,inference_affirm,dailydilemmas,0,4,0.75,-0.6918140257887567,1.0,-0.6003939883949986,0.09142003739375815,0.25
0.05,1.5,0.2,R_7fTeTaHgGhgcqkN,inference_affirm,dailydilemmas,1,4,0.75,-0.6912834457678454,1.0,-0.5807567511981632,0.11052669456968223,0.25
0.05,1.5,0.2,R_7fTeTaHgGhgcqkN,inference_affirm,dailydilemmas,2,4,1.0,-0.6919592595083794,1.0,-0.5959049462315176,0.09605431327686187,0.0
0.05,1.5,0.2,R_7fTeTaHgGhgcqkN,inference_affirm,dailydilemmas,3,4,0.5,-0.6923729489017025,0.5,-0.6673174356327795,0.02505551326892308,0.0
0.05,1.5,0.2,R_7fTeTaHgGhgcqkN,inference_affirm,dailydilemmas,4,4,0.75,-0.6914575245591041,0.75,-0.5994047544216289,0.09205277013747526,0.0
0.05,1.5,0.2,R_12tlw5u4cVbNiP1,inference_affirm,dailydilemmas,0,4,0.75,-0.6916294137246326,0.75,-0.6011102270569355,0.0905191866676971,0.0
0.05,1.5,0.2,R_12tlw5u4cVbNiP1,inference_affirm,dailydilemmas,1,4,0.5,-0.6922729032778986,0.5,-0.6387741887707956,0.053498714507102973,0.0
0.05,1.5,0.2,R_12tlw5u4cVbNiP1,inference_affirm,dailydilemmas,2,4,1.0,-0.6913990748711327,1.0,-0.5609061387821843,0.1304929360889484,0.0
0.05,1.5,0.2,R_12tlw5u4cVbNiP1,inference_affirm,dailydilemmas,3,4,0.75,-0.6917636640252386,0.75,-0.5713991087830416,0.12036455524219702,0.0
0.05,1.5,0.2,R_12tlw5u4cVbNiP1,inference_affirm,dailydilemmas,4,4,0.75,-0.6918227014195795,1.0,-0.5960832406825208,0.09573946073705863,0.25
0.05,1.5,0.3,R_5EfMjMbx1z8Kvhl,inference_categories,dailydilemmas,0,4,0.75,-0.6923275991814979,0.5,-0.6954486681075713,-0.0031210689260734448,-0.25
0.05,1.5,0.3,R_5EfMjMbx1z8Kvhl,inference_categories,dailydilemmas,1,4,0.5,-0.692107728588651,0.75,-0.6567973618685692,0.03531036672008181,0.25
0.05,1.5,0.3,R_5EfMjMbx1z8Kvhl,inference_categories,dailydilemmas,2,4,0.5,-0.6930055898490717,0.75,-0.6592991271564264,0.03370646269264532,0.25
0.05,1.5,0.3,R_5EfMjMbx1z8Kvhl,inference_categories,dailydilemmas,3,4,0.75,-0.6921698893625947,1.0,-0.6071328500892836,0.08503703927331108,0.25
0.05,1.5,0.3,R_5EfMjMbx1z8Kvhl,inference_categories,dailydilemmas,4,4,0.5,-0.6916124977152831,0.5,-0.6201799977229399,0.07143249999234325,0.0
0.05,1.5,0.3,R_56aT1YjmRtKACUH,inference_categories,dailydilemmas,0,4,0.75,-0.6928161057074206,1.0,-0.6421569624605477,0.05065914324687293,0.25
0.05,1.5,0.3,R_56aT1YjmRtKACUH,inference_categories,dailydilemmas,1,4,0.25,-0.6937101957354634,0.5,-0.7356945209585358,-0.04198432522307238,0.25
0.05,1.5,0.3,R_56aT1YjmRtKACUH,inference_categories,dailydilemmas,2,4,0.75,-0.6924772749383264,0.5,-0.6765876605472938,0.015889614391032647,-0.25
0.05,1.5,0.3,R_56aT1YjmRtKACUH,inference_categories,dailydilemmas,3,4,0.75,-0.692553249130433,0.5,-0.67119599554447,0.021357253585963076,-0.25
0.05,1.5,0.3,R_56aT1YjmRtKACUH,inference_categories,dailydilemmas,4,4,0.5,-0.6927715965415814,0.5,-0.6897779291136965,0.002993667427884872,0.0
0.05,1.5,0.3,R_3HS2lsaEfcZSuXu,inference_categories,dailydilemmas,0,4,1.0,-0.6922145708976619,0.75,-0.6158326692071856,0.07638190169047632,-0.25
0.05,1.5,0.3,R_3HS2lsaEfcZSuXu,inference_categories,dailydilemmas,1,4,0.5,-0.6935194048429342,0.5,-0.7746285512265196,-0.08110914638358546,0.0
0.05,1.5,0.3,R_3HS2lsaEfcZSuXu,inference_categories,dailydilemmas,2,4,0.5,-0.6928434999593708,0.5,-0.7040066679029748,-0.011163167943604058,0.0
0.05,1.5,0.3,R_3HS2lsaEfcZSuXu,inference_categories,dailydilemmas,3,4,0.5,-0.6925147737062834,0.75,-0.6147356957873036,0.07777907791897987,0.25
0.05,1.5,0.3,R_3HS2lsaEfcZSuXu,inference_categories,dailydilemmas,4,4,0.75,-0.6922641213528324,1.0,-0.6009799424581344,0.09128417889469809,0.25
0.05,1.5,0.3,R_6HoVfVJSFl7IrlL,inference_categories,dailydilemmas,0,4,0.75,-0.6928992813204569,0.75,-0.6805209852249703,0.012378296095486574,0.0
0.05,1.5,0.3,R_6HoVfVJSFl7IrlL,inference_categories,dailydilemmas,1,4,0.75,-0.692487035620315,0.75,-0.6232965381908966,0.06919049742941841,0.0
0.05,1.5,0.3,R_6HoVfVJSFl7IrlL,inference_categories,dailydilemmas,2,4,0.25,-0.6934830207785968,0.75,-0.7281394120966638,-0.03465639131806697,0.5
0.05,1.5,0.3,R_6HoVfVJSFl7IrlL,inference_categories,dailydilemmas,3,4,0.75,-0.6924371284265671,1.0,-0.6341500338309835,0.05828709459558368,0.25
0.05,1.5,0.3,R_6HoVfVJSFl7IrlL,inference_categories,dailydilemmas,4,4,0.75,-0.691991702915315,0.75,-0.6307075695854409,0.061284133329874035,0.0
0.05,1.5,0.3,R_5Q5TZ5csoblHSvA,inference_categories,dailydilemmas,0,4,0.5,-0.6932046971065635,0.25,-0.7312030740293389,-0.03799837692277541,-0.25
0.05,1.5,0.3,R_5Q5TZ5csoblHSvA,inference_categories,dailydilemmas,1,4,0.75,-0.6933010362528886,0.5,-0.691233705174005,0.002067331078883683,-0.25
0.05,1.5,0.3,R_5Q5TZ5csoblHSvA,inference_categories,dailydilemmas,2,4,0.5,-0.6925393726246563,0.75,-0.698506453227143,-0.005967080602486741,0.25
0.05,1.5,0.3,R_5Q5TZ5csoblHSvA,inference_categories,dailydilemmas,3,4,0.25,-0.693672157233209,0.25,-0.7126679613551161,-0.018995804121907156,0.0
0.05,1.5,0.3,R_5Q5TZ5csoblHSvA,inference_categories,dailydilemmas,4,4,0.5,-0.6927479762012052,0.5,-0.6896367521035048,0.0031112240977003713,0.0
0.05,1.5,0.3,R_18H831wJaDlPwgg,inference_categories,dailydilemmas,0,4,0.5,-0.6916147042699178,0.5,-0.6827222480990717,0.008892456170846108,0.0
0.05,1.5,0.3,R_18H831wJaDlPwgg,inference_categories,dailydilemmas,1,4,1.0,-0.6899870586634695,1.0,-0.5463006568742194,0.14368640178925018,0.0
0.05,1.5,0.3,R_18H831wJaDlPwgg,inference_categories,dailydilemmas,2,4,0.25,-0.6917238616310285,0.5,-0.5901808307931433,0.10154303083788518,0.25
0.05,1.5,0.3,R_18H831wJaDlPwgg,inference_categories,dailydilemmas,3,4,1.0,-0.6891156439819446,1.0,-0.5022397247003667,0.18687591928157787,0.0
0.05,1.5,0.3,R_18H831wJaDlPwgg,inference_categories,dailydilemmas,4,4,0.75,-0.6902118746874193,1.0,-0.51777447697892,0.1724373977084993,0.25
0.05,1.5,0.3,R_12mMAseFwoOpgqC,inference_categories,dailydilemmas,0,4,0.75,-0.6923560192102111,0.5,-0.6738237633250066,0.018532255885204463,-0.25
0.05,1.5,0.3,R_12mMAseFwoOpgqC,inference_categories,dailydilemmas,1,4,0.5,-0.692708683905009,0.5,-0.632680954437285,0.060027729467723945,0.0
0.05,1.5,0.3,R_12mMAseFwoOpgqC,inference_categories,dailydilemmas,2,4,0.5,-0.6938594465566419,0.25,-0.7236531391851209,-0.029793692628478974,-0.25
0.05,1.5,0.3,R_12mMAseFwoOpgqC,inference_categories,dailydilemmas,3,4,0.25,-0.693157141606494,0.5,-0.6914444963256925,0.0017126452808015058,0.25
0.05,1.5,0.3,R_12mMAseFwoOpgqC,inference_categories,dailydilemmas,4,4,0.75,-0.6923894076906529,0.5,-0.6495859441554692,0.04280346353518372,-0.25
0.05,1.5,0.3,R_7ojvA7NDI10RoKR,inference_categories,dailydilemmas,0,5,0.6,-0.6920068818772697,0.6,-0.612967681005171,0.0790392008720987,0.0
0.05,1.5,0.3,R_7ojvA7NDI10RoKR,inference_categories,dailydilemmas,1,5,0.8,-0.6917348847637751,1.0,-0.5929611180798956,0.0987737666838795,0.19999999999999996
0.05,1.5,0.3,R_7ojvA7NDI10RoKR,inference_categories,dailydilemmas,2,5,0.8,-0.6916545545853191,0.8,-0.6278549642367652,0.06379959034855387,0.0
0.05,1.5,0.3,R_7ojvA7NDI10RoKR,inference_categories,dailydilemmas,3,5,1.0,-0.6917046586626592,0.8,-0.5966603554625628,0.09504430320009638,-0.19999999999999996
0.05,1.5,0.3,R_5gbXjT8uFYXCo7E,inference_categories,dailydilemmas,0,4,0.25,-0.694026868559669,0.25,-0.7477914852938374,-0.053764616734168436,0.0
0.05,1.5,0.3,R_5gbXjT8uFYXCo7E,inference_categories,dailydilemmas,1,4,0.5,-0.6930937564136729,0.5,-0.6814370868888331,0.011656669524839791,0.0
0.05,1.5,0.3,R_5gbXjT8uFYXCo7E,inference_categories,dailydilemmas,2,4,0.5,-0.6928904338246693,0.75,-0.6674875434154077,0.02540289040926158,0.25
0.05,1.5,0.3,R_5gbXjT8uFYXCo7E,inference_categories,dailydilemmas,3,4,0.75,-0.6928488703434292,0.75,-0.6631156064209894,0.0297332639224398,0.0
0.05,1.5,0.3,R_5gbXjT8uFYXCo7E,inference_categories,dailydilemmas,4,4,0.75,-0.6923363356652761,0.75,-0.6522484247547935,0.04008791091048258,0.0
0.05,1.5,0.3,R_7f9o7q4AZOoP4ot,inference_categories,dailydilemmas,0,4,0.5,-0.6928590408729023,0.25,-0.7198852248336256,-0.027026183960723316,-0.25
0.05,1.5,0.3,R_7f9o7q4AZOoP4ot,inference_categories,dailydilemmas,1,4,0.25,-0.6940582712554482,0.5,-0.7683614345894773,-0.07430316333402909,0.25
0.05,1.5,0.3,R_7f9o7q4AZOoP4ot,inference_categories,dailydilemmas,2,4,0.25,-0.6938234561373877,0.25,-0.7309363486219804,-0.03711289248459271,0.0
0.05,1.5,0.3,R_7f9o7q4AZOoP4ot,inference_categories,dailydilemmas,3,4,0.5,-0.6930868562810306,0.25,-0.7373074777087182,-0.04422062142768757,-0.25
0.05,1.5,0.3,R_7f9o7q4AZOoP4ot,inference_categories,dailydilemmas,4,4,0.25,-0.6937483224132927,0.25,-0.7893585625716586,-0.09561024015836594,0.0
0.05,1.5,0.3,R_1WHYlcDjJDcnUfD,inference_categories,dailydilemmas,0,4,0.25,-0.6936107817399355,0.5,-0.708804451936477,-0.015193670196541498,0.25
0.05,1.5,0.3,R_1WHYlcDjJDcnUfD,inference_categories,dailydilemmas,1,4,0.75,-0.6927597897553112,0.75,-0.6878904773519061,0.004869312403405046,0.0
0.05,1.5,0.3,R_1WHYlcDjJDcnUfD,inference_categories,dailydilemmas,2,4,0.5,-0.692882790314926,0.75,-0.6777392071525168,0.015143583162409158,0.25
0.05,1.5,0.3,R_1WHYlcDjJDcnUfD,inference_categories,dailydilemmas,3,4,0.5,-0.6933126230141359,0.25,-0.7445067449334265,-0.051194121919290625,-0.25
0.05,1.5,0.3,R_1WHYlcDjJDcnUfD,inference_categories,dailydilemmas,4,4,0.5,-0.6933165620073277,1.0,-0.6717409173728568,0.021575644634470925,0.5
0.05,1.5,0.3,R_6Q0gBjey6IdfZpf,inference_categories,dailydilemmas,0,4,0.75,-0.6921669564928575,0.75,-0.63337939819222,0.05878755830063753,0.0
0.05,1.5,0.3,R_6Q0gBjey6IdfZpf,inference_categories,dailydilemmas,1,4,1.0,-0.6919515344248186,1.0,-0.5998730063782245,0.09207852804659411,0.0
0.05,1.5,0.3,R_6Q0gBjey6IdfZpf,inference_categories,dailydilemmas,2,4,0.75,-0.6922742370254034,0.75,-0.6041694766416454,0.08810476038375792,0.0
0.05,1.5,0.3,R_6Q0gBjey6IdfZpf,inference_categories,dailydilemmas,3,4,0.75,-0.6922809472749593,0.75,-0.6535044237999241,0.03877652347503513,0.0
0.05,1.5,0.3,R_6Q0gBjey6IdfZpf,inference_categories,dailydilemmas,4,4,0.5,-0.6923239171830518,0.75,-0.6033549804626666,0.0889689367203852,0.25
0.05,1.5,0.3,R_1wzohnjOPhN82Wd,inference_categories,dailydilemmas,0,4,0.75,-0.6912657817430935,0.75,-0.6437672222692853,0.04749855947380821,0.0
0.05,1.5,0.3,R_1wzohnjOPhN82Wd,inference_categories,dailydilemmas,1,4,0.75,-0.6910091198303364,0.75,-0.6126395235114537,0.07836959631888274,0.0
0.05,1.5,0.3,R_1wzohnjOPhN82Wd,inference_categories,dailydilemmas,2,4,0.75,-0.6916135310151922,0.75,-0.5587783190601762,0.13283521195501602,0.0
0.05,1.5,0.3,R_1wzohnjOPhN82Wd,inference_categories,dailydilemmas,3,4,0.75,-0.6912827721934094,1.0,-0.5868721338808275,0.1044106383125819,0.25
0.05,1.5,0.3,R_1wzohnjOPhN82Wd,inference_categories,dailydilemmas,4,4,0.25,-0.6945114868894781,0.5,-0.7280291848849373,-0.03351769799545923,0.25
0.05,1.5,0.3,R_70kbQcqJL4Tkq6B,inference_categories,dailydilemmas,0,4,0.5,-0.693099326816225,0.5,-0.7337481343035865,-0.04064880748736155,0.0
0.05,1.5,0.3,R_70kbQcqJL4Tkq6B,inference_categories,dailydilemmas,1,4,0.5,-0.6935456776381743,0.5,-0.685647983672794,0.007897693965380315,0.0
0.05,1.5,0.3,R_70kbQcqJL4Tkq6B,inference_categories,dailydilemmas,2,4,1.0,-0.6903881142268726,0.75,-0.6197138378609088,0.0706742763659638,-0.25
0.05,1.5,0.3,R_70kbQcqJL4Tkq6B,inference_categories,dailydilemmas,3,4,0.75,-0.6910186881848221,0.75,-0.6254769720111947,0.06554171617362747,0.0
0.05,1.5,0.3,R_70kbQcqJL4Tkq6B,inference_categories,dailydilemmas,4,4,0.75,-0.6910584094419714,1.0,-0.6094040624169134,0.08165434702505803,0.25
0.05,1.5,0.3,R_6rftRMhNP0o6boD,inference_categories,dailydilemmas,0,4,0.25,-0.6927920742765155,0.5,-0.6413703710020486,0.05142170327446682,0.25
0.05,1.5,0.3,R_6rftRMhNP0o6boD,inference_categories,dailydilemmas,1,4,0.5,-0.6924913932327733,0.75,-0.6997187218235764,-0.007227328590803106,0.25
0.05,1.5,0.3,R_6rftRMhNP0o6boD,inference_categories,dailydilemmas,2,4,0.75,-0.6930215747126403,0.25,-0.7408236105302665,-0.04780203581762621,-0.5
0.05,1.5,0.3,R_6rftRMhNP0o6boD,inference_categories,dailydilemmas,3,4,0.75,-0.6913539511353748,0.75,-0.634074188489064,0.05727976264631074,0.0
0.05,1.5,0.3,R_6rftRMhNP0o6boD,inference_categories,dailydilemmas,4,4,1.0,-0.6911317756524363,0.75,-0.6444343700806824,0.04669740557175395,-0.25
0.05,1.5,0.3,R_6jv2PrGBJcO4of6,inference_categories,dailydilemmas,0,4,1.0,-0.6913708595536875,0.75,-0.5675045671504737,0.12386629240321378,-0.25
0.05,1.5,0.3,R_6jv2PrGBJcO4of6,inference_categories,dailydilemmas,1,4,0.75,-0.6912995160513344,0.75,-0.6561784625286412,0.035121053522693235,0.0
0.05,1.5,0.3,R_6jv2PrGBJcO4of6,inference_categories,dailydilemmas,2,4,0.5,-0.6926591280607736,0.5,-0.7013318489746148,-0.008672720913841192,0.0
0.05,1.5,0.3,R_6jv2PrGBJcO4of6,inference_categories,dailydilemmas,3,4,0.75,-0.6920955861097676,0.75,-0.6426127029003517,0.04948288320941596,0.0
0.05,1.5,0.3,R_6jv2PrGBJcO4of6,inference_categories,dailydilemmas,4,4,0.5,-0.6944162521312823,0.5,-0.8366364225584662,-0.14222017042718382,0.0
0.05,1.5,0.3,R_1dHqTtKKq3yQvmX,inference_categories,dailydilemmas,0,4,0.75,-0.6901793664806752,0.75,-0.5401495627296147,0.15002980375106056,0.0
0.05,1.5,0.3,R_1dHqTtKKq3yQvmX,inference_categories,dailydilemmas,1,4,0.5,-0.6905398035230048,0.5,-0.5520927672566095,0.13844703626639532,0.0
0.05,1.5,0.3,R_1dHqTtKKq3yQvmX,inference_categories,dailydilemmas,2,4,0.75,-0.6916850396000928,0.75,-0.5918107688426937,0.09987427075739908,0.0
0.05,1.5,0.3,R_1dHqTtKKq3yQvmX,inference_categories,dailydilemmas,3,4,0.75,-0.6917166981820564,0.75,-0.6209637825831461,0.07075291559891028,0.0
0.05,1.5,0.3,R_1dHqTtKKq3yQvmX,inference_categories,dailydilemmas,4,4,0.75,-0.6905830384527758,0.75,-0.5353147485256871,0.15526828992708874,0.0
0.05,1.5,0.3,R_1P81VK8fH860C4V,inference_categories,dailydilemmas,0,4,1.0,-0.6920433577900249,1.0,-0.5926722009943939,0.09937115679563102,0.0
0.05,1.5,0.3,R_1P81VK8fH860C4V,inference_categories,dailydilemmas,1,4,1.0,-0.6919164570325738,1.0,-0.5381419891098532,0.15377446792272054,0.0
0.05,1.5,0.3,R_1P81VK8fH860C4V,inference_categories,dailydilemmas,2,4,0.75,-0.6928577825296892,0.75,-0.5770990700147683,0.11575871251492087,0.0
0.05,1.5,0.3,R_1P81VK8fH860C4V,inference_categories,dailydilemmas,3,4,0.25,-0.6932254130917721,0.5,-0.6772878686839886,0.0159375444077835,0.25
0.05,1.5,0.3,R_1P81VK8fH860C4V,inference_categories,dailydilemmas,4,4,1.0,-0.6913179800919581,1.0,-0.549547284354408,0.14177069573755008,0.0
0.05,1.5,0.3,R_7go085j249AymBb,inference_categories,dailydilemmas,0,4,0.5,-0.6920457681275483,0.5,-0.6200503798962831,0.07199538823126517,0.0
0.05,1.5,0.3,R_7go085j249AymBb,inference_categories,dailydilemmas,1,4,0.75,-0.6918687893093179,0.75,-0.575833608968145,0.116035180341173,0.0
0.05,1.5,0.3,R_7go085j249AymBb,inference_categories,dailydilemmas,2,4,0.75,-0.6916919699910548,1.0,-0.567562841574839,0.1241291284162157,0.25
0.05,1.5,0.3,R_7go085j249AymBb,inference_categories,dailydilemmas,3,4,0.75,-0.6921476975615788,0.75,-0.5907850934762007,0.10136260408537812,0.0
0.05,1.5,0.3,R_7go085j249AymBb,inference_categories,dailydilemmas,4,4,0.5,-0.6933859969559947,0.5,-0.7183986134799711,-0.02501261652397646,0.0
0.05,1.5,0.3,R_6xzSCFMWRhzZIRg,inference_categories,dailydilemmas,0,4,0.25,-0.6927821561848767,0.5,-0.6580277353725262,0.03475442081235047,0.25
0.05,1.5,0.3,R_6xzSCFMWRhzZIRg,inference_categories,dailydilemmas,1,4,0.75,-0.6925641341245401,0.75,-0.6206332493070135,0.07193088481752663,0.0
0.05,1.5,0.3,R_6xzSCFMWRhzZIRg,inference_categories,dailydilemmas,2,4,0.75,-0.6928042560852457,0.75,-0.6333913350630691,0.059412921022176546,0.0
0.05,1.5,0.3,R_6xzSCFMWRhzZIRg,inference_categories,dailydilemmas,3,4,1.0,-0.6921312027011314,0.75,-0.6746427301000629,0.01748847260106845,-0.25
0.05,1.5,0.3,R_6xzSCFMWRhzZIRg,inference_categories,dailydilemmas,4,4,0.75,-0.6925934243944709,0.5,-0.6422235960286693,0.05036982836580162,-0.25
0.05,1.5,0.3,R_5EychZPB1u00qZH,inference_categories,dailydilemmas,0,4,1.0,-0.6915691978027982,0.75,-0.57012391101899,0.12144528678380828,-0.25
0.05,1.5,0.3,R_5EychZPB1u00qZH,inference_categories,dailydilemmas,1,4,0.5,-0.6922579912654148,0.75,-0.6085973333538984,0.08366065791151633,0.25
0.05,1.5,0.3,R_5EychZPB1u00qZH,inference_categories,dailydilemmas,2,4,1.0,-0.6920351292436367,1.0,-0.5963987218328191,0.09563640741081769,0.0
0.05,1.5,0.3,R_5EychZPB1u00qZH,inference_categories,dailydilemmas,3,4,1.0,-0.6918581079995139,1.0,-0.5658570039906865,0.12600110400882736,0.0
0.05,1.5,0.3,R_5EychZPB1u00qZH,inference_categories,dailydilemmas,4,4,0.25,-0.693113923592781,0.25,-0.7276246972173154,-0.03451077362453436,0.0
0.05,1.5,0.3,R_59glCvaBnt5WTU6,inference_categories,dailydilemmas,0,4,0.5,-0.6934585289871318,0.5,-0.7161130305516572,-0.02265450156452542,0.0
0.05,1.5,0.3,R_59glCvaBnt5WTU6,inference_categories,dailydilemmas,1,4,0.75,-0.6924249223884483,1.0,-0.6064785103291918,0.08594641205925657,0.25
0.05,1.5,0.3,R_59glCvaBnt5WTU6,inference_categories,dailydilemmas,2,4,0.75,-0.6921256744126439,1.0,-0.5997566507736665,0.09236902363897748,0.25
0.05,1.5,0.3,R_59glCvaBnt5WTU6,inference_categories,dailydilemmas,3,4,0.75,-0.6923140677501498,0.5,-0.6176844799597537,0.07462958779039608,-0.25
0.05,1.5,0.3,R_59glCvaBnt5WTU6,inference_categories,dailydilemmas,4,4,0.75,-0.6924660984930848,0.75,-0.6573379875807139,0.03512811091237089,0.0
0.05,1.5,0.3,R_1nBL27EvLs0Bkk4,inference_categories,dailydilemmas,0,4,0.5,-0.6925040934732599,0.75,-0.6167255586342526,0.07577853483900732,0.25
0.05,1.5,0.3,R_1nBL27EvLs0Bkk4,inference_categories,dailydilemmas,1,4,0.25,-0.693942222109138,0.5,-0.7720789086723174,-0.0781366865631794,0.25
0.05,1.5,0.3,R_1nBL27EvLs0Bkk4,inference_categories,dailydilemmas,2,4,0.75,-0.6912821629528922,1.0,-0.6225925333228544,0.06868962963003789,0.25
0.05,1.5,0.3,R_1nBL27EvLs0Bkk4,inference_categories,dailydilemmas,3,4,0.5,-0.6924616239598635,0.75,-0.6617287247608987,0.030732899198964825,0.25
0.05,1.5,0.3,R_1nBL27EvLs0Bkk4,inference_categories,dailydilemmas,4,4,1.0,-0.6911718043804796,1.0,-0.6055006084082455,0.08567119597223416,0.0
0.05,1.5,0.3,R_6FsUQnzEYAQwtwa,inference_categories,dailydilemmas,0,4,0.75,-0.6927384253042169,0.75,-0.6713263238421796,0.021412101462037314,0.0
0.05,1.5,0.3,R_6FsUQnzEYAQwtwa,inference_categories,dailydilemmas,1,4,0.5,-0.6927163458859349,0.25,-0.681821408483706,0.01089493740222891,-0.25
0.05,1.5,0.3,R_6FsUQnzEYAQwtwa,inference_categories,dailydilemmas,2,4,0.5,-0.6932754640605925,0.75,-0.6538943224213066,0.039381141639285855,0.25
0.05,1.5,0.3,R_6FsUQnzEYAQwtwa,inference_categories,dailydilemmas,3,4,0.75,-0.6926125292192916,0.5,-0.7364011542549411,-0.04378862503564951,-0.25
0.05,1.5,0.3,R_6FsUQnzEYAQwtwa,inference_categories,dailydilemmas,4,4,0.75,-0.6926171705827615,0.5,-0.6537397644699157,0.03887740611284585,-0.25
0.05,1.5,0.3,R_5pX1jjp1Yu1RSN7,inference_categories,dailydilemmas,0,4,1.0,-0.6916563926178843,1.0,-0.5760554127612689,0.11560097985661533,0.0
0.05,1.5,0.3,R_5pX1jjp1Yu1RSN7,inference_categories,dailydilemmas,1,4,0.75,-0.6913416045752215,0.75,-0.578046261912491,0.11329534266273056,0.0
0.05,1.5,0.3,R_5pX1jjp1Yu1RSN7,inference_categories,dailydilemmas,2,4,0.75,-0.6917451406050665,0.75,-0.5681104632383592,0.1236346773667073,0.0
0.05,1.5,0.3,R_5pX1jjp1Yu1RSN7,inference_categories,dailydilemmas,3,4,0.75,-0.6915415809271314,0.75,-0.6414227045202028,0.05011887640692858,0.0
0.05,1.5,0.3,R_5pX1jjp1Yu1RSN7,inference_categories,dailydilemmas,4,4,0.25,-0.6954732529707177,0.25,-0.8536371538371694,-0.1581639008664517,0.0
0.05,1.5,0.3,R_5DY1mtPtJpWz8WC,inference_categories,dailydilemmas,0,5,1.0,-0.6901900358599771,1.0,-0.44756091540852017,0.2426291204514569,0.0
0.05,1.5,0.3,R_5DY1mtPtJpWz8WC,inference_categories,dailydilemmas,1,5,0.6,-0.6912324351004475,0.8,-0.5520854295021559,0.13914700559829163,0.20000000000000007
0.05,1.5,0.3,R_5DY1mtPtJpWz8WC,inference_categories,dailydilemmas,2,5,0.8,-0.691829432035987,1.0,-0.5922372285404024,0.09959220349558462,0.19999999999999996
0.05,1.5,0.3,R_5DY1mtPtJpWz8WC,inference_categories,dailydilemmas,3,5,0.6,-0.6903303706504949,0.6,-0.5129881723507388,0.17734219829975606,0.0
0.05,1.5,0.3,R_1PN3SGDWOMibPAh,inference_categories,dailydilemmas,0,4,0.75,-0.6919509454770811,1.0,-0.615113407748791,0.07683753772829016,0.25
0.05,1.5,0.3,R_1PN3SGDWOMibPAh,inference_categories,dailydilemmas,1,4,0.5,-0.693423134032705,0.75,-0.7190108459605355,-0.025587711927830603,0.25
0.05,1.5,0.3,R_1PN3SGDWOMibPAh,inference_categories,dailydilemmas,2,4,0.5,-0.692956189895669,0.75,-0.6401703601737176,0.05278582972195134,0.25
0.05,1.5,0.3,R_1PN3SGDWOMibPAh,inference_categories,dailydilemmas,3,4,0.5,-0.6922843616630568,0.5,-0.6162437595971281,0.07604060206592878,0.0
0.05,1.5,0.3,R_1PN3SGDWOMibPAh,inference_categories,dailydilemmas,4,4,1.0,-0.6918221546867992,0.75,-0.6276903569679672,0.06413179771883204,-0.25
0.05,1.5,0.3,R_3SrBXsc2uYrsSZz,inference_categories,dailydilemmas,0,4,0.5,-0.6921819867098238,0.75,-0.6305683754150282,0.06161361129479559,0.25
0.05,1.5,0.3,R_3SrBXsc2uYrsSZz,inference_categories,dailydilemmas,1,4,0.75,-0.6927603848918005,0.5,-0.6976510208066797,-0.00489063591487926,-0.25
0.05,1.5,0.3,R_3SrBXsc2uYrsSZz,inference_categories,dailydilemmas,2,4,0.5,-0.6928712779217644,0.5,-0.7326857650182015,-0.03981448709643709,0.0
0.05,1.5,0.3,R_3SrBXsc2uYrsSZz,inference_categories,dailydilemmas,3,4,0.75,-0.6917737093762071,0.75,-0.5848909761828407,0.10688273319336639,0.0
0.05,1.5,0.3,R_3SrBXsc2uYrsSZz,inference_categories,dailydilemmas,4,4,1.0,-0.691789791299691,1.0,-0.6027260653550226,0.08906372594466838,0.0
0.05,1.5,0.3,R_7rNeEq8TvAxjqdL,inference_categories,dailydilemmas,0,4,0.75,-0.6911846470944386,0.75,-0.5495078157504274,0.1416768313440112,0.0
0.05,1.5,0.3,R_7rNeEq8TvAxjqdL,inference_categories,dailydilemmas,1,4,0.75,-0.69164818192401,0.5,-0.6016652407936871,0.0899829411303229,-0.25
0.05,1.5,0.3,R_7rNeEq8TvAxjqdL,inference_categories,dailydilemmas,2,4,1.0,-0.6907843678215682,1.0,-0.5333130227872654,0.1574713450343027,0.0
0.05,1.5,0.3,R_7rNeEq8TvAxjqdL,inference_categories,dailydilemmas,3,4,0.75,-0.6922579415528716,0.5,-0.6742765556640009,0.01798138588887066,-0.25
0.05,1.5,0.3,R_7rNeEq8TvAxjqdL,inference_categories,dailydilemmas,4,4,0.75,-0.6916794143622071,1.0,-0.5785108511417554,0.11316856322045177,0.25
0.05,1.5,0.3,R_7QAkOtO6FETwKSv,inference_categories,dailydilemmas,0,4,0.5,-0.6935653153634046,0.5,-0.7706365010487788,-0.07707118568537419,0.0
0.05,1.5,0.3,R_7QAkOtO6FETwKSv,inference_categories,dailydilemmas,1,4,0.75,-0.6922413992091314,0.75,-0.6570034818528885,0.03523791735624293,0.0
0.05,1.5,0.3,R_7QAkOtO6FETwKSv,inference_categories,dailydilemmas,2,4,0.5,-0.6929267303893999,0.5,-0.7620541128447824,-0.06912738245538252,0.0
0.05,1.5,0.3,R_7QAkOtO6FETwKSv,inference_categories,dailydilemmas,3,4,1.0,-0.6920532080201354,0.5,-0.7025143831906988,-0.010461175170563441,-0.5
0.05,1.5,0.3,R_7QAkOtO6FETwKSv,inference_categories,dailydilemmas,4,4,0.5,-0.692874388257928,0.5,-0.7021046021758275,-0.009230213917899466,0.0
0.05,1.5,0.3,R_6gCrJV80LvD23XK,choice_only,dailydilemmas,0,4,0.5,-0.693771785100323,0.5,-0.7623043658938501,-0.06853258079352709,0.0
0.05,1.5,0.3,R_6gCrJV80LvD23XK,choice_only,dailydilemmas,1,4,1.0,-0.6920506137011905,1.0,-0.5697211733364957,0.12232944036469473,0.0
0.05,1.5,0.3,R_6gCrJV80LvD23XK,choice_only,dailydilemmas,2,4,0.75,-0.692272194395104,0.75,-0.6406146439800595,0.051657550415044495,0.0
0.05,1.5,0.3,R_6gCrJV80LvD23XK,choice_only,dailydilemmas,3,4,0.25,-0.6935722697383494,0.25,-0.7311366754598347,-0.03756440572148534,0.0
0.05,1.5,0.3,R_6gCrJV80LvD23XK,choice_only,dailydilemmas,4,4,0.5,-0.69288341392352,0.5,-0.6717138202882612,0.021169593635258832,0.0
0.05,1.5,0.3,R_7SrhV7HvgsG1fvA,choice_only,dailydilemmas,0,4,0.5,-0.6919869228690966,0.5,-0.6417624386169318,0.05022448425216475,0.0
0.05,1.5,0.3,R_7SrhV7HvgsG1fvA,choice_only,dailydilemmas,1,4,0.75,-0.6927850648558612,1.0,-0.6622367556811984,0.03054830917466278,0.25
0.05,1.5,0.3,R_7SrhV7HvgsG1fvA,choice_only,dailydilemmas,2,4,0.5,-0.6932548429514276,0.5,-0.7341229189156817,-0.040868075964254125,0.0
0.05,1.5,0.3,R_7SrhV7HvgsG1fvA,choice_only,dailydilemmas,3,4,0.75,-0.6925621208023383,1.0,-0.6488511870437993,0.04371093375853896,0.25
0.05,1.5,0.3,R_7SrhV7HvgsG1fvA,choice_only,dailydilemmas,4,4,0.0,-0.694777709820397,0.0,-0.8150445773756837,-0.1202668675552867,0.0
0.05,1.5,0.3,R_5aLcKnMSH0hrVLH,choice_only,dailydilemmas,0,4,1.0,-0.6923263146045625,1.0,-0.6038746553856295,0.08845165921893305,0.0
0.05,1.5,0.3,R_5aLcKnMSH0hrVLH,choice_only,dailydilemmas,1,4,1.0,-0.691702529524409,0.75,-0.6040561315310526,0.08764639799335638,-0.25
0.05,1.5,0.3,R_5aLcKnMSH0hrVLH,choice_only,dailydilemmas,2,4,0.75,-0.6924378717203983,0.5,-0.636056588269835,0.05638128345056326,-0.25
0.05,1.5,0.3,R_5aLcKnMSH0hrVLH,choice_only,dailydilemmas,3,4,1.0,-0.6922143155928429,1.0,-0.6562703667345263,0.03594394885831653,0.0
0.05,1.5,0.3,R_5aLcKnMSH0hrVLH,choice_only,dailydilemmas,4,4,0.5,-0.6935217086981267,0.5,-0.7644273510255217,-0.07090564232739505,0.0
0.05,1.5,0.3,R_6E6esO9YjIptSgZ,choice_only,dailydilemmas,0,5,0.4,-0.6933243109022651,0.4,-0.7054602416980122,-0.012135930795747152,0.0
0.05,1.5,0.3,R_6E6esO9YjIptSgZ,choice_only,dailydilemmas,1,5,0.4,-0.6935058840958112,0.4,-0.6820935462427143,0.01141233785309681,0.0
0.05,1.5,0.3,R_6E6esO9YjIptSgZ,choice_only,dailydilemmas,2,5,0.4,-0.693025151606699,1.0,-0.6447133923943393,0.04831175921235964,0.6
0.05,1.5,0.3,R_6E6esO9YjIptSgZ,choice_only,dailydilemmas,3,5,0.4,-0.693228696324342,0.4,-0.6870833082646364,0.006145388059705659,0.0
0.05,1.5,0.3,R_1MCxQvFXsgFj9AZ,choice_only,dailydilemmas,0,4,0.0,-0.6941318405634145,0.5,-0.7124398208359541,-0.01830798027253966,0.5
0.05,1.5,0.3,R_1MCxQvFXsgFj9AZ,choice_only,dailydilemmas,1,4,0.75,-0.6930678237544948,0.5,-0.6862570048935281,0.006810818860966683,-0.25
0.05,1.5,0.3,R_1MCxQvFXsgFj9AZ,choice_only,dailydilemmas,2,4,0.25,-0.6935068931572397,0.25,-0.7521454362139278,-0.05863854305668814,0.0
0.05,1.5,0.3,R_1MCxQvFXsgFj9AZ,choice_only,dailydilemmas,3,4,0.25,-0.6936224990050501,0.25,-0.7175711700858988,-0.023948671080848638,0.0
0.05,1.5,0.3,R_1MCxQvFXsgFj9AZ,choice_only,dailydilemmas,4,4,0.75,-0.6930774068097307,0.5,-0.6906203734669647,0.002457033342766035,-0.25
0.05,1.5,0.3,R_3JfmC4gRU1JpbNv,choice_only,dailydilemmas,0,4,0.75,-0.691414093721901,0.75,-0.5835649645602115,0.10784912916168954,0.0
0.05,1.5,0.3,R_3JfmC4gRU1JpbNv,choice_only,dailydilemmas,1,4,1.0,-0.6911231568843574,1.0,-0.5451955575526863,0.1459275993316711,0.0
0.05,1.5,0.3,R_3JfmC4gRU1JpbNv,choice_only,dailydilemmas,2,4,0.5,-0.6937110318112766,0.5,-0.7168610759186562,-0.02315004410737964,0.0
0.05,1.5,0.3,R_3JfmC4gRU1JpbNv,choice_only,dailydilemmas,3,4,0.5,-0.6933484607438867,0.5,-0.6683160778098595,0.02503238293402721,0.0
0.05,1.5,0.3,R_3JfmC4gRU1JpbNv,choice_only,dailydilemmas,4,4,1.0,-0.691460935575063,1.0,-0.5597013328433629,0.13175960273170018,0.0
0.05,1.5,0.3,R_7QGHM1iZnW1jfRx,choice_only,dailydilemmas,0,4,0.5,-0.6933461948959684,0.5,-0.6948283927692911,-0.0014821978733227104,0.0
0.05,1.5,0.3,R_7QGHM1iZnW1jfRx,choice_only,dailydilemmas,1,4,0.5,-0.6933979723363053,0.5,-0.7209386001075477,-0.027540627771242443,0.0
0.05,1.5,0.3,R_7QGHM1iZnW1jfRx,choice_only,dailydilemmas,2,4,0.5,-0.692723397096704,0.25,-0.7037469315006161,-0.011023534403912016,-0.25
0.05,1.5,0.3,R_7QGHM1iZnW1jfRx,choice_only,dailydilemmas,3,4,0.75,-0.693106248193503,0.75,-0.6771035103274408,0.01600273786606221,0.0
0.05,1.5,0.3,R_7QGHM1iZnW1jfRx,choice_only,dailydilemmas,4,4,0.25,-0.6938567634717323,0.25,-0.7315161765973378,-0.0376594131256055,0.0
0.05,1.5,0.3,R_6rBDZvDRiktj92h,choice_only,dailydilemmas,0,4,0.75,-0.6919508583886247,0.5,-0.6576226122615974,0.03432824612702734,-0.25
0.05,1.5,0.3,R_6rBDZvDRiktj92h,choice_only,dailydilemmas,1,4,0.5,-0.6920848654673555,0.5,-0.6340945475415577,0.057990317925797785,0.0
0.05,1.5,0.3,R_6rBDZvDRiktj92h,choice_only,dailydilemmas,2,4,0.75,-0.6926821806338346,0.75,-0.6894457847696365,0.003236395864198105,0.0
0.05,1.5,0.3,R_6rBDZvDRiktj92h,choice_only,dailydilemmas,3,4,0.5,-0.6925047484490472,0.5,-0.6904190397927643,0.002085708656282881,0.0
0.05,1.5,0.3,R_6rBDZvDRiktj92h,choice_only,dailydilemmas,4,4,0.5,-0.6936433799394314,0.5,-0.7484311058612259,-0.05478772592179448,0.0
0.05,1.5,0.3,R_7DZXdu8GHiSZQbw,choice_only,dailydilemmas,0,5,0.8,-0.6915098669160649,0.8,-0.5863664282285799,0.10514343868748499,0.0
0.05,1.5,0.3,R_7DZXdu8GHiSZQbw,choice_only,dailydilemmas,1,5,0.6,-0.690806185488559,0.6,-0.5610037277517576,0.12980245773680144,0.0
0.05,1.5,0.3,R_7DZXdu8GHiSZQbw,choice_only,dailydilemmas,2,5,0.8,-0.6908536245536288,0.8,-0.5441739976727319,0.14667962688089686,0.0
0.05,1.5,0.3,R_7DZXdu8GHiSZQbw,choice_only,dailydilemmas,3,5,0.8,-0.6915137653328134,0.8,-0.6070427638433438,0.08447100148946962,0.0
0.05,1.5,0.3,R_3wNdGb7QZmozWdV,inference_affirm,dailydilemmas,0,4,0.75,-0.6925585495452946,0.75,-0.7200102421276804,-0.027451692582385778,0.0
0.05,1.5,0.3,R_3wNdGb7QZmozWdV,inference_affirm,dailydilemmas,1,4,0.5,-0.692981251064235,0.5,-0.6911132131667681,0.0018680378974669232,0.0
0.05,1.5,0.3,R_3wNdGb7QZmozWdV,inference_affirm,dailydilemmas,2,4,0.25,-0.693020012554981,0.25,-0.7681554718011808,-0.0751354592461998,0.0
0.05,1.5,0.3,R_3wNdGb7QZmozWdV,inference_affirm,dailydilemmas,3,4,1.0,-0.6923061806371242,0.75,-0.6630002960927913,0.029305884544332916,-0.25
0.05,1.5,0.3,R_3wNdGb7QZmozWdV,inference_affirm,dailydilemmas,4,4,0.75,-0.6922461602262034,0.5,-0.6601658323096484,0.03208032791655502,-0.25
0.05,1.5,0.3,R_54BDOExpKqNLP7U,choice_only,dailydilemmas,0,5,1.0,-0.690222392201228,1.0,-0.48126444010797814,0.2089579520932499,0.0
0.05,1.5,0.3,R_54BDOExpKqNLP7U,choice_only,dailydilemmas,1,5,0.8,-0.6912457920133276,1.0,-0.5455707397582685,0.14567505225505906,0.19999999999999996
0.05,1.5,0.3,R_54BDOExpKqNLP7U,choice_only,dailydilemmas,2,5,0.6,-0.6923603456842805,0.6,-0.6535029266555555,0.03885741902872497,0.0
0.05,1.5,0.3,R_54BDOExpKqNLP7U,choice_only,dailydilemmas,3,5,0.8,-0.6900271794005838,1.0,-0.45526903526251045,0.23475814413807333,0.19999999999999996
0.05,1.5,0.3,R_7FP7x1oOPEhKFnt,choice_only,dailydilemmas,0,4,1.0,-0.6919280667454282,1.0,-0.56693140574824,0.1249966609971882,0.0
0.05,1.5,0.3,R_7FP7x1oOPEhKFnt,choice_only,dailydilemmas,1,4,0.5,-0.6928210627175507,1.0,-0.6376487734914849,0.055172289226065874,0.5
0.05,1.5,0.3,R_7FP7x1oOPEhKFnt,choice_only,dailydilemmas,2,4,1.0,-0.6925045821357162,0.75,-0.6363857154031342,0.05611886673258204,-0.25
0.05,1.5,0.3,R_7FP7x1oOPEhKFnt,choice_only,dailydilemmas,3,4,0.75,-0.6929586161800017,0.75,-0.6989295939911883,-0.005970977811186606,0.0
0.05,1.5,0.3,R_7FP7x1oOPEhKFnt,choice_only,dailydilemmas,4,4,0.75,-0.6921518574026817,0.5,-0.6311519486558198,0.0609999087468619,-0.25
0.05,1.5,0.3,R_3RlcXTweCHzrYtz,choice_only,dailydilemmas,0,4,0.75,-0.692169622767719,0.75,-0.6155333313118719,0.07663629145584705,0.0
0.05,1.5,0.3,R_3RlcXTweCHzrYtz,choice_only,dailydilemmas,1,4,0.5,-0.6921245155651763,0.5,-0.6342384516509667,0.057886063914209585,0.0
0.05,1.5,0.3,R_3RlcXTweCHzrYtz,choice_only,dailydilemmas,2,4,0.25,-0.6934837659178836,0.5,-0.7216831147169033,-0.02819934879901964,0.25
0.05,1.5,0.3,R_3RlcXTweCHzrYtz,choice_only,dailydilemmas,3,4,0.5,-0.6932357233524356,0.5,-0.7100179709255303,-0.016782247573094766,0.0
0.05,1.5,0.3,R_3RlcXTweCHzrYtz,choice_only,dailydilemmas,4,4,0.75,-0.6924225385240101,0.75,-0.6077533487113486,0.08466918981266158,0.0
0.05,1.5,0.3,R_64MjAxTXtmHjKMx,choice_only,dailydilemmas,0,4,0.5,-0.6926941351033684,0.5,-0.6521466147298527,0.04054752037351572,0.0
0.05,1.5,0.3,R_64MjAxTXtmHjKMx,choice_only,dailydilemmas,1,4,0.25,-0.6940710556215365,0.25,-0.676927110671755,0.017143944949781442,0.0
0.05,1.5,0.3,R_64MjAxTXtmHjKMx,choice_only,dailydilemmas,2,4,0.25,-0.6938039134381895,0.25,-0.792382275499179,-0.09857836206098947,0.0
0.05,1.5,0.3,R_64MjAxTXtmHjKMx,choice_only,dailydilemmas,3,4,0.75,-0.6920861844549647,0.75,-0.5900790089224803,0.1020071755324844,0.0
0.05,1.5,0.3,R_64MjAxTXtmHjKMx,choice_only,dailydilemmas,4,4,1.0,-0.6918386995488164,1.0,-0.5532800152021845,0.13855868434663188,0.0
0.05,1.5,0.3,R_5B7Sbr53fSq1D3z,inference_affirm,dailydilemmas,0,4,1.0,-0.6924009679036246,0.75,-0.6680811028311346,0.024319865072489955,-0.25
0.05,1.5,0.3,R_5B7Sbr53fSq1D3z,inference_affirm,dailydilemmas,1,4,1.0,-0.6914967585051052,0.75,-0.5915341579048854,0.09996260060021978,-0.25
0.05,1.5,0.3,R_5B7Sbr53fSq1D3z,inference_affirm,dailydilemmas,2,4,0.5,-0.6916899171728221,0.75,-0.6025957719008292,0.08909414527199289,0.25
0.05,1.5,0.3,R_5B7Sbr53fSq1D3z,inference_affirm,dailydilemmas,3,4,0.5,-0.6925555829975424,0.5,-0.6242106274303663,0.06834495556717612,0.0
0.05,1.5,0.3,R_5B7Sbr53fSq1D3z,inference_affirm,dailydilemmas,4,4,0.5,-0.6934639971088424,0.25,-0.7183183189010545,-0.02485432179221203,-0.25
0.05,1.5,0.3,R_7fTeTaHgGhgcqkN,inference_affirm,dailydilemmas,0,4,0.75,-0.6918140257887567,1.0,-0.6090869422153732,0.08272708357338354,0.25
0.05,1.5,0.3,R_7fTeTaHgGhgcqkN,inference_affirm,dailydilemmas,1,4,0.75,-0.6912834457678454,1.0,-0.5790504882254753,0.11223295754237006,0.25
0.05,1.5,0.3,R_7fTeTaHgGhgcqkN,inference_affirm,dailydilemmas,2,4,1.0,-0.6919592595083794,1.0,-0.5991902866124925,0.09276897289588693,0.0
0.05,1.5,0.3,R_7fTeTaHgGhgcqkN,inference_affirm,dailydilemmas,3,4,0.5,-0.6923729489017025,0.5,-0.660412084355365,0.03196086454633751,0.0
0.05,1.5,0.3,R_7fTeTaHgGhgcqkN,inference_affirm,dailydilemmas,4,4,0.75,-0.6914575245591041,0.75,-0.5978479824059212,0.09360954215318296,0.0
0.05,1.5,0.3,R_12tlw5u4cVbNiP1,inference_affirm,dailydilemmas,0,4,0.75,-0.6916294137246326,0.75,-0.6095331255564518,0.08209628816818082,0.0
0.05,1.5,0.3,R_12tlw5u4cVbNiP1,inference_affirm,dailydilemmas,1,4,0.5,-0.6922729032778986,0.5,-0.6434914862293036,0.048781417048594955,0.0
0.05,1.5,0.3,R_12tlw5u4cVbNiP1,inference_affirm,dailydilemmas,2,4,1.0,-0.6913990748711327,0.75,-0.5685884397091118,0.12281063516202095,-0.25
0.05,1.5,0.3,R_12tlw5u4cVbNiP1,inference_affirm,dailydilemmas,3,4,0.75,-0.6917636640252386,1.0,-0.5725569733378835,0.11920669068735512,0.25
0.05,1.5,0.3,R_12tlw5u4cVbNiP1,inference_affirm,dailydilemmas,4,4,0.75,-0.6918227014195795,1.0,-0.5949041645270909,0.09691853689248853,0.25
0.05,1.5,0.5,R_5EfMjMbx1z8Kvhl,inference_categories,dailydilemmas,0,4,0.75,-0.6923275991814979,0.5,-0.7177123929140586,-0.02538479373256075,-0.25
0.05,1.5,0.5,R_5EfMjMbx1z8Kvhl,inference_categories,dailydilemmas,1,4,0.5,-0.692107728588651,0.75,-0.6679066885463031,0.02420104004234791,0.25
0.05,1.5,0.5,R_5EfMjMbx1z8Kvhl,inference_categories,dailydilemmas,2,4,0.5,-0.6930055898490717,0.75,-0.6558844517430277,0.037121138106044005,0.25
0.05,1.5,0.5,R_5EfMjMbx1z8Kvhl,inference_categories,dailydilemmas,3,4,0.75,-0.6921698893625947,0.75,-0.6223255543136542,0.0698443350489405,0.0
0.05,1.5,0.5,R_5EfMjMbx1z8Kvhl,inference_categories,dailydilemmas,4,4,0.5,-0.6916124977152831,0.5,-0.6433143318073631,0.04829816590792002,0.0
0.05,1.5,0.5,R_56aT1YjmRtKACUH,inference_categories,dailydilemmas,0,4,0.75,-0.6928161057074206,1.0,-0.6306181779916005,0.06219792771582011,0.25
0.05,1.5,0.5,R_56aT1YjmRtKACUH,inference_categories,dailydilemmas,1,4,0.25,-0.6937101957354634,0.25,-0.735297731872686,-0.04158753613722255,0.0
0.05,1.5,0.5,R_56aT1YjmRtKACUH,inference_categories,dailydilemmas,2,4,0.75,-0.6924772749383264,0.5,-0.6948867560313279,-0.002409481093001431,-0.25
0.05,1.5,0.5,R_56aT1YjmRtKACUH,inference_categories,dailydilemmas,3,4,0.75,-0.692553249130433,0.5,-0.6786603920067311,0.013892857123701918,-0.25
0.05,1.5,0.5,R_56aT1YjmRtKACUH,inference_categories,dailydilemmas,4,4,0.5,-0.6927715965415814,0.5,-0.6822904402544645,0.010481156287116877,0.0
0.05,1.5,0.5,R_3HS2lsaEfcZSuXu,inference_categories,dailydilemmas,0,4,1.0,-0.6922145708976619,0.75,-0.6184378427605209,0.07377672813714098,-0.25
0.05,1.5,0.5,R_3HS2lsaEfcZSuXu,inference_categories,dailydilemmas,1,4,0.5,-0.6935194048429342,0.5,-0.7768751870998926,-0.08335578225695839,0.0
0.05,1.5,0.5,R_3HS2lsaEfcZSuXu,inference_categories,dailydilemmas,2,4,0.5,-0.6928434999593708,0.5,-0.6982300922349735,-0.005386592275602675,0.0
0.05,1.5,0.5,R_3HS2lsaEfcZSuXu,inference_categories,dailydilemmas,3,4,0.5,-0.6925147737062834,1.0,-0.6104905396379717,0.08202423406831172,0.5
0.05,1.5,0.5,R_3HS2lsaEfcZSuXu,inference_categories,dailydilemmas,4,4,0.75,-0.6922641213528324,1.0,-0.5956572481484496,0.09660687320438288,0.25
0.05,1.5,0.5,R_6HoVfVJSFl7IrlL,inference_categories,dailydilemmas,0,4,0.75,-0.6928992813204569,0.75,-0.677165305543833,0.015733975776623832,0.0
0.05,1.5,0.5,R_6HoVfVJSFl7IrlL,inference_categories,dailydilemmas,1,4,0.75,-0.692487035620315,0.75,-0.6420968530147968,0.0503901826055182,0.0
0.05,1.5,0.5,R_6HoVfVJSFl7IrlL,inference_categories,dailydilemmas,2,4,0.25,-0.6934830207785968,0.75,-0.7243320622523863,-0.03084904147378953,0.5
0.05,1.5,0.5,R_6HoVfVJSFl7IrlL,inference_categories,dailydilemmas,3,4,0.75,-0.6924371284265671,1.0,-0.6399855056194756,0.05245162280709148,0.25
0.05,1.5,0.5,R_6HoVfVJSFl7IrlL,inference_categories,dailydilemmas,4,4,0.75,-0.691991702915315,0.75,-0.6451518708459736,0.04683983206934139,0.0
0.05,1.5,0.5,R_5Q5TZ5csoblHSvA,inference_categories,dailydilemmas,0,4,0.5,-0.6932046971065635,0.25,-0.7245815667151081,-0.03137686960854458,-0.25
0.05,1.5,0.5,R_5Q5TZ5csoblHSvA,inference_categories,dailydilemmas,1,4,0.75,-0.6933010362528886,0.75,-0.6928594887169218,0.00044154753596681307,0.0
0.05,1.5,0.5,R_5Q5TZ5csoblHSvA,inference_categories,dailydilemmas,2,4,0.5,-0.6925393726246563,0.5,-0.7172709979902421,-0.02473162536558582,0.0
0.05,1.5,0.5,R_5Q5TZ5csoblHSvA,inference_categories,dailydilemmas,3,4,0.25,-0.693672157233209,0.5,-0.7057862900550961,-0.012114132821887114,0.25
0.05,1.5,0.5,R_5Q5TZ5csoblHSvA,inference_categories,dailydilemmas,4,4,0.5,-0.6927479762012052,0.5,-0.7023199453207025,-0.009571969119497314,0.0
0.05,1.5,0.5,R_18H831wJaDlPwgg,inference_categories,dailydilemmas,0,4,0.5,-0.6916147042699178,0.5,-0.6955487530934635,-0.003934048823545755,0.0
0.05,1.5,0.5,R_18H831wJaDlPwgg,inference_categories,dailydilemmas,1,4,1.0,-0.6899870586634695,1.0,-0.548159914671256,0.14182714399221352,0.0
0.05,1.5,0.5,R_18H831wJaDlPwgg,inference_categories,dailydilemmas,2,4,0.25,-0.6917238616310285,0.5,-0.5929287638808205,0.098795097750208,0.25
0.05,1.5,0.5,R_18H831wJaDlPwgg,inference_categories,dailydilemmas,3,4,1.0,-0.6891156439819446,0.75,-0.5262617778437306,0.16285386613821395,-0.25
0.05,1.5,0.5,R_18H831wJaDlPwgg,inference_categories,dailydilemmas,4,4,0.75,-0.6902118746874193,1.0,-0.5302943640822733,0.15991751060514603,0.25
0.05,1.5,0.5,R_12mMAseFwoOpgqC,inference_categories,dailydilemmas,0,4,0.75,-0.6923560192102111,0.5,-0.6945705678754938,-0.0022145486652827007,-0.25
0.05,1.5,0.5,R_12mMAseFwoOpgqC,inference_categories,dailydilemmas,1,4,0.5,-0.692708683905009,0.75,-0.6306773624742985,0.06203132143071044,0.25
0.05,1.5,0.5,R_12mMAseFwoOpgqC,inference_categories,dailydilemmas,2,4,0.5,-0.6938594465566419,0.5,-0.7226113960240221,-0.028751949467380244,0.0
0.05,1.5,0.5,R_12mMAseFwoOpgqC,inference_categories,dailydilemmas,3,4,0.25,-0.693157141606494,0.5,-0.6936852175506822,-0.0005280759441882443,0.25
0.05,1.5,0.5,R_12mMAseFwoOpgqC,inference_categories,dailydilemmas,4,4,0.75,-0.6923894076906529,0.75,-0.6576299800910241,0.0347594275996288,0.0
0.05,1.5,0.5,R_7ojvA7NDI10RoKR,inference_categories,dailydilemmas,0,5,0.6,-0.6920068818772697,0.6,-0.6127925847919646,0.07921429708530503,0.0
0.05,1.5,0.5,R_7ojvA7NDI10RoKR,inference_categories,dailydilemmas,1,5,0.8,-0.6917348847637751,1.0,-0.6012302339568361,0.09050465080693904,0.19999999999999996
0.05,1.5,0.5,R_7ojvA7NDI10RoKR,inference_categories,dailydilemmas,2,5,0.8,-0.6916545545853191,0.8,-0.6357559641023466,0.05589859048297252,0.0
0.05,1.5,0.5,R_7ojvA7NDI10RoKR,inference_categories,dailydilemmas,3,5,1.0,-0.6917046586626592,0.8,-0.6183730100399665,0.0733316486226927,-0.19999999999999996
0.05,1.5,0.5,R_5gbXjT8uFYXCo7E,inference_categories,dailydilemmas,0,4,0.25,-0.694026868559669,0.25,-0.7278512005619018,-0.03382433200223278,0.0
0.05,1.5,0.5,R_5gbXjT8uFYXCo7E,inference_categories,dailydilemmas,1,4,0.5,-0.6930937564136729,0.5,-0.6736429654446867,0.019450790968986165,0.0
0.05,1.5,0.5,R_5gbXjT8uFYXCo7E,inference_categories,dailydilemmas,2,4,0.5,-0.6928904338246693,0.5,-0.665240260515571,0.027650173309098358,0.0
0.05,1.5,0.5,R_5gbXjT8uFYXCo7E,inference_categories,dailydilemmas,3,4,0.75,-0.6928488703434292,0.75,-0.6668281573737518,0.02602071296967745,0.0
0.05,1.5,0.5,R_5gbXjT8uFYXCo7E,inference_categories,dailydilemmas,4,4,0.75,-0.6923363356652761,0.5,-0.6483820275487622,0.04395430811651391,-0.25
0.05,1.5,0.5,R_7f9o7q4AZOoP4ot,inference_categories,dailydilemmas,0,4,0.5,-0.6928590408729023,0.25,-0.7317983498995305,-0.03893930902662823,-0.25
0.05,1.5,0.5,R_7f9o7q4AZOoP4ot,inference_categories,dailydilemmas,1,4,0.25,-0.6940582712554482,0.5,-0.7683169522336121,-0.0742586809781639,0.25
0.05,1.5,0.5,R_7f9o7q4AZOoP4ot,inference_categories,dailydilemmas,2,4,0.25,-0.6938234561373877,0.25,-0.7226707708045788,-0.028847314667191037,0.0
0.05,1.5,0.5,R_7f9o7q4AZOoP4ot,inference_categories,dailydilemmas,3,4,0.5,-0.6930868562810306,0.25,-0.7359955403408572,-0.04290868405982662,-0.25
0.05,1.5,0.5,R_7f9o7q4AZOoP4ot,inference_categories,dailydilemmas,4,4,0.25,-0.6937483224132927,0.25,-0.780151364553815,-0.0864030421405223,0.0
0.05,1.5,0.5,R_1WHYlcDjJDcnUfD,inference_categories,dailydilemmas,0,4,0.25,-0.6936107817399355,0.5,-0.7107069786885629,-0.017096196948627407,0.25
0.05,1.5,0.5,R_1WHYlcDjJDcnUfD,inference_categories,dailydilemmas,1,4,0.75,-0.6927597897553112,0.25,-0.7001863211120004,-0.007426531356689248,-0.5
0.05,1.5,0.5,R_1WHYlcDjJDcnUfD,inference_categories,dailydilemmas,2,4,0.5,-0.692882790314926,0.5,-0.6728276905989243,0.020055099716001612,0.0
0.05,1.5,0.5,R_1WHYlcDjJDcnUfD,inference_categories,dailydilemmas,3,4,0.5,-0.6933126230141359,0.25,-0.7422533215082295,-0.04894069849409366,-0.25
0.05,1.5,0.5,R_1WHYlcDjJDcnUfD,inference_categories,dailydilemmas,4,4,0.5,-0.6933165620073277,1.0,-0.6525264640245262,0.04079009798280153,0.5
0.05,1.5,0.5,R_6Q0gBjey6IdfZpf,inference_categories,dailydilemmas,0,4,0.75,-0.6921669564928575,0.25,-0.6471107287088829,0.04505622778397467,-0.5
0.05,1.5,0.5,R_6Q0gBjey6IdfZpf,inference_categories,dailydilemmas,1,4,1.0,-0.6919515344248186,1.0,-0.6039158125462774,0.08803572187854125,0.0
0.05,1.5,0.5,R_6Q0gBjey6IdfZpf,inference_categories,dailydilemmas,2,4,0.75,-0.6922742370254034,0.75,-0.6042911174859236,0.08798311953947979,0.0
0.05,1.5,0.5,R_6Q0gBjey6IdfZpf,inference_categories,dailydilemmas,3,4,0.75,-0.6922809472749593,0.5,-0.6644463625915652,0.02783458468339406,-0.25
0.05,1.5,0.5,R_6Q0gBjey6IdfZpf,inference_categories,dailydilemmas,4,4,0.5,-0.6923239171830518,0.75,-0.6069554620827243,0.08536845510032742,0.25
0.05,1.5,0.5,R_1wzohnjOPhN82Wd,inference_categories,dailydilemmas,0,4,0.75,-0.6912657817430935,0.75,-0.6559628217652297,0.03530295997786381,0.0
0.05,1.5,0.5,R_1wzohnjOPhN82Wd,inference_categories,dailydilemmas,1,4,0.75,-0.6910091198303364,0.75,-0.6209610604117692,0.07004805941856718,0.0
0.05,1.5,0.5,R_1wzohnjOPhN82Wd,inference_categories,dailydilemmas,2,4,0.75,-0.6916135310151922,0.75,-0.5629314494149442,0.12868208160024797,0.0
0.05,1.5,0.5,R_1wzohnjOPhN82Wd,inference_categories,dailydilemmas,3,4,0.75,-0.6912827721934094,1.0,-0.5874372480400903,0.10384552415331905,0.25
0.05,1.5,0.5,R_1wzohnjOPhN82Wd,inference_categories,dailydilemmas,4,4,0.25,-0.6945114868894781,0.5,-0.712224141801592,-0.017712654912113934,0.25
0.05,1.5,0.5,R_70kbQcqJL4Tkq6B,inference_categories,dailydilemmas,0,4,0.5,-0.693099326816225,0.5,-0.7272368175262367,-0.03413749071001171,0.0
0.05,1.5,0.5,R_70kbQcqJL4Tkq6B,inference_categories,dailydilemmas,1,4,0.5,-0.6935456776381743,0.75,-0.6646436820829498,0.028901995555224547,0.25
0.05,1.5,0.5,R_70kbQcqJL4Tkq6B,inference_categories,dailydilemmas,2,4,1.0,-0.6903881142268726,0.75,-0.6405359549290989,0.04985215929777376,-0.25
0.05,1.5,0.5,R_70kbQcqJL4Tkq6B,inference_categories,dailydilemmas,3,4,0.75,-0.6910186881848221,0.75,-0.62406341302387,0.06695527516095212,0.0
0.05,1.5,0.5,R_70kbQcqJL4Tkq6B,inference_categories,dailydilemmas,4,4,0.75,-0.6910584094419714,0.5,-0.6280820715448335,0.06297633789713786,-0.25
0.05,1.5,0.5,R_6rftRMhNP0o6boD,inference_categories,dailydilemmas,0,4,0.25,-0.6927920742765155,0.5,-0.6198706249846201,0.07292144929189537,0.25
0.05,1.5,0.5,R_6rftRMhNP0o6boD,inference_categories,dailydilemmas,1,4,0.5,-0.6924913932327733,0.5,-0.7111503703501402,-0.01865897711736686,0.0
0.05,1.5,0.5,R_6rftRMhNP0o6boD,inference_categories,dailydilemmas,2,4,0.75,-0.6930215747126403,0.25,-0.7414794371559565,-0.04845786244331629,-0.5
0.05,1.5,0.5,R_6rftRMhNP0o6boD,inference_categories,dailydilemmas,3,4,0.75,-0.6913539511353748,0.75,-0.6430338602338267,0.048320090901548096,0.0
0.05,1.5,0.5,R_6rftRMhNP0o6boD,inference_categories,dailydilemmas,4,4,1.0,-0.6911317756524363,0.75,-0.6584719237448388,0.03265985190759757,-0.25
0.05,1.5,0.5,R_6jv2PrGBJcO4of6,inference_categories,dailydilemmas,0,4,1.0,-0.6913708595536875,0.75,-0.5748193268294972,0.11655153272419028,-0.25
0.05,1.5,0.5,R_6jv2PrGBJcO4of6,inference_categories,dailydilemmas,1,4,0.75,-0.6912995160513344,0.75,-0.6910473964860078,0.00025211956532666946,0.0
0.05,1.5,0.5,R_6jv2PrGBJcO4of6,inference_categories,dailydilemmas,2,4,0.5,-0.6926591280607736,0.5,-0.7188286730844792,-0.02616954502370561,0.0
0.05,1.5,0.5,R_6jv2PrGBJcO4of6,inference_categories,dailydilemmas,3,4,0.75,-0.6920955861097676,0.5,-0.6533459245290072,0.03874966158076043,-0.25
0.05,1.5,0.5,R_6jv2PrGBJcO4of6,inference_categories,dailydilemmas,4,4,0.5,-0.6944162521312823,0.5,-0.8343337476014265,-0.1399174954701442,0.0
0.05,1.5,0.5,R_1dHqTtKKq3yQvmX,inference_categories,dailydilemmas,0,4,0.75,-0.6901793664806752,0.75,-0.5573232373710943,0.1328561291095809,0.0
0.05,1.5,0.5,R_1dHqTtKKq3yQvmX,inference_categories,dailydilemmas,1,4,0.5,-0.6905398035230048,0.75,-0.5443494025955097,0.14619040092749513,0.25
0.05,1.5,0.5,R_1dHqTtKKq3yQvmX,inference_categories,dailydilemmas,2,4,0.75,-0.6916850396000928,0.75,-0.5914061377619197,0.100278901838173,0.0
0.05,1.5,0.5,R_1dHqTtKKq3yQvmX,inference_categories,dailydilemmas,3,4,0.75,-0.6917166981820564,0.75,-0.6118614126530583,0.07985528552899812,0.0
0.05,1.5,0.5,R_1dHqTtKKq3yQvmX,inference_categories,dailydilemmas,4,4,0.75,-0.6905830384527758,0.75,-0.545127320938042,0.14545571751473385,0.0
0.05,1.5,0.5,R_1P81VK8fH860C4V,inference_categories,dailydilemmas,0,4,1.0,-0.6920433577900249,1.0,-0.588762469232902,0.10328088855712292,0.0
0.05,1.5,0.5,R_1P81VK8fH860C4V,inference_categories,dailydilemmas,1,4,1.0,-0.6919164570325738,0.75,-0.5559528666051664,0.13596359042740735,-0.25
0.05,1.5,0.5,R_1P81VK8fH860C4V,inference_categories,dailydilemmas,2,4,0.75,-0.6928577825296892,0.75,-0.5616104390111581,0.13124734351853107,0.0
0.05,1.5,0.5,R_1P81VK8fH860C4V,inference_categories,dailydilemmas,3,4,0.25,-0.6932254130917721,0.5,-0.6710119321279413,0.0222134809638308,0.25
0.05,1.5,0.5,R_1P81VK8fH860C4V,inference_categories,dailydilemmas,4,4,1.0,-0.6913179800919581,0.75,-0.5677734951031184,0.12354448498883974,-0.25
0.05,1.5,0.5,R_7go085j249AymBb,inference_categories,dailydilemmas,0,4,0.5,-0.6920457681275483,0.5,-0.6186437606674557,0.07340200746009251,0.0
0.05,1.5,0.5,R_7go085j249AymBb,inference_categories,dailydilemmas,1,4,0.75,-0.6918687893093179,1.0,-0.572446210986113,0.11942257832320491,0.25
0.05,1.5,0.5,R_7go085j249AymBb,inference_categories,dailydilemmas,2,4,0.75,-0.6916919699910548,1.0,-0.5701587627519424,0.12153320723911232,0.25
0.05,1.5,0.5,R_7go085j249AymBb,inference_categories,dailydilemmas,3,4,0.75,-0.6921476975615788,0.75,-0.5824429747953032,0.10970472276627563,0.0
0.05,1.5,0.5,R_7go085j249AymBb,inference_categories,dailydilemmas,4,4,0.5,-0.6933859969559947,0.5,-0.7134182186762814,-0.020032221720286736,0.0
0.05,1.5,0.5,R_6xzSCFMWRhzZIRg,inference_categories,dailydilemmas,0,4,0.25,-0.6927821561848767,0.5,-0.6513341887927049,0.041447967392171825,0.25
0.05,1.5,0.5,R_6xzSCFMWRhzZIRg,inference_categories,dailydilemmas,1,4,0.75,-0.6925641341245401,0.75,-0.6071880879685148,0.08537604615602534,0.0
0.05,1.5,0.5,R_6xzSCFMWRhzZIRg,inference_categories,dailydilemmas,2,4,0.75,-0.6928042560852457,0.75,-0.6339256687703791,0.058878587314866504,0.0
0.05,1.5,0.5,R_6xzSCFMWRhzZIRg,inference_categories,dailydilemmas,3,4,1.0,-0.6921312027011314,0.25,-0.7172156804923321,-0.02508447779120071,-0.75
0.05,1.5,0.5,R_6xzSCFMWRhzZIRg,inference_categories,dailydilemmas,4,4,0.75,-0.6925934243944709,0.5,-0.6388464104548175,0.05374701393965342,-0.25
0.05,1.5,0.5,R_5EychZPB1u00qZH,inference_categories,dailydilemmas,0,4,1.0,-0.6915691978027982,0.75,-0.5913634136513966,0.10020578415140169,-0.25
0.05,1.5,0.5,R_5EychZPB1u00qZH,inference_categories,dailydilemmas,1,4,0.5,-0.6922579912654148,0.75,-0.6035761142249672,0.08868187704044761,0.25
0.05,1.5,0.5,R_5EychZPB1u00qZH,inference_categories,dailydilemmas,2,4,1.0,-0.6920351292436367,1.0,-0.6071835862108492,0.08485154303278752,0.0
0.05,1.5,0.5,R_5EychZPB1u00qZH,inference_categories,dailydilemmas,3,4,1.0,-0.6918581079995139,1.0,-0.5780344983662953,0.11382360963321858,0.0
0.05,1.5,0.5,R_5EychZPB1u00qZH,inference_categories,dailydilemmas,4,4,0.25,-0.693113923592781,0.25,-0.717777594963495,-0.024663671370714013,0.0
0.05,1.5,0.5,R_59glCvaBnt5WTU6,inference_categories,dailydilemmas,0,4,0.5,-0.6934585289871318,0.5,-0.7199945145748216,-0.02653598558768977,0.0
0.05,1.5,0.5,R_59glCvaBnt5WTU6,inference_categories,dailydilemmas,1,4,0.75,-0.6924249223884483,1.0,-0.6136468246127331,0.0787780977757152,0.25
0.05,1.5,0.5,R_59glCvaBnt5WTU6,inference_categories,dailydilemmas,2,4,0.75,-0.6921256744126439,1.0,-0.6070204358087491,0.08510523860389485,0.25
0.05,1.5,0.5,R_59glCvaBnt5WTU6,inference_categories,dailydilemmas,3,4,0.75,-0.6923140677501498,0.5,-0.6219456217554336,0.07036844599471626,-0.25
0.05,1.5,0.5,R_59glCvaBnt5WTU6,inference_categories,dailydilemmas,4,4,0.75,-0.6924660984930848,0.75,-0.6664192190548053,0.026046879438279547,0.0
0.05,1.5,0.5,R_1nBL27EvLs0Bkk4,inference_categories,dailydilemmas,0,4,0.5,-0.6925040934732599,0.75,-0.6120897723787533,0.08041432109450664,0.25
0.05,1.5,0.5,R_1nBL27EvLs0Bkk4,inference_categories,dailydilemmas,1,4,0.25,-0.693942222109138,0.5,-0.7704789976968297,-0.07653677558769167,0.25
0.05,1.5,0.5,R_1nBL27EvLs0Bkk4,inference_categories,dailydilemmas,2,4,0.75,-0.6912821629528922,1.0,-0.6401549053112505,0.05112725764164172,0.25
0.05,1.5,0.5,R_1nBL27EvLs0Bkk4,inference_categories,dailydilemmas,3,4,0.5,-0.6924616239598635,0.75,-0.6653557057971946,0.02710591816266894,0.25
0.05,1.5,0.5,R_1nBL27EvLs0Bkk4,inference_categories,dailydilemmas,4,4,1.0,-0.6911718043804796,0.75,-0.6303331155215125,0.06083868885896715,-0.25
0.05,1.5,0.5,R_6FsUQnzEYAQwtwa,inference_categories,dailydilemmas,0,4,0.75,-0.6927384253042169,0.75,-0.6755335306421123,0.01720489466210462,0.0
0.05,1.5,0.5,R_6FsUQnzEYAQwtwa,inference_categories,dailydilemmas,1,4,0.5,-0.6927163458859349,0.25,-0.6829255702859909,0.009790775599944013,-0.25
0.05,1.5,0.5,R_6FsUQnzEYAQwtwa,inference_categories,dailydilemmas,2,4,0.5,-0.6932754640605925,0.75,-0.645506366644836,0.04776909741575652,0.25
0.05,1.5,0.5,R_6FsUQnzEYAQwtwa,inference_categories,dailydilemmas,3,4,0.75,-0.6926125292192916,0.25,-0.7589823493968388,-0.06636982017754722,-0.5
0.05,1.5,0.5,R_6FsUQnzEYAQwtwa,inference_categories,dailydilemmas,4,4,0.75,-0.6926171705827615,0.5,-0.6531167359837947,0.039500434598966794,-0.25
0.05,1.5,0.5,R_5pX1jjp1Yu1RSN7,inference_categories,dailydilemmas,0,4,1.0,-0.6916563926178843,0.75,-0.5866267948451123,0.10502959777277199,-0.25
0.05,1.5,0.5,R_5pX1jjp1Yu1RSN7,inference_categories,dailydilemmas,1,4,0.75,-0.6913416045752215,0.75,-0.5846217654647495,0.106719839110472,0.0
0.05,1.5,0.5,R_5pX1jjp1Yu1RSN7,inference_categories,dailydilemmas,2,4,0.75,-0.6917451406050665,0.75,-0.5713371529836122,0.12040798762145433,0.0
0.05,1.5,0.5,R_5pX1jjp1Yu1RSN7,inference_categories,dailydilemmas,3,4,0.75,-0.6915415809271314,0.75,-0.6626265557973032,0.02891502512982813,0.0
0.05,1.5,0.5,R_5pX1jjp1Yu1RSN7,inference_categories,dailydilemmas,4,4,0.25,-0.6954732529707177,0.25,-0.8407875496685595,-0.1453142966978418,0.0
0.05,1.5,0.5,R_5DY1mtPtJpWz8WC,inference_categories,dailydilemmas,0,5,1.0,-0.6901900358599771,1.0,-0.4608405978501716,0.22934943800980545,0.0
0.05,1.5,0.5,R_5DY1mtPtJpWz8WC,inference_categories,dailydilemmas,1,5,0.6,-0.6912324351004475,0.8,-0.5608140679920975,0.13041836710834998,0.20000000000000007
0.05,1.5,0.5,R_5DY1mtPtJpWz8WC,inference_categories,dailydilemmas,2,5,0.8,-0.691829432035987,1.0,-0.5993683681332765,0.09246106390271047,0.19999999999999996
0.05,1.5,0.5,R_5DY1mtPtJpWz8WC,inference_categories,dailydilemmas,3,5,0.6,-0.6903303706504949,1.0,-0.530275967655109,0.16005440299538587,0.4
0.05,1.5,0.5,R_1PN3SGDWOMibPAh,inference_categories,dailydilemmas,0,4,0.75,-0.6919509454770811,0.75,-0.6299181539278225,0.06203279154925867,0.0
0.05,1.5,0.5,R_1PN3SGDWOMibPAh,inference_categories,dailydilemmas,1,4,0.5,-0.693423134032705,0.75,-0.6985722362266392,-0.005149102193934274,0.25
0.05,1.5,0.5,R_1PN3SGDWOMibPAh,inference_categories,dailydilemmas,2,4,0.5,-0.692956189895669,0.75,-0.6341262807339542,0.05882990916171482,0.25
0.05,1.5,0.5,R_1PN3SGDWOMibPAh,inference_categories,dailydilemmas,3,4,0.5,-0.6922843616630568,0.75,-0.601881013920505,0.09040334774255188,0.25
0.05,1.5,0.5,R_1PN3SGDWOMibPAh,inference_categories,dailydilemmas,4,4,1.0,-0.6918221546867992,0.75,-0.6388429450844307,0.05297920960236846,-0.25
0.05,1.5,0.5,R_3SrBXsc2uYrsSZz,inference_categories,dailydilemmas,0,4,0.5,-0.6921819867098238,0.75,-0.6336726627750181,0.05850932393480568,0.25
0.05,1.5,0.5,R_3SrBXsc2uYrsSZz,inference_categories,dailydilemmas,1,4,0.75,-0.6927603848918005,0.75,-0.6958287039314399,-0.0030683190396394444,0.0
0.05,1.5,0.5,R_3SrBXsc2uYrsSZz,inference_categories,dailydilemmas,2,4,0.5,-0.6928712779217644,0.5,-0.7237546569918976,-0.030883379070133166,0.0
0.05,1.5,0.5,R_3SrBXsc2uYrsSZz,inference_categories,dailydilemmas,3,4,0.75,-0.6917737093762071,0.75,-0.5861281157998077,0.10564559357639935,0.0
0.05,1.5,0.5,R_3SrBXsc2uYrsSZz,inference_categories,dailydilemmas,4,4,1.0,-0.691789791299691,1.0,-0.6154739107150162,0.07631588058467476,0.0
0.05,1.5,0.5,R_7rNeEq8TvAxjqdL,inference_categories,dailydilemmas,0,4,0.75,-0.6911846470944386,0.75,-0.5445860643222799,0.14659858277215876,0.0
0.05,1.5,0.5,R_7rNeEq8TvAxjqdL,inference_categories,dailydilemmas,1,4,0.75,-0.69164818192401,0.5,-0.6273080508070488,0.06434013111696124,-0.25
0.05,1.5,0.5,R_7rNeEq8TvAxjqdL,inference_categories,dailydilemmas,2,4,1.0,-0.6907843678215682,1.0,-0.5370054175951193,0.15377895022644883,0.0
0.05,1.5,0.5,R_7rNeEq8TvAxjqdL,inference_categories,dailydilemmas,3,4,0.75,-0.6922579415528716,0.5,-0.6761635115115859,0.016094430041285634,-0.25
0.05,1.5,0.5,R_7rNeEq8TvAxjqdL,inference_categories,dailydilemmas,4,4,0.75,-0.6916794143622071,1.0,-0.5755464965605754,0.11613291780163171,0.25
0.05,1.5,0.5,R_7QAkOtO6FETwKSv,inference_categories,dailydilemmas,0,4,0.5,-0.6935653153634046,0.25,-0.7748996359724883,-0.08133432060908374,-0.25
0.05,1.5,0.5,R_7QAkOtO6FETwKSv,inference_categories,dailydilemmas,1,4,0.75,-0.6922413992091314,0.75,-0.6563263523503363,0.0359150468587951,0.0
0.05,1.5,0.5,R_7QAkOtO6FETwKSv,inference_categories,dailydilemmas,2,4,0.5,-0.6929267303893999,0.5,-0.7638357761443806,-0.07090904575498069,0.0
0.05,1.5,0.5,R_7QAkOtO6FETwKSv,inference_categories,dailydilemmas,3,4,1.0,-0.6920532080201354,0.5,-0.6913987727864787,0.0006544352336567139,-0.5
0.05,1.5,0.5,R_7QAkOtO6FETwKSv,inference_categories,dailydilemmas,4,4,0.5,-0.692874388257928,0.75,-0.6991004125905944,-0.006226024332666391,0.25
0.05,1.5,0.5,R_6gCrJV80LvD23XK,choice_only,dailydilemmas,0,4,0.5,-0.693771785100323,0.5,-0.7623043658938501,-0.06853258079352709,0.0
0.05,1.5,0.5,R_6gCrJV80LvD23XK,choice_only,dailydilemmas,1,4,1.0,-0.6920506137011905,1.0,-0.5697211733364957,0.12232944036469473,0.0
0.05,1.5,0.5,R_6gCrJV80LvD23XK,choice_only,dailydilemmas,2,4,0.75,-0.692272194395104,0.75,-0.6406146439800595,0.051657550415044495,0.0
0.05,1.5,0.5,R_6gCrJV80LvD23XK,choice_only,dailydilemmas,3,4,0.25,-0.6935722697383494,0.25,-0.7311366754598347,-0.03756440572148534,0.0
0.05,1.5,0.5,R_6gCrJV80LvD23XK,choice_only,dailydilemmas,4,4,0.5,-0.69288341392352,0.5,-0.6717138202882612,0.021169593635258832,0.0
0.05,1.5,0.5,R_7SrhV7HvgsG1fvA,choice_only,dailydilemmas,0,4,0.5,-0.6919869228690966,0.5,-0.6417624386169318,0.05022448425216475,0.0
0.05,1.5,0.5,R_7SrhV7HvgsG1fvA,choice_only,dailydilemmas,1,4,0.75,-0.6927850648558612,1.0,-0.6622367556811984,0.03054830917466278,0.25
0.05,1.5,0.5,R_7SrhV7HvgsG1fvA,choice_only,dailydilemmas,2,4,0.5,-0.6932548429514276,0.5,-0.7341229189156817,-0.040868075964254125,0.0
0.05,1.5,0.5,R_7SrhV7HvgsG1fvA,choice_only,dailydilemmas,3,4,0.75,-0.6925621208023383,1.0,-0.6488511870437993,0.04371093375853896,0.25
0.05,1.5,0.5,R_7SrhV7HvgsG1fvA,choice_only,dailydilemmas,4,4,0.0,-0.694777709820397,0.0,-0.8150445773756837,-0.1202668675552867,0.0
0.05,1.5,0.5,R_5aLcKnMSH0hrVLH,choice_only,dailydilemmas,0,4,1.0,-0.6923263146045625,1.0,-0.6038746553856295,0.08845165921893305,0.0
0.05,1.5,0.5,R_5aLcKnMSH0hrVLH,choice_only,dailydilemmas,1,4,1.0,-0.691702529524409,0.75,-0.6040561315310526,0.08764639799335638,-0.25
0.05,1.5,0.5,R_5aLcKnMSH0hrVLH,choice_only,dailydilemmas,2,4,0.75,-0.6924378717203983,0.5,-0.636056588269835,0.05638128345056326,-0.25
0.05,1.5,0.5,R_5aLcKnMSH0hrVLH,choice_only,dailydilemmas,3,4,1.0,-0.6922143155928429,1.0,-0.6562703667345263,0.03594394885831653,0.0
0.05,1.5,0.5,R_5aLcKnMSH0hrVLH,choice_only,dailydilemmas,4,4,0.5,-0.6935217086981267,0.5,-0.7644273510255217,-0.07090564232739505,0.0
0.05,1.5,0.5,R_6E6esO9YjIptSgZ,choice_only,dailydilemmas,0,5,0.4,-0.6933243109022651,0.4,-0.7054602416980122,-0.012135930795747152,0.0
0.05,1.5,0.5,R_6E6esO9YjIptSgZ,choice_only,dailydilemmas,1,5,0.4,-0.6935058840958112,0.4,-0.6820935462427143,0.01141233785309681,0.0
0.05,1.5,0.5,R_6E6esO9YjIptSgZ,choice_only,dailydilemmas,2,5,0.4,-0.693025151606699,1.0,-0.6447133923943393,0.04831175921235964,0.6
0.05,1.5,0.5,R_6E6esO9YjIptSgZ,choice_only,dailydilemmas,3,5,0.4,-0.693228696324342,0.4,-0.6870833082646364,0.006145388059705659,0.0
0.05,1.5,0.5,R_1MCxQvFXsgFj9AZ,choice_only,dailydilemmas,0,4,0.0,-0.6941318405634145,0.5,-0.7124398208359541,-0.01830798027253966,0.5
0.05,1.5,0.5,R_1MCxQvFXsgFj9AZ,choice_only,dailydilemmas,1,4,0.75,-0.6930678237544948,0.5,-0.6862570048935281,0.006810818860966683,-0.25
0.05,1.5,0.5,R_1MCxQvFXsgFj9AZ,choice_only,dailydilemmas,2,4,0.25,-0.6935068931572397,0.25,-0.7521454362139278,-0.05863854305668814,0.0
0.05,1.5,0.5,R_1MCxQvFXsgFj9AZ,choice_only,dailydilemmas,3,4,0.25,-0.6936224990050501,0.25,-0.7175711700858988,-0.023948671080848638,0.0
0.05,1.5,0.5,R_1MCxQvFXsgFj9AZ,choice_only,dailydilemmas,4,4,0.75,-0.6930774068097307,0.5,-0.6906203734669647,0.002457033342766035,-0.25
0.05,1.5,0.5,R_3JfmC4gRU1JpbNv,choice_only,dailydilemmas,0,4,0.75,-0.691414093721901,0.75,-0.5835649645602115,0.10784912916168954,0.0
0.05,1.5,0.5,R_3JfmC4gRU1JpbNv,choice_only,dailydilemmas,1,4,1.0,-0.6911231568843574,1.0,-0.5451955575526863,0.1459275993316711,0.0
0.05,1.5,0.5,R_3JfmC4gRU1JpbNv,choice_only,dailydilemmas,2,4,0.5,-0.6937110318112766,0.5,-0.7168610759186562,-0.02315004410737964,0.0
0.05,1.5,0.5,R_3JfmC4gRU1JpbNv,choice_only,dailydilemmas,3,4,0.5,-0.6933484607438867,0.5,-0.6683160778098595,0.02503238293402721,0.0
0.05,1.5,0.5,R_3JfmC4gRU1JpbNv,choice_only,dailydilemmas,4,4,1.0,-0.691460935575063,1.0,-0.5597013328433629,0.13175960273170018,0.0
0.05,1.5,0.5,R_7QGHM1iZnW1jfRx,choice_only,dailydilemmas,0,4,0.5,-0.6933461948959684,0.5,-0.6948283927692911,-0.0014821978733227104,0.0
0.05,1.5,0.5,R_7QGHM1iZnW1jfRx,choice_only,dailydilemmas,1,4,0.5,-0.6933979723363053,0.5,-0.7209386001075477,-0.027540627771242443,0.0
0.05,1.5,0.5,R_7QGHM1iZnW1jfRx,choice_only,dailydilemmas,2,4,0.5,-0.692723397096704,0.25,-0.7037469315006161,-0.011023534403912016,-0.25
0.05,1.5,0.5,R_7QGHM1iZnW1jfRx,choice_only,dailydilemmas,3,4,0.75,-0.693106248193503,0.75,-0.6771035103274408,0.01600273786606221,0.0
0.05,1.5,0.5,R_7QGHM1iZnW1jfRx,choice_only,dailydilemmas,4,4,0.25,-0.6938567634717323,0.25,-0.7315161765973378,-0.0376594131256055,0.0
0.05,1.5,0.5,R_6rBDZvDRiktj92h,choice_only,dailydilemmas,0,4,0.75,-0.6919508583886247,0.5,-0.6576226122615974,0.03432824612702734,-0.25
0.05,1.5,0.5,R_6rBDZvDRiktj92h,choice_only,dailydilemmas,1,4,0.5,-0.6920848654673555,0.5,-0.6340945475415577,0.057990317925797785,0.0
0.05,1.5,0.5,R_6rBDZvDRiktj92h,choice_only,dailydilemmas,2,4,0.75,-0.6926821806338346,0.75,-0.6894457847696365,0.003236395864198105,0.0
0.05,1.5,0.5,R_6rBDZvDRiktj92h,choice_only,dailydilemmas,3,4,0.5,-0.6925047484490472,0.5,-0.6904190397927643,0.002085708656282881,0.0
0.05,1.5,0.5,R_6rBDZvDRiktj92h,choice_only,dailydilemmas,4,4,0.5,-0.6936433799394314,0.5,-0.7484311058612259,-0.05478772592179448,0.0
0.05,1.5,0.5,R_7DZXdu8GHiSZQbw,choice_only,dailydilemmas,0,5,0.8,-0.6915098669160649,0.8,-0.5863664282285799,0.10514343868748499,0.0
0.05,1.5,0.5,R_7DZXdu8GHiSZQbw,choice_only,dailydilemmas,1,5,0.6,-0.690806185488559,0.6,-0.5610037277517576,0.12980245773680144,0.0
0.05,1.5,0.5,R_7DZXdu8GHiSZQbw,choice_only,dailydilemmas,2,5,0.8,-0.6908536245536288,0.8,-0.5441739976727319,0.14667962688089686,0.0
0.05,1.5,0.5,R_7DZXdu8GHiSZQbw,choice_only,dailydilemmas,3,5,0.8,-0.6915137653328134,0.8,-0.6070427638433438,0.08447100148946962,0.0
0.05,1.5,0.5,R_3wNdGb7QZmozWdV,inference_affirm,dailydilemmas,0,4,0.75,-0.6925585495452946,0.5,-0.739589019670567,-0.047030470125272394,-0.25
0.05,1.5,0.5,R_3wNdGb7QZmozWdV,inference_affirm,dailydilemmas,1,4,0.5,-0.692981251064235,0.5,-0.6865352429133256,0.006446008150909455,0.0
0.05,1.5,0.5,R_3wNdGb7QZmozWdV,inference_affirm,dailydilemmas,2,4,0.25,-0.693020012554981,0.25,-0.7996840597846129,-0.10666404722963185,0.0
0.05,1.5,0.5,R_3wNdGb7QZmozWdV,inference_affirm,dailydilemmas,3,4,1.0,-0.6923061806371242,0.75,-0.6823936392905419,0.00991254134658237,-0.25
0.05,1.5,0.5,R_3wNdGb7QZmozWdV,inference_affirm,dailydilemmas,4,4,0.75,-0.6922461602262034,0.5,-0.6737095021848398,0.01853665804136362,-0.25
0.05,1.5,0.5,R_54BDOExpKqNLP7U,choice_only,dailydilemmas,0,5,1.0,-0.690222392201228,1.0,-0.48126444010797814,0.2089579520932499,0.0
0.05,1.5,0.5,R_54BDOExpKqNLP7U,choice_only,dailydilemmas,1,5,0.8,-0.6912457920133276,1.0,-0.5455707397582685,0.14567505225505906,0.19999999999999996
0.05,1.5,0.5,R_54BDOExpKqNLP7U,choice_only,dailydilemmas,2,5,0.6,-0.6923603456842805,0.6,-0.6535029266555555,0.03885741902872497,0.0
0.05,1.5,0.5,R_54BDOExpKqNLP7U,choice_only,dailydilemmas,3,5,0.8,-0.6900271794005838,1.0,-0.45526903526251045,0.23475814413807333,0.19999999999999996
0.05,1.5,0.5,R_7FP7x1oOPEhKFnt,choice_only,dailydilemmas,0,4,1.0,-0.6919280667454282,1.0,-0.56693140574824,0.1249966609971882,0.0
0.05,1.5,0.5,R_7FP7x1oOPEhKFnt,choice_only,dailydilemmas,1,4,0.5,-0.6928210627175507,1.0,-0.6376487734914849,0.055172289226065874,0.5
0.05,1.5,0.5,R_7FP7x1oOPEhKFnt,choice_only,dailydilemmas,2,4,1.0,-0.6925045821357162,0.75,-0.6363857154031342,0.05611886673258204,-0.25
0.05,1.5,0.5,R_7FP7x1oOPEhKFnt,choice_only,dailydilemmas,3,4,0.75,-0.6929586161800017,0.75,-0.6989295939911883,-0.005970977811186606,0.0
0.05,1.5,0.5,R_7FP7x1oOPEhKFnt,choice_only,dailydilemmas,4,4,0.75,-0.6921518574026817,0.5,-0.6311519486558198,0.0609999087468619,-0.25
0.05,1.5,0.5,R_3RlcXTweCHzrYtz,choice_only,dailydilemmas,0,4,0.75,-0.692169622767719,0.75,-0.6155333313118719,0.07663629145584705,0.0
0.05,1.5,0.5,R_3RlcXTweCHzrYtz,choice_only,dailydilemmas,1,4,0.5,-0.6921245155651763,0.5,-0.6342384516509667,0.057886063914209585,0.0
0.05,1.5,0.5,R_3RlcXTweCHzrYtz,choice_only,dailydilemmas,2,4,0.25,-0.6934837659178836,0.5,-0.7216831147169033,-0.02819934879901964,0.25
0.05,1.5,0.5,R_3RlcXTweCHzrYtz,choice_only,dailydilemmas,3,4,0.5,-0.6932357233524356,0.5,-0.7100179709255303,-0.016782247573094766,0.0
0.05,1.5,0.5,R_3RlcXTweCHzrYtz,choice_only,dailydilemmas,4,4,0.75,-0.6924225385240101,0.75,-0.6077533487113486,0.08466918981266158,0.0
0.05,1.5,0.5,R_64MjAxTXtmHjKMx,choice_only,dailydilemmas,0,4,0.5,-0.6926941351033684,0.5,-0.6521466147298527,0.04054752037351572,0.0
0.05,1.5,0.5,R_64MjAxTXtmHjKMx,choice_only,dailydilemmas,1,4,0.25,-0.6940710556215365,0.25,-0.676927110671755,0.017143944949781442,0.0
0.05,1.5,0.5,R_64MjAxTXtmHjKMx,choice_only,dailydilemmas,2,4,0.25,-0.6938039134381895,0.25,-0.792382275499179,-0.09857836206098947,0.0
0.05,1.5,0.5,R_64MjAxTXtmHjKMx,choice_only,dailydilemmas,3,4,0.75,-0.6920861844549647,0.75,-0.5900790089224803,0.1020071755324844,0.0
0.05,1.5,0.5,R_64MjAxTXtmHjKMx,choice_only,dailydilemmas,4,4,1.0,-0.6918386995488164,1.0,-0.5532800152021845,0.13855868434663188,0.0
0.05,1.5,0.5,R_5B7Sbr53fSq1D3z,inference_affirm,dailydilemmas,0,4,1.0,-0.6924009679036246,0.75,-0.6814293929047548,0.010971574998869804,-0.25
0.05,1.5,0.5,R_5B7Sbr53fSq1D3z,inference_affirm,dailydilemmas,1,4,1.0,-0.6914967585051052,0.5,-0.6178128360573844,0.07368392244772082,-0.5
0.05,1.5,0.5,R_5B7Sbr53fSq1D3z,inference_affirm,dailydilemmas,2,4,0.5,-0.6916899171728221,0.75,-0.6177877667592984,0.07390215041352377,0.25
0.05,1.5,0.5,R_5B7Sbr53fSq1D3z,inference_affirm,dailydilemmas,3,4,0.5,-0.6925555829975424,1.0,-0.6193490894881106,0.07320649350943176,0.5
0.05,1.5,0.5,R_5B7Sbr53fSq1D3z,inference_affirm,dailydilemmas,4,4,0.5,-0.6934639971088424,0.25,-0.7242844941547877,-0.03082049704594525,-0.25
0.05,1.5,0.5,R_7fTeTaHgGhgcqkN,inference_affirm,dailydilemmas,0,4,0.75,-0.6918140257887567,0.75,-0.6246784790110751,0.06713554677768163,0.0
0.05,1.5,0.5,R_7fTeTaHgGhgcqkN,inference_affirm,dailydilemmas,1,4,0.75,-0.6912834457678454,1.0,-0.5786876204436966,0.1125958253241488,0.25
0.05,1.5,0.5,R_7fTeTaHgGhgcqkN,inference_affirm,dailydilemmas,2,4,1.0,-0.6919592595083794,0.75,-0.607467416847078,0.0844918426613015,-0.25
0.05,1.5,0.5,R_7fTeTaHgGhgcqkN,inference_affirm,dailydilemmas,3,4,0.5,-0.6923729489017025,0.5,-0.6508969580758852,0.04147599082581732,0.0
0.05,1.5,0.5,R_7fTeTaHgGhgcqkN,inference_affirm,dailydilemmas,4,4,0.75,-0.6914575245591041,0.75,-0.6009246287308726,0.09053289582823154,0.0
0.05,1.5,0.5,R_12tlw5u4cVbNiP1,inference_affirm,dailydilemmas,0,4,0.75,-0.6916294137246326,0.5,-0.6271194781272712,0.0645099355973614,-0.25
0.05,1.5,0.5,R_12tlw5u4cVbNiP1,inference_affirm,dailydilemmas,1,4,0.5,-0.6922729032778986,0.5,-0.6532272371618703,0.03904566611602833,0.0
0.05,1.5,0.5,R_12tlw5u4cVbNiP1,inference_affirm,dailydilemmas,2,4,1.0,-0.6913990748711327,0.75,-0.5882098635054293,0.10318921136570347,-0.25
0.05,1.5,0.5,R_12tlw5u4cVbNiP1,inference_affirm,dailydilemmas,3,4,0.75,-0.6917636640252386,1.0,-0.5782217907644994,0.11354187326073917,0.25
0.05,1.5,0.5,R_12tlw5u4cVbNiP1,inference_affirm,dailydilemmas,4,4,0.75,-0.6918227014195795,1.0,-0.5955991795611931,0.09622352185838634,0.25
0.05,1.5,0.75,R_5EfMjMbx1z8Kvhl,inference_categories,dailydilemmas,0,4,0.75,-0.6923275991814979,0.5,-0.7309782010370933,-0.038650601855595434,-0.25
0.05,1.5,0.75,R_5EfMjMbx1z8Kvhl,inference_categories,dailydilemmas,1,4,0.5,-0.692107728588651,0.75,-0.673910891426351,0.018196837162300028,0.25
0.05,1.5,0.75,R_5EfMjMbx1z8Kvhl,inference_categories,dailydilemmas,2,4,0.5,-0.6930055898490717,0.75,-0.6553016687259106,0.03770392112316112,0.25
0.05,1.5,0.75,R_5EfMjMbx1z8Kvhl,inference_categories,dailydilemmas,3,4,0.75,-0.6921698893625947,0.75,-0.6378794194716451,0.054290469890949655,0.0
0.05,1.5,0.75,R_5EfMjMbx1z8Kvhl,inference_categories,dailydilemmas,4,4,0.5,-0.6916124977152831,0.5,-0.6611916271201468,0.030420870595136318,0.0
0.05,1.5,0.75,R_56aT1YjmRtKACUH,inference_categories,dailydilemmas,0,4,0.75,-0.6928161057074206,1.0,-0.6236908119389467,0.06912529376847387,0.25
0.05,1.5,0.75,R_56aT1YjmRtKACUH,inference_categories,dailydilemmas,1,4,0.25,-0.6937101957354634,0.25,-0.7353649548017012,-0.04165475906623772,0.0
0.05,1.5,0.75,R_56aT1YjmRtKACUH,inference_categories,dailydilemmas,2,4,0.75,-0.6924772749383264,0.5,-0.7099363123392514,-0.017459037400924915,-0.25
0.05,1.5,0.75,R_56aT1YjmRtKACUH,inference_categories,dailydilemmas,3,4,0.75,-0.692553249130433,0.5,-0.6823045533777681,0.01024869575266496,-0.25
0.05,1.5,0.75,R_56aT1YjmRtKACUH,inference_categories,dailydilemmas,4,4,0.5,-0.6927715965415814,0.75,-0.6753898214857128,0.017381775055868576,0.25
0.05,1.5,0.75,R_3HS2lsaEfcZSuXu,inference_categories,dailydilemmas,0,4,1.0,-0.6922145708976619,0.75,-0.6249386136623148,0.06727595723534707,-0.25
0.05,1.5,0.75,R_3HS2lsaEfcZSuXu,inference_categories,dailydilemmas,1,4,0.5,-0.6935194048429342,0.5,-0.7736469183232964,-0.08012751348036218,0.0
0.05,1.5,0.75,R_3HS2lsaEfcZSuXu,inference_categories,dailydilemmas,2,4,0.5,-0.6928434999593708,0.5,-0.6885492211784886,0.004294278780882177,0.0
0.05,1.5,0.75,R_3HS2lsaEfcZSuXu,inference_categories,dailydilemmas,3,4,0.5,-0.6925147737062834,1.0,-0.6076141593770106,0.08490061432927287,0.5
0.05,1.5,0.75,R_3HS2lsaEfcZSuXu,inference_categories,dailydilemmas,4,4,0.75,-0.6922641213528324,1.0,-0.5926178287274849,0.09964629262534752,0.25
0.05,1.5,0.75,R_6HoVfVJSFl7IrlL,inference_categories,dailydilemmas,0,4,0.75,-0.6928992813204569,0.75,-0.6744456028601383,0.018453678460318534,0.0
0.05,1.5,0.75,R_6HoVfVJSFl7IrlL,inference_categories,dailydilemmas,1,4,0.75,-0.692487035620315,0.75,-0.6618204423900361,0.03066659323027887,0.0
0.05,1.5,0.75,R_6HoVfVJSFl7IrlL,inference_categories,dailydilemmas,2,4,0.25,-0.6934830207785968,0.75,-0.7212427052319664,-0.027759684453369626,0.5
0.05,1.5,0.75,R_6HoVfVJSFl7IrlL,inference_categories,dailydilemmas,3,4,0.75,-0.6924371284265671,0.75,-0.6456585349267104,0.04677859349985669,0.0
0.05,1.5,0.75,R_6HoVfVJSFl7IrlL,inference_categories,dailydilemmas,4,4,0.75,-0.691991702915315,0.75,-0.657991752029913,0.033999950885401975,0.0
0.05,1.5,0.75,R_5Q5TZ5csoblHSvA,inference_categories,dailydilemmas,0,4,0.5,-0.6932046971065635,0.5,-0.7176057336523942,-0.0244010365458307,0.0
0.05,1.5,0.75,R_5Q5TZ5csoblHSvA,inference_categories,dailydilemmas,1,4,0.75,-0.6933010362528886,0.5,-0.6935499817442686,-0.00024894549137999267,-0.25
0.05,1.5,0.75,R_5Q5TZ5csoblHSvA,inference_categories,dailydilemmas,2,4,0.5,-0.6925393726246563,0.25,-0.7348186707552575,-0.04227929813060127,-0.25
0.05,1.5,0.75,R_5Q5TZ5csoblHSvA,inference_categories,dailydilemmas,3,4,0.25,-0.693672157233209,0.75,-0.6971671751276959,-0.003495017894486918,0.5
0.05,1.5,0.75,R_5Q5TZ5csoblHSvA,inference_categories,dailydilemmas,4,4,0.5,-0.6927479762012052,0.25,-0.7156095732426978,-0.0228615970414926,-0.25
0.05,1.5,0.75,R_18H831wJaDlPwgg,inference_categories,dailydilemmas,0,4,0.5,-0.6916147042699178,0.5,-0.7076849383332852,-0.016070234063367383,0.0
0.05,1.5,0.75,R_18H831wJaDlPwgg,inference_categories,dailydilemmas,1,4,1.0,-0.6899870586634695,0.75,-0.552158267631549,0.13782879103192058,-0.25
0.05,1.5,0.75,R_18H831wJaDlPwgg,inference_categories,dailydilemmas,2,4,0.25,-0.6917238616310285,0.5,-0.5978378574843067,0.09388600414672177,0.25
0.05,1.5,0.75,R_18H831wJaDlPwgg,inference_categories,dailydilemmas,3,4,1.0,-0.6891156439819446,0.75,-0.5491226344262008,0.13999300955574379,-0.25
0.05,1.5,0.75,R_18H831wJaDlPwgg,inference_categories,dailydilemmas,4,4,0.75,-0.6902118746874193,1.0,-0.5432500468202267,0.14696182786719258,0.25
0.05,1.5,0.75,R_12mMAseFwoOpgqC,inference_categories,dailydilemmas,0,4,0.75,-0.6923560192102111,0.5,-0.714091364430262,-0.02173534522005094,-0.25
0.05,1.5,0.75,R_12mMAseFwoOpgqC,inference_categories,dailydilemmas,1,4,0.5,-0.692708683905009,0.75,-0.6343283279085867,0.05838035599642222,0.25
0.05,1.5,0.75,R_12mMAseFwoOpgqC,inference_categories,dailydilemmas,2,4,0.5,-0.6938594465566419,0.5,-0.7226012250576902,-0.02874177850104831,0.0
0.05,1.5,0.75,R_12mMAseFwoOpgqC,inference_categories,dailydilemmas,3,4,0.25,-0.693157141606494,0.25,-0.6962755770083868,-0.0031184354018928273,0.0
0.05,1.5,0.75,R_12mMAseFwoOpgqC,inference_categories,dailydilemmas,4,4,0.75,-0.6923894076906529,0.75,-0.6660264568571647,0.026362950833488275,0.0
0.05,1.5,0.75,R_7ojvA7NDI10RoKR,inference_categories,dailydilemmas,0,5,0.6,-0.6920068818772697,0.6,-0.6151705871661326,0.07683629471113707,0.0
0.05,1.5,0.75,R_7ojvA7NDI10RoKR,inference_categories,dailydilemmas,1,5,0.8,-0.6917348847637751,1.0,-0.6138549803874132,0.07787990437636194,0.19999999999999996
0.05,1.5,0.75,R_7ojvA7NDI10RoKR,inference_categories,dailydilemmas,2,5,0.8,-0.6916545545853191,0.8,-0.6438385100285917,0.04781604455672739,0.0
0.05,1.5,0.75,R_7ojvA7NDI10RoKR,inference_categories,dailydilemmas,3,5,1.0,-0.6917046586626592,0.4,-0.6346955188455196,0.05700913981713962,-0.6
0.05,1.5,0.75,R_5gbXjT8uFYXCo7E,inference_categories,dailydilemmas,0,4,0.25,-0.694026868559669,0.25,-0.7136916861593203,-0.01966481759965133,0.0
0.05,1.5,0.75,R_5gbXjT8uFYXCo7E,inference_categories,dailydilemmas,1,4,0.5,-0.6930937564136729,0.5,-0.6683545132692524,0.024739243144420442,0.0
0.05,1.5,0.75,R_5gbXjT8uFYXCo7E,inference_categories,dailydilemmas,2,4,0.5,-0.6928904338246693,0.5,-0.6679256261541846,0.0249648076704847,0.0
0.05,1.5,0.75,R_5gbXjT8uFYXCo7E,inference_categories,dailydilemmas,3,4,0.75,-0.6928488703434292,0.75,-0.6710029695924765,0.021845900750952718,0.0
0.05,1.5,0.75,R_5gbXjT8uFYXCo7E,inference_categories,dailydilemmas,4,4,0.75,-0.6923363356652761,0.5,-0.6519716506856249,0.04036468497965118,-0.25
0.05,1.5,0.75,R_7f9o7q4AZOoP4ot,inference_categories,dailydilemmas,0,4,0.5,-0.6928590408729023,0.25,-0.7406676180351726,-0.04780857716227027,-0.25
0.05,1.5,0.75,R_7f9o7q4AZOoP4ot,inference_categories,dailydilemmas,1,4,0.25,-0.6940582712554482,0.5,-0.7632649496960664,-0.06920667844061823,0.25
0.05,1.5,0.75,R_7f9o7q4AZOoP4ot,inference_categories,dailydilemmas,2,4,0.25,-0.6938234561373877,0.75,-0.7097602567173161,-0.015936800579928412,0.5
0.05,1.5,0.75,R_7f9o7q4AZOoP4ot,inference_categories,dailydilemmas,3,4,0.5,-0.6930868562810306,0.5,-0.7351782267840455,-0.042091370503014924,0.0
0.05,1.5,0.75,R_7f9o7q4AZOoP4ot,inference_categories,dailydilemmas,4,4,0.25,-0.6937483224132927,0.25,-0.7610638836139622,-0.0673155612006695,0.0
0.05,1.5,0.75,R_1WHYlcDjJDcnUfD,inference_categories,dailydilemmas,0,4,0.25,-0.6936107817399355,0.5,-0.7145414856367619,-0.020930703896826386,0.25
0.05,1.5,0.75,R_1WHYlcDjJDcnUfD,inference_categories,dailydilemmas,1,4,0.75,-0.6927597897553112,0.25,-0.7155821144497444,-0.022822324694433238,-0.5
0.05,1.5,0.75,R_1WHYlcDjJDcnUfD,inference_categories,dailydilemmas,2,4,0.5,-0.692882790314926,0.5,-0.6674860327560481,0.025396757558877825,0.0
0.05,1.5,0.75,R_1WHYlcDjJDcnUfD,inference_categories,dailydilemmas,3,4,0.5,-0.6933126230141359,0.25,-0.7367735492338018,-0.04346092621966591,-0.25
0.05,1.5,0.75,R_1WHYlcDjJDcnUfD,inference_categories,dailydilemmas,4,4,0.5,-0.6933165620073277,1.0,-0.6325601502625215,0.06075641174480617,0.5
0.05,1.5,0.75,R_6Q0gBjey6IdfZpf,inference_categories,dailydilemmas,0,4,0.75,-0.6921669564928575,0.25,-0.6586603993962183,0.03350655709663919,-0.5
0.05,1.5,0.75,R_6Q0gBjey6IdfZpf,inference_categories,dailydilemmas,1,4,1.0,-0.6919515344248186,1.0,-0.610828916000529,0.08112261842428958,0.0
0.05,1.5,0.75,R_6Q0gBjey6IdfZpf,inference_categories,dailydilemmas,2,4,0.75,-0.6922742370254034,1.0,-0.6068048233701958,0.08546941365520755,0.25
0.05,1.5,0.75,R_6Q0gBjey6IdfZpf,inference_categories,dailydilemmas,3,4,0.75,-0.6922809472749593,0.5,-0.6725586112502283,0.019722336024730946,-0.25
0.05,1.5,0.75,R_6Q0gBjey6IdfZpf,inference_categories,dailydilemmas,4,4,0.5,-0.6923239171830518,0.75,-0.6160873798285402,0.07623653735451152,0.25
0.05,1.5,0.75,R_1wzohnjOPhN82Wd,inference_categories,dailydilemmas,0,4,0.75,-0.6912657817430935,0.75,-0.6677087142092515,0.023557067533842013,0.0
0.05,1.5,0.75,R_1wzohnjOPhN82Wd,inference_categories,dailydilemmas,1,4,0.75,-0.6910091198303364,0.75,-0.6313202919814893,0.059688827848847104,0.0
0.05,1.5,0.75,R_1wzohnjOPhN82Wd,inference_categories,dailydilemmas,2,4,0.75,-0.6916135310151922,0.75,-0.5741763109753453,0.11743722003984691,0.0
0.05,1.5,0.75,R_1wzohnjOPhN82Wd,inference_categories,dailydilemmas,3,4,0.75,-0.6912827721934094,1.0,-0.5885594600679307,0.1027233121254787,0.25
0.05,1.5,0.75,R_1wzohnjOPhN82Wd,inference_categories,dailydilemmas,4,4,0.25,-0.6945114868894781,0.5,-0.698570277546225,-0.004058790656746969,0.25
0.05,1.5,0.75,R_70kbQcqJL4Tkq6B,inference_categories,dailydilemmas,0,4,0.5,-0.693099326816225,0.5,-0.7222934251483618,-0.02919409833213682,0.0
0.05,1.5,0.75,R_70kbQcqJL4Tkq6B,inference_categories,dailydilemmas,1,4,0.5,-0.6935456776381743,0.75,-0.6485563142514457,0.044989363386728654,0.25
0.05,1.5,0.75,R_70kbQcqJL4Tkq6B,inference_categories,dailydilemmas,2,4,1.0,-0.6903881142268726,0.75,-0.6580469650446716,0.03234114918220099,-0.25
0.05,1.5,0.75,R_70kbQcqJL4Tkq6B,inference_categories,dailydilemmas,3,4,0.75,-0.6910186881848221,0.75,-0.6247892113681452,0.0662294768166769,0.0
0.05,1.5,0.75,R_70kbQcqJL4Tkq6B,inference_categories,dailydilemmas,4,4,0.75,-0.6910584094419714,0.5,-0.646330091379041,0.04472831806293043,-0.25
0.05,1.5,0.75,R_6rftRMhNP0o6boD,inference_categories,dailydilemmas,0,4,0.25,-0.6927920742765155,1.0,-0.60481013193813,0.08798194233838541,0.75
0.05,1.5,0.75,R_6rftRMhNP0o6boD,inference_categories,dailydilemmas,1,4,0.5,-0.6924913932327733,0.5,-0.7221806798629736,-0.029689286630200318,0.0
0.05,1.5,0.75,R_6rftRMhNP0o6boD,inference_categories,dailydilemmas,2,4,0.75,-0.6930215747126403,0.25,-0.741650387312037,-0.048628812599396776,-0.5
0.05,1.5,0.75,R_6rftRMhNP0o6boD,inference_categories,dailydilemmas,3,4,0.75,-0.6913539511353748,0.75,-0.6477361526231921,0.043617798512182726,0.0
0.05,1.5,0.75,R_6rftRMhNP0o6boD,inference_categories,dailydilemmas,4,4,1.0,-0.6911317756524363,0.75,-0.672353622574594,0.018778153077842363,-0.25
0.05,1.5,0.75,R_6jv2PrGBJcO4of6,inference_categories,dailydilemmas,0,4,1.0,-0.6913708595536875,0.75,-0.5884587090632661,0.10291215049042135,-0.25
0.05,1.5,0.75,R_6jv2PrGBJcO4of6,inference_categories,dailydilemmas,1,4,0.75,-0.6912995160513344,0.75,-0.7147278863618252,-0.02342837031049072,0.0
0.05,1.5,0.75,R_6jv2PrGBJcO4of6,inference_categories,dailydilemmas,2,4,0.5,-0.6926591280607736,0.5,-0.7296607750037103,-0.03700164694293673,0.0
0.05,1.5,0.75,R_6jv2PrGBJcO4of6,inference_categories,dailydilemmas,3,4,0.75,-0.6920955861097676,0.5,-0.665960584215309,0.02613500189445861,-0.25
0.05,1.5,0.75,R_6jv2PrGBJcO4of6,inference_categories,dailydilemmas,4,4,0.5,-0.6944162521312823,0.5,-0.817514128579653,-0.12309787644837067,0.0
0.05,1.5,0.75,R_1dHqTtKKq3yQvmX,inference_categories,dailydilemmas,0,4,0.75,-0.6901793664806752,0.75,-0.584586984844047,0.10559238163662821,0.0
0.05,1.5,0.75,R_1dHqTtKKq3yQvmX,inference_categories,dailydilemmas,1,4,0.5,-0.6905398035230048,0.75,-0.5426350791142822,0.1479047244087226,0.25
0.05,1.5,0.75,R_1dHqTtKKq3yQvmX,inference_categories,dailydilemmas,2,4,0.75,-0.6916850396000928,0.75,-0.5947597133981477,0.09692532620194505,0.0
0.05,1.5,0.75,R_1dHqTtKKq3yQvmX,inference_categories,dailydilemmas,3,4,0.75,-0.6917166981820564,0.75,-0.6070340578578609,0.08468264032419548,0.0
0.05,1.5,0.75,R_1dHqTtKKq3yQvmX,inference_categories,dailydilemmas,4,4,0.75,-0.6905830384527758,0.75,-0.558203102728822,0.1323799357239538,0.0
0.05,1.5,0.75,R_1P81VK8fH860C4V,inference_categories,dailydilemmas,0,4,1.0,-0.6920433577900249,1.0,-0.5885017888780091,0.10354156891201582,0.0
0.05,1.5,0.75,R_1P81VK8fH860C4V,inference_categories,dailydilemmas,1,4,1.0,-0.6919164570325738,0.75,-0.5751718893189058,0.11674456771366792,-0.25
0.05,1.5,0.75,R_1P81VK8fH860C4V,inference_categories,dailydilemmas,2,4,0.75,-0.6928577825296892,0.75,-0.5486682915695731,0.14418949096011613,0.0
0.05,1.5,0.75,R_1P81VK8fH860C4V,inference_categories,dailydilemmas,3,4,0.25,-0.6932254130917721,0.5,-0.6641961533230955,0.029029259768676652,0.25
0.05,1.5,0.75,R_1P81VK8fH860C4V,inference_categories,dailydilemmas,4,4,1.0,-0.6913179800919581,0.75,-0.5839459334888292,0.10737204660312893,-0.25
0.05,1.5,0.75,R_7go085j249AymBb,inference_categories,dailydilemmas,0,4,0.5,-0.6920457681275483,0.75,-0.6157781864618642,0.07626758166568404,0.25
0.05,1.5,0.75,R_7go085j249AymBb,inference_categories,dailydilemmas,1,4,0.75,-0.6918687893093179,1.0,-0.5769244637424489,0.11494432556686907,0.25
0.05,1.5,0.75,R_7go085j249AymBb,inference_categories,dailydilemmas,2,4,0.75,-0.6916919699910548,1.0,-0.5767770778197004,0.11491489217135431,0.25
0.05,1.5,0.75,R_7go085j249AymBb,inference_categories,dailydilemmas,3,4,0.75,-0.6921476975615788,0.75,-0.5808948240185797,0.11125287354299906,0.0
0.05,1.5,0.75,R_7go085j249AymBb,inference_categories,dailydilemmas,4,4,0.5,-0.6933859969559947,0.5,-0.7055015547549625,-0.01211555779896778,0.0
0.05,1.5,0.75,R_6xzSCFMWRhzZIRg,inference_categories,dailydilemmas,0,4,0.25,-0.6927821561848767,0.75,-0.645246765410585,0.0475353907742917,0.5
0.05,1.5,0.75,R_6xzSCFMWRhzZIRg,inference_categories,dailydilemmas,1,4,0.75,-0.6925641341245401,0.75,-0.5990966699442891,0.09346746418025098,0.0
0.05,1.5,0.75,R_6xzSCFMWRhzZIRg,inference_categories,dailydilemmas,2,4,0.75,-0.6928042560852457,0.75,-0.6365240478713791,0.05628020821386659,0.0
0.05,1.5,0.75,R_6xzSCFMWRhzZIRg,inference_categories,dailydilemmas,3,4,1.0,-0.6921312027011314,0.25,-0.7498080471746342,-0.05767684447350285,-0.75
0.05,1.5,0.75,R_6xzSCFMWRhzZIRg,inference_categories,dailydilemmas,4,4,0.75,-0.6925934243944709,0.5,-0.6386954110370188,0.053898013357452146,-0.25
0.05,1.5,0.75,R_5EychZPB1u00qZH,inference_categories,dailydilemmas,0,4,1.0,-0.6915691978027982,0.75,-0.6147447613146387,0.07682443648815951,-0.25
0.05,1.5,0.75,R_5EychZPB1u00qZH,inference_categories,dailydilemmas,1,4,0.5,-0.6922579912654148,0.75,-0.6033000092080807,0.08895798205733407,0.25
0.05,1.5,0.75,R_5EychZPB1u00qZH,inference_categories,dailydilemmas,2,4,1.0,-0.6920351292436367,0.75,-0.6195156439823603,0.0725194852612765,-0.25
0.05,1.5,0.75,R_5EychZPB1u00qZH,inference_categories,dailydilemmas,3,4,1.0,-0.6918581079995139,1.0,-0.5914413340533802,0.10041677394613369,0.0
0.05,1.5,0.75,R_5EychZPB1u00qZH,inference_categories,dailydilemmas,4,4,0.25,-0.693113923592781,0.25,-0.7071084213619258,-0.013994497769144743,0.0
0.05,1.5,0.75,R_59glCvaBnt5WTU6,inference_categories,dailydilemmas,0,4,0.5,-0.6934585289871318,0.5,-0.7218214620554682,-0.02836293306833637,0.0
0.05,1.5,0.75,R_59glCvaBnt5WTU6,inference_categories,dailydilemmas,1,4,0.75,-0.6924249223884483,1.0,-0.6246590949203746,0.06776582746807369,0.25
0.05,1.5,0.75,R_59glCvaBnt5WTU6,inference_categories,dailydilemmas,2,4,0.75,-0.6921256744126439,1.0,-0.6183182993493112,0.07380737506333279,0.25
0.05,1.5,0.75,R_59glCvaBnt5WTU6,inference_categories,dailydilemmas,3,4,0.75,-0.6923140677501498,0.5,-0.6277285168112027,0.06458555093894713,-0.25
0.05,1.5,0.75,R_59glCvaBnt5WTU6,inference_categories,dailydilemmas,4,4,0.75,-0.6924660984930848,0.5,-0.6762061536479258,0.016259944845159024,-0.25
0.05,1.5,0.75,R_1nBL27EvLs0Bkk4,inference_categories,dailydilemmas,0,4,0.5,-0.6925040934732599,0.75,-0.6117518874626814,0.08075220601057853,0.25
0.05,1.5,0.75,R_1nBL27EvLs0Bkk4,inference_categories,dailydilemmas,1,4,0.25,-0.693942222109138,0.5,-0.7660018747979984,-0.07205965268886039,0.25
0.05,1.5,0.75,R_1nBL27EvLs0Bkk4,inference_categories,dailydilemmas,2,4,0.75,-0.6912821629528922,0.75,-0.6557254555964233,0.035556707356468986,0.0
0.05,1.5,0.75,R_1nBL27EvLs0Bkk4,inference_categories,dailydilemmas,3,4,0.5,-0.6924616239598635,0.75,-0.6661669809789645,0.026294642980899008,0.25
0.05,1.5,0.75,R_1nBL27EvLs0Bkk4,inference_categories,dailydilemmas,4,4,1.0,-0.6911718043804796,0.75,-0.6458939885501697,0.045277815830309986,-0.25
0.05,1.5,0.75,R_6FsUQnzEYAQwtwa,inference_categories,dailydilemmas,0,4,0.75,-0.6927384253042169,0.75,-0.6775238352018849,0.01521459010233206,0.0
0.05,1.5,0.75,R_6FsUQnzEYAQwtwa,inference_categories,dailydilemmas,1,4,0.5,-0.6927163458859349,0.5,-0.6865302009595099,0.006186144926424997,0.0
0.05,1.5,0.75,R_6FsUQnzEYAQwtwa,inference_categories,dailydilemmas,2,4,0.5,-0.6932754640605925,0.75,-0.6397352053432193,0.053540258717373224,0.25
0.05,1.5,0.75,R_6FsUQnzEYAQwtwa,inference_categories,dailydilemmas,3,4,0.75,-0.6926125292192916,0.25,-0.7716088967117046,-0.07899636749241301,-0.5
0.05,1.5,0.75,R_6FsUQnzEYAQwtwa,inference_categories,dailydilemmas,4,4,0.75,-0.6926171705827615,0.5,-0.6506743635539144,0.04194280702884712,-0.25
0.05,1.5,0.75,R_5pX1jjp1Yu1RSN7,inference_categories,dailydilemmas,0,4,1.0,-0.6916563926178843,0.75,-0.6004929828289352,0.0911634097889491,-0.25
0.05,1.5,0.75,R_5pX1jjp1Yu1RSN7,inference_categories,dailydilemmas,1,4,0.75,-0.6913416045752215,0.75,-0.594867246853268,0.09647435772195356,0.0
0.05,1.5,0.75,R_5pX1jjp1Yu1RSN7,inference_categories,dailydilemmas,2,4,0.75,-0.6917451406050665,0.75,-0.5803230158067993,0.11142212479826719,0.0
0.05,1.5,0.75,R_5pX1jjp1Yu1RSN7,inference_categories,dailydilemmas,3,4,0.75,-0.6915415809271314,0.5,-0.6812837343897687,0.010257846537362614,-0.25
0.05,1.5,0.75,R_5pX1jjp1Yu1RSN7,inference_categories,dailydilemmas,4,4,0.25,-0.6954732529707177,0.0,-0.8217387929278483,-0.12626553995713063,-0.25
0.05,1.5,0.75,R_5DY1mtPtJpWz8WC,inference_categories,dailydilemmas,0,5,1.0,-0.6901900358599771,1.0,-0.4802148225741735,0.20997521328580354,0.0
0.05,1.5,0.75,R_5DY1mtPtJpWz8WC,inference_categories,dailydilemmas,1,5,0.6,-0.6912324351004475,0.8,-0.574085313151419,0.11714712194902854,0.20000000000000007
0.05,1.5,0.75,R_5DY1mtPtJpWz8WC,inference_categories,dailydilemmas,2,5,0.8,-0.691829432035987,1.0,-0.6098641490596478,0.0819652829763392,0.19999999999999996
0.05,1.5,0.75,R_5DY1mtPtJpWz8WC,inference_categories,dailydilemmas,3,5,0.6,-0.6903303706504949,1.0,-0.5564006085195048,0.13392976213099006,0.4
0.05,1.5,0.75,R_1PN3SGDWOMibPAh,inference_categories,dailydilemmas,0,4,0.75,-0.6919509454770811,0.75,-0.64611964304584,0.04583130243124112,0.0
0.05,1.5,0.75,R_1PN3SGDWOMibPAh,inference_categories,dailydilemmas,1,4,0.5,-0.693423134032705,0.75,-0.6770648673383255,0.016358266694379453,0.25
0.05,1.5,0.75,R_1PN3SGDWOMibPAh,inference_categories,dailydilemmas,2,4,0.5,-0.692956189895669,0.75,-0.632644083190625,0.060312106705043944,0.25
0.05,1.5,0.75,R_1PN3SGDWOMibPAh,inference_categories,dailydilemmas,3,4,0.5,-0.6922843616630568,0.75,-0.5925955268427567,0.09968883482030011,0.25
0.05,1.5,0.75,R_1PN3SGDWOMibPAh,inference_categories,dailydilemmas,4,4,1.0,-0.6918221546867992,0.75,-0.6522483809936763,0.03957377369312287,-0.25
0.05,1.5,0.75,R_3SrBXsc2uYrsSZz,inference_categories,dailydilemmas,0,4,0.5,-0.6921819867098238,0.75,-0.6371011858757087,0.05508080083411504,0.25
0.05,1.5,0.75,R_3SrBXsc2uYrsSZz,inference_categories,dailydilemmas,1,4,0.75,-0.6927603848918005,0.75,-0.6961872476570902,-0.0034268627652896955,0.0
0.05,1.5,0.75,R_3SrBXsc2uYrsSZz,inference_categories,dailydilemmas,2,4,0.5,-0.6928712779217644,0.5,-0.7148558724128924,-0.021984594491127996,0.0
0.05,1.5,0.75,R_3SrBXsc2uYrsSZz,inference_categories,dailydilemmas,3,4,0.75,-0.6917737093762071,0.75,-0.5843227110593101,0.10745099831689697,0.0
0.05,1.5,0.75,R_3SrBXsc2uYrsSZz,inference_categories,dailydilemmas,4,4,1.0,-0.691789791299691,0.75,-0.6275781286409634,0.06421166265872758,-0.25
0.05,1.5,0.75,R_7rNeEq8TvAxjqdL,inference_categories,dailydilemmas,0,4,0.75,-0.6911846470944386,0.75,-0.5433364572745872,0.14784818981985137,0.0
0.05,1.5,0.75,R_7rNeEq8TvAxjqdL,inference_categories,dailydilemmas,1,4,0.75,-0.69164818192401,0.5,-0.651923628824221,0.03972455309978906,-0.25
0.05,1.5,0.75,R_7rNeEq8TvAxjqdL,inference_categories,dailydilemmas,2,4,1.0,-0.6907843678215682,1.0,-0.5391644997199944,0.1516198681015738,0.0
0.05,1.5,0.75,R_7rNeEq8TvAxjqdL,inference_categories,dailydilemmas,3,4,0.75,-0.6922579415528716,0.5,-0.6766599711427784,0.015597970410093143,-0.25
0.05,1.5,0.75,R_7rNeEq8TvAxjqdL,inference_categories,dailydilemmas,4,4,0.75,-0.6916794143622071,1.0,-0.5739399113204231,0.11773950304178404,0.25
0.05,1.5,0.75,R_7QAkOtO6FETwKSv,inference_categories,dailydilemmas,0,4,0.5,-0.6935653153634046,0.25,-0.7749655208532222,-0.08140020548981763,-0.25
0.05,1.5,0.75,R_7QAkOtO6FETwKSv,inference_categories,dailydilemmas,1,4,0.75,-0.6922413992091314,0.75,-0.6565042600551015,0.03573713915402987,0.0
0.05,1.5,0.75,R_7QAkOtO6FETwKSv,inference_categories,dailydilemmas,2,4,0.5,-0.6929267303893999,0.5,-0.7627484071294324,-0.06982167674003248,0.0
0.05,1.5,0.75,R_7QAkOtO6FETwKSv,inference_categories,dailydilemmas,3,4,1.0,-0.6920532080201354,0.5,-0.6797269873118715,0.012326220708263835,-0.5
0.05,1.5,0.75,R_7QAkOtO6FETwKSv,inference_categories,dailydilemmas,4,4,0.5,-0.692874388257928,0.75,-0.6995500767510192,-0.006675688493091192,0.25
0.05,1.5,0.75,R_6gCrJV80LvD23XK,choice_only,dailydilemmas,0,4,0.5,-0.693771785100323,0.5,-0.7623043658938501,-0.06853258079352709,0.0
0.05,1.5,0.75,R_6gCrJV80LvD23XK,choice_only,dailydilemmas,1,4,1.0,-0.6920506137011905,1.0,-0.5697211733364957,0.12232944036469473,0.0
0.05,1.5,0.75,R_6gCrJV80LvD23XK,choice_only,dailydilemmas,2,4,0.75,-0.692272194395104,0.75,-0.6406146439800595,0.051657550415044495,0.0
0.05,1.5,0.75,R_6gCrJV80LvD23XK,choice_only,dailydilemmas,3,4,0.25,-0.6935722697383494,0.25,-0.7311366754598347,-0.03756440572148534,0.0
0.05,1.5,0.75,R_6gCrJV80LvD23XK,choice_only,dailydilemmas,4,4,0.5,-0.69288341392352,0.5,-0.6717138202882612,0.021169593635258832,0.0
0.05,1.5,0.75,R_7SrhV7HvgsG1fvA,choice_only,dailydilemmas,0,4,0.5,-0.6919869228690966,0.5,-0.6417624386169318,0.05022448425216475,0.0
0.05,1.5,0.75,R_7SrhV7HvgsG1fvA,choice_only,dailydilemmas,1,4,0.75,-0.6927850648558612,1.0,-0.6622367556811984,0.03054830917466278,0.25
0.05,1.5,0.75,R_7SrhV7HvgsG1fvA,choice_only,dailydilemmas,2,4,0.5,-0.6932548429514276,0.5,-0.7341229189156817,-0.040868075964254125,0.0
0.05,1.5,0.75,R_7SrhV7HvgsG1fvA,choice_only,dailydilemmas,3,4,0.75,-0.6925621208023383,1.0,-0.6488511870437993,0.04371093375853896,0.25
0.05,1.5,0.75,R_7SrhV7HvgsG1fvA,choice_only,dailydilemmas,4,4,0.0,-0.694777709820397,0.0,-0.8150445773756837,-0.1202668675552867,0.0
0.05,1.5,0.75,R_5aLcKnMSH0hrVLH,choice_only,dailydilemmas,0,4,1.0,-0.6923263146045625,1.0,-0.6038746553856295,0.08845165921893305,0.0
0.05,1.5,0.75,R_5aLcKnMSH0hrVLH,choice_only,dailydilemmas,1,4,1.0,-0.691702529524409,0.75,-0.6040561315310526,0.08764639799335638,-0.25
0.05,1.5,0.75,R_5aLcKnMSH0hrVLH,choice_only,dailydilemmas,2,4,0.75,-0.6924378717203983,0.5,-0.636056588269835,0.05638128345056326,-0.25
0.05,1.5,0.75,R_5aLcKnMSH0hrVLH,choice_only,dailydilemmas,3,4,1.0,-0.6922143155928429,1.0,-0.6562703667345263,0.03594394885831653,0.0
0.05,1.5,0.75,R_5aLcKnMSH0hrVLH,choice_only,dailydilemmas,4,4,0.5,-0.6935217086981267,0.5,-0.7644273510255217,-0.07090564232739505,0.0
0.05,1.5,0.75,R_6E6esO9YjIptSgZ,choice_only,dailydilemmas,0,5,0.4,-0.6933243109022651,0.4,-0.7054602416980122,-0.012135930795747152,0.0
0.05,1.5,0.75,R_6E6esO9YjIptSgZ,choice_only,dailydilemmas,1,5,0.4,-0.6935058840958112,0.4,-0.6820935462427143,0.01141233785309681,0.0
0.05,1.5,0.75,R_6E6esO9YjIptSgZ,choice_only,dailydilemmas,2,5,0.4,-0.693025151606699,1.0,-0.6447133923943393,0.04831175921235964,0.6
0.05,1.5,0.75,R_6E6esO9YjIptSgZ,choice_only,dailydilemmas,3,5,0.4,-0.693228696324342,0.4,-0.6870833082646364,0.006145388059705659,0.0
0.05,1.5,0.75,R_1MCxQvFXsgFj9AZ,choice_only,dailydilemmas,0,4,0.0,-0.6941318405634145,0.5,-0.7124398208359541,-0.01830798027253966,0.5
0.05,1.5,0.75,R_1MCxQvFXsgFj9AZ,choice_only,dailydilemmas,1,4,0.75,-0.6930678237544948,0.5,-0.6862570048935281,0.006810818860966683,-0.25
0.05,1.5,0.75,R_1MCxQvFXsgFj9AZ,choice_only,dailydilemmas,2,4,0.25,-0.6935068931572397,0.25,-0.7521454362139278,-0.05863854305668814,0.0
0.05,1.5,0.75,R_1MCxQvFXsgFj9AZ,choice_only,dailydilemmas,3,4,0.25,-0.6936224990050501,0.25,-0.7175711700858988,-0.023948671080848638,0.0
0.05,1.5,0.75,R_1MCxQvFXsgFj9AZ,choice_only,dailydilemmas,4,4,0.75,-0.6930774068097307,0.5,-0.6906203734669647,0.002457033342766035,-0.25
0.05,1.5,0.75,R_3JfmC4gRU1JpbNv,choice_only,dailydilemmas,0,4,0.75,-0.691414093721901,0.75,-0.5835649645602115,0.10784912916168954,0.0
0.05,1.5,0.75,R_3JfmC4gRU1JpbNv,choice_only,dailydilemmas,1,4,1.0,-0.6911231568843574,1.0,-0.5451955575526863,0.1459275993316711,0.0
0.05,1.5,0.75,R_3JfmC4gRU1JpbNv,choice_only,dailydilemmas,2,4,0.5,-0.6937110318112766,0.5,-0.7168610759186562,-0.02315004410737964,0.0
0.05,1.5,0.75,R_3JfmC4gRU1JpbNv,choice_only,dailydilemmas,3,4,0.5,-0.6933484607438867,0.5,-0.6683160778098595,0.02503238293402721,0.0
0.05,1.5,0.75,R_3JfmC4gRU1JpbNv,choice_only,dailydilemmas,4,4,1.0,-0.691460935575063,1.0,-0.5597013328433629,0.13175960273170018,0.0
0.05,1.5,0.75,R_7QGHM1iZnW1jfRx,choice_only,dailydilemmas,0,4,0.5,-0.6933461948959684,0.5,-0.6948283927692911,-0.0014821978733227104,0.0
0.05,1.5,0.75,R_7QGHM1iZnW1jfRx,choice_only,dailydilemmas,1,4,0.5,-0.6933979723363053,0.5,-0.7209386001075477,-0.027540627771242443,0.0
0.05,1.5,0.75,R_7QGHM1iZnW1jfRx,choice_only,dailydilemmas,2,4,0.5,-0.692723397096704,0.25,-0.7037469315006161,-0.011023534403912016,-0.25
0.05,1.5,0.75,R_7QGHM1iZnW1jfRx,choice_only,dailydilemmas,3,4,0.75,-0.693106248193503,0.75,-0.6771035103274408,0.01600273786606221,0.0
0.05,1.5,0.75,R_7QGHM1iZnW1jfRx,choice_only,dailydilemmas,4,4,0.25,-0.6938567634717323,0.25,-0.7315161765973378,-0.0376594131256055,0.0
0.05,1.5,0.75,R_6rBDZvDRiktj92h,choice_only,dailydilemmas,0,4,0.75,-0.6919508583886247,0.5,-0.6576226122615974,0.03432824612702734,-0.25
0.05,1.5,0.75,R_6rBDZvDRiktj92h,choice_only,dailydilemmas,1,4,0.5,-0.6920848654673555,0.5,-0.6340945475415577,0.057990317925797785,0.0
0.05,1.5,0.75,R_6rBDZvDRiktj92h,choice_only,dailydilemmas,2,4,0.75,-0.6926821806338346,0.75,-0.6894457847696365,0.003236395864198105,0.0
0.05,1.5,0.75,R_6rBDZvDRiktj92h,choice_only,dailydilemmas,3,4,0.5,-0.6925047484490472,0.5,-0.6904190397927643,0.002085708656282881,0.0
0.05,1.5,0.75,R_6rBDZvDRiktj92h,choice_only,dailydilemmas,4,4,0.5,-0.6936433799394314,0.5,-0.7484311058612259,-0.05478772592179448,0.0
0.05,1.5,0.75,R_7DZXdu8GHiSZQbw,choice_only,dailydilemmas,0,5,0.8,-0.6915098669160649,0.8,-0.5863664282285799,0.10514343868748499,0.0
0.05,1.5,0.75,R_7DZXdu8GHiSZQbw,choice_only,dailydilemmas,1,5,0.6,-0.690806185488559,0.6,-0.5610037277517576,0.12980245773680144,0.0
0.05,1.5,0.75,R_7DZXdu8GHiSZQbw,choice_only,dailydilemmas,2,5,0.8,-0.6908536245536288,0.8,-0.5441739976727319,0.14667962688089686,0.0
0.05,1.5,0.75,R_7DZXdu8GHiSZQbw,choice_only,dailydilemmas,3,5,0.8,-0.6915137653328134,0.8,-0.6070427638433438,0.08447100148946962,0.0
0.05,1.5,0.75,R_3wNdGb7QZmozWdV,inference_affirm,dailydilemmas,0,4,0.75,-0.6925585495452946,0.25,-0.7522337973635799,-0.05967524781828526,-0.5
0.05,1.5,0.75,R_3wNdGb7QZmozWdV,inference_affirm,dailydilemmas,1,4,0.5,-0.692981251064235,0.75,-0.682650945528715,0.010330305535520057,0.25
0.05,1.5,0.75,R_3wNdGb7QZmozWdV,inference_affirm,dailydilemmas,2,4,0.25,-0.693020012554981,0.0,-0.8200396668367614,-0.12701965428178041,-0.25
0.05,1.5,0.75,R_3wNdGb7QZmozWdV,inference_affirm,dailydilemmas,3,4,1.0,-0.6923061806371242,0.25,-0.694219323033394,-0.001913142396269718,-0.75
0.05,1.5,0.75,R_3wNdGb7QZmozWdV,inference_affirm,dailydilemmas,4,4,0.75,-0.6922461602262034,0.5,-0.6854791428749495,0.006767017351253957,-0.25
0.05,1.5,0.75,R_54BDOExpKqNLP7U,choice_only,dailydilemmas,0,5,1.0,-0.690222392201228,1.0,-0.48126444010797814,0.2089579520932499,0.0
0.05,1.5,0.75,R_54BDOExpKqNLP7U,choice_only,dailydilemmas,1,5,0.8,-0.6912457920133276,1.0,-0.5455707397582685,0.14567505225505906,0.19999999999999996
0.05,1.5,0.75,R_54BDOExpKqNLP7U,choice_only,dailydilemmas,2,5,0.6,-0.6923603456842805,0.6,-0.6535029266555555,0.03885741902872497,0.0
0.05,1.5,0.75,R_54BDOExpKqNLP7U,choice_only,dailydilemmas,3,5,0.8,-0.6900271794005838,1.0,-0.45526903526251045,0.23475814413807333,0.19999999999999996
0.05,1.5,0.75,R_7FP7x1oOPEhKFnt,choice_only,dailydilemmas,0,4,1.0,-0.6919280667454282,1.0,-0.56693140574824,0.1249966609971882,0.0
0.05,1.5,0.75,R_7FP7x1oOPEhKFnt,choice_only,dailydilemmas,1,4,0.5,-0.6928210627175507,1.0,-0.6376487734914849,0.055172289226065874,0.5
0.05,1.5,0.75,R_7FP7x1oOPEhKFnt,choice_only,dailydilemmas,2,4,1.0,-0.6925045821357162,0.75,-0.6363857154031342,0.05611886673258204,-0.25
0.05,1.5,0.75,R_7FP7x1oOPEhKFnt,choice_only,dailydilemmas,3,4,0.75,-0.6929586161800017,0.75,-0.6989295939911883,-0.005970977811186606,0.0
0.05,1.5,0.75,R_7FP7x1oOPEhKFnt,choice_only,dailydilemmas,4,4,0.75,-0.6921518574026817,0.5,-0.6311519486558198,0.0609999087468619,-0.25
0.05,1.5,0.75,R_3RlcXTweCHzrYtz,choice_only,dailydilemmas,0,4,0.75,-0.692169622767719,0.75,-0.6155333313118719,0.07663629145584705,0.0
0.05,1.5,0.75,R_3RlcXTweCHzrYtz,choice_only,dailydilemmas,1,4,0.5,-0.6921245155651763,0.5,-0.6342384516509667,0.057886063914209585,0.0
0.05,1.5,0.75,R_3RlcXTweCHzrYtz,choice_only,dailydilemmas,2,4,0.25,-0.6934837659178836,0.5,-0.7216831147169033,-0.02819934879901964,0.25
0.05,1.5,0.75,R_3RlcXTweCHzrYtz,choice_only,dailydilemmas,3,4,0.5,-0.6932357233524356,0.5,-0.7100179709255303,-0.016782247573094766,0.0
0.05,1.5,0.75,R_3RlcXTweCHzrYtz,choice_only,dailydilemmas,4,4,0.75,-0.6924225385240101,0.75,-0.6077533487113486,0.08466918981266158,0.0
0.05,1.5,0.75,R_64MjAxTXtmHjKMx,choice_only,dailydilemmas,0,4,0.5,-0.6926941351033684,0.5,-0.6521466147298527,0.04054752037351572,0.0
0.05,1.5,0.75,R_64MjAxTXtmHjKMx,choice_only,dailydilemmas,1,4,0.25,-0.6940710556215365,0.25,-0.676927110671755,0.017143944949781442,0.0
0.05,1.5,0.75,R_64MjAxTXtmHjKMx,choice_only,dailydilemmas,2,4,0.25,-0.6938039134381895,0.25,-0.792382275499179,-0.09857836206098947,0.0
0.05,1.5,0.75,R_64MjAxTXtmHjKMx,choice_only,dailydilemmas,3,4,0.75,-0.6920861844549647,0.75,-0.5900790089224803,0.1020071755324844,0.0
0.05,1.5,0.75,R_64MjAxTXtmHjKMx,choice_only,dailydilemmas,4,4,1.0,-0.6918386995488164,1.0,-0.5532800152021845,0.13855868434663188,0.0
0.05,1.5,0.75,R_5B7Sbr53fSq1D3z,inference_affirm,dailydilemmas,0,4,1.0,-0.6924009679036246,0.75,-0.6938489039614189,-0.0014479360577942524,-0.25
0.05,1.5,0.75,R_5B7Sbr53fSq1D3z,inference_affirm,dailydilemmas,1,4,1.0,-0.6914967585051052,0.5,-0.650542160889732,0.04095459761537312,-0.5
0.05,1.5,0.75,R_5B7Sbr53fSq1D3z,inference_affirm,dailydilemmas,2,4,0.5,-0.6916899171728221,0.5,-0.6406609664235576,0.0510289507492645,0.0
0.05,1.5,0.75,R_5B7Sbr53fSq1D3z,inference_affirm,dailydilemmas,3,4,0.5,-0.6925555829975424,1.0,-0.6209948908891163,0.07156069210842608,0.5
0.05,1.5,0.75,R_5B7Sbr53fSq1D3z,inference_affirm,dailydilemmas,4,4,0.5,-0.6934639971088424,0.25,-0.7301885672274362,-0.03672457011859376,-0.25
0.05,1.5,0.75,R_7fTeTaHgGhgcqkN,inference_affirm,dailydilemmas,0,4,0.75,-0.6918140257887567,0.75,-0.6397875488135154,0.05202647697524132,0.0
0.05,1.5,0.75,R_7fTeTaHgGhgcqkN,inference_affirm,dailydilemmas,1,4,0.75,-0.6912834457678454,1.0,-0.5814804882811001,0.10980295748674529,0.25
0.05,1.5,0.75,R_7fTeTaHgGhgcqkN,inference_affirm,dailydilemmas,2,4,1.0,-0.6919592595083794,0.75,-0.6160729078475935,0.07588635166078594,-0.25
0.05,1.5,0.75,R_7fTeTaHgGhgcqkN,inference_affirm,dailydilemmas,3,4,0.5,-0.6923729489017025,0.5,-0.6451905419332361,0.04718240696846643,0.0
0.05,1.5,0.75,R_7fTeTaHgGhgcqkN,inference_affirm,dailydilemmas,4,4,0.75,-0.6914575245591041,1.0,-0.6087395988656263,0.0827179256934778,0.25
0.05,1.5,0.75,R_12tlw5u4cVbNiP1,inference_affirm,dailydilemmas,0,4,0.75,-0.6916294137246326,0.5,-0.6453880814301945,0.04624133229443805,-0.25
0.05,1.5,0.75,R_12tlw5u4cVbNiP1,inference_affirm,dailydilemmas,1,4,0.5,-0.6922729032778986,0.5,-0.6637655880892841,0.02850731518861449,0.0
0.05,1.5,0.75,R_12tlw5u4cVbNiP1,inference_affirm,dailydilemmas,2,4,1.0,-0.6913990748711327,0.75,-0.6112700684685627,0.08012900640257004,-0.25
0.05,1.5,0.75,R_12tlw5u4cVbNiP1,inference_affirm,dailydilemmas,3,4,0.75,-0.6917636640252386,1.0,-0.5882573008275218,0.10350636319771678,0.25
0.05,1.5,0.75,R_12tlw5u4cVbNiP1,inference_affirm,dailydilemmas,4,4,0.75,-0.6918227014195795,1.0,-0.6003800802763797,0.09144262114319979,0.25
0.05,1.5,1.0,R_5EfMjMbx1z8Kvhl,inference_categories,dailydilemmas,0,4,0.75,-0.6923275991814979,0.5,-0.7354764038073098,-0.04314880462581194,-0.25
0.05,1.5,1.0,R_5EfMjMbx1z8Kvhl,inference_categories,dailydilemmas,1,4,0.5,-0.692107728588651,0.75,-0.6770455168881166,0.015062211700534345,0.25
0.05,1.5,1.0,R_5EfMjMbx1z8Kvhl,inference_categories,dailydilemmas,2,4,0.5,-0.6930055898490717,0.75,-0.6559803472831436,0.037025242565928096,0.25
0.05,1.5,1.0,R_5EfMjMbx1z8Kvhl,inference_categories,dailydilemmas,3,4,0.75,-0.6921698893625947,0.75,-0.6465572325707706,0.045612656791824135,0.0
0.05,1.5,1.0,R_5EfMjMbx1z8Kvhl,inference_categories,dailydilemmas,4,4,0.5,-0.6916124977152831,0.5,-0.6720999653113564,0.019512532403926697,0.0
0.05,1.5,1.0,R_56aT1YjmRtKACUH,inference_categories,dailydilemmas,0,4,0.75,-0.6928161057074206,1.0,-0.6212175066639899,0.07159859904343069,0.25
0.05,1.5,1.0,R_56aT1YjmRtKACUH,inference_categories,dailydilemmas,1,4,0.25,-0.6937101957354634,0.25,-0.7344928324893866,-0.04078263675392313,0.0
0.05,1.5,1.0,R_56aT1YjmRtKACUH,inference_categories,dailydilemmas,2,4,0.75,-0.6924772749383264,0.5,-0.7179110905175956,-0.02543381557926916,-0.25
0.05,1.5,1.0,R_56aT1YjmRtKACUH,inference_categories,dailydilemmas,3,4,0.75,-0.692553249130433,0.5,-0.6823384601795475,0.010214788950885567,-0.25
0.05,1.5,1.0,R_56aT1YjmRtKACUH,inference_categories,dailydilemmas,4,4,0.5,-0.6927715965415814,0.75,-0.6718307829385043,0.02094081360307709,0.25
0.05,1.5,1.0,R_3HS2lsaEfcZSuXu,inference_categories,dailydilemmas,0,4,1.0,-0.6922145708976619,0.75,-0.6335300031419102,0.058684567755751704,-0.25
0.05,1.5,1.0,R_3HS2lsaEfcZSuXu,inference_categories,dailydilemmas,1,4,0.5,-0.6935194048429342,0.5,-0.7683207576353811,-0.07480135279244693,0.0
0.05,1.5,1.0,R_3HS2lsaEfcZSuXu,inference_categories,dailydilemmas,2,4,0.5,-0.6928434999593708,0.75,-0.6808852278613627,0.011958272098008038,0.25
0.05,1.5,1.0,R_3HS2lsaEfcZSuXu,inference_categories,dailydilemmas,3,4,0.5,-0.6925147737062834,1.0,-0.6068046368713093,0.0857101368349742,0.5
0.05,1.5,1.0,R_3HS2lsaEfcZSuXu,inference_categories,dailydilemmas,4,4,0.75,-0.6922641213528324,1.0,-0.5931073157593842,0.0991568055934482,0.25
0.05,1.5,1.0,R_6HoVfVJSFl7IrlL,inference_categories,dailydilemmas,0,4,0.75,-0.6928992813204569,0.75,-0.6725073715851384,0.02039190973531846,0.0
0.05,1.5,1.0,R_6HoVfVJSFl7IrlL,inference_categories,dailydilemmas,1,4,0.75,-0.692487035620315,0.5,-0.6752573273381943,0.01722970828212067,-0.25
0.05,1.5,1.0,R_6HoVfVJSFl7IrlL,inference_categories,dailydilemmas,2,4,0.25,-0.6934830207785968,0.5,-0.7196827107483466,-0.02619968996974975,0.25
0.05,1.5,1.0,R_6HoVfVJSFl7IrlL,inference_categories,dailydilemmas,3,4,0.75,-0.6924371284265671,0.75,-0.6489591489308503,0.043477979495716856,0.0
0.05,1.5,1.0,R_6HoVfVJSFl7IrlL,inference_categories,dailydilemmas,4,4,0.75,-0.691991702915315,0.75,-0.6660804478663328,0.025911255048982174,0.0
0.05,1.5,1.0,R_5Q5TZ5csoblHSvA,inference_categories,dailydilemmas,0,4,0.5,-0.6932046971065635,0.5,-0.7123169736362907,-0.019112276529727135,0.0
0.05,1.5,1.0,R_5Q5TZ5csoblHSvA,inference_categories,dailydilemmas,1,4,0.75,-0.6933010362528886,0.5,-0.6936614071106644,-0.0003603708577757381,-0.25
0.05,1.5,1.0,R_5Q5TZ5csoblHSvA,inference_categories,dailydilemmas,2,4,0.5,-0.6925393726246563,0.25,-0.7463356012116087,-0.05379622858695243,-0.25
0.05,1.5,1.0,R_5Q5TZ5csoblHSvA,inference_categories,dailydilemmas,3,4,0.25,-0.693672157233209,0.5,-0.6905486569175007,0.003123500315708294,0.25
0.05,1.5,1.0,R_5Q5TZ5csoblHSvA,inference_categories,dailydilemmas,4,4,0.5,-0.6927479762012052,0.25,-0.7255784004512408,-0.03283042425003557,-0.25
0.05,1.5,1.0,R_18H831wJaDlPwgg,inference_categories,dailydilemmas,0,4,0.5,-0.6916147042699178,0.5,-0.7158527627146034,-0.02423805844468563,0.0
0.05,1.5,1.0,R_18H831wJaDlPwgg,inference_categories,dailydilemmas,1,4,1.0,-0.6899870586634695,0.75,-0.5584038447298042,0.13158321393366534,-0.25
0.05,1.5,1.0,R_18H831wJaDlPwgg,inference_categories,dailydilemmas,2,4,0.25,-0.6917238616310285,0.5,-0.6038732010841895,0.08785066054683899,0.25
0.05,1.5,1.0,R_18H831wJaDlPwgg,inference_categories,dailydilemmas,3,4,1.0,-0.6891156439819446,0.75,-0.5693048556220554,0.11981078835988923,-0.25
0.05,1.5,1.0,R_18H831wJaDlPwgg,inference_categories,dailydilemmas,4,4,0.75,-0.6902118746874193,1.0,-0.5533136492222297,0.1368982254651896,0.25
0.05,1.5,1.0,R_12mMAseFwoOpgqC,inference_categories,dailydilemmas,0,4,0.75,-0.6923560192102111,0.5,-0.727124702099982,-0.034768682889770974,-0.25
0.05,1.5,1.0,R_12mMAseFwoOpgqC,inference_categories,dailydilemmas,1,4,0.5,-0.692708683905009,0.75,-0.641082651765983,0.051626032139025946,0.25
0.05,1.5,1.0,R_12mMAseFwoOpgqC,inference_categories,dailydilemmas,2,4,0.5,-0.6938594465566419,0.5,-0.723123899066051,-0.029264452509409122,0.0
0.05,1.5,1.0,R_12mMAseFwoOpgqC,inference_categories,dailydilemmas,3,4,0.25,-0.693157141606494,0.5,-0.6987250957418885,-0.0055679541353944595,0.25
0.05,1.5,1.0,R_12mMAseFwoOpgqC,inference_categories,dailydilemmas,4,4,0.75,-0.6923894076906529,0.75,-0.6733628189425105,0.019026588748142448,0.0
0.05,1.5,1.0,R_7ojvA7NDI10RoKR,inference_categories,dailydilemmas,0,5,0.6,-0.6920068818772697,0.6,-0.6189366972666113,0.0730701846106584,0.0
0.05,1.5,1.0,R_7ojvA7NDI10RoKR,inference_categories,dailydilemmas,1,5,0.8,-0.6917348847637751,0.8,-0.6262772850485842,0.06545759971519094,0.0
0.05,1.5,1.0,R_7ojvA7NDI10RoKR,inference_categories,dailydilemmas,2,5,0.8,-0.6916545545853191,0.8,-0.6503566542369844,0.04129790034833469,0.0
0.05,1.5,1.0,R_7ojvA7NDI10RoKR,inference_categories,dailydilemmas,3,5,1.0,-0.6917046586626592,0.4,-0.6450303368315473,0.046674321831111865,-0.6
0.05,1.5,1.0,R_5gbXjT8uFYXCo7E,inference_categories,dailydilemmas,0,4,0.25,-0.694026868559669,0.25,-0.7056486744142734,-0.011621805854604372,0.0
0.05,1.5,1.0,R_5gbXjT8uFYXCo7E,inference_categories,dailydilemmas,1,4,0.5,-0.6930937564136729,0.5,-0.6649125106051529,0.028181245808519995,0.0
0.05,1.5,1.0,R_5gbXjT8uFYXCo7E,inference_categories,dailydilemmas,2,4,0.5,-0.6928904338246693,0.5,-0.671995431408712,0.02089500241595732,0.0
0.05,1.5,1.0,R_5gbXjT8uFYXCo7E,inference_categories,dailydilemmas,3,4,0.75,-0.6928488703434292,0.75,-0.673930583023783,0.018918287319646288,0.0
0.05,1.5,1.0,R_5gbXjT8uFYXCo7E,inference_categories,dailydilemmas,4,4,0.75,-0.6923363356652761,0.5,-0.6572007770488708,0.03513555861640527,-0.25
0.05,1.5,1.0,R_7f9o7q4AZOoP4ot,inference_categories,dailydilemmas,0,4,0.5,-0.6928590408729023,0.25,-0.7449123457815409,-0.052053304908638576,-0.25
0.05,1.5,1.0,R_7f9o7q4AZOoP4ot,inference_categories,dailydilemmas,1,4,0.25,-0.6940582712554482,0.5,-0.7555962808185911,-0.061538009563142926,0.25
0.05,1.5,1.0,R_7f9o7q4AZOoP4ot,inference_categories,dailydilemmas,2,4,0.25,-0.6938234561373877,0.75,-0.698568412289368,-0.004744956151980229,0.5
0.05,1.5,1.0,R_7f9o7q4AZOoP4ot,inference_categories,dailydilemmas,3,4,0.5,-0.6930868562810306,0.5,-0.7341817319096053,-0.04109487562857472,0.0
0.05,1.5,1.0,R_7f9o7q4AZOoP4ot,inference_categories,dailydilemmas,4,4,0.25,-0.6937483224132927,0.25,-0.743640588792004,-0.04989226637871136,0.0
0.05,1.5,1.0,R_1WHYlcDjJDcnUfD,inference_categories,dailydilemmas,0,4,0.25,-0.6936107817399355,0.25,-0.7186828422772336,-0.025072060537298047,0.0
0.05,1.5,1.0,R_1WHYlcDjJDcnUfD,inference_categories,dailydilemmas,1,4,0.75,-0.6927597897553112,0.0,-0.7299477202943602,-0.03718793053904901,-0.75
0.05,1.5,1.0,R_1WHYlcDjJDcnUfD,inference_categories,dailydilemmas,2,4,0.5,-0.692882790314926,0.75,-0.6634128889251372,0.029469901389788777,0.25
0.05,1.5,1.0,R_1WHYlcDjJDcnUfD,inference_categories,dailydilemmas,3,4,0.5,-0.6933126230141359,0.25,-0.7311277643526966,-0.037815141338560676,-0.25
0.05,1.5,1.0,R_1WHYlcDjJDcnUfD,inference_categories,dailydilemmas,4,4,0.5,-0.6933165620073277,1.0,-0.6183629146153342,0.0749536473919935,0.5
0.05,1.5,1.0,R_6Q0gBjey6IdfZpf,inference_categories,dailydilemmas,0,4,0.75,-0.6921669564928575,0.5,-0.6664989168234022,0.0256680396694553,-0.25
0.05,1.5,1.0,R_6Q0gBjey6IdfZpf,inference_categories,dailydilemmas,1,4,1.0,-0.6919515344248186,1.0,-0.6174518708686869,0.07449966355613169,0.0
0.05,1.5,1.0,R_6Q0gBjey6IdfZpf,inference_categories,dailydilemmas,2,4,0.75,-0.6922742370254034,1.0,-0.6103864511109884,0.08188778591441492,0.25
0.05,1.5,1.0,R_6Q0gBjey6IdfZpf,inference_categories,dailydilemmas,3,4,0.75,-0.6922809472749593,0.5,-0.6767191711751956,0.015561776099763613,-0.25
0.05,1.5,1.0,R_6Q0gBjey6IdfZpf,inference_categories,dailydilemmas,4,4,0.5,-0.6923239171830518,1.0,-0.6274565184514703,0.06486739873158143,0.5
0.05,1.5,1.0,R_1wzohnjOPhN82Wd,inference_categories,dailydilemmas,0,4,0.75,-0.6912657817430935,0.75,-0.6763827768262332,0.014883004916860343,0.0
0.05,1.5,1.0,R_1wzohnjOPhN82Wd,inference_categories,dailydilemmas,1,4,0.75,-0.6910091198303364,0.75,-0.6415731025008238,0.04943601732951264,0.0
0.05,1.5,1.0,R_1wzohnjOPhN82Wd,inference_categories,dailydilemmas,2,4,0.75,-0.6916135310151922,0.75,-0.585744126561629,0.10586940445356319,0.0
0.05,1.5,1.0,R_1wzohnjOPhN82Wd,inference_categories,dailydilemmas,3,4,0.75,-0.6912827721934094,1.0,-0.5897383178396858,0.10154445435372361,0.25
0.05,1.5,1.0,R_1wzohnjOPhN82Wd,inference_categories,dailydilemmas,4,4,0.25,-0.6945114868894781,0.5,-0.6881681486100153,0.006343338279462762,0.25
0.05,1.5,1.0,R_70kbQcqJL4Tkq6B,inference_categories,dailydilemmas,0,4,0.5,-0.693099326816225,0.5,-0.7191479644426613,-0.026048637626436277,0.0
0.05,1.5,1.0,R_70kbQcqJL4Tkq6B,inference_categories,dailydilemmas,1,4,0.5,-0.6935456776381743,0.75,-0.6414127457603651,0.05213293187780921,0.25
0.05,1.5,1.0,R_70kbQcqJL4Tkq6B,inference_categories,dailydilemmas,2,4,1.0,-0.6903881142268726,0.75,-0.6701156740971566,0.020272440129716074,-0.25
0.05,1.5,1.0,R_70kbQcqJL4Tkq6B,inference_categories,dailydilemmas,3,4,0.75,-0.6910186881848221,0.75,-0.6277247931216424,0.06329389506317973,0.0
0.05,1.5,1.0,R_70kbQcqJL4Tkq6B,inference_categories,dailydilemmas,4,4,0.75,-0.6910584094419714,0.5,-0.6600263886306552,0.031032020811316174,-0.25
0.05,1.5,1.0,R_6rftRMhNP0o6boD,inference_categories,dailydilemmas,0,4,0.25,-0.6927920742765155,1.0,-0.5984597571015223,0.09433231717499313,0.75
0.05,1.5,1.0,R_6rftRMhNP0o6boD,inference_categories,dailydilemmas,1,4,0.5,-0.6924913932327733,0.5,-0.7294416342979501,-0.03695024106517675,0.0
0.05,1.5,1.0,R_6rftRMhNP0o6boD,inference_categories,dailydilemmas,2,4,0.75,-0.6930215747126403,0.25,-0.742041141958717,-0.0490195672460767,-0.5
0.05,1.5,1.0,R_6rftRMhNP0o6boD,inference_categories,dailydilemmas,3,4,0.75,-0.6913539511353748,0.75,-0.6483349238962067,0.04301902723916806,0.0
0.05,1.5,1.0,R_6rftRMhNP0o6boD,inference_categories,dailydilemmas,4,4,1.0,-0.6911317756524363,0.5,-0.6845864657815932,0.006545309870843119,-0.5
0.05,1.5,1.0,R_6jv2PrGBJcO4of6,inference_categories,dailydilemmas,0,4,1.0,-0.6913708595536875,0.75,-0.6081931527099254,0.08317770684376213,-0.25
0.05,1.5,1.0,R_6jv2PrGBJcO4of6,inference_categories,dailydilemmas,1,4,0.75,-0.6912995160513344,0.75,-0.7279950815772342,-0.03669556552589981,0.0
0.05,1.5,1.0,R_6jv2PrGBJcO4of6,inference_categories,dailydilemmas,2,4,0.5,-0.6926591280607736,0.5,-0.7335002321788874,-0.040841104118113813,0.0
0.05,1.5,1.0,R_6jv2PrGBJcO4of6,inference_categories,dailydilemmas,3,4,0.75,-0.6920955861097676,0.5,-0.6781040063458298,0.013991579763937834,-0.25
0.05,1.5,1.0,R_6jv2PrGBJcO4of6,inference_categories,dailydilemmas,4,4,0.5,-0.6944162521312823,0.5,-0.7957799433033437,-0.10136369117206134,0.0
0.05,1.5,1.0,R_1dHqTtKKq3yQvmX,inference_categories,dailydilemmas,0,4,0.75,-0.6901793664806752,0.75,-0.6080176264330501,0.08216174004762511,0.0
0.05,1.5,1.0,R_1dHqTtKKq3yQvmX,inference_categories,dailydilemmas,1,4,0.5,-0.6905398035230048,0.75,-0.5432195111289437,0.14732029239406108,0.25
0.05,1.5,1.0,R_1dHqTtKKq3yQvmX,inference_categories,dailydilemmas,2,4,0.75,-0.6916850396000928,0.75,-0.6000548155140148,0.0916302240860779,0.0
0.05,1.5,1.0,R_1dHqTtKKq3yQvmX,inference_categories,dailydilemmas,3,4,0.75,-0.6917166981820564,0.75,-0.6066910633881167,0.08502563479393965,0.0
0.05,1.5,1.0,R_1dHqTtKKq3yQvmX,inference_categories,dailydilemmas,4,4,0.75,-0.6905830384527758,0.75,-0.5708127308707974,0.11977030758197837,0.0
0.05,1.5,1.0,R_1P81VK8fH860C4V,inference_categories,dailydilemmas,0,4,1.0,-0.6920433577900249,1.0,-0.5914340772829905,0.10060928050703444,0.0
0.05,1.5,1.0,R_1P81VK8fH860C4V,inference_categories,dailydilemmas,1,4,1.0,-0.6919164570325738,0.75,-0.5912792090045256,0.10063724802804819,-0.25
0.05,1.5,1.0,R_1P81VK8fH860C4V,inference_categories,dailydilemmas,2,4,0.75,-0.6928577825296892,0.75,-0.5410904036192475,0.15176737891044167,0.0
0.05,1.5,1.0,R_1P81VK8fH860C4V,inference_categories,dailydilemmas,3,4,0.25,-0.6932254130917721,0.5,-0.6581971183064608,0.03502829478531133,0.25
0.05,1.5,1.0,R_1P81VK8fH860C4V,inference_categories,dailydilemmas,4,4,1.0,-0.6913179800919581,0.75,-0.5947829923910456,0.09653498770091251,-0.25
0.05,1.5,1.0,R_7go085j249AymBb,inference_categories,dailydilemmas,0,4,0.5,-0.6920457681275483,0.75,-0.6140156451388767,0.07803012298867151,0.25
0.05,1.5,1.0,R_7go085j249AymBb,inference_categories,dailydilemmas,1,4,0.75,-0.6918687893093179,1.0,-0.5849369827886173,0.10693180652070067,0.25
0.05,1.5,1.0,R_7go085j249AymBb,inference_categories,dailydilemmas,2,4,0.75,-0.6916919699910548,1.0,-0.5842632570254505,0.1074287129656043,0.25
0.05,1.5,1.0,R_7go085j249AymBb,inference_categories,dailydilemmas,3,4,0.75,-0.6921476975615788,0.75,-0.5843631380467521,0.10778455951482668,0.0
0.05,1.5,1.0,R_7go085j249AymBb,inference_categories,dailydilemmas,4,4,0.5,-0.6933859969559947,0.5,-0.6979400402242821,-0.004554043268287455,0.0
0.05,1.5,1.0,R_6xzSCFMWRhzZIRg,inference_categories,dailydilemmas,0,4,0.25,-0.6927821561848767,0.75,-0.6410283495107516,0.0517538066741251,0.5
0.05,1.5,1.0,R_6xzSCFMWRhzZIRg,inference_categories,dailydilemmas,1,4,0.75,-0.6925641341245401,0.75,-0.5969125179334587,0.09565161619108142,0.0
0.05,1.5,1.0,R_6xzSCFMWRhzZIRg,inference_categories,dailydilemmas,2,4,0.75,-0.6928042560852457,0.75,-0.6386517337210665,0.05415252236417911,0.0
0.05,1.5,1.0,R_6xzSCFMWRhzZIRg,inference_categories,dailydilemmas,3,4,1.0,-0.6921312027011314,0.25,-0.7672536644010044,-0.07512246169987302,-0.75
0.05,1.5,1.0,R_6xzSCFMWRhzZIRg,inference_categories,dailydilemmas,4,4,0.75,-0.6925934243944709,0.5,-0.6396867972559933,0.0529066271384776,-0.25
0.05,1.5,1.0,R_5EychZPB1u00qZH,inference_categories,dailydilemmas,0,4,1.0,-0.6915691978027982,0.75,-0.6331331977933529,0.05843600000944538,-0.25
0.05,1.5,1.0,R_5EychZPB1u00qZH,inference_categories,dailydilemmas,1,4,0.5,-0.6922579912654148,0.75,-0.6054542456529219,0.08680374561249282,0.25
0.05,1.5,1.0,R_5EychZPB1u00qZH,inference_categories,dailydilemmas,2,4,1.0,-0.6920351292436367,0.75,-0.6296818911076704,0.06235323813596638,-0.25
0.05,1.5,1.0,R_5EychZPB1u00qZH,inference_categories,dailydilemmas,3,4,1.0,-0.6918581079995139,1.0,-0.6016000854381153,0.09025802256139859,0.0
0.05,1.5,1.0,R_5EychZPB1u00qZH,inference_categories,dailydilemmas,4,4,0.25,-0.693113923592781,0.25,-0.6986090724241794,-0.005495148831398344,0.0
0.05,1.5,1.0,R_59glCvaBnt5WTU6,inference_categories,dailydilemmas,0,4,0.5,-0.6934585289871318,0.5,-0.7219236927096908,-0.028465163722559028,0.0
0.05,1.5,1.0,R_59glCvaBnt5WTU6,inference_categories,dailydilemmas,1,4,0.75,-0.6924249223884483,0.75,-0.6349194797932214,0.05750544259522694,0.0
0.05,1.5,1.0,R_59glCvaBnt5WTU6,inference_categories,dailydilemmas,2,4,0.75,-0.6921256744126439,1.0,-0.6296733753760951,0.06245229903654881,0.25
0.05,1.5,1.0,R_59glCvaBnt5WTU6,inference_categories,dailydilemmas,3,4,0.75,-0.6923140677501498,0.5,-0.6325067856138753,0.05980728213627451,-0.25
0.05,1.5,1.0,R_59glCvaBnt5WTU6,inference_categories,dailydilemmas,4,4,0.75,-0.6924660984930848,0.5,-0.6834598114004381,0.009006287092646725,-0.25
0.05,1.5,1.0,R_1nBL27EvLs0Bkk4,inference_categories,dailydilemmas,0,4,0.5,-0.6925040934732599,0.75,-0.6143481728034447,0.07815592066981525,0.25
0.05,1.5,1.0,R_1nBL27EvLs0Bkk4,inference_categories,dailydilemmas,1,4,0.25,-0.693942222109138,0.5,-0.7597354930737903,-0.06579327096465226,0.25
0.05,1.5,1.0,R_1nBL27EvLs0Bkk4,inference_categories,dailydilemmas,2,4,0.75,-0.6912821629528922,0.75,-0.6662768484712434,0.025005314481648888,0.0
0.05,1.5,1.0,R_1nBL27EvLs0Bkk4,inference_categories,dailydilemmas,3,4,0.5,-0.6924616239598635,0.75,-0.6652049143353989,0.027256709624464692,0.25
0.05,1.5,1.0,R_1nBL27EvLs0Bkk4,inference_categories,dailydilemmas,4,4,1.0,-0.6911718043804796,0.75,-0.652951747397797,0.038220056982682604,-0.25
0.05,1.5,1.0,R_6FsUQnzEYAQwtwa,inference_categories,dailydilemmas,0,4,0.75,-0.6927384253042169,0.75,-0.67930518033459,0.013433244969626945,0.0
0.05,1.5,1.0,R_6FsUQnzEYAQwtwa,inference_categories,dailydilemmas,1,4,0.5,-0.6927163458859349,0.5,-0.6909887927527946,0.0017275531331403249,0.0
0.05,1.5,1.0,R_6FsUQnzEYAQwtwa,inference_categories,dailydilemmas,2,4,0.5,-0.6932754640605925,0.75,-0.6369709249056208,0.05630453915497169,0.25
0.05,1.5,1.0,R_6FsUQnzEYAQwtwa,inference_categories,dailydilemmas,3,4,0.75,-0.6926125292192916,0.25,-0.7753495078181267,-0.08273697859883511,-0.5
0.05,1.5,1.0,R_6FsUQnzEYAQwtwa,inference_categories,dailydilemmas,4,4,0.75,-0.6926171705827615,0.5,-0.6487882295748172,0.04382894100794432,-0.25
0.05,1.5,1.0,R_5pX1jjp1Yu1RSN7,inference_categories,dailydilemmas,0,4,1.0,-0.6916563926178843,0.75,-0.6127636760464452,0.07889271657143904,-0.25
0.05,1.5,1.0,R_5pX1jjp1Yu1RSN7,inference_categories,dailydilemmas,1,4,0.75,-0.6913416045752215,0.75,-0.6055543098457363,0.08578729472948521,0.0
0.05,1.5,1.0,R_5pX1jjp1Yu1RSN7,inference_categories,dailydilemmas,2,4,0.75,-0.6917451406050665,0.75,-0.5911167562938924,0.10062838431117416,0.0
0.05,1.5,1.0,R_5pX1jjp1Yu1RSN7,inference_categories,dailydilemmas,3,4,0.75,-0.6915415809271314,0.25,-0.6929945461709424,-0.0014529652438109997,-0.5
0.05,1.5,1.0,R_5pX1jjp1Yu1RSN7,inference_categories,dailydilemmas,4,4,0.25,-0.6954732529707177,0.0,-0.8043596598620595,-0.10888640689134177,-0.25
0.05,1.5,1.0,R_5DY1mtPtJpWz8WC,inference_categories,dailydilemmas,0,5,1.0,-0.6901900358599771,1.0,-0.4995331548833889,0.19065688097658817,0.0
0.05,1.5,1.0,R_5DY1mtPtJpWz8WC,inference_categories,dailydilemmas,1,5,0.6,-0.6912324351004475,0.8,-0.5875906092751391,0.10364182582530845,0.20000000000000007
0.05,1.5,1.0,R_5DY1mtPtJpWz8WC,inference_categories,dailydilemmas,2,5,0.8,-0.691829432035987,1.0,-0.6201869545307235,0.07164247750526354,0.19999999999999996
0.05,1.5,1.0,R_5DY1mtPtJpWz8WC,inference_categories,dailydilemmas,3,5,0.6,-0.6903303706504949,1.0,-0.5820318513137128,0.10829851933678203,0.4
0.05,1.5,1.0,R_1PN3SGDWOMibPAh,inference_categories,dailydilemmas,0,4,0.75,-0.6919509454770811,0.75,-0.6602293790465524,0.0317215664305287,0.0
0.05,1.5,1.0,R_1PN3SGDWOMibPAh,inference_categories,dailydilemmas,1,4,0.5,-0.693423134032705,0.75,-0.6604303131731377,0.03299282085956723,0.25
0.05,1.5,1.0,R_1PN3SGDWOMibPAh,inference_categories,dailydilemmas,2,4,0.5,-0.692956189895669,0.75,-0.6341194248583104,0.058836765037358574,0.25
0.05,1.5,1.0,R_1PN3SGDWOMibPAh,inference_categories,dailydilemmas,3,4,0.5,-0.6922843616630568,0.75,-0.589685601642884,0.10259876002017287,0.25
0.05,1.5,1.0,R_1PN3SGDWOMibPAh,inference_categories,dailydilemmas,4,4,1.0,-0.6918221546867992,0.5,-0.66556061722626,0.026261537460539164,-0.5
0.05,1.5,1.0,R_3SrBXsc2uYrsSZz,inference_categories,dailydilemmas,0,4,0.5,-0.6921819867098238,0.75,-0.6396982619432313,0.052483724766592466,0.25
0.05,1.5,1.0,R_3SrBXsc2uYrsSZz,inference_categories,dailydilemmas,1,4,0.75,-0.6927603848918005,0.75,-0.6972335945423773,-0.004473209650576848,0.0
0.05,1.5,1.0,R_3SrBXsc2uYrsSZz,inference_categories,dailydilemmas,2,4,0.5,-0.6928712779217644,0.5,-0.7084499593382736,-0.015578681416509199,0.0
0.05,1.5,1.0,R_3SrBXsc2uYrsSZz,inference_categories,dailydilemmas,3,4,0.75,-0.6917737093762071,0.75,-0.5811508595894983,0.11062284978670878,0.0
0.05,1.5,1.0,R_3SrBXsc2uYrsSZz,inference_categories,dailydilemmas,4,4,1.0,-0.691789791299691,0.75,-0.635675062428636,0.05611472887105495,-0.25
0.05,1.5,1.0,R_7rNeEq8TvAxjqdL,inference_categories,dailydilemmas,0,4,0.75,-0.6911846470944386,0.75,-0.5462598889539896,0.14492475814044903,0.0
0.05,1.5,1.0,R_7rNeEq8TvAxjqdL,inference_categories,dailydilemmas,1,4,0.75,-0.69164818192401,0.5,-0.6698408545482729,0.021807327375737096,-0.25
0.05,1.5,1.0,R_7rNeEq8TvAxjqdL,inference_categories,dailydilemmas,2,4,1.0,-0.6907843678215682,1.0,-0.5417530714816524,0.14903129633991574,0.0
0.05,1.5,1.0,R_7rNeEq8TvAxjqdL,inference_categories,dailydilemmas,3,4,0.75,-0.6922579415528716,0.5,-0.6756841840053245,0.016573757547547086,-0.25
0.05,1.5,1.0,R_7rNeEq8TvAxjqdL,inference_categories,dailydilemmas,4,4,0.75,-0.6916794143622071,1.0,-0.5738879232274282,0.11779149113477894,0.25
0.05,1.5,1.0,R_7QAkOtO6FETwKSv,inference_categories,dailydilemmas,0,4,0.5,-0.6935653153634046,0.25,-0.7708541792315676,-0.07728886386816303,-0.25
0.05,1.5,1.0,R_7QAkOtO6FETwKSv,inference_categories,dailydilemmas,1,4,0.75,-0.6922413992091314,0.75,-0.6570451507153674,0.035196248493764015,0.0
0.05,1.5,1.0,R_7QAkOtO6FETwKSv,inference_categories,dailydilemmas,2,4,0.5,-0.6929267303893999,0.5,-0.7602340219761958,-0.06730729158679594,0.0
0.05,1.5,1.0,R_7QAkOtO6FETwKSv,inference_categories,dailydilemmas,3,4,1.0,-0.6920532080201354,0.5,-0.6741597690197167,0.01789343900041862,-0.5
0.05,1.5,1.0,R_7QAkOtO6FETwKSv,inference_categories,dailydilemmas,4,4,0.5,-0.692874388257928,0.75,-0.7017043700231351,-0.008829981765207107,0.25
0.05,1.5,1.0,R_6gCrJV80LvD23XK,choice_only,dailydilemmas,0,4,0.5,-0.693771785100323,0.5,-0.7623043658938501,-0.06853258079352709,0.0
0.05,1.5,1.0,R_6gCrJV80LvD23XK,choice_only,dailydilemmas,1,4,1.0,-0.6920506137011905,1.0,-0.5697211733364957,0.12232944036469473,0.0
0.05,1.5,1.0,R_6gCrJV80LvD23XK,choice_only,dailydilemmas,2,4,0.75,-0.692272194395104,0.75,-0.6406146439800595,0.051657550415044495,0.0
0.05,1.5,1.0,R_6gCrJV80LvD23XK,choice_only,dailydilemmas,3,4,0.25,-0.6935722697383494,0.25,-0.7311366754598347,-0.03756440572148534,0.0
0.05,1.5,1.0,R_6gCrJV80LvD23XK,choice_only,dailydilemmas,4,4,0.5,-0.69288341392352,0.5,-0.6717138202882612,0.021169593635258832,0.0
0.05,1.5,1.0,R_7SrhV7HvgsG1fvA,choice_only,dailydilemmas,0,4,0.5,-0.6919869228690966,0.5,-0.6417624386169318,0.05022448425216475,0.0
0.05,1.5,1.0,R_7SrhV7HvgsG1fvA,choice_only,dailydilemmas,1,4,0.75,-0.6927850648558612,1.0,-0.6622367556811984,0.03054830917466278,0.25
0.05,1.5,1.0,R_7SrhV7HvgsG1fvA,choice_only,dailydilemmas,2,4,0.5,-0.6932548429514276,0.5,-0.7341229189156817,-0.040868075964254125,0.0
0.05,1.5,1.0,R_7SrhV7HvgsG1fvA,choice_only,dailydilemmas,3,4,0.75,-0.6925621208023383,1.0,-0.6488511870437993,0.04371093375853896,0.25
0.05,1.5,1.0,R_7SrhV7HvgsG1fvA,choice_only,dailydilemmas,4,4,0.0,-0.694777709820397,0.0,-0.8150445773756837,-0.1202668675552867,0.0
0.05,1.5,1.0,R_5aLcKnMSH0hrVLH,choice_only,dailydilemmas,0,4,1.0,-0.6923263146045625,1.0,-0.6038746553856295,0.08845165921893305,0.0
0.05,1.5,1.0,R_5aLcKnMSH0hrVLH,choice_only,dailydilemmas,1,4,1.0,-0.691702529524409,0.75,-0.6040561315310526,0.08764639799335638,-0.25
0.05,1.5,1.0,R_5aLcKnMSH0hrVLH,choice_only,dailydilemmas,2,4,0.75,-0.6924378717203983,0.5,-0.636056588269835,0.05638128345056326,-0.25
0.05,1.5,1.0,R_5aLcKnMSH0hrVLH,choice_only,dailydilemmas,3,4,1.0,-0.6922143155928429,1.0,-0.6562703667345263,0.03594394885831653,0.0
0.05,1.5,1.0,R_5aLcKnMSH0hrVLH,choice_only,dailydilemmas,4,4,0.5,-0.6935217086981267,0.5,-0.7644273510255217,-0.07090564232739505,0.0
0.05,1.5,1.0,R_6E6esO9YjIptSgZ,choice_only,dailydilemmas,0,5,0.4,-0.6933243109022651,0.4,-0.7054602416980122,-0.012135930795747152,0.0
0.05,1.5,1.0,R_6E6esO9YjIptSgZ,choice_only,dailydilemmas,1,5,0.4,-0.6935058840958112,0.4,-0.6820935462427143,0.01141233785309681,0.0
0.05,1.5,1.0,R_6E6esO9YjIptSgZ,choice_only,dailydilemmas,2,5,0.4,-0.693025151606699,1.0,-0.6447133923943393,0.04831175921235964,0.6
0.05,1.5,1.0,R_6E6esO9YjIptSgZ,choice_only,dailydilemmas,3,5,0.4,-0.693228696324342,0.4,-0.6870833082646364,0.006145388059705659,0.0
0.05,1.5,1.0,R_1MCxQvFXsgFj9AZ,choice_only,dailydilemmas,0,4,0.0,-0.6941318405634145,0.5,-0.7124398208359541,-0.01830798027253966,0.5
0.05,1.5,1.0,R_1MCxQvFXsgFj9AZ,choice_only,dailydilemmas,1,4,0.75,-0.6930678237544948,0.5,-0.6862570048935281,0.006810818860966683,-0.25
0.05,1.5,1.0,R_1MCxQvFXsgFj9AZ,choice_only,dailydilemmas,2,4,0.25,-0.6935068931572397,0.25,-0.7521454362139278,-0.05863854305668814,0.0
0.05,1.5,1.0,R_1MCxQvFXsgFj9AZ,choice_only,dailydilemmas,3,4,0.25,-0.6936224990050501,0.25,-0.7175711700858988,-0.023948671080848638,0.0
0.05,1.5,1.0,R_1MCxQvFXsgFj9AZ,choice_only,dailydilemmas,4,4,0.75,-0.6930774068097307,0.5,-0.6906203734669647,0.002457033342766035,-0.25
0.05,1.5,1.0,R_3JfmC4gRU1JpbNv,choice_only,dailydilemmas,0,4,0.75,-0.691414093721901,0.75,-0.5835649645602115,0.10784912916168954,0.0
0.05,1.5,1.0,R_3JfmC4gRU1JpbNv,choice_only,dailydilemmas,1,4,1.0,-0.6911231568843574,1.0,-0.5451955575526863,0.1459275993316711,0.0
0.05,1.5,1.0,R_3JfmC4gRU1JpbNv,choice_only,dailydilemmas,2,4,0.5,-0.6937110318112766,0.5,-0.7168610759186562,-0.02315004410737964,0.0
0.05,1.5,1.0,R_3JfmC4gRU1JpbNv,choice_only,dailydilemmas,3,4,0.5,-0.6933484607438867,0.5,-0.6683160778098595,0.02503238293402721,0.0
0.05,1.5,1.0,R_3JfmC4gRU1JpbNv,choice_only,dailydilemmas,4,4,1.0,-0.691460935575063,1.0,-0.5597013328433629,0.13175960273170018,0.0
0.05,1.5,1.0,R_7QGHM1iZnW1jfRx,choice_only,dailydilemmas,0,4,0.5,-0.6933461948959684,0.5,-0.6948283927692911,-0.0014821978733227104,0.0
0.05,1.5,1.0,R_7QGHM1iZnW1jfRx,choice_only,dailydilemmas,1,4,0.5,-0.6933979723363053,0.5,-0.7209386001075477,-0.027540627771242443,0.0
0.05,1.5,1.0,R_7QGHM1iZnW1jfRx,choice_only,dailydilemmas,2,4,0.5,-0.692723397096704,0.25,-0.7037469315006161,-0.011023534403912016,-0.25
0.05,1.5,1.0,R_7QGHM1iZnW1jfRx,choice_only,dailydilemmas,3,4,0.75,-0.693106248193503,0.75,-0.6771035103274408,0.01600273786606221,0.0
0.05,1.5,1.0,R_7QGHM1iZnW1jfRx,choice_only,dailydilemmas,4,4,0.25,-0.6938567634717323,0.25,-0.7315161765973378,-0.0376594131256055,0.0
0.05,1.5,1.0,R_6rBDZvDRiktj92h,choice_only,dailydilemmas,0,4,0.75,-0.6919508583886247,0.5,-0.6576226122615974,0.03432824612702734,-0.25
0.05,1.5,1.0,R_6rBDZvDRiktj92h,choice_only,dailydilemmas,1,4,0.5,-0.6920848654673555,0.5,-0.6340945475415577,0.057990317925797785,0.0
0.05,1.5,1.0,R_6rBDZvDRiktj92h,choice_only,dailydilemmas,2,4,0.75,-0.6926821806338346,0.75,-0.6894457847696365,0.003236395864198105,0.0
0.05,1.5,1.0,R_6rBDZvDRiktj92h,choice_only,dailydilemmas,3,4,0.5,-0.6925047484490472,0.5,-0.6904190397927643,0.002085708656282881,0.0
0.05,1.5,1.0,R_6rBDZvDRiktj92h,choice_only,dailydilemmas,4,4,0.5,-0.6936433799394314,0.5,-0.7484311058612259,-0.05478772592179448,0.0
0.05,1.5,1.0,R_7DZXdu8GHiSZQbw,choice_only,dailydilemmas,0,5,0.8,-0.6915098669160649,0.8,-0.5863664282285799,0.10514343868748499,0.0
0.05,1.5,1.0,R_7DZXdu8GHiSZQbw,choice_only,dailydilemmas,1,5,0.6,-0.690806185488559,0.6,-0.5610037277517576,0.12980245773680144,0.0
0.05,1.5,1.0,R_7DZXdu8GHiSZQbw,choice_only,dailydilemmas,2,5,0.8,-0.6908536245536288,0.8,-0.5441739976727319,0.14667962688089686,0.0
0.05,1.5,1.0,R_7DZXdu8GHiSZQbw,choice_only,dailydilemmas,3,5,0.8,-0.6915137653328134,0.8,-0.6070427638433438,0.08447100148946962,0.0
0.05,1.5,1.0,R_3wNdGb7QZmozWdV,inference_affirm,dailydilemmas,0,4,0.75,-0.6925585495452946,0.25,-0.7566465637070401,-0.06408801416174548,-0.5
0.05,1.5,1.0,R_3wNdGb7QZmozWdV,inference_affirm,dailydilemmas,1,4,0.5,-0.692981251064235,0.75,-0.6806589578342312,0.012322293230003778,0.25
0.05,1.5,1.0,R_3wNdGb7QZmozWdV,inference_affirm,dailydilemmas,2,4,0.25,-0.693020012554981,0.0,-0.8268315658221911,-0.13381155326721006,-0.25
0.05,1.5,1.0,R_3wNdGb7QZmozWdV,inference_affirm,dailydilemmas,3,4,1.0,-0.6923061806371242,0.25,-0.6969146303746784,-0.004608449737554143,-0.75
0.05,1.5,1.0,R_3wNdGb7QZmozWdV,inference_affirm,dailydilemmas,4,4,0.75,-0.6922461602262034,0.5,-0.6915497705965146,0.0006963896296888761,-0.25
0.05,1.5,1.0,R_54BDOExpKqNLP7U,choice_only,dailydilemmas,0,5,1.0,-0.690222392201228,1.0,-0.48126444010797814,0.2089579520932499,0.0
0.05,1.5,1.0,R_54BDOExpKqNLP7U,choice_only,dailydilemmas,1,5,0.8,-0.6912457920133276,1.0,-0.5455707397582685,0.14567505225505906,0.19999999999999996
0.05,1.5,1.0,R_54BDOExpKqNLP7U,choice_only,dailydilemmas,2,5,0.6,-0.6923603456842805,0.6,-0.6535029266555555,0.03885741902872497,0.0
0.05,1.5,1.0,R_54BDOExpKqNLP7U,choice_only,dailydilemmas,3,5,0.8,-0.6900271794005838,1.0,-0.45526903526251045,0.23475814413807333,0.19999999999999996
0.05,1.5,1.0,R_7FP7x1oOPEhKFnt,choice_only,dailydilemmas,0,4,1.0,-0.6919280667454282,1.0,-0.56693140574824,0.1249966609971882,0.0
0.05,1.5,1.0,R_7FP7x1oOPEhKFnt,choice_only,dailydilemmas,1,4,0.5,-0.6928210627175507,1.0,-0.6376487734914849,0.055172289226065874,0.5
0.05,1.5,1.0,R_7FP7x1oOPEhKFnt,choice_only,dailydilemmas,2,4,1.0,-0.6925045821357162,0.75,-0.6363857154031342,0.05611886673258204,-0.25
0.05,1.5,1.0,R_7FP7x1oOPEhKFnt,choice_only,dailydilemmas,3,4,0.75,-0.6929586161800017,0.75,-0.6989295939911883,-0.005970977811186606,0.0
0.05,1.5,1.0,R_7FP7x1oOPEhKFnt,choice_only,dailydilemmas,4,4,0.75,-0.6921518574026817,0.5,-0.6311519486558198,0.0609999087468619,-0.25
0.05,1.5,1.0,R_3RlcXTweCHzrYtz,choice_only,dailydilemmas,0,4,0.75,-0.692169622767719,0.75,-0.6155333313118719,0.07663629145584705,0.0
0.05,1.5,1.0,R_3RlcXTweCHzrYtz,choice_only,dailydilemmas,1,4,0.5,-0.6921245155651763,0.5,-0.6342384516509667,0.057886063914209585,0.0
0.05,1.5,1.0,R_3RlcXTweCHzrYtz,choice_only,dailydilemmas,2,4,0.25,-0.6934837659178836,0.5,-0.7216831147169033,-0.02819934879901964,0.25
0.05,1.5,1.0,R_3RlcXTweCHzrYtz,choice_only,dailydilemmas,3,4,0.5,-0.6932357233524356,0.5,-0.7100179709255303,-0.016782247573094766,0.0
0.05,1.5,1.0,R_3RlcXTweCHzrYtz,choice_only,dailydilemmas,4,4,0.75,-0.6924225385240101,0.75,-0.6077533487113486,0.08466918981266158,0.0
0.05,1.5,1.0,R_64MjAxTXtmHjKMx,choice_only,dailydilemmas,0,4,0.5,-0.6926941351033684,0.5,-0.6521466147298527,0.04054752037351572,0.0
0.05,1.5,1.0,R_64MjAxTXtmHjKMx,choice_only,dailydilemmas,1,4,0.25,-0.6940710556215365,0.25,-0.676927110671755,0.017143944949781442,0.0
0.05,1.5,1.0,R_64MjAxTXtmHjKMx,choice_only,dailydilemmas,2,4,0.25,-0.6938039134381895,0.25,-0.792382275499179,-0.09857836206098947,0.0
0.05,1.5,1.0,R_64MjAxTXtmHjKMx,choice_only,dailydilemmas,3,4,0.75,-0.6920861844549647,0.75,-0.5900790089224803,0.1020071755324844,0.0
0.05,1.5,1.0,R_64MjAxTXtmHjKMx,choice_only,dailydilemmas,4,4,1.0,-0.6918386995488164,1.0,-0.5532800152021845,0.13855868434663188,0.0
0.05,1.5,1.0,R_5B7Sbr53fSq1D3z,inference_affirm,dailydilemmas,0,4,1.0,-0.6924009679036246,0.75,-0.7029822797812457,-0.010581311877621125,-0.25
0.05,1.5,1.0,R_5B7Sbr53fSq1D3z,inference_affirm,dailydilemmas,1,4,1.0,-0.6914967585051052,0.5,-0.6784113500691256,0.013085408435979606,-0.5
0.05,1.5,1.0,R_5B7Sbr53fSq1D3z,inference_affirm,dailydilemmas,2,4,0.5,-0.6916899171728221,0.5,-0.6610857090828842,0.030604208089937912,0.0
0.05,1.5,1.0,R_5B7Sbr53fSq1D3z,inference_affirm,dailydilemmas,3,4,0.5,-0.6925555829975424,1.0,-0.6257683332542371,0.0667872497433053,0.5
0.05,1.5,1.0,R_5B7Sbr53fSq1D3z,inference_affirm,dailydilemmas,4,4,0.5,-0.6934639971088424,0.25,-0.7341606471448123,-0.040696650035969895,-0.25
0.05,1.5,1.0,R_7fTeTaHgGhgcqkN,inference_affirm,dailydilemmas,0,4,0.75,-0.6918140257887567,0.75,-0.6503392027930639,0.04147482299569283,0.0
0.05,1.5,1.0,R_7fTeTaHgGhgcqkN,inference_affirm,dailydilemmas,1,4,0.75,-0.6912834457678454,1.0,-0.5855025271947063,0.1057809185731391,0.25
0.05,1.5,1.0,R_7fTeTaHgGhgcqkN,inference_affirm,dailydilemmas,2,4,1.0,-0.6919592595083794,0.75,-0.6220161463362321,0.0699431131721473,-0.25
0.05,1.5,1.0,R_7fTeTaHgGhgcqkN,inference_affirm,dailydilemmas,3,4,0.5,-0.6923729489017025,0.5,-0.643490648789848,0.04888230011185457,0.0
0.05,1.5,1.0,R_7fTeTaHgGhgcqkN,inference_affirm,dailydilemmas,4,4,0.75,-0.6914575245591041,1.0,-0.6161370339831813,0.07532049057592283,0.25
0.05,1.5,1.0,R_12tlw5u4cVbNiP1,inference_affirm,dailydilemmas,0,4,0.75,-0.6916294137246326,0.5,-0.6577317287457266,0.033897684978905995,-0.25
0.05,1.5,1.0,R_12tlw5u4cVbNiP1,inference_affirm,dailydilemmas,1,4,0.5,-0.6922729032778986,0.5,-0.6715693991484415,0.020703504129457095,0.0
0.05,1.5,1.0,R_12tlw5u4cVbNiP1,inference_affirm,dailydilemmas,2,4,1.0,-0.6913990748711327,0.75,-0.6288055499597298,0.06259352491140291,-0.25
0.05,1.5,1.0,R_12tlw5u4cVbNiP1,inference_affirm,dailydilemmas,3,4,0.75,-0.6917636640252386,0.75,-0.5989374658483178,0.09282619817692084,0.0
0.05,1.5,1.0,R_12tlw5u4cVbNiP1,inference_affirm,dailydilemmas,4,4,0.75,-0.6918227014195795,1.0,-0.6062715096052866,0.08555119181429283,0.25
