user_id,condition,n_trials,rating_partial_vs_standard,test_acc_standard,test_ll_standard,spearman_standard,topn_sign_standard,topn_overlap_standard,combined_standard,test_acc_projected,test_ll_projected,spearman_projected,topn_sign_projected,topn_overlap_projected,combined_projected,test_acc_partial,test_ll_partial,spearman_partial,topn_sign_partial,topn_overlap_partial,combined_partial,test_acc_blend,test_ll_blend,spearman_blend,topn_sign_blend,topn_overlap_blend,combined_blend
0,choice_only,20,0.421816834526932,0.58,-0.6905539869752336,0.3084909594216971,0.2,0.3,-0.14575452028915145,0.545,-1.020521140026013,0.18236314528313863,0.2,0.3,-0.20881842735843067,0.545,-1.020521140026013,0.18236314528313863,0.2,0.3,-0.20881842735843067,0.55,-0.8725744392575092,0.18236314528313863,0.2,0.3,-0.20881842735843067
0,inference_affirm,20,0.8387298126748699,0.545,-0.6914014530801025,-0.20967744898193474,0.2,0.6,-0.40483872449096736,0.47,-1.2321286919608037,-0.1936102115120547,0.1,0.4,-0.4968051057560274,0.555,-2.2126692248600768,0.2498455426566349,0.3,0.5,-0.07507722867168257,0.55,-1.7161104904116709,0.2498455426566349,0.3,0.5,-0.07507722867168257
0,inference_categories,20,0.9336891894154675,0.475,-0.6941728815950262,0.04257817929518215,0.2,0.3,-0.2787109103524089,0.525,-1.168327880558747,-0.1662959078132586,0.2,0.6,-0.38314795390662926,0.62,-3.788027966956948,0.5004944471867638,0.5,0.6,0.2502472235933819,0.62,-2.978828522047798,0.5004944471867638,0.5,0.6,0.2502472235933819
1,choice_only,20,0.5393326537660299,0.565,-0.6905280798671243,-0.23490797356198886,0.3,0.6,-0.31745398678099446,0.565,-0.996548233391025,-0.17184543032387103,0.3,0.5,-0.2859227151619355,0.565,-0.996548233391025,-0.17184543032387103,0.3,0.5,-0.2859227151619355,0.565,-0.8679299426633815,-0.17184543032387103,0.3,0.5,-0.2859227151619355
1,inference_affirm,20,0.8957520467826002,0.565,-0.6909195086515626,-0.11508914140956503,0.3,0.6,-0.25754457070478254,0.575,-0.948749961355333,-0.07252192472383549,0.3,0.6,-0.23626096236191776,0.635,-2.3650338825879946,0.345267424228695,0.5,0.7,0.1726337121143475,0.635,-1.8126207933215324,0.345267424228695,0.5,0.7,0.1726337121143475
1,inference_categories,20,0.9130853907961249,0.545,-0.6906598046658248,0.012612508647623564,0.3,0.5,-0.19369374567618822,0.545,-0.9869528983615087,0.009459381485717672,0.4,0.6,-0.09527030925714114,0.64,-2.605599814131712,0.5533738169144838,0.5,0.7,0.2766869084572419,0.64,-1.9908426461141084,0.5533738169144838,0.5,0.7,0.2766869084572419
2,choice_only,20,0.2951375164257507,0.545,-0.6906544126480615,0.322141307457629,0.3,0.7,-0.03892934627118552,0.53,-0.9861635556464367,0.17391677948632736,0.2,0.6,-0.21304161025683632,0.53,-0.9861635556464367,0.17391677948632736,0.2,0.6,-0.21304161025683632,0.53,-0.8619174396157817,0.17391677948632736,0.2,0.6,-0.21304161025683632
2,inference_affirm,20,0.6417612018264421,0.63,-0.6899805027403698,0.32807028857648113,0.3,0.6,-0.03596485571175945,0.615,-0.8439935801448489,0.17786943356556204,0.3,0.6,-0.111065283217219,0.515,-3.3844600918659227,0.5612768792513291,0.3,0.4,0.08063843962566453,0.515,-2.6149581133277824,0.5612768792513291,0.3,0.4,0.08063843962566453
2,inference_categories,20,0.759007730359454,0.615,-0.6893098953153065,0.3458572319330373,0.3,0.6,-0.02707138403348136,0.65,-0.7546161559060836,0.1482245279713017,0.3,0.5,-0.12588773601434916,0.625,-3.353518351649435,0.604756074122911,0.4,0.6,0.20237803706145552,0.625,-2.547789905917283,0.604756074122911,0.4,0.6,0.20237803706145552
3,choice_only,20,0.414683323628635,0.545,-0.6921068164282836,0.14837082980375163,0.5,0.4,0.07418541490187582,0.565,-0.8359996820244397,0.21051567998333345,0.4,0.4,0.005257839991666749,0.565,-0.8359996820244397,0.21051567998333345,0.4,0.4,0.005257839991666749,0.565,-0.7592452414055009,0.21051567998333345,0.4,0.4,0.005257839991666749
3,inference_affirm,20,0.8713280597707517,0.52,-0.6927656247911449,0.2602315601269989,0.5,0.5,0.13011578006349944,0.625,-0.7457968477113422,0.3518952141418821,0.5,0.4,0.17594760707094104,0.56,-3.8300583326048785,0.6253325549320421,0.7,0.7,0.512666277466021,0.56,-2.940941724641513,0.6253325549320421,0.7,0.7,0.512666277466021
3,inference_categories,20,0.9574593867249418,0.48,-0.6926238859651584,0.11807521534120548,0.5,0.6,0.05903760767060274,0.585,-0.8754332163980293,0.4746312932465562,0.7,0.6,0.43731564662327804,0.605,-4.061351866202296,0.7636048465816118,0.8,0.6,0.681802423290806,0.605,-3.181521074881738,0.7636048465816118,0.8,0.6,0.681802423290806
4,choice_only,20,0.43345179651724025,0.52,-0.6917858314627672,0.47629481654778283,0.4,0.8,0.13814740827389144,0.57,-0.8569159858080893,0.5691821874097985,0.3,0.7,0.08459109370489926,0.57,-0.8569159858080893,0.5691821874097985,0.3,0.7,0.08459109370489926,0.565,-0.7779145994489189,0.5691821874097985,0.3,0.7,0.08459109370489926
4,inference_affirm,20,0.6870938144683228,0.535,-0.6930855328797992,0.17786943356556204,0.2,0.6,-0.21106528321721896,0.55,-1.0715518856702757,0.3339992696953331,0.3,0.6,-0.033000365152333455,0.505,-2.4271023881062064,0.29249640186336867,0.3,0.5,-0.053751799068315675,0.5,-1.8763974491446263,0.29249640186336867,0.3,0.5,-0.053751799068315675
4,inference_categories,20,0.6408494913272315,0.535,-0.6925605296879853,0.5395372818155383,0.4,0.7,0.16976864090776916,0.585,-0.8223322913457136,0.6403299608360233,0.4,0.6,0.2201649804180117,0.52,-2.2035064028958864,0.5711585144494159,0.5,0.6,0.28557925722470795,0.525,-1.7145857213452596,0.5711585144494159,0.5,0.6,0.28557925722470795
5,choice_only,20,0.5829578870164778,0.495,-0.6931970893587147,0.11263754095049205,0.4,0.2,-0.04368122952475395,0.515,-1.0570123182224083,0.046608637634686374,0.5,0.3,0.023304318817343187,0.515,-1.0570123182224083,0.046608637634686374,0.5,0.3,0.023304318817343187,0.51,-0.9081466676685563,0.046608637634686374,0.5,0.3,0.023304318817343187
5,inference_affirm,20,0.3251819324711779,0.53,-0.6931220042338583,0.143709966040283,0.6,0.4,0.17185498302014146,0.57,-0.8356649547176622,0.048939069516420686,0.4,0.4,-0.07553046524178963,0.475,-3.552915814513901,0.2516866432273064,0.4,0.6,0.025843321613653214,0.475,-2.7134591724850234,0.2516866432273064,0.4,0.6,0.025843321613653214
5,inference_categories,20,0.6100602023962769,0.51,-0.6927149661438757,0.19497946743843794,0.4,0.4,-0.0025102662807810067,0.53,-1.1002107636203045,0.010875348781426819,0.5,0.5,0.0054376743907134095,0.51,-1.860140220058782,0.1740055805028291,0.5,0.5,0.08700279025141455,0.51,-1.4756690874987972,0.1740055805028291,0.5,0.5,0.08700279025141455
6,choice_only,20,0.5126900167346495,0.53,-0.6921695567460978,0.4550583247722644,0.7,0.5,0.42752916238613214,0.52,-1.0716115715474908,0.4753667128199522,0.7,0.5,0.437683356409976,0.52,-1.0716115715474908,0.4753667128199522,0.7,0.5,0.437683356409976,0.52,-0.9211255365859756,0.4753667128199522,0.7,0.5,0.437683356409976
6,inference_affirm,20,0.7974512395479002,0.475,-0.6927005456382379,0.13689357869182167,0.5,0.6,0.06844678934591084,0.495,-1.2772955686610703,0.07220760194733451,0.5,0.5,0.036103800973667256,0.565,-2.1793698257886804,0.28506959518791436,0.7,0.5,0.3425347975939571,0.565,-1.7048012824064092,0.28506959518791436,0.7,0.5,0.3425347975939571
6,inference_categories,20,0.6977471202020046,0.57,-0.6920967776152874,0.4355020992448613,0.6,0.7,0.3177510496224306,0.58,-1.1356210506833186,0.5408048520847241,0.8,0.7,0.5704024260423621,0.525,-1.9286703223789403,0.5701391903758287,0.7,0.8,0.4850695951879143,0.525,-1.510398715133041,0.5701391903758287,0.7,0.8,0.4850695951879143
7,choice_only,20,0.521113674522379,0.57,-0.6911966403843632,-0.03226552647887425,0.4,0.5,-0.11613276323943711,0.54,-0.9724923012801611,0.0015364536418511548,0.4,0.5,-0.0992317731790744,0.54,-0.9724923012801611,0.0015364536418511548,0.4,0.5,-0.0992317731790744,0.54,-0.8506604407275478,0.0015364536418511548,0.4,0.5,-0.0992317731790744
7,inference_affirm,20,0.7464961122517425,0.525,-0.6926645916512502,0.16132763239437128,0.5,0.5,0.08066381619718564,0.48,-1.1649576874039385,0.13828082776660394,0.6,0.5,0.16914041388330195,0.525,-2.4705135383295085,0.39333213231389563,0.6,0.5,0.2966660661569478,0.525,-1.9044447164140712,0.39333213231389563,0.6,0.5,0.2966660661569478
7,inference_categories,20,0.8846382752268038,0.475,-0.6938326756925025,0.02151035098591617,0.4,0.5,-0.0892448245070419,0.51,-1.142657686508742,0.06299459931589736,0.4,0.6,-0.0685027003420513,0.545,-3.6840139625161483,0.43635283428572796,0.6,0.5,0.31817641714286393,0.545,-2.795092716331403,0.43635283428572796,0.6,0.5,0.31817641714286393
8,choice_only,20,0.8851069344407076,0.485,-0.6937315782796206,-0.11965835906212527,0.2,0.6,-0.35982917953106264,0.51,-0.9685670878540685,0.2970242955442826,0.4,0.5,0.04851214777214133,0.51,-0.9685670878540685,0.2970242955442826,0.4,0.5,0.04851214777214133,0.51,-0.8560769409427854,0.2970242955442826,0.4,0.5,0.04851214777214133
8,inference_affirm,20,0.751793702175769,0.63,-0.6881218416319667,0.3980125560293387,0.3,0.5,-0.0009937219853306534,0.655,-0.6985320754847868,0.3394563377648944,0.4,0.5,0.06972816888244723,0.61,-1.6351877658722969,0.44129323909436274,0.5,0.6,0.22064661954718137,0.61,-1.282971320529312,0.44129323909436274,0.5,0.6,0.22064661954718137
8,inference_categories,20,0.80579216013207,0.525,-0.6920652961783819,-0.07892359853033795,0.2,0.7,-0.33946179926516895,0.55,-0.9882569891250409,0.22149526039159362,0.3,0.7,-0.0892523698042032,0.56,-5.695704703970088,0.2902351687889847,0.3,0.5,-0.05488241560550766,0.56,-4.730634001446198,0.2902351687889847,0.3,0.5,-0.05488241560550766
9,choice_only,20,0.33018999607969995,0.57,-0.6911846963074426,0.42876752623832304,0.3,0.6,0.014383763119161508,0.565,-0.961543478779306,0.34583718165724825,0.2,0.4,-0.12708140917137586,0.565,-0.961543478779306,0.34583718165724825,0.2,0.4,-0.12708140917137586,0.565,-0.843430838501796,0.34583718165724825,0.2,0.4,-0.12708140917137586
9,inference_affirm,20,0.8289020364870425,0.55,-0.6918437579476479,0.33701480457415517,0.1,0.5,-0.23149259771292244,0.565,-1.0222254708204068,0.3987714441558067,0.1,0.5,-0.20061427792209668,0.605,-0.9049744110841077,0.5681610841511935,0.3,0.4,0.08408054207559673,0.605,-0.7855227448159906,0.5681610841511935,0.3,0.4,0.08408054207559673
9,inference_categories,20,0.4073452230474159,0.51,-0.6934223718042865,0.4552346574876023,0.3,0.5,0.02761732874380113,0.6,-0.8575245069390133,0.3034897716584015,0.2,0.6,-0.14825511417079923,0.535,-2.3269905294242386,0.30525424707502014,0.3,0.4,-0.04737287646248994,0.535,-1.7994146039862835,0.30525424707502014,0.3,0.4,-0.04737287646248994
10,choice_only,20,0.5826624436412794,0.55,-0.6924346924576593,0.08064722079072195,0.3,0.6,-0.15967638960463904,0.605,-0.842749213788258,0.21413227589260653,0.3,0.5,-0.09293386205369675,0.605,-0.842749213788258,0.21413227589260653,0.3,0.5,-0.09293386205369675,0.605,-0.7622642257233702,0.21413227589260653,0.3,0.5,-0.09293386205369675
10,inference_affirm,20,0.3254452756919535,0.53,-0.6922592408192265,0.2298909282310235,0.4,0.7,0.014945464115511772,0.555,-0.8548117991100864,0.17241819617326762,0.2,0.6,-0.2137909019133662,0.545,-1.625648876841457,0.33834753550130475,0.2,0.5,-0.1308262322493476,0.545,-1.2897346930077118,0.33834753550130475,0.2,0.5,-0.1308262322493476
10,inference_categories,20,0.7989095066356824,0.515,-0.6921247922974891,0.3262968013601624,0.1,0.5,-0.2368515993199188,0.55,-0.9302378424611871,0.4634897746593215,0.2,0.5,-0.06825511267033924,0.495,-3.171068023682013,0.27809386479559295,0.4,0.5,0.0390469323977965,0.495,-2.422631435553647,0.27809386479559295,0.4,0.5,0.0390469323977965
11,choice_only,20,0.5383532485493666,0.525,-0.6909756325675963,-0.025225017295247128,0.5,0.5,-0.012612508647623564,0.59,-0.8217747348428817,0.036260962361917747,0.5,0.5,0.018130481180958873,0.59,-0.8217747348428817,0.036260962361917747,0.5,0.5,0.018130481180958873,0.59,-0.7384879371877249,0.036260962361917747,0.5,0.5,0.018130481180958873
11,inference_affirm,20,0.6746210573432826,0.57,-0.6908176416795422,-0.015765635809529454,0.4,0.5,-0.1078828179047647,0.62,-0.8068040687242726,0.1355844679619533,0.4,0.4,-0.03220776601902332,0.605,-2.5746859528473043,0.2758986266667654,0.4,0.4,0.03794931333338272,0.605,-1.971777725732946,0.2758986266667654,0.4,0.4,0.03794931333338272
11,inference_categories,20,0.8159722291981176,0.545,-0.6913526042110482,0.21441264700960058,0.5,0.4,0.10720632350480029,0.625,-0.7657626336246175,0.07882817904764727,0.5,0.5,0.03941408952382364,0.625,-3.804263347629726,0.6101301058287899,0.6,0.7,0.40506505291439493,0.625,-2.9299105036844697,0.6101301058287899,0.6,0.7,0.40506505291439493
12,choice_only,20,0.7576638748999756,0.495,-0.6925955344088283,0.4197424239929673,0.3,0.4,0.009871211996483636,0.565,-0.9281576935525544,0.475708080525363,0.5,0.6,0.2378540402626815,0.565,-0.9281576935525544,0.475708080525363,0.5,0.6,0.2378540402626815,0.56,-0.8230352980411682,0.475708080525363,0.5,0.6,0.2378540402626815
12,inference_affirm,20,0.8743870785821628,0.455,-0.6937883626003256,0.23373891845882885,0.2,0.4,-0.18313054077058555,0.545,-0.9639121079471249,0.0855945335201345,0.2,0.3,-0.25720273323993276,0.475,-5.369598088650146,0.40986613166372104,0.5,0.7,0.20493306583186052,0.475,-4.217727521612342,0.40986613166372104,0.5,0.7,0.20493306583186052
12,inference_categories,20,0.4712259750354703,0.525,-0.6910326588577831,0.39340564444831055,0.3,0.4,-0.003297177775844734,0.61,-0.819186700078493,0.4460792035376241,0.3,0.5,0.023039601768812035,0.56,-3.1276028811003154,0.34731628024516126,0.3,0.6,-0.026341859877419382,0.56,-2.3856312073321226,0.34731628024516126,0.3,0.6,-0.026341859877419382
13,choice_only,20,0.4036815858902211,0.5,-0.6941755290284678,0.5985020233761175,0.9,0.7,0.6992510116880588,0.55,-0.9926852560550452,0.6424426782568957,0.8,0.7,0.6212213391284479,0.55,-0.9926852560550452,0.6424426782568957,0.8,0.7,0.6212213391284479,0.55,-0.8566205611229443,0.6424426782568957,0.8,0.7,0.6212213391284479
13,inference_affirm,20,0.6099215628924749,0.53,-0.6925791311855751,0.4454673287913381,0.7,0.5,0.422733664395669,0.56,-0.8682355861495183,0.3954658939270042,0.7,0.7,0.39773294696350203,0.56,-1.2657900605751973,0.6242603383062288,0.7,0.7,0.5121301691531144,0.56,-1.0274666815960751,0.6242603383062288,0.7,0.7,0.5121301691531144
13,inference_categories,20,0.7485560624451328,0.495,-0.6922778286462123,0.00909116997533343,0.6,0.5,0.1045455849876667,0.56,-0.8444916748119362,0.06818377481500072,0.6,0.5,0.13409188740750033,0.62,-1.2558314076733141,0.2454615893340026,0.7,0.6,0.3227307946670013,0.62,-1.0183721763078801,0.2454615893340026,0.7,0.6,0.3227307946670013
14,choice_only,20,0.34116516394760155,0.535,-0.693473047879896,0.316212326338777,0.3,0.7,-0.041893836830611514,0.445,-1.2791693161296964,0.2529698610710216,0.2,0.5,-0.1735150694644892,0.445,-1.2791693161296964,0.2529698610710216,0.2,0.5,-0.1735150694644892,0.445,-1.0772056637634078,0.2529698610710216,0.2,0.5,-0.1735150694644892
14,inference_affirm,20,0.8180194011747715,0.515,-0.6926000084515701,0.3023780370614555,0.3,0.5,-0.04881098146927226,0.52,-1.1618393122254387,0.18182208764479676,0.3,0.8,-0.10908895617760163,0.56,-1.3205898847109245,0.7035724261037788,0.4,0.6,0.2517862130518894,0.565,-1.0829591501498164,0.7035724261037788,0.4,0.6,0.2517862130518894
14,inference_categories,20,0.4691590924509031,0.5,-0.6937798624113983,0.24901720699178687,0.2,0.6,-0.17549139650410656,0.5,-1.0430281078502006,0.3339992696953331,0.2,0.5,-0.13300036515233343,0.495,-2.6593259796975532,0.199609031001353,0.2,0.4,-0.2001954844993235,0.495,-2.0518197053694553,0.199609031001353,0.2,0.4,-0.2001954844993235
15,choice_only,20,0.42676879429010134,0.51,-0.6931070069445073,0.09617037843812967,0.3,0.3,-0.15191481078093516,0.48,-1.0648941849134523,0.17815168464768283,0.2,0.3,-0.21092415767615857,0.48,-1.0648941849134523,0.17815168464768283,0.2,0.3,-0.21092415767615857,0.48,-0.9214732442003517,0.17815168464768283,0.2,0.3,-0.21092415767615857
15,inference_affirm,20,0.6623939823052167,0.5,-0.693504631998294,-0.16553917600005927,0.2,0.5,-0.38276958800002964,0.47,-1.2751789695380242,0.05675628891430603,0.2,0.4,-0.27162185554284696,0.485,-5.323502315088189,0.10405319634289438,0.2,0.3,-0.2479734018285528,0.485,-4.207697635108019,0.10405319634289438,0.2,0.3,-0.2479734018285528
15,inference_categories,20,0.43449972676922255,0.535,-0.6929400794429033,0.1702688667429181,0.3,0.5,-0.11486556662854096,0.53,-1.0758575379797601,0.15135010377148275,0.3,0.6,-0.12432494811425863,0.555,-2.9582798526217613,0.2648626816000948,0.2,0.2,-0.1675686591999526,0.555,-2.2582586265658993,0.2648626816000948,0.2,0.2,-0.1675686591999526
16,choice_only,20,0.47753709601213007,0.48,-0.6931287750360178,0.06521879230737274,0.2,0.7,-0.26739060384631363,0.495,-1.1126713488722402,0.2292539365956133,0.1,0.5,-0.28537303170219336,0.495,-1.1126713488722402,0.2292539365956133,0.1,0.5,-0.28537303170219336,0.495,-0.9531754575151774,0.2292539365956133,0.1,0.5,-0.28537303170219336
16,inference_affirm,20,0.6586151052412891,0.6,-0.6906920259898289,0.21344332027867446,0.3,0.6,-0.09327833986066278,0.595,-0.8486815865039625,0.3478335589726547,0.3,0.7,-0.02608322051367265,0.595,-0.9284045952909142,0.47629481654778283,0.3,0.7,0.0381474082738914,0.595,-0.8022206842342067,0.47629481654778283,0.3,0.7,0.0381474082738914
16,inference_categories,20,0.29206337248984754,0.505,-0.6928698659306118,-0.001976327039617356,0.2,0.6,-0.30098816351980867,0.5,-0.9373073656825232,-0.003952654079234712,0.2,0.5,-0.30197632703961735,0.48,-2.196508515555342,-0.15612983612977113,0.1,0.5,-0.4780649180648856,0.48,-1.72062924267667,-0.15612983612977113,0.1,0.5,-0.4780649180648856
17,choice_only,20,0.4472120829908164,0.5,-0.6927544572060758,-0.13991414133098912,0.3,0.7,-0.26995707066549457,0.49,-0.9738560659425055,-0.024690730823115726,0.2,0.3,-0.31234536541155783,0.49,-0.9738560659425055,-0.024690730823115726,0.2,0.3,-0.31234536541155783,0.495,-0.8593216190243481,-0.024690730823115726,0.2,0.3,-0.31234536541155783
17,inference_affirm,20,0.34526594812100087,0.485,-0.6940366834386467,-0.027982828266197822,0.2,0.5,-0.3139914141330989,0.51,-1.2081054352558267,0.20081794402800787,0.2,0.4,-0.19959102798599604,0.395,-3.985554922930045,-0.08394848479859347,0.1,0.4,-0.4419742423992968,0.395,-3.031567290707895,-0.08394848479859347,0.1,0.4,-0.4419742423992968
17,inference_categories,20,0.15344916021029206,0.485,-0.6927469081050848,0.05267355908931355,0.2,0.4,-0.2736632204553432,0.57,-0.9735172405102298,0.10863921562170918,0.3,0.5,-0.1456803921891454,0.47,-3.531024346873247,-0.2304468210157468,0.0,0.5,-0.6152234105078734,0.47,-2.6902480806027795,-0.2304468210157468,0.0,0.5,-0.6152234105078734
18,choice_only,20,0.7345975884325467,0.55,-0.691868821546094,0.31090104504217914,0.4,0.6,0.05545052252108959,0.605,-0.8112495289847041,0.31813130190362515,0.6,0.7,0.25906565095181255,0.605,-0.8112495289847041,0.31813130190362515,0.6,0.7,0.25906565095181255,0.605,-0.7362305241488238,0.31813130190362515,0.6,0.7,0.25906565095181255
18,inference_affirm,20,0.7202830054835645,0.565,-0.6921343587695304,0.003213447493976011,0.3,0.6,-0.198393276253012,0.55,-1.0064334743585797,0.053825245524098196,0.4,0.5,-0.07308737723795088,0.555,-1.77822765911455,0.18155978340964463,0.4,0.5,-0.009220108295177665,0.555,-1.4050692843222448,0.18155978340964463,0.4,0.5,-0.009220108295177665
18,inference_categories,20,0.7458144146713221,0.615,-0.6900972315562197,0.23859847642771886,0.3,0.4,-0.08070076178614058,0.595,-0.8381927260396783,0.21289089647591078,0.4,0.5,0.006445448237955412,0.625,-1.3915125203872316,0.46916333412049765,0.4,0.4,0.13458166706024885,0.625,-1.1128271268037995,0.46916333412049765,0.4,0.4,0.13458166706024885
19,choice_only,20,0.44247568260000336,0.505,-0.6928836437587053,0.4194518442253653,0.7,0.6,0.4097259221126826,0.5,-1.0750262650597484,0.5270035991549461,0.6,0.4,0.36350179957747303,0.5,-1.0750262650597484,0.5270035991549461,0.6,0.4,0.36350179957747303,0.5,-0.9288674911936913,0.5270035991549461,0.6,0.4,0.36350179957747303
19,inference_affirm,20,0.8631686483439124,0.565,-0.6916627052009183,0.5439045892153088,0.6,0.6,0.3719522946076544,0.51,-1.082696016199224,0.5070297018108811,0.8,0.5,0.5535148509054406,0.565,-2.6863654343728753,0.6806489633400615,0.9,0.7,0.7403244816700307,0.565,-2.064025474983416,0.6806489633400615,0.9,0.7,0.7403244816700307
19,inference_categories,20,0.9787315449544869,0.535,-0.6919345086845016,0.13828082776660394,0.4,0.4,-0.030859586116698007,0.54,-0.8876848290652083,0.4424986488531326,0.6,0.5,0.3212493244265663,0.525,-4.675009972374214,0.6698937878471035,0.9,0.7,0.7349468939235517,0.525,-3.614463366361721,0.6698937878471035,0.9,0.7,0.7349468939235517
20,choice_only,20,0.6494715136988579,0.575,-0.6900124575118645,0.3569281156194635,0.5,0.5,0.17846405780973176,0.6,-0.8310895376320079,0.4036149155528111,0.6,0.6,0.3018074577764055,0.6,-0.8310895376320079,0.4036149155528111,0.6,0.6,0.3018074577764055,0.6,-0.7422538935123825,0.4036149155528111,0.6,0.6,0.3018074577764055
20,inference_affirm,20,0.5122340173428284,0.61,-0.6891662113100646,0.4713860767463801,0.6,0.4,0.33569303837319003,0.61,-0.8934481648878578,0.46385594772487243,0.6,0.6,0.3319279738624362,0.59,-1.769379025845514,0.4909644122023,0.6,0.7,0.34548220610115,0.59,-1.3852631987629191,0.4909644122023,0.6,0.7,0.34548220610115
20,inference_categories,20,0.9660110405977841,0.585,-0.6888909827347908,0.4292173542259372,0.5,0.5,0.2146086771129686,0.66,-0.73542336247348,0.5692777540259799,0.7,0.5,0.4846388770129899,0.645,-2.6654700780647476,0.7680731601937824,1.0,0.8,0.8840365800968912,0.645,-2.0313818807631403,0.7680731601937824,1.0,0.8,0.8840365800968912
21,choice_only,20,0.5231421931583193,0.615,-0.6899747135499639,0.5222847233191096,0.4,0.5,0.1611423616595548,0.745,-0.581855363475362,0.5593387070681004,0.4,0.5,0.17966935353405022,0.745,-0.581855363475362,0.5593387070681004,0.4,0.5,0.17966935353405022,0.745,-0.5489409287493384,0.5593387070681004,0.4,0.5,0.17966935353405022
21,inference_affirm,20,0.47355756169436464,0.585,-0.6902871223810737,0.47817283790364423,0.4,0.6,0.13908641895182214,0.665,-0.7559770538990516,0.5222847233191096,0.3,0.5,0.06114236165955478,0.605,-0.9372141070829423,0.43582542790479756,0.4,0.6,0.1179127139523988,0.605,-0.8005924341095857,0.43582542790479756,0.4,0.6,0.1179127139523988
21,inference_categories,20,0.28785403968615797,0.565,-0.6917310252998107,0.41465172290537416,0.3,0.5,0.007325861452687071,0.625,-0.7499973466261519,0.37230431290652743,0.4,0.6,0.08615215645326374,0.585,-2.667008370774459,0.25231998457646176,0.2,0.5,-0.1738400077117691,0.585,-2.0439576544997755,0.25231998457646176,0.2,0.5,-0.1738400077117691
22,choice_only,20,0.30095480124058466,0.485,-0.6929369079715714,0.26843152753136107,0.2,0.5,-0.16578423623431945,0.485,-1.2844767055615154,0.13132940325459064,0.1,0.5,-0.3343352983727047,0.485,-1.2844767055615154,0.13132940325459064,0.1,0.5,-0.3343352983727047,0.485,-1.0769554802850374,0.13132940325459064,0.1,0.5,-0.3343352983727047
22,inference_affirm,20,0.5171310574691589,0.59,-0.6901640892939875,0.41130637283031135,0.2,0.4,-0.09434681358484431,0.585,-0.8030453952309421,0.3261587377531592,0.2,0.5,-0.1369206311234204,0.53,-2.4314062362806554,0.4387267976856654,0.2,0.7,-0.08063660115716728,0.53,-1.8708857072538176,0.4387267976856654,0.2,0.7,-0.08063660115716728
22,inference_categories,20,0.5153289848771919,0.52,-0.691157669156463,0.41130637283031135,0.2,0.7,-0.09434681358484431,0.605,-0.8035533945151104,0.49356764739637365,0.2,0.6,-0.05321617630181316,0.505,-2.488027874250707,0.4358404371745755,0.2,0.6,-0.08207978141271224,0.505,-1.9162590143555491,0.4358404371745755,0.2,0.6,-0.08207978141271224
23,choice_only,20,0.3346505938772896,0.58,-0.6912304384024501,0.5678868089316617,0.5,0.6,0.28394340446583083,0.66,-0.6810085114984994,0.2929966724343066,0.5,0.7,0.1464983362171533,0.66,-0.6810085114984994,0.2929966724343066,0.5,0.7,0.1464983362171533,0.66,-0.6408534544727774,0.2929966724343066,0.5,0.7,0.1464983362171533
23,inference_affirm,20,0.5185095858616321,0.625,-0.6893255835779339,0.47076993436073983,0.4,0.4,0.13538496718036994,0.66,-0.7933727689019644,0.5234434934500534,0.4,0.5,0.1617217467250267,0.61,-1.0717335565063926,0.5003988113484787,0.4,0.5,0.1501994056742394,0.61,-0.8878172909358156,0.5003988113484787,0.4,0.5,0.1501994056742394
23,inference_categories,20,0.5118319411042622,0.585,-0.6905165756389607,0.6880483656041582,0.5,0.5,0.3440241828020791,0.7,-0.6859224704002926,0.47076993436073983,0.5,0.6,0.23538496718036991,0.54,-2.5652591297779104,0.5069830062346429,0.6,0.7,0.3534915031173214,0.54,-1.9704024292540026,0.5069830062346429,0.6,0.7,0.3534915031173214
24,choice_only,20,0.4805894941488174,0.585,-0.690390277132308,0.5771702960428662,0.6,0.5,0.38858514802143307,0.655,-0.8123296588750355,0.5460978709530753,0.6,0.7,0.3730489354765376,0.655,-0.8123296588750355,0.5460978709530753,0.6,0.7,0.3730489354765376,0.655,-0.7268335465718208,0.5460978709530753,0.6,0.7,0.3730489354765376
24,inference_affirm,20,0.638743090061825,0.595,-0.6911605501351411,0.6797092988391762,0.7,0.6,0.539854649419588,0.63,-0.8868732808792711,0.485506642027983,0.5,0.5,0.2427533210139915,0.63,-0.9919502701911403,0.707674481419988,0.8,0.6,0.653837240709994,0.63,-0.8389083948268444,0.707674481419988,0.8,0.6,0.653837240709994
24,inference_categories,20,0.6746207234386064,0.61,-0.6897588109420747,0.6680571394305047,0.5,0.4,0.33402856971525235,0.6,-0.8390020960097135,0.6035818573691885,0.7,0.6,0.5017909286845942,0.57,-1.76337494889773,0.7597207934453879,0.6,0.7,0.4798603967226939,0.57,-1.3887038311833615,0.7597207934453879,0.6,0.7,0.4798603967226939
25,choice_only,20,0.6955283856469545,0.535,-0.6922429990217241,-0.08695838974316368,0.1,0.5,-0.4434791948715819,0.645,-0.853108850391269,0.04347919487158184,0.2,0.6,-0.2782604025642091,0.645,-0.853108850391269,0.04347919487158184,0.2,0.6,-0.2782604025642091,0.645,-0.7556351723088577,0.04347919487158184,0.2,0.6,-0.2782604025642091
25,inference_affirm,20,0.4605555928188573,0.55,-0.692120698809605,0.36364417528959353,0.3,0.8,-0.018177912355203246,0.69,-0.7465774418506738,0.3972417349630885,0.3,0.6,-0.0013791325184557557,0.58,-2.641103666714946,0.30040171002183813,0.3,0.6,-0.049799144989080946,0.58,-2.035223414852598,0.30040171002183813,0.3,0.6,-0.049799144989080946
25,inference_categories,20,0.6022930464025613,0.53,-0.6926747684687747,0.3102833452199249,0.3,0.8,-0.04485832739003756,0.63,-0.8003222713373028,0.2094906661994397,0.2,0.6,-0.19525466690028015,0.55,-3.7437813384397622,0.47629481654778283,0.3,0.5,0.0381474082738914,0.55,-2.8509938032600224,0.47629481654778283,0.3,0.5,0.0381474082738914
26,choice_only,20,0.5232874583050908,0.51,-0.6930631381049861,0.09166365401488319,0.3,0.4,-0.15416817299255842,0.54,-1.0007213960790795,0.12895056412263228,0.3,0.5,-0.13552471793868387,0.54,-1.0007213960790795,0.12895056412263228,0.3,0.5,-0.13552471793868387,0.54,-0.8681881807711527,0.12895056412263228,0.3,0.5,-0.13552471793868387
26,inference_affirm,20,0.5380564858030766,0.54,-0.6914078464178925,0.2369272413096557,0.4,0.4,0.018463620654827873,0.62,-0.8464825950142635,0.13671867039508004,0.3,0.4,-0.13164066480246,0.525,-2.089355471935875,0.4979356120638994,0.3,0.4,0.048967806031949695,0.53,-1.6246599080115303,0.4979356120638994,0.3,0.4,0.048967806031949695
26,inference_categories,20,0.7735138820100426,0.52,-0.6924766669918355,0.16390704234864706,0.5,0.5,0.08195352117432353,0.55,-1.1262746253790739,0.06991295645202955,0.3,0.5,-0.16504352177398524,0.55,-4.680580026086963,0.4552110275654369,0.6,0.5,0.3276055137827184,0.55,-3.6375038295418767,0.4552110275654369,0.6,0.5,0.3276055137827184
27,choice_only,20,0.6703727017434804,0.525,-0.6918758407705277,0.05925775397547774,0.3,0.3,-0.17037112301226115,0.55,-0.84867352280158,0.14320623877407118,0.4,0.4,-0.028396880612964387,0.55,-0.84867352280158,0.14320623877407118,0.4,0.4,-0.028396880612964387,0.55,-0.7568513997515871,0.14320623877407118,0.4,0.4,-0.028396880612964387
27,inference_affirm,20,0.7124672252533137,0.51,-0.6922367064099452,0.2485533569526983,0.4,0.4,0.02427667847634918,0.57,-0.8922669125221807,0.20246399274954896,0.3,0.3,-0.09876800362522553,0.525,-2.158741013182187,0.4115121803852621,0.5,0.5,0.20575609019263105,0.525,-1.6772362013143658,0.4115121803852621,0.5,0.5,0.20575609019263105
27,inference_categories,20,0.6556637122316707,0.51,-0.6923879089165083,0.171189067040269,0.3,0.3,-0.1144054664798655,0.545,-1.0284981357611767,0.14156019005253015,0.3,0.3,-0.12921990497373492,0.515,-2.030458005573113,0.2288007722942057,0.4,0.4,0.014400386147102873,0.515,-1.59067629995672,0.2288007722942057,0.4,0.4,0.014400386147102873
28,choice_only,20,0.4739144446073628,0.515,-0.6926412903622741,-0.02570757995180809,0.3,0.5,-0.21285378997590407,0.525,-1.085581421530171,-0.06748239737349623,0.3,0.6,-0.23374119868674814,0.525,-1.085581421530171,-0.06748239737349623,0.3,0.6,-0.23374119868674814,0.525,-0.9310216063075623,-0.06748239737349623,0.3,0.6,-0.23374119868674814
28,inference_affirm,20,0.7686907591453777,0.5,-0.6936375771134425,0.06828575924699025,0.4,0.5,-0.06585712037650485,0.485,-1.2149262938439782,0.09640342481928035,0.3,0.4,-0.15179828759035985,0.615,-1.6819895970907535,0.3486590530963973,0.5,0.6,0.17432952654819864,0.615,-1.327218217349581,0.3486590530963973,0.5,0.6,0.17432952654819864
28,inference_categories,20,0.7088330629177114,0.525,-0.6933620876696382,0.050611798030122175,0.3,0.6,-0.17469410098493893,0.585,-1.0432476897879626,0.18557659277711466,0.4,0.5,-0.007211703611442646,0.64,-2.9595897794739763,0.40650110798796546,0.3,0.4,0.003250553993982719,0.635,-2.277809610418965,0.40650110798796546,0.3,0.4,0.003250553993982719
29,choice_only,20,0.34216853365755195,0.555,-0.6916119232225982,0.3887227713883422,0.7,0.7,0.39436138569417106,0.51,-1.0888194975670435,0.32726462571429593,0.6,0.7,0.26363231285714794,0.51,-1.0888194975670435,0.32726462571429593,0.6,0.7,0.26363231285714794,0.51,-0.937356040794105,0.32726462571429593,0.6,0.7,0.26363231285714794
29,inference_affirm,20,0.38752030940976656,0.515,-0.6917412914199579,0.2350774072032267,0.7,0.6,0.3175387036016133,0.6,-0.8776622299394998,0.19820251979879897,0.7,0.6,0.29910125989939945,0.53,-1.3434465258981918,0.25197839726358945,0.6,0.6,0.2259891986317947,0.53,-1.0999354611016745,0.25197839726358945,0.6,0.6,0.2259891986317947
29,inference_categories,20,0.7139900616513135,0.505,-0.6924762623394898,0.19359315887324552,0.5,0.6,0.09679657943662276,0.55,-1.018296745907302,0.2919261919517195,0.8,0.8,0.4459630959758598,0.565,-2.901467962243052,0.35953015219317025,0.6,0.7,0.2797650760965851,0.565,-2.257343266927773,0.35953015219317025,0.6,0.7,0.2797650760965851
30,choice_only,20,0.27423537029268463,0.5,-0.6927164004864409,0.0954708258493808,0.3,0.6,-0.1522645870753096,0.485,-1.2949963272899845,-0.09382477712783976,0.2,0.6,-0.34691238856391987,0.485,-1.2949963272899845,-0.09382477712783976,0.2,0.6,-0.34691238856391987,0.485,-1.0830549358128878,-0.09382477712783976,0.2,0.6,-0.34691238856391987
30,inference_affirm,20,0.9299806505964234,0.48,-0.69485038449657,0.07901033863397032,0.2,0.4,-0.2604948306830148,0.435,-1.1687125806158525,-0.23703101590191095,0.2,0.6,-0.4185155079509555,0.48,-2.8046596434756985,0.513567201120807,0.5,0.6,0.2567836005604035,0.48,-2.1631000767979565,0.513567201120807,0.5,0.6,0.2567836005604035
30,inference_categories,20,0.6904980490459767,0.55,-0.6923386986844128,0.07078009502626507,0.4,0.6,-0.06460995248686743,0.49,-1.1955598803907403,0.008230243607705242,0.3,0.6,-0.1958848781961474,0.585,-2.0464033399383164,0.3917595957267695,0.4,0.5,0.09587979786338477,0.585,-1.5949620334210795,0.3917595957267695,0.4,0.5,0.09587979786338477
31,choice_only,20,0.482043979365472,0.505,-0.6922415263669425,0.4808457782645143,0.4,0.4,0.14042288913225717,0.48,-1.076307536423566,0.45210378505645776,0.4,0.4,0.1260518925282289,0.48,-1.076307536423566,0.45210378505645776,0.4,0.4,0.1260518925282289,0.48,-0.9317510222047399,0.45210378505645776,0.4,0.4,0.1260518925282289
31,inference_affirm,20,0.6630072297119319,0.535,-0.6913755314596424,0.5585268409889916,0.5,0.6,0.2792634204944958,0.525,-0.9887522029899606,0.5126950139815502,0.5,0.5,0.2563475069907751,0.545,-1.8293773760178635,0.629216608068266,0.6,0.6,0.41460830403413296,0.545,-1.4493373485379237,0.629216608068266,0.6,0.6,0.41460830403413296
31,inference_categories,20,0.7889307646848743,0.58,-0.6915635695767814,0.3604401310415746,0.4,0.5,0.08022006552078731,0.585,-1.0142603544291657,0.4287994662391146,0.4,0.5,0.11439973311955731,0.52,-1.7754673593491503,0.48783707390971737,0.6,0.6,0.34391853695485863,0.52,-1.4104308388923095,0.48783707390971737,0.6,0.6,0.34391853695485863
32,choice_only,20,0.32807429029377183,0.555,-0.6916424665712368,-0.020084046837350072,0.2,0.4,-0.31004202341867504,0.555,-0.892839608668047,-0.10684712917470239,0.1,0.3,-0.4534235645873512,0.555,-0.892839608668047,-0.10684712917470239,0.1,0.3,-0.4534235645873512,0.555,-0.7963911844659498,-0.10684712917470239,0.1,0.3,-0.4534235645873512
32,inference_affirm,20,0.7781918314498925,0.52,-0.6922212718628441,-0.06828575924699025,0.3,0.5,-0.23414287962349514,0.53,-1.0912537994466118,0.029724389319278108,0.3,0.4,-0.18513780534036095,0.6,-1.9656431858148438,0.23377830518675483,0.4,0.5,0.016889152593377435,0.6,-1.533571935873755,0.23377830518675483,0.4,0.5,0.016889152593377435
32,inference_categories,20,0.7592591198591903,0.48,-0.6930763003264623,0.4314053260662795,0.4,0.5,0.11570266303313978,0.555,-0.7807860210756075,0.21931779146386282,0.4,0.6,0.009658895731931433,0.58,-3.9783848713764263,0.49085410470483576,0.6,0.7,0.3454270523524179,0.58,-3.129311744343698,0.49085410470483576,0.6,0.7,0.3454270523524179
33,choice_only,20,0.21748231727163692,0.485,-0.6930031597368196,0.4918878372573189,0.5,0.6,0.24594391862865944,0.545,-0.9745056506051167,0.17972824822863578,0.4,0.7,-0.010135875885682086,0.545,-0.9745056506051167,0.17972824822863578,0.4,0.7,-0.010135875885682086,0.545,-0.8548678890666898,0.17972824822863578,0.4,0.7,-0.010135875885682086
33,inference_affirm,20,0.5645315819369409,0.56,-0.6917972548478236,0.6117066694097428,0.5,0.6,0.3058533347048714,0.61,-0.7833421712150035,0.5596800712382957,0.5,0.5,0.27984003561914783,0.55,-1.4573371440305956,0.5155362909716131,0.6,0.7,0.35776814548580654,0.55,-1.1780693901860408,0.5155362909716131,0.6,0.7,0.35776814548580654
33,inference_categories,20,0.38577991824680347,0.535,-0.6917270681755556,0.4776987650287424,0.5,0.6,0.2388493825143712,0.665,-0.6260089873077053,0.4477440569906365,0.5,0.6,0.22387202849531826,0.62,-2.4064721310399784,0.2916642624762949,0.5,0.6,0.14583213123814745,0.62,-1.8390440295668458,0.2916642624762949,0.5,0.6,0.14583213123814745
34,choice_only,20,0.4899237543698003,0.575,-0.6910795378534021,0.10098826048505607,0.3,0.5,-0.149505869757472,0.64,-0.7796070283021939,0.0848640844412236,0.3,0.6,-0.1575679577793882,0.64,-0.7796070283021939,0.0848640844412236,0.3,0.6,-0.1575679577793882,0.64,-0.7073415787820823,0.0848640844412236,0.3,0.6,-0.1575679577793882
34,inference_affirm,20,0.7511315953087613,0.565,-0.691697568676137,0.2002792392812877,0.3,0.5,-0.09986038035935615,0.53,-0.9978466438076932,0.17312273226009614,0.2,0.4,-0.21343863386995193,0.55,-1.686007595731175,0.44214187993877496,0.4,0.7,0.1210709399693875,0.545,-1.337720108472917,0.44214187993877496,0.4,0.7,0.1210709399693875
34,inference_categories,20,0.2970530974421397,0.59,-0.6907530625511507,0.1883982674595164,0.3,0.6,-0.10580086627024181,0.545,-1.027609682758628,0.18585234492627967,0.3,0.6,-0.10707382753686018,0.495,-4.306275693865968,-0.15614991537185144,0.3,0.7,-0.2780749576859257,0.495,-3.3259391443447157,-0.15614991537185144,0.3,0.7,-0.2780749576859257
35,choice_only,20,0.5935798816505063,0.5,-0.6934575215377375,-0.025758314930111388,0.5,0.7,-0.012879157465055694,0.48,-1.094318487566709,-0.07424455479855636,0.6,0.6,0.0628777226007218,0.48,-1.094318487566709,-0.07424455479855636,0.6,0.6,0.0628777226007218,0.485,-0.9436500424393285,-0.07424455479855636,0.6,0.6,0.0628777226007218
35,inference_affirm,20,0.7073609397190961,0.515,-0.6917125015876541,0.016667144954777956,0.5,0.7,0.008333572477388978,0.53,-0.9802346844216052,0.004545584987666715,0.6,0.6,0.10227279249383334,0.61,-2.5484210064951216,0.3697075789968929,0.5,0.5,0.18485378949844644,0.61,-1.9556222528449774,0.3697075789968929,0.5,0.5,0.18485378949844644
35,inference_categories,20,0.7932652706345712,0.445,-0.6930472751623391,0.0575774098437784,0.6,0.5,0.12878870492188918,0.59,-0.9876187827293876,-0.03787987489722263,0.6,0.4,0.08106006255138866,0.61,-3.4758320029250775,0.3954658939270042,0.7,0.6,0.39773294696350203,0.61,-2.7621568396491933,0.3954658939270042,0.7,0.6,0.39773294696350203
36,choice_only,20,0.4074598862290969,0.56,-0.6916314250420672,0.37365305978981794,0.3,0.5,-0.01317347010509104,0.56,-0.9958883392882043,0.22386262612958258,0.3,0.5,-0.08806868693520872,0.56,-0.9958883392882043,0.22386262612958258,0.3,0.5,-0.08806868693520872,0.56,-0.8629110584015791,0.22386262612958258,0.3,0.5,-0.08806868693520872
36,inference_affirm,20,0.8329899747928547,0.5,-0.6927010603125099,-0.1629588234325638,0.1,0.4,-0.48147941171628195,0.485,-1.0985660516137703,-0.08724058224167555,0.1,0.3,-0.4436202911208378,0.605,-2.6291158778959356,0.27982828266197823,0.2,0.3,-0.16008585866901087,0.605,-2.0175969587697917,0.27982828266197823,0.2,0.3,-0.16008585866901087
36,inference_categories,20,0.8992818248906989,0.5,-0.6925989682482122,-0.0016460487215410485,0.1,0.2,-0.40082302436077055,0.565,-0.9189184680591872,0.23209286973728782,0.4,0.5,0.016046434868643933,0.61,-2.5175206479809056,0.4740620318038219,0.3,0.4,0.037031015901910935,0.61,-1.9377939989243331,0.4740620318038219,0.3,0.4,0.037031015901910935
37,choice_only,20,0.7259794270122275,0.48,-0.6948277466837603,0.17391677948632736,0.2,0.6,-0.21304161025683632,0.59,-0.8482127776955716,0.36364417528959353,0.3,0.4,-0.018177912355203246,0.59,-0.8482127776955716,0.36364417528959353,0.3,0.4,-0.018177912355203246,0.59,-0.7676430738470776,0.36364417528959353,0.3,0.4,-0.018177912355203246
37,inference_affirm,20,0.3580141162148094,0.56,-0.6919489811848076,0.3735258104876803,0.3,0.7,-0.013237094756159862,0.6,-1.0088222691373598,0.40514704312155797,0.2,0.5,-0.097426478439221,0.545,-2.130910916819656,0.3399282508141852,0.2,0.6,-0.13003587459290739,0.54,-1.6622148737024947,0.3399282508141852,0.2,0.6,-0.13003587459290739
37,inference_categories,20,0.7833998153125238,0.555,-0.6919670186923841,0.19170372284288353,0.2,0.6,-0.20414813857855824,0.535,-1.075547035298136,0.09881635198086779,0.2,0.6,-0.2505918240095661,0.605,-4.875293732694287,0.5059397221420432,0.3,0.5,0.052969861071021584,0.605,-3.982745091158169,0.5059397221420432,0.3,0.5,0.052969861071021584
38,choice_only,20,0.4325638514032971,0.52,-0.691759658608882,0.1213953957333768,0.4,0.4,-0.039302302133311574,0.595,-0.8505203347887529,0.21283608342864763,0.3,0.2,-0.0935819582856762,0.595,-0.8505203347887529,0.21283608342864763,0.3,0.2,-0.0935819582856762,0.595,-0.7571528601786455,0.21283608342864763,0.3,0.2,-0.0935819582856762
38,inference_affirm,20,0.7523002876319677,0.505,-0.6907034076646055,0.37049244152394223,0.4,0.5,0.08524622076197114,0.685,-0.644305835554492,0.5171128545525662,0.5,0.4,0.2585564272762831,0.575,-2.477766529162232,0.6148597965716487,0.5,0.5,0.30742989828582434,0.575,-1.9021927846613866,0.6148597965716487,0.5,0.5,0.30742989828582434
38,inference_categories,20,0.7825176827283631,0.535,-0.6895867331054322,0.19707044761911818,0.3,0.4,-0.10146477619044092,0.645,-0.8468030521527342,0.14346728586671803,0.3,0.3,-0.128266357066641,0.54,-4.111501666003724,0.5092300366478014,0.4,0.4,0.15461501832390073,0.54,-3.199002410961759,0.5092300366478014,0.4,0.4,0.15461501832390073
39,choice_only,20,0.3441729494626151,0.495,-0.6921562604124499,0.07457382021549819,0.2,0.4,-0.2627130898922509,0.555,-1.0143487098752915,-0.18332730802976638,0.2,0.4,-0.3916636540148832,0.555,-1.0143487098752915,-0.18332730802976638,0.2,0.4,-0.3916636540148832,0.555,-0.884918906163679,-0.18332730802976638,0.2,0.4,-0.3916636540148832
39,inference_affirm,20,0.3614644200689626,0.535,-0.6922130437617519,0.2944112277257689,0.3,0.5,-0.05279438613711557,0.585,-0.8509618197971268,0.03651009948050432,0.2,0.4,-0.28174495025974783,0.565,-1.2107980682068646,0.06680571394305046,0.3,0.5,-0.16659714302847478,0.565,-1.0054277353355907,0.06680571394305046,0.3,0.5,-0.16659714302847478
39,inference_categories,20,0.20817347350345275,0.49,-0.692482981586299,0.11885202596845025,0.3,0.5,-0.1405739870157749,0.53,-0.9956964240255082,-0.05515355453437887,0.3,0.5,-0.22757677726718945,0.54,-1.211939377522279,-0.015536212544895456,0.1,0.4,-0.40776810627244775,0.54,-1.0072552094936666,-0.015536212544895456,0.1,0.4,-0.40776810627244775
40,choice_only,20,0.23118342598758937,0.51,-0.6928677113343567,0.14320623877407118,0.4,0.6,-0.028396880612964387,0.525,-1.1035874877047793,0.06254985141855984,0.2,0.4,-0.26872507429072007,0.525,-1.1035874877047793,0.06254985141855984,0.2,0.4,-0.26872507429072007,0.525,-0.9478143589623275,0.06254985141855984,0.2,0.4,-0.26872507429072007
40,inference_affirm,20,0.3936278970923571,0.6,-0.6906801722411339,0.39998983933447474,0.4,0.5,0.09999491966723739,0.65,-0.6524642511210814,0.3489623289667022,0.4,0.5,0.07448116448335113,0.605,-1.5615530542338376,0.22715472357266467,0.4,0.5,0.013577361786332356,0.605,-1.2337743441872642,0.22715472357266467,0.4,0.5,0.013577361786332356
40,inference_categories,20,0.8280688120740255,0.49,-0.6922878767961147,0.06584194886164194,0.2,0.5,-0.267079025569179,0.62,-0.8181055654582491,0.13497599516636596,0.3,0.5,-0.13251200241681704,0.6,-2.150436035812439,0.29464272115584766,0.4,0.5,0.047321360577923854,0.6,-1.6674369735335746,0.29464272115584766,0.4,0.5,0.047321360577923854
41,choice_only,20,0.6002863484745804,0.64,-0.6887096201146028,0.36879468796904263,0.6,0.4,0.2843973439845213,0.675,-0.6715359973030892,0.33145803567465604,0.7,0.5,0.365729017837328,0.675,-0.6715359973030892,0.33145803567465604,0.7,0.5,0.365729017837328,0.67,-0.6183882182065895,0.33145803567465604,0.7,0.5,0.365729017837328
41,inference_affirm,20,0.3126746394000883,0.67,-0.6887996384378886,0.3306960631788523,0.6,0.4,0.2653480315894261,0.72,-0.5968941036404036,0.29793124585928854,0.6,0.4,0.24896562292964425,0.615,-2.4338560041363895,0.2156382163124774,0.5,0.5,0.1078191081562387,0.615,-1.8632601805860913,0.2156382163124774,0.5,0.5,0.1078191081562387
41,inference_categories,20,0.719693335377727,0.58,-0.6879211518406484,0.15468041664817284,0.6,0.5,0.1773402083240864,0.645,-0.7617771123893513,0.403083450280214,0.6,0.3,0.30154172514010696,0.62,-0.9728138675519966,0.5318568020710573,0.6,0.4,0.36592840103552865,0.62,-0.8217607005552319,0.5318568020710573,0.6,0.4,0.36592840103552865
42,choice_only,20,0.47281391840983455,0.545,-0.692157186830565,0.24673047080086064,0.2,0.7,-0.17663476459956967,0.55,-0.8724007896731208,0.20318979948306168,0.2,0.6,-0.19840510025846914,0.55,-0.8724007896731208,0.20318979948306168,0.2,0.6,-0.19840510025846914,0.55,-0.7836404623628869,0.20318979948306168,0.2,0.6,-0.19840510025846914
42,inference_affirm,20,0.9343207809526688,0.55,-0.6911057030272394,0.01693248329025514,0.0,0.5,-0.49153375835487245,0.545,-1.0633048315380647,0.12094630921610816,0.1,0.6,-0.33952684539194594,0.61,-1.4975428865271971,0.47894738449578833,0.3,0.6,0.039473692247894154,0.61,-1.1956738840704617,0.47894738449578833,0.3,0.6,0.039473692247894154
42,inference_categories,20,0.7419929865169207,0.63,-0.6885972973603746,0.35074429672671364,0.2,0.7,-0.12462785163664317,0.625,-0.8173286961677425,0.3918660418601904,0.2,0.8,-0.10406697906990478,0.59,-1.582366187018976,0.5732855056843527,0.3,0.7,0.08664275284217632,0.59,-1.2507798237511532,0.5732855056843527,0.3,0.7,0.08664275284217632
43,choice_only,20,0.6596960160662364,0.475,-0.6936519312543692,-0.03903747884296286,0.2,0.6,-0.3195187394214814,0.51,-1.2830552511314568,0.22573846461365477,0.2,0.4,-0.1871307676931726,0.51,-1.2830552511314568,0.22573846461365477,0.2,0.4,-0.1871307676931726,0.495,-1.079188103387921,0.22573846461365477,0.2,0.4,-0.1871307676931726
43,inference_affirm,20,0.8354078040557368,0.47,-0.6929392654663661,0.07213447177504007,0.3,0.6,-0.16393276411247998,0.48,-1.092540639697429,0.24780312656837292,0.2,0.6,-0.17609843671581354,0.595,-2.2248613223165283,0.521914119313525,0.4,0.6,0.16095705965676255,0.595,-1.7147234163296434,0.521914119313525,0.4,0.6,0.16095705965676255
43,inference_categories,20,0.5773429857892426,0.525,-0.6924274415534604,0.255440894168083,0.4,0.6,0.027720447084041533,0.53,-1.0190751399346305,0.4497796475384851,0.3,0.6,0.024889823769242536,0.555,-3.5668940299379326,0.38019109829668174,0.4,0.6,0.09009554914834089,0.555,-2.7367865683016914,0.38019109829668174,0.4,0.6,0.09009554914834089
44,choice_only,20,0.7787096531898609,0.565,-0.6911692877487576,0.13258321426986241,0.5,0.5,0.06629160713493121,0.56,-0.8334296781417088,0.4358482675997777,0.6,0.4,0.3179241337998888,0.56,-0.8334296781417088,0.4358482675997777,0.6,0.4,0.3179241337998888,0.565,-0.7568094767904341,0.4358482675997777,0.6,0.4,0.3179241337998888
44,inference_affirm,20,0.34934590373162144,0.57,-0.6904635808902572,0.4236567076669167,0.7,0.5,0.4118283538334583,0.63,-0.7516608918306521,0.4914722597934556,0.6,0.5,0.34573612989672775,0.615,-2.169494400313514,0.37489046793547304,0.6,0.5,0.28744523396773647,0.615,-1.6768540930167868,0.37489046793547304,0.6,0.5,0.28744523396773647
44,inference_categories,20,0.8739373024373934,0.565,-0.6914202097813734,0.0975324794628873,0.4,0.5,-0.051233760268556326,0.555,-1.0237934264224142,0.27431009848937055,0.6,0.5,0.23715504924468525,0.62,-2.648794975587986,0.27202418100195913,0.7,0.6,0.3360120905009795,0.62,-2.029239705253039,0.27202418100195913,0.7,0.6,0.3360120905009795
45,choice_only,20,0.6736828794081423,0.57,-0.6915340148498017,0.21979797870276913,0.3,0.6,-0.09010101064861545,0.58,-0.8476663931934653,0.30975390821046617,0.4,0.6,0.054876954105233106,0.58,-0.8476663931934653,0.30975390821046617,0.4,0.6,0.054876954105233106,0.58,-0.7577406714478999,0.30975390821046617,0.4,0.6,0.054876954105233106
45,inference_affirm,20,0.6829412750363938,0.47,-0.6934719464795311,0.22319254208041805,0.1,0.4,-0.288403728959791,0.575,-1.139784493954189,0.4234717813617057,0.2,0.4,-0.08826410931914713,0.535,-1.921526252933036,0.3301212884763598,0.2,0.4,-0.1349393557618201,0.535,-1.5096952233830816,0.3301212884763598,0.2,0.4,-0.1349393557618201
45,inference_categories,20,0.32725060879500933,0.505,-0.6930544473448262,0.0941991337297582,0.4,0.8,-0.052900433135120876,0.51,-0.9244053244589479,-0.1867009857706919,0.2,0.6,-0.39335049288534596,0.475,-1.4043863859717414,0.005940485910885652,0.3,0.6,-0.1970297570445572,0.475,-1.1508438648760602,0.005940485910885652,0.3,0.6,-0.1970297570445572
46,choice_only,20,0.4728813683221052,0.545,-0.691865866946427,0.12496348931182437,0.4,0.3,-0.03751825534408779,0.545,-1.048550666818657,0.08153105705100736,0.4,0.3,-0.0592344714744963,0.545,-1.048550666818657,0.08153105705100736,0.4,0.3,-0.0592344714744963,0.545,-0.8970170154424817,0.08153105705100736,0.4,0.3,-0.0592344714744963
46,inference_affirm,20,0.854169827110337,0.525,-0.6927928381117124,-0.014477477420272337,0.3,0.3,-0.20723873871013618,0.525,-1.0553553215531235,0.13486913175727386,0.3,0.3,-0.13256543412136307,0.595,-3.0378211469520475,0.2925974383886619,0.5,0.6,0.14629871919433096,0.595,-2.3228023541677505,0.2925974383886619,0.5,0.6,0.14629871919433096
46,inference_categories,20,0.9034622648969212,0.45,-0.694512627343633,0.03428876231117132,0.3,0.4,-0.18285561884441434,0.51,-0.9454076755883618,0.011429587437057107,0.3,0.4,-0.19428520628147145,0.6,-4.7594204271439375,0.5288089120878421,0.5,0.6,0.26440445604392104,0.6,-3.8576587114667777,0.5288089120878421,0.5,0.6,0.26440445604392104
47,choice_only,20,0.698843481748716,0.455,-0.6944727338068816,-0.18410411865701115,0.2,0.5,-0.39205205932850556,0.45,-1.2032811188321109,-0.04738544826193114,0.3,0.6,-0.22369272413096558,0.45,-1.2032811188321109,-0.04738544826193114,0.3,0.6,-0.22369272413096558,0.455,-1.0256158340814974,-0.04738544826193114,0.3,0.6,-0.22369272413096558
47,inference_affirm,20,0.5019420168024515,0.58,-0.6916599431309806,0.1514780723127307,0.3,0.4,-0.12426096384363466,0.575,-0.8121039415595844,0.304509765879951,0.3,0.5,-0.04774511706002452,0.565,-2.5528882054995914,0.15458531482170978,0.3,0.5,-0.12270734258914512,0.565,-1.9599432772703016,0.15458531482170978,0.3,0.5,-0.12270734258914512
47,inference_categories,20,0.6139968694323067,0.47,-0.6928785744797611,-0.1258433216136532,0.3,0.6,-0.2629216608068266,0.54,-0.9261619616407331,0.027188371953567048,0.3,0.5,-0.1864058140232165,0.58,-1.135295530380974,0.059814418297847505,0.3,0.3,-0.17009279085107626,0.58,-0.9512479200527645,0.059814418297847505,0.3,0.3,-0.17009279085107626
48,choice_only,20,0.7076035522307665,0.55,-0.6922201359707091,0.17468306624524274,0.2,0.4,-0.2126584668773786,0.62,-0.7113887781780511,0.3281924274910621,0.3,0.6,-0.03590378625446897,0.62,-0.7113887781780511,0.3281924274910621,0.3,0.6,-0.03590378625446897,0.62,-0.6574136307808723,0.3281924274910621,0.3,0.6,-0.03590378625446897
48,inference_affirm,20,0.595845600414886,0.56,-0.6917752094554516,0.20997257457761498,0.3,0.6,-0.09501371271119252,0.51,-1.0024125234983141,0.35818850957357856,0.4,0.6,0.0790942547867893,0.605,-1.126671338494361,0.36524641124005297,0.3,0.5,-0.017376794379973526,0.605,-0.9414398430196061,0.36524641124005297,0.3,0.5,-0.017376794379973526
48,inference_categories,20,0.6358381066744553,0.57,-0.6910874811751477,0.3070187224916387,0.3,0.6,-0.04649063875418066,0.66,-0.8617050838163968,0.3017252962417829,0.5,0.8,0.15086264812089145,0.57,-1.7107573287868363,0.3299569029076807,0.4,0.7,0.06497845145384037,0.57,-1.3503532054961003,0.3299569029076807,0.4,0.7,0.06497845145384037
49,choice_only,20,0.744254097734714,0.495,-0.6937809814318004,0.23788561435455816,0.6,0.5,0.21894280717727904,0.545,-0.8835281210159419,0.46516486373789384,0.7,0.5,0.43258243186894685,0.545,-0.8835281210159419,0.46516486373789384,0.7,0.5,0.43258243186894685,0.545,-0.798800688888627,0.46516486373789384,0.7,0.5,0.43258243186894685
49,inference_affirm,20,0.6035949004714888,0.475,-0.6934214863933473,0.2590983442970028,0.6,0.5,0.22954917214850137,0.57,-0.8475681423087874,0.28334146423122525,0.7,0.7,0.3416707321156126,0.63,-2.1622403471297464,0.42728498884067123,0.6,0.6,0.3136424944203356,0.63,-1.6736125019536954,0.42728498884067123,0.6,0.6,0.3136424944203356
49,inference_categories,20,0.32413018743768085,0.49,-0.6932107839103119,0.30303899917778104,0.5,0.4,0.15151949958889052,0.575,-0.9325451935610235,0.09091169975333431,0.5,0.3,0.045455849876667155,0.58,-3.062208023535011,0.2090969094326689,0.4,0.5,0.004548454716334471,0.58,-2.3598248119720946,0.2090969094326689,0.4,0.5,0.004548454716334471
50,choice_only,20,0.5496608789629273,0.575,-0.6905262651750386,0.39489328800974194,0.4,0.5,0.09744664400487099,0.605,-1.002669999263552,0.47461352925114525,0.4,0.5,0.13730676462557265,0.605,-1.002669999263552,0.47461352925114525,0.4,0.5,0.13730676462557265,0.605,-0.8589350800411814,0.47461352925114525,0.4,0.5,0.13730676462557265
50,inference_affirm,20,0.1252965385570964,0.49,-0.6924218253477935,0.2706780284010438,0.3,0.6,-0.0646609857994781,0.565,-0.9825809182694693,0.39582026755906063,0.4,0.6,0.09791013377953034,0.485,-3.2756437506466103,-0.10660264817164396,0.1,0.7,-0.453301324085822,0.485,-2.4983912538786917,-0.10660264817164396,0.1,0.7,-0.453301324085822
50,inference_categories,20,0.22577670552072016,0.5,-0.6918517245195703,0.34576337189585393,0.4,0.6,0.07288168594792699,0.595,-1.0149995053818992,0.4579278973634097,0.3,0.5,0.02896394868170485,0.49,-2.9291206612922553,0.05283783431116266,0.3,0.7,-0.17358108284441867,0.49,-2.2542852681986854,0.05283783431116266,0.3,0.7,-0.17358108284441867
51,choice_only,20,0.2079359785424587,0.55,-0.689921836390866,0.42899524044579757,0.6,0.7,0.31449762022289873,0.56,-1.1816895711476212,0.2940304456988051,0.4,0.5,0.04701522284940257,0.56,-1.1816895711476212,0.2940304456988051,0.4,0.5,0.04701522284940257,0.56,-0.993067583192375,0.2940304456988051,0.4,0.5,0.04701522284940257
51,inference_affirm,20,0.816387138215031,0.575,-0.69053023099007,0.4410456685482076,0.5,0.6,0.2205228342741038,0.57,-0.990822012392994,0.4868372953373657,0.6,0.7,0.3434186476686828,0.59,-1.6885607203406234,0.6378693275542383,0.7,0.7,0.518934663777119,0.585,-1.3341178343263471,0.6378693275542383,0.7,0.7,0.518934663777119
51,inference_categories,20,0.3704658493382989,0.56,-0.690297980711303,0.33982207248796326,0.5,0.6,0.16991103624398163,0.57,-0.9142797809798014,0.3679397380602533,0.5,0.5,0.18396986903012666,0.57,-1.4449712841329432,0.12773453788554648,0.5,0.7,0.06386726894277324,0.57,-1.1748667985190584,0.12773453788554648,0.5,0.7,0.06386726894277324
52,choice_only,20,0.6125613323761206,0.545,-0.6921353136186483,0.40155950528860634,0.5,0.5,0.20077975264430317,0.63,-0.7170584736534115,0.3847961103809226,0.6,0.6,0.29239805519046125,0.63,-0.7170584736534115,0.3847961103809226,0.6,0.6,0.29239805519046125,0.63,-0.6622873344567481,0.3847961103809226,0.6,0.6,0.29239805519046125
52,inference_affirm,20,0.7488397102070383,0.545,-0.6920825491867773,0.26440445604392104,0.5,0.6,0.13220222802196052,0.58,-0.9169709248811071,0.2164001888082812,0.3,0.4,-0.0917999055958594,0.635,-1.8702354183234404,0.5013779022389051,0.6,0.7,0.35068895111945253,0.635,-1.45074054057683,0.5013779022389051,0.6,0.7,0.35068895111945253
52,inference_categories,20,0.48666864176112046,0.525,-0.6923785603148407,0.39165386284315684,0.5,0.5,0.19582693142157842,0.605,-0.8457898736881054,0.43813418508718904,0.6,0.6,0.3190670925435945,0.595,-2.687721439794184,0.37031863296065026,0.5,0.5,0.18515931648032513,0.595,-2.0827076435323155,0.37031863296065026,0.5,0.5,0.18515931648032513
53,choice_only,20,0.4967683790614341,0.5,-0.6938118681700169,0.1746248109209392,0.2,0.7,-0.2126875945395304,0.49,-1.037732598237561,0.3694541454195077,0.1,0.5,-0.21527292729024616,0.49,-1.037732598237561,0.3694541454195077,0.1,0.5,-0.21527292729024616,0.49,-0.90003970272169,0.3694541454195077,0.1,0.5,-0.21527292729024616
53,inference_affirm,20,0.7829473138233258,0.545,-0.6924175901033155,-0.301624673408895,0.0,0.7,-0.6508123367044475,0.47,-1.1708916219224261,-0.3838859479749573,0.0,0.5,-0.6919429739874786,0.595,-1.0676815268891837,0.011545442044359616,0.1,0.5,-0.39422727897782023,0.595,-0.9080323237621554,0.011545442044359616,0.1,0.5,-0.39422727897782023
53,inference_categories,20,0.8375502313815841,0.535,-0.6927740000995852,0.037522686644168746,0.1,0.7,-0.3812386566779157,0.535,-0.9260223234443498,0.2626588065091813,0.2,0.8,-0.16867059674540935,0.58,-3.383894678221319,0.49356764739637365,0.2,0.5,-0.05321617630181316,0.58,-2.596544807973748,0.49356764739637365,0.2,0.5,-0.05321617630181316
54,choice_only,20,0.31397647608670415,0.545,-0.6921411688874152,0.24780259009108252,0.4,0.5,0.023901295045541282,0.5,-1.0577401939293738,0.13516504914059047,0.3,0.4,-0.13241747542970478,0.5,-1.0577401939293738,0.13516504914059047,0.3,0.4,-0.13241747542970478,0.5,-0.9109644864881937,0.13516504914059047,0.3,0.4,-0.13241747542970478
54,inference_affirm,20,0.35033558201696374,0.57,-0.6906239445476882,0.5732862429066423,0.4,0.5,0.18664312145332118,0.58,-0.9358494807547356,0.4117096324397296,0.4,0.5,0.10585481621986481,0.545,-1.5132399610328713,0.32626046344280457,0.4,0.5,0.06313023172140231,0.545,-1.211665159100149,0.32626046344280457,0.4,0.5,0.06313023172140231
54,inference_categories,20,0.6930906356266705,0.53,-0.6924560975003792,0.2881967427078107,0.3,0.5,-0.05590162864609466,0.535,-1.1361995956728752,0.1374954810223248,0.3,0.6,-0.13125225948883762,0.54,-3.0140320691227203,0.41404006432146395,0.4,0.5,0.107020032160732,0.54,-2.3053667981951627,0.41404006432146395,0.4,0.5,0.107020032160732
55,choice_only,20,0.5915779643048066,0.505,-0.6919162975239388,0.23333140998103594,0.3,0.4,-0.08333429500948204,0.565,-1.0383735758637678,0.3815283865906128,0.3,0.4,-0.009235806704693622,0.565,-1.0383735758637678,0.3815283865906128,0.3,0.4,-0.009235806704693622,0.565,-0.8861879053882064,0.3815283865906128,0.3,0.4,-0.009235806704693622
55,inference_affirm,20,0.3042507886196493,0.525,-0.6923209165189672,0.018918762971435344,0.3,0.5,-0.19054061851428233,0.58,-0.9399108806946864,0.11508914140956503,0.5,0.7,0.05754457070478251,0.52,-1.9312716401821675,-0.11193601424765913,0.2,0.7,-0.35596800712382953,0.52,-1.5171961745926328,-0.11193601424765913,0.2,0.7,-0.35596800712382953
55,inference_categories,20,0.7448828864536648,0.52,-0.6931663640835507,0.03941408952382364,0.3,0.6,-0.1802929552380882,0.45,-1.043592404772167,-0.044143780266682475,0.3,0.7,-0.22207189013334125,0.61,-4.877326399680676,0.26801580876200076,0.4,0.5,0.0340079043810004,0.61,-3.9347570871655653,0.26801580876200076,0.4,0.5,0.0340079043810004
56,choice_only,20,0.399436690893922,0.555,-0.6908151461421475,0.536222321006053,0.7,0.6,0.4681111605030265,0.62,-0.7557251114621701,0.5730972084104808,0.6,0.5,0.3865486042052404,0.62,-0.7557251114621701,0.5730972084104808,0.6,0.5,0.3865486042052404,0.62,-0.6862683472560366,0.5730972084104808,0.6,0.5,0.3865486042052404
56,inference_affirm,20,0.41613201084969376,0.47,-0.6934823057748235,0.3257281720724448,0.6,0.6,0.26286408603622236,0.59,-0.8846723202004415,0.407160215090556,0.5,0.5,0.203580107545278,0.585,-1.7608914304354994,0.39025922503019334,0.5,0.3,0.19512961251509667,0.585,-1.3795527800491387,0.39025922503019334,0.5,0.3,0.19512961251509667
56,inference_categories,20,0.8128472928367533,0.53,-0.6909602169224429,0.39025922503019334,0.5,0.6,0.19512961251509667,0.685,-0.7240571317749463,0.683721870623764,0.7,0.8,0.541860935311882,0.62,-2.1766593935584537,0.5777065693360341,0.7,0.6,0.48885328466801703,0.62,-1.6792976433631728,0.5777065693360341,0.7,0.6,0.48885328466801703
57,choice_only,20,0.6142017194395827,0.54,-0.6917555657431588,0.23373891845882885,0.3,0.5,-0.08313054077058558,0.6,-1.0154034604235762,0.4197424239929673,0.3,0.4,0.009871211996483636,0.6,-1.0154034604235762,0.4197424239929673,0.3,0.4,0.009871211996483636,0.6,-0.8733882377807853,0.4197424239929673,0.3,0.4,0.009871211996483636
57,inference_affirm,20,0.6749033167190739,0.53,-0.693107714002434,0.15966672598948167,0.3,0.5,-0.12016663700525917,0.545,-0.8789663529166171,0.12180760539403757,0.2,0.5,-0.2390961973029812,0.53,-2.5346770859747254,0.25184545439578043,0.4,0.7,0.02592272719789024,0.53,-1.9507027353993243,0.25184545439578043,0.4,0.7,0.02592272719789024
57,inference_categories,20,0.6838664802499456,0.56,-0.6919225885383946,0.42303452143604936,0.4,0.5,0.1115172607180247,0.59,-0.7854049174475513,0.406574034220639,0.4,0.6,0.10328701711031951,0.615,-1.8058880848364978,0.5316737370577587,0.5,0.6,0.26583686852887933,0.615,-1.4013005480984184,0.5316737370577587,0.5,0.6,0.26583686852887933
58,choice_only,20,0.6850676732366398,0.61,-0.690393285212219,0.46755661037350965,0.4,0.4,0.13377830518675485,0.62,-0.8171625182681556,0.5784205489156821,0.5,0.5,0.28921027445784103,0.62,-0.8171625182681556,0.5784205489156821,0.5,0.5,0.28921027445784103,0.62,-0.7200831502870095,0.5784205489156821,0.5,0.5,0.28921027445784103
58,inference_affirm,20,0.8105978391015913,0.56,-0.690645217134106,0.45711290601808763,0.3,0.3,0.028556453009043803,0.62,-0.8887397536622338,0.48764065721085975,0.4,0.4,0.1438203286054299,0.63,-2.0066198573955627,0.6386726894277323,0.5,0.5,0.3193363447138661,0.635,-1.5485878670452107,0.6386726894277323,0.5,0.5,0.3193363447138661
58,inference_categories,20,0.7715189053189859,0.55,-0.6908624499490392,0.5872575295241161,0.4,0.4,0.1936287647620581,0.705,-0.6725220620524796,0.7334693905000246,0.6,0.6,0.46673469525001227,0.645,-1.2602151991720825,0.6740206118614683,0.6,0.6,0.43701030593073414,0.645,-1.020568429122425,0.6740206118614683,0.6,0.6,0.43701030593073414
59,choice_only,20,0.2750551648237818,0.55,-0.6912670035676416,0.5711789063747439,0.5,0.6,0.28558945318737194,0.62,-0.7596046440295458,0.38352935211906425,0.4,0.5,0.09176467605953215,0.62,-0.7596046440295458,0.38352935211906425,0.4,0.5,0.09176467605953215,0.62,-0.7059813232610713,0.38352935211906425,0.4,0.5,0.09176467605953215
59,inference_affirm,20,0.6406502008031287,0.585,-0.6908342059055278,0.5185053472854302,0.3,0.5,0.05925267364271508,0.62,-0.8292484795065518,0.577763101260908,0.3,0.5,0.088881550630454,0.565,-2.837548364210946,0.5497802729947101,0.4,0.6,0.17489013649735508,0.565,-2.1722077215135176,0.5497802729947101,0.4,0.6,0.17489013649735508
59,inference_categories,20,0.1824293124049529,0.57,-0.6909607754914288,0.5497802729947101,0.5,0.6,0.27489013649735505,0.595,-0.9350634549027492,0.3637767674605717,0.4,0.6,0.08188838373028587,0.555,-3.6057285933164938,0.1497904336602354,0.4,0.5,-0.02510478316988228,0.555,-2.7796984273435124,0.1497904336602354,0.4,0.5,-0.02510478316988228
60,choice_only,20,0.48337601208879627,0.565,-0.6896955881488555,0.355582149095358,0.2,0.7,-0.12220892545232098,0.585,-0.9439352041654459,0.3289739610678141,0.2,0.6,-0.13551301946609293,0.585,-0.9439352041654459,0.3289739610678141,0.2,0.6,-0.13551301946609293,0.585,-0.8211833707534123,0.3289739610678141,0.2,0.6,-0.13551301946609293
60,inference_affirm,20,0.47432152106648445,0.465,-0.6941902458646312,0.2128655042203504,0.2,0.7,-0.1935672478898248,0.47,-1.2777928407745138,0.07498671171398706,0.1,0.6,-0.3625066441430065,0.53,-2.815685395268216,0.17174375908687356,0.2,0.6,-0.2141281204565632,0.53,-2.163737264101755,0.17174375908687356,0.2,0.6,-0.2141281204565632
60,inference_categories,20,0.6947529577742548,0.47,-0.6940006854482995,-0.2491493969851828,0.1,0.5,-0.5245746984925914,0.485,-1.1358154884405465,-0.08950026881992004,0.1,0.5,-0.44475013440996003,0.495,-3.8098490352744876,0.07982456408263137,0.1,0.6,-0.36008771795868433,0.495,-2.916832680980373,0.07982456408263137,0.1,0.6,-0.36008771795868433
61,choice_only,20,0.6444184845624976,0.52,-0.6920265374078188,0.13716103154290624,0.5,0.6,0.06858051577145312,0.525,-0.9468697542765931,0.17499855748577695,0.6,0.7,0.18749927874288846,0.525,-0.9468697542765931,0.17499855748577695,0.6,0.7,0.18749927874288846,0.53,-0.8284230236352326,0.17499855748577695,0.6,0.7,0.18749927874288846
61,inference_affirm,20,0.9724896809213868,0.45,-0.6945129936282112,-0.431978421181107,0.2,0.5,-0.5159892105905535,0.47,-1.2571187556470944,-0.45878000205730707,0.2,0.4,-0.5293900010286535,0.62,-3.478174260113483,0.39414089523823637,0.5,0.4,0.19707044761911818,0.62,-2.753121744410821,0.39414089523823637,0.5,0.4,0.19707044761911818
61,inference_categories,20,0.8842398613842475,0.5,-0.6921463311259803,-0.05202659817144719,0.5,0.6,-0.026013299085723595,0.54,-1.0063623875880718,0.20495326552388293,0.4,0.4,0.0024766327619414885,0.64,-1.881452802116912,0.5612566348192486,0.6,0.5,0.3806283174096243,0.64,-1.4526797678306218,0.5612566348192486,0.6,0.5,0.3806283174096243
62,choice_only,20,0.6763376854313201,0.525,-0.6923099389077136,0.2546657138975989,0.3,0.5,-0.07266714305120056,0.59,-0.7958405627584706,0.3494624149698912,0.4,0.5,0.07473120748494563,0.59,-0.7958405627584706,0.3494624149698912,0.4,0.5,0.07473120748494563,0.59,-0.7204039589093086,0.3494624149698912,0.4,0.5,0.07473120748494563
62,inference_affirm,20,0.32234476880390306,0.555,-0.691940789224678,0.23699175268073086,0.4,0.7,0.018495876340365452,0.57,-1.0352307549262323,0.31652457815663715,0.4,0.6,0.058262289078318596,0.565,-2.0701176711657725,0.1397849659879565,0.3,0.5,-0.13010751700602174,0.565,-1.608683288316197,0.1397849659879565,0.3,0.5,-0.13010751700602174
62,inference_categories,20,0.8275523313847802,0.485,-0.6926776767798376,0.29242372195181704,0.3,0.5,-0.05378813902409149,0.54,-0.8869237406120415,0.3382153487409752,0.3,0.4,-0.030892325629512413,0.555,-1.8226588775734927,0.5197751321506199,0.5,0.5,0.25988756607530994,0.555,-1.4308684588648817,0.5197751321506199,0.5,0.5,0.25988756607530994
63,choice_only,20,0.10781930958113736,0.485,-0.6931591659031971,0.5509473189696003,0.9,0.5,0.6754736594848001,0.55,-0.9567571371937033,0.3056625536749152,0.6,0.3,0.25283127683745754,0.55,-0.9567571371937033,0.3056625536749152,0.6,0.3,0.25283127683745754,0.55,-0.8396815854452487,0.3056625536749152,0.6,0.3,0.25283127683745754
63,inference_affirm,20,0.3032066541307717,0.565,-0.6918442699194551,0.43849368811142153,0.7,0.4,0.4192468440557107,0.565,-0.9168620286310889,0.19245420046198364,0.6,0.2,0.1962271002309918,0.535,-3.170958284752992,0.5056639776844276,0.5,0.4,0.2528319888422138,0.535,-2.421270877436171,0.5056639776844276,0.5,0.4,0.2528319888422138
63,inference_categories,20,0.5259203235501088,0.52,-0.6924198501580142,0.34792700554107636,0.6,0.5,0.27396350277053816,0.555,-1.0574429782144805,0.19320892281673652,0.6,0.3,0.19660446140836824,0.52,-3.1745588565071245,0.3894367350524845,0.6,0.4,0.29471836752624225,0.52,-2.422904391370527,0.3894367350524845,0.6,0.4,0.29471836752624225
64,choice_only,20,0.6618369870927628,0.45,-0.6942062393054045,0.20115456220214556,0.1,0.6,-0.29942271889892724,0.535,-1.0931026822909953,0.26975104885172513,0.2,0.6,-0.16512447557413742,0.535,-1.0931026822909953,0.26975104885172513,0.2,0.6,-0.16512447557413742,0.535,-0.9420864690600039,0.26975104885172513,0.2,0.6,-0.16512447557413742
64,inference_affirm,20,0.7876983557447682,0.425,-0.6950440842188002,-0.4310454904331691,0.0,0.5,-0.7155227452165845,0.48,-1.3096543312747497,-0.2651161511051319,0.0,0.3,-0.6325580755525659,0.5,-5.749999207548707,-0.10660264817164396,0.1,0.5,-0.453301324085822,0.5,-4.486470456684646,-0.10660264817164396,0.1,0.5,-0.453301324085822
64,inference_categories,20,0.6339581758285263,0.51,-0.6934138071967823,-0.19651966445555236,0.2,0.5,-0.39825983222777617,0.535,-1.0994022178973488,-0.06952346619889824,0.2,0.5,-0.3347617330994491,0.54,-4.997621049082343,0.023174488732966073,0.2,0.4,-0.2884127556335169,0.54,-3.987503337366511,0.023174488732966073,0.2,0.4,-0.2884127556335169
65,choice_only,20,0.5037055453555944,0.495,-0.6914313657689266,0.488152778785487,0.3,0.6,0.0440763893927435,0.6,-0.92326510149518,0.494081759904339,0.3,0.6,0.04704087995216949,0.6,-0.92326510149518,0.494081759904339,0.3,0.6,0.04704087995216949,0.6,-0.8033107200854315,0.494081759904339,0.3,0.6,0.04704087995216949
65,inference_affirm,20,0.5431247395646298,0.53,-0.6914368433722851,0.41107602424041,0.3,0.5,0.005538012120204994,0.58,-0.7629407433957539,0.494081759904339,0.4,0.6,0.14704087995216952,0.55,-2.884400139599744,0.4802474706270175,0.3,0.5,0.04012373531350874,0.55,-2.2274129119579946,0.4802474706270175,0.3,0.5,0.04012373531350874
65,inference_categories,20,0.754460115349944,0.505,-0.6923110617917387,0.23715924475408276,0.1,0.5,-0.28142037762295863,0.49,-0.9621722123282279,0.44664991095352247,0.0,0.4,-0.27667504452323877,0.545,-2.5893562137371147,0.48617645174586954,0.2,0.6,-0.05691177412706522,0.545,-1.9912180890526612,0.48617645174586954,0.2,0.6,-0.05691177412706522
66,choice_only,20,0.453199630003276,0.565,-0.6921335100748404,0.017786943356556204,0.1,0.6,-0.39110652832172194,0.545,-0.8881897605464999,-0.057313484148903325,0.1,0.5,-0.4286567420744517,0.545,-0.8881897605464999,-0.057313484148903325,0.1,0.5,-0.4286567420744517,0.545,-0.7909425515548478,-0.057313484148903325,0.1,0.5,-0.4286567420744517
66,inference_affirm,20,0.384763550894612,0.545,-0.6927903793863663,0.18182208764479676,0.2,0.7,-0.2090889561776016,0.575,-0.8137991730842171,0.24506455291255214,0.3,0.7,-0.07746772354372394,0.51,-2.1747282053217303,-0.005928981118852069,0.2,0.6,-0.30296449055942604,0.51,-1.6912358027811598,-0.005928981118852069,0.2,0.6,-0.30296449055942604
66,inference_categories,20,0.7414218076082086,0.49,-0.6933819795501198,-0.07312410046584217,0.1,0.6,-0.4365620502329211,0.445,-1.3363162610845876,0.041502867831964475,0.1,0.6,-0.3792485660840178,0.435,-3.4893711581979847,0.1482245279713017,0.2,0.7,-0.22588773601434914,0.44,-2.665087608102291,0.1482245279713017,0.2,0.7,-0.22588773601434914
67,choice_only,20,0.31712459159478956,0.515,-0.6919954845113644,0.44001507436656967,0.8,0.4,0.5200075371832849,0.54,-0.9095437512923183,0.33320799648613736,0.7,0.5,0.36660399824306866,0.54,-0.9095437512923183,0.33320799648613736,0.7,0.5,0.36660399824306866,0.54,-0.8106121765399581,0.33320799648613736,0.7,0.5,0.36660399824306866
67,inference_affirm,20,0.3208008107616086,0.565,-0.6911215677162119,0.6829635684185389,0.8,0.7,0.6414817842092695,0.655,-0.7676217171060626,0.498683750948779,0.7,0.7,0.4493418754743894,0.655,-1.038336187025954,0.5829259532206692,0.7,0.7,0.49146297661033456,0.655,-0.860236558190154,0.5829259532206692,0.7,0.7,0.49146297661033456
67,inference_categories,20,0.43830953665979605,0.545,-0.6911098786226111,0.2527266068156708,0.7,0.7,0.32636330340783537,0.645,-0.6919632443178678,0.13463709113096747,0.5,0.5,0.06731854556548374,0.535,-4.6933575126367195,0.35351638453382517,0.6,0.4,0.27675819226691256,0.535,-3.5952803022093374,0.35351638453382517,0.6,0.4,0.27675819226691256
68,choice_only,20,0.5331173288226175,0.53,-0.693357257466896,0.36708390153018267,0.5,0.7,0.18354195076509133,0.62,-0.8007271979440961,0.6201493184941722,0.4,0.6,0.21007465924708613,0.62,-0.8007271979440961,0.6201493184941722,0.4,0.6,0.21007465924708613,0.62,-0.7250506781282593,0.6201493184941722,0.4,0.6,0.21007465924708613
68,inference_affirm,20,0.5666644876239563,0.53,-0.6929264770260823,0.5608226273377791,0.3,0.5,0.08041131366888954,0.61,-0.9823601269195266,0.62849213443804,0.4,0.6,0.21424606721902,0.555,-1.3883906518782694,0.46812467240591477,0.4,0.6,0.1340623362029574,0.555,-1.1289474755169688,0.46812467240591477,0.4,0.6,0.1340623362029574
68,inference_categories,20,0.6165847125990263,0.585,-0.6917676067258958,0.33000471955743693,0.3,0.5,-0.034997640221281545,0.65,-0.6987639211758986,0.48573728384296894,0.4,0.6,0.1428686419214845,0.53,-2.5867856922782653,0.5200355271677588,0.3,0.6,0.06001776358387939,0.53,-1.9929325996241785,0.5200355271677588,0.3,0.6,0.06001776358387939
69,choice_only,20,0.5029130068933128,0.57,-0.6914545117316638,0.424138602475646,0.5,0.4,0.212069301237823,0.65,-0.7827921049687552,0.4287994662391146,0.5,0.4,0.2143997331195573,0.65,-0.7827921049687552,0.4287994662391146,0.5,0.4,0.2143997331195573,0.65,-0.7057260750405777,0.4287994662391146,0.5,0.4,0.2143997331195573
69,inference_affirm,20,0.8486916229295456,0.555,-0.6913828309501426,0.4559878381926816,0.5,0.5,0.2279939190963408,0.595,-0.9688499097265897,0.3619937522960641,0.5,0.5,0.18099687614803206,0.665,-1.0695884585715272,0.745738202154982,0.7,0.5,0.5728691010774909,0.665,-0.8719946622064387,0.745738202154982,0.7,0.5,0.5728691010774909
69,inference_categories,20,0.9301812528196428,0.585,-0.690161379001707,0.29208079584403457,0.5,0.7,0.14604039792201728,0.695,-0.6585252171456798,0.33480538034249707,0.5,0.7,0.16740269017124854,0.645,-1.8784695660785635,0.7278715577283521,0.8,0.6,0.6639357788641761,0.645,-1.450529286176681,0.7278715577283521,0.8,0.6,0.6639357788641761
70,choice_only,20,0.5312102666698806,0.55,-0.6920255134670645,0.496983958651561,0.7,0.5,0.44849197932578044,0.6,-0.9197713583204867,0.5469853935158948,0.7,0.5,0.47349269675794736,0.6,-0.9197713583204867,0.5469853935158948,0.7,0.5,0.47349269675794736,0.6,-0.8009135150345764,0.5469853935158948,0.7,0.5,0.47349269675794736
70,inference_affirm,20,0.8018248070259895,0.505,-0.6924516008366568,0.4757712287091163,0.7,0.4,0.4378856143545581,0.57,-0.929244261115532,0.5212270785857834,0.7,0.5,0.46061353929289167,0.58,-1.3730648112692092,0.6348667032774513,0.9,0.6,0.7174333516387257,0.58,-1.1223212304864179,0.6348667032774513,0.9,0.6,0.7174333516387257
70,inference_categories,20,0.3191743384723173,0.575,-0.6907249870226884,0.43334576882422693,0.8,0.6,0.5166728844121136,0.71,-0.6599192302964031,0.3591012140256706,0.7,0.5,0.3795506070128353,0.475,-5.148258791433058,0.5303182485611168,0.6,0.6,0.36515912428055836,0.475,-4.005743408527641,0.5303182485611168,0.6,0.6,0.36515912428055836
71,choice_only,20,0.5034761173039389,0.515,-0.6916906824378702,0.23730676462557262,0.3,0.6,-0.0813466176872137,0.57,-0.9540184432245014,0.24286864192148447,0.3,0.5,-0.07856567903925778,0.57,-0.9540184432245014,0.24286864192148447,0.3,0.5,-0.07856567903925778,0.57,-0.8355721202029549,0.24286864192148447,0.3,0.5,-0.07856567903925778
71,inference_affirm,20,0.19257524007348767,0.54,-0.6918319304543986,0.3031223126271963,0.3,0.6,-0.04843884368640186,0.475,-1.0622289621964658,0.14368183014438968,0.1,0.5,-0.3281590849278052,0.48,-2.363889432779292,0.12977713690461004,0.1,0.5,-0.335111431547695,0.48,-1.8336846198534726,0.12977713690461004,0.1,0.5,-0.335111431547695
71,inference_categories,20,0.5792774460423821,0.445,-0.694458220588815,-0.042641059268657584,0.2,0.6,-0.3213205296343288,0.375,-1.3047288866715703,-0.06581554800162366,0.1,0.7,-0.4329077740008119,0.525,-3.7672592403026646,0.08528211853731517,0.2,0.6,-0.2573589407313424,0.525,-2.92725666640614,0.08528211853731517,0.2,0.6,-0.2573589407313424
72,choice_only,20,0.2024919461653616,0.515,-0.6929183277755755,0.5191085476184402,0.3,0.6,0.05955427380922007,0.615,-0.8113177731330006,0.3707918197274572,0.1,0.4,-0.21460409013627144,0.615,-0.8113177731330006,0.3707918197274572,0.1,0.4,-0.21460409013627144,0.615,-0.7319933487407277,0.3707918197274572,0.1,0.4,-0.21460409013627144
72,inference_affirm,20,0.6618369870927628,0.515,-0.6923327294093933,0.433826429081125,0.3,0.6,0.016913214540562493,0.665,-0.6753191919498391,0.5385751181541317,0.4,0.5,0.16928755907706589,0.525,-2.5325562924093337,0.5024229157307045,0.4,0.6,0.15121145786535228,0.525,-1.9596457831791179,0.5024229157307045,0.4,0.6,0.15121145786535228
72,inference_categories,20,0.3824545231259051,0.525,-0.6928622219292254,0.5960478502118874,0.4,0.6,0.19802392510594374,0.73,-0.5875011161371139,0.582143156972108,0.5,0.6,0.291071578486054,0.58,-4.641680128074459,0.6043906661557553,0.3,0.4,0.10219533307787765,0.58,-3.7373301252718414,0.6043906661557553,0.3,0.4,0.10219533307787765
73,choice_only,20,0.6952991690460918,0.53,-0.6927960575613981,-0.23174488732966075,0.2,0.6,-0.41587244366483034,0.54,-0.9175115139955055,0.09825983222777618,0.2,0.4,-0.25087008388611187,0.54,-0.9175115139955055,0.09825983222777618,0.2,0.4,-0.25087008388611187,0.54,-0.8183020789060365,0.09825983222777618,0.2,0.4,-0.25087008388611187
73,inference_affirm,20,0.7446144916969818,0.565,-0.6915374592354783,0.14275485059507104,0.2,0.6,-0.22862257470246447,0.645,-0.7322697856975424,0.24657656011875906,0.3,0.7,-0.07671171994062048,0.62,-1.8530634211767012,0.3707918197274572,0.3,0.8,-0.014604090136271425,0.62,-1.4413826119737707,0.3707918197274572,0.3,0.8,-0.014604090136271425
73,inference_categories,20,0.5110061040085389,0.57,-0.691721557565119,0.08250117988935923,0.2,0.5,-0.2587494100553204,0.595,-0.9307723137940794,0.17056423707463034,0.2,0.6,-0.21471788146268483,0.53,-1.8025213583031592,0.10011379132641346,0.2,0.4,-0.24994310433679326,0.53,-1.4248930086525256,0.10011379132641346,0.2,0.4,-0.24994310433679326
74,choice_only,20,0.4740839534761709,0.63,-0.6902328083402517,0.49012910582510427,0.3,0.6,0.045064552912552125,0.61,-0.837936938324851,0.4486262379931398,0.3,0.5,0.024313118996569877,0.61,-0.837936938324851,0.4486262379931398,0.3,0.5,0.024313118996569877,0.61,-0.7520233473447377,0.4486262379931398,0.3,0.5,0.024313118996569877
74,inference_affirm,20,0.4480650526477148,0.62,-0.6901875703478829,0.40712337016117534,0.4,0.6,0.10356168508058769,0.65,-0.7078670353293759,0.6877618097868398,0.4,0.6,0.2438809048934199,0.58,-1.7999312132841903,0.5237266654985994,0.3,0.6,0.06186333274929967,0.58,-1.4142531109060261,0.5237266654985994,0.3,0.6,0.06186333274929967
74,inference_categories,20,0.9121311956188896,0.565,-0.690739015274417,0.35573886713112407,0.2,0.5,-0.12213056643443795,0.58,-0.8615957644043732,0.35969152121035874,0.2,0.4,-0.12015423939482062,0.615,-1.821613643293175,0.6917144638660746,0.5,0.7,0.3458572319330373,0.615,-1.4235937734860897,0.6917144638660746,0.5,0.7,0.3458572319330373
75,choice_only,20,0.7934208625264986,0.61,-0.6892629823576683,0.07901033863397032,0.2,0.5,-0.2604948306830148,0.635,-0.7932382219532059,0.21727843124341836,0.4,0.6,0.008639215621709204,0.635,-0.7932382219532059,0.21727843124341836,0.4,0.6,0.008639215621709204,0.64,-0.7090291397165318,0.21727843124341836,0.4,0.6,0.008639215621709204
75,inference_affirm,20,0.4214401122371547,0.63,-0.6895309854031056,0.2584296492819446,0.3,0.5,-0.0707851753590277,0.585,-0.8601700526094654,0.18435745681259744,0.3,0.4,-0.10782127159370129,0.615,-4.2344939655655836,0.13168389772328387,0.3,0.5,-0.13415805113835808,0.615,-3.35964764524693,0.13168389772328387,0.3,0.5,-0.13415805113835808
75,inference_categories,20,0.3960830718309314,0.565,-0.6919970592270067,0.12839180028020175,0.4,0.7,-0.0358040998598991,0.5,-0.971339196886926,0.102055020735545,0.4,0.7,-0.04897248963222748,0.515,-4.087287029192228,0.15966672598948167,0.3,0.6,-0.12016663700525917,0.515,-3.139072802716133,0.15966672598948167,0.3,0.6,-0.12016663700525917
76,choice_only,20,0.5059118379151758,0.56,-0.6903784768997228,0.18445793897149462,0.3,0.3,-0.1077710305142527,0.57,-0.8623959688364102,0.19391732045721227,0.3,0.3,-0.10304133977139388,0.57,-0.8623959688364102,0.19391732045721227,0.3,0.3,-0.10304133977139388,0.57,-0.7606547837654614,0.19391732045721227,0.3,0.3,-0.10304133977139388
76,inference_affirm,20,0.9253169735653175,0.5,-0.6926844123780604,0.17972824822863578,0.3,0.5,-0.11013587588568212,0.45,-1.2408742948590727,0.09301725127622379,0.3,0.5,-0.15349137436188812,0.54,-3.041242891894709,0.5864816521144957,0.6,0.6,0.3932408260572478,0.54,-2.324116401081749,0.5864816521144957,0.6,0.6,0.3932408260572478
76,inference_categories,20,0.7272772176652769,0.52,-0.6908329814844109,0.07094536114288254,0.3,0.4,-0.16452731942855875,0.525,-1.2046640505320696,0.034684398780964805,0.2,0.4,-0.28265780060951756,0.545,-1.6646008362996794,0.26328611801914187,0.4,0.4,0.031643059009570956,0.54,-1.3210197354455946,0.26328611801914187,0.4,0.4,0.031643059009570956
77,choice_only,20,0.49244586572056015,0.51,-0.691108921332263,0.23056485769277885,0.2,0.4,-0.18471757115361057,0.52,-0.949718113209767,0.01847732309036207,0.3,0.5,-0.19076133845481896,0.52,-0.949718113209767,0.01847732309036207,0.3,0.5,-0.19076133845481896,0.52,-0.8447598490910921,0.01847732309036207,0.3,0.5,-0.19076133845481896
77,inference_affirm,20,0.7585411352647727,0.655,-0.6874668653127215,0.277963208228925,0.4,0.5,0.038981604114462526,0.65,-0.8702526381742928,0.21289089647591078,0.3,0.5,-0.09355455176204462,0.6,-2.2495581761873327,0.5358423696204999,0.5,0.5,0.26792118481024996,0.605,-1.7354393903081669,0.5358423696204999,0.5,0.5,0.26792118481024996
77,inference_categories,20,0.036353356213752824,0.64,-0.687906318783302,0.37597335679519334,0.4,0.5,0.08798667839759669,0.665,-0.8053615517489845,-0.0562353311445802,0.2,0.4,-0.3281176655722901,0.55,-1.8338211024958588,-0.3350019012469992,0.1,0.4,-0.5675009506234996,0.55,-1.440306975383735,-0.3350019012469992,0.1,0.4,-0.5675009506234996
78,choice_only,20,0.5018939846860363,0.545,-0.6927966100081914,0.3621316040174483,0.7,0.5,0.3810658020087241,0.605,-0.9600185051616896,0.36516199400922617,0.7,0.5,0.382580997004613,0.605,-0.9600185051616896,0.36516199400922617,0.7,0.5,0.382580997004613,0.605,-0.8398905658517302,0.36516199400922617,0.7,0.5,0.382580997004613
78,inference_affirm,20,0.28178622178217727,0.55,-0.6928403355102349,0.5666829284624505,0.6,0.5,0.3833414642312252,0.575,-1.01471133271137,0.37122277399278175,0.5,0.6,0.18561138699639088,0.515,-1.608580828380377,0.39243550393522636,0.5,0.6,0.19621775196761318,0.515,-1.2897843231389703,0.39243550393522636,0.5,0.6,0.19621775196761318
78,inference_categories,20,0.3274583272777333,0.535,-0.6924048515761507,0.5045599336310055,0.7,0.7,0.4522799668155027,0.57,-0.8795988079348445,0.5060751286268943,0.8,0.8,0.5530375643134472,0.54,-4.020963821524305,0.41667862386944887,0.6,0.6,0.3083393119347244,0.54,-3.0779466338945736,0.41667862386944887,0.6,0.6,0.3083393119347244
79,choice_only,20,0.22512918531622292,0.565,-0.6907933788243956,0.3723405059305976,0.2,0.7,-0.1138297470347012,0.645,-0.7321691613169206,0.07793173379942742,0.1,0.5,-0.3610341331002863,0.645,-0.7321691613169206,0.07793173379942742,0.1,0.5,-0.3610341331002863,0.645,-0.6800948540465968,0.07793173379942742,0.1,0.5,-0.3610341331002863
79,inference_affirm,20,0.46218884393703025,0.495,-0.6930141420251437,0.5209880722517277,0.2,0.9,-0.03950596387413613,0.505,-1.0893140480044214,0.4661472225410195,0.2,0.8,-0.06692638872949025,0.525,-5.17964330274911,0.4603745015188397,0.2,0.6,-0.06981274924058015,0.525,-3.995933141430727,0.4603745015188397,0.2,0.6,-0.06981274924058015
79,inference_categories,20,0.5207338195127481,0.53,-0.6917554544283181,0.48779492637419375,0.2,0.7,-0.056102536812903114,0.615,-0.9019252488012492,0.48779492637419375,0.2,0.6,-0.056102536812903114,0.62,-2.3325197921434926,0.5209880722517277,0.2,0.6,-0.03950596387413613,0.62,-1.7921639777745841,0.5209880722517277,0.2,0.6,-0.03950596387413613
80,choice_only,20,0.6386532101917719,0.555,-0.6904764607070775,0.19744664400487097,0.1,0.2,-0.3012766779975645,0.615,-1.0491177020364006,0.2252560304844303,0.2,0.3,-0.18737198475778483,0.615,-1.0491177020364006,0.2252560304844303,0.2,0.3,-0.18737198475778483,0.61,-0.8907519004243776,0.2252560304844303,0.2,0.3,-0.18737198475778483
80,inference_affirm,20,0.8636413273010534,0.535,-0.6919631545247982,0.12143432096074223,0.2,0.4,-0.23928283951962886,0.55,-1.0897183910097228,0.43568038817976223,0.3,0.4,0.017840194089881106,0.53,-5.042852288660418,0.459781856462047,0.4,0.6,0.12989092823102352,0.53,-3.9168796434038224,0.459781856462047,0.4,0.6,0.12989092823102352
80,inference_categories,20,0.7580344253111778,0.45,-0.6939798969365261,0.09455191403050159,0.2,0.6,-0.2527240429847492,0.525,-1.0891345421377454,0.3902583902631487,0.2,0.5,-0.10487080486842565,0.53,-3.0613521213884702,0.35132524919176567,0.3,0.6,-0.02433737540411718,0.535,-2.3381950275363743,0.35132524919176567,0.3,0.6,-0.02433737540411718
81,choice_only,20,0.25113322165913865,0.525,-0.6918155541310932,0.3489623289667022,0.4,0.4,0.07448116448335113,0.545,-1.0626508062177817,0.11193131306479129,0.3,0.5,-0.14403434346760435,0.545,-1.0626508062177817,0.11193131306479129,0.3,0.5,-0.14403434346760435,0.545,-0.9113560597935585,0.11193131306479129,0.3,0.5,-0.14403434346760435
81,inference_affirm,20,0.09997517465692003,0.495,-0.6933808451481198,0.29464272115584766,0.4,0.5,0.047321360577923854,0.46,-1.2234239737725618,0.026336779544656776,0.3,0.6,-0.1868316102276716,0.475,-4.636039311981493,-0.18435745681259744,0.2,0.5,-0.3921787284062987,0.475,-3.5215280314369295,-0.18435745681259744,0.2,0.5,-0.3921787284062987
81,inference_categories,20,0.1655819536971992,0.545,-0.6916177619376352,0.5086290549561839,0.5,0.6,0.25431452747809197,0.54,-0.9593653292998036,0.513567201120807,0.5,0.5,0.2567836005604035,0.55,-1.5498487420914728,0.2617217467250267,0.3,0.5,-0.06913912663748667,0.545,-1.242313393213483,0.2617217467250267,0.3,0.5,-0.06913912663748667
82,choice_only,20,0.7001354085532767,0.47,-0.694295184045334,0.19688467590363873,0.2,0.5,-0.20155766204818062,0.45,-0.8974227780251712,0.33606177438724544,0.3,0.4,-0.03196911280637729,0.45,-0.8974227780251712,0.33606177438724544,0.3,0.4,-0.03196911280637729,0.455,-0.8234757874147762,0.33606177438724544,0.3,0.4,-0.03196911280637729
82,inference_affirm,20,0.9006414226048386,0.53,-0.6931743771008027,0.19858195759246325,0.1,0.3,-0.3007090212037684,0.49,-0.9771679499486363,0.28599196456692355,0.3,0.3,-0.057004017716538236,0.5,-1.8212485034757049,0.48033071793732557,0.4,0.5,0.1401653589686628,0.5,-1.439890445862578,0.48033071793732557,0.4,0.5,0.1401653589686628
82,inference_categories,20,0.614449453651651,0.5,-0.6936232783516246,0.2766569152783889,0.2,0.4,-0.16167154236080553,0.51,-0.9561023004959495,0.4905144080702724,0.4,0.5,0.14525720403513623,0.475,-2.6666992981776207,0.26307866176779315,0.3,0.4,-0.06846066911610343,0.475,-2.0654581533514538,0.26307866176779315,0.3,0.4,-0.06846066911610343
83,choice_only,20,0.4304929938961117,0.5,-0.6921044562072188,0.5912113428573545,0.5,0.4,0.2956056714286773,0.505,-1.038154516525626,0.47927532860969546,0.5,0.5,0.23963766430484773,0.505,-1.038154516525626,0.47927532860969546,0.5,0.5,0.23963766430484773,0.5,-0.8887265252208283,0.47927532860969546,0.5,0.5,0.23963766430484773
83,inference_affirm,20,0.40556826655857564,0.495,-0.691828975412887,0.5549503804954369,0.5,0.5,0.27747519024771844,0.575,-0.9735482401008854,0.518689418133519,0.5,0.5,0.2593447090667595,0.54,-6.010640147814108,0.40202371314300106,0.5,0.6,0.20101185657150053,0.54,-4.814461104879325,0.40202371314300106,0.5,0.6,0.20101185657150053
83,inference_categories,20,0.3859123689189838,0.575,-0.6916362070872349,0.4351315483430129,0.6,0.6,0.31756577417150644,0.545,-1.0129556147413235,0.3610330600382245,0.5,0.5,0.18051653001911225,0.525,-2.809472972125905,0.44932062057158945,0.5,0.6,0.22466031028579472,0.525,-2.1600657357306603,0.44932062057158945,0.5,0.6,0.22466031028579472
84,choice_only,20,0.5830875575629482,0.535,-0.6917648196467425,0.19930060310350828,0.2,0.6,-0.20034969844824585,0.63,-0.9001247437517389,0.1334850551018846,0.3,0.7,-0.13325747244905772,0.63,-0.9001247437517389,0.1334850551018846,0.3,0.7,-0.13325747244905772,0.63,-0.7898260998747716,0.1334850551018846,0.3,0.7,-0.13325747244905772
84,inference_affirm,20,0.5260476975021541,0.54,-0.6919278848724595,0.28272876254218615,0.3,0.4,-0.058635618728906935,0.6,-1.0241536654889372,0.12977713690461004,0.2,0.5,-0.23511143154769498,0.58,-1.005835869242367,0.3244428422615251,0.3,0.5,-0.03777857886923747,0.58,-0.8667981159643625,0.3244428422615251,0.3,0.5,-0.03777857886923747
84,inference_categories,20,0.5121642058494696,0.505,-0.6919719841327618,0.08250117988935923,0.2,0.6,-0.2587494100553204,0.62,-0.8670439115158365,0.0407871001700203,0.3,0.7,-0.17960644991498986,0.545,-2.101035430426166,0.10196775042505074,0.2,0.6,-0.24901612478747462,0.545,-1.6400712127764197,0.10196775042505074,0.2,0.6,-0.24901612478747462
85,choice_only,20,0.5718027840602127,0.625,-0.6891009726548358,0.4322086879397736,0.5,0.5,0.2161043439698868,0.655,-0.7051059543982603,0.54789279772291,0.5,0.5,0.273946398861455,0.655,-0.7051059543982603,0.54789279772291,0.5,0.5,0.273946398861455,0.655,-0.6462945226428758,0.54789279772291,0.5,0.5,0.273946398861455
85,inference_affirm,20,0.7864002371381773,0.555,-0.6914228090092085,0.49005074283134176,0.5,0.6,0.24502537141567088,0.61,-0.77936948632575,0.42015825983736343,0.4,0.5,0.11007912991868174,0.6,-1.3790281962112885,0.8113954922289429,0.6,0.6,0.5056977461144714,0.6,-1.1002611812835683,0.8113954922289429,0.6,0.6,0.5056977461144714
85,inference_categories,20,0.7488308703934138,0.63,-0.6898633782682257,0.7198122386506266,0.5,0.5,0.3599061193253133,0.685,-0.6034210633074436,0.6981214680662885,0.6,0.6,0.4490607340331442,0.62,-2.8660911838125243,0.7567668848313507,0.7,0.7,0.5783834424156753,0.62,-2.2085185736038486,0.7567668848313507,0.7,0.7,0.5783834424156753
86,choice_only,20,0.5934811755739817,0.585,-0.69124183163315,0.20810639268578876,0.4,0.6,0.004053196342894402,0.595,-0.767122676650645,0.35945649645727157,0.4,0.6,0.0797282482286358,0.595,-0.767122676650645,0.35945649645727157,0.4,0.6,0.0797282482286358,0.595,-0.6999839846431277,0.35945649645727157,0.4,0.6,0.0797282482286358
86,inference_affirm,20,0.8165633403563283,0.55,-0.692137206262889,-0.03783752594287069,0.4,0.5,-0.11891876297143532,0.54,-1.114444490630583,0.20968295626674174,0.5,0.6,0.10484147813337087,0.56,-2.5560553735017306,0.35945649645727157,0.5,0.5,0.17972824822863578,0.56,-1.9728343115152314,0.35945649645727157,0.5,0.5,0.17972824822863578
86,inference_categories,20,0.4804426725936494,0.595,-0.6891633298028121,0.431978421181107,0.6,0.6,0.3159892105905535,0.69,-0.6452021381201085,0.5470675625906721,0.6,0.6,0.37353378129533604,0.635,-2.3485145688610083,0.6006707243430722,0.5,0.5,0.3003353621715361,0.635,-1.8043628067928952,0.6006707243430722,0.5,0.5,0.3003353621715361
87,choice_only,20,0.6745766006223236,0.525,-0.6919134444686986,0.37275990930121733,0.4,0.5,0.08637995465060869,0.67,-0.804989995039348,0.46434316287953364,0.5,0.6,0.23217158143976682,0.67,-0.804989995039348,0.46434316287953364,0.5,0.6,0.23217158143976682,0.67,-0.7143163394098306,0.46434316287953364,0.5,0.6,0.23217158143976682
87,inference_affirm,20,0.9403169290653791,0.56,-0.6922762024431992,0.18718331652410267,0.2,0.4,-0.20640834173794864,0.615,-0.8973402878617085,0.270732951367479,0.4,0.4,0.03536647568373952,0.61,-1.2142122380111418,0.49005074283134176,0.6,0.7,0.34502537141567086,0.61,-0.9984721786239564,0.49005074283134176,0.6,0.7,0.34502537141567086
87,inference_categories,20,0.9911733163920087,0.52,-0.6927574273033861,0.20003710650000672,0.1,0.2,-0.29998144674999666,0.585,-1.020167303682248,0.40328766049398945,0.5,0.7,0.20164383024699473,0.585,-1.4344353205380604,0.6884811255843605,0.8,0.8,0.6442405627921803,0.585,-1.1543600565029,0.6884811255843605,0.8,0.8,0.6442405627921803
88,choice_only,20,0.621064174479421,0.575,-0.6902886295047586,0.0554319692710862,0.3,0.4,-0.17228401536445692,0.69,-0.6621456847313888,0.2530589901506109,0.3,0.4,-0.07347050492469456,0.69,-0.6621456847313888,0.2530589901506109,0.3,0.4,-0.07347050492469456,0.69,-0.608562384510417,0.2530589901506109,0.3,0.4,-0.07347050492469456
88,inference_affirm,20,0.534589642407717,0.5,-0.691705543721364,0.33178845375302324,0.5,0.6,0.16589422687651162,0.545,-1.0023832110526547,0.17995305966265665,0.5,0.6,0.08997652983132833,0.56,-2.522532945319794,0.3872204230241094,0.5,0.6,0.1936102115120547,0.56,-1.9350916044934325,0.3872204230241094,0.5,0.6,0.1936102115120547
88,inference_categories,20,0.6932419051305291,0.545,-0.6923198462962072,-0.03615128430723013,0.2,0.4,-0.31807564215361506,0.615,-1.092370370709765,0.040168093674700145,0.3,0.5,-0.17991595316264994,0.585,-1.2642772795565351,0.08997652983132833,0.3,0.5,-0.15501173508433586,0.585,-1.032847502972198,0.08997652983132833,0.3,0.5,-0.15501173508433586
89,choice_only,20,0.42918099147533434,0.565,-0.690945014834769,0.4048943842409774,0.4,0.6,0.10244719212048872,0.6,-0.956947628040722,0.29081699820482904,0.4,0.6,0.04540849910241454,0.6,-0.956947628040722,0.29081699820482904,0.4,0.6,0.04540849910241454,0.6,-0.8319422340460667,0.29081699820482904,0.4,0.6,0.04540849910241454
89,inference_affirm,20,0.4874732841764148,0.57,-0.6908974991605112,0.2217278770843448,0.5,0.7,0.1108639385421724,0.59,-0.7455733435146441,0.282783379469889,0.4,0.5,0.04139168973494453,0.56,-4.031312518779703,0.40168093674700145,0.4,0.5,0.10084046837350075,0.56,-3.1000004603050195,0.40168093674700145,0.4,0.5,0.10084046837350075
89,inference_categories,20,0.851843660285625,0.6,-0.6903510957379569,0.28921027445784103,0.4,0.6,0.04460513722892054,0.65,-0.733912495460761,0.08997652983132833,0.4,0.5,-0.055011735084335815,0.645,-1.7752692694350116,0.588864253271104,0.6,0.7,0.394432126635552,0.645,-1.3798302148776151,0.588864253271104,0.6,0.7,0.394432126635552
90,choice_only,20,0.3318058566072009,0.575,-0.6920675452008055,0.3961734198948341,0.5,0.4,0.19808670994741706,0.56,-1.0888818594164176,0.3161619252886225,0.4,0.3,0.058080962644311285,0.56,-1.0888818594164176,0.3161619252886225,0.4,0.3,0.058080962644311285,0.56,-0.9283735606153678,0.3161619252886225,0.4,0.3,0.058080962644311285
90,inference_affirm,20,0.6843478977936888,0.53,-0.6926115498246835,0.287419932080566,0.4,0.4,0.043709966040283016,0.525,-1.048762511733958,0.006991295645202955,0.3,0.6,-0.19650435217739853,0.635,-2.033365714056996,0.39695023052207884,0.5,0.7,0.19847511526103942,0.635,-1.575593969352372,0.39695023052207884,0.5,0.7,0.19847511526103942
90,inference_categories,20,0.6328973210942508,0.61,-0.6906695530623372,0.4948283695549203,0.4,0.3,0.14741418477746018,0.585,-0.8392627975228568,0.4031647155400371,0.4,0.3,0.10158235777001856,0.595,-3.735245475574948,0.5126950139815502,0.5,0.6,0.2563475069907751,0.595,-2.8761758032189073,0.5126950139815502,0.5,0.6,0.2563475069907751
91,choice_only,20,0.686148273511238,0.54,-0.6904893292124372,0.18924690830392862,0.3,0.6,-0.1053765458480357,0.57,-1.0326317038024002,0.30211614061075603,0.4,0.5,0.05105807030537804,0.57,-1.0326317038024002,0.30211614061075603,0.4,0.5,0.05105807030537804,0.575,-0.8834536140662089,0.30211614061075603,0.4,0.5,0.05105807030537804
91,inference_affirm,20,0.9094474523285394,0.575,-0.6903798884368001,0.10777738724035398,0.4,0.7,-0.04611130637982299,0.655,-0.8596042846999998,0.13069069003948433,0.3,0.6,-0.13465465498025786,0.625,-0.9774908276861524,0.6305401473982913,0.6,0.7,0.41527007369914565,0.635,-0.831093514455822,0.6305401473982913,0.6,0.7,0.41527007369914565
91,inference_categories,20,0.8261637814714874,0.585,-0.6895981443258725,0.20367380265893667,0.4,0.7,0.0018369013294683573,0.605,-0.783761758751621,0.1349338942615455,0.4,0.7,-0.032533052869227225,0.67,-0.9379081426745637,0.6271455840206424,0.5,0.6,0.3135727920103212,0.67,-0.7987938606709818,0.6271455840206424,0.5,0.6,0.3135727920103212
92,choice_only,20,0.39615769639567566,0.505,-0.6928708869326201,0.11117195061800292,0.4,0.5,-0.04441402469099852,0.615,-0.8455504472721828,0.14257166186125564,0.3,0.5,-0.1287141690693722,0.615,-0.8455504472721828,0.14257166186125564,0.3,0.5,-0.1287141690693722,0.615,-0.7538439187865038,0.14257166186125564,0.3,0.5,-0.1287141690693722
92,inference_affirm,20,0.6379477312065299,0.585,-0.6910746060889507,0.26223002092338094,0.4,0.6,0.03111501046169049,0.58,-0.8182213039253508,0.14002573932801893,0.3,0.6,-0.12998713033599055,0.66,-1.7420121907546149,0.4888171263814479,0.4,0.4,0.14440856319072398,0.66,-1.3509699836979874,0.4888171263814479,0.4,0.4,0.14440856319072398
92,inference_categories,20,0.7487444124896704,0.545,-0.6924443121349697,0.2953270138554581,0.4,0.5,0.04766350692772908,0.655,-0.8171076745662176,0.27750555612280114,0.4,0.6,0.038752778061400595,0.655,-1.0747407845118448,0.532097809446472,0.5,0.7,0.266048904723236,0.655,-0.8849180223112739,0.532097809446472,0.5,0.7,0.266048904723236
93,choice_only,20,0.238910133522926,0.44,-0.6937362555139811,-0.04579162678915817,0.4,0.7,-0.12289581339457906,0.425,-1.19489786021879,-0.10925721479518438,0.2,0.6,-0.35462860739759217,0.425,-1.19489786021879,-0.10925721479518438,0.2,0.6,-0.35462860739759217,0.425,-1.0213630470836228,-0.10925721479518438,0.2,0.6,-0.35462860739759217
93,inference_affirm,20,0.6979198707228483,0.505,-0.6926997402085917,-0.0554319692710862,0.2,0.5,-0.3277159846355431,0.465,-1.153814437052707,0.07471265423494226,0.3,0.6,-0.16264367288252887,0.475,-4.193199202634815,0.07953282547590629,0.3,0.6,-0.16023358726204687,0.475,-3.220095246158678,0.07953282547590629,0.3,0.6,-0.16023358726204687
93,inference_categories,20,0.6091777954975927,0.545,-0.6914042443794961,-0.1695093553072346,0.2,0.7,-0.38475467765361726,0.49,-1.2376558057477103,-0.3036707881807331,0.2,0.6,-0.45183539409036655,0.5,-2.867473600794833,0.008033618734940028,0.2,0.4,-0.29598319063253,0.5,-2.197142497115175,0.008033618734940028,0.2,0.4,-0.29598319063253
94,choice_only,20,0.467928777544368,0.535,-0.6917644284780795,0.322141307457629,0.3,0.7,-0.03892934627118552,0.535,-1.1543971735116205,0.27075680442757777,0.3,0.6,-0.06462159778621113,0.535,-1.1543971735116205,0.27075680442757777,0.3,0.6,-0.06462159778621113,0.54,-0.9727908122404193,0.27075680442757777,0.3,0.6,-0.06462159778621113
94,inference_affirm,20,0.29308599613134395,0.585,-0.6909092714224091,0.4446735839139051,0.3,0.6,0.02233679195695254,0.55,-1.0684003698865352,0.07905308158469425,0.1,0.5,-0.3604734592076529,0.585,-1.3945183874496772,0.29249640186336867,0.2,0.6,-0.15375179906831565,0.585,-1.1280498152291374,0.29249640186336867,0.2,0.6,-0.15375179906831565
94,inference_categories,20,0.29390783136369053,0.645,-0.6883655651047459,0.377478464566915,0.3,0.6,-0.011260767716542525,0.59,-0.9026331324252862,0.32609396153686376,0.2,0.5,-0.1369530192315681,0.65,-1.5448230223718113,0.42688664055734893,0.1,0.6,-0.18655667972132556,0.65,-1.2155663468632891,0.42688664055734893,0.1,0.6,-0.18655667972132556
95,choice_only,20,0.6622689769004342,0.51,-0.6933222535278706,-0.2664392451810477,0.2,0.4,-0.4332196225905238,0.525,-1.051934914710293,-0.19707044761911818,0.3,0.5,-0.2985352238095591,0.525,-1.051934914710293,-0.19707044761911818,0.3,0.5,-0.2985352238095591,0.525,-0.9128567979138303,-0.19707044761911818,0.3,0.5,-0.2985352238095591
95,inference_affirm,20,0.39153157308318837,0.47,-0.6934083547131833,0.27747519024771844,0.4,0.5,0.03873759512385924,0.555,-0.9252085718683566,0.28693457173343606,0.4,0.6,0.04346728586671805,0.61,-1.8533964508596108,0.3011236439620126,0.3,0.5,-0.04943817801899372,0.61,-1.4542257597709933,0.3011236439620126,0.3,0.5,-0.04943817801899372
95,inference_categories,20,0.821157204908978,0.555,-0.6913864655001218,0.431978421181107,0.5,0.6,0.2159892105905535,0.62,-0.775067234978293,0.7031473571050137,0.7,0.7,0.5515736785525068,0.585,-1.499353587891495,0.6416613774478487,0.7,0.7,0.5208306887239242,0.585,-1.200642323284583,0.6416613774478487,0.7,0.7,0.5208306887239242
96,choice_only,20,0.6246737883869004,0.545,-0.6923202798625517,0.34943645025058206,0.5,0.6,0.17471822512529103,0.585,-0.896733787580057,0.35321006202434646,0.6,0.8,0.2766050310121732,0.585,-0.896733787580057,0.35321006202434646,0.6,0.8,0.2766050310121732,0.585,-0.7936297962854204,0.35321006202434646,0.6,0.8,0.2766050310121732
96,inference_affirm,20,0.582722855811208,0.565,-0.6918617903499898,0.3977386809547662,0.5,0.5,0.1988693404773831,0.565,-0.9189077040938953,0.3811347891502029,0.5,0.4,0.19056739457510144,0.545,-1.9303407543021058,0.331323113736513,0.6,0.5,0.2656615568682565,0.545,-1.5149478934904843,0.331323113736513,0.6,0.5,0.2656615568682565
96,inference_categories,20,0.7299449202592879,0.495,-0.6918589739951365,0.11547252027719018,0.4,0.3,-0.042263739861404886,0.585,-0.8932458124817926,0.41434257275932945,0.6,0.5,0.30717128637966473,0.585,-2.1904372937353376,0.3132097772224439,0.5,0.4,0.15660488861122196,0.585,-1.7049794081346032,0.3132097772224439,0.5,0.4,0.15660488861122196
97,choice_only,20,0.6260339183833725,0.58,-0.6916523786040721,0.06324371715171599,0.5,0.5,0.031621858575857996,0.58,-0.7520020390869044,0.06933949711814644,0.6,0.6,0.1346697485590732,0.58,-0.7520020390869044,0.06933949711814644,0.6,0.6,0.1346697485590732,0.58,-0.6934044469708354,0.06933949711814644,0.6,0.6,0.1346697485590732
97,inference_affirm,20,0.9654318242653503,0.6,-0.6911657166332739,0.07238738710136168,0.4,0.3,-0.06380630644931914,0.585,-0.8538641872121064,0.3246002832124218,0.6,0.5,0.26230014160621085,0.61,-2.4090572736303715,0.6042441891724191,0.8,0.7,0.6021220945862096,0.61,-1.8681669894241344,0.6042441891724191,0.8,0.7,0.6021220945862096
97,inference_categories,20,0.8649724771849733,0.565,-0.6915609453892888,-0.06095779966430456,0.4,0.4,-0.13047889983215227,0.595,-0.8626978203746611,0.1821114264971099,0.6,0.4,0.19105571324855491,0.525,-2.7544004130189745,0.28192982344740863,0.6,0.5,0.2409649117237043,0.525,-2.126133029898036,0.28192982344740863,0.6,0.5,0.2409649117237043
98,choice_only,20,0.5685404321479135,0.475,-0.6936402117817643,0.28378144457153015,0.5,0.6,0.14189072228576508,0.545,-0.9405197015613618,0.39414089523823637,0.5,0.6,0.19707044761911818,0.545,-0.9405197015613618,0.39414089523823637,0.5,0.6,0.19707044761911818,0.545,-0.8283912449670994,0.39414089523823637,0.5,0.6,0.19707044761911818
98,inference_affirm,20,0.8432250681922634,0.455,-0.6936486055213933,0.1560797945143416,0.4,0.4,-0.021960102742829182,0.52,-1.0617892633996988,0.14346728586671803,0.4,0.6,-0.028266357066640962,0.57,-4.173871839655593,0.6290488688002253,0.5,0.5,0.31452443440011263,0.57,-3.2627379457156724,0.6290488688002253,0.5,0.5,0.31452443440011263
98,inference_categories,20,0.8920137193220131,0.52,-0.6918210705532064,0.1324313408000474,0.3,0.3,-0.13378432959997633,0.57,-0.9165226363256258,0.26170955443818894,0.4,0.3,0.030854777219094492,0.66,-1.126662632504836,0.5770222706287781,0.5,0.4,0.28851113531438904,0.66,-0.9254469114117237,0.5770222706287781,0.5,0.4,0.28851113531438904
99,choice_only,20,0.3382957170848622,0.565,-0.689893789563313,0.4932747483004307,0.5,0.5,0.24663737415021536,0.6,-0.8669707566030079,0.4249154131028907,0.4,0.4,0.11245770655144538,0.6,-0.8669707566030079,0.4249154131028907,0.4,0.4,0.11245770655144538,0.6,-0.767292172099921,0.4249154131028907,0.4,0.4,0.11245770655144538
99,inference_affirm,20,0.5310324863993504,0.54,-0.6913734219332113,0.46841680822859805,0.5,0.5,0.23420840411429902,0.575,-0.9658346548772643,0.20041714182915138,0.5,0.6,0.10020857091457569,0.58,-2.432374646049544,0.5181326883722635,0.5,0.6,0.2590663441861317,0.58,-1.87698463249773,0.5181326883722635,0.5,0.6,0.2590663441861317
99,inference_categories,20,0.3973562823465662,0.53,-0.6911691959956923,0.46919361885584276,0.5,0.5,0.23459680942792138,0.535,-1.0335654970264823,0.19653308869292754,0.5,0.6,0.09826654434646377,0.55,-4.610784245593852,0.5025964758273681,0.4,0.5,0.15129823791368407,0.55,-3.640543251168539,0.5025964758273681,0.4,0.5,0.15129823791368407
