lambda,scale,alpha,condition,fit,spearman,topn_sign,test_ll,test_acc,combined,rating_partial_vs_standard
0.1,0.5,0.0,choice_only,partial,0.21209082861902043,0.39333333333333337,-0.6364555346042028,0.7296666666666667,-0.0006212523571564548,0.5159978313338007
0.1,0.5,0.0,choice_only,projected,0.21209082861902043,0.39333333333333337,-0.6364555346042028,0.7296666666666667,-0.0006212523571564548,0.5159978313338007
0.1,0.5,0.0,choice_only,standard,0.19892455787410304,0.38666666666666666,-0.6919152820767185,0.682,-0.013871054396281815,0.5159978313338007
0.1,0.5,0.0,inference_affirm,partial,0.19808288346605873,0.39666666666666667,-0.6472880144927184,0.6843333333333333,-0.004291891600303975,0.5329071981603242
0.1,0.5,0.0,inference_affirm,projected,0.19808288346605873,0.39666666666666667,-0.6472880144927184,0.6843333333333333,-0.004291891600303975,0.5329071981603242
0.1,0.5,0.0,inference_affirm,standard,0.1837669093243465,0.3766666666666667,-0.6921140644898764,0.6623333333333333,-0.03144987867116008,0.5329071981603242
0.1,0.5,0.0,inference_categories,partial,0.2609624510237229,0.43,-0.640313601703835,0.7156666666666667,0.06048122551186145,0.5468212862395951
0.1,0.5,0.0,inference_categories,projected,0.2609624510237229,0.43,-0.640313601703835,0.7156666666666667,0.06048122551186145,0.5468212862395951
0.1,0.5,0.0,inference_categories,standard,0.24972396356508003,0.39666666666666667,-0.6919585926478928,0.6836666666666666,0.02152864844920668,0.5468212862395951
0.1,0.5,0.25,choice_only,partial,0.21209082861902043,0.39333333333333337,-0.6364555346042028,0.7296666666666667,-0.0006212523571564548,0.5159978313338007
0.1,0.5,0.25,choice_only,projected,0.21209082861902043,0.39333333333333337,-0.6364555346042028,0.7296666666666667,-0.0006212523571564548,0.5159978313338007
0.1,0.5,0.25,choice_only,standard,0.19892455787410304,0.38666666666666666,-0.6919152820767185,0.682,-0.013871054396281815,0.5159978313338007
0.1,0.5,0.25,inference_affirm,partial,0.20382331833149023,0.4033333333333333,-0.6490043124447668,0.6843333333333333,0.005244992499078447,0.5420403355316358
0.1,0.5,0.25,inference_affirm,projected,0.19808288346605873,0.39666666666666667,-0.6472880144927184,0.6843333333333333,-0.004291891600303975,0.5420403355316358
0.1,0.5,0.25,inference_affirm,standard,0.1837669093243465,0.3766666666666667,-0.6921140644898764,0.6623333333333333,-0.03144987867116008,0.5420403355316358
0.1,0.5,0.25,inference_categories,partial,0.2589262599923056,0.4266666666666667,-0.6421937952133204,0.721,0.056129796662819496,0.5413082183566172
0.1,0.5,0.25,inference_categories,projected,0.2609624510237229,0.43,-0.640313601703835,0.7156666666666667,0.06048122551186145,0.5413082183566172
0.1,0.5,0.25,inference_categories,standard,0.24972396356508003,0.39666666666666667,-0.6919585926478928,0.6836666666666666,0.02152864844920668,0.5413082183566172
0.1,0.5,0.5,choice_only,partial,0.21209082861902043,0.39333333333333337,-0.6364555346042028,0.7296666666666667,-0.0006212523571564548,0.5159978313338007
0.1,0.5,0.5,choice_only,projected,0.21209082861902043,0.39333333333333337,-0.6364555346042028,0.7296666666666667,-0.0006212523571564548,0.5159978313338007
0.1,0.5,0.5,choice_only,standard,0.19892455787410304,0.38666666666666666,-0.6919152820767185,0.682,-0.013871054396281815,0.5159978313338007
0.1,0.5,0.5,inference_affirm,partial,0.2098454063299471,0.39333333333333337,-0.6515238024222216,0.6829999999999999,-0.0017439635016931131,0.5332642185693085
0.1,0.5,0.5,inference_affirm,projected,0.19808288346605873,0.39666666666666667,-0.6472880144927184,0.6843333333333333,-0.004291891600303975,0.5332642185693085
0.1,0.5,0.5,inference_affirm,standard,0.1837669093243465,0.3766666666666667,-0.6921140644898764,0.6623333333333333,-0.03144987867116008,0.5332642185693085
0.1,0.5,0.5,inference_categories,partial,0.2521990777212573,0.4166666666666667,-0.6453909381613517,0.718,0.04276620552729535,0.5268032609991384
0.1,0.5,0.5,inference_categories,projected,0.2609624510237229,0.43,-0.640313601703835,0.7156666666666667,0.06048122551186145,0.5268032609991384
0.1,0.5,0.5,inference_categories,standard,0.24972396356508003,0.39666666666666667,-0.6919585926478928,0.6836666666666666,0.02152864844920668,0.5268032609991384
0.1,0.5,0.75,choice_only,partial,0.21209082861902043,0.39333333333333337,-0.6364555346042028,0.7296666666666667,-0.0006212523571564548,0.5159978313338007
0.1,0.5,0.75,choice_only,projected,0.21209082861902043,0.39333333333333337,-0.6364555346042028,0.7296666666666667,-0.0006212523571564548,0.5159978313338007
0.1,0.5,0.75,choice_only,standard,0.19892455787410304,0.38666666666666666,-0.6919152820767185,0.682,-0.013871054396281815,0.5159978313338007
0.1,0.5,0.75,inference_affirm,partial,0.21445653611830232,0.38333333333333336,-0.6545276799149301,0.6883333333333332,-0.009438398607515512,0.5269782590574178
0.1,0.5,0.75,inference_affirm,projected,0.19808288346605873,0.39666666666666667,-0.6472880144927184,0.6843333333333333,-0.004291891600303975,0.5269782590574178
0.1,0.5,0.75,inference_affirm,standard,0.1837669093243465,0.3766666666666667,-0.6921140644898764,0.6623333333333333,-0.03144987867116008,0.5269782590574178
0.1,0.5,0.75,inference_categories,partial,0.24328361092563133,0.4166666666666667,-0.6493084291835931,0.7110000000000001,0.038308472129482324,0.5195702694621745
0.1,0.5,0.75,inference_categories,projected,0.2609624510237229,0.43,-0.640313601703835,0.7156666666666667,0.06048122551186145,0.5195702694621745
0.1,0.5,0.75,inference_categories,standard,0.24972396356508003,0.39666666666666667,-0.6919585926478928,0.6836666666666666,0.02152864844920668,0.5195702694621745
0.1,0.5,1.0,choice_only,partial,0.21209082861902043,0.39333333333333337,-0.6364555346042028,0.7296666666666667,-0.0006212523571564548,0.5159978313338007
0.1,0.5,1.0,choice_only,projected,0.21209082861902043,0.39333333333333337,-0.6364555346042028,0.7296666666666667,-0.0006212523571564548,0.5159978313338007
0.1,0.5,1.0,choice_only,standard,0.19892455787410304,0.38666666666666666,-0.6919152820767185,0.682,-0.013871054396281815,0.5159978313338007
0.1,0.5,1.0,inference_affirm,partial,0.2210595738447442,0.38666666666666666,-0.657784718212037,0.6863333333333334,-0.00280354641096123,0.5360606830184894
0.1,0.5,1.0,inference_affirm,projected,0.19808288346605873,0.39666666666666667,-0.6472880144927184,0.6843333333333333,-0.004291891600303975,0.5360606830184894
0.1,0.5,1.0,inference_affirm,standard,0.1837669093243465,0.3766666666666667,-0.6921140644898764,0.6623333333333333,-0.03144987867116008,0.5360606830184894
0.1,0.5,1.0,inference_categories,partial,0.23584121295507365,0.4066666666666666,-0.6534062071444228,0.6996666666666668,0.024587273144203493,0.5047191607359983
0.1,0.5,1.0,inference_categories,projected,0.2609624510237229,0.43,-0.640313601703835,0.7156666666666667,0.06048122551186145,0.5047191607359983
0.1,0.5,1.0,inference_categories,standard,0.24972396356508003,0.39666666666666667,-0.6919585926478928,0.6836666666666666,0.02152864844920668,0.5047191607359983
0.1,0.75,0.0,choice_only,partial,0.21209082861902043,0.39333333333333337,-0.6364555346042028,0.7296666666666667,-0.0006212523571564548,0.5159978313338007
0.1,0.75,0.0,choice_only,projected,0.21209082861902043,0.39333333333333337,-0.6364555346042028,0.7296666666666667,-0.0006212523571564548,0.5159978313338007
0.1,0.75,0.0,choice_only,standard,0.19892455787410304,0.38666666666666666,-0.6919152820767185,0.682,-0.013871054396281815,0.5159978313338007
0.1,0.75,0.0,inference_affirm,partial,0.19808288346605873,0.39666666666666667,-0.6472880144927184,0.6843333333333333,-0.004291891600303975,0.5329071981603242
0.1,0.75,0.0,inference_affirm,projected,0.19808288346605873,0.39666666666666667,-0.6472880144927184,0.6843333333333333,-0.004291891600303975,0.5329071981603242
0.1,0.75,0.0,inference_affirm,standard,0.1837669093243465,0.3766666666666667,-0.6921140644898764,0.6623333333333333,-0.03144987867116008,0.5329071981603242
0.1,0.75,0.0,inference_categories,partial,0.2609624510237229,0.43,-0.640313601703835,0.7156666666666667,0.06048122551186145,0.5468212862395951
0.1,0.75,0.0,inference_categories,projected,0.2609624510237229,0.43,-0.640313601703835,0.7156666666666667,0.06048122551186145,0.5468212862395951
0.1,0.75,0.0,inference_categories,standard,0.24972396356508003,0.39666666666666667,-0.6919585926478928,0.6836666666666666,0.02152864844920668,0.5468212862395951
0.1,0.75,0.25,choice_only,partial,0.21209082861902043,0.39333333333333337,-0.6364555346042028,0.7296666666666667,-0.0006212523571564548,0.5159978313338007
0.1,0.75,0.25,choice_only,projected,0.21209082861902043,0.39333333333333337,-0.6364555346042028,0.7296666666666667,-0.0006212523571564548,0.5159978313338007
0.1,0.75,0.25,choice_only,standard,0.19892455787410304,0.38666666666666666,-0.6919152820767185,0.682,-0.013871054396281815,0.5159978313338007
0.1,0.75,0.25,inference_affirm,partial,0.2038995953385994,0.39666666666666667,-0.6490645480037158,0.6826666666666666,-0.0013835356640336542,0.5361687334383309
0.1,0.75,0.25,inference_affirm,projected,0.19808288346605873,0.39666666666666667,-0.6472880144927184,0.6843333333333333,-0.004291891600303975,0.5361687334383309
0.1,0.75,0.25,inference_affirm,standard,0.1837669093243465,0.3766666666666667,-0.6921140644898764,0.6623333333333333,-0.03144987867116008,0.5361687334383309
0.1,0.75,0.25,inference_categories,partial,0.25547892506121356,0.4266666666666667,-0.6424481570737444,0.7206666666666667,0.05440612919727344,0.5382606545442996
0.1,0.75,0.25,inference_categories,projected,0.2609624510237229,0.43,-0.640313601703835,0.7156666666666667,0.06048122551186145,0.5382606545442996
0.1,0.75,0.25,inference_categories,standard,0.24972396356508003,0.39666666666666667,-0.6919585926478928,0.6836666666666666,0.02152864844920668,0.5382606545442996
0.1,0.75,0.5,choice_only,partial,0.21209082861902043,0.39333333333333337,-0.6364555346042028,0.7296666666666667,-0.0006212523571564548,0.5159978313338007
0.1,0.75,0.5,choice_only,projected,0.21209082861902043,0.39333333333333337,-0.6364555346042028,0.7296666666666667,-0.0006212523571564548,0.5159978313338007
0.1,0.75,0.5,choice_only,standard,0.19892455787410304,0.38666666666666666,-0.6919152820767185,0.682,-0.013871054396281815,0.5159978313338007
0.1,0.75,0.5,inference_affirm,partial,0.2164950488650821,0.39666666666666667,-0.6517473316274371,0.6873333333333334,0.004914191099207708,0.5424663760820239
0.1,0.75,0.5,inference_affirm,projected,0.19808288346605873,0.39666666666666667,-0.6472880144927184,0.6843333333333333,-0.004291891600303975,0.5424663760820239
0.1,0.75,0.5,inference_affirm,standard,0.1837669093243465,0.3766666666666667,-0.6921140644898764,0.6623333333333333,-0.03144987867116008,0.5424663760820239
0.1,0.75,0.5,inference_categories,partial,0.24976608586330654,0.4233333333333333,-0.6461481482543814,0.715,0.04821637626498661,0.5315878987070826
0.1,0.75,0.5,inference_categories,projected,0.2609624510237229,0.43,-0.640313601703835,0.7156666666666667,0.06048122551186145,0.5315878987070826
0.1,0.75,0.5,inference_categories,standard,0.24972396356508003,0.39666666666666667,-0.6919585926478928,0.6836666666666666,0.02152864844920668,0.5315878987070826
0.1,0.75,0.75,choice_only,partial,0.21209082861902043,0.39333333333333337,-0.6364555346042028,0.7296666666666667,-0.0006212523571564548,0.5159978313338007
0.1,0.75,0.75,choice_only,projected,0.21209082861902043,0.39333333333333337,-0.6364555346042028,0.7296666666666667,-0.0006212523571564548,0.5159978313338007
0.1,0.75,0.75,choice_only,standard,0.19892455787410304,0.38666666666666666,-0.6919152820767185,0.682,-0.013871054396281815,0.5159978313338007
0.1,0.75,0.75,inference_affirm,partial,0.2225372669855031,0.38999999999999996,-0.6548955286629283,0.6869999999999999,0.0012686334927515604,0.5405431386386595
0.1,0.75,0.75,inference_affirm,projected,0.19808288346605873,0.39666666666666667,-0.6472880144927184,0.6843333333333333,-0.004291891600303975,0.5405431386386595
0.1,0.75,0.75,inference_affirm,standard,0.1837669093243465,0.3766666666666667,-0.6921140644898764,0.6623333333333333,-0.03144987867116008,0.5405431386386595
0.1,0.75,0.75,inference_categories,partial,0.23656598652218044,0.41000000000000003,-0.6503641058581783,0.7056666666666668,0.028282993261090215,0.5072700818177888
0.1,0.75,0.75,inference_categories,projected,0.2609624510237229,0.43,-0.640313601703835,0.7156666666666667,0.06048122551186145,0.5072700818177888
0.1,0.75,0.75,inference_categories,standard,0.24972396356508003,0.39666666666666667,-0.6919585926478928,0.6836666666666666,0.02152864844920668,0.5072700818177888
0.1,0.75,1.0,choice_only,partial,0.21209082861902043,0.39333333333333337,-0.6364555346042028,0.7296666666666667,-0.0006212523571564548,0.5159978313338007
0.1,0.75,1.0,choice_only,projected,0.21209082861902043,0.39333333333333337,-0.6364555346042028,0.7296666666666667,-0.0006212523571564548,0.5159978313338007
0.1,0.75,1.0,choice_only,standard,0.19892455787410304,0.38666666666666666,-0.6919152820767185,0.682,-0.013871054396281815,0.5159978313338007
0.1,0.75,1.0,inference_affirm,partial,0.22682691287246248,0.39666666666666667,-0.6582260970359683,0.6843333333333333,0.0100801231028979,0.5509021041164186
0.1,0.75,1.0,inference_affirm,projected,0.19808288346605873,0.39666666666666667,-0.6472880144927184,0.6843333333333333,-0.004291891600303975,0.5509021041164186
0.1,0.75,1.0,inference_affirm,standard,0.1837669093243465,0.3766666666666667,-0.6921140644898764,0.6623333333333333,-0.03144987867116008,0.5509021041164186
0.1,0.75,1.0,inference_categories,partial,0.22758578872117244,0.4033333333333333,-0.6544689724026863,0.6916666666666667,0.01712622769391955,0.495206309346147
0.1,0.75,1.0,inference_categories,projected,0.2609624510237229,0.43,-0.640313601703835,0.7156666666666667,0.06048122551186145,0.495206309346147
0.1,0.75,1.0,inference_categories,standard,0.24972396356508003,0.39666666666666667,-0.6919585926478928,0.6836666666666666,0.02152864844920668,0.495206309346147
0.1,1.0,0.0,choice_only,partial,0.21209082861902043,0.39333333333333337,-0.6364555346042028,0.7296666666666667,-0.0006212523571564548,0.5159978313338007
0.1,1.0,0.0,choice_only,projected,0.21209082861902043,0.39333333333333337,-0.6364555346042028,0.7296666666666667,-0.0006212523571564548,0.5159978313338007
0.1,1.0,0.0,choice_only,standard,0.19892455787410304,0.38666666666666666,-0.6919152820767185,0.682,-0.013871054396281815,0.5159978313338007
0.1,1.0,0.0,inference_affirm,partial,0.19808288346605873,0.39666666666666667,-0.6472880144927184,0.6843333333333333,-0.004291891600303975,0.5329071981603242
0.1,1.0,0.0,inference_affirm,projected,0.19808288346605873,0.39666666666666667,-0.6472880144927184,0.6843333333333333,-0.004291891600303975,0.5329071981603242
0.1,1.0,0.0,inference_affirm,standard,0.1837669093243465,0.3766666666666667,-0.6921140644898764,0.6623333333333333,-0.03144987867116008,0.5329071981603242
0.1,1.0,0.0,inference_categories,partial,0.2609624510237229,0.43,-0.640313601703835,0.7156666666666667,0.06048122551186145,0.5468212862395951
0.1,1.0,0.0,inference_categories,projected,0.2609624510237229,0.43,-0.640313601703835,0.7156666666666667,0.06048122551186145,0.5468212862395951
0.1,1.0,0.0,inference_categories,standard,0.24972396356508003,0.39666666666666667,-0.6919585926478928,0.6836666666666666,0.02152864844920668,0.5468212862395951
0.1,1.0,0.25,choice_only,partial,0.21209082861902043,0.39333333333333337,-0.6364555346042028,0.7296666666666667,-0.0006212523571564548,0.5159978313338007
0.1,1.0,0.25,choice_only,projected,0.21209082861902043,0.39333333333333337,-0.6364555346042028,0.7296666666666667,-0.0006212523571564548,0.5159978313338007
0.1,1.0,0.25,choice_only,standard,0.19892455787410304,0.38666666666666666,-0.6919152820767185,0.682,-0.013871054396281815,0.5159978313338007
0.1,1.0,0.25,inference_affirm,partial,0.2135525525964586,0.38999999999999996,-0.6491932262980179,0.6853333333333332,-0.0032237237017706992,0.5351919271089033
0.1,1.0,0.25,inference_affirm,projected,0.19808288346605873,0.39666666666666667,-0.6472880144927184,0.6843333333333333,-0.004291891600303975,0.5351919271089033
0.1,1.0,0.25,inference_affirm,standard,0.1837669093243465,0.3766666666666667,-0.6921140644898764,0.6623333333333333,-0.03144987867116008,0.5351919271089033
0.1,1.0,0.25,inference_categories,partial,0.2559891869673706,0.42,-0.6428109528135989,0.7203333333333333,0.0479945934836853,0.5298751109010328
0.1,1.0,0.25,inference_categories,projected,0.2609624510237229,0.43,-0.640313601703835,0.7156666666666667,0.06048122551186145,0.5298751109010328
0.1,1.0,0.25,inference_categories,standard,0.24972396356508003,0.39666666666666667,-0.6919585926478928,0.6836666666666666,0.02152864844920668,0.5298751109010328
0.1,1.0,0.5,choice_only,partial,0.21209082861902043,0.39333333333333337,-0.6364555346042028,0.7296666666666667,-0.0006212523571564548,0.5159978313338007
0.1,1.0,0.5,choice_only,projected,0.21209082861902043,0.39333333333333337,-0.6364555346042028,0.7296666666666667,-0.0006212523571564548,0.5159978313338007
0.1,1.0,0.5,choice_only,standard,0.19892455787410304,0.38666666666666666,-0.6919152820767185,0.682,-0.013871054396281815,0.5159978313338007
0.1,1.0,0.5,inference_affirm,partial,0.22251182909207953,0.38999999999999996,-0.6521467009491589,0.6886666666666666,0.001255914546039774,0.5411615093192114
0.1,1.0,0.5,inference_affirm,projected,0.19808288346605873,0.39666666666666667,-0.6472880144927184,0.6843333333333333,-0.004291891600303975,0.5411615093192114
0.1,1.0,0.5,inference_affirm,standard,0.1837669093243465,0.3766666666666667,-0.6921140644898764,0.6623333333333333,-0.03144987867116008,0.5411615093192114
0.1,1.0,0.5,inference_categories,partial,0.24668462751379777,0.4233333333333333,-0.6471244365476525,0.7133333333333334,0.04667564709023221,0.5277847407362184
0.1,1.0,0.5,inference_categories,projected,0.2609624510237229,0.43,-0.640313601703835,0.7156666666666667,0.06048122551186145,0.5277847407362184
0.1,1.0,0.5,inference_categories,standard,0.24972396356508003,0.39666666666666667,-0.6919585926478928,0.6836666666666666,0.02152864844920668,0.5277847407362184
0.1,1.0,0.75,choice_only,partial,0.21209082861902043,0.39333333333333337,-0.6364555346042028,0.7296666666666667,-0.0006212523571564548,0.5159978313338007
0.1,1.0,0.75,choice_only,projected,0.21209082861902043,0.39333333333333337,-0.6364555346042028,0.7296666666666667,-0.0006212523571564548,0.5159978313338007
0.1,1.0,0.75,choice_only,standard,0.19892455787410304,0.38666666666666666,-0.6919152820767185,0.682,-0.013871054396281815,0.5159978313338007
0.1,1.0,0.75,inference_affirm,partial,0.22903002939690256,0.38999999999999996,-0.655538845463694,0.6843333333333333,0.004515014698451269,0.543693969084556
0.1,1.0,0.75,inference_affirm,projected,0.19808288346605873,0.39666666666666667,-0.6472880144927184,0.6843333333333333,-0.004291891600303975,0.543693969084556
0.1,1.0,0.75,inference_affirm,standard,0.1837669093243465,0.3766666666666667,-0.6921140644898764,0.6623333333333333,-0.03144987867116008,0.543693969084556
0.1,1.0,0.75,inference_categories,partial,0.22410069128146468,0.4066666666666666,-0.6516921699632646,0.6986666666666667,0.018717012307399004,0.4972956682824214
0.1,1.0,0.75,inference_categories,projected,0.2609624510237229,0.43,-0.640313601703835,0.7156666666666667,0.06048122551186145,0.4972956682824214
0.1,1.0,0.75,inference_categories,standard,0.24972396356508003,0.39666666666666667,-0.6919585926478928,0.6836666666666666,0.02152864844920668,0.4972956682824214
0.1,1.0,1.0,choice_only,partial,0.21209082861902043,0.39333333333333337,-0.6364555346042028,0.7296666666666667,-0.0006212523571564548,0.5159978313338007
0.1,1.0,1.0,choice_only,projected,0.21209082861902043,0.39333333333333337,-0.6364555346042028,0.7296666666666667,-0.0006212523571564548,0.5159978313338007
0.1,1.0,1.0,choice_only,standard,0.19892455787410304,0.38666666666666666,-0.6919152820767185,0.682,-0.013871054396281815,0.5159978313338007
0.1,1.0,1.0,inference_affirm,partial,0.22901237793824336,0.4033333333333333,-0.6590026230843246,0.6839999999999999,0.017839522302455012,0.5581333851386071
0.1,1.0,1.0,inference_affirm,projected,0.19808288346605873,0.39666666666666667,-0.6472880144927184,0.6843333333333333,-0.004291891600303975,0.5581333851386071
0.1,1.0,1.0,inference_affirm,standard,0.1837669093243465,0.3766666666666667,-0.6921140644898764,0.6623333333333333,-0.03144987867116008,0.5581333851386071
0.1,1.0,1.0,inference_categories,partial,0.21466903139089694,0.42,-0.6558822338722089,0.6863333333333334,0.027334515695448473,0.5061992206106487
0.1,1.0,1.0,inference_categories,projected,0.2609624510237229,0.43,-0.640313601703835,0.7156666666666667,0.06048122551186145,0.5061992206106487
0.1,1.0,1.0,inference_categories,standard,0.24972396356508003,0.39666666666666667,-0.6919585926478928,0.6836666666666666,0.02152864844920668,0.5061992206106487
0.1,1.25,0.0,choice_only,partial,0.21209082861902043,0.39333333333333337,-0.6364555346042028,0.7296666666666667,-0.0006212523571564548,0.5159978313338007
0.1,1.25,0.0,choice_only,projected,0.21209082861902043,0.39333333333333337,-0.6364555346042028,0.7296666666666667,-0.0006212523571564548,0.5159978313338007
0.1,1.25,0.0,choice_only,standard,0.19892455787410304,0.38666666666666666,-0.6919152820767185,0.682,-0.013871054396281815,0.5159978313338007
0.1,1.25,0.0,inference_affirm,partial,0.19808288346605873,0.39666666666666667,-0.6472880144927184,0.6843333333333333,-0.004291891600303975,0.5329071981603242
0.1,1.25,0.0,inference_affirm,projected,0.19808288346605873,0.39666666666666667,-0.6472880144927184,0.6843333333333333,-0.004291891600303975,0.5329071981603242
0.1,1.25,0.0,inference_affirm,standard,0.1837669093243465,0.3766666666666667,-0.6921140644898764,0.6623333333333333,-0.03144987867116008,0.5329071981603242
0.1,1.25,0.0,inference_categories,partial,0.2609624510237229,0.43,-0.640313601703835,0.7156666666666667,0.06048122551186145,0.5468212862395951
0.1,1.25,0.0,inference_categories,projected,0.2609624510237229,0.43,-0.640313601703835,0.7156666666666667,0.06048122551186145,0.5468212862395951
0.1,1.25,0.0,inference_categories,standard,0.24972396356508003,0.39666666666666667,-0.6919585926478928,0.6836666666666666,0.02152864844920668,0.5468212862395951
0.1,1.25,0.25,choice_only,partial,0.21209082861902043,0.39333333333333337,-0.6364555346042028,0.7296666666666667,-0.0006212523571564548,0.5159978313338007
0.1,1.25,0.25,choice_only,projected,0.21209082861902043,0.39333333333333337,-0.6364555346042028,0.7296666666666667,-0.0006212523571564548,0.5159978313338007
0.1,1.25,0.25,choice_only,standard,0.19892455787410304,0.38666666666666666,-0.6919152820767185,0.682,-0.013871054396281815,0.5159978313338007
0.1,1.25,0.25,inference_affirm,partial,0.2136611655878107,0.39666666666666667,-0.6493772353217023,0.6859999999999999,0.0034972494605720245,0.5425191017521
0.1,1.25,0.25,inference_affirm,projected,0.19808288346605873,0.39666666666666667,-0.6472880144927184,0.6843333333333333,-0.004291891600303975,0.5425191017521
0.1,1.25,0.25,inference_affirm,standard,0.1837669093243465,0.3766666666666667,-0.6921140644898764,0.6623333333333333,-0.03144987867116008,0.5425191017521
0.1,1.25,0.25,inference_categories,partial,0.2521106700276976,0.42,-0.6432626227020196,0.7183333333333334,0.046055335013848814,0.5261733132180493
0.1,1.25,0.25,inference_categories,projected,0.2609624510237229,0.43,-0.640313601703835,0.7156666666666667,0.06048122551186145,0.5261733132180493
0.1,1.25,0.25,inference_categories,standard,0.24972396356508003,0.39666666666666667,-0.6919585926478928,0.6836666666666666,0.02152864844920668,0.5261733132180493
0.1,1.25,0.5,choice_only,partial,0.21209082861902043,0.39333333333333337,-0.6364555346042028,0.7296666666666667,-0.0006212523571564548,0.5159978313338007
0.1,1.25,0.5,choice_only,projected,0.21209082861902043,0.39333333333333337,-0.6364555346042028,0.7296666666666667,-0.0006212523571564548,0.5159978313338007
0.1,1.25,0.5,choice_only,standard,0.19892455787410304,0.38666666666666666,-0.6919152820767185,0.682,-0.013871054396281815,0.5159978313338007
0.1,1.25,0.5,inference_affirm,partial,0.2239474461352773,0.38666666666666666,-0.6526736894206571,0.6869999999999999,-0.00135961026569468,0.5371749792785576
0.1,1.25,0.5,inference_affirm,projected,0.19808288346605873,0.39666666666666667,-0.6472880144927184,0.6843333333333333,-0.004291891600303975,0.5371749792785576
0.1,1.25,0.5,inference_affirm,standard,0.1837669093243465,0.3766666666666667,-0.6921140644898764,0.6623333333333333,-0.03144987867116008,0.5371749792785576
0.1,1.25,0.5,inference_categories,partial,0.2356660424774768,0.41000000000000003,-0.6482303971450575,0.703,0.0278330212387384,0.5072740569977738
0.1,1.25,0.5,inference_categories,projected,0.2609624510237229,0.43,-0.640313601703835,0.7156666666666667,0.06048122551186145,0.5072740569977738
0.1,1.25,0.5,inference_categories,standard,0.24972396356508003,0.39666666666666667,-0.6919585926478928,0.6836666666666666,0.02152864844920668,0.5072740569977738
0.1,1.25,0.75,choice_only,partial,0.21209082861902043,0.39333333333333337,-0.6364555346042028,0.7296666666666667,-0.0006212523571564548,0.5159978313338007
0.1,1.25,0.75,choice_only,projected,0.21209082861902043,0.39333333333333337,-0.6364555346042028,0.7296666666666667,-0.0006212523571564548,0.5159978313338007
0.1,1.25,0.75,choice_only,standard,0.19892455787410304,0.38666666666666666,-0.6919152820767185,0.682,-0.013871054396281815,0.5159978313338007
0.1,1.25,0.75,inference_affirm,partial,0.22549591794178733,0.38333333333333336,-0.6563369572196733,0.6843333333333333,-0.003918707695773014,0.5370668436981133
0.1,1.25,0.75,inference_affirm,projected,0.19808288346605873,0.39666666666666667,-0.6472880144927184,0.6843333333333333,-0.004291891600303975,0.5370668436981133
0.1,1.25,0.75,inference_affirm,standard,0.1837669093243465,0.3766666666666667,-0.6921140644898764,0.6623333333333333,-0.03144987867116008,0.5370668436981133
0.1,1.25,0.75,inference_categories,partial,0.20675972230369913,0.4066666666666666,-0.6531421423875644,0.6923333333333334,0.01004652781851623,0.4886203677104595
0.1,1.25,0.75,inference_categories,projected,0.2609624510237229,0.43,-0.640313601703835,0.7156666666666667,0.06048122551186145,0.4886203677104595
0.1,1.25,0.75,inference_categories,standard,0.24972396356508003,0.39666666666666667,-0.6919585926478928,0.6836666666666666,0.02152864844920668,0.4886203677104595
0.1,1.25,1.0,choice_only,partial,0.21209082861902043,0.39333333333333337,-0.6364555346042028,0.7296666666666667,-0.0006212523571564548,0.5159978313338007
0.1,1.25,1.0,choice_only,projected,0.21209082861902043,0.39333333333333337,-0.6364555346042028,0.7296666666666667,-0.0006212523571564548,0.5159978313338007
0.1,1.25,1.0,choice_only,standard,0.19892455787410304,0.38666666666666666,-0.6919152820767185,0.682,-0.013871054396281815,0.5159978313338007
0.1,1.25,1.0,inference_affirm,partial,0.22527308837778706,0.4033333333333333,-0.6599410380371026,0.6793333333333333,0.01596987752222687,0.5585392314708549
0.1,1.25,1.0,inference_affirm,projected,0.19808288346605873,0.39666666666666667,-0.6472880144927184,0.6843333333333333,-0.004291891600303975,0.5585392314708549
0.1,1.25,1.0,inference_affirm,standard,0.1837669093243465,0.3766666666666667,-0.6921140644898764,0.6623333333333333,-0.03144987867116008,0.5585392314708549
0.1,1.25,1.0,inference_categories,partial,0.1927404113830245,0.42,-0.6574411998084636,0.6836666666666668,0.01637020569151224,0.49990414329965716
0.1,1.25,1.0,inference_categories,projected,0.2609624510237229,0.43,-0.640313601703835,0.7156666666666667,0.06048122551186145,0.49990414329965716
0.1,1.25,1.0,inference_categories,standard,0.24972396356508003,0.39666666666666667,-0.6919585926478928,0.6836666666666666,0.02152864844920668,0.49990414329965716
0.1,1.5,0.0,choice_only,partial,0.21209082861902043,0.39333333333333337,-0.6364555346042028,0.7296666666666667,-0.0006212523571564548,0.5159978313338007
0.1,1.5,0.0,choice_only,projected,0.21209082861902043,0.39333333333333337,-0.6364555346042028,0.7296666666666667,-0.0006212523571564548,0.5159978313338007
0.1,1.5,0.0,choice_only,standard,0.19892455787410304,0.38666666666666666,-0.6919152820767185,0.682,-0.013871054396281815,0.5159978313338007
0.1,1.5,0.0,inference_affirm,partial,0.19808288346605873,0.39666666666666667,-0.6472880144927184,0.6843333333333333,-0.004291891600303975,0.5329071981603242
0.1,1.5,0.0,inference_affirm,projected,0.19808288346605873,0.39666666666666667,-0.6472880144927184,0.6843333333333333,-0.004291891600303975,0.5329071981603242
0.1,1.5,0.0,inference_affirm,standard,0.1837669093243465,0.3766666666666667,-0.6921140644898764,0.6623333333333333,-0.03144987867116008,0.5329071981603242
0.1,1.5,0.0,inference_categories,partial,0.2609624510237229,0.43,-0.640313601703835,0.7156666666666667,0.06048122551186145,0.5468212862395951
0.1,1.5,0.0,inference_categories,projected,0.2609624510237229,0.43,-0.640313601703835,0.7156666666666667,0.06048122551186145,0.5468212862395951
0.1,1.5,0.0,inference_categories,standard,0.24972396356508003,0.39666666666666667,-0.6919585926478928,0.6836666666666666,0.02152864844920668,0.5468212862395951
0.1,1.5,0.25,choice_only,partial,0.21209082861902043,0.39333333333333337,-0.6364555346042028,0.7296666666666667,-0.0006212523571564548,0.5159978313338007
0.1,1.5,0.25,choice_only,projected,0.21209082861902043,0.39333333333333337,-0.6364555346042028,0.7296666666666667,-0.0006212523571564548,0.5159978313338007
0.1,1.5,0.25,choice_only,standard,0.19892455787410304,0.38666666666666666,-0.6919152820767185,0.682,-0.013871054396281815,0.5159978313338007
0.1,1.5,0.25,inference_affirm,partial,0.21485321531887763,0.39666666666666667,-0.6496067758771535,0.6866666666666668,0.0040932743261054855,0.5432674854925238
0.1,1.5,0.25,inference_affirm,projected,0.19808288346605873,0.39666666666666667,-0.6472880144927184,0.6843333333333333,-0.004291891600303975,0.5432674854925238
0.1,1.5,0.25,inference_affirm,standard,0.1837669093243465,0.3766666666666667,-0.6921140644898764,0.6623333333333333,-0.03144987867116008,0.5432674854925238
0.1,1.5,0.25,inference_categories,partial,0.2468467155175732,0.41000000000000003,-0.6437846589679599,0.7176666666666667,0.03342335775878658,0.5114186313929386
0.1,1.5,0.25,inference_categories,projected,0.2609624510237229,0.43,-0.640313601703835,0.7156666666666667,0.06048122551186145,0.5114186313929386
0.1,1.5,0.25,inference_categories,standard,0.24972396356508003,0.39666666666666667,-0.6919585926478928,0.6836666666666666,0.02152864844920668,0.5114186313929386
0.1,1.5,0.5,choice_only,partial,0.21209082861902043,0.39333333333333337,-0.6364555346042028,0.7296666666666667,-0.0006212523571564548,0.5159978313338007
0.1,1.5,0.5,choice_only,projected,0.21209082861902043,0.39333333333333337,-0.6364555346042028,0.7296666666666667,-0.0006212523571564548,0.5159978313338007
0.1,1.5,0.5,choice_only,standard,0.19892455787410304,0.38666666666666666,-0.6919152820767185,0.682,-0.013871054396281815,0.5159978313338007
0.1,1.5,0.5,inference_affirm,partial,0.22139705807865737,0.39333333333333337,-0.6532825451836607,0.6859999999999999,0.004031862372662012,0.5444601669342155
0.1,1.5,0.5,inference_affirm,projected,0.19808288346605873,0.39666666666666667,-0.6472880144927184,0.6843333333333333,-0.004291891600303975,0.5444601669342155
0.1,1.5,0.5,inference_affirm,standard,0.1837669093243465,0.3766666666666667,-0.6921140644898764,0.6623333333333333,-0.03144987867116008,0.5444601669342155
0.1,1.5,0.5,inference_categories,partial,0.22292400532459228,0.4066666666666666,-0.6493987990267555,0.6963333333333334,0.018128669328962798,0.4959592265430741
0.1,1.5,0.5,inference_categories,projected,0.2609624510237229,0.43,-0.640313601703835,0.7156666666666667,0.06048122551186145,0.4959592265430741
0.1,1.5,0.5,inference_categories,standard,0.24972396356508003,0.39666666666666667,-0.6919585926478928,0.6836666666666666,0.02152864844920668,0.4959592265430741
0.1,1.5,0.75,choice_only,partial,0.21209082861902043,0.39333333333333337,-0.6364555346042028,0.7296666666666667,-0.0006212523571564548,0.5159978313338007
0.1,1.5,0.75,choice_only,projected,0.21209082861902043,0.39333333333333337,-0.6364555346042028,0.7296666666666667,-0.0006212523571564548,0.5159978313338007
0.1,1.5,0.75,choice_only,standard,0.19892455787410304,0.38666666666666666,-0.6919152820767185,0.682,-0.013871054396281815,0.5159978313338007
0.1,1.5,0.75,inference_affirm,partial,0.21978338096515915,0.39666666666666667,-0.6572046744967236,0.6809999999999999,0.006558357149246243,0.548469961160977
0.1,1.5,0.75,inference_affirm,projected,0.19808288346605873,0.39666666666666667,-0.6472880144927184,0.6843333333333333,-0.004291891600303975,0.548469961160977
0.1,1.5,0.75,inference_affirm,standard,0.1837669093243465,0.3766666666666667,-0.6921140644898764,0.6623333333333333,-0.03144987867116008,0.548469961160977
0.1,1.5,0.75,inference_categories,partial,0.20364977680179402,0.4166666666666667,-0.6546124614658104,0.685,0.01849155506756368,0.49920210129276565
0.1,1.5,0.75,inference_categories,projected,0.2609624510237229,0.43,-0.640313601703835,0.7156666666666667,0.06048122551186145,0.49920210129276565
0.1,1.5,0.75,inference_categories,standard,0.24972396356508003,0.39666666666666667,-0.6919585926478928,0.6836666666666666,0.02152864844920668,0.49920210129276565
0.1,1.5,1.0,choice_only,partial,0.21209082861902043,0.39333333333333337,-0.6364555346042028,0.7296666666666667,-0.0006212523571564548,0.5159978313338007
0.1,1.5,1.0,choice_only,projected,0.21209082861902043,0.39333333333333337,-0.6364555346042028,0.7296666666666667,-0.0006212523571564548,0.5159978313338007
0.1,1.5,1.0,choice_only,standard,0.19892455787410304,0.38666666666666666,-0.6919152820767185,0.682,-0.013871054396281815,0.5159978313338007
0.1,1.5,1.0,inference_affirm,partial,0.2218498961955365,0.4,-0.6609421411695381,0.6753333333333332,0.01092494809776824,0.5548453296861104
0.1,1.5,1.0,inference_affirm,projected,0.19808288346605873,0.39666666666666667,-0.6472880144927184,0.6843333333333333,-0.004291891600303975,0.5548453296861104
0.1,1.5,1.0,inference_affirm,standard,0.1837669093243465,0.3766666666666667,-0.6921140644898764,0.6623333333333333,-0.03144987867116008,0.5548453296861104
0.1,1.5,1.0,inference_categories,partial,0.1747226078073834,0.4066666666666666,-0.6590012766247286,0.6766666666666666,-0.005972029429641626,0.48111139450023094
0.1,1.5,1.0,inference_categories,projected,0.2609624510237229,0.43,-0.640313601703835,0.7156666666666667,0.06048122551186145,0.48111139450023094
0.1,1.5,1.0,inference_categories,standard,0.24972396356508003,0.39666666666666667,-0.6919585926478928,0.6836666666666666,0.02152864844920668,0.48111139450023094
0.25,0.5,0.0,choice_only,partial,0.2038770113873167,0.38,-0.6636731921961144,0.724,-0.018061494306341654,0.4949232349378719
0.25,0.5,0.0,choice_only,projected,0.2038770113873167,0.38,-0.6636731921961144,0.724,-0.018061494306341654,0.4949232349378719
0.25,0.5,0.0,choice_only,standard,0.19892455787410304,0.38666666666666666,-0.6919152820767185,0.682,-0.013871054396281815,0.4949232349378719
0.25,0.5,0.0,inference_affirm,partial,0.18803382802849733,0.38333333333333336,-0.6691225896601586,0.6809999999999999,-0.022649752652418007,0.5107830755666393
0.25,0.5,0.0,inference_affirm,projected,0.18803382802849733,0.38333333333333336,-0.6691225896601586,0.6809999999999999,-0.022649752652418007,0.5107830755666393
0.25,0.5,0.0,inference_affirm,standard,0.1837669093243465,0.3766666666666667,-0.6921140644898764,0.6623333333333333,-0.03144987867116008,0.5107830755666393
0.25,0.5,0.0,inference_categories,partial,0.2600844867596343,0.41000000000000003,-0.6656399554187922,0.7136666666666667,0.04004224337981717,0.5227300087210984
0.25,0.5,0.0,inference_categories,projected,0.2600844867596343,0.41000000000000003,-0.6656399554187922,0.7136666666666667,0.04004224337981717,0.5227300087210984
0.25,0.5,0.0,inference_categories,standard,0.24972396356508003,0.39666666666666667,-0.6919585926478928,0.6836666666666666,0.02152864844920668,0.5227300087210984
0.25,0.5,0.25,choice_only,partial,0.2038770113873167,0.38,-0.6636731921961144,0.724,-0.018061494306341654,0.4949232349378719
0.25,0.5,0.25,choice_only,projected,0.2038770113873167,0.38,-0.6636731921961144,0.724,-0.018061494306341654,0.4949232349378719
0.25,0.5,0.25,choice_only,standard,0.19892455787410304,0.38666666666666666,-0.6919152820767185,0.682,-0.013871054396281815,0.4949232349378719
0.25,0.5,0.25,inference_affirm,partial,0.19810893017588344,0.4,-0.6704923196631065,0.6823333333333333,-0.0009455349120582726,0.5361126220241076
0.25,0.5,0.25,inference_affirm,projected,0.18803382802849733,0.38333333333333336,-0.6691225896601586,0.6809999999999999,-0.022649752652418007,0.5361126220241076
0.25,0.5,0.25,inference_affirm,standard,0.1837669093243465,0.3766666666666667,-0.6921140644898764,0.6623333333333333,-0.03144987867116008,0.5361126220241076
0.25,0.5,0.25,inference_categories,partial,0.26030189269791476,0.42,-0.6672299649902392,0.7176666666666667,0.0501509463489574,0.5356192365766445
0.25,0.5,0.25,inference_categories,projected,0.2600844867596343,0.41000000000000003,-0.6656399554187922,0.7136666666666667,0.04004224337981717,0.5356192365766445
0.25,0.5,0.25,inference_categories,standard,0.24972396356508003,0.39666666666666667,-0.6919585926478928,0.6836666666666666,0.02152864844920668,0.5356192365766445
0.25,0.5,0.5,choice_only,partial,0.2038770113873167,0.38,-0.6636731921961144,0.724,-0.018061494306341654,0.4949232349378719
0.25,0.5,0.5,choice_only,projected,0.2038770113873167,0.38,-0.6636731921961144,0.724,-0.018061494306341654,0.4949232349378719
0.25,0.5,0.5,choice_only,standard,0.19892455787410304,0.38666666666666666,-0.6919152820767185,0.682,-0.013871054396281815,0.4949232349378719
0.25,0.5,0.5,inference_affirm,partial,0.20500323967617717,0.38999999999999996,-0.6721709326991746,0.6816666666666666,-0.0074983801619114224,0.5263498660494481
0.25,0.5,0.5,inference_affirm,projected,0.18803382802849733,0.38333333333333336,-0.6691225896601586,0.6809999999999999,-0.022649752652418007,0.5263498660494481
0.25,0.5,0.5,inference_affirm,standard,0.1837669093243465,0.3766666666666667,-0.6921140644898764,0.6623333333333333,-0.03144987867116008,0.5263498660494481
0.25,0.5,0.5,inference_categories,partial,0.24884074649647217,0.41333333333333333,-0.6693045556703948,0.7206666666666667,0.037753706581569416,0.5217198049139914
0.25,0.5,0.5,inference_categories,projected,0.2600844867596343,0.41000000000000003,-0.6656399554187922,0.7136666666666667,0.04004224337981717,0.5217198049139914
0.25,0.5,0.5,inference_categories,standard,0.24972396356508003,0.39666666666666667,-0.6919585926478928,0.6836666666666666,0.02152864844920668,0.5217198049139914
0.25,0.5,0.75,choice_only,partial,0.2038770113873167,0.38,-0.6636731921961144,0.724,-0.018061494306341654,0.4949232349378719
0.25,0.5,0.75,choice_only,projected,0.2038770113873167,0.38,-0.6636731921961144,0.724,-0.018061494306341654,0.4949232349378719
0.25,0.5,0.75,choice_only,standard,0.19892455787410304,0.38666666666666666,-0.6919152820767185,0.682,-0.013871054396281815,0.4949232349378719
0.25,0.5,0.75,inference_affirm,partial,0.2079350651992934,0.38333333333333336,-0.6740143646186586,0.6843333333333333,-0.012699134067019972,0.5251674511884931
0.25,0.5,0.75,inference_affirm,projected,0.18803382802849733,0.38333333333333336,-0.6691225896601586,0.6809999999999999,-0.022649752652418007,0.5251674511884931
0.25,0.5,0.75,inference_affirm,standard,0.1837669093243465,0.3766666666666667,-0.6921140644898764,0.6623333333333333,-0.03144987867116008,0.5251674511884931
0.25,0.5,0.75,inference_categories,partial,0.2416074440251387,0.41333333333333333,-0.6715805764807862,0.7086666666666667,0.0341370553459027,0.515112341104801
0.25,0.5,0.75,inference_categories,projected,0.2600844867596343,0.41000000000000003,-0.6656399554187922,0.7136666666666667,0.04004224337981717,0.515112341104801
0.25,0.5,0.75,inference_categories,standard,0.24972396356508003,0.39666666666666667,-0.6919585926478928,0.6836666666666666,0.02152864844920668,0.515112341104801
0.25,0.5,1.0,choice_only,partial,0.2038770113873167,0.38,-0.6636731921961144,0.724,-0.018061494306341654,0.4949232349378719
0.25,0.5,1.0,choice_only,projected,0.2038770113873167,0.38,-0.6636731921961144,0.724,-0.018061494306341654,0.4949232349378719
0.25,0.5,1.0,choice_only,standard,0.19892455787410304,0.38666666666666666,-0.6919152820767185,0.682,-0.013871054396281815,0.4949232349378719
0.25,0.5,1.0,inference_affirm,partial,0.2143369848760037,0.38666666666666666,-0.6759093927844707,0.6833333333333333,-0.006164840895331497,0.5338384465381104
0.25,0.5,1.0,inference_affirm,projected,0.18803382802849733,0.38333333333333336,-0.6691225896601586,0.6809999999999999,-0.022649752652418007,0.5338384465381104
0.25,0.5,1.0,inference_affirm,standard,0.1837669093243465,0.3766666666666667,-0.6921140644898764,0.6623333333333333,-0.03144987867116008,0.5338384465381104
0.25,0.5,1.0,inference_categories,partial,0.23763874888533568,0.41000000000000003,-0.6738494921103391,0.6950000000000001,0.02881937444266784,0.5085282749510237
0.25,0.5,1.0,inference_categories,projected,0.2600844867596343,0.41000000000000003,-0.6656399554187922,0.7136666666666667,0.04004224337981717,0.5085282749510237
0.25,0.5,1.0,inference_categories,standard,0.24972396356508003,0.39666666666666667,-0.6919585926478928,0.6836666666666666,0.02152864844920668,0.5085282749510237
0.25,0.75,0.0,choice_only,partial,0.2038770113873167,0.38,-0.6636731921961144,0.724,-0.018061494306341654,0.4949232349378719
0.25,0.75,0.0,choice_only,projected,0.2038770113873167,0.38,-0.6636731921961144,0.724,-0.018061494306341654,0.4949232349378719
0.25,0.75,0.0,choice_only,standard,0.19892455787410304,0.38666666666666666,-0.6919152820767185,0.682,-0.013871054396281815,0.4949232349378719
0.25,0.75,0.0,inference_affirm,partial,0.18803382802849733,0.38333333333333336,-0.6691225896601586,0.6809999999999999,-0.022649752652418007,0.5107830755666393
0.25,0.75,0.0,inference_affirm,projected,0.18803382802849733,0.38333333333333336,-0.6691225896601586,0.6809999999999999,-0.022649752652418007,0.5107830755666393
0.25,0.75,0.0,inference_affirm,standard,0.1837669093243465,0.3766666666666667,-0.6921140644898764,0.6623333333333333,-0.03144987867116008,0.5107830755666393
0.25,0.75,0.0,inference_categories,partial,0.2600844867596343,0.41000000000000003,-0.6656399554187922,0.7136666666666667,0.04004224337981717,0.5227300087210984
0.25,0.75,0.0,inference_categories,projected,0.2600844867596343,0.41000000000000003,-0.6656399554187922,0.7136666666666667,0.04004224337981717,0.5227300087210984
0.25,0.75,0.0,inference_categories,standard,0.24972396356508003,0.39666666666666667,-0.6919585926478928,0.6836666666666666,0.02152864844920668,0.5227300087210984
0.25,0.75,0.25,choice_only,partial,0.2038770113873167,0.38,-0.6636731921961144,0.724,-0.018061494306341654,0.4949232349378719
0.25,0.75,0.25,choice_only,projected,0.2038770113873167,0.38,-0.6636731921961144,0.724,-0.018061494306341654,0.4949232349378719
0.25,0.75,0.25,choice_only,standard,0.19892455787410304,0.38666666666666666,-0.6919152820767185,0.682,-0.013871054396281815,0.4949232349378719
0.25,0.75,0.25,inference_affirm,partial,0.20357702763356933,0.39666666666666667,-0.6704749222873879,0.682,-0.0015448195165486728,0.5354619060485886
0.25,0.75,0.25,inference_affirm,projected,0.18803382802849733,0.38333333333333336,-0.6691225896601586,0.6809999999999999,-0.022649752652418007,0.5354619060485886
0.25,0.75,0.25,inference_affirm,standard,0.1837669093243465,0.3766666666666667,-0.6921140644898764,0.6623333333333333,-0.03144987867116008,0.5354619060485886
0.25,0.75,0.25,inference_categories,partial,0.25895322335643667,0.4066666666666666,-0.667297323659891,0.718,0.03614327834488498,0.5187297525977974
0.25,0.75,0.25,inference_categories,projected,0.2600844867596343,0.41000000000000003,-0.6656399554187922,0.7136666666666667,0.04004224337981717,0.5187297525977974
0.25,0.75,0.25,inference_categories,standard,0.24972396356508003,0.39666666666666667,-0.6919585926478928,0.6836666666666666,0.02152864844920668,0.5187297525977974
0.25,0.75,0.5,choice_only,partial,0.2038770113873167,0.38,-0.6636731921961144,0.724,-0.018061494306341654,0.4949232349378719
0.25,0.75,0.5,choice_only,projected,0.2038770113873167,0.38,-0.6636731921961144,0.724,-0.018061494306341654,0.4949232349378719
0.25,0.75,0.5,choice_only,standard,0.19892455787410304,0.38666666666666666,-0.6919152820767185,0.682,-0.013871054396281815,0.4949232349378719
0.25,0.75,0.5,inference_affirm,partial,0.2082547554176531,0.38666666666666666,-0.6721712026621046,0.6839999999999999,-0.009205955624506788,0.5281324679078929
0.25,0.75,0.5,inference_affirm,projected,0.18803382802849733,0.38333333333333336,-0.6691225896601586,0.6809999999999999,-0.022649752652418007,0.5281324679078929
0.25,0.75,0.5,inference_affirm,standard,0.1837669093243465,0.3766666666666667,-0.6921140644898764,0.6623333333333333,-0.03144987867116008,0.5281324679078929
0.25,0.75,0.5,inference_categories,partial,0.2537105548948309,0.4166666666666667,-0.669512204809662,0.713,0.043521944114082105,0.5277703299786152
0.25,0.75,0.5,inference_categories,projected,0.2600844867596343,0.41000000000000003,-0.6656399554187922,0.7136666666666667,0.04004224337981717,0.5277703299786152
0.25,0.75,0.5,inference_categories,standard,0.24972396356508003,0.39666666666666667,-0.6919585926478928,0.6836666666666666,0.02152864844920668,0.5277703299786152
0.25,0.75,0.75,choice_only,partial,0.2038770113873167,0.38,-0.6636731921961144,0.724,-0.018061494306341654,0.4949232349378719
0.25,0.75,0.75,choice_only,projected,0.2038770113873167,0.38,-0.6636731921961144,0.724,-0.018061494306341654,0.4949232349378719
0.25,0.75,0.75,choice_only,standard,0.19892455787410304,0.38666666666666666,-0.6919152820767185,0.682,-0.013871054396281815,0.4949232349378719
0.25,0.75,0.75,inference_affirm,partial,0.2195782813737696,0.38666666666666666,-0.6740054255221651,0.6833333333333333,-0.0035441926464485217,0.5386969390403479
0.25,0.75,0.75,inference_affirm,projected,0.18803382802849733,0.38333333333333336,-0.6691225896601586,0.6809999999999999,-0.022649752652418007,0.5386969390403479
0.25,0.75,0.75,inference_affirm,standard,0.1837669093243465,0.3766666666666667,-0.6921140644898764,0.6623333333333333,-0.03144987867116008,0.5386969390403479
0.25,0.75,0.75,inference_categories,partial,0.24021346800027654,0.41333333333333333,-0.6718350513439855,0.6980000000000001,0.0334400673334716,0.5150270394723292
0.25,0.75,0.75,inference_categories,projected,0.2600844867596343,0.41000000000000003,-0.6656399554187922,0.7136666666666667,0.04004224337981717,0.5150270394723292
0.25,0.75,0.75,inference_categories,standard,0.24972396356508003,0.39666666666666667,-0.6919585926478928,0.6836666666666666,0.02152864844920668,0.5150270394723292
0.25,0.75,1.0,choice_only,partial,0.2038770113873167,0.38,-0.6636731921961144,0.724,-0.018061494306341654,0.4949232349378719
0.25,0.75,1.0,choice_only,projected,0.2038770113873167,0.38,-0.6636731921961144,0.724,-0.018061494306341654,0.4949232349378719
0.25,0.75,1.0,choice_only,standard,0.19892455787410304,0.38666666666666666,-0.6919152820767185,0.682,-0.013871054396281815,0.4949232349378719
0.25,0.75,1.0,inference_affirm,partial,0.2250870451450883,0.38999999999999996,-0.6758607888935527,0.676,0.0025435225725441274,0.5458815708715492
0.25,0.75,1.0,inference_affirm,projected,0.18803382802849733,0.38333333333333336,-0.6691225896601586,0.6809999999999999,-0.022649752652418007,0.5458815708715492
0.25,0.75,1.0,inference_affirm,standard,0.1837669093243465,0.3766666666666667,-0.6921140644898764,0.6623333333333333,-0.03144987867116008,0.5458815708715492
0.25,0.75,1.0,inference_categories,partial,0.21851262193537335,0.39333333333333337,-0.6740370076351501,0.6856666666666666,0.0025896443010200096,0.481858352275828
0.25,0.75,1.0,inference_categories,projected,0.2600844867596343,0.41000000000000003,-0.6656399554187922,0.7136666666666667,0.04004224337981717,0.481858352275828
0.25,0.75,1.0,inference_categories,standard,0.24972396356508003,0.39666666666666667,-0.6919585926478928,0.6836666666666666,0.02152864844920668,0.481858352275828
0.25,1.0,0.0,choice_only,partial,0.2038770113873167,0.38,-0.6636731921961144,0.724,-0.018061494306341654,0.4949232349378719
0.25,1.0,0.0,choice_only,projected,0.2038770113873167,0.38,-0.6636731921961144,0.724,-0.018061494306341654,0.4949232349378719
0.25,1.0,0.0,choice_only,standard,0.19892455787410304,0.38666666666666666,-0.6919152820767185,0.682,-0.013871054396281815,0.4949232349378719
0.25,1.0,0.0,inference_affirm,partial,0.18803382802849733,0.38333333333333336,-0.6691225896601586,0.6809999999999999,-0.022649752652418007,0.5107830755666393
0.25,1.0,0.0,inference_affirm,projected,0.18803382802849733,0.38333333333333336,-0.6691225896601586,0.6809999999999999,-0.022649752652418007,0.5107830755666393
0.25,1.0,0.0,inference_affirm,standard,0.1837669093243465,0.3766666666666667,-0.6921140644898764,0.6623333333333333,-0.03144987867116008,0.5107830755666393
0.25,1.0,0.0,inference_categories,partial,0.2600844867596343,0.41000000000000003,-0.6656399554187922,0.7136666666666667,0.04004224337981717,0.5227300087210984
0.25,1.0,0.0,inference_categories,projected,0.2600844867596343,0.41000000000000003,-0.6656399554187922,0.7136666666666667,0.04004224337981717,0.5227300087210984
0.25,1.0,0.0,inference_categories,standard,0.24972396356508003,0.39666666666666667,-0.6919585926478928,0.6836666666666666,0.02152864844920668,0.5227300087210984
0.25,1.0,0.25,choice_only,partial,0.2038770113873167,0.38,-0.6636731921961144,0.724,-0.018061494306341654,0.4949232349378719
0.25,1.0,0.25,choice_only,projected,0.2038770113873167,0.38,-0.6636731921961144,0.724,-0.018061494306341654,0.4949232349378719
0.25,1.0,0.25,choice_only,standard,0.19892455787410304,0.38666666666666666,-0.6919152820767185,0.682,-0.013871054396281815,0.4949232349378719
0.25,1.0,0.25,inference_affirm,partial,0.20697519855809413,0.39666666666666667,-0.6704842119352228,0.6846666666666666,0.00015426594571372557,0.5376440482600569
0.25,1.0,0.25,inference_affirm,projected,0.18803382802849733,0.38333333333333336,-0.6691225896601586,0.6809999999999999,-0.022649752652418007,0.5376440482600569
0.25,1.0,0.25,inference_affirm,standard,0.1837669093243465,0.3766666666666667,-0.6921140644898764,0.6623333333333333,-0.03144987867116008,0.5376440482600569
0.25,1.0,0.25,inference_categories,partial,0.25577311501716354,0.4,-0.6674033052024722,0.7170000000000001,0.027886557508581763,0.5085030920926575
0.25,1.0,0.25,inference_categories,projected,0.2600844867596343,0.41000000000000003,-0.6656399554187922,0.7136666666666667,0.04004224337981717,0.5085030920926575
0.25,1.0,0.25,inference_categories,standard,0.24972396356508003,0.39666666666666667,-0.6919585926478928,0.6836666666666666,0.02152864844920668,0.5085030920926575
0.25,1.0,0.5,choice_only,partial,0.2038770113873167,0.38,-0.6636731921961144,0.724,-0.018061494306341654,0.4949232349378719
0.25,1.0,0.5,choice_only,projected,0.2038770113873167,0.38,-0.6636731921961144,0.724,-0.018061494306341654,0.4949232349378719
0.25,1.0,0.5,choice_only,standard,0.19892455787410304,0.38666666666666666,-0.6919152820767185,0.682,-0.013871054396281815,0.4949232349378719
0.25,1.0,0.5,inference_affirm,partial,0.2107853083186498,0.38,-0.6722384162397593,0.6873333333333334,-0.014607345840675101,0.5240776500066752
0.25,1.0,0.5,inference_affirm,projected,0.18803382802849733,0.38333333333333336,-0.6691225896601586,0.6809999999999999,-0.022649752652418007,0.5240776500066752
0.25,1.0,0.5,inference_affirm,standard,0.1837669093243465,0.3766666666666667,-0.6921140644898764,0.6623333333333333,-0.03144987867116008,0.5240776500066752
0.25,1.0,0.5,inference_categories,partial,0.2482130629339001,0.41000000000000003,-0.6697972528952929,0.7093333333333334,0.03410653146695006,0.5162444367539961
0.25,1.0,0.5,inference_categories,projected,0.2600844867596343,0.41000000000000003,-0.6656399554187922,0.7136666666666667,0.04004224337981717,0.5162444367539961
0.25,1.0,0.5,inference_categories,standard,0.24972396356508003,0.39666666666666667,-0.6919585926478928,0.6836666666666666,0.02152864844920668,0.5162444367539961
0.25,1.0,0.75,choice_only,partial,0.2038770113873167,0.38,-0.6636731921961144,0.724,-0.018061494306341654,0.4949232349378719
0.25,1.0,0.75,choice_only,projected,0.2038770113873167,0.38,-0.6636731921961144,0.724,-0.018061494306341654,0.4949232349378719
0.25,1.0,0.75,choice_only,standard,0.19892455787410304,0.38666666666666666,-0.6919152820767185,0.682,-0.013871054396281815,0.4949232349378719
0.25,1.0,0.75,inference_affirm,partial,0.22521607905667254,0.38999999999999996,-0.6741143310889964,0.6753333333333333,0.0026080395283362813,0.545843369880091
0.25,1.0,0.75,inference_affirm,projected,0.18803382802849733,0.38333333333333336,-0.6691225896601586,0.6809999999999999,-0.022649752652418007,0.545843369880091
0.25,1.0,0.75,inference_affirm,standard,0.1837669093243465,0.3766666666666667,-0.6921140644898764,0.6623333333333333,-0.03144987867116008,0.545843369880091
0.25,1.0,0.75,inference_categories,partial,0.22262685103495153,0.4,-0.6721945760957134,0.6920000000000001,0.011313425517475773,0.4907248999279724
0.25,1.0,0.75,inference_categories,projected,0.2600844867596343,0.41000000000000003,-0.6656399554187922,0.7136666666666667,0.04004224337981717,0.4907248999279724
0.25,1.0,0.75,inference_categories,standard,0.24972396356508003,0.39666666666666667,-0.6919585926478928,0.6836666666666666,0.02152864844920668,0.4907248999279724
0.25,1.0,1.0,choice_only,partial,0.2038770113873167,0.38,-0.6636731921961144,0.724,-0.018061494306341654,0.4949232349378719
0.25,1.0,1.0,choice_only,projected,0.2038770113873167,0.38,-0.6636731921961144,0.724,-0.018061494306341654,0.4949232349378719
0.25,1.0,1.0,choice_only,standard,0.19892455787410304,0.38666666666666666,-0.6919152820767185,0.682,-0.013871054396281815,0.4949232349378719
0.25,1.0,1.0,inference_affirm,partial,0.23366259894012492,0.39333333333333337,-0.675977036274671,0.6743333333333333,0.010164632803395798,0.5551307268990967
0.25,1.0,1.0,inference_affirm,projected,0.18803382802849733,0.38333333333333336,-0.6691225896601586,0.6809999999999999,-0.022649752652418007,0.5551307268990967
0.25,1.0,1.0,inference_affirm,standard,0.1837669093243465,0.3766666666666667,-0.6921140644898764,0.6623333333333333,-0.03144987867116008,0.5551307268990967
0.25,1.0,1.0,inference_categories,partial,0.19945871971908372,0.4033333333333333,-0.6743646637228685,0.6786666666666666,0.0030626931928751794,0.4840595237009021
0.25,1.0,1.0,inference_categories,projected,0.2600844867596343,0.41000000000000003,-0.6656399554187922,0.7136666666666667,0.04004224337981717,0.4840595237009021
0.25,1.0,1.0,inference_categories,standard,0.24972396356508003,0.39666666666666667,-0.6919585926478928,0.6836666666666666,0.02152864844920668,0.4840595237009021
0.25,1.25,0.0,choice_only,partial,0.2038770113873167,0.38,-0.6636731921961144,0.724,-0.018061494306341654,0.4949232349378719
0.25,1.25,0.0,choice_only,projected,0.2038770113873167,0.38,-0.6636731921961144,0.724,-0.018061494306341654,0.4949232349378719
0.25,1.25,0.0,choice_only,standard,0.19892455787410304,0.38666666666666666,-0.6919152820767185,0.682,-0.013871054396281815,0.4949232349378719
0.25,1.25,0.0,inference_affirm,partial,0.18803382802849733,0.38333333333333336,-0.6691225896601586,0.6809999999999999,-0.022649752652418007,0.5107830755666393
0.25,1.25,0.0,inference_affirm,projected,0.18803382802849733,0.38333333333333336,-0.6691225896601586,0.6809999999999999,-0.022649752652418007,0.5107830755666393
0.25,1.25,0.0,inference_affirm,standard,0.1837669093243465,0.3766666666666667,-0.6921140644898764,0.6623333333333333,-0.03144987867116008,0.5107830755666393
0.25,1.25,0.0,inference_categories,partial,0.2600844867596343,0.41000000000000003,-0.6656399554187922,0.7136666666666667,0.04004224337981717,0.5227300087210984
0.25,1.25,0.0,inference_categories,projected,0.2600844867596343,0.41000000000000003,-0.6656399554187922,0.7136666666666667,0.04004224337981717,0.5227300087210984
0.25,1.25,0.0,inference_categories,standard,0.24972396356508003,0.39666666666666667,-0.6919585926478928,0.6836666666666666,0.02152864844920668,0.5227300087210984
0.25,1.25,0.25,choice_only,partial,0.2038770113873167,0.38,-0.6636731921961144,0.724,-0.018061494306341654,0.4949232349378719
0.25,1.25,0.25,choice_only,projected,0.2038770113873167,0.38,-0.6636731921961144,0.724,-0.018061494306341654,0.4949232349378719
0.25,1.25,0.25,choice_only,standard,0.19892455787410304,0.38666666666666666,-0.6919152820767185,0.682,-0.013871054396281815,0.4949232349378719
0.25,1.25,0.25,inference_affirm,partial,0.2065303777123653,0.38999999999999996,-0.6705165860481971,0.6846666666666666,-0.0067348111438173515,0.529299499005569
0.25,1.25,0.25,inference_affirm,projected,0.18803382802849733,0.38333333333333336,-0.6691225896601586,0.6809999999999999,-0.022649752652418007,0.529299499005569
0.25,1.25,0.25,inference_affirm,standard,0.1837669093243465,0.3766666666666667,-0.6921140644898764,0.6623333333333333,-0.03144987867116008,0.529299499005569
0.25,1.25,0.25,inference_categories,partial,0.2527000612923134,0.4033333333333333,-0.6675423537459145,0.7156666666666667,0.029683363979490052,0.5103076464691186
0.25,1.25,0.25,inference_categories,projected,0.2600844867596343,0.41000000000000003,-0.6656399554187922,0.7136666666666667,0.04004224337981717,0.5103076464691186
0.25,1.25,0.25,inference_categories,standard,0.24972396356508003,0.39666666666666667,-0.6919585926478928,0.6836666666666666,0.02152864844920668,0.5103076464691186
0.25,1.25,0.5,choice_only,partial,0.2038770113873167,0.38,-0.6636731921961144,0.724,-0.018061494306341654,0.4949232349378719
0.25,1.25,0.5,choice_only,projected,0.2038770113873167,0.38,-0.6636731921961144,0.724,-0.018061494306341654,0.4949232349378719
0.25,1.25,0.5,choice_only,standard,0.19892455787410304,0.38666666666666666,-0.6919152820767185,0.682,-0.013871054396281815,0.4949232349378719
0.25,1.25,0.5,inference_affirm,partial,0.21326988988594808,0.38333333333333336,-0.6723627482047821,0.6880000000000001,-0.010031721723692629,0.530909092101493
0.25,1.25,0.5,inference_affirm,projected,0.18803382802849733,0.38333333333333336,-0.6691225896601586,0.6809999999999999,-0.022649752652418007,0.530909092101493
0.25,1.25,0.5,inference_affirm,standard,0.1837669093243465,0.3766666666666667,-0.6921140644898764,0.6623333333333333,-0.03144987867116008,0.530909092101493
0.25,1.25,0.5,inference_categories,partial,0.2368644982458776,0.4066666666666666,-0.670139692056374,0.703,0.02509891578960547,0.5040815348317522
0.25,1.25,0.5,inference_categories,projected,0.2600844867596343,0.41000000000000003,-0.6656399554187922,0.7136666666666667,0.04004224337981717,0.5040815348317522
0.25,1.25,0.5,inference_categories,standard,0.24972396356508003,0.39666666666666667,-0.6919585926478928,0.6836666666666666,0.02152864844920668,0.5040815348317522
0.25,1.25,0.75,choice_only,partial,0.2038770113873167,0.38,-0.6636731921961144,0.724,-0.018061494306341654,0.4949232349378719
0.25,1.25,0.75,choice_only,projected,0.2038770113873167,0.38,-0.6636731921961144,0.724,-0.018061494306341654,0.4949232349378719
0.25,1.25,0.75,choice_only,standard,0.19892455787410304,0.38666666666666666,-0.6919152820767185,0.682,-0.013871054396281815,0.4949232349378719
0.25,1.25,0.75,inference_affirm,partial,0.22714323587104296,0.39333333333333337,-0.6743146018102698,0.6736666666666667,0.006904951268854803,0.5513350300763633
0.25,1.25,0.75,inference_affirm,projected,0.18803382802849733,0.38333333333333336,-0.6691225896601586,0.6809999999999999,-0.022649752652418007,0.5513350300763633
0.25,1.25,0.75,inference_affirm,standard,0.1837669093243465,0.3766666666666667,-0.6921140644898764,0.6623333333333333,-0.03144987867116008,0.5513350300763633
0.25,1.25,0.75,inference_categories,partial,0.2042227347195792,0.4066666666666666,-0.672628261655083,0.6846666666666666,0.008778034026456265,0.4898623555664034
0.25,1.25,0.75,inference_categories,projected,0.2600844867596343,0.41000000000000003,-0.6656399554187922,0.7136666666666667,0.04004224337981717,0.4898623555664034
0.25,1.25,0.75,inference_categories,standard,0.24972396356508003,0.39666666666666667,-0.6919585926478928,0.6836666666666666,0.02152864844920668,0.4898623555664034
0.25,1.25,1.0,choice_only,partial,0.2038770113873167,0.38,-0.6636731921961144,0.724,-0.018061494306341654,0.4949232349378719
0.25,1.25,1.0,choice_only,projected,0.2038770113873167,0.38,-0.6636731921961144,0.724,-0.018061494306341654,0.4949232349378719
0.25,1.25,1.0,choice_only,standard,0.19892455787410304,0.38666666666666666,-0.6919152820767185,0.682,-0.013871054396281815,0.4949232349378719
0.25,1.25,1.0,inference_affirm,partial,0.22621765734085653,0.39666666666666667,-0.6762073193319947,0.6656666666666666,0.009775495337094924,0.5561379441341189
0.25,1.25,1.0,inference_affirm,projected,0.18803382802849733,0.38333333333333336,-0.6691225896601586,0.6809999999999999,-0.022649752652418007,0.5561379441341189
0.25,1.25,1.0,inference_affirm,standard,0.1837669093243465,0.3766666666666667,-0.6921140644898764,0.6623333333333333,-0.03144987867116008,0.5561379441341189
0.25,1.25,1.0,inference_categories,partial,0.17944121122897982,0.4066666666666666,-0.6747942689984641,0.6783333333333333,-0.0036127277188434236,0.48126510444143356
0.25,1.25,1.0,inference_categories,projected,0.2600844867596343,0.41000000000000003,-0.6656399554187922,0.7136666666666667,0.04004224337981717,0.48126510444143356
0.25,1.25,1.0,inference_categories,standard,0.24972396356508003,0.39666666666666667,-0.6919585926478928,0.6836666666666666,0.02152864844920668,0.48126510444143356
0.25,1.5,0.0,choice_only,partial,0.2038770113873167,0.38,-0.6636731921961144,0.724,-0.018061494306341654,0.4949232349378719
0.25,1.5,0.0,choice_only,projected,0.2038770113873167,0.38,-0.6636731921961144,0.724,-0.018061494306341654,0.4949232349378719
0.25,1.5,0.0,choice_only,standard,0.19892455787410304,0.38666666666666666,-0.6919152820767185,0.682,-0.013871054396281815,0.4949232349378719
0.25,1.5,0.0,inference_affirm,partial,0.18803382802849733,0.38333333333333336,-0.6691225896601586,0.6809999999999999,-0.022649752652418007,0.5107830755666393
0.25,1.5,0.0,inference_affirm,projected,0.18803382802849733,0.38333333333333336,-0.6691225896601586,0.6809999999999999,-0.022649752652418007,0.5107830755666393
0.25,1.5,0.0,inference_affirm,standard,0.1837669093243465,0.3766666666666667,-0.6921140644898764,0.6623333333333333,-0.03144987867116008,0.5107830755666393
0.25,1.5,0.0,inference_categories,partial,0.2600844867596343,0.41000000000000003,-0.6656399554187922,0.7136666666666667,0.04004224337981717,0.5227300087210984
0.25,1.5,0.0,inference_categories,projected,0.2600844867596343,0.41000000000000003,-0.6656399554187922,0.7136666666666667,0.04004224337981717,0.5227300087210984
0.25,1.5,0.0,inference_categories,standard,0.24972396356508003,0.39666666666666667,-0.6919585926478928,0.6836666666666666,0.02152864844920668,0.5227300087210984
0.25,1.5,0.25,choice_only,partial,0.2038770113873167,0.38,-0.6636731921961144,0.724,-0.018061494306341654,0.4949232349378719
0.25,1.5,0.25,choice_only,projected,0.2038770113873167,0.38,-0.6636731921961144,0.724,-0.018061494306341654,0.4949232349378719
0.25,1.5,0.25,choice_only,standard,0.19892455787410304,0.38666666666666666,-0.6919152820767185,0.682,-0.013871054396281815,0.4949232349378719
0.25,1.5,0.25,inference_affirm,partial,0.21066258958786677,0.39333333333333337,-0.6705688796630048,0.6846666666666666,-0.001335371872733273,0.5355451160863567
0.25,1.5,0.25,inference_affirm,projected,0.18803382802849733,0.38333333333333336,-0.6691225896601586,0.6809999999999999,-0.022649752652418007,0.5355451160863567
0.25,1.5,0.25,inference_affirm,standard,0.1837669093243465,0.3766666666666667,-0.6921140644898764,0.6623333333333333,-0.03144987867116008,0.5355451160863567
0.25,1.5,0.25,inference_categories,partial,0.24641886682410458,0.39666666666666667,-0.6677091326226618,0.715,0.01987610007871895,0.5000687690290805
0.25,1.5,0.25,inference_categories,projected,0.2600844867596343,0.41000000000000003,-0.6656399554187922,0.7136666666666667,0.04004224337981717,0.5000687690290805
0.25,1.5,0.25,inference_categories,standard,0.24972396356508003,0.39666666666666667,-0.6919585926478928,0.6836666666666666,0.02152864844920668,0.5000687690290805
0.25,1.5,0.5,choice_only,partial,0.2038770113873167,0.38,-0.6636731921961144,0.724,-0.018061494306341654,0.4949232349378719
0.25,1.5,0.5,choice_only,projected,0.2038770113873167,0.38,-0.6636731921961144,0.724,-0.018061494306341654,0.4949232349378719
0.25,1.5,0.5,choice_only,standard,0.19892455787410304,0.38666666666666666,-0.6919152820767185,0.682,-0.013871054396281815,0.4949232349378719
0.25,1.5,0.5,inference_affirm,partial,0.21713795221722706,0.38666666666666666,-0.6725335865775066,0.6816666666666666,-0.00476435722471981,0.5371262685372218
0.25,1.5,0.5,inference_affirm,projected,0.18803382802849733,0.38333333333333336,-0.6691225896601586,0.6809999999999999,-0.022649752652418007,0.5371262685372218
0.25,1.5,0.5,inference_affirm,standard,0.1837669093243465,0.3766666666666667,-0.6921140644898764,0.6623333333333333,-0.03144987867116008,0.5371262685372218
0.25,1.5,0.5,inference_categories,partial,0.2241330790213346,0.4066666666666666,-0.6705225452547163,0.6966666666666667,0.018733206177333983,0.4981671315077358
0.25,1.5,0.5,inference_categories,projected,0.2600844867596343,0.41000000000000003,-0.6656399554187922,0.7136666666666667,0.04004224337981717,0.4981671315077358
0.25,1.5,0.5,inference_categories,standard,0.24972396356508003,0.39666666666666667,-0.6919585926478928,0.6836666666666666,0.02152864844920668,0.4981671315077358
0.25,1.5,0.75,choice_only,partial,0.2038770113873167,0.38,-0.6636731921961144,0.724,-0.018061494306341654,0.4949232349378719
0.25,1.5,0.75,choice_only,projected,0.2038770113873167,0.38,-0.6636731921961144,0.724,-0.018061494306341654,0.4949232349378719
0.25,1.5,0.75,choice_only,standard,0.19892455787410304,0.38666666666666666,-0.6919152820767185,0.682,-0.013871054396281815,0.4949232349378719
0.25,1.5,0.75,inference_affirm,partial,0.2214058902488454,0.39666666666666667,-0.67457649470621,0.6713333333333333,0.0073696117910893606,0.5514012452628155
0.25,1.5,0.75,inference_affirm,projected,0.18803382802849733,0.38333333333333336,-0.6691225896601586,0.6809999999999999,-0.022649752652418007,0.5514012452628155
0.25,1.5,0.75,inference_affirm,standard,0.1837669093243465,0.3766666666666667,-0.6921140644898764,0.6623333333333333,-0.03144987867116008,0.5514012452628155
0.25,1.5,0.75,inference_categories,partial,0.19394431632020817,0.4066666666666666,-0.6731068117394962,0.6803333333333333,0.0036388248267707458,0.48735503171489597
0.25,1.5,0.75,inference_categories,projected,0.2600844867596343,0.41000000000000003,-0.6656399554187922,0.7136666666666667,0.04004224337981717,0.48735503171489597
0.25,1.5,0.75,inference_categories,standard,0.24972396356508003,0.39666666666666667,-0.6919585926478928,0.6836666666666666,0.02152864844920668,0.48735503171489597
0.25,1.5,1.0,choice_only,partial,0.2038770113873167,0.38,-0.6636731921961144,0.724,-0.018061494306341654,0.4949232349378719
0.25,1.5,1.0,choice_only,projected,0.2038770113873167,0.38,-0.6636731921961144,0.724,-0.018061494306341654,0.4949232349378719
0.25,1.5,1.0,choice_only,standard,0.19892455787410304,0.38666666666666666,-0.6919152820767185,0.682,-0.013871054396281815,0.4949232349378719
0.25,1.5,1.0,inference_affirm,partial,0.21337973708024816,0.41000000000000003,-0.6765058482061048,0.6643333333333333,0.01668986854012407,0.5644214136935213
0.25,1.5,1.0,inference_affirm,projected,0.18803382802849733,0.38333333333333336,-0.6691225896601586,0.6809999999999999,-0.022649752652418007,0.5644214136935213
0.25,1.5,1.0,inference_affirm,standard,0.1837669093243465,0.3766666666666667,-0.6921140644898764,0.6623333333333333,-0.03144987867116008,0.5644214136935213
0.25,1.5,1.0,inference_categories,partial,0.16959963022765803,0.41333333333333333,-0.6752822133158217,0.6686666666666666,-0.0018668515528376636,0.48156107643093127
0.25,1.5,1.0,inference_categories,projected,0.2600844867596343,0.41000000000000003,-0.6656399554187922,0.7136666666666667,0.04004224337981717,0.48156107643093127
0.25,1.5,1.0,inference_categories,standard,0.24972396356508003,0.39666666666666667,-0.6919585926478928,0.6836666666666666,0.02152864844920668,0.48156107643093127
0.5,0.5,0.0,choice_only,partial,0.19882658757665142,0.38333333333333336,-0.6766811177564055,0.7216666666666666,-0.017253372878340945,0.4959260434478546
0.5,0.5,0.0,choice_only,projected,0.19882658757665142,0.38333333333333336,-0.6766811177564055,0.7216666666666666,-0.017253372878340945,0.4959260434478546
0.5,0.5,0.0,choice_only,standard,0.19892455787410304,0.38666666666666666,-0.6919152820767185,0.682,-0.013871054396281815,0.4959260434478546
0.5,0.5,0.0,inference_affirm,partial,0.1914441919591449,0.38,-0.6796767895890468,0.682,-0.024277904020427555,0.5088241577632167
0.5,0.5,0.0,inference_affirm,projected,0.1914441919591449,0.38,-0.6796767895890468,0.682,-0.024277904020427555,0.5088241577632167
0.5,0.5,0.0,inference_affirm,standard,0.1837669093243465,0.3766666666666667,-0.6921140644898764,0.6623333333333333,-0.03144987867116008,0.5088241577632167
0.5,0.5,0.0,inference_categories,partial,0.251709644283377,0.39666666666666667,-0.6777592001383914,0.7126666666666667,0.022521488808355163,0.5012879450405155
0.5,0.5,0.0,inference_categories,projected,0.251709644283377,0.39666666666666667,-0.6777592001383914,0.7126666666666667,0.022521488808355163,0.5012879450405155
0.5,0.5,0.0,inference_categories,standard,0.24972396356508003,0.39666666666666667,-0.6919585926478928,0.6836666666666666,0.02152864844920668,0.5012879450405155
0.5,0.5,0.25,choice_only,partial,0.19882658757665142,0.38333333333333336,-0.6766811177564055,0.7216666666666666,-0.017253372878340945,0.4959260434478546
0.5,0.5,0.25,choice_only,projected,0.19882658757665142,0.38333333333333336,-0.6766811177564055,0.7216666666666666,-0.017253372878340945,0.4959260434478546
0.5,0.5,0.25,choice_only,standard,0.19892455787410304,0.38666666666666666,-0.6919152820767185,0.682,-0.013871054396281815,0.4959260434478546
0.5,0.5,0.25,inference_affirm,partial,0.19495407197513184,0.39666666666666667,-0.6805960678449169,0.6799999999999999,-0.005856297345767401,0.5302298120713514
0.5,0.5,0.25,inference_affirm,projected,0.1914441919591449,0.38,-0.6796767895890468,0.682,-0.024277904020427555,0.5302298120713514
0.5,0.5,0.25,inference_affirm,standard,0.1837669093243465,0.3766666666666667,-0.6921140644898764,0.6623333333333333,-0.03144987867116008,0.5302298120713514
0.5,0.5,0.25,inference_categories,partial,0.25901454987158257,0.41000000000000003,-0.6788473430857276,0.7156666666666667,0.039507274935791294,0.5227575219013467
0.5,0.5,0.25,inference_categories,projected,0.251709644283377,0.39666666666666667,-0.6777592001383914,0.7126666666666667,0.022521488808355163,0.5227575219013467
0.5,0.5,0.25,inference_categories,standard,0.24972396356508003,0.39666666666666667,-0.6919585926478928,0.6836666666666666,0.02152864844920668,0.5227575219013467
0.5,0.5,0.5,choice_only,partial,0.19882658757665142,0.38333333333333336,-0.6766811177564055,0.7216666666666666,-0.017253372878340945,0.4959260434478546
0.5,0.5,0.5,choice_only,projected,0.19882658757665142,0.38333333333333336,-0.6766811177564055,0.7216666666666666,-0.017253372878340945,0.4959260434478546
0.5,0.5,0.5,choice_only,standard,0.19892455787410304,0.38666666666666666,-0.6919152820767185,0.682,-0.013871054396281815,0.4959260434478546
0.5,0.5,0.5,inference_affirm,partial,0.2029311434817689,0.3766666666666667,-0.6816247387071793,0.6813333333333333,-0.021867761592448885,0.5113636393876392
0.5,0.5,0.5,inference_affirm,projected,0.1914441919591449,0.38,-0.6796767895890468,0.682,-0.024277904020427555,0.5113636393876392
0.5,0.5,0.5,inference_affirm,standard,0.1837669093243465,0.3766666666666667,-0.6921140644898764,0.6623333333333333,-0.03144987867116008,0.5113636393876392
0.5,0.5,0.5,inference_categories,partial,0.2537264738119544,0.4033333333333333,-0.6801064209508314,0.7196666666666667,0.03019657023931054,0.5133904578734871
0.5,0.5,0.5,inference_categories,projected,0.251709644283377,0.39666666666666667,-0.6777592001383914,0.7126666666666667,0.022521488808355163,0.5133904578734871
0.5,0.5,0.5,inference_categories,standard,0.24972396356508003,0.39666666666666667,-0.6919585926478928,0.6836666666666666,0.02152864844920668,0.5133904578734871
0.5,0.5,0.75,choice_only,partial,0.19882658757665142,0.38333333333333336,-0.6766811177564055,0.7216666666666666,-0.017253372878340945,0.4959260434478546
0.5,0.5,0.75,choice_only,projected,0.19882658757665142,0.38333333333333336,-0.6766811177564055,0.7216666666666666,-0.017253372878340945,0.4959260434478546
0.5,0.5,0.75,choice_only,standard,0.19892455787410304,0.38666666666666666,-0.6919152820767185,0.682,-0.013871054396281815,0.4959260434478546
0.5,0.5,0.75,inference_affirm,partial,0.20245561096388132,0.38333333333333336,-0.6827083251642276,0.6806666666666668,-0.015438861184726009,0.5216164167329104
0.5,0.5,0.75,inference_affirm,projected,0.1914441919591449,0.38,-0.6796767895890468,0.682,-0.024277904020427555,0.5216164167329104
0.5,0.5,0.75,inference_affirm,standard,0.1837669093243465,0.3766666666666667,-0.6921140644898764,0.6623333333333333,-0.03144987867116008,0.5216164167329104
0.5,0.5,0.75,inference_categories,partial,0.23903117012068226,0.4066666666666666,-0.6814257561521153,0.7073333333333333,0.0261822517270078,0.5075097978663697
0.5,0.5,0.75,inference_categories,projected,0.251709644283377,0.39666666666666667,-0.6777592001383914,0.7126666666666667,0.022521488808355163,0.5075097978663697
0.5,0.5,0.75,inference_categories,standard,0.24972396356508003,0.39666666666666667,-0.6919585926478928,0.6836666666666666,0.02152864844920668,0.5075097978663697
0.5,0.5,1.0,choice_only,partial,0.19882658757665142,0.38333333333333336,-0.6766811177564055,0.7216666666666666,-0.017253372878340945,0.4959260434478546
0.5,0.5,1.0,choice_only,projected,0.19882658757665142,0.38333333333333336,-0.6766811177564055,0.7216666666666666,-0.017253372878340945,0.4959260434478546
0.5,0.5,1.0,choice_only,standard,0.19892455787410304,0.38666666666666666,-0.6919152820767185,0.682,-0.013871054396281815,0.4959260434478546
0.5,0.5,1.0,inference_affirm,partial,0.21277512304254767,0.38999999999999996,-0.683801547542109,0.6776666666666666,-0.003612438478726172,0.5385605025507837
0.5,0.5,1.0,inference_affirm,projected,0.1914441919591449,0.38,-0.6796767895890468,0.682,-0.024277904020427555,0.5385605025507837
0.5,0.5,1.0,inference_affirm,standard,0.1837669093243465,0.3766666666666667,-0.6921140644898764,0.6623333333333333,-0.03144987867116008,0.5385605025507837
0.5,0.5,1.0,inference_categories,partial,0.23395765114454198,0.41333333333333333,-0.6827231295578405,0.6906666666666667,0.030312158905604323,0.5119139870923536
0.5,0.5,1.0,inference_categories,projected,0.251709644283377,0.39666666666666667,-0.6777592001383914,0.7126666666666667,0.022521488808355163,0.5119139870923536
0.5,0.5,1.0,inference_categories,standard,0.24972396356508003,0.39666666666666667,-0.6919585926478928,0.6836666666666666,0.02152864844920668,0.5119139870923536
0.5,0.75,0.0,choice_only,partial,0.19882658757665142,0.38333333333333336,-0.6766811177564055,0.7216666666666666,-0.017253372878340945,0.4959260434478546
0.5,0.75,0.0,choice_only,projected,0.19882658757665142,0.38333333333333336,-0.6766811177564055,0.7216666666666666,-0.017253372878340945,0.4959260434478546
0.5,0.75,0.0,choice_only,standard,0.19892455787410304,0.38666666666666666,-0.6919152820767185,0.682,-0.013871054396281815,0.4959260434478546
0.5,0.75,0.0,inference_affirm,partial,0.1914441919591449,0.38,-0.6796767895890468,0.682,-0.024277904020427555,0.5088241577632167
0.5,0.75,0.0,inference_affirm,projected,0.1914441919591449,0.38,-0.6796767895890468,0.682,-0.024277904020427555,0.5088241577632167
0.5,0.75,0.0,inference_affirm,standard,0.1837669093243465,0.3766666666666667,-0.6921140644898764,0.6623333333333333,-0.03144987867116008,0.5088241577632167
0.5,0.75,0.0,inference_categories,partial,0.251709644283377,0.39666666666666667,-0.6777592001383914,0.7126666666666667,0.022521488808355163,0.5012879450405155
0.5,0.75,0.0,inference_categories,projected,0.251709644283377,0.39666666666666667,-0.6777592001383914,0.7126666666666667,0.022521488808355163,0.5012879450405155
0.5,0.75,0.0,inference_categories,standard,0.24972396356508003,0.39666666666666667,-0.6919585926478928,0.6836666666666666,0.02152864844920668,0.5012879450405155
0.5,0.75,0.25,choice_only,partial,0.19882658757665142,0.38333333333333336,-0.6766811177564055,0.7216666666666666,-0.017253372878340945,0.4959260434478546
0.5,0.75,0.25,choice_only,projected,0.19882658757665142,0.38333333333333336,-0.6766811177564055,0.7216666666666666,-0.017253372878340945,0.4959260434478546
0.5,0.75,0.25,choice_only,standard,0.19892455787410304,0.38666666666666666,-0.6919152820767185,0.682,-0.013871054396281815,0.4959260434478546
0.5,0.75,0.25,inference_affirm,partial,0.1985620575619487,0.39333333333333337,-0.6805671210154045,0.6803333333333333,-0.007385637885692319,0.5286090148781836
0.5,0.75,0.25,inference_affirm,projected,0.1914441919591449,0.38,-0.6796767895890468,0.682,-0.024277904020427555,0.5286090148781836
0.5,0.75,0.25,inference_affirm,standard,0.1837669093243465,0.3766666666666667,-0.6921140644898764,0.6623333333333333,-0.03144987867116008,0.5286090148781836
0.5,0.75,0.25,inference_categories,partial,0.2629986901064703,0.4033333333333333,-0.6788628034168028,0.7156666666666667,0.0348326783865685,0.5170714478842259
0.5,0.75,0.25,inference_categories,projected,0.251709644283377,0.39666666666666667,-0.6777592001383914,0.7126666666666667,0.022521488808355163,0.5170714478842259
0.5,0.75,0.25,inference_categories,standard,0.24972396356508003,0.39666666666666667,-0.6919585926478928,0.6836666666666666,0.02152864844920668,0.5170714478842259
0.5,0.75,0.5,choice_only,partial,0.19882658757665142,0.38333333333333336,-0.6766811177564055,0.7216666666666666,-0.017253372878340945,0.4959260434478546
0.5,0.75,0.5,choice_only,projected,0.19882658757665142,0.38333333333333336,-0.6766811177564055,0.7216666666666666,-0.017253372878340945,0.4959260434478546
0.5,0.75,0.5,choice_only,standard,0.19892455787410304,0.38666666666666666,-0.6919152820767185,0.682,-0.013871054396281815,0.4959260434478546
0.5,0.75,0.5,inference_affirm,partial,0.20541553885294736,0.38333333333333336,-0.6815790883582562,0.682,-0.013958897240192987,0.5217001936107295
0.5,0.75,0.5,inference_affirm,projected,0.1914441919591449,0.38,-0.6796767895890468,0.682,-0.024277904020427555,0.5217001936107295
0.5,0.75,0.5,inference_affirm,standard,0.1837669093243465,0.3766666666666667,-0.6921140644898764,0.6623333333333333,-0.03144987867116008,0.5217001936107295
0.5,0.75,0.5,inference_categories,partial,0.25214655992155754,0.41000000000000003,-0.6801613143926787,0.7123333333333334,0.03607327996077876,0.5204290730617683
0.5,0.75,0.5,inference_categories,projected,0.251709644283377,0.39666666666666667,-0.6777592001383914,0.7126666666666667,0.022521488808355163,0.5204290730617683
0.5,0.75,0.5,inference_categories,standard,0.24972396356508003,0.39666666666666667,-0.6919585926478928,0.6836666666666666,0.02152864844920668,0.5204290730617683
0.5,0.75,0.75,choice_only,partial,0.19882658757665142,0.38333333333333336,-0.6766811177564055,0.7216666666666666,-0.017253372878340945,0.4959260434478546
0.5,0.75,0.75,choice_only,projected,0.19882658757665142,0.38333333333333336,-0.6766811177564055,0.7216666666666666,-0.017253372878340945,0.4959260434478546
0.5,0.75,0.75,choice_only,standard,0.19892455787410304,0.38666666666666666,-0.6919152820767185,0.682,-0.013871054396281815,0.4959260434478546
0.5,0.75,0.75,inference_affirm,partial,0.21844650413610395,0.38666666666666666,-0.6826316495674581,0.6793333333333333,-0.004110081265281368,0.538559514277253
0.5,0.75,0.75,inference_affirm,projected,0.1914441919591449,0.38,-0.6796767895890468,0.682,-0.024277904020427555,0.538559514277253
0.5,0.75,0.75,inference_affirm,standard,0.1837669093243465,0.3766666666666667,-0.6921140644898764,0.6623333333333333,-0.03144987867116008,0.538559514277253
0.5,0.75,0.75,inference_categories,partial,0.24063023124164293,0.4033333333333333,-0.6814790178261633,0.6956666666666667,0.02364844895415479,0.5082029776427154
0.5,0.75,0.75,inference_categories,projected,0.251709644283377,0.39666666666666667,-0.6777592001383914,0.7126666666666667,0.022521488808355163,0.5082029776427154
0.5,0.75,0.75,inference_categories,standard,0.24972396356508003,0.39666666666666667,-0.6919585926478928,0.6836666666666666,0.02152864844920668,0.5082029776427154
0.5,0.75,1.0,choice_only,partial,0.19882658757665142,0.38333333333333336,-0.6766811177564055,0.7216666666666666,-0.017253372878340945,0.4959260434478546
0.5,0.75,1.0,choice_only,projected,0.19882658757665142,0.38333333333333336,-0.6766811177564055,0.7216666666666666,-0.017253372878340945,0.4959260434478546
0.5,0.75,1.0,choice_only,standard,0.19892455787410304,0.38666666666666666,-0.6919152820767185,0.682,-0.013871054396281815,0.4959260434478546
0.5,0.75,1.0,inference_affirm,partial,0.2235343453754428,0.3933333333333333,-0.6836780756896527,0.67,0.005100506021054738,0.5498188862980807
0.5,0.75,1.0,inference_affirm,projected,0.1914441919591449,0.38,-0.6796767895890468,0.682,-0.024277904020427555,0.5498188862980807
0.5,0.75,1.0,inference_affirm,standard,0.1837669093243465,0.3766666666666667,-0.6921140644898764,0.6623333333333333,-0.03144987867116008,0.5498188862980807
0.5,0.75,1.0,inference_categories,partial,0.2171815848105325,0.4033333333333333,-0.6827244780762343,0.6823333333333333,0.011924125738599594,0.49123936009846497
0.5,0.75,1.0,inference_categories,projected,0.251709644283377,0.39666666666666667,-0.6777592001383914,0.7126666666666667,0.022521488808355163,0.49123936009846497
0.5,0.75,1.0,inference_categories,standard,0.24972396356508003,0.39666666666666667,-0.6919585926478928,0.6836666666666666,0.02152864844920668,0.49123936009846497
0.5,1.0,0.0,choice_only,partial,0.19882658757665142,0.38333333333333336,-0.6766811177564055,0.7216666666666666,-0.017253372878340945,0.4959260434478546
0.5,1.0,0.0,choice_only,projected,0.19882658757665142,0.38333333333333336,-0.6766811177564055,0.7216666666666666,-0.017253372878340945,0.4959260434478546
0.5,1.0,0.0,choice_only,standard,0.19892455787410304,0.38666666666666666,-0.6919152820767185,0.682,-0.013871054396281815,0.4959260434478546
0.5,1.0,0.0,inference_affirm,partial,0.1914441919591449,0.38,-0.6796767895890468,0.682,-0.024277904020427555,0.5088241577632167
0.5,1.0,0.0,inference_affirm,projected,0.1914441919591449,0.38,-0.6796767895890468,0.682,-0.024277904020427555,0.5088241577632167
0.5,1.0,0.0,inference_affirm,standard,0.1837669093243465,0.3766666666666667,-0.6921140644898764,0.6623333333333333,-0.03144987867116008,0.5088241577632167
0.5,1.0,0.0,inference_categories,partial,0.251709644283377,0.39666666666666667,-0.6777592001383914,0.7126666666666667,0.022521488808355163,0.5012879450405155
0.5,1.0,0.0,inference_categories,projected,0.251709644283377,0.39666666666666667,-0.6777592001383914,0.7126666666666667,0.022521488808355163,0.5012879450405155
0.5,1.0,0.0,inference_categories,standard,0.24972396356508003,0.39666666666666667,-0.6919585926478928,0.6836666666666666,0.02152864844920668,0.5012879450405155
0.5,1.0,0.25,choice_only,partial,0.19882658757665142,0.38333333333333336,-0.6766811177564055,0.7216666666666666,-0.017253372878340945,0.4959260434478546
0.5,1.0,0.25,choice_only,projected,0.19882658757665142,0.38333333333333336,-0.6766811177564055,0.7216666666666666,-0.017253372878340945,0.4959260434478546
0.5,1.0,0.25,choice_only,standard,0.19892455787410304,0.38666666666666666,-0.6919152820767185,0.682,-0.013871054396281815,0.4959260434478546
0.5,1.0,0.25,inference_affirm,partial,0.2044553457729968,0.39333333333333337,-0.6805477917058501,0.6823333333333333,-0.004438993780168269,0.5321258136925632
0.5,1.0,0.25,inference_affirm,projected,0.1914441919591449,0.38,-0.6796767895890468,0.682,-0.024277904020427555,0.5321258136925632
0.5,1.0,0.25,inference_affirm,standard,0.1837669093243465,0.3766666666666667,-0.6921140644898764,0.6623333333333333,-0.03144987867116008,0.5321258136925632
0.5,1.0,0.25,inference_categories,partial,0.2567850358924636,0.4,-0.6788918357025201,0.7173333333333333,0.02839251794623179,0.5094641810649716
0.5,1.0,0.25,inference_categories,projected,0.251709644283377,0.39666666666666667,-0.6777592001383914,0.7126666666666667,0.022521488808355163,0.5094641810649716
0.5,1.0,0.25,inference_categories,standard,0.24972396356508003,0.39666666666666667,-0.6919585926478928,0.6836666666666666,0.02152864844920668,0.5094641810649716
0.5,1.0,0.5,choice_only,partial,0.19882658757665142,0.38333333333333336,-0.6766811177564055,0.7216666666666666,-0.017253372878340945,0.4959260434478546
0.5,1.0,0.5,choice_only,projected,0.19882658757665142,0.38333333333333336,-0.6766811177564055,0.7216666666666666,-0.017253372878340945,0.4959260434478546
0.5,1.0,0.5,choice_only,standard,0.19892455787410304,0.38666666666666666,-0.6919152820767185,0.682,-0.013871054396281815,0.4959260434478546
0.5,1.0,0.5,inference_affirm,partial,0.21146116008401075,0.3766666666666667,-0.6815577166322537,0.6863333333333334,-0.017602753291327957,0.5227802639660409
0.5,1.0,0.5,inference_affirm,projected,0.1914441919591449,0.38,-0.6796767895890468,0.682,-0.024277904020427555,0.5227802639660409
0.5,1.0,0.5,inference_affirm,standard,0.1837669093243465,0.3766666666666667,-0.6921140644898764,0.6623333333333333,-0.03144987867116008,0.5227802639660409
0.5,1.0,0.5,inference_categories,partial,0.24757333432141174,0.41000000000000003,-0.6802426066077579,0.7073333333333333,0.03378666716070587,0.5164255621033695
0.5,1.0,0.5,inference_categories,projected,0.251709644283377,0.39666666666666667,-0.6777592001383914,0.7126666666666667,0.022521488808355163,0.5164255621033695
0.5,1.0,0.5,inference_categories,standard,0.24972396356508003,0.39666666666666667,-0.6919585926478928,0.6836666666666666,0.02152864844920668,0.5164255621033695
0.5,1.0,0.75,choice_only,partial,0.19882658757665142,0.38333333333333336,-0.6766811177564055,0.7216666666666666,-0.017253372878340945,0.4959260434478546
0.5,1.0,0.75,choice_only,projected,0.19882658757665142,0.38333333333333336,-0.6766811177564055,0.7216666666666666,-0.017253372878340945,0.4959260434478546
0.5,1.0,0.75,choice_only,standard,0.19892455787410304,0.38666666666666666,-0.6919152820767185,0.682,-0.013871054396281815,0.4959260434478546
0.5,1.0,0.75,inference_affirm,partial,0.21658537931611496,0.38666666666666666,-0.6825985217935171,0.6736666666666667,-0.005040643675275859,0.5391942662361264
0.5,1.0,0.75,inference_affirm,projected,0.1914441919591449,0.38,-0.6796767895890468,0.682,-0.024277904020427555,0.5391942662361264
0.5,1.0,0.75,inference_affirm,standard,0.1837669093243465,0.3766666666666667,-0.6921140644898764,0.6623333333333333,-0.03144987867116008,0.5391942662361264
0.5,1.0,0.75,inference_categories,partial,0.22228514822557507,0.4066666666666666,-0.6815664193980042,0.6866666666666668,0.017809240779454193,0.4974285872342433
0.5,1.0,0.75,inference_categories,projected,0.251709644283377,0.39666666666666667,-0.6777592001383914,0.7126666666666667,0.022521488808355163,0.4974285872342433
0.5,1.0,0.75,inference_categories,standard,0.24972396356508003,0.39666666666666667,-0.6919585926478928,0.6836666666666666,0.02152864844920668,0.4974285872342433
0.5,1.0,1.0,choice_only,partial,0.19882658757665142,0.38333333333333336,-0.6766811177564055,0.7216666666666666,-0.017253372878340945,0.4959260434478546
0.5,1.0,1.0,choice_only,projected,0.19882658757665142,0.38333333333333336,-0.6766811177564055,0.7216666666666666,-0.017253372878340945,0.4959260434478546
0.5,1.0,1.0,choice_only,standard,0.19892455787410304,0.38666666666666666,-0.6919152820767185,0.682,-0.013871054396281815,0.4959260434478546
0.5,1.0,1.0,inference_affirm,partial,0.22909400195085056,0.4,-0.6836231580994298,0.6676666666666667,0.014547000975425283,0.5609781623982084
0.5,1.0,1.0,inference_affirm,projected,0.1914441919591449,0.38,-0.6796767895890468,0.682,-0.024277904020427555,0.5609781623982084
0.5,1.0,1.0,inference_affirm,standard,0.1837669093243465,0.3766666666666667,-0.6921140644898764,0.6623333333333333,-0.03144987867116008,0.5609781623982084
0.5,1.0,1.0,inference_categories,partial,0.19703913749775515,0.4,-0.682772530696768,0.6753333333333333,-0.0014804312511224281,0.4833738373020941
0.5,1.0,1.0,inference_categories,projected,0.251709644283377,0.39666666666666667,-0.6777592001383914,0.7126666666666667,0.022521488808355163,0.4833738373020941
0.5,1.0,1.0,inference_categories,standard,0.24972396356508003,0.39666666666666667,-0.6919585926478928,0.6836666666666666,0.02152864844920668,0.4833738373020941
0.5,1.25,0.0,choice_only,partial,0.19882658757665142,0.38333333333333336,-0.6766811177564055,0.7216666666666666,-0.017253372878340945,0.4959260434478546
0.5,1.25,0.0,choice_only,projected,0.19882658757665142,0.38333333333333336,-0.6766811177564055,0.7216666666666666,-0.017253372878340945,0.4959260434478546
0.5,1.25,0.0,choice_only,standard,0.19892455787410304,0.38666666666666666,-0.6919152820767185,0.682,-0.013871054396281815,0.4959260434478546
0.5,1.25,0.0,inference_affirm,partial,0.1914441919591449,0.38,-0.6796767895890468,0.682,-0.024277904020427555,0.5088241577632167
0.5,1.25,0.0,inference_affirm,projected,0.1914441919591449,0.38,-0.6796767895890468,0.682,-0.024277904020427555,0.5088241577632167
0.5,1.25,0.0,inference_affirm,standard,0.1837669093243465,0.3766666666666667,-0.6921140644898764,0.6623333333333333,-0.03144987867116008,0.5088241577632167
0.5,1.25,0.0,inference_categories,partial,0.251709644283377,0.39666666666666667,-0.6777592001383914,0.7126666666666667,0.022521488808355163,0.5012879450405155
0.5,1.25,0.0,inference_categories,projected,0.251709644283377,0.39666666666666667,-0.6777592001383914,0.7126666666666667,0.022521488808355163,0.5012879450405155
0.5,1.25,0.0,inference_categories,standard,0.24972396356508003,0.39666666666666667,-0.6919585926478928,0.6836666666666666,0.02152864844920668,0.5012879450405155
0.5,1.25,0.25,choice_only,partial,0.19882658757665142,0.38333333333333336,-0.6766811177564055,0.7216666666666666,-0.017253372878340945,0.4959260434478546
0.5,1.25,0.25,choice_only,projected,0.19882658757665142,0.38333333333333336,-0.6766811177564055,0.7216666666666666,-0.017253372878340945,0.4959260434478546
0.5,1.25,0.25,choice_only,standard,0.19892455787410304,0.38666666666666666,-0.6919152820767185,0.682,-0.013871054396281815,0.4959260434478546
0.5,1.25,0.25,inference_affirm,partial,0.20380461634354358,0.38999999999999996,-0.6805372215434686,0.6809999999999999,-0.008097691828228209,0.5275806064681509
0.5,1.25,0.25,inference_affirm,projected,0.1914441919591449,0.38,-0.6796767895890468,0.682,-0.024277904020427555,0.5275806064681509
0.5,1.25,0.25,inference_affirm,standard,0.1837669093243465,0.3766666666666667,-0.6921140644898764,0.6623333333333333,-0.03144987867116008,0.5275806064681509
0.5,1.25,0.25,inference_categories,partial,0.25290622027018855,0.39666666666666667,-0.6789328608183297,0.7163333333333334,0.023119776801760954,0.5031580616630119
0.5,1.25,0.25,inference_categories,projected,0.251709644283377,0.39666666666666667,-0.6777592001383914,0.7126666666666667,0.022521488808355163,0.5031580616630119
0.5,1.25,0.25,inference_categories,standard,0.24972396356508003,0.39666666666666667,-0.6919585926478928,0.6836666666666666,0.02152864844920668,0.5031580616630119
0.5,1.25,0.5,choice_only,partial,0.19882658757665142,0.38333333333333336,-0.6766811177564055,0.7216666666666666,-0.017253372878340945,0.4959260434478546
0.5,1.25,0.5,choice_only,projected,0.19882658757665142,0.38333333333333336,-0.6766811177564055,0.7216666666666666,-0.017253372878340945,0.4959260434478546
0.5,1.25,0.5,choice_only,standard,0.19892455787410304,0.38666666666666666,-0.6919152820767185,0.682,-0.013871054396281815,0.4959260434478546
0.5,1.25,0.5,inference_affirm,partial,0.21269228231535878,0.3766666666666667,-0.6815587631879453,0.6823333333333333,-0.016987192175653955,0.5234357042558914
0.5,1.25,0.5,inference_affirm,projected,0.1914441919591449,0.38,-0.6796767895890468,0.682,-0.024277904020427555,0.5234357042558914
0.5,1.25,0.5,inference_affirm,standard,0.1837669093243465,0.3766666666666667,-0.6921140644898764,0.6623333333333333,-0.03144987867116008,0.5234357042558914
0.5,1.25,0.5,inference_categories,partial,0.23583608060257266,0.4,-0.6803450344620828,0.7010000000000001,0.01791804030128633,0.5002444206262617
0.5,1.25,0.5,inference_categories,projected,0.251709644283377,0.39666666666666667,-0.6777592001383914,0.7126666666666667,0.022521488808355163,0.5002444206262617
0.5,1.25,0.5,inference_categories,standard,0.24972396356508003,0.39666666666666667,-0.6919585926478928,0.6836666666666666,0.02152864844920668,0.5002444206262617
0.5,1.25,0.75,choice_only,partial,0.19882658757665142,0.38333333333333336,-0.6766811177564055,0.7216666666666666,-0.017253372878340945,0.4959260434478546
0.5,1.25,0.75,choice_only,projected,0.19882658757665142,0.38333333333333336,-0.6766811177564055,0.7216666666666666,-0.017253372878340945,0.4959260434478546
0.5,1.25,0.75,choice_only,standard,0.19892455787410304,0.38666666666666666,-0.6919152820767185,0.682,-0.013871054396281815,0.4959260434478546
0.5,1.25,0.75,inference_affirm,partial,0.21443029576424247,0.39666666666666667,-0.6826076611884413,0.6706666666666667,0.0038818145487878866,0.5509686040902226
0.5,1.25,0.75,inference_affirm,projected,0.1914441919591449,0.38,-0.6796767895890468,0.682,-0.024277904020427555,0.5509686040902226
0.5,1.25,0.75,inference_affirm,standard,0.1837669093243465,0.3766666666666667,-0.6921140644898764,0.6623333333333333,-0.03144987867116008,0.5509686040902226
0.5,1.25,0.75,inference_categories,partial,0.20395529868565748,0.4,-0.6816843081526645,0.6813333333333333,0.0019776493428287347,0.48438881129264444
0.5,1.25,0.75,inference_categories,projected,0.251709644283377,0.39666666666666667,-0.6777592001383914,0.7126666666666667,0.022521488808355163,0.48438881129264444
0.5,1.25,0.75,inference_categories,standard,0.24972396356508003,0.39666666666666667,-0.6919585926478928,0.6836666666666666,0.02152864844920668,0.48438881129264444
0.5,1.25,1.0,choice_only,partial,0.19882658757665142,0.38333333333333336,-0.6766811177564055,0.7216666666666666,-0.017253372878340945,0.4959260434478546
0.5,1.25,1.0,choice_only,projected,0.19882658757665142,0.38333333333333336,-0.6766811177564055,0.7216666666666666,-0.017253372878340945,0.4959260434478546
0.5,1.25,1.0,choice_only,standard,0.19892455787410304,0.38666666666666666,-0.6919152820767185,0.682,-0.013871054396281815,0.4959260434478546
0.5,1.25,1.0,inference_affirm,partial,0.22902624746043648,0.39333333333333337,-0.6836307031479674,0.6563333333333333,0.007846457063551571,0.5570832518254891
0.5,1.25,1.0,inference_affirm,projected,0.1914441919591449,0.38,-0.6796767895890468,0.682,-0.024277904020427555,0.5570832518254891
0.5,1.25,1.0,inference_affirm,standard,0.1837669093243465,0.3766666666666667,-0.6921140644898764,0.6623333333333333,-0.03144987867116008,0.5570832518254891
0.5,1.25,1.0,inference_categories,partial,0.17545795962757196,0.4066666666666666,-0.6828665142343503,0.6706666666666667,-0.005604353519547352,0.47803684841030714
0.5,1.25,1.0,inference_categories,projected,0.251709644283377,0.39666666666666667,-0.6777592001383914,0.7126666666666667,0.022521488808355163,0.47803684841030714
0.5,1.25,1.0,inference_categories,standard,0.24972396356508003,0.39666666666666667,-0.6919585926478928,0.6836666666666666,0.02152864844920668,0.47803684841030714
0.5,1.5,0.0,choice_only,partial,0.19882658757665142,0.38333333333333336,-0.6766811177564055,0.7216666666666666,-0.017253372878340945,0.4959260434478546
0.5,1.5,0.0,choice_only,projected,0.19882658757665142,0.38333333333333336,-0.6766811177564055,0.7216666666666666,-0.017253372878340945,0.4959260434478546
0.5,1.5,0.0,choice_only,standard,0.19892455787410304,0.38666666666666666,-0.6919152820767185,0.682,-0.013871054396281815,0.4959260434478546
0.5,1.5,0.0,inference_affirm,partial,0.1914441919591449,0.38,-0.6796767895890468,0.682,-0.024277904020427555,0.5088241577632167
0.5,1.5,0.0,inference_affirm,projected,0.1914441919591449,0.38,-0.6796767895890468,0.682,-0.024277904020427555,0.5088241577632167
0.5,1.5,0.0,inference_affirm,standard,0.1837669093243465,0.3766666666666667,-0.6921140644898764,0.6623333333333333,-0.03144987867116008,0.5088241577632167
0.5,1.5,0.0,inference_categories,partial,0.251709644283377,0.39666666666666667,-0.6777592001383914,0.7126666666666667,0.022521488808355163,0.5012879450405155
0.5,1.5,0.0,inference_categories,projected,0.251709644283377,0.39666666666666667,-0.6777592001383914,0.7126666666666667,0.022521488808355163,0.5012879450405155
0.5,1.5,0.0,inference_categories,standard,0.24972396356508003,0.39666666666666667,-0.6919585926478928,0.6836666666666666,0.02152864844920668,0.5012879450405155
0.5,1.5,0.25,choice_only,partial,0.19882658757665142,0.38333333333333336,-0.6766811177564055,0.7216666666666666,-0.017253372878340945,0.4959260434478546
0.5,1.5,0.25,choice_only,projected,0.19882658757665142,0.38333333333333336,-0.6766811177564055,0.7216666666666666,-0.017253372878340945,0.4959260434478546
0.5,1.5,0.25,choice_only,standard,0.19892455787410304,0.38666666666666666,-0.6919152820767185,0.682,-0.013871054396281815,0.4959260434478546
0.5,1.5,0.25,inference_affirm,partial,0.20568741780107924,0.38333333333333336,-0.6805345868708079,0.6816666666666666,-0.01382295776612704,0.5216593661745719
0.5,1.5,0.25,inference_affirm,projected,0.1914441919591449,0.38,-0.6796767895890468,0.682,-0.024277904020427555,0.5216593661745719
0.5,1.5,0.25,inference_affirm,standard,0.1837669093243465,0.3766666666666667,-0.6921140644898764,0.6623333333333333,-0.03144987867116008,0.5216593661745719
0.5,1.5,0.25,inference_categories,partial,0.24665616537625332,0.39333333333333337,-0.6789843217624435,0.7156666666666667,0.016661416021459995,0.49644752347780696
0.5,1.5,0.25,inference_categories,projected,0.251709644283377,0.39666666666666667,-0.6777592001383914,0.7126666666666667,0.022521488808355163,0.49644752347780696
0.5,1.5,0.25,inference_categories,standard,0.24972396356508003,0.39666666666666667,-0.6919585926478928,0.6836666666666666,0.02152864844920668,0.49644752347780696
0.5,1.5,0.5,choice_only,partial,0.19882658757665142,0.38333333333333336,-0.6766811177564055,0.7216666666666666,-0.017253372878340945,0.4959260434478546
0.5,1.5,0.5,choice_only,projected,0.19882658757665142,0.38333333333333336,-0.6766811177564055,0.7216666666666666,-0.017253372878340945,0.4959260434478546
0.5,1.5,0.5,choice_only,standard,0.19892455787410304,0.38666666666666666,-0.6919152820767185,0.682,-0.013871054396281815,0.4959260434478546
0.5,1.5,0.5,inference_affirm,partial,0.21188758702275665,0.38333333333333336,-0.6815806349633217,0.6766666666666666,-0.010722873155288339,0.5313122595538268
0.5,1.5,0.5,inference_affirm,projected,0.1914441919591449,0.38,-0.6796767895890468,0.682,-0.024277904020427555,0.5313122595538268
0.5,1.5,0.5,inference_affirm,standard,0.1837669093243465,0.3766666666666667,-0.6921140644898764,0.6623333333333333,-0.03144987867116008,0.5313122595538268
0.5,1.5,0.5,inference_categories,partial,0.22465361311460794,0.4033333333333333,-0.6804647313965112,0.696,0.015660139890637307,0.49849845252620484
0.5,1.5,0.5,inference_categories,projected,0.251709644283377,0.39666666666666667,-0.6777592001383914,0.7126666666666667,0.022521488808355163,0.49849845252620484
0.5,1.5,0.5,inference_categories,standard,0.24972396356508003,0.39666666666666667,-0.6919585926478928,0.6836666666666666,0.02152864844920668,0.49849845252620484
0.5,1.5,0.75,choice_only,partial,0.19882658757665142,0.38333333333333336,-0.6766811177564055,0.7216666666666666,-0.017253372878340945,0.4959260434478546
0.5,1.5,0.75,choice_only,projected,0.19882658757665142,0.38333333333333336,-0.6766811177564055,0.7216666666666666,-0.017253372878340945,0.4959260434478546
0.5,1.5,0.75,choice_only,standard,0.19892455787410304,0.38666666666666666,-0.6919152820767185,0.682,-0.013871054396281815,0.4959260434478546
0.5,1.5,0.75,inference_affirm,partial,0.20875284230988805,0.4,-0.6826534360481342,0.667,0.004376421154944021,0.5520504208018783
0.5,1.5,0.75,inference_affirm,projected,0.1914441919591449,0.38,-0.6796767895890468,0.682,-0.024277904020427555,0.5520504208018783
0.5,1.5,0.75,inference_affirm,standard,0.1837669093243465,0.3766666666666667,-0.6921140644898764,0.6623333333333333,-0.03144987867116008,0.5520504208018783
0.5,1.5,0.75,inference_categories,partial,0.19045987741558873,0.4,-0.6818276706618627,0.6743333333333333,-0.004770061292205628,0.48016412995329466
0.5,1.5,0.75,inference_categories,projected,0.251709644283377,0.39666666666666667,-0.6777592001383914,0.7126666666666667,0.022521488808355163,0.48016412995329466
0.5,1.5,0.75,inference_categories,standard,0.24972396356508003,0.39666666666666667,-0.6919585926478928,0.6836666666666666,0.02152864844920668,0.48016412995329466
0.5,1.5,1.0,choice_only,partial,0.19882658757665142,0.38333333333333336,-0.6766811177564055,0.7216666666666666,-0.017253372878340945,0.4959260434478546
0.5,1.5,1.0,choice_only,projected,0.19882658757665142,0.38333333333333336,-0.6766811177564055,0.7216666666666666,-0.017253372878340945,0.4959260434478546
0.5,1.5,1.0,choice_only,standard,0.19892455787410304,0.38666666666666666,-0.6919152820767185,0.682,-0.013871054396281815,0.4959260434478546
0.5,1.5,1.0,inference_affirm,partial,0.21404359694607059,0.39666666666666667,-0.6836866879005935,0.6523333333333333,0.0036884651397019554,0.5555594824035134
0.5,1.5,1.0,inference_affirm,projected,0.1914441919591449,0.38,-0.6796767895890468,0.682,-0.024277904020427555,0.5555594824035134
0.5,1.5,1.0,inference_affirm,standard,0.1837669093243465,0.3766666666666667,-0.6921140644898764,0.6623333333333333,-0.03144987867116008,0.5555594824035134
0.5,1.5,1.0,inference_categories,partial,0.16464905741295563,0.4,-0.6829983980168156,0.6666666666666666,-0.017675471293522194,0.47237875840178173
0.5,1.5,1.0,inference_categories,projected,0.251709644283377,0.39666666666666667,-0.6777592001383914,0.7126666666666667,0.022521488808355163,0.47237875840178173
0.5,1.5,1.0,inference_categories,standard,0.24972396356508003,0.39666666666666667,-0.6919585926478928,0.6836666666666666,0.02152864844920668,0.47237875840178173
1.0,0.5,0.0,choice_only,partial,0.20128983694035363,0.38666666666666666,-0.6843896537928447,0.7223333333333334,-0.01268841486315651,0.501477219330251
1.0,0.5,0.0,choice_only,projected,0.20128983694035363,0.38666666666666666,-0.6843896537928447,0.7223333333333334,-0.01268841486315651,0.501477219330251
1.0,0.5,0.0,choice_only,standard,0.19892455787410304,0.38666666666666666,-0.6919152820767185,0.682,-0.013871054396281815,0.501477219330251
1.0,0.5,0.0,inference_affirm,partial,0.18638302272518675,0.3766666666666667,-0.6859673550827329,0.682,-0.030141821970739953,0.5016344658044354
1.0,0.5,0.0,inference_affirm,projected,0.18638302272518675,0.3766666666666667,-0.6859673550827329,0.682,-0.030141821970739953,0.5016344658044354
1.0,0.5,0.0,inference_affirm,standard,0.1837669093243465,0.3766666666666667,-0.6921140644898764,0.6623333333333333,-0.03144987867116008,0.5016344658044354
1.0,0.5,0.0,inference_categories,partial,0.24955216747292364,0.39333333333333337,-0.6849545757531208,0.7110000000000001,0.018109417069795165,0.49584893479170195
1.0,0.5,0.0,inference_categories,projected,0.24955216747292364,0.39333333333333337,-0.6849545757531208,0.7110000000000001,0.018109417069795165,0.49584893479170195
1.0,0.5,0.0,inference_categories,standard,0.24972396356508003,0.39666666666666667,-0.6919585926478928,0.6836666666666666,0.02152864844920668,0.49584893479170195
1.0,0.5,0.25,choice_only,partial,0.20128983694035363,0.38666666666666666,-0.6843896537928447,0.7223333333333334,-0.01268841486315651,0.501477219330251
1.0,0.5,0.25,choice_only,projected,0.20128983694035363,0.38666666666666666,-0.6843896537928447,0.7223333333333334,-0.01268841486315651,0.501477219330251
1.0,0.5,0.25,choice_only,standard,0.19892455787410304,0.38666666666666666,-0.6919152820767185,0.682,-0.013871054396281815,0.501477219330251
1.0,0.5,0.25,inference_affirm,partial,0.19469577611404495,0.39666666666666667,-0.6865085153488618,0.6793333333333333,-0.005985445276310846,0.5300516777505525
1.0,0.5,0.25,inference_affirm,projected,0.18638302272518675,0.3766666666666667,-0.6859673550827329,0.682,-0.030141821970739953,0.5300516777505525
1.0,0.5,0.25,inference_affirm,standard,0.1837669093243465,0.3766666666666667,-0.6921140644898764,0.6623333333333333,-0.03144987867116008,0.5300516777505525
1.0,0.5,0.25,inference_categories,partial,0.2582471975759852,0.4033333333333333,-0.6856012875258225,0.7140000000000001,0.03245693212132595,0.5142468083674335
1.0,0.5,0.25,inference_categories,projected,0.24955216747292364,0.39333333333333337,-0.6849545757531208,0.7110000000000001,0.018109417069795165,0.5142468083674335
1.0,0.5,0.25,inference_categories,standard,0.24972396356508003,0.39666666666666667,-0.6919585926478928,0.6836666666666666,0.02152864844920668,0.5142468083674335
1.0,0.5,0.5,choice_only,partial,0.20128983694035363,0.38666666666666666,-0.6843896537928447,0.7223333333333334,-0.01268841486315651,0.501477219330251
1.0,0.5,0.5,choice_only,projected,0.20128983694035363,0.38666666666666666,-0.6843896537928447,0.7223333333333334,-0.01268841486315651,0.501477219330251
1.0,0.5,0.5,choice_only,standard,0.19892455787410304,0.38666666666666666,-0.6919152820767185,0.682,-0.013871054396281815,0.501477219330251
1.0,0.5,0.5,inference_affirm,partial,0.19987797657137885,0.38,-0.6870825830667191,0.6796666666666666,-0.02006101171431058,0.5135982616771496
1.0,0.5,0.5,inference_affirm,projected,0.18638302272518675,0.3766666666666667,-0.6859673550827329,0.682,-0.030141821970739953,0.5135982616771496
1.0,0.5,0.5,inference_affirm,standard,0.1837669093243465,0.3766666666666667,-0.6921140644898764,0.6623333333333333,-0.03144987867116008,0.5135982616771496
1.0,0.5,0.5,inference_categories,partial,0.25389946610317454,0.4033333333333333,-0.6862994481256763,0.7183333333333334,0.030283066384920586,0.5137664303700563
1.0,0.5,0.5,inference_categories,projected,0.24955216747292364,0.39333333333333337,-0.6849545757531208,0.7110000000000001,0.018109417069795165,0.5137664303700563
1.0,0.5,0.5,inference_categories,standard,0.24972396356508003,0.39666666666666667,-0.6919585926478928,0.6836666666666666,0.02152864844920668,0.5137664303700563
1.0,0.5,0.75,choice_only,partial,0.20128983694035363,0.38666666666666666,-0.6843896537928447,0.7223333333333334,-0.01268841486315651,0.501477219330251
1.0,0.5,0.75,choice_only,projected,0.20128983694035363,0.38666666666666666,-0.6843896537928447,0.7223333333333334,-0.01268841486315651,0.501477219330251
1.0,0.5,0.75,choice_only,standard,0.19892455787410304,0.38666666666666666,-0.6919152820767185,0.682,-0.013871054396281815,0.501477219330251
1.0,0.5,0.75,inference_affirm,partial,0.20364823227506898,0.38333333333333336,-0.6876725570654839,0.6793333333333333,-0.014842550529132177,0.5223781435790852
1.0,0.5,0.75,inference_affirm,projected,0.18638302272518675,0.3766666666666667,-0.6859673550827329,0.682,-0.030141821970739953,0.5223781435790852
1.0,0.5,0.75,inference_affirm,standard,0.1837669093243465,0.3766666666666667,-0.6921140644898764,0.6623333333333333,-0.03144987867116008,0.5223781435790852
1.0,0.5,0.75,inference_categories,partial,0.23975696204671249,0.4066666666666666,-0.6870138258703453,0.706,0.026545147690022912,0.508353489490223
1.0,0.5,0.75,inference_categories,projected,0.24955216747292364,0.39333333333333337,-0.6849545757531208,0.7110000000000001,0.018109417069795165,0.508353489490223
1.0,0.5,0.75,inference_categories,standard,0.24972396356508003,0.39666666666666667,-0.6919585926478928,0.6836666666666666,0.02152864844920668,0.508353489490223
1.0,0.5,1.0,choice_only,partial,0.20128983694035363,0.38666666666666666,-0.6843896537928447,0.7223333333333334,-0.01268841486315651,0.501477219330251
1.0,0.5,1.0,choice_only,projected,0.20128983694035363,0.38666666666666666,-0.6843896537928447,0.7223333333333334,-0.01268841486315651,0.501477219330251
1.0,0.5,1.0,choice_only,standard,0.19892455787410304,0.38666666666666666,-0.6919152820767185,0.682,-0.013871054396281815,0.501477219330251
1.0,0.5,1.0,inference_affirm,partial,0.21014545382388955,0.38333333333333336,-0.6882633233095089,0.6739999999999999,-0.011593939754721892,0.5304780000931931
1.0,0.5,1.0,inference_affirm,projected,0.18638302272518675,0.3766666666666667,-0.6859673550827329,0.682,-0.030141821970739953,0.5304780000931931
1.0,0.5,1.0,inference_affirm,standard,0.1837669093243465,0.3766666666666667,-0.6921140644898764,0.6623333333333333,-0.03144987867116008,0.5304780000931931
1.0,0.5,1.0,inference_categories,partial,0.23466893124942034,0.41333333333333333,-0.6877158700327493,0.6876666666666666,0.030667798958043505,0.5132506468335627
1.0,0.5,1.0,inference_categories,projected,0.24955216747292364,0.39333333333333337,-0.6849545757531208,0.7110000000000001,0.018109417069795165,0.5132506468335627
1.0,0.5,1.0,inference_categories,standard,0.24972396356508003,0.39666666666666667,-0.6919585926478928,0.6836666666666666,0.02152864844920668,0.5132506468335627
1.0,0.75,0.0,choice_only,partial,0.20128983694035363,0.38666666666666666,-0.6843896537928447,0.7223333333333334,-0.01268841486315651,0.501477219330251
1.0,0.75,0.0,choice_only,projected,0.20128983694035363,0.38666666666666666,-0.6843896537928447,0.7223333333333334,-0.01268841486315651,0.501477219330251
1.0,0.75,0.0,choice_only,standard,0.19892455787410304,0.38666666666666666,-0.6919152820767185,0.682,-0.013871054396281815,0.501477219330251
1.0,0.75,0.0,inference_affirm,partial,0.18638302272518675,0.3766666666666667,-0.6859673550827329,0.682,-0.030141821970739953,0.5016344658044354
1.0,0.75,0.0,inference_affirm,projected,0.18638302272518675,0.3766666666666667,-0.6859673550827329,0.682,-0.030141821970739953,0.5016344658044354
1.0,0.75,0.0,inference_affirm,standard,0.1837669093243465,0.3766666666666667,-0.6921140644898764,0.6623333333333333,-0.03144987867116008,0.5016344658044354
1.0,0.75,0.0,inference_categories,partial,0.24955216747292364,0.39333333333333337,-0.6849545757531208,0.7110000000000001,0.018109417069795165,0.49584893479170195
1.0,0.75,0.0,inference_categories,projected,0.24955216747292364,0.39333333333333337,-0.6849545757531208,0.7110000000000001,0.018109417069795165,0.49584893479170195
1.0,0.75,0.0,inference_categories,standard,0.24972396356508003,0.39666666666666667,-0.6919585926478928,0.6836666666666666,0.02152864844920668,0.49584893479170195
1.0,0.75,0.25,choice_only,partial,0.20128983694035363,0.38666666666666666,-0.6843896537928447,0.7223333333333334,-0.01268841486315651,0.501477219330251
1.0,0.75,0.25,choice_only,projected,0.20128983694035363,0.38666666666666666,-0.6843896537928447,0.7223333333333334,-0.01268841486315651,0.501477219330251
1.0,0.75,0.25,choice_only,standard,0.19892455787410304,0.38666666666666666,-0.6919152820767185,0.682,-0.013871054396281815,0.501477219330251
1.0,0.75,0.25,inference_affirm,partial,0.19880573052329445,0.39333333333333337,-0.6864863285770899,0.6799999999999999,-0.007263801405019444,0.5287324445180678
1.0,0.75,0.25,inference_affirm,projected,0.18638302272518675,0.3766666666666667,-0.6859673550827329,0.682,-0.030141821970739953,0.5287324445180678
1.0,0.75,0.25,inference_affirm,standard,0.1837669093243465,0.3766666666666667,-0.6921140644898764,0.6623333333333333,-0.03144987867116008,0.5287324445180678
1.0,0.75,0.25,inference_categories,partial,0.2611087834226336,0.4033333333333333,-0.6856017692219953,0.7153333333333334,0.033887725044650124,0.5159278861759768
1.0,0.75,0.25,inference_categories,projected,0.24955216747292364,0.39333333333333337,-0.6849545757531208,0.7110000000000001,0.018109417069795165,0.5159278861759768
1.0,0.75,0.25,inference_categories,standard,0.24972396356508003,0.39666666666666667,-0.6919585926478928,0.6836666666666666,0.02152864844920668,0.5159278861759768
1.0,0.75,0.5,choice_only,partial,0.20128983694035363,0.38666666666666666,-0.6843896537928447,0.7223333333333334,-0.01268841486315651,0.501477219330251
1.0,0.75,0.5,choice_only,projected,0.20128983694035363,0.38666666666666666,-0.6843896537928447,0.7223333333333334,-0.01268841486315651,0.501477219330251
1.0,0.75,0.5,choice_only,standard,0.19892455787410304,0.38666666666666666,-0.6919152820767185,0.682,-0.013871054396281815,0.501477219330251
1.0,0.75,0.5,inference_affirm,partial,0.20634964356723456,0.38,-0.6870418881045239,0.6806666666666668,-0.016825178216382707,0.5182263931515425
1.0,0.75,0.5,inference_affirm,projected,0.18638302272518675,0.3766666666666667,-0.6859673550827329,0.682,-0.030141821970739953,0.5182263931515425
1.0,0.75,0.5,inference_affirm,standard,0.1837669093243465,0.3766666666666667,-0.6921140644898764,0.6623333333333333,-0.03144987867116008,0.5182263931515425
1.0,0.75,0.5,inference_categories,partial,0.2517628950647903,0.4066666666666666,-0.6863074974355008,0.712,0.03254811419906184,0.5163320109289669
1.0,0.75,0.5,inference_categories,projected,0.24955216747292364,0.39333333333333337,-0.6849545757531208,0.7110000000000001,0.018109417069795165,0.5163320109289669
1.0,0.75,0.5,inference_categories,standard,0.24972396356508003,0.39666666666666667,-0.6919585926478928,0.6836666666666666,0.02152864844920668,0.5163320109289669
1.0,0.75,0.75,choice_only,partial,0.20128983694035363,0.38666666666666666,-0.6843896537928447,0.7223333333333334,-0.01268841486315651,0.501477219330251
1.0,0.75,0.75,choice_only,projected,0.20128983694035363,0.38666666666666666,-0.6843896537928447,0.7223333333333334,-0.01268841486315651,0.501477219330251
1.0,0.75,0.75,choice_only,standard,0.19892455787410304,0.38666666666666666,-0.6919152820767185,0.682,-0.013871054396281815,0.501477219330251
1.0,0.75,0.75,inference_affirm,partial,0.21501603503262592,0.38333333333333336,-0.6876076309090696,0.6763333333333333,-0.009158649150353705,0.5324445772820366
1.0,0.75,0.75,inference_affirm,projected,0.18638302272518675,0.3766666666666667,-0.6859673550827329,0.682,-0.030141821970739953,0.5324445772820366
1.0,0.75,0.75,inference_affirm,standard,0.1837669093243465,0.3766666666666667,-0.6921140644898764,0.6623333333333333,-0.03144987867116008,0.5324445772820366
1.0,0.75,0.75,inference_categories,partial,0.238974474030849,0.39666666666666667,-0.6870142136955756,0.6953333333333334,0.016153903682091172,0.4993409774156696
1.0,0.75,0.75,inference_categories,projected,0.24955216747292364,0.39333333333333337,-0.6849545757531208,0.7110000000000001,0.018109417069795165,0.4993409774156696
1.0,0.75,0.75,inference_categories,standard,0.24972396356508003,0.39666666666666667,-0.6919585926478928,0.6836666666666666,0.02152864844920668,0.4993409774156696
1.0,0.75,1.0,choice_only,partial,0.20128983694035363,0.38666666666666666,-0.6843896537928447,0.7223333333333334,-0.01268841486315651,0.501477219330251
1.0,0.75,1.0,choice_only,projected,0.20128983694035363,0.38666666666666666,-0.6843896537928447,0.7223333333333334,-0.01268841486315651,0.501477219330251
1.0,0.75,1.0,choice_only,standard,0.19892455787410304,0.38666666666666666,-0.6919152820767185,0.682,-0.013871054396281815,0.501477219330251
1.0,0.75,1.0,inference_affirm,partial,0.22320511601699183,0.39333333333333337,-0.6881659675161018,0.669,0.004935891341829245,0.5496791503036229
1.0,0.75,1.0,inference_affirm,projected,0.18638302272518675,0.3766666666666667,-0.6859673550827329,0.682,-0.030141821970739953,0.5496791503036229
1.0,0.75,1.0,inference_affirm,standard,0.1837669093243465,0.3766666666666667,-0.6921140644898764,0.6623333333333333,-0.03144987867116008,0.5496791503036229
1.0,0.75,1.0,inference_categories,partial,0.21553794767292797,0.4,-0.687686876427967,0.6806666666666668,0.0077689738364639755,0.48904373222097774
1.0,0.75,1.0,inference_categories,projected,0.24955216747292364,0.39333333333333337,-0.6849545757531208,0.7110000000000001,0.018109417069795165,0.48904373222097774
1.0,0.75,1.0,inference_categories,standard,0.24972396356508003,0.39666666666666667,-0.6919585926478928,0.6836666666666666,0.02152864844920668,0.48904373222097774
1.0,1.0,0.0,choice_only,partial,0.20128983694035363,0.38666666666666666,-0.6843896537928447,0.7223333333333334,-0.01268841486315651,0.501477219330251
1.0,1.0,0.0,choice_only,projected,0.20128983694035363,0.38666666666666666,-0.6843896537928447,0.7223333333333334,-0.01268841486315651,0.501477219330251
1.0,1.0,0.0,choice_only,standard,0.19892455787410304,0.38666666666666666,-0.6919152820767185,0.682,-0.013871054396281815,0.501477219330251
1.0,1.0,0.0,inference_affirm,partial,0.18638302272518675,0.3766666666666667,-0.6859673550827329,0.682,-0.030141821970739953,0.5016344658044354
1.0,1.0,0.0,inference_affirm,projected,0.18638302272518675,0.3766666666666667,-0.6859673550827329,0.682,-0.030141821970739953,0.5016344658044354
1.0,1.0,0.0,inference_affirm,standard,0.1837669093243465,0.3766666666666667,-0.6921140644898764,0.6623333333333333,-0.03144987867116008,0.5016344658044354
1.0,1.0,0.0,inference_categories,partial,0.24955216747292364,0.39333333333333337,-0.6849545757531208,0.7110000000000001,0.018109417069795165,0.49584893479170195
1.0,1.0,0.0,inference_categories,projected,0.24955216747292364,0.39333333333333337,-0.6849545757531208,0.7110000000000001,0.018109417069795165,0.49584893479170195
1.0,1.0,0.0,inference_categories,standard,0.24972396356508003,0.39666666666666667,-0.6919585926478928,0.6836666666666666,0.02152864844920668,0.49584893479170195
1.0,1.0,0.25,choice_only,partial,0.20128983694035363,0.38666666666666666,-0.6843896537928447,0.7223333333333334,-0.01268841486315651,0.501477219330251
1.0,1.0,0.25,choice_only,projected,0.20128983694035363,0.38666666666666666,-0.6843896537928447,0.7223333333333334,-0.01268841486315651,0.501477219330251
1.0,1.0,0.25,choice_only,standard,0.19892455787410304,0.38666666666666666,-0.6919152820767185,0.682,-0.013871054396281815,0.501477219330251
1.0,1.0,0.25,inference_affirm,partial,0.2039678495594364,0.39666666666666667,-0.6864670641031991,0.6793333333333333,-0.0013494085536151401,0.5358206188657739
1.0,1.0,0.25,inference_affirm,projected,0.18638302272518675,0.3766666666666667,-0.6859673550827329,0.682,-0.030141821970739953,0.5358206188657739
1.0,1.0,0.25,inference_affirm,standard,0.1837669093243465,0.3766666666666667,-0.6921140644898764,0.6623333333333333,-0.03144987867116008,0.5358206188657739
1.0,1.0,0.25,inference_categories,partial,0.2550444216574454,0.4,-0.6856063447090507,0.7173333333333333,0.02752221082872271,0.508580784165418
1.0,1.0,0.25,inference_categories,projected,0.24955216747292364,0.39333333333333337,-0.6849545757531208,0.7110000000000001,0.018109417069795165,0.508580784165418
1.0,1.0,0.25,inference_categories,standard,0.24972396356508003,0.39666666666666667,-0.6919585926478928,0.6836666666666666,0.02152864844920668,0.508580784165418
1.0,1.0,0.5,choice_only,partial,0.20128983694035363,0.38666666666666666,-0.6843896537928447,0.7223333333333334,-0.01268841486315651,0.501477219330251
1.0,1.0,0.5,choice_only,projected,0.20128983694035363,0.38666666666666666,-0.6843896537928447,0.7223333333333334,-0.01268841486315651,0.501477219330251
1.0,1.0,0.5,choice_only,standard,0.19892455787410304,0.38666666666666666,-0.6919152820767185,0.682,-0.013871054396281815,0.501477219330251
1.0,1.0,0.5,inference_affirm,partial,0.21090850678627848,0.3766666666666667,-0.6870085762200071,0.6843333333333333,-0.01787907994019409,0.5222508854957504
1.0,1.0,0.5,inference_affirm,projected,0.18638302272518675,0.3766666666666667,-0.6859673550827329,0.682,-0.030141821970739953,0.5222508854957504
1.0,1.0,0.5,inference_affirm,standard,0.1837669093243465,0.3766666666666667,-0.6921140644898764,0.6623333333333333,-0.03144987867116008,0.5222508854957504
1.0,1.0,0.5,inference_categories,partial,0.24694045939893694,0.4033333333333333,-0.6863232676549637,0.7076666666666667,0.026803563032801802,0.5122174667855147
1.0,1.0,0.5,inference_categories,projected,0.24955216747292364,0.39333333333333337,-0.6849545757531208,0.7110000000000001,0.018109417069795165,0.5122174667855147
1.0,1.0,0.5,inference_categories,standard,0.24972396356508003,0.39666666666666667,-0.6919585926478928,0.6836666666666666,0.02152864844920668,0.5122174667855147
1.0,1.0,0.75,choice_only,partial,0.20128983694035363,0.38666666666666666,-0.6843896537928447,0.7223333333333334,-0.01268841486315651,0.501477219330251
1.0,1.0,0.75,choice_only,projected,0.20128983694035363,0.38666666666666666,-0.6843896537928447,0.7223333333333334,-0.01268841486315651,0.501477219330251
1.0,1.0,0.75,choice_only,standard,0.19892455787410304,0.38666666666666666,-0.6919152820767185,0.682,-0.013871054396281815,0.501477219330251
1.0,1.0,0.75,inference_affirm,partial,0.21493065276535026,0.38999999999999996,-0.6875547824209794,0.6723333333333333,-0.0025346736173248747,0.5417542480804869
1.0,1.0,0.75,inference_affirm,projected,0.18638302272518675,0.3766666666666667,-0.6859673550827329,0.682,-0.030141821970739953,0.5417542480804869
1.0,1.0,0.75,inference_affirm,standard,0.1837669093243465,0.3766666666666667,-0.6921140644898764,0.6623333333333333,-0.03144987867116008,0.5417542480804869
1.0,1.0,0.75,inference_categories,partial,0.22490855358987188,0.4033333333333333,-0.6870220929256267,0.685,0.015787610128269274,0.49716521222261695
1.0,1.0,0.75,inference_categories,projected,0.24955216747292364,0.39333333333333337,-0.6849545757531208,0.7110000000000001,0.018109417069795165,0.49716521222261695
1.0,1.0,0.75,inference_categories,standard,0.24972396356508003,0.39666666666666667,-0.6919585926478928,0.6836666666666666,0.02152864844920668,0.49716521222261695
1.0,1.0,1.0,choice_only,partial,0.20128983694035363,0.38666666666666666,-0.6843896537928447,0.7223333333333334,-0.01268841486315651,0.501477219330251
1.0,1.0,1.0,choice_only,projected,0.20128983694035363,0.38666666666666666,-0.6843896537928447,0.7223333333333334,-0.01268841486315651,0.501477219330251
1.0,1.0,1.0,choice_only,standard,0.19892455787410304,0.38666666666666666,-0.6919152820767185,0.682,-0.013871054396281815,0.501477219330251
1.0,1.0,1.0,inference_affirm,partial,0.22852399177543525,0.39666666666666667,-0.6880883346487967,0.66,0.010928662554384298,0.5603569368629934
1.0,1.0,1.0,inference_affirm,projected,0.18638302272518675,0.3766666666666667,-0.6859673550827329,0.682,-0.030141821970739953,0.5603569368629934
1.0,1.0,1.0,inference_affirm,standard,0.1837669093243465,0.3766666666666667,-0.6921140644898764,0.6623333333333333,-0.03144987867116008,0.5603569368629934
1.0,1.0,1.0,inference_categories,partial,0.19870188680641918,0.4033333333333333,-0.6876663627308142,0.6726666666666666,0.0026842767365429228,0.487188359776762
1.0,1.0,1.0,inference_categories,projected,0.24955216747292364,0.39333333333333337,-0.6849545757531208,0.7110000000000001,0.018109417069795165,0.487188359776762
1.0,1.0,1.0,inference_categories,standard,0.24972396356508003,0.39666666666666667,-0.6919585926478928,0.6836666666666666,0.02152864844920668,0.487188359776762
1.0,1.25,0.0,choice_only,partial,0.20128983694035363,0.38666666666666666,-0.6843896537928447,0.7223333333333334,-0.01268841486315651,0.501477219330251
1.0,1.25,0.0,choice_only,projected,0.20128983694035363,0.38666666666666666,-0.6843896537928447,0.7223333333333334,-0.01268841486315651,0.501477219330251
1.0,1.25,0.0,choice_only,standard,0.19892455787410304,0.38666666666666666,-0.6919152820767185,0.682,-0.013871054396281815,0.501477219330251
1.0,1.25,0.0,inference_affirm,partial,0.18638302272518675,0.3766666666666667,-0.6859673550827329,0.682,-0.030141821970739953,0.5016344658044354
1.0,1.25,0.0,inference_affirm,projected,0.18638302272518675,0.3766666666666667,-0.6859673550827329,0.682,-0.030141821970739953,0.5016344658044354
1.0,1.25,0.0,inference_affirm,standard,0.1837669093243465,0.3766666666666667,-0.6921140644898764,0.6623333333333333,-0.03144987867116008,0.5016344658044354
1.0,1.25,0.0,inference_categories,partial,0.24955216747292364,0.39333333333333337,-0.6849545757531208,0.7110000000000001,0.018109417069795165,0.49584893479170195
1.0,1.25,0.0,inference_categories,projected,0.24955216747292364,0.39333333333333337,-0.6849545757531208,0.7110000000000001,0.018109417069795165,0.49584893479170195
1.0,1.25,0.0,inference_categories,standard,0.24972396356508003,0.39666666666666667,-0.6919585926478928,0.6836666666666666,0.02152864844920668,0.49584893479170195
1.0,1.25,0.25,choice_only,partial,0.20128983694035363,0.38666666666666666,-0.6843896537928447,0.7223333333333334,-0.01268841486315651,0.501477219330251
1.0,1.25,0.25,choice_only,projected,0.20128983694035363,0.38666666666666666,-0.6843896537928447,0.7223333333333334,-0.01268841486315651,0.501477219330251
1.0,1.25,0.25,choice_only,standard,0.19892455787410304,0.38666666666666666,-0.6919152820767185,0.682,-0.013871054396281815,0.501477219330251
1.0,1.25,0.25,inference_affirm,partial,0.20382585926253763,0.39333333333333337,-0.6864505459843001,0.6803333333333333,-0.00475373703539786,0.5315832428504986
1.0,1.25,0.25,inference_affirm,projected,0.18638302272518675,0.3766666666666667,-0.6859673550827329,0.682,-0.030141821970739953,0.5315832428504986
1.0,1.25,0.25,inference_affirm,standard,0.1837669093243465,0.3766666666666667,-0.6921140644898764,0.6623333333333333,-0.03144987867116008,0.5315832428504986
1.0,1.25,0.25,inference_categories,partial,0.25423517470944895,0.39666666666666667,-0.6856146210341866,0.7156666666666667,0.023784254021391133,0.5039958659948792
1.0,1.25,0.25,inference_categories,projected,0.24955216747292364,0.39333333333333337,-0.6849545757531208,0.7110000000000001,0.018109417069795165,0.5039958659948792
1.0,1.25,0.25,inference_categories,standard,0.24972396356508003,0.39666666666666667,-0.6919585926478928,0.6836666666666666,0.02152864844920668,0.5039958659948792
1.0,1.25,0.5,choice_only,partial,0.20128983694035363,0.38666666666666666,-0.6843896537928447,0.7223333333333334,-0.01268841486315651,0.501477219330251
1.0,1.25,0.5,choice_only,projected,0.20128983694035363,0.38666666666666666,-0.6843896537928447,0.7223333333333334,-0.01268841486315651,0.501477219330251
1.0,1.25,0.5,choice_only,standard,0.19892455787410304,0.38666666666666666,-0.6919152820767185,0.682,-0.013871054396281815,0.501477219330251
1.0,1.25,0.5,inference_affirm,partial,0.21144701235998342,0.38,-0.686982217692453,0.6796666666666666,-0.014276493820008304,0.5269504529711315
1.0,1.25,0.5,inference_affirm,projected,0.18638302272518675,0.3766666666666667,-0.6859673550827329,0.682,-0.030141821970739953,0.5269504529711315
1.0,1.25,0.5,inference_affirm,standard,0.1837669093243465,0.3766666666666667,-0.6921140644898764,0.6623333333333333,-0.03144987867116008,0.5269504529711315
1.0,1.25,0.5,inference_categories,partial,0.23427559110550436,0.39666666666666667,-0.6863451581083548,0.7,0.01380446221941885,0.498083289543641
1.0,1.25,0.5,inference_categories,projected,0.24955216747292364,0.39333333333333337,-0.6849545757531208,0.7110000000000001,0.018109417069795165,0.498083289543641
1.0,1.25,0.5,inference_categories,standard,0.24972396356508003,0.39666666666666667,-0.6919585926478928,0.6836666666666666,0.02152864844920668,0.498083289543641
1.0,1.25,0.75,choice_only,partial,0.20128983694035363,0.38666666666666666,-0.6843896537928447,0.7223333333333334,-0.01268841486315651,0.501477219330251
1.0,1.25,0.75,choice_only,projected,0.20128983694035363,0.38666666666666666,-0.6843896537928447,0.7223333333333334,-0.01268841486315651,0.501477219330251
1.0,1.25,0.75,choice_only,standard,0.19892455787410304,0.38666666666666666,-0.6919152820767185,0.682,-0.013871054396281815,0.501477219330251
1.0,1.25,0.75,inference_affirm,partial,0.21451373888770892,0.39333333333333337,-0.6875154336561754,0.6663333333333334,0.0005902027771877807,0.5473818351392519
1.0,1.25,0.75,inference_affirm,projected,0.18638302272518675,0.3766666666666667,-0.6859673550827329,0.682,-0.030141821970739953,0.5473818351392519
1.0,1.25,0.75,inference_affirm,standard,0.1837669093243465,0.3766666666666667,-0.6921140644898764,0.6623333333333333,-0.03144987867116008,0.5473818351392519
1.0,1.25,0.75,inference_categories,partial,0.19999204011283483,0.4033333333333333,-0.6870375498523537,0.678,0.003329353389750746,0.4857554187953145
1.0,1.25,0.75,inference_categories,projected,0.24955216747292364,0.39333333333333337,-0.6849545757531208,0.7110000000000001,0.018109417069795165,0.4857554187953145
1.0,1.25,0.75,inference_categories,standard,0.24972396356508003,0.39666666666666667,-0.6919585926478928,0.6836666666666666,0.02152864844920668,0.4857554187953145
1.0,1.25,1.0,choice_only,partial,0.20128983694035363,0.38666666666666666,-0.6843896537928447,0.7223333333333334,-0.01268841486315651,0.501477219330251
1.0,1.25,1.0,choice_only,projected,0.20128983694035363,0.38666666666666666,-0.6843896537928447,0.7223333333333334,-0.01268841486315651,0.501477219330251
1.0,1.25,1.0,choice_only,standard,0.19892455787410304,0.38666666666666666,-0.6919152820767185,0.682,-0.013871054396281815,0.501477219330251
1.0,1.25,1.0,inference_affirm,partial,0.22524012659867368,0.4033333333333333,-0.6880342399253078,0.6549999999999999,0.015953396632670164,0.5651108400972613
1.0,1.25,1.0,inference_affirm,projected,0.18638302272518675,0.3766666666666667,-0.6859673550827329,0.682,-0.030141821970739953,0.5651108400972613
1.0,1.25,1.0,inference_affirm,standard,0.1837669093243465,0.3766666666666667,-0.6921140644898764,0.6623333333333333,-0.03144987867116008,0.5651108400972613
1.0,1.25,1.0,inference_categories,partial,0.1777378293186044,0.39666666666666667,-0.6876584448612401,0.6633333333333333,-0.014464418674031131,0.47377446993883815
1.0,1.25,1.0,inference_categories,projected,0.24955216747292364,0.39333333333333337,-0.6849545757531208,0.7110000000000001,0.018109417069795165,0.47377446993883815
1.0,1.25,1.0,inference_categories,standard,0.24972396356508003,0.39666666666666667,-0.6919585926478928,0.6836666666666666,0.02152864844920668,0.47377446993883815
1.0,1.5,0.0,choice_only,partial,0.20128983694035363,0.38666666666666666,-0.6843896537928447,0.7223333333333334,-0.01268841486315651,0.501477219330251
1.0,1.5,0.0,choice_only,projected,0.20128983694035363,0.38666666666666666,-0.6843896537928447,0.7223333333333334,-0.01268841486315651,0.501477219330251
1.0,1.5,0.0,choice_only,standard,0.19892455787410304,0.38666666666666666,-0.6919152820767185,0.682,-0.013871054396281815,0.501477219330251
1.0,1.5,0.0,inference_affirm,partial,0.18638302272518675,0.3766666666666667,-0.6859673550827329,0.682,-0.030141821970739953,0.5016344658044354
1.0,1.5,0.0,inference_affirm,projected,0.18638302272518675,0.3766666666666667,-0.6859673550827329,0.682,-0.030141821970739953,0.5016344658044354
1.0,1.5,0.0,inference_affirm,standard,0.1837669093243465,0.3766666666666667,-0.6921140644898764,0.6623333333333333,-0.03144987867116008,0.5016344658044354
1.0,1.5,0.0,inference_categories,partial,0.24955216747292364,0.39333333333333337,-0.6849545757531208,0.7110000000000001,0.018109417069795165,0.49584893479170195
1.0,1.5,0.0,inference_categories,projected,0.24955216747292364,0.39333333333333337,-0.6849545757531208,0.7110000000000001,0.018109417069795165,0.49584893479170195
1.0,1.5,0.0,inference_categories,standard,0.24972396356508003,0.39666666666666667,-0.6919585926478928,0.6836666666666666,0.02152864844920668,0.49584893479170195
1.0,1.5,0.25,choice_only,partial,0.20128983694035363,0.38666666666666666,-0.6843896537928447,0.7223333333333334,-0.01268841486315651,0.501477219330251
1.0,1.5,0.25,choice_only,projected,0.20128983694035363,0.38666666666666666,-0.6843896537928447,0.7223333333333334,-0.01268841486315651,0.501477219330251
1.0,1.5,0.25,choice_only,standard,0.19892455787410304,0.38666666666666666,-0.6919152820767185,0.682,-0.013871054396281815,0.501477219330251
1.0,1.5,0.25,inference_affirm,partial,0.20152550638155706,0.38333333333333336,-0.6864365984370249,0.6813333333333333,-0.015903913475888126,0.5192527981939168
1.0,1.5,0.25,inference_affirm,projected,0.18638302272518675,0.3766666666666667,-0.6859673550827329,0.682,-0.030141821970739953,0.5192527981939168
1.0,1.5,0.25,inference_affirm,standard,0.1837669093243465,0.3766666666666667,-0.6921140644898764,0.6623333333333333,-0.03144987867116008,0.5192527981939168
1.0,1.5,0.25,inference_categories,partial,0.24839497158630724,0.39666666666666667,-0.6856262042516761,0.7146666666666667,0.020864152459820297,0.5019497216201169
1.0,1.5,0.25,inference_categories,projected,0.24955216747292364,0.39333333333333337,-0.6849545757531208,0.7110000000000001,0.018109417069795165,0.5019497216201169
1.0,1.5,0.25,inference_categories,standard,0.24972396356508003,0.39666666666666667,-0.6919585926478928,0.6836666666666666,0.02152864844920668,0.5019497216201169
1.0,1.5,0.5,choice_only,partial,0.20128983694035363,0.38666666666666666,-0.6843896537928447,0.7223333333333334,-0.01268841486315651,0.501477219330251
1.0,1.5,0.5,choice_only,projected,0.20128983694035363,0.38666666666666666,-0.6843896537928447,0.7223333333333334,-0.01268841486315651,0.501477219330251
1.0,1.5,0.5,choice_only,standard,0.19892455787410304,0.38666666666666666,-0.6919152820767185,0.682,-0.013871054396281815,0.501477219330251
1.0,1.5,0.5,inference_affirm,partial,0.21287867366699317,0.38999999999999996,-0.68696266238095,0.6743333333333333,-0.003560663166503421,0.5394549176804979
1.0,1.5,0.5,inference_affirm,projected,0.18638302272518675,0.3766666666666667,-0.6859673550827329,0.682,-0.030141821970739953,0.5394549176804979
1.0,1.5,0.5,inference_affirm,standard,0.1837669093243465,0.3766666666666667,-0.6921140644898764,0.6623333333333333,-0.03144987867116008,0.5394549176804979
1.0,1.5,0.5,inference_categories,partial,0.21929495603366075,0.39666666666666667,-0.6863721507964475,0.696,0.006314144683497041,0.4903779452838834
1.0,1.5,0.5,inference_categories,projected,0.24955216747292364,0.39333333333333337,-0.6849545757531208,0.7110000000000001,0.018109417069795165,0.4903779452838834
1.0,1.5,0.5,inference_categories,standard,0.24972396356508003,0.39666666666666667,-0.6919585926478928,0.6836666666666666,0.02152864844920668,0.4903779452838834
1.0,1.5,0.75,choice_only,partial,0.20128983694035363,0.38666666666666666,-0.6843896537928447,0.7223333333333334,-0.01268841486315651,0.501477219330251
1.0,1.5,0.75,choice_only,projected,0.20128983694035363,0.38666666666666666,-0.6843896537928447,0.7223333333333334,-0.01268841486315651,0.501477219330251
1.0,1.5,0.75,choice_only,standard,0.19892455787410304,0.38666666666666666,-0.6919152820767185,0.682,-0.013871054396281815,0.501477219330251
1.0,1.5,0.75,inference_affirm,partial,0.21047339826942815,0.4,-0.6874903259317127,0.6653333333333333,0.005236699134714074,0.5555860254970983
1.0,1.5,0.75,inference_affirm,projected,0.18638302272518675,0.3766666666666667,-0.6859673550827329,0.682,-0.030141821970739953,0.5555860254970983
1.0,1.5,0.75,inference_affirm,standard,0.1837669093243465,0.3766666666666667,-0.6921140644898764,0.6623333333333333,-0.03144987867116008,0.5555860254970983
1.0,1.5,0.75,inference_categories,partial,0.1885740434023792,0.39333333333333337,-0.6870610202530024,0.6726666666666666,-0.01237964496547706,0.4719734070875518
1.0,1.5,0.75,inference_categories,projected,0.24955216747292364,0.39333333333333337,-0.6849545757531208,0.7110000000000001,0.018109417069795165,0.4719734070875518
1.0,1.5,0.75,inference_categories,standard,0.24972396356508003,0.39666666666666667,-0.6919585926478928,0.6836666666666666,0.02152864844920668,0.4719734070875518
1.0,1.5,1.0,choice_only,partial,0.20128983694035363,0.38666666666666666,-0.6843896537928447,0.7223333333333334,-0.01268841486315651,0.501477219330251
1.0,1.5,1.0,choice_only,projected,0.20128983694035363,0.38666666666666666,-0.6843896537928447,0.7223333333333334,-0.01268841486315651,0.501477219330251
1.0,1.5,1.0,choice_only,standard,0.19892455787410304,0.38666666666666666,-0.6919152820767185,0.682,-0.013871054396281815,0.501477219330251
1.0,1.5,1.0,inference_affirm,partial,0.21432152982844505,0.41,-0.6880034798724092,0.648,0.017160764914222516,0.5695256129648081
1.0,1.5,1.0,inference_affirm,projected,0.18638302272518675,0.3766666666666667,-0.6859673550827329,0.682,-0.030141821970739953,0.5695256129648081
1.0,1.5,1.0,inference_affirm,standard,0.1837669093243465,0.3766666666666667,-0.6921140644898764,0.6623333333333333,-0.03144987867116008,0.5695256129648081
1.0,1.5,1.0,inference_categories,partial,0.1672735787184415,0.39666666666666667,-0.6876648988108759,0.6563333333333333,-0.019696543974112586,0.47091402975526
1.0,1.5,1.0,inference_categories,projected,0.24955216747292364,0.39333333333333337,-0.6849545757531208,0.7110000000000001,0.018109417069795165,0.47091402975526
1.0,1.5,1.0,inference_categories,standard,0.24972396356508003,0.39666666666666667,-0.6919585926478928,0.6836666666666666,0.02152864844920668,0.47091402975526
2.5,0.5,0.0,choice_only,partial,0.19952982847622874,0.38666666666666666,-0.6895034827013935,0.7206666666666667,-0.013568419095218958,0.5003782239468657
2.5,0.5,0.0,choice_only,projected,0.19952982847622874,0.38666666666666666,-0.6895034827013935,0.7206666666666667,-0.013568419095218958,0.5003782239468657
2.5,0.5,0.0,choice_only,standard,0.19892455787410304,0.38666666666666666,-0.6919152820767185,0.682,-0.013871054396281815,0.5003782239468657
2.5,0.5,0.0,inference_affirm,partial,0.18384767720385423,0.3766666666666667,-0.6901555739265214,0.6799999999999999,-0.03140949473140624,0.5000504851168336
2.5,0.5,0.0,inference_affirm,projected,0.18384767720385423,0.3766666666666667,-0.6901555739265214,0.6799999999999999,-0.03140949473140624,0.5000504851168336
2.5,0.5,0.0,inference_affirm,standard,0.1837669093243465,0.3766666666666667,-0.6921140644898764,0.6623333333333333,-0.03144987867116008,0.5000504851168336
2.5,0.5,0.0,inference_categories,partial,0.24994867119983671,0.39333333333333337,-0.689735875229036,0.7103333333333333,0.018307668933251694,0.4960850705963227
2.5,0.5,0.0,inference_categories,projected,0.24994867119983671,0.39333333333333337,-0.689735875229036,0.7103333333333333,0.018307668933251694,0.4960850705963227
2.5,0.5,0.0,inference_categories,standard,0.24972396356508003,0.39666666666666667,-0.6919585926478928,0.6836666666666666,0.02152864844920668,0.4960850705963227
2.5,0.5,0.25,choice_only,partial,0.19952982847622874,0.38666666666666666,-0.6895034827013935,0.7206666666666667,-0.013568419095218958,0.5003782239468657
2.5,0.5,0.25,choice_only,projected,0.19952982847622874,0.38666666666666666,-0.6895034827013935,0.7206666666666667,-0.013568419095218958,0.5003782239468657
2.5,0.5,0.25,choice_only,standard,0.19892455787410304,0.38666666666666666,-0.6919152820767185,0.682,-0.013871054396281815,0.5003782239468657
2.5,0.5,0.25,inference_affirm,partial,0.19311526673211768,0.38999999999999996,-0.6903956485000592,0.6793333333333333,-0.013442366633941164,0.5212961498618641
2.5,0.5,0.25,inference_affirm,projected,0.18384767720385423,0.3766666666666667,-0.6901555739265214,0.6799999999999999,-0.03140949473140624,0.5212961498618641
2.5,0.5,0.25,inference_affirm,standard,0.1837669093243465,0.3766666666666667,-0.6921140644898764,0.6623333333333333,-0.03144987867116008,0.5212961498618641
2.5,0.5,0.25,inference_categories,partial,0.2580952037572232,0.4,-0.6900243744877739,0.7133333333333333,0.02904760187861162,0.5102103431556343
2.5,0.5,0.25,inference_categories,projected,0.24994867119983671,0.39333333333333337,-0.689735875229036,0.7103333333333333,0.018307668933251694,0.5102103431556343
2.5,0.5,0.25,inference_categories,standard,0.24972396356508003,0.39666666666666667,-0.6919585926478928,0.6836666666666666,0.02152864844920668,0.5102103431556343
2.5,0.5,0.5,choice_only,partial,0.19952982847622874,0.38666666666666666,-0.6895034827013935,0.7206666666666667,-0.013568419095218958,0.5003782239468657
2.5,0.5,0.5,choice_only,projected,0.19952982847622874,0.38666666666666666,-0.6895034827013935,0.7206666666666667,-0.013568419095218958,0.5003782239468657
2.5,0.5,0.5,choice_only,standard,0.19892455787410304,0.38666666666666666,-0.6919152820767185,0.682,-0.013871054396281815,0.5003782239468657
2.5,0.5,0.5,inference_affirm,partial,0.19614979457203688,0.38333333333333336,-0.690641622609898,0.6803333333333333,-0.018591769380648226,0.5153934236189567
2.5,0.5,0.5,inference_affirm,projected,0.18384767720385423,0.3766666666666667,-0.6901555739265214,0.6799999999999999,-0.03140949473140624,0.5153934236189567
2.5,0.5,0.5,inference_affirm,standard,0.1837669093243465,0.3766666666666667,-0.6921140644898764,0.6623333333333333,-0.03144987867116008,0.5153934236189567
2.5,0.5,0.5,inference_categories,partial,0.255429493500324,0.4,-0.6903221067203131,0.7173333333333333,0.027714746750162018,0.5103612136059276
2.5,0.5,0.5,inference_categories,projected,0.24994867119983671,0.39333333333333337,-0.689735875229036,0.7103333333333333,0.018307668933251694,0.5103612136059276
2.5,0.5,0.5,inference_categories,standard,0.24972396356508003,0.39666666666666667,-0.6919585926478928,0.6836666666666666,0.02152864844920668,0.5103612136059276
2.5,0.5,0.75,choice_only,partial,0.19952982847622874,0.38666666666666666,-0.6895034827013935,0.7206666666666667,-0.013568419095218958,0.5003782239468657
2.5,0.5,0.75,choice_only,projected,0.19952982847622874,0.38666666666666666,-0.6895034827013935,0.7206666666666667,-0.013568419095218958,0.5003782239468657
2.5,0.5,0.75,choice_only,standard,0.19892455787410304,0.38666666666666666,-0.6919152820767185,0.682,-0.013871054396281815,0.5003782239468657
2.5,0.5,0.75,inference_affirm,partial,0.19880550654411336,0.38,-0.6908903764707433,0.679,-0.02059724672794333,0.515786387341039
2.5,0.5,0.75,inference_affirm,projected,0.18384767720385423,0.3766666666666667,-0.6901555739265214,0.6799999999999999,-0.03140949473140624,0.515786387341039
2.5,0.5,0.75,inference_affirm,standard,0.1837669093243465,0.3766666666666667,-0.6921140644898764,0.6623333333333333,-0.03144987867116008,0.515786387341039
2.5,0.5,0.75,inference_categories,partial,0.23866016761628261,0.4033333333333333,-0.690622527033946,0.7046666666666667,0.022663417141474646,0.5069603607232317
2.5,0.5,0.75,inference_categories,projected,0.24994867119983671,0.39333333333333337,-0.689735875229036,0.7103333333333333,0.018307668933251694,0.5069603607232317
2.5,0.5,0.75,inference_categories,standard,0.24972396356508003,0.39666666666666667,-0.6919585926478928,0.6836666666666666,0.02152864844920668,0.5069603607232317
2.5,0.5,1.0,choice_only,partial,0.19952982847622874,0.38666666666666666,-0.6895034827013935,0.7206666666666667,-0.013568419095218958,0.5003782239468657
2.5,0.5,1.0,choice_only,projected,0.19952982847622874,0.38666666666666666,-0.6895034827013935,0.7206666666666667,-0.013568419095218958,0.5003782239468657
2.5,0.5,1.0,choice_only,standard,0.19892455787410304,0.38666666666666666,-0.6919152820767185,0.682,-0.013871054396281815,0.5003782239468657
2.5,0.5,1.0,inference_affirm,partial,0.2109855228143912,0.38999999999999996,-0.6911389522431254,0.6726666666666666,-0.004507238592804412,0.53568652388871
2.5,0.5,1.0,inference_affirm,projected,0.18384767720385423,0.3766666666666667,-0.6901555739265214,0.6799999999999999,-0.03140949473140624,0.53568652388871
2.5,0.5,1.0,inference_affirm,standard,0.1837669093243465,0.3766666666666667,-0.6921140644898764,0.6623333333333333,-0.03144987867116008,0.53568652388871
2.5,0.5,1.0,inference_categories,partial,0.2324124904393413,0.4033333333333333,-0.6909197184110558,0.6869999999999999,0.019539578553003995,0.5007823585720488
2.5,0.5,1.0,inference_categories,projected,0.24994867119983671,0.39333333333333337,-0.689735875229036,0.7103333333333333,0.018307668933251694,0.5007823585720488
2.5,0.5,1.0,inference_categories,standard,0.24972396356508003,0.39666666666666667,-0.6919585926478928,0.6836666666666666,0.02152864844920668,0.5007823585720488
2.5,0.75,0.0,choice_only,partial,0.19952982847622874,0.38666666666666666,-0.6895034827013935,0.7206666666666667,-0.013568419095218958,0.5003782239468657
2.5,0.75,0.0,choice_only,projected,0.19952982847622874,0.38666666666666666,-0.6895034827013935,0.7206666666666667,-0.013568419095218958,0.5003782239468657
2.5,0.75,0.0,choice_only,standard,0.19892455787410304,0.38666666666666666,-0.6919152820767185,0.682,-0.013871054396281815,0.5003782239468657
2.5,0.75,0.0,inference_affirm,partial,0.18384767720385423,0.3766666666666667,-0.6901555739265214,0.6799999999999999,-0.03140949473140624,0.5000504851168336
2.5,0.75,0.0,inference_affirm,projected,0.18384767720385423,0.3766666666666667,-0.6901555739265214,0.6799999999999999,-0.03140949473140624,0.5000504851168336
2.5,0.75,0.0,inference_affirm,standard,0.1837669093243465,0.3766666666666667,-0.6921140644898764,0.6623333333333333,-0.03144987867116008,0.5000504851168336
2.5,0.75,0.0,inference_categories,partial,0.24994867119983671,0.39333333333333337,-0.689735875229036,0.7103333333333333,0.018307668933251694,0.4960850705963227
2.5,0.75,0.0,inference_categories,projected,0.24994867119983671,0.39333333333333337,-0.689735875229036,0.7103333333333333,0.018307668933251694,0.4960850705963227
2.5,0.75,0.0,inference_categories,standard,0.24972396356508003,0.39666666666666667,-0.6919585926478928,0.6836666666666666,0.02152864844920668,0.4960850705963227
2.5,0.75,0.25,choice_only,partial,0.19952982847622874,0.38666666666666666,-0.6895034827013935,0.7206666666666667,-0.013568419095218958,0.5003782239468657
2.5,0.75,0.25,choice_only,projected,0.19952982847622874,0.38666666666666666,-0.6895034827013935,0.7206666666666667,-0.013568419095218958,0.5003782239468657
2.5,0.75,0.25,choice_only,standard,0.19892455787410304,0.38666666666666666,-0.6919152820767185,0.682,-0.013871054396281815,0.5003782239468657
2.5,0.75,0.25,inference_affirm,partial,0.19908649412111734,0.39333333333333337,-0.6903844533184854,0.6793333333333333,-0.007123419606107995,0.5289161474241252
2.5,0.75,0.25,inference_affirm,projected,0.18384767720385423,0.3766666666666667,-0.6901555739265214,0.6799999999999999,-0.03140949473140624,0.5289161474241252
2.5,0.75,0.25,inference_affirm,standard,0.1837669093243465,0.3766666666666667,-0.6921140644898764,0.6623333333333333,-0.03144987867116008,0.5289161474241252
2.5,0.75,0.25,inference_categories,partial,0.2577048349982307,0.4033333333333333,-0.6900223273205064,0.715,0.032185750832448685,0.5139199223677504
2.5,0.75,0.25,inference_categories,projected,0.24994867119983671,0.39333333333333337,-0.689735875229036,0.7103333333333333,0.018307668933251694,0.5139199223677504
2.5,0.75,0.25,inference_categories,standard,0.24972396356508003,0.39666666666666667,-0.6919585926478928,0.6836666666666666,0.02152864844920668,0.5139199223677504
2.5,0.75,0.5,choice_only,partial,0.19952982847622874,0.38666666666666666,-0.6895034827013935,0.7206666666666667,-0.013568419095218958,0.5003782239468657
2.5,0.75,0.5,choice_only,projected,0.19952982847622874,0.38666666666666666,-0.6895034827013935,0.7206666666666667,-0.013568419095218958,0.5003782239468657
2.5,0.75,0.5,choice_only,standard,0.19892455787410304,0.38666666666666666,-0.6919152820767185,0.682,-0.013871054396281815,0.5003782239468657
2.5,0.75,0.5,inference_affirm,partial,0.20421038925343005,0.3733333333333333,-0.6906198926951059,0.6806666666666668,-0.024561472039951647,0.5120514024917207
2.5,0.75,0.5,inference_affirm,projected,0.18384767720385423,0.3766666666666667,-0.6901555739265214,0.6799999999999999,-0.03140949473140624,0.5120514024917207
2.5,0.75,0.5,inference_affirm,standard,0.1837669093243465,0.3766666666666667,-0.6921140644898764,0.6623333333333333,-0.03144987867116008,0.5120514024917207
2.5,0.75,0.5,inference_categories,partial,0.25052065254314354,0.4066666666666666,-0.6903192848808629,0.7103333333333333,0.031926992938238426,0.514913042714389
2.5,0.75,0.5,inference_categories,projected,0.24994867119983671,0.39333333333333337,-0.689735875229036,0.7103333333333333,0.018307668933251694,0.514913042714389
2.5,0.75,0.5,inference_categories,standard,0.24972396356508003,0.39666666666666667,-0.6919585926478928,0.6836666666666666,0.02152864844920668,0.514913042714389
2.5,0.75,0.75,choice_only,partial,0.19952982847622874,0.38666666666666666,-0.6895034827013935,0.7206666666666667,-0.013568419095218958,0.5003782239468657
2.5,0.75,0.75,choice_only,projected,0.19952982847622874,0.38666666666666666,-0.6895034827013935,0.7206666666666667,-0.013568419095218958,0.5003782239468657
2.5,0.75,0.75,choice_only,standard,0.19892455787410304,0.38666666666666666,-0.6919152820767185,0.682,-0.013871054396281815,0.5003782239468657
2.5,0.75,0.75,inference_affirm,partial,0.21153659893103108,0.38333333333333336,-0.690856854709926,0.6756666666666666,-0.010898367201151123,0.5305409457400367
2.5,0.75,0.75,inference_affirm,projected,0.18384767720385423,0.3766666666666667,-0.6901555739265214,0.6799999999999999,-0.03140949473140624,0.5305409457400367
2.5,0.75,0.75,inference_affirm,standard,0.1837669093243465,0.3766666666666667,-0.6921140644898764,0.6623333333333333,-0.03144987867116008,0.5305409457400367
2.5,0.75,0.75,inference_categories,partial,0.24022457162011895,0.4,-0.6906156750453722,0.6936666666666667,0.02011228581005947,0.5032553706299616
2.5,0.75,0.75,inference_categories,projected,0.24994867119983671,0.39333333333333337,-0.689735875229036,0.7103333333333333,0.018307668933251694,0.5032553706299616
2.5,0.75,0.75,inference_categories,standard,0.24972396356508003,0.39666666666666667,-0.6919585926478928,0.6836666666666666,0.02152864844920668,0.5032553706299616
2.5,0.75,1.0,choice_only,partial,0.19952982847622874,0.38666666666666666,-0.6895034827013935,0.7206666666666667,-0.013568419095218958,0.5003782239468657
2.5,0.75,1.0,choice_only,projected,0.19952982847622874,0.38666666666666666,-0.6895034827013935,0.7206666666666667,-0.013568419095218958,0.5003782239468657
2.5,0.75,1.0,choice_only,standard,0.19892455787410304,0.38666666666666666,-0.6919152820767185,0.682,-0.013871054396281815,0.5003782239468657
2.5,0.75,1.0,inference_affirm,partial,0.22043410344017594,0.39333333333333337,-0.6910912086922513,0.6633333333333333,0.0035503850534212974,0.5488206547945236
2.5,0.75,1.0,inference_affirm,projected,0.18384767720385423,0.3766666666666667,-0.6901555739265214,0.6799999999999999,-0.03140949473140624,0.5488206547945236
2.5,0.75,1.0,inference_affirm,standard,0.1837669093243465,0.3766666666666667,-0.6921140644898764,0.6623333333333333,-0.03144987867116008,0.5488206547945236
2.5,0.75,1.0,inference_categories,partial,0.2198300973652502,0.4066666666666666,-0.690902900629165,0.678,0.016581715349291763,0.4984661374215655
2.5,0.75,1.0,inference_categories,projected,0.24994867119983671,0.39333333333333337,-0.689735875229036,0.7103333333333333,0.018307668933251694,0.4984661374215655
2.5,0.75,1.0,inference_categories,standard,0.24972396356508003,0.39666666666666667,-0.6919585926478928,0.6836666666666666,0.02152864844920668,0.4984661374215655
2.5,1.0,0.0,choice_only,partial,0.19952982847622874,0.38666666666666666,-0.6895034827013935,0.7206666666666667,-0.013568419095218958,0.5003782239468657
2.5,1.0,0.0,choice_only,projected,0.19952982847622874,0.38666666666666666,-0.6895034827013935,0.7206666666666667,-0.013568419095218958,0.5003782239468657
2.5,1.0,0.0,choice_only,standard,0.19892455787410304,0.38666666666666666,-0.6919152820767185,0.682,-0.013871054396281815,0.5003782239468657
2.5,1.0,0.0,inference_affirm,partial,0.18384767720385423,0.3766666666666667,-0.6901555739265214,0.6799999999999999,-0.03140949473140624,0.5000504851168336
2.5,1.0,0.0,inference_affirm,projected,0.18384767720385423,0.3766666666666667,-0.6901555739265214,0.6799999999999999,-0.03140949473140624,0.5000504851168336
2.5,1.0,0.0,inference_affirm,standard,0.1837669093243465,0.3766666666666667,-0.6921140644898764,0.6623333333333333,-0.03144987867116008,0.5000504851168336
2.5,1.0,0.0,inference_categories,partial,0.24994867119983671,0.39333333333333337,-0.689735875229036,0.7103333333333333,0.018307668933251694,0.4960850705963227
2.5,1.0,0.0,inference_categories,projected,0.24994867119983671,0.39333333333333337,-0.689735875229036,0.7103333333333333,0.018307668933251694,0.4960850705963227
2.5,1.0,0.0,inference_categories,standard,0.24972396356508003,0.39666666666666667,-0.6919585926478928,0.6836666666666666,0.02152864844920668,0.4960850705963227
2.5,1.0,0.25,choice_only,partial,0.19952982847622874,0.38666666666666666,-0.6895034827013935,0.7206666666666667,-0.013568419095218958,0.5003782239468657
2.5,1.0,0.25,choice_only,projected,0.19952982847622874,0.38666666666666666,-0.6895034827013935,0.7206666666666667,-0.013568419095218958,0.5003782239468657
2.5,1.0,0.25,choice_only,standard,0.19892455787410304,0.38666666666666666,-0.6919152820767185,0.682,-0.013871054396281815,0.5003782239468657
2.5,1.0,0.25,inference_affirm,partial,0.20274820564222665,0.39333333333333337,-0.6903737853000238,0.6793333333333333,-0.005292563845553339,0.5310359741187566
2.5,1.0,0.25,inference_affirm,projected,0.18384767720385423,0.3766666666666667,-0.6901555739265214,0.6799999999999999,-0.03140949473140624,0.5310359741187566
2.5,1.0,0.25,inference_affirm,standard,0.1837669093243465,0.3766666666666667,-0.6921140644898764,0.6623333333333333,-0.03144987867116008,0.5310359741187566
2.5,1.0,0.25,inference_categories,partial,0.2557507567540644,0.39666666666666667,-0.6900210169314566,0.718,0.02454204504369885,0.5050459457894759
2.5,1.0,0.25,inference_categories,projected,0.24994867119983671,0.39333333333333337,-0.689735875229036,0.7103333333333333,0.018307668933251694,0.5050459457894759
2.5,1.0,0.25,inference_categories,standard,0.24972396356508003,0.39666666666666667,-0.6919585926478928,0.6836666666666666,0.02152864844920668,0.5050459457894759
2.5,1.0,0.5,choice_only,partial,0.19952982847622874,0.38666666666666666,-0.6895034827013935,0.7206666666666667,-0.013568419095218958,0.5003782239468657
2.5,1.0,0.5,choice_only,projected,0.19952982847622874,0.38666666666666666,-0.6895034827013935,0.7206666666666667,-0.013568419095218958,0.5003782239468657
2.5,1.0,0.5,choice_only,standard,0.19892455787410304,0.38666666666666666,-0.6919152820767185,0.682,-0.013871054396281815,0.5003782239468657
2.5,1.0,0.5,inference_affirm,partial,0.20882118391262144,0.38,-0.6905994926180145,0.6829999999999999,-0.015589408043689279,0.5240465445073023
2.5,1.0,0.5,inference_affirm,projected,0.18384767720385423,0.3766666666666667,-0.6901555739265214,0.6799999999999999,-0.03140949473140624,0.5240465445073023
2.5,1.0,0.5,inference_affirm,standard,0.1837669093243465,0.3766666666666667,-0.6921140644898764,0.6623333333333333,-0.03144987867116008,0.5240465445073023
2.5,1.0,0.5,inference_categories,partial,0.2487676252772804,0.4,-0.6903178213635633,0.7070000000000001,0.024383812638640204,0.5093062850965372
2.5,1.0,0.5,inference_categories,projected,0.24994867119983671,0.39333333333333337,-0.689735875229036,0.7103333333333333,0.018307668933251694,0.5093062850965372
2.5,1.0,0.5,inference_categories,standard,0.24972396356508003,0.39666666666666667,-0.6919585926478928,0.6836666666666666,0.02152864844920668,0.5093062850965372
2.5,1.0,0.75,choice_only,partial,0.19952982847622874,0.38666666666666666,-0.6895034827013935,0.7206666666666667,-0.013568419095218958,0.5003782239468657
2.5,1.0,0.75,choice_only,projected,0.19952982847622874,0.38666666666666666,-0.6895034827013935,0.7206666666666667,-0.013568419095218958,0.5003782239468657
2.5,1.0,0.75,choice_only,standard,0.19892455787410304,0.38666666666666666,-0.6919152820767185,0.682,-0.013871054396281815,0.5003782239468657
2.5,1.0,0.75,inference_affirm,partial,0.21351237863042874,0.39333333333333337,-0.6908250828951841,0.672,8.952264854769724e-05,0.544628065772613
2.5,1.0,0.75,inference_affirm,projected,0.18384767720385423,0.3766666666666667,-0.6901555739265214,0.6799999999999999,-0.03140949473140624,0.544628065772613
2.5,1.0,0.75,inference_affirm,standard,0.1837669093243465,0.3766666666666667,-0.6921140644898764,0.6623333333333333,-0.03144987867116008,0.544628065772613
2.5,1.0,0.75,inference_categories,partial,0.2287331934772542,0.4066666666666666,-0.6906093028054878,0.686,0.02103326340529376,0.5027849695466553
2.5,1.0,0.75,inference_categories,projected,0.24994867119983671,0.39333333333333337,-0.689735875229036,0.7103333333333333,0.018307668933251694,0.5027849695466553
2.5,1.0,0.75,inference_categories,standard,0.24972396356508003,0.39666666666666667,-0.6919585926478928,0.6836666666666666,0.02152864844920668,0.5027849695466553
2.5,1.0,1.0,choice_only,partial,0.19952982847622874,0.38666666666666666,-0.6895034827013935,0.7206666666666667,-0.013568419095218958,0.5003782239468657
2.5,1.0,1.0,choice_only,projected,0.19952982847622874,0.38666666666666666,-0.6895034827013935,0.7206666666666667,-0.013568419095218958,0.5003782239468657
2.5,1.0,1.0,choice_only,standard,0.19892455787410304,0.38666666666666666,-0.6919152820767185,0.682,-0.013871054396281815,0.5003782239468657
2.5,1.0,1.0,inference_affirm,partial,0.2287204244940306,0.4033333333333333,-0.6910455567293644,0.659,0.017693545580348625,0.5667738193934183
2.5,1.0,1.0,inference_affirm,projected,0.18384767720385423,0.3766666666666667,-0.6901555739265214,0.6799999999999999,-0.03140949473140624,0.5667738193934183
2.5,1.0,1.0,inference_affirm,standard,0.1837669093243465,0.3766666666666667,-0.6921140644898764,0.6623333333333333,-0.03144987867116008,0.5667738193934183
2.5,1.0,1.0,inference_categories,partial,0.1983474263861498,0.4066666666666666,-0.6908847120985572,0.6673333333333333,0.005840379859741551,0.4901894158138676
2.5,1.0,1.0,inference_categories,projected,0.24994867119983671,0.39333333333333337,-0.689735875229036,0.7103333333333333,0.018307668933251694,0.4901894158138676
2.5,1.0,1.0,inference_categories,standard,0.24972396356508003,0.39666666666666667,-0.6919585926478928,0.6836666666666666,0.02152864844920668,0.4901894158138676
2.5,1.25,0.0,choice_only,partial,0.19952982847622874,0.38666666666666666,-0.6895034827013935,0.7206666666666667,-0.013568419095218958,0.5003782239468657
2.5,1.25,0.0,choice_only,projected,0.19952982847622874,0.38666666666666666,-0.6895034827013935,0.7206666666666667,-0.013568419095218958,0.5003782239468657
2.5,1.25,0.0,choice_only,standard,0.19892455787410304,0.38666666666666666,-0.6919152820767185,0.682,-0.013871054396281815,0.5003782239468657
2.5,1.25,0.0,inference_affirm,partial,0.18384767720385423,0.3766666666666667,-0.6901555739265214,0.6799999999999999,-0.03140949473140624,0.5000504851168336
2.5,1.25,0.0,inference_affirm,projected,0.18384767720385423,0.3766666666666667,-0.6901555739265214,0.6799999999999999,-0.03140949473140624,0.5000504851168336
2.5,1.25,0.0,inference_affirm,standard,0.1837669093243465,0.3766666666666667,-0.6921140644898764,0.6623333333333333,-0.03144987867116008,0.5000504851168336
2.5,1.25,0.0,inference_categories,partial,0.24994867119983671,0.39333333333333337,-0.689735875229036,0.7103333333333333,0.018307668933251694,0.4960850705963227
2.5,1.25,0.0,inference_categories,projected,0.24994867119983671,0.39333333333333337,-0.689735875229036,0.7103333333333333,0.018307668933251694,0.4960850705963227
2.5,1.25,0.0,inference_categories,standard,0.24972396356508003,0.39666666666666667,-0.6919585926478928,0.6836666666666666,0.02152864844920668,0.4960850705963227
2.5,1.25,0.25,choice_only,partial,0.19952982847622874,0.38666666666666666,-0.6895034827013935,0.7206666666666667,-0.013568419095218958,0.5003782239468657
2.5,1.25,0.25,choice_only,projected,0.19952982847622874,0.38666666666666666,-0.6895034827013935,0.7206666666666667,-0.013568419095218958,0.5003782239468657
2.5,1.25,0.25,choice_only,standard,0.19892455787410304,0.38666666666666666,-0.6919152820767185,0.682,-0.013871054396281815,0.5003782239468657
2.5,1.25,0.25,inference_affirm,partial,0.2002236246287024,0.38999999999999996,-0.6903636227483486,0.6806666666666668,-0.009888187685648787,0.5262950364215183
2.5,1.25,0.25,inference_affirm,projected,0.18384767720385423,0.3766666666666667,-0.6901555739265214,0.6799999999999999,-0.03140949473140624,0.5262950364215183
2.5,1.25,0.25,inference_affirm,standard,0.1837669093243465,0.3766666666666667,-0.6921140644898764,0.6623333333333333,-0.03144987867116008,0.5262950364215183
2.5,1.25,0.25,inference_categories,partial,0.25444320307660245,0.39666666666666667,-0.6900203835604724,0.7156666666666667,0.023888268204967887,0.5041957865361731
2.5,1.25,0.25,inference_categories,projected,0.24994867119983671,0.39333333333333337,-0.689735875229036,0.7103333333333333,0.018307668933251694,0.5041957865361731
2.5,1.25,0.25,inference_categories,standard,0.24972396356508003,0.39666666666666667,-0.6919585926478928,0.6836666666666666,0.02152864844920668,0.5041957865361731
2.5,1.25,0.5,choice_only,partial,0.19952982847622874,0.38666666666666666,-0.6895034827013935,0.7206666666666667,-0.013568419095218958,0.5003782239468657
2.5,1.25,0.5,choice_only,projected,0.19952982847622874,0.38666666666666666,-0.6895034827013935,0.7206666666666667,-0.013568419095218958,0.5003782239468657
2.5,1.25,0.5,choice_only,standard,0.19892455787410304,0.38666666666666666,-0.6919152820767185,0.682,-0.013871054396281815,0.5003782239468657
2.5,1.25,0.5,inference_affirm,partial,0.20771850009216627,0.38333333333333336,-0.6905803302454471,0.6753333333333333,-0.012807416620583526,0.5285041733509835
2.5,1.25,0.5,inference_affirm,projected,0.18384767720385423,0.3766666666666667,-0.6901555739265214,0.6799999999999999,-0.03140949473140624,0.5285041733509835
2.5,1.25,0.5,inference_affirm,standard,0.1837669093243465,0.3766666666666667,-0.6921140644898764,0.6623333333333333,-0.03144987867116008,0.5285041733509835
2.5,1.25,0.5,inference_categories,partial,0.2315358111148226,0.39333333333333337,-0.6903173709554267,0.699,0.009101238890744637,0.4937646139448811
2.5,1.25,0.5,inference_categories,projected,0.24994867119983671,0.39333333333333337,-0.689735875229036,0.7103333333333333,0.018307668933251694,0.4937646139448811
2.5,1.25,0.5,inference_categories,standard,0.24972396356508003,0.39666666666666667,-0.6919585926478928,0.6836666666666666,0.02152864844920668,0.4937646139448811
2.5,1.25,0.75,choice_only,partial,0.19952982847622874,0.38666666666666666,-0.6895034827013935,0.7206666666666667,-0.013568419095218958,0.5003782239468657
2.5,1.25,0.75,choice_only,projected,0.19952982847622874,0.38666666666666666,-0.6895034827013935,0.7206666666666667,-0.013568419095218958,0.5003782239468657
2.5,1.25,0.75,choice_only,standard,0.19892455787410304,0.38666666666666666,-0.6919152820767185,0.682,-0.013871054396281815,0.5003782239468657
2.5,1.25,0.75,inference_affirm,partial,0.2125382107165065,0.39333333333333337,-0.6907952479940025,0.664,-0.00039756130841341145,0.5480955876285704
2.5,1.25,0.75,inference_affirm,projected,0.18384767720385423,0.3766666666666667,-0.6901555739265214,0.6799999999999999,-0.03140949473140624,0.5480955876285704
2.5,1.25,0.75,inference_affirm,standard,0.1837669093243465,0.3766666666666667,-0.6921140644898764,0.6623333333333333,-0.03144987867116008,0.5480955876285704
2.5,1.25,0.75,inference_categories,partial,0.20207913931288804,0.4033333333333333,-0.6906031327986315,0.6766666666666666,0.004372902989777343,0.4897003787125703
2.5,1.25,0.75,inference_categories,projected,0.24994867119983671,0.39333333333333337,-0.689735875229036,0.7103333333333333,0.018307668933251694,0.4897003787125703
2.5,1.25,0.75,inference_categories,standard,0.24972396356508003,0.39666666666666667,-0.6919585926478928,0.6836666666666666,0.02152864844920668,0.4897003787125703
2.5,1.25,1.0,choice_only,partial,0.19952982847622874,0.38666666666666666,-0.6895034827013935,0.7206666666666667,-0.013568419095218958,0.5003782239468657
2.5,1.25,1.0,choice_only,projected,0.19952982847622874,0.38666666666666666,-0.6895034827013935,0.7206666666666667,-0.013568419095218958,0.5003782239468657
2.5,1.25,1.0,choice_only,standard,0.19892455787410304,0.38666666666666666,-0.6919152820767185,0.682,-0.013871054396281815,0.5003782239468657
2.5,1.25,1.0,inference_affirm,partial,0.2281039091224165,0.41000000000000003,-0.6910033050134236,0.6513333333333333,0.024051954561208243,0.5735040473094829
2.5,1.25,1.0,inference_affirm,projected,0.18384767720385423,0.3766666666666667,-0.6901555739265214,0.6799999999999999,-0.03140949473140624,0.5735040473094829
2.5,1.25,1.0,inference_affirm,standard,0.1837669093243465,0.3766666666666667,-0.6921140644898764,0.6623333333333333,-0.03144987867116008,0.5735040473094829
2.5,1.25,1.0,inference_categories,partial,0.1783781895552327,0.39666666666666667,-0.6908660836802396,0.6593333333333333,-0.014144238555716976,0.47432586311558184
2.5,1.25,1.0,inference_categories,projected,0.24994867119983671,0.39333333333333337,-0.689735875229036,0.7103333333333333,0.018307668933251694,0.47432586311558184
2.5,1.25,1.0,inference_categories,standard,0.24972396356508003,0.39666666666666667,-0.6919585926478928,0.6836666666666666,0.02152864844920668,0.47432586311558184
2.5,1.5,0.0,choice_only,partial,0.19952982847622874,0.38666666666666666,-0.6895034827013935,0.7206666666666667,-0.013568419095218958,0.5003782239468657
2.5,1.5,0.0,choice_only,projected,0.19952982847622874,0.38666666666666666,-0.6895034827013935,0.7206666666666667,-0.013568419095218958,0.5003782239468657
2.5,1.5,0.0,choice_only,standard,0.19892455787410304,0.38666666666666666,-0.6919152820767185,0.682,-0.013871054396281815,0.5003782239468657
2.5,1.5,0.0,inference_affirm,partial,0.18384767720385423,0.3766666666666667,-0.6901555739265214,0.6799999999999999,-0.03140949473140624,0.5000504851168336
2.5,1.5,0.0,inference_affirm,projected,0.18384767720385423,0.3766666666666667,-0.6901555739265214,0.6799999999999999,-0.03140949473140624,0.5000504851168336
2.5,1.5,0.0,inference_affirm,standard,0.1837669093243465,0.3766666666666667,-0.6921140644898764,0.6623333333333333,-0.03144987867116008,0.5000504851168336
2.5,1.5,0.0,inference_categories,partial,0.24994867119983671,0.39333333333333337,-0.689735875229036,0.7103333333333333,0.018307668933251694,0.4960850705963227
2.5,1.5,0.0,inference_categories,projected,0.24994867119983671,0.39333333333333337,-0.689735875229036,0.7103333333333333,0.018307668933251694,0.4960850705963227
2.5,1.5,0.0,inference_categories,standard,0.24972396356508003,0.39666666666666667,-0.6919585926478928,0.6836666666666666,0.02152864844920668,0.4960850705963227
2.5,1.5,0.25,choice_only,partial,0.19952982847622874,0.38666666666666666,-0.6895034827013935,0.7206666666666667,-0.013568419095218958,0.5003782239468657
2.5,1.5,0.25,choice_only,projected,0.19952982847622874,0.38666666666666666,-0.6895034827013935,0.7206666666666667,-0.013568419095218958,0.5003782239468657
2.5,1.5,0.25,choice_only,standard,0.19892455787410304,0.38666666666666666,-0.6919152820767185,0.682,-0.013871054396281815,0.5003782239468657
2.5,1.5,0.25,inference_affirm,partial,0.20269831955067896,0.38333333333333336,-0.6903539437333169,0.6806666666666668,-0.015317506891327189,0.5199321887033111
2.5,1.5,0.25,inference_affirm,projected,0.18384767720385423,0.3766666666666667,-0.6901555739265214,0.6799999999999999,-0.03140949473140624,0.5199321887033111
2.5,1.5,0.25,inference_affirm,standard,0.1837669093243465,0.3766666666666667,-0.6921140644898764,0.6623333333333333,-0.03144987867116008,0.5199321887033111
2.5,1.5,0.25,inference_categories,partial,0.24790852614624662,0.39333333333333337,-0.6900203670979419,0.7136666666666667,0.017287596406456638,0.4974244461863871
2.5,1.5,0.25,inference_categories,projected,0.24994867119983671,0.39333333333333337,-0.689735875229036,0.7103333333333333,0.018307668933251694,0.4974244461863871
2.5,1.5,0.25,inference_categories,standard,0.24972396356508003,0.39666666666666667,-0.6919585926478928,0.6836666666666666,0.02152864844920668,0.4974244461863871
2.5,1.5,0.5,choice_only,partial,0.19952982847622874,0.38666666666666666,-0.6895034827013935,0.7206666666666667,-0.013568419095218958,0.5003782239468657
2.5,1.5,0.5,choice_only,projected,0.19952982847622874,0.38666666666666666,-0.6895034827013935,0.7206666666666667,-0.013568419095218958,0.5003782239468657
2.5,1.5,0.5,choice_only,standard,0.19892455787410304,0.38666666666666666,-0.6919152820767185,0.682,-0.013871054396281815,0.5003782239468657
2.5,1.5,0.5,inference_affirm,partial,0.20837723297581542,0.38999999999999996,-0.6905623579493414,0.6743333333333333,-0.005811383512092293,0.5373277330456947
2.5,1.5,0.5,inference_affirm,projected,0.18384767720385423,0.3766666666666667,-0.6901555739265214,0.6799999999999999,-0.03140949473140624,0.5373277330456947
2.5,1.5,0.5,inference_affirm,standard,0.1837669093243465,0.3766666666666667,-0.6921140644898764,0.6623333333333333,-0.03144987867116008,0.5373277330456947
2.5,1.5,0.5,inference_categories,partial,0.21618800274594105,0.38999999999999996,-0.6903176685623448,0.6963333333333334,-0.001905998627029478,0.4812209668799292
2.5,1.5,0.5,inference_categories,projected,0.24994867119983671,0.39333333333333337,-0.689735875229036,0.7103333333333333,0.018307668933251694,0.4812209668799292
2.5,1.5,0.5,inference_categories,standard,0.24972396356508003,0.39666666666666667,-0.6919585926478928,0.6836666666666666,0.02152864844920668,0.4812209668799292
2.5,1.5,0.75,choice_only,partial,0.19952982847622874,0.38666666666666666,-0.6895034827013935,0.7206666666666667,-0.013568419095218958,0.5003782239468657
2.5,1.5,0.75,choice_only,projected,0.19952982847622874,0.38666666666666666,-0.6895034827013935,0.7206666666666667,-0.013568419095218958,0.5003782239468657
2.5,1.5,0.75,choice_only,standard,0.19892455787410304,0.38666666666666666,-0.6919152820767185,0.682,-0.013871054396281815,0.5003782239468657
2.5,1.5,0.75,inference_affirm,partial,0.2084893082337185,0.4066666666666666,-0.6907677066863741,0.6616666666666667,0.010911320783525913,0.5610297063596581
2.5,1.5,0.75,inference_affirm,projected,0.18384767720385423,0.3766666666666667,-0.6901555739265214,0.6799999999999999,-0.03140949473140624,0.5610297063596581
2.5,1.5,0.75,inference_affirm,standard,0.1837669093243465,0.3766666666666667,-0.6921140644898764,0.6623333333333333,-0.03144987867116008,0.5610297063596581
2.5,1.5,0.75,inference_categories,partial,0.18908514892049325,0.39666666666666667,-0.69059723922201,0.6666666666666666,-0.008790758873086715,0.48029180131833166
2.5,1.5,0.75,inference_categories,projected,0.24994867119983671,0.39333333333333337,-0.689735875229036,0.7103333333333333,0.018307668933251694,0.48029180131833166
2.5,1.5,0.75,inference_categories,standard,0.24972396356508003,0.39666666666666667,-0.6919585926478928,0.6836666666666666,0.02152864844920668,0.48029180131833166
2.5,1.5,1.0,choice_only,partial,0.19952982847622874,0.38666666666666666,-0.6895034827013935,0.7206666666666667,-0.013568419095218958,0.5003782239468657
2.5,1.5,1.0,choice_only,projected,0.19952982847622874,0.38666666666666666,-0.6895034827013935,0.7206666666666667,-0.013568419095218958,0.5003782239468657
2.5,1.5,1.0,choice_only,standard,0.19892455787410304,0.38666666666666666,-0.6919152820767185,0.682,-0.013871054396281815,0.5003782239468657
2.5,1.5,1.0,inference_affirm,partial,0.21470826592859188,0.41,-0.6909656790046216,0.6463333333333333,0.017354132964295936,0.5690805764282207
2.5,1.5,1.0,inference_affirm,projected,0.18384767720385423,0.3766666666666667,-0.6901555739265214,0.6799999999999999,-0.03140949473140624,0.5690805764282207
2.5,1.5,1.0,inference_affirm,standard,0.1837669093243465,0.3766666666666667,-0.6921140644898764,0.6623333333333333,-0.03144987867116008,0.5690805764282207
2.5,1.5,1.0,inference_categories,partial,0.1646694221498953,0.4033333333333333,-0.6908482367767099,0.6513333333333333,-0.014331955591719034,0.4736147548586144
2.5,1.5,1.0,inference_categories,projected,0.24994867119983671,0.39333333333333337,-0.689735875229036,0.7103333333333333,0.018307668933251694,0.4736147548586144
2.5,1.5,1.0,inference_categories,standard,0.24972396356508003,0.39666666666666667,-0.6919585926478928,0.6836666666666666,0.02152864844920668,0.4736147548586144
5.0,0.5,0.0,choice_only,partial,0.2004353540232354,0.38666666666666666,-0.6913005009749725,0.7203333333333333,-0.013115656321715628,0.5009441216962527
5.0,0.5,0.0,choice_only,projected,0.2004353540232354,0.38666666666666666,-0.6913005009749725,0.7203333333333333,-0.013115656321715628,0.5009441216962527
5.0,0.5,0.0,choice_only,standard,0.19892455787410304,0.38666666666666666,-0.6919152820767185,0.682,-0.013871054396281815,0.5009441216962527
5.0,0.5,0.0,inference_affirm,partial,0.18374524696106412,0.3766666666666667,-0.691630214788024,0.6799999999999999,-0.03146070985280128,0.4999864665299396
5.0,0.5,0.0,inference_affirm,projected,0.18374524696106412,0.3766666666666667,-0.691630214788024,0.6799999999999999,-0.03146070985280128,0.4999864665299396
5.0,0.5,0.0,inference_affirm,standard,0.1837669093243465,0.3766666666666667,-0.6921140644898764,0.6623333333333333,-0.03144987867116008,0.4999864665299396
5.0,0.5,0.0,inference_categories,partial,0.2504737679803411,0.39666666666666667,-0.6914177808615197,0.7100000000000001,0.021903550656837214,0.5004685042990588
5.0,0.5,0.0,inference_categories,projected,0.2504737679803411,0.39666666666666667,-0.6914177808615197,0.7100000000000001,0.021903550656837214,0.5004685042990588
5.0,0.5,0.0,inference_categories,standard,0.24972396356508003,0.39666666666666667,-0.6919585926478928,0.6836666666666666,0.02152864844920668,0.5004685042990588
5.0,0.5,0.25,choice_only,partial,0.2004353540232354,0.38666666666666666,-0.6913005009749725,0.7203333333333333,-0.013115656321715628,0.5009441216962527
5.0,0.5,0.25,choice_only,projected,0.2004353540232354,0.38666666666666666,-0.6913005009749725,0.7203333333333333,-0.013115656321715628,0.5009441216962527
5.0,0.5,0.25,choice_only,standard,0.19892455787410304,0.38666666666666666,-0.6919152820767185,0.682,-0.013871054396281815,0.5009441216962527
5.0,0.5,0.25,inference_affirm,partial,0.19346613883970826,0.38999999999999996,-0.6917545827597752,0.6786666666666666,-0.013266930580145865,0.5214683766140145
5.0,0.5,0.25,inference_affirm,projected,0.18374524696106412,0.3766666666666667,-0.691630214788024,0.6799999999999999,-0.03146070985280128,0.5214683766140145
5.0,0.5,0.25,inference_affirm,standard,0.1837669093243465,0.3766666666666667,-0.6921140644898764,0.6623333333333333,-0.03144987867116008,0.5214683766140145
5.0,0.5,0.25,inference_categories,partial,0.2596673695293124,0.4,-0.6915675052818661,0.7136666666666667,0.02983368476465619,0.5111870807531407
5.0,0.5,0.25,inference_categories,projected,0.2504737679803411,0.39666666666666667,-0.6914177808615197,0.7100000000000001,0.021903550656837214,0.5111870807531407
5.0,0.5,0.25,inference_categories,standard,0.24972396356508003,0.39666666666666667,-0.6919585926478928,0.6836666666666666,0.02152864844920668,0.5111870807531407
5.0,0.5,0.5,choice_only,partial,0.2004353540232354,0.38666666666666666,-0.6913005009749725,0.7203333333333333,-0.013115656321715628,0.5009441216962527
5.0,0.5,0.5,choice_only,projected,0.2004353540232354,0.38666666666666666,-0.6913005009749725,0.7203333333333333,-0.013115656321715628,0.5009441216962527
5.0,0.5,0.5,choice_only,standard,0.19892455787410304,0.38666666666666666,-0.6919152820767185,0.682,-0.013871054396281815,0.5009441216962527
5.0,0.5,0.5,inference_affirm,partial,0.19663318135149224,0.38333333333333336,-0.6918804830929758,0.6806666666666668,-0.018350075990920544,0.5158267710982464
5.0,0.5,0.5,inference_affirm,projected,0.18374524696106412,0.3766666666666667,-0.691630214788024,0.6799999999999999,-0.03146070985280128,0.5158267710982464
5.0,0.5,0.5,inference_affirm,standard,0.1837669093243465,0.3766666666666667,-0.6921140644898764,0.6623333333333333,-0.03144987867116008,0.5158267710982464
5.0,0.5,0.5,inference_categories,partial,0.2553373921213217,0.4,-0.6917196288976447,0.7173333333333333,0.027668696060660858,0.510228101811532
5.0,0.5,0.5,inference_categories,projected,0.2504737679803411,0.39666666666666667,-0.6914177808615197,0.7100000000000001,0.021903550656837214,0.510228101811532
5.0,0.5,0.5,inference_categories,standard,0.24972396356508003,0.39666666666666667,-0.6919585926478928,0.6836666666666666,0.02152864844920668,0.510228101811532
5.0,0.5,0.75,choice_only,partial,0.2004353540232354,0.38666666666666666,-0.6913005009749725,0.7203333333333333,-0.013115656321715628,0.5009441216962527
5.0,0.5,0.75,choice_only,projected,0.2004353540232354,0.38666666666666666,-0.6913005009749725,0.7203333333333333,-0.013115656321715628,0.5009441216962527
5.0,0.5,0.75,choice_only,standard,0.19892455787410304,0.38666666666666666,-0.6919152820767185,0.682,-0.013871054396281815,0.5009441216962527
5.0,0.5,0.75,inference_affirm,partial,0.19810461850221905,0.38,-0.692007099009585,0.6793333333333333,-0.02094769074889048,0.5155902070902126
5.0,0.5,0.75,inference_affirm,projected,0.18374524696106412,0.3766666666666667,-0.691630214788024,0.6799999999999999,-0.03146070985280128,0.5155902070902126
5.0,0.5,0.75,inference_affirm,standard,0.1837669093243465,0.3766666666666667,-0.6921140644898764,0.6623333333333333,-0.03144987867116008,0.5155902070902126
5.0,0.5,0.75,inference_categories,partial,0.23951354656582682,0.4033333333333333,-0.691872431502841,0.7043333333333333,0.02309010661624675,0.5073720272360182
5.0,0.5,0.75,inference_categories,projected,0.2504737679803411,0.39666666666666667,-0.6914177808615197,0.7100000000000001,0.021903550656837214,0.5073720272360182
5.0,0.5,0.75,inference_categories,standard,0.24972396356508003,0.39666666666666667,-0.6919585926478928,0.6836666666666666,0.02152864844920668,0.5073720272360182
5.0,0.5,1.0,choice_only,partial,0.2004353540232354,0.38666666666666666,-0.6913005009749725,0.7203333333333333,-0.013115656321715628,0.5009441216962527
5.0,0.5,1.0,choice_only,projected,0.2004353540232354,0.38666666666666666,-0.6913005009749725,0.7203333333333333,-0.013115656321715628,0.5009441216962527
5.0,0.5,1.0,choice_only,standard,0.19892455787410304,0.38666666666666666,-0.6919152820767185,0.682,-0.013871054396281815,0.5009441216962527
5.0,0.5,1.0,inference_affirm,partial,0.21115012768654529,0.38666666666666666,-0.69213363585995,0.6713333333333333,-0.007758269490060689,0.5330520254448955
5.0,0.5,1.0,inference_affirm,projected,0.18374524696106412,0.3766666666666667,-0.691630214788024,0.6799999999999999,-0.03146070985280128,0.5330520254448955
5.0,0.5,1.0,inference_affirm,standard,0.1837669093243465,0.3766666666666667,-0.6921140644898764,0.6623333333333333,-0.03144987867116008,0.5330520254448955
5.0,0.5,1.0,inference_categories,partial,0.23394904763265895,0.4033333333333333,-0.6920242811049845,0.6876666666666666,0.020307857149662798,0.5016900153991446
5.0,0.5,1.0,inference_categories,projected,0.2504737679803411,0.39666666666666667,-0.6914177808615197,0.7100000000000001,0.021903550656837214,0.5016900153991446
5.0,0.5,1.0,inference_categories,standard,0.24972396356508003,0.39666666666666667,-0.6919585926478928,0.6836666666666666,0.02152864844920668,0.5016900153991446
5.0,0.75,0.0,choice_only,partial,0.2004353540232354,0.38666666666666666,-0.6913005009749725,0.7203333333333333,-0.013115656321715628,0.5009441216962527
5.0,0.75,0.0,choice_only,projected,0.2004353540232354,0.38666666666666666,-0.6913005009749725,0.7203333333333333,-0.013115656321715628,0.5009441216962527
5.0,0.75,0.0,choice_only,standard,0.19892455787410304,0.38666666666666666,-0.6919152820767185,0.682,-0.013871054396281815,0.5009441216962527
5.0,0.75,0.0,inference_affirm,partial,0.18374524696106412,0.3766666666666667,-0.691630214788024,0.6799999999999999,-0.03146070985280128,0.4999864665299396
5.0,0.75,0.0,inference_affirm,projected,0.18374524696106412,0.3766666666666667,-0.691630214788024,0.6799999999999999,-0.03146070985280128,0.4999864665299396
5.0,0.75,0.0,inference_affirm,standard,0.1837669093243465,0.3766666666666667,-0.6921140644898764,0.6623333333333333,-0.03144987867116008,0.4999864665299396
5.0,0.75,0.0,inference_categories,partial,0.2504737679803411,0.39666666666666667,-0.6914177808615197,0.7100000000000001,0.021903550656837214,0.5004685042990588
5.0,0.75,0.0,inference_categories,projected,0.2504737679803411,0.39666666666666667,-0.6914177808615197,0.7100000000000001,0.021903550656837214,0.5004685042990588
5.0,0.75,0.0,inference_categories,standard,0.24972396356508003,0.39666666666666667,-0.6919585926478928,0.6836666666666666,0.02152864844920668,0.5004685042990588
5.0,0.75,0.25,choice_only,partial,0.2004353540232354,0.38666666666666666,-0.6913005009749725,0.7203333333333333,-0.013115656321715628,0.5009441216962527
5.0,0.75,0.25,choice_only,projected,0.2004353540232354,0.38666666666666666,-0.6913005009749725,0.7203333333333333,-0.013115656321715628,0.5009441216962527
5.0,0.75,0.25,choice_only,standard,0.19892455787410304,0.38666666666666666,-0.6919152820767185,0.682,-0.013871054396281815,0.5009441216962527
5.0,0.75,0.25,inference_affirm,partial,0.19908649412111734,0.39333333333333337,-0.691748552615206,0.6793333333333333,-0.007123419606107995,0.5289161474241252
5.0,0.75,0.25,inference_affirm,projected,0.18374524696106412,0.3766666666666667,-0.691630214788024,0.6799999999999999,-0.03146070985280128,0.5289161474241252
5.0,0.75,0.25,inference_affirm,standard,0.1837669093243465,0.3766666666666667,-0.6921140644898764,0.6623333333333333,-0.03144987867116008,0.5289161474241252
5.0,0.75,0.25,inference_categories,partial,0.25896506159209787,0.4033333333333333,-0.6915660584027129,0.7143333333333334,0.03281586412938227,0.5147095288321407
5.0,0.75,0.25,inference_categories,projected,0.2504737679803411,0.39666666666666667,-0.6914177808615197,0.7100000000000001,0.021903550656837214,0.5147095288321407
5.0,0.75,0.25,inference_categories,standard,0.24972396356508003,0.39666666666666667,-0.6919585926478928,0.6836666666666666,0.02152864844920668,0.5147095288321407
5.0,0.75,0.5,choice_only,partial,0.2004353540232354,0.38666666666666666,-0.6913005009749725,0.7203333333333333,-0.013115656321715628,0.5009441216962527
5.0,0.75,0.5,choice_only,projected,0.2004353540232354,0.38666666666666666,-0.6913005009749725,0.7203333333333333,-0.013115656321715628,0.5009441216962527
5.0,0.75,0.5,choice_only,standard,0.19892455787410304,0.38666666666666666,-0.6919152820767185,0.682,-0.013871054396281815,0.5009441216962527
5.0,0.75,0.5,inference_affirm,partial,0.20318823853367507,0.3766666666666667,-0.691868594506516,0.6816666666666666,-0.021739214066495798,0.515424775331053
5.0,0.75,0.5,inference_affirm,projected,0.18374524696106412,0.3766666666666667,-0.691630214788024,0.6799999999999999,-0.03146070985280128,0.515424775331053
5.0,0.75,0.5,inference_affirm,standard,0.1837669093243465,0.3766666666666667,-0.6921140644898764,0.6623333333333333,-0.03144987867116008,0.515424775331053
5.0,0.75,0.5,inference_categories,partial,0.24866061117830793,0.4033333333333333,-0.6917170666793645,0.7100000000000001,0.027663638922487292,0.5101921732931276
5.0,0.75,0.5,inference_categories,projected,0.2504737679803411,0.39666666666666667,-0.6914177808615197,0.7100000000000001,0.021903550656837214,0.5101921732931276
5.0,0.75,0.5,inference_categories,standard,0.24972396356508003,0.39666666666666667,-0.6919585926478928,0.6836666666666666,0.02152864844920668,0.5101921732931276
5.0,0.75,0.75,choice_only,partial,0.2004353540232354,0.38666666666666666,-0.6913005009749725,0.7203333333333333,-0.013115656321715628,0.5009441216962527
5.0,0.75,0.75,choice_only,projected,0.2004353540232354,0.38666666666666666,-0.6913005009749725,0.7203333333333333,-0.013115656321715628,0.5009441216962527
5.0,0.75,0.75,choice_only,standard,0.19892455787410304,0.38666666666666666,-0.6919152820767185,0.682,-0.013871054396281815,0.5009441216962527
5.0,0.75,0.75,inference_affirm,partial,0.21182305888850544,0.38666666666666666,-0.6919890014218552,0.6736666666666667,-0.0074218038890806045,0.5334497918839521
5.0,0.75,0.75,inference_affirm,projected,0.18374524696106412,0.3766666666666667,-0.691630214788024,0.6799999999999999,-0.03146070985280128,0.5334497918839521
5.0,0.75,0.75,inference_affirm,standard,0.1837669093243465,0.3766666666666667,-0.6921140644898764,0.6623333333333333,-0.03144987867116008,0.5334497918839521
5.0,0.75,0.75,inference_categories,partial,0.2371826076973883,0.4,-0.6918678506532155,0.6940000000000001,0.018591303848694157,0.5018161858366884
5.0,0.75,0.75,inference_categories,projected,0.2504737679803411,0.39666666666666667,-0.6914177808615197,0.7100000000000001,0.021903550656837214,0.5018161858366884
5.0,0.75,0.75,inference_categories,standard,0.24972396356508003,0.39666666666666667,-0.6919585926478928,0.6836666666666666,0.02152864844920668,0.5018161858366884
5.0,0.75,1.0,choice_only,partial,0.2004353540232354,0.38666666666666666,-0.6913005009749725,0.7203333333333333,-0.013115656321715628,0.5009441216962527
5.0,0.75,1.0,choice_only,projected,0.2004353540232354,0.38666666666666666,-0.6913005009749725,0.7203333333333333,-0.013115656321715628,0.5009441216962527
5.0,0.75,1.0,choice_only,standard,0.19892455787410304,0.38666666666666666,-0.6919152820767185,0.682,-0.013871054396281815,0.5009441216962527
5.0,0.75,1.0,inference_affirm,partial,0.21962495255801745,0.39666666666666667,-0.6921085657102747,0.6623333333333333,0.006479142945675391,0.5523698142794397
5.0,0.75,1.0,inference_affirm,projected,0.18374524696106412,0.3766666666666667,-0.691630214788024,0.6799999999999999,-0.03146070985280128,0.5523698142794397
5.0,0.75,1.0,inference_affirm,standard,0.1837669093243465,0.3766666666666667,-0.6921140644898764,0.6623333333333333,-0.03144987867116008,0.5523698142794397
5.0,0.75,1.0,inference_categories,partial,0.22046711142774653,0.41000000000000003,-0.6920158253738963,0.6783333333333333,0.02023355571387327,0.5028890542231045
5.0,0.75,1.0,inference_categories,projected,0.2504737679803411,0.39666666666666667,-0.6914177808615197,0.7100000000000001,0.021903550656837214,0.5028890542231045
5.0,0.75,1.0,inference_categories,standard,0.24972396356508003,0.39666666666666667,-0.6919585926478928,0.6836666666666666,0.02152864844920668,0.5028890542231045
5.0,1.0,0.0,choice_only,partial,0.2004353540232354,0.38666666666666666,-0.6913005009749725,0.7203333333333333,-0.013115656321715628,0.5009441216962527
5.0,1.0,0.0,choice_only,projected,0.2004353540232354,0.38666666666666666,-0.6913005009749725,0.7203333333333333,-0.013115656321715628,0.5009441216962527
5.0,1.0,0.0,choice_only,standard,0.19892455787410304,0.38666666666666666,-0.6919152820767185,0.682,-0.013871054396281815,0.5009441216962527
5.0,1.0,0.0,inference_affirm,partial,0.18374524696106412,0.3766666666666667,-0.691630214788024,0.6799999999999999,-0.03146070985280128,0.4999864665299396
5.0,1.0,0.0,inference_affirm,projected,0.18374524696106412,0.3766666666666667,-0.691630214788024,0.6799999999999999,-0.03146070985280128,0.4999864665299396
5.0,1.0,0.0,inference_affirm,standard,0.1837669093243465,0.3766666666666667,-0.6921140644898764,0.6623333333333333,-0.03144987867116008,0.4999864665299396
5.0,1.0,0.0,inference_categories,partial,0.2504737679803411,0.39666666666666667,-0.6914177808615197,0.7100000000000001,0.021903550656837214,0.5004685042990588
5.0,1.0,0.0,inference_categories,projected,0.2504737679803411,0.39666666666666667,-0.6914177808615197,0.7100000000000001,0.021903550656837214,0.5004685042990588
5.0,1.0,0.0,inference_categories,standard,0.24972396356508003,0.39666666666666667,-0.6919585926478928,0.6836666666666666,0.02152864844920668,0.5004685042990588
5.0,1.0,0.25,choice_only,partial,0.2004353540232354,0.38666666666666666,-0.6913005009749725,0.7203333333333333,-0.013115656321715628,0.5009441216962527
5.0,1.0,0.25,choice_only,projected,0.2004353540232354,0.38666666666666666,-0.6913005009749725,0.7203333333333333,-0.013115656321715628,0.5009441216962527
5.0,1.0,0.25,choice_only,standard,0.19892455787410304,0.38666666666666666,-0.6919152820767185,0.682,-0.013871054396281815,0.5009441216962527
5.0,1.0,0.25,inference_affirm,partial,0.20173092411258894,0.39333333333333337,-0.6917426596833902,0.6799999999999999,-0.005801204610372199,0.5304269859796696
5.0,1.0,0.25,inference_affirm,projected,0.18374524696106412,0.3766666666666667,-0.691630214788024,0.6799999999999999,-0.03146070985280128,0.5304269859796696
5.0,1.0,0.25,inference_affirm,standard,0.1837669093243465,0.3766666666666667,-0.6921140644898764,0.6623333333333333,-0.03144987867116008,0.5304269859796696
5.0,1.0,0.25,inference_categories,partial,0.25678839530791014,0.39666666666666667,-0.6915648032030681,0.7176666666666667,0.025060864320621733,0.5056162862446115
5.0,1.0,0.25,inference_categories,projected,0.2504737679803411,0.39666666666666667,-0.6914177808615197,0.7100000000000001,0.021903550656837214,0.5056162862446115
5.0,1.0,0.25,inference_categories,standard,0.24972396356508003,0.39666666666666667,-0.6919585926478928,0.6836666666666666,0.02152864844920668,0.5056162862446115
5.0,1.0,0.5,choice_only,partial,0.2004353540232354,0.38666666666666666,-0.6913005009749725,0.7203333333333333,-0.013115656321715628,0.5009441216962527
5.0,1.0,0.5,choice_only,projected,0.2004353540232354,0.38666666666666666,-0.6913005009749725,0.7203333333333333,-0.013115656321715628,0.5009441216962527
5.0,1.0,0.5,choice_only,standard,0.19892455787410304,0.38666666666666666,-0.6919152820767185,0.682,-0.013871054396281815,0.5009441216962527
5.0,1.0,0.5,inference_affirm,partial,0.20819561416018464,0.38,-0.6918570518385232,0.6823333333333333,-0.015902192919907684,0.5239710052018544
5.0,1.0,0.5,inference_affirm,projected,0.18374524696106412,0.3766666666666667,-0.691630214788024,0.6799999999999999,-0.03146070985280128,0.5239710052018544
5.0,1.0,0.5,inference_affirm,standard,0.1837669093243465,0.3766666666666667,-0.6921140644898764,0.6623333333333333,-0.03144987867116008,0.5239710052018544
5.0,1.0,0.5,inference_categories,partial,0.2488579946826306,0.39666666666666667,-0.6917148553448115,0.7066666666666667,0.02109566400798196,0.5051644028532549
5.0,1.0,0.5,inference_categories,projected,0.2504737679803411,0.39666666666666667,-0.6914177808615197,0.7100000000000001,0.021903550656837214,0.5051644028532549
5.0,1.0,0.5,inference_categories,standard,0.24972396356508003,0.39666666666666667,-0.6919585926478928,0.6836666666666666,0.02152864844920668,0.5051644028532549
5.0,1.0,0.75,choice_only,partial,0.2004353540232354,0.38666666666666666,-0.6913005009749725,0.7203333333333333,-0.013115656321715628,0.5009441216962527
5.0,1.0,0.75,choice_only,projected,0.2004353540232354,0.38666666666666666,-0.6913005009749725,0.7203333333333333,-0.013115656321715628,0.5009441216962527
5.0,1.0,0.75,choice_only,standard,0.19892455787410304,0.38666666666666666,-0.6919152820767185,0.682,-0.013871054396281815,0.5009441216962527
5.0,1.0,0.75,inference_affirm,partial,0.21334581667687136,0.39333333333333337,-0.6919712982127032,0.6713333333333333,6.241671769012062e-06,0.5448120388963922
5.0,1.0,0.75,inference_affirm,projected,0.18374524696106412,0.3766666666666667,-0.691630214788024,0.6799999999999999,-0.03146070985280128,0.5448120388963922
5.0,1.0,0.75,inference_affirm,standard,0.1837669093243465,0.3766666666666667,-0.6921140644898764,0.6623333333333333,-0.03144987867116008,0.5448120388963922
5.0,1.0,0.75,inference_categories,partial,0.22790531280071663,0.4066666666666666,-0.6918632687999858,0.6863333333333334,0.020619323067024985,0.5026551966110087
5.0,1.0,0.75,inference_categories,projected,0.2504737679803411,0.39666666666666667,-0.6914177808615197,0.7100000000000001,0.021903550656837214,0.5026551966110087
5.0,1.0,0.75,inference_categories,standard,0.24972396356508003,0.39666666666666667,-0.6919585926478928,0.6836666666666666,0.02152864844920668,0.5026551966110087
5.0,1.0,1.0,choice_only,partial,0.2004353540232354,0.38666666666666666,-0.6913005009749725,0.7203333333333333,-0.013115656321715628,0.5009441216962527
5.0,1.0,1.0,choice_only,projected,0.2004353540232354,0.38666666666666666,-0.6913005009749725,0.7203333333333333,-0.013115656321715628,0.5009441216962527
5.0,1.0,1.0,choice_only,standard,0.19892455787410304,0.38666666666666666,-0.6919152820767185,0.682,-0.013871054396281815,0.5009441216962527
5.0,1.0,1.0,inference_affirm,partial,0.22643681738409424,0.4033333333333333,-0.6920837245363363,0.657,0.016551742025380452,0.5663683797243281
5.0,1.0,1.0,inference_affirm,projected,0.18374524696106412,0.3766666666666667,-0.691630214788024,0.6799999999999999,-0.03146070985280128,0.5663683797243281
5.0,1.0,1.0,inference_affirm,standard,0.1837669093243465,0.3766666666666667,-0.6921140644898764,0.6623333333333333,-0.03144987867116008,0.5663683797243281
5.0,1.0,1.0,inference_categories,partial,0.1951911253824326,0.4066666666666666,-0.6920063974991952,0.6649999999999999,0.004262229357882955,0.48862475363016755
5.0,1.0,1.0,inference_categories,projected,0.2504737679803411,0.39666666666666667,-0.6914177808615197,0.7100000000000001,0.021903550656837214,0.48862475363016755
5.0,1.0,1.0,inference_categories,standard,0.24972396356508003,0.39666666666666667,-0.6919585926478928,0.6836666666666666,0.02152864844920668,0.48862475363016755
5.0,1.25,0.0,choice_only,partial,0.2004353540232354,0.38666666666666666,-0.6913005009749725,0.7203333333333333,-0.013115656321715628,0.5009441216962527
5.0,1.25,0.0,choice_only,projected,0.2004353540232354,0.38666666666666666,-0.6913005009749725,0.7203333333333333,-0.013115656321715628,0.5009441216962527
5.0,1.25,0.0,choice_only,standard,0.19892455787410304,0.38666666666666666,-0.6919152820767185,0.682,-0.013871054396281815,0.5009441216962527
5.0,1.25,0.0,inference_affirm,partial,0.18374524696106412,0.3766666666666667,-0.691630214788024,0.6799999999999999,-0.03146070985280128,0.4999864665299396
5.0,1.25,0.0,inference_affirm,projected,0.18374524696106412,0.3766666666666667,-0.691630214788024,0.6799999999999999,-0.03146070985280128,0.4999864665299396
5.0,1.25,0.0,inference_affirm,standard,0.1837669093243465,0.3766666666666667,-0.6921140644898764,0.6623333333333333,-0.03144987867116008,0.4999864665299396
5.0,1.25,0.0,inference_categories,partial,0.2504737679803411,0.39666666666666667,-0.6914177808615197,0.7100000000000001,0.021903550656837214,0.5004685042990588
5.0,1.25,0.0,inference_categories,projected,0.2504737679803411,0.39666666666666667,-0.6914177808615197,0.7100000000000001,0.021903550656837214,0.5004685042990588
5.0,1.25,0.0,inference_categories,standard,0.24972396356508003,0.39666666666666667,-0.6919585926478928,0.6836666666666666,0.02152864844920668,0.5004685042990588
5.0,1.25,0.25,choice_only,partial,0.2004353540232354,0.38666666666666666,-0.6913005009749725,0.7203333333333333,-0.013115656321715628,0.5009441216962527
5.0,1.25,0.25,choice_only,projected,0.2004353540232354,0.38666666666666666,-0.6913005009749725,0.7203333333333333,-0.013115656321715628,0.5009441216962527
5.0,1.25,0.25,choice_only,standard,0.19892455787410304,0.38666666666666666,-0.6919152820767185,0.682,-0.013871054396281815,0.5009441216962527
5.0,1.25,0.25,inference_affirm,partial,0.20004866127267212,0.38999999999999996,-0.6917368992138665,0.6806666666666668,-0.009975669363663935,0.5262095301954043
5.0,1.25,0.25,inference_affirm,projected,0.18374524696106412,0.3766666666666667,-0.691630214788024,0.6799999999999999,-0.03146070985280128,0.5262095301954043
5.0,1.25,0.25,inference_affirm,standard,0.1837669093243465,0.3766666666666667,-0.6921140644898764,0.6623333333333333,-0.03144987867116008,0.5262095301954043
5.0,1.25,0.25,inference_categories,partial,0.25471229281489843,0.39666666666666667,-0.6915637251618401,0.7156666666666667,0.024022813074115877,0.5042975763288088
5.0,1.25,0.25,inference_categories,projected,0.2504737679803411,0.39666666666666667,-0.6914177808615197,0.7100000000000001,0.021903550656837214,0.5042975763288088
5.0,1.25,0.25,inference_categories,standard,0.24972396356508003,0.39666666666666667,-0.6919585926478928,0.6836666666666666,0.02152864844920668,0.5042975763288088
5.0,1.25,0.5,choice_only,partial,0.2004353540232354,0.38666666666666666,-0.6913005009749725,0.7203333333333333,-0.013115656321715628,0.5009441216962527
5.0,1.25,0.5,choice_only,projected,0.2004353540232354,0.38666666666666666,-0.6913005009749725,0.7203333333333333,-0.013115656321715628,0.5009441216962527
5.0,1.25,0.5,choice_only,standard,0.19892455787410304,0.38666666666666666,-0.6919152820767185,0.682,-0.013871054396281815,0.5009441216962527
5.0,1.25,0.5,inference_affirm,partial,0.2067440045655427,0.38333333333333336,-0.6918458280369422,0.675,-0.013294664383895318,0.52779783815205
5.0,1.25,0.5,inference_affirm,projected,0.18374524696106412,0.3766666666666667,-0.691630214788024,0.6799999999999999,-0.03146070985280128,0.52779783815205
5.0,1.25,0.5,inference_affirm,standard,0.1837669093243465,0.3766666666666667,-0.6921140644898764,0.6623333333333333,-0.03144987867116008,0.52779783815205
5.0,1.25,0.5,inference_categories,partial,0.2317637758829124,0.39333333333333337,-0.6917128967304947,0.6976666666666667,0.009215221274789532,0.4938641984415943
5.0,1.25,0.5,inference_categories,projected,0.2504737679803411,0.39666666666666667,-0.6914177808615197,0.7100000000000001,0.021903550656837214,0.4938641984415943
5.0,1.25,0.5,inference_categories,standard,0.24972396356508003,0.39666666666666667,-0.6919585926478928,0.6836666666666666,0.02152864844920668,0.4938641984415943
5.0,1.25,0.75,choice_only,partial,0.2004353540232354,0.38666666666666666,-0.6913005009749725,0.7203333333333333,-0.013115656321715628,0.5009441216962527
5.0,1.25,0.75,choice_only,projected,0.2004353540232354,0.38666666666666666,-0.6913005009749725,0.7203333333333333,-0.013115656321715628,0.5009441216962527
5.0,1.25,0.75,choice_only,standard,0.19892455787410304,0.38666666666666666,-0.6919152820767185,0.682,-0.013871054396281815,0.5009441216962527
5.0,1.25,0.75,inference_affirm,partial,0.21493879307548178,0.39666666666666667,-0.6919539822584974,0.6616666666666667,0.00413606320440755,0.5521285538159675
5.0,1.25,0.75,inference_affirm,projected,0.18374524696106412,0.3766666666666667,-0.691630214788024,0.6799999999999999,-0.03146070985280128,0.5521285538159675
5.0,1.25,0.75,inference_affirm,standard,0.1837669093243465,0.3766666666666667,-0.6921140644898764,0.6623333333333333,-0.03144987867116008,0.5521285538159675
5.0,1.25,0.75,inference_categories,partial,0.2027664238789855,0.4,-0.6918585064208805,0.6756666666666666,0.0013832119394927317,0.4874240310044319
5.0,1.25,0.75,inference_categories,projected,0.2504737679803411,0.39666666666666667,-0.6914177808615197,0.7100000000000001,0.021903550656837214,0.4874240310044319
5.0,1.25,0.75,inference_categories,standard,0.24972396356508003,0.39666666666666667,-0.6919585926478928,0.6836666666666666,0.02152864844920668,0.4874240310044319
5.0,1.25,1.0,choice_only,partial,0.2004353540232354,0.38666666666666666,-0.6913005009749725,0.7203333333333333,-0.013115656321715628,0.5009441216962527
5.0,1.25,1.0,choice_only,projected,0.2004353540232354,0.38666666666666666,-0.6913005009749725,0.7203333333333333,-0.013115656321715628,0.5009441216962527
5.0,1.25,1.0,choice_only,standard,0.19892455787410304,0.38666666666666666,-0.6919152820767185,0.682,-0.013871054396281815,0.5009441216962527
5.0,1.25,1.0,inference_affirm,partial,0.22454658758796261,0.41333333333333333,-0.6920593279753845,0.65,0.02560662712731465,0.5752351293261173
5.0,1.25,1.0,inference_affirm,projected,0.18374524696106412,0.3766666666666667,-0.691630214788024,0.6799999999999999,-0.03146070985280128,0.5752351293261173
5.0,1.25,1.0,inference_affirm,standard,0.1837669093243465,0.3766666666666667,-0.6921140644898764,0.6623333333333333,-0.03144987867116008,0.5752351293261173
5.0,1.25,1.0,inference_categories,partial,0.1763438486825072,0.39666666666666667,-0.6919959873202381,0.6566666666666666,-0.015161408992079736,0.4740490660173308
5.0,1.25,1.0,inference_categories,projected,0.2504737679803411,0.39666666666666667,-0.6914177808615197,0.7100000000000001,0.021903550656837214,0.4740490660173308
5.0,1.25,1.0,inference_categories,standard,0.24972396356508003,0.39666666666666667,-0.6919585926478928,0.6836666666666666,0.02152864844920668,0.4740490660173308
5.0,1.5,0.0,choice_only,partial,0.2004353540232354,0.38666666666666666,-0.6913005009749725,0.7203333333333333,-0.013115656321715628,0.5009441216962527
5.0,1.5,0.0,choice_only,projected,0.2004353540232354,0.38666666666666666,-0.6913005009749725,0.7203333333333333,-0.013115656321715628,0.5009441216962527
5.0,1.5,0.0,choice_only,standard,0.19892455787410304,0.38666666666666666,-0.6919152820767185,0.682,-0.013871054396281815,0.5009441216962527
5.0,1.5,0.0,inference_affirm,partial,0.18374524696106412,0.3766666666666667,-0.691630214788024,0.6799999999999999,-0.03146070985280128,0.4999864665299396
5.0,1.5,0.0,inference_affirm,projected,0.18374524696106412,0.3766666666666667,-0.691630214788024,0.6799999999999999,-0.03146070985280128,0.4999864665299396
5.0,1.5,0.0,inference_affirm,standard,0.1837669093243465,0.3766666666666667,-0.6921140644898764,0.6623333333333333,-0.03144987867116008,0.4999864665299396
5.0,1.5,0.0,inference_categories,partial,0.2504737679803411,0.39666666666666667,-0.6914177808615197,0.7100000000000001,0.021903550656837214,0.5004685042990588
5.0,1.5,0.0,inference_categories,projected,0.2504737679803411,0.39666666666666667,-0.6914177808615197,0.7100000000000001,0.021903550656837214,0.5004685042990588
5.0,1.5,0.0,inference_categories,standard,0.24972396356508003,0.39666666666666667,-0.6919585926478928,0.6836666666666666,0.02152864844920668,0.5004685042990588
5.0,1.5,0.25,choice_only,partial,0.2004353540232354,0.38666666666666666,-0.6913005009749725,0.7203333333333333,-0.013115656321715628,0.5009441216962527
5.0,1.5,0.25,choice_only,projected,0.2004353540232354,0.38666666666666666,-0.6913005009749725,0.7203333333333333,-0.013115656321715628,0.5009441216962527
5.0,1.5,0.25,choice_only,standard,0.19892455787410304,0.38666666666666666,-0.6919152820767185,0.682,-0.013871054396281815,0.5009441216962527
5.0,1.5,0.25,inference_affirm,partial,0.20280122976308163,0.38666666666666666,-0.6917312664152263,0.6803333333333333,-0.011932718451792518,0.5238955140734561
5.0,1.5,0.25,inference_affirm,projected,0.18374524696106412,0.3766666666666667,-0.691630214788024,0.6799999999999999,-0.03146070985280128,0.5238955140734561
5.0,1.5,0.25,inference_affirm,standard,0.1837669093243465,0.3766666666666667,-0.6921140644898764,0.6623333333333333,-0.03144987867116008,0.5238955140734561
5.0,1.5,0.25,inference_categories,partial,0.24795867031426558,0.39333333333333337,-0.6915628096998724,0.7140000000000001,0.01731266849046613,0.49745510557715894
5.0,1.5,0.25,inference_categories,projected,0.2504737679803411,0.39666666666666667,-0.6914177808615197,0.7100000000000001,0.021903550656837214,0.49745510557715894
5.0,1.5,0.25,inference_categories,standard,0.24972396356508003,0.39666666666666667,-0.6919585926478928,0.6836666666666666,0.02152864844920668,0.49745510557715894
5.0,1.5,0.5,choice_only,partial,0.2004353540232354,0.38666666666666666,-0.6913005009749725,0.7203333333333333,-0.013115656321715628,0.5009441216962527
5.0,1.5,0.5,choice_only,projected,0.2004353540232354,0.38666666666666666,-0.6913005009749725,0.7203333333333333,-0.013115656321715628,0.5009441216962527
5.0,1.5,0.5,choice_only,standard,0.19892455787410304,0.38666666666666666,-0.6919152820767185,0.682,-0.013871054396281815,0.5009441216962527
5.0,1.5,0.5,inference_affirm,partial,0.20820223516744762,0.38999999999999996,-0.6918349030607609,0.6733333333333333,-0.005898882416276192,0.5370013645453854
5.0,1.5,0.5,inference_affirm,projected,0.18374524696106412,0.3766666666666667,-0.691630214788024,0.6799999999999999,-0.03146070985280128,0.5370013645453854
5.0,1.5,0.5,inference_affirm,standard,0.1837669093243465,0.3766666666666667,-0.6921140644898764,0.6623333333333333,-0.03144987867116008,0.5370013645453854
5.0,1.5,0.5,inference_categories,partial,0.2171306570240814,0.39333333333333337,-0.6917111050907957,0.6950000000000001,0.0018986618453740417,0.4852856421858297
5.0,1.5,0.5,inference_categories,projected,0.2504737679803411,0.39666666666666667,-0.6914177808615197,0.7100000000000001,0.021903550656837214,0.4852856421858297
5.0,1.5,0.5,inference_categories,standard,0.24972396356508003,0.39666666666666667,-0.6919585926478928,0.6836666666666666,0.02152864844920668,0.4852856421858297
5.0,1.5,0.75,choice_only,partial,0.2004353540232354,0.38666666666666666,-0.6913005009749725,0.7203333333333333,-0.013115656321715628,0.5009441216962527
5.0,1.5,0.75,choice_only,projected,0.2004353540232354,0.38666666666666666,-0.6913005009749725,0.7203333333333333,-0.013115656321715628,0.5009441216962527
5.0,1.5,0.75,choice_only,standard,0.19892455787410304,0.38666666666666666,-0.6919152820767185,0.682,-0.013871054396281815,0.5009441216962527
5.0,1.5,0.75,inference_affirm,partial,0.20669620086055357,0.4033333333333333,-0.6919370972816126,0.661,0.006681433763610109,0.556359938083609
5.0,1.5,0.75,inference_affirm,projected,0.18374524696106412,0.3766666666666667,-0.691630214788024,0.6799999999999999,-0.03146070985280128,0.556359938083609
5.0,1.5,0.75,inference_affirm,standard,0.1837669093243465,0.3766666666666667,-0.6921140644898764,0.6623333333333333,-0.03144987867116008,0.556359938083609
5.0,1.5,0.75,inference_categories,partial,0.19148490427649206,0.39666666666666667,-0.6918534741947721,0.6663333333333334,-0.0075908811950872995,0.4816814991433996
5.0,1.5,0.75,inference_categories,projected,0.2504737679803411,0.39666666666666667,-0.6914177808615197,0.7100000000000001,0.021903550656837214,0.4816814991433996
5.0,1.5,0.75,inference_categories,standard,0.24972396356508003,0.39666666666666667,-0.6919585926478928,0.6836666666666666,0.02152864844920668,0.4816814991433996
5.0,1.5,1.0,choice_only,partial,0.2004353540232354,0.38666666666666666,-0.6913005009749725,0.7203333333333333,-0.013115656321715628,0.5009441216962527
5.0,1.5,1.0,choice_only,projected,0.2004353540232354,0.38666666666666666,-0.6913005009749725,0.7203333333333333,-0.013115656321715628,0.5009441216962527
5.0,1.5,1.0,choice_only,standard,0.19892455787410304,0.38666666666666666,-0.6919152820767185,0.682,-0.013871054396281815,0.5009441216962527
5.0,1.5,1.0,inference_affirm,partial,0.21458013767430548,0.41,-0.6920357068669154,0.6443333333333333,0.017290068837152728,0.5687628122509355
5.0,1.5,1.0,inference_affirm,projected,0.18374524696106412,0.3766666666666667,-0.691630214788024,0.6799999999999999,-0.03146070985280128,0.5687628122509355
5.0,1.5,1.0,inference_affirm,standard,0.1837669093243465,0.3766666666666667,-0.6921140644898764,0.6623333333333333,-0.03144987867116008,0.5687628122509355
5.0,1.5,1.0,inference_categories,partial,0.16600211592323236,0.39333333333333337,-0.6919848048939465,0.65,-0.02366560870505051,0.4689284944864182
5.0,1.5,1.0,inference_categories,projected,0.2504737679803411,0.39666666666666667,-0.6914177808615197,0.7100000000000001,0.021903550656837214,0.4689284944864182
5.0,1.5,1.0,inference_categories,standard,0.24972396356508003,0.39666666666666667,-0.6919585926478928,0.6836666666666666,0.02152864844920668,0.4689284944864182
